$GNGGA,193946.000,3859.9991,N,11613.9800,E,1,12,0.73,-4.3,M,-6.8,M,,*46
$PAIRACC,3.30,10.63*7F
$GNGLL,3859.9991,N,11613.9800,E,193946.000,A,A*4D
$GNGSA,A,3,29,21,02,30,,,,,,,,,1.41,0.73,1.21,1*0A
$GNGSA,A,3,84,68,82,69,,,,,,,,,1.41,0.73,1.21,2*07
$GNGSA,A,3,,,,,,,,,,,,,1.41,0.73,1.21,3*01
$GNGSA,A,3,03,05,06,13,,,,,,,,,1.41,0.73,1.21,4*04
$GPGSV,2,1,06,26,45,127,,29,71,277,40.1,21,27,294,39.5,02,22,092,40.1,1*7E
$GPGSV,2,2,06,30,16,228,39.5,27,01,095,,1*77
$GLGSV,1,1,04,84,33,313,40.2,68,54,018,40.2,82,14,191,40.2,69,11,069,39.8,1*75
$GAGSV,1,1,00,7*73
$GBGSV,1,1,04,03,45,191,38.5,05,16,249,39.2,06,10,165,39.9,13,07,055,39.5,1*7E
$GNRMC,193946.000,A,3859.9991,N,11613.9800,E,0.01,356.54,280612,,,A,V*0F
$GNVTG,356.54,T,,M,0.01,N,0.03,K,A*20
$GNZDA,193946.000,28,06,2012,,*45
$GNGGA,193947.000,3859.9991,N,11613.9801,E,1,12,0.73,-4.3,M,-6.8,M,,*46
$PAIRACC,3.32,10.15*7C
$GNGLL,3859.9991,N,11613.9801,E,193947.000,A,A*4D
$GNGSA,A,3,02,21,29,30,,,,,,,,,1.41,0.73,1.21,1*0A
$GNGSA,A,3,68,84,82,69,,,,,,,,,1.41,0.73,1.21,2*07
$GNGSA,A,3,,,,,,,,,,,,,1.41,0.73,1.21,3*01
$GNGSA,A,3,03,05,06,13,,,,,,,,,1.41,0.73,1.21,4*04
$GPGSV,2,1,07,02,22,092,40.0,26,45,127,,21,27,294,39.9,29,71,277,39.7,1*7A
$GPGSV,2,2,07,30,16,228,39.9,05,04,206,,27,01,095,,1*4F
$GLGSV,1,1,04,68,54,018,39.5,84,33,313,40.2,82,14,191,39.9,69,11,069,40.1,1*7E
$GAGSV,1,1,00,7*73
$GBGSV,1,1,04,03,45,191,39.5,05,16,249,39.3,06,10,165,39.7,13,07,055,39.6,1*73
$GNRMC,193947.000,A,3859.9991,N,11613.9801,E,0.01,359.39,280612,,,A,V*0B
$GNVTG,359.39,T,,M,0.01,N,0.03,K,A*24
$GNZDA,193947.000,28,06,2012,,*44
$GNGGA,193948.000,3859.9991,N,11613.9801,E,1,12,0.73,-4.3,M,-6.8,M,,*49
$PAIRACC,3.32,10.68*76
$GNGLL,3859.9991,N,11613.9801,E,193948.000,A,A*42
$GNGSA,A,3,02,21,29,30,,,,,,,,,1.41,0.73,1.21,1*0A
$GNGSA,A,3,68,84,82,69,,,,,,,,,1.41,0.73,1.21,2*07
$GNGSA,A,3,,,,,,,,,,,,,1.41,0.73,1.21,3*01
$GNGSA,A,3,03,05,06,13,,,,,,,,,1.41,0.73,1.21,4*04
$GPGSV,2,1,07,02,22,092,39.7,26,45,127,,21,27,294,39.3,29,71,277,39.9,1*77
$GPGSV,2,2,07,30,16,228,39.6,05,04,206,,27,01,095,,1*40
$GLGSV,1,1,04,68,54,018,40.3,84,33,313,40.3,82,14,191,40.1,69,11,069,40.0,1*70
$GAGSV,1,1,00,7*73
$GBGSV,1,1,04,03,45,191,39.0,05,16,249,39.3,06,10,165,39.3,13,07,055,39.7,1*73
$GNRMC,193948.000,A,3859.9991,N,11613.9801,E,0.01,350.19,280612,,,A,V*0F
$GNVTG,350.19,T,,M,0.01,N,0.03,K,A*2F
$GNZDA,193948.000,28,06,2012,,*4B
$GNGGA,193949.000,3859.9991,N,11613.9801,E,1,12,0.73,-4.3,M,-6.8,M,,*48
$PAIRACC,3.34,10.20*7C
$GNGLL,3859.9991,N,11613.9801,E,193949.000,A,A*43
$GNGSA,A,3,02,21,29,30,,,,,,,,,1.41,0.73,1.21,1*0A
$GNGSA,A,3,68,84,82,69,,,,,,,,,1.41,0.73,1.21,2*07
$GNGSA,A,3,,,,,,,,,,,,,1.41,0.73,1.21,3*01
$GNGSA,A,3,03,05,06,13,,,,,,,,,1.41,0.73,1.21,4*04
$GPGSV,2,1,07,02,22,092,39.8,26,45,127,,21,27,294,39.7,29,71,277,39.9,1*7C
$GPGSV,2,2,07,30,16,228,40.0,05,04,206,,27,01,095,,1*48
$GLGSV,1,1,04,68,54,018,40.4,84,33,313,40.0,82,14,191,39.7,69,11,069,40.0,1*7C
$GAGSV,1,1,00,7*73
$GBGSV,1,1,04,03,45,191,38.8,05,16,249,39.7,06,10,165,39.8,13,07,055,39.8,1*7A
$GNRMC,193949.000,A,3859.9991,N,11613.9801,E,0.01,351.81,280612,,,A,V*0E
$GNVTG,351.81,T,,M,0.01,N,0.03,K,A*2F
$GNZDA,193949.000,28,06,2012,,*4A
$GNGGA,193950.000,3859.9991,N,11613.9801,E,1,12,0.73,-4.3,M,-6.8,M,,*40
$PAIRACC,3.33,10.72*7C
$GNGLL,3859.9991,N,11613.9801,E,193950.000,A,A*4B
$GNGSA,A,3,02,21,29,30,,,,,,,,,1.41,0.73,1.21,1*0A
$GNGSA,A,3,68,84,82,69,,,,,,,,,1.41,0.73,1.21,2*07
$GNGSA,A,3,,,,,,,,,,,,,1.41,0.73,1.21,3*01
$GNGSA,A,3,03,05,06,13,,,,,,,,,1.41,0.73,1.21,4*04
$GPGSV,2,1,07,02,22,092,40.2,26,45,127,,21,27,294,39.4,29,71,277,39.8,1*7A
$GPGSV,2,2,07,30,16,228,40.1,05,04,206,,27,01,095,,1*49
$GLGSV,1,1,04,68,54,018,39.9,84,33,313,40.0,82,14,191,40.4,69,11,069,39.9,1*75
$GAGSV,1,1,00,7*73
$GBGSV,1,1,04,03,45,191,39.3,05,16,249,39.6,06,10,165,39.6,13,07,055,40.0,1*79
$GNRMC,193950.000,A,3859.9991,N,11613.9801,E,0.01,350.98,280612,,,A,V*0F
$GNVTG,350.98,T,,M,0.01,N,0.03,K,A*26
$GNZDA,193950.000,28,06,2012,,*42
$GNGGA,193951.000,3859.9992,N,11613.9801,E,1,12,0.73,-4.3,M,-6.8,M,,*42
$PAIRACC,3.35,10.23*7E
$GNGLL,3859.9992,N,11613.9801,E,193951.000,A,A*49
$GNGSA,A,3,02,21,29,30,,,,,,,,,1.41,0.73,1.21,1*0A
$GNGSA,A,3,68,84,82,69,,,,,,,,,1.41,0.73,1.21,2*07
$GNGSA,A,3,,,,,,,,,,,,,1.41,0.73,1.21,3*01
$GNGSA,A,3,03,05,06,13,,,,,,,,,1.41,0.73,1.21,4*04
$GPGSV,2,1,07,02,22,092,39.8,26,45,127,,21,27,294,39.7,29,71,277,40.2,1*79
$GPGSV,2,2,07,30,16,228,39.6,05,04,206,,27,01,095,,1*40
$GLGSV,1,1,04,68,54,018,39.8,84,33,313,39.8,82,14,191,40.0,69,11,069,39.8,1*77
$GAGSV,1,1,00,7*73
$GBGSV,1,1,04,03,45,191,39.1,05,16,249,39.8,06,10,165,39.5,13,07,055,39.2,1*7A
$GNRMC,193951.000,A,3859.9992,N,11613.9801,E,0.01,347.57,280612,,,A,V*08
$GNVTG,347.57,T,,M,0.01,N,0.03,K,A*23
$GNZDA,193951.000,28,06,2012,,*43
$GNGGA,193952.000,3859.9992,N,11613.9801,E,1,12,0.73,-4.3,M,-6.8,M,,*41
$PAIRACC,3.34,10.75*7C
$GNGLL,3859.9992,N,11613.9801,E,193952.000,A,A*4A
$GNGSA,A,3,02,21,29,30,,,,,,,,,1.41,0.73,1.21,1*0A
$GNGSA,A,3,68,84,82,69,,,,,,,,,1.41,0.73,1.21,2*07
$GNGSA,A,3,,,,,,,,,,,,,1.41,0.73,1.21,3*01
$GNGSA,A,3,03,05,06,13,,,,,,,,,1.41,0.73,1.21,4*04
$GPGSV,2,1,07,02,22,092,39.9,26,45,127,,21,27,294,39.5,29,71,277,39.7,1*71
$GPGSV,2,2,07,30,16,228,39.6,05,04,206,,27,01,095,,1*40
$GLGSV,1,1,04,68,54,018,40.0,84,33,313,39.9,82,14,191,40.0,69,11,069,40.0,1*76
$GAGSV,1,1,00,7*73
$GBGSV,1,1,04,03,45,191,38.9,05,16,249,39.6,06,10,165,39.9,13,07,055,39.5,1*76
$GNRMC,193952.000,A,3859.9992,N,11613.9801,E,0.01,351.81,280612,,,A,V*07
$GNVTG,351.81,T,,M,0.01,N,0.03,K,A*2F
$GNZDA,193952.000,28,06,2012,,*40
$GNGGA,193953.000,3859.9992,N,11613.9802,E,1,12,0.73,-4.3,M,-6.8,M,,*43
$PAIRACC,3.36,10.26*78
$GNGLL,3859.9992,N,11613.9802,E,193953.000,A,A*48
$GNGSA,A,3,02,21,29,30,,,,,,,,,1.41,0.73,1.21,1*0A
$GNGSA,A,3,68,84,82,69,,,,,,,,,1.41,0.73,1.21,2*07
$GNGSA,A,3,,,,,,,,,,,,,1.41,0.73,1.21,3*01
$GNGSA,A,3,03,05,06,13,,,,,,,,,1.41,0.73,1.21,4*04
$GPGSV,2,1,07,02,22,092,40.0,26,45,127,,21,27,294,39.9,29,71,277,39.8,1*75
$GPGSV,2,2,07,30,16,228,39.8,05,04,206,,27,01,095,,1*4E
$GLGSV,1,1,04,68,54,018,39.9,84,33,313,40.1,82,14,191,39.8,69,11,069,40.0,1*71
$GAGSV,1,1,00,7*73
$GBGSV,1,1,04,03,45,191,39.7,05,16,249,39.7,06,10,165,40.0,13,07,055,39.7,1*7D
$GNRMC,193953.000,A,3859.9992,N,11613.9802,E,0.01,346.03,280612,,,A,V*09
$GNVTG,346.03,T,,M,0.01,N,0.03,K,A*23
$GNZDA,193953.000,28,06,2012,,*41
$GNGGA,193954.000,3859.9992,N,11613.9802,E,1,12,0.73,-4.4,M,-6.8,M,,*43
$PAIRACC,3.35,10.78*70
$GNGLL,3859.9992,N,11613.9802,E,193954.000,A,A*4F
$GNGSA,A,3,02,21,29,30,,,,,,,,,1.41,0.73,1.21,1*0A
$GNGSA,A,3,68,84,82,69,,,,,,,,,1.41,0.73,1.21,2*07
$GNGSA,A,3,,,,,,,,,,,,,1.41,0.73,1.21,3*01
$GNGSA,A,3,03,05,06,13,,,,,,,,,1.41,0.73,1.21,4*04
$GPGSV,2,1,07,02,22,092,40.1,26,45,127,,21,27,294,39.5,29,71,277,39.9,1*79
$GPGSV,2,2,07,30,16,228,39.5,05,04,206,,27,01,095,,1*43
$GLGSV,1,1,04,68,54,018,40.2,84,33,313,40.0,82,14,191,40.0,69,11,069,40.1,1*72
$GAGSV,1,1,00,7*73
$GBGSV,1,1,04,03,45,191,39.3,05,16,249,39.4,06,11,165,39.9,13,07,055,39.6,1*7D
$GNRMC,193954.000,A,3859.9992,N,11613.9802,E,0.01,355.09,280612,,,A,V*06
$GNVTG,355.09,T,,M,0.01,N,0.03,K,A*2B
$GNZDA,193954.000,28,06,2012,,*46
$GNGGA,193955.000,3859.9992,N,11613.9802,E,1,12,0.73,-4.4,M,-6.8,M,,*42
$PAIRACC,3.38,10.29*79
$GNGLL,3859.9992,N,11613.9802,E,193955.000,A,A*4E
$GNGSA,A,3,02,21,29,30,,,,,,,,,1.41,0.73,1.21,1*0A
$GNGSA,A,3,68,84,82,69,,,,,,,,,1.41,0.73,1.21,2*07
$GNGSA,A,3,,,,,,,,,,,,,1.41,0.73,1.21,3*01
$GNGSA,A,3,03,05,06,13,,,,,,,,,1.41,0.73,1.21,4*04
$GPGSV,2,1,07,02,22,092,40.2,26,45,127,,21,27,294,39.7,29,71,277,40.2,1*7D
$GPGSV,2,2,07,30,16,228,40.2,05,04,206,,27,01,095,,1*4A
$GLGSV,1,1,04,68,54,018,39.9,84,33,313,39.9,82,14,191,39.8,69,11,069,39.8,1*71
$GAGSV,1,1,00,7*73
$GBGSV,1,1,04,03,45,191,39.0,05,16,249,39.3,06,11,165,40.0,13,07,055,40.0,1*76
$GNRMC,193955.000,A,3859.9992,N,11613.9802,E,0.01,353.73,280612,,,A,V*0C
$GNVTG,353.73,T,,M,0.01,N,0.03,K,A*20
$GNZDA,193955.000,28,06,2012,,*47
$GNGGA,193956.000,3859.9993,N,11613.9802,E,1,12,0.73,-4.4,M,-6.8,M,,*40
$PAIRACC,3.36,10.81*75
$GNGLL,3859.9993,N,11613.9802,E,193956.000,A,A*4C
$GNGSA,A,3,02,21,29,30,,,,,,,,,1.41,0.73,1.21,1*0A
$GNGSA,A,3,68,84,82,69,,,,,,,,,1.41,0.73,1.21,2*07
$GNGSA,A,3,,,,,,,,,,,,,1.41,0.73,1.21,3*01
$GNGSA,A,3,03,05,06,13,,,,,,,,,1.41,0.73,1.21,4*04
$GPGSV,2,1,07,02,22,092,40.2,26,45,127,,21,27,294,39.8,29,71,277,39.7,1*79
$GPGSV,2,2,07,30,16,228,39.8,05,04,206,,27,01,095,,1*4E
$GLGSV,1,1,04,68,54,018,40.4,84,33,313,39.8,82,14,191,40.2,69,11,069,40.3,1*72
$GAGSV,1,1,00,7*73
$GBGSV,1,1,04,03,45,191,39.2,05,16,249,39.4,06,11,165,39.9,13,07,055,39.8,1*72
$GNRMC,193956.000,A,3859.9993,N,11613.9802,E,0.01,355.28,280612,,,A,V*06
$GNVTG,355.28,T,,M,0.01,N,0.03,K,A*28
$GNZDA,193956.000,28,06,2012,,*44
$GNGGA,193957.000,3859.9993,N,11613.9802,E,1,12,0.73,-4.4,M,-6.8,M,,*41
$PAIRACC,3.39,10.32*72
$GNGLL,3859.9993,N,11613.9802,E,193957.000,A,A*4D
$GNGSA,A,3,02,21,29,30,,,,,,,,,1.41,0.73,1.21,1*0A
$GNGSA,A,3,68,84,82,69,,,,,,,,,1.41,0.73,1.21,2*07
$GNGSA,A,3,,,,,,,,,,,,,1.41,0.73,1.21,3*01
$GNGSA,A,3,03,05,06,13,,,,,,,,,1.41,0.73,1.21,4*04
$GPGSV,2,1,07,02,22,092,40.0,26,45,127,,21,27,294,39.6,29,71,277,40.0,1*7C
$GPGSV,2,2,07,30,16,228,39.8,05,04,206,,27,01,095,,1*4E
$GLGSV,1,1,04,68,54,018,40.5,84,33,313,40.0,82,14,191,40.0,69,11,069,40.1,1*75
$GAGSV,1,1,00,7*73
$GBGSV,1,1,04,03,45,191,39.3,05,16,249,39.5,06,11,165,39.6,13,07,055,39.5,1*70
$GNRMC,193957.000,A,3859.9993,N,11613.9802,E,0.01,355.90,280612,,,A,V*04
$GNVTG,355.90,T,,M,0.01,N,0.03,K,A*2B
$GNZDA,193957.000,28,06,2012,,*45
$GNGGA,193958.000,3859.9993,N,11613.9803,E,1,12,0.73,-4.4,M,-6.8,M,,*4F
$PAIRACC,3.37,10.84*71
$GNGLL,3859.9993,N,11613.9803,E,193958.000,A,A*43
$GNGSA,A,3,02,21,29,30,,,,,,,,,1.41,0.73,1.21,1*0A
$GNGSA,A,3,68,84,82,69,,,,,,,,,1.41,0.73,1.21,2*07
$GNGSA,A,3,,,,,,,,,,,,,1.41,0.73,1.21,3*01
$GNGSA,A,3,03,05,06,13,,,,,,,,,1.41,0.73,1.21,4*04
$GPGSV,2,1,07,02,22,092,39.9,26,45,127,,21,27,294,39.7,29,71,277,40.3,1*79
$GPGSV,2,2,07,30,16,228,40.0,05,04,206,,27,01,095,,1*48
$GLGSV,1,1,04,68,54,018,40.1,84,33,313,40.0,82,14,191,40.0,69,11,069,39.9,1*77
$GAGSV,1,1,00,7*73
$GBGSV,1,1,04,03,45,191,38.6,05,16,249,39.5,06,11,165,39.7,13,07,055,40.2,1*7C
$GNRMC,193958.000,A,3859.9993,N,11613.9803,E,0.01,355.83,280612,,,A,V*08
$GNVTG,355.83,T,,M,0.01,N,0.03,K,A*29
$GNZDA,193958.000,28,06,2012,,*4A
$GNGGA,193959.000,3859.9993,N,11613.9803,E,1,12,0.73,-4.4,M,-6.8,M,,*4E
$PAIRACC,3.40,10.34*7A
$GNGLL,3859.9993,N,11613.9803,E,193959.000,A,A*42
$GNGSA,A,3,02,21,29,30,,,,,,,,,1.41,0.73,1.21,1*0A
$GNGSA,A,3,68,84,82,69,,,,,,,,,1.41,0.73,1.21,2*07
$GNGSA,A,3,,,,,,,,,,,,,1.41,0.73,1.21,3*01
$GNGSA,A,3,03,05,06,13,,,,,,,,,1.41,0.73,1.21,4*04
$GPGSV,2,1,07,02,22,092,39.7,26,45,127,,21,27,294,39.6,29,71,277,39.9,1*72
$GPGSV,2,2,07,30,16,228,39.8,05,04,206,,27,01,095,,1*4E
$GLGSV,1,1,04,68,54,018,39.8,84,33,313,40.2,82,14,191,40.2,69,11,069,39.7,1*7E
$GAGSV,1,1,00,7*73
$GBGSV,1,1,04,03,45,191,39.8,05,16,249,39.8,06,11,165,39.9,13,07,055,39.8,1*74
$GNRMC,193959.000,A,3859.9993,N,11613.9803,E,0.01,357.64,280612,,,A,V*02
$GNVTG,357.64,T,,M,0.01,N,0.03,K,A*22
$GNZDA,193959.000,28,06,2012,,*4B
$GNGGA,194000.000,3859.9993,N,11613.9803,E,1,12,0.73,-4.4,M,-6.8,M,,*4C
$PAIRACC,3.38,10.86*7C
$GNGLL,3859.9993,N,11613.9803,E,194000.000,A,A*40
$GNGSA,A,3,02,21,29,30,,,,,,,,,1.41,0.73,1.21,1*0A
$GNGSA,A,3,68,84,82,69,,,,,,,,,1.41,0.73,1.21,2*07
$GNGSA,A,3,,,,,,,,,,,,,1.41,0.73,1.21,3*01
$GNGSA,A,3,03,05,06,13,,,,,,,,,1.41,0.73,1.21,4*04
$GPGSV,2,1,07,02,22,092,40.0,26,45,127,,21,27,294,40.0,29,71,277,40.0,1*74
$GPGSV,2,2,07,30,16,228,39.7,05,04,206,,27,01,095,,1*41
$GLGSV,1,1,04,68,54,018,40.2,84,33,313,40.2,82,14,191,40.0,69,11,069,40.3,1*72
$GAGSV,1,1,00,7*73
$GBGSV,1,1,04,03,45,191,39.0,05,16,249,39.3,06,11,165,39.5,13,07,055,39.3,1*70
$GNRMC,194000.000,A,3859.9993,N,11613.9803,E,0.01,349.31,280612,,,A,V*0F
$GNVTG,349.31,T,,M,0.01,N,0.03,K,A*2D
$GNZDA,194000.000,28,06,2012,,*49
$GNGGA,194001.000,3859.9994,N,11613.9803,E,1,12,0.73,-4.4,M,-6.8,M,,*4A
$PAIRACC,3.40,10.36*78
$GNGLL,3859.9994,N,11613.9803,E,194001.000,A,A*46
$GNGSA,A,3,02,21,29,30,,,,,,,,,1.41,0.73,1.21,1*0A
$GNGSA,A,3,68,84,82,69,,,,,,,,,1.41,0.73,1.21,2*07
$GNGSA,A,3,,,,,,,,,,,,,1.41,0.73,1.21,3*01
$GNGSA,A,3,03,05,06,13,,,,,,,,,1.41,0.73,1.21,4*04
$GPGSV,2,1,07,02,22,092,40.0,26,45,127,,21,27,294,40.2,29,71,277,40.0,1*76
$GPGSV,2,2,07,30,16,228,39.9,05,04,206,,27,01,095,,1*4F
$GLGSV,1,1,04,68,54,018,39.8,84,33,313,39.9,82,14,191,39.9,69,11,069,40.1,1*76
$GAGSV,1,1,00,7*73
$GBGSV,1,1,04,03,45,191,38.7,05,16,249,39.4,06,11,165,39.7,13,07,055,40.1,1*7F
$GNRMC,194001.000,A,3859.9994,N,11613.9803,E,0.01,347.01,280612,,,A,V*04
$GNVTG,347.01,T,,M,0.01,N,0.03,K,A*20
$GNZDA,194001.000,28,06,2012,,*48
$GNGGA,194002.000,3859.9994,N,11613.9803,E,1,12,0.73,-4.4,M,-6.8,M,,*49
$PAIRACC,3.39,10.87*7C
$GNGLL,3859.9994,N,11613.9803,E,194002.000,A,A*45
$GNGSA,A,3,02,21,29,30,,,,,,,,,1.41,0.73,1.21,1*0A
$GNGSA,A,3,68,84,82,69,,,,,,,,,1.41,0.73,1.21,2*07
$GNGSA,A,3,,,,,,,,,,,,,1.41,0.73,1.21,3*01
$GNGSA,A,3,03,05,06,13,,,,,,,,,1.41,0.73,1.21,4*04
$GPGSV,2,1,07,02,22,092,40.0,26,45,127,,21,27,294,39.4,29,71,277,40.0,1*7E
$GPGSV,2,2,07,30,16,228,39.6,05,04,206,,27,01,095,,1*40
$GLGSV,1,1,04,68,54,018,39.8,84,33,313,40.0,82,14,191,40.2,69,11,069,39.7,1*7C
$GAGSV,1,1,00,7*73
$GBGSV,1,1,04,03,45,191,39.5,05,16,249,39.6,06,11,165,39.5,13,07,055,40.3,1*7E
$GNRMC,194002.000,A,3859.9994,N,11613.9803,E,0.01,343.70,280612,,,A,V*05
$GNVTG,343.70,T,,M,0.01,N,0.03,K,A*22
$GNZDA,194002.000,28,06,2012,,*4B
$GNGGA,194003.000,3859.9994,N,11613.9803,E,1,12,0.73,-4.4,M,-6.8,M,,*48
$PAIRACC,3.41,10.37*78
$GNGLL,3859.9994,N,11613.9803,E,194003.000,A,A*44
$GNGSA,A,3,02,21,29,30,,,,,,,,,1.41,0.73,1.21,1*0A
$GNGSA,A,3,68,84,82,69,,,,,,,,,1.41,0.73,1.21,2*07
$GNGSA,A,3,,,,,,,,,,,,,1.41,0.73,1.21,3*01
$GNGSA,A,3,03,05,06,13,,,,,,,,,1.41,0.73,1.21,4*04
$GPGSV,2,1,07,02,22,092,40.2,26,45,127,,21,27,294,39.6,29,71,277,40.0,1*7E
$GPGSV,2,2,07,30,16,228,40.0,05,04,206,,27,01,095,,1*48
$GLGSV,1,1,04,68,54,018,39.9,84,33,313,39.5,82,14,191,40.2,69,11,069,39.6,1*77
$GAGSV,1,1,00,7*73
$GBGSV,1,1,04,03,45,191,38.8,05,16,249,39.3,06,11,165,39.1,13,07,055,39.7,1*79
$GNRMC,194003.000,A,3859.9994,N,11613.9803,E,0.01,341.20,280612,,,A,V*03
$GNVTG,341.20,T,,M,0.01,N,0.03,K,A*25
$GNZDA,194003.000,28,06,2012,,*4A
$GNGGA,194004.000,3859.9994,N,11613.9803,E,1,12,0.73,-4.4,M,-6.8,M,,*4F
$PAIRACC,3.39,10.89*72
$GNGLL,3859.9994,N,11613.9803,E,194004.000,A,A*43
$GNGSA,A,3,02,29,21,30,,,,,,,,,1.41,0.73,1.21,1*0A
$GNGSA,A,3,84,68,82,69,,,,,,,,,1.41,0.73,1.21,2*07
$GNGSA,A,3,,,,,,,,,,,,,1.41,0.73,1.21,3*01
$GNGSA,A,3,03,05,06,13,,,,,,,,,1.41,0.73,1.21,4*04
$GPGSV,2,1,07,02,22,092,40.0,29,71,277,40.0,21,27,294,40.1,26,45,127,,1*75
$GPGSV,2,2,07,30,16,228,39.9,05,04,206,,27,01,095,,1*4F
$GLGSV,1,1,04,84,33,313,40.0,68,54,018,40.2,82,14,191,40.1,69,11,069,40.1,1*73
$GAGSV,1,1,00,7*73
$GBGSV,2,1,05,03,45,191,38.6,10,43,214,,05,16,249,39.5,06,11,165,39.5,1*60
$GBGSV,2,2,05,13,07,055,39.9,1*5B
$GNRMC,194004.000,A,3859.9994,N,11613.9803,E,0.01,341.96,280612,,,A,V*09
$GNVTG,341.96,T,,M,0.01,N,0.03,K,A*28
$GNZDA,194004.000,28,06,2012,,*4D
$GNGGA,194005.000,3859.9994,N,11613.9803,E,1,12,0.73,-4.4,M,-6.8,M,,*4E
$PAIRACC,3.41,10.39*76
$GNGLL,3859.9994,N,11613.9803,E,194005.000,A,A*42
$GNGSA,A,3,02,29,21,30,,,,,,,,,1.41,0.73,1.21,1*0A
$GNGSA,A,3,68,84,82,69,,,,,,,,,1.41,0.73,1.21,2*07
$GNGSA,A,3,,,,,,,,,,,,,1.41,0.73,1.21,3*01
$GNGSA,A,3,03,05,06,13,,,,,,,,,1.41,0.73,1.21,4*04
$GPGSV,2,1,07,02,22,092,39.8,29,71,277,40.2,21,27,294,39.6,26,45,127,,1*78
$GPGSV,2,2,07,30,16,228,39.8,05,04,206,,27,01,095,,1*4E
$GLGSV,2,1,05,80,33,096,,68,54,018,39.6,84,33,313,39.9,82,14,191,39.6,1*69
$GLGSV,2,2,05,69,11,069,39.9,1*50
$GAGSV,1,1,00,7*73
$GBGSV,1,1,04,03,45,191,39.2,05,16,249,39.6,06,11,165,39.5,13,07,055,39.7,1*73
$GNRMC,194005.000,A,3859.9994,N,11613.9803,E,0.01,334.19,280612,,,A,V*0D
$GNVTG,334.19,T,,M,0.01,N,0.03,K,A*2D
$GNZDA,194005.000,28,06,2012,,*4C
$GNGGA,194006.000,3859.9995,N,11613.9803,E,1,12,0.73,-4.4,M,-6.8,M,,*4C
$PAIRACC,3.40,10.90*74
$GNGLL,3859.9995,N,11613.9803,E,194006.000,A,A*40
$GNGSA,A,3,02,29,21,30,,,,,,,,,1.41,0.73,1.21,1*0A
$GNGSA,A,3,84,68,82,69,,,,,,,,,1.41,0.73,1.21,2*07
$GNGSA,A,3,,,,,,,,,,,,,1.41,0.73,1.21,3*01
$GNGSA,A,3,03,05,06,13,,,,,,,,,1.41,0.73,1.21,4*04
$GPGSV,2,1,07,02,22,092,39.4,29,71,277,39.5,21,27,294,39.6,26,45,127,,1*7D
$GPGSV,2,2,07,30,16,228,40.0,05,04,206,,27,01,095,,1*48
$GLGSV,2,1,06,84,33,313,39.9,68,54,018,39.7,78,30,113,,77,27,055,,1*72
$GLGSV,2,2,06,82,14,191,39.8,69,11,069,39.9,1*79
$GAGSV,1,1,00,7*73
$GBGSV,1,1,04,03,45,191,38.5,05,16,249,39.5,06,11,165,39.3,13,07,055,39.8,1*7F
$GNRMC,194006.000,A,3859.9995,N,11613.9803,E,0.02,338.84,280612,,,A,V*04
$GNVTG,338.84,T,,M,0.02,N,0.03,K,A*26
$GNZDA,194006.000,28,06,2012,,*4F
$GNGGA,194007.000,3859.9995,N,11613.9804,E,1,12,0.73,-4.4,M,-6.8,M,,*4A
$PAIRACC,3.42,10.39*75
$GNGLL,3859.9995,N,11613.9804,E,194007.000,A,A*46
$GNGSA,A,3,02,29,21,30,,,,,,,,,1.41,0.73,1.21,1*0A
$GNGSA,A,3,84,68,82,69,,,,,,,,,1.41,0.73,1.21,2*07
$GNGSA,A,3,,,,,,,,,,,,,1.41,0.73,1.21,3*01
$GNGSA,A,3,03,05,06,13,,,,,,,,,1.41,0.73,1.21,4*04
$GPGSV,2,1,07,02,22,092,39.7,29,71,277,39.8,21,27,294,39.5,26,45,127,,1*70
$GPGSV,2,2,07,30,16,228,39.8,05,04,206,,27,01,095,,1*4E
$GLGSV,1,1,04,84,33,313,40.2,68,54,018,40.2,82,14,191,40.3,69,11,069,39.7,1*7B
$GAGSV,1,1,00,7*73
$GBGSV,2,1,05,03,45,191,38.6,07,26,187,,05,16,249,39.6,06,11,165,39.2,1*68
$GBGSV,2,2,05,13,07,055,39.7,1*55
$GNRMC,194007.000,A,3859.9995,N,11613.9804,E,0.02,344.88,280612,,,A,V*05
$GNVTG,344.88,T,,M,0.02,N,0.03,K,A*21
$GNZDA,194007.000,28,06,2012,,*4E
$GNGGA,194008.000,3859.9995,N,11613.9804,E,1,12,0.73,-4.4,M,-6.8,M,,*45
$PAIRACC,3.40,10.91*75
$GNGLL,3859.9995,N,11613.9804,E,194008.000,A,A*49
$GNGSA,A,3,02,21,29,30,,,,,,,,,1.41,0.73,1.21,1*0A
$GNGSA,A,3,82,68,84,69,,,,,,,,,1.41,0.73,1.21,2*07
$GNGSA,A,3,,,,,,,,,,,,,1.41,0.73,1.21,3*01
$GNGSA,A,3,05,03,06,13,,,,,,,,,1.41,0.73,1.21,4*04
$GPGSV,2,1,07,02,22,092,40.0,21,27,294,39.6,29,71,277,39.9,26,45,127,,1*7B
$GPGSV,2,2,07,30,16,228,39.5,05,04,206,,27,01,095,,1*43
$GLGSV,1,1,04,82,14,191,40.0,68,54,018,40.0,84,33,313,40.0,69,11,069,40.2,1*73
$GAGSV,1,1,00,7*73
$GBGSV,2,1,07,05,16,249,39.5,07,26,187,,08,17,165,,03,45,191,39.4,1*74
$GBGSV,2,2,07,06,11,165,39.9,11,10,055,,13,07,055,39.6,1*4E
$GNRMC,194008.000,A,3859.9995,N,11613.9804,E,0.02,341.35,280612,,,A,V*09
$GNVTG,341.35,T,,M,0.02,N,0.03,K,A*22
$GNZDA,194008.000,28,06,2012,,*41
$GNGGA,194009.000,3859.9995,N,11613.9804,E,1,12,0.73,-4.4,M,-6.8,M,,*44
$PAIRACC,3.40,10.40*79
$GNGLL,3859.9995,N,11613.9804,E,194009.000,A,A*48
$GNGSA,A,3,02,21,29,30,,,,,,,,,1.41,0.73,1.21,1*0A
$GNGSA,A,3,82,68,84,69,,,,,,,,,1.41,0.73,1.21,2*07
$GNGSA,A,3,,,,,,,,,,,,,1.41,0.73,1.21,3*01
$GNGSA,A,3,05,03,06,13,,,,,,,,,1.41,0.73,1.21,4*04
$GPGSV,2,1,07,02,22,092,39.7,21,27,294,39.6,29,71,277,40.0,26,45,127,,1*75
$GPGSV,2,2,07,30,16,228,39.9,05,04,206,,27,01,095,,1*4F
$GLGSV,1,1,04,82,14,191,40.2,68,54,018,39.7,84,33,313,40.2,69,11,069,39.9,1*7F
$GAGSV,1,1,00,7*73
$GBGSV,2,1,07,05,16,249,39.7,07,26,187,,08,17,165,,03,45,191,38.9,1*7A
$GBGSV,2,2,07,06,11,165,39.4,11,10,055,,13,07,055,39.2,1*47
$GNRMC,194009.000,A,3859.9995,N,11613.9804,E,0.02,341.54,280612,,,A,V*0F
$GNVTG,341.54,T,,M,0.02,N,0.03,K,A*25
$GNZDA,194009.000,28,06,2012,,*40
$GNGGA,194010.000,3859.9995,N,11613.9804,E,1,12,0.73,-4.4,M,-6.8,M,,*4C
$PAIRACC,3.42,10.91*77
$GNGLL,3859.9995,N,11613.9804,E,194010.000,A,A*40
$GNGSA,A,3,02,21,29,30,,,,,,,,,1.41,0.73,1.21,1*0A
$GNGSA,A,3,82,68,84,69,,,,,,,,,1.41,0.73,1.21,2*07
$GNGSA,A,3,,,,,,,,,,,,,1.41,0.73,1.21,3*01
$GNGSA,A,3,03,05,06,13,,,,,,,,,1.41,0.73,1.21,4*04
$GPGSV,2,1,07,02,22,092,40.0,21,27,294,39.7,29,71,277,39.7,26,45,127,,1*74
$GPGSV,2,2,07,30,16,228,40.2,05,04,206,,27,01,095,,1*4A
$GLGSV,2,1,05,82,14,191,39.5,68,54,018,40.3,84,33,313,39.8,69,11,069,40.2,1*7F
$GLGSV,2,2,05,79,04,160,,1*40
$GAGSV,1,1,00,7*73
$GBGSV,2,1,06,03,45,191,38.6,07,26,187,,08,17,165,,05,16,249,39.5,1*76
$GBGSV,2,2,06,06,11,165,39.5,13,07,055,39.7,1*73
$GNRMC,194010.000,A,3859.9995,N,11613.9804,E,0.02,340.24,280612,,,A,V*01
$GNVTG,340.24,T,,M,0.02,N,0.03,K,A*23
$GNZDA,194010.000,28,06,2012,,*48
$GNGGA,194011.000,3859.9996,N,11613.9804,E,1,12,0.73,-4.4,M,-6.8,M,,*4E
$PAIRACC,3.39,10.36*76
$GNGLL,3859.9996,N,11613.9804,E,194011.000,A,A*42
$GNGSA,A,3,02,29,21,30,,,,,,,,,1.41,0.73,1.21,1*0A
$GNGSA,A,3,84,68,82,69,,,,,,,,,1.41,0.73,1.21,2*07
$GNGSA,A,3,,,,,,,,,,,,,1.41,0.73,1.21,3*01
$GNGSA,A,3,03,05,06,13,,,,,,,,,1.41,0.73,1.21,4*04
$GPGSV,2,1,07,02,22,092,39.9,29,71,277,40.0,21,27,294,39.2,26,45,127,,1*7F
$GPGSV,2,2,07,30,16,228,39.9,05,04,206,,27,01,095,,1*4F
$GLGSV,1,1,04,84,33,313,40.2,68,54,018,40.0,82,14,191,39.5,69,11,069,40.0,1*78
$GAGSV,1,1,00,7*73
$GBGSV,2,1,06,03,45,191,39.5,07,26,187,,08,17,165,,05,16,249,39.8,1*79
$GBGSV,2,2,06,06,11,165,39.3,13,07,055,39.6,1*74
$GNRMC,194011.000,A,3859.9996,N,11613.9804,E,0.02,338.42,280612,,,A,V*0C
$GNVTG,338.42,T,,M,0.02,N,0.03,K,A*2C
$GNZDA,194011.000,28,06,2012,,*49
$GNGGA,194012.000,3859.9996,N,11613.9804,E,1,12,0.73,-4.4,M,-6.8,M,,*4D
$PAIRACC,3.44,10.97*77
$GNGLL,3859.9996,N,11613.9804,E,194012.000,A,A*41
$GNGSA,A,3,02,29,21,30,,,,,,,,,1.41,0.73,1.21,1*0A
$GNGSA,A,3,84,68,82,69,,,,,,,,,1.41,0.73,1.21,2*07
$GNGSA,A,3,,,,,,,,,,,,,1.41,0.73,1.21,3*01
$GNGSA,A,3,03,05,06,13,,,,,,,,,1.41,0.73,1.21,4*04
$GPGSV,2,1,07,02,22,092,39.9,29,71,277,40.0,21,27,294,39.5,26,45,127,,1*78
$GPGSV,2,2,07,30,16,228,40.0,05,04,206,,27,01,095,,1*48
$GLGSV,1,1,04,84,33,313,40.1,68,54,018,39.9,82,14,191,40.1,69,11,069,39.9,1*71
$GAGSV,1,1,00,7*73
$GBGSV,2,1,06,03,45,191,38.9,07,26,187,,08,17,165,,05,16,249,39.1,1*7D
$GBGSV,2,2,06,06,11,165,39.0,13,07,055,39.9,1*78
$GNRMC,194012.000,A,3859.9996,N,11613.9804,E,0.02,341.91,280612,,,A,V*0F
$GNVTG,341.91,T,,M,0.02,N,0.03,K,A*2C
$GNZDA,194012.000,28,06,2012,,*4A
$GNGGA,194013.000,3859.9996,N,11613.9804,E,1,12,0.73,-4.4,M,-6.8,M,,*4C
$PAIRACC,3.39,10.36*76
$GNGLL,3859.9996,N,11613.9804,E,194013.000,A,A*40
$GNGSA,A,3,02,29,21,30,,,,,,,,,1.41,0.73,1.21,1*0A
$GNGSA,A,3,84,68,82,69,,,,,,,,,1.41,0.73,1.21,2*07
$GNGSA,A,3,,,,,,,,,,,,,1.41,0.73,1.21,3*01
$GNGSA,A,3,03,05,06,13,,,,,,,,,1.41,0.73,1.21,4*04
$GPGSV,2,1,07,02,22,092,40.0,29,71,277,40.1,21,27,294,39.8,26,45,127,,1*73
$GPGSV,2,2,07,30,16,228,39.9,05,04,206,,27,01,095,,1*4F
$GLGSV,1,1,04,84,33,313,40.0,68,54,018,39.9,82,14,191,40.0,69,11,069,39.9,1*71
$GAGSV,1,1,00,7*73
$GBGSV,2,1,06,03,45,191,38.6,07,26,187,,08,17,165,,05,16,249,39.6,1*75
$GBGSV,2,2,06,06,11,165,39.4,13,07,055,39.8,1*7D
$GNRMC,194013.000,A,3859.9996,N,11613.9804,E,0.02,343.04,280612,,,A,V*00
$GNVTG,343.04,T,,M,0.02,N,0.03,K,A*22
$GNZDA,194013.000,28,06,2012,,*4B
$GNGGA,194014.000,3859.9996,N,11613.9804,E,1,12,0.73,-4.4,M,-6.8,M,,*4B
$PAIRACC,3.44,10.97*77
$GNGLL,3859.9996,N,11613.9804,E,194014.000,A,A*47
$GNGSA,A,3,02,29,21,30,,,,,,,,,1.41,0.73,1.21,1*0A
$GNGSA,A,3,84,68,82,69,,,,,,,,,1.41,0.73,1.21,2*07
$GNGSA,A,3,,,,,,,,,,,,,1.41,0.73,1.21,3*01
$GNGSA,A,3,03,05,06,13,,,,,,,,,1.41,0.73,1.21,4*04
$GPGSV,2,1,07,02,22,092,40.4,29,71,277,39.9,21,27,294,39.8,26,45,127,,1*71
$GPGSV,2,2,07,30,16,228,40.0,05,04,206,,27,01,095,,1*48
$GLGSV,1,1,04,84,33,313,40.1,68,54,018,40.4,82,14,191,39.9,69,11,069,40.3,1*70
$GAGSV,1,1,00,7*73
$GBGSV,2,1,05,03,45,191,39.5,08,17,165,,05,16,249,39.3,06,11,165,39.3,1*6F
$GBGSV,2,2,05,13,07,055,39.5,1*57
$GNRMC,194014.000,A,3859.9996,N,11613.9804,E,0.02,339.54,280612,,,A,V*0F
$GNVTG,339.54,T,,M,0.02,N,0.03,K,A*2A
$GNZDA,194014.000,28,06,2012,,*4C
$GNGGA,194015.000,3859.9997,N,11613.9804,E,1,12,0.73,-4.4,M,-6.8,M,,*4B
$PAIRACC,3.40,10.37*79
$GNGLL,3859.9997,N,11613.9804,E,194015.000,A,A*47
$GNGSA,A,3,02,21,29,30,,,,,,,,,1.41,0.73,1.21,1*0A
$GNGSA,A,3,68,84,82,69,,,,,,,,,1.41,0.73,1.21,2*07
$GNGSA,A,3,,,,,,,,,,,,,1.41,0.73,1.21,3*01
$GNGSA,A,3,03,05,06,13,,,,,,,,,1.41,0.73,1.21,4*04
$GPGSV,2,1,07,02,22,092,39.9,26,45,127,,21,27,294,39.6,29,71,277,40.1,1*7A
$GPGSV,2,2,07,30,16,228,40.1,05,04,206,,27,01,095,,1*49
$GLGSV,1,1,04,68,54,018,40.3,84,33,313,39.7,82,14,191,39.8,69,11,069,40.1,1*7C
$GAGSV,1,1,00,7*73
$GBGSV,1,1,04,03,45,191,38.5,05,16,249,39.3,06,11,165,39.4,13,07,055,39.8,1*7E
$GNRMC,194015.000,A,3859.9997,N,11613.9804,E,0.02,338.61,280612,,,A,V*08
$GNVTG,338.61,T,,M,0.02,N,0.03,K,A*2D
$GNZDA,194015.000,28,06,2012,,*4D
$GNGGA,194016.000,3859.9997,N,11613.9804,E,1,12,0.73,-4.4,M,-6.8,M,,*48
$PAIRACC,3.41,10.93*76
$GNGLL,3859.9997,N,11613.9804,E,194016.000,A,A*44
$GNGSA,A,3,02,21,29,30,,,,,,,,,1.41,0.73,1.21,1*0A
$GNGSA,A,3,68,84,82,69,,,,,,,,,1.41,0.73,1.21,2*07
$GNGSA,A,3,,,,,,,,,,,,,1.41,0.73,1.21,3*01
$GNGSA,A,3,03,05,06,13,,,,,,,,,1.41,0.73,1.21,4*04
$GPGSV,2,1,07,02,22,092,40.1,26,45,127,,21,27,294,39.6,29,71,277,40.0,1*7D
$GPGSV,2,2,07,30,16,228,39.6,05,04,206,,27,01,095,,1*40
$GLGSV,1,1,04,68,54,018,39.7,84,33,313,40.0,82,14,191,40.2,69,11,069,40.0,1*7A
$GAGSV,1,1,00,7*73
$GBGSV,1,1,04,03,45,191,39.0,05,16,249,39.7,06,11,165,39.7,13,07,055,39.3,1*76
$GNRMC,194016.000,A,3859.9997,N,11613.9804,E,0.02,341.11,280612,,,A,V*02
$GNVTG,341.11,T,,M,0.02,N,0.03,K,A*24
$GNZDA,194016.000,28,06,2012,,*4E
$GNGGA,194017.000,3859.9997,N,11613.9804,E,1,12,0.73,-4.4,M,-6.8,M,,*49
$PAIRACC,3.40,10.37*79
$GNGLL,3859.9997,N,11613.9804,E,194017.000,A,A*45
$GNGSA,A,3,02,21,29,30,,,,,,,,,1.41,0.73,1.21,1*0A
$GNGSA,A,3,68,84,82,69,,,,,,,,,1.41,0.73,1.21,2*07
$GNGSA,A,3,,,,,,,,,,,,,1.41,0.73,1.21,3*01
$GNGSA,A,3,03,05,06,13,,,,,,,,,1.41,0.73,1.21,4*04
$GPGSV,2,1,07,02,22,092,40.0,26,45,127,,21,27,294,39.7,29,71,277,39.4,1*77
$GPGSV,2,2,07,30,16,228,39.9,05,04,206,,27,01,095,,1*4F
$GLGSV,1,1,04,68,54,018,40.1,84,33,313,40.2,82,14,191,39.8,69,11,069,40.1,1*75
$GAGSV,1,1,00,7*73
$GBGSV,1,1,04,03,45,191,39.5,05,16,249,39.5,06,11,165,39.4,13,07,055,39.6,1*77
$GNRMC,194017.000,A,3859.9997,N,11613.9804,E,0.02,341.71,280612,,,A,V*05
$GNVTG,341.71,T,,M,0.02,N,0.03,K,A*22
$GNZDA,194017.000,28,06,2012,,*4F
$GNGGA,194018.000,3859.9997,N,11613.9804,E,1,12,0.73,-4.5,M,-6.8,M,,*47
$PAIRACC,3.41,10.93*76
$GNGLL,3859.9997,N,11613.9804,E,194018.000,A,A*4A
$GNGSA,A,3,02,21,29,30,,,,,,,,,1.41,0.73,1.21,1*0A
$GNGSA,A,3,68,84,82,69,,,,,,,,,1.41,0.73,1.21,2*07
$GNGSA,A,3,,,,,,,,,,,,,1.41,0.73,1.21,3*01
$GNGSA,A,3,03,05,06,13,,,,,,,,,1.41,0.73,1.21,4*04
$GPGSV,2,1,07,02,22,092,39.7,26,45,127,,21,27,294,39.7,29,71,277,40.2,1*76
$GPGSV,2,2,07,30,16,228,39.9,05,04,206,,27,01,095,,1*4F
$GLGSV,1,1,04,68,54,018,40.0,84,33,313,40.2,82,14,191,40.0,69,11,069,40.2,1*71
$GAGSV,1,1,00,7*73
$GBGSV,1,1,04,03,45,191,39.0,05,16,249,39.3,06,11,165,39.7,13,07,055,39.8,1*79
$GNRMC,194018.000,A,3859.9997,N,11613.9804,E,0.02,336.06,280612,,,A,V*0A
$GNVTG,336.06,T,,M,0.02,N,0.03,K,A*22
$GNZDA,194018.000,28,06,2012,,*40
$GNGGA,194019.000,3859.9997,N,11613.9804,E,1,12,0.73,-4.5,M,-6.8,M,,*46
$PAIRACC,3.40,10.37*79
$GNGLL,3859.9997,N,11613.9804,E,194019.000,A,A*4B
$GNGSA,A,3,02,21,29,30,,,,,,,,,1.41,0.73,1.21,1*0A
$GNGSA,A,3,68,84,82,69,,,,,,,,,1.41,0.73,1.21,2*07
$GNGSA,A,3,,,,,,,,,,,,,1.41,0.73,1.21,3*01
$GNGSA,A,3,03,05,06,13,,,,,,,,,1.41,0.73,1.21,4*04
$GPGSV,2,1,07,02,22,092,39.8,26,45,127,,21,27,294,39.6,29,71,277,39.8,1*7C
$GPGSV,2,2,07,30,16,228,39.5,05,04,206,,27,01,095,,1*43
$GLGSV,1,1,04,68,54,018,39.5,84,33,313,39.9,82,14,191,39.5,69,11,069,40.4,1*72
$GAGSV,1,1,00,7*73
$GBGSV,1,1,04,03,45,191,38.5,05,16,249,39.2,06,11,165,39.6,13,07,055,39.7,1*72
$GNRMC,194019.000,A,3859.9997,N,11613.9804,E,0.02,328.47,280612,,,A,V*01
$GNVTG,328.47,T,,M,0.02,N,0.03,K,A*28
$GNZDA,194019.000,28,06,2012,,*41
$GNGGA,194020.000,3859.9997,N,11613.9804,E,1,12,0.73,-4.5,M,-6.8,M,,*4C
$PAIRACC,3.44,10.98*78
$GNGLL,3859.9997,N,11613.9804,E,194020.000,A,A*41
$GNGSA,A,3,02,29,21,30,,,,,,,,,1.41,0.73,1.21,1*0A
$GNGSA,A,3,68,84,82,69,,,,,,,,,1.41,0.73,1.21,2*07
$GNGSA,A,3,,,,,,,,,,,,,1.41,0.73,1.21,3*01
$GNGSA,A,3,03,05,06,13,,,,,,,,,1.41,0.73,1.21,4*04
$GPGSV,2,1,07,02,22,092,39.8,29,71,277,40.0,21,27,294,39.5,26,45,127,,1*79
$GPGSV,2,2,07,30,16,228,40.0,05,04,206,,27,01,095,,1*48
$GLGSV,2,1,05,83,46,241,,68,54,018,40.3,84,33,313,40.3,82,14,191,40.0,1*67
$GLGSV,2,2,05,69,11,069,40.0,1*57
$GAGSV,1,1,00,7*73
$GBGSV,1,1,04,03,45,191,39.3,05,16,249,39.5,06,11,165,39.2,13,07,055,39.4,1*75
$GNRMC,194020.000,A,3859.9997,N,11613.9804,E,0.02,339.77,280612,,,A,V*08
$GNVTG,339.77,T,,M,0.02,N,0.03,K,A*2B
$GNZDA,194020.000,28,06,2012,,*4B
$GNGGA,194021.000,3859.9998,N,11613.9804,E,1,12,0.73,-4.5,M,-6.8,M,,*42
$PAIRACC,3.40,10.38*76
$GNGLL,3859.9998,N,11613.9804,E,194021.000,A,A*4F
$GNGSA,A,3,02,29,21,30,,,,,,,,,1.41,0.73,1.21,1*0A
$GNGSA,A,3,84,68,82,69,,,,,,,,,1.41,0.73,1.21,2*07
$GNGSA,A,3,,,,,,,,,,,,,1.41,0.73,1.21,3*01
$GNGSA,A,3,03,05,06,13,,,,,,,,,1.41,0.73,1.21,4*04
$GPGSV,2,1,07,02,22,092,39.8,29,71,277,40.1,21,27,294,39.3,26,45,127,,1*7E
$GPGSV,2,2,07,30,16,228,39.9,05,04,206,,27,01,095,,1*4F
$GLGSV,1,1,04,84,33,313,39.9,68,54,018,39.7,82,14,191,40.0,69,11,069,39.7,1*76
$GAGSV,1,1,00,7*73
$GBGSV,2,1,05,03,45,191,38.7,10,43,214,,05,16,249,39.4,06,11,165,39.5,1*60
$GBGSV,2,2,05,13,07,055,39.7,1*55
$GNRMC,194021.000,A,3859.9998,N,11613.9804,E,0.02,339.77,280612,,,A,V*06
$GNVTG,339.77,T,,M,0.02,N,0.03,K,A*2B
$GNZDA,194021.000,28,06,2012,,*4A
$GNGGA,194022.000,3859.9998,N,11613.9804,E,1,12,0.73,-4.5,M,-6.8,M,,*41
$PAIRACC,3.34,10.31*7C
$GNGLL,3859.9998,N,11613.9804,E,194022.000,A,A*4C
$GNGSA,A,3,02,29,21,30,,,,,,,,,1.41,0.73,1.21,1*0A
$GNGSA,A,3,84,68,82,69,,,,,,,,,1.41,0.73,1.21,2*07
$GNGSA,A,3,,,,,,,,,,,,,1.41,0.73,1.21,3*01
$GNGSA,A,3,03,05,06,13,,,,,,,,,1.41,0.73,1.21,4*04
$GPGSV,2,1,07,02,22,092,39.9,29,71,277,39.8,21,27,294,40.1,26,45,127,,1*74
$GPGSV,2,2,07,30,16,228,40.0,05,04,206,,27,01,095,,1*48
$GLGSV,2,1,05,84,33,313,40.4,68,54,018,40.0,80,33,096,,82,14,191,40.3,1*69
$GLGSV,2,2,05,69,11,069,40.1,1*56
$GAGSV,1,1,00,7*73
$GBGSV,2,1,05,03,45,191,38.7,10,43,214,,05,16,249,39.3,06,11,165,39.6,1*64
$GBGSV,2,2,05,13,07,055,39.4,1*56
$GNRMC,194022.000,A,3859.9998,N,11613.9804,E,0.01,341.04,280612,,,A,V*0D
$GNVTG,341.04,T,,M,0.01,N,0.03,K,A*23
$GNZDA,194022.000,28,06,2012,,*49
$GNGGA,194023.000,3859.9998,N,11613.9804,E,1,12,0.73,-4.5,M,-6.8,M,,*40
$PAIRACC,3.47,10.99*7A
$GNGLL,3859.9998,N,11613.9804,E,194023.000,A,A*4D
$GNGSA,A,3,02,29,21,30,,,,,,,,,1.41,0.73,1.21,1*0A
$GNGSA,A,3,84,68,82,69,,,,,,,,,1.41,0.73,1.21,2*07
$GNGSA,A,3,,,,,,,,,,,,,1.41,0.73,1.21,3*01
$GNGSA,A,3,03,05,06,13,,,,,,,,,1.41,0.73,1.21,4*04
$GPGSV,2,1,07,02,22,092,40.0,29,71,277,40.1,21,27,294,39.4,26,45,127,,1*7F
$GPGSV,2,2,07,30,16,228,40.0,05,04,206,,27,01,095,,1*48
$GLGSV,2,1,05,84,33,313,40.0,68,54,018,40.0,78,30,113,,82,14,191,40.1,1*67
$GLGSV,2,2,05,69,11,069,40.2,1*55
$GAGSV,1,1,00,7*73
$GBGSV,2,1,05,03,45,191,39.0,10,43,214,,05,16,249,39.7,06,11,165,39.4,1*64
$GBGSV,2,2,05,13,07,055,40.1,1*5D
$GNRMC,194023.000,A,3859.9998,N,11613.9804,E,0.01,340.05,280612,,,A,V*0C
$GNVTG,340.05,T,,M,0.01,N,0.03,K,A*23
$GNZDA,194023.000,28,06,2012,,*48
$GNGGA,194024.000,3859.9998,N,11613.9804,E,1,12,0.73,-4.5,M,-6.8,M,,*47
$PAIRACC,3.34,10.31*7C
$GNGLL,3859.9998,N,11613.9804,E,194024.000,A,A*4A
$GNGSA,A,3,02,21,29,30,,,,,,,,,1.41,0.73,1.21,1*0A
$GNGSA,A,3,68,84,82,69,,,,,,,,,1.41,0.73,1.21,2*07
$GNGSA,A,3,,,,,,,,,,,,,1.41,0.73,1.21,3*01
$GNGSA,A,3,03,05,06,13,,,,,,,,,1.41,0.73,1.21,4*04
$GPGSV,2,1,07,02,22,092,39.9,21,27,294,39.8,29,71,277,39.7,26,45,127,,1*7C
$GPGSV,2,2,07,30,16,228,39.7,05,04,206,,27,01,095,,1*41
$GLGSV,2,1,05,77,27,055,,68,54,018,39.8,84,33,313,40.2,82,14,191,40.0,1*68
$GLGSV,2,2,05,69,11,069,40.3,1*54
$GAGSV,1,1,00,7*73
$GBGSV,2,1,06,03,45,191,38.7,10,43,214,,07,26,187,,05,16,249,39.3,1*7C
$GBGSV,2,2,06,06,11,165,39.5,13,07,055,39.5,1*71
$GNRMC,194024.000,A,3859.9998,N,11613.9804,E,0.01,331.15,280612,,,A,V*0C
$GNVTG,331.15,T,,M,0.01,N,0.03,K,A*24
$GNZDA,194024.000,28,06,2012,,*4F
$GNGGA,194025.000,3859.9998,N,11613.9804,E,1,12,0.73,-4.5,M,-6.8,M,,*46
$PAIRACC,3.37,10.30*7E
$GNGLL,3859.9998,N,11613.9804,E,194025.000,A,A*4B
$GNGSA,A,3,02,29,21,30,,,,,,,,,1.41,0.73,1.21,1*0A
$GNGSA,A,3,84,68,82,69,,,,,,,,,1.41,0.73,1.21,2*07
$GNGSA,A,3,,,,,,,,,,,,,1.41,0.73,1.21,3*01
$GNGSA,A,3,03,05,06,13,,,,,,,,,1.41,0.73,1.21,4*04
$GPGSV,2,1,07,02,22,092,40.1,29,71,277,40.0,21,27,294,39.9,26,45,127,,1*72
$GPGSV,2,2,07,30,16,228,40.2,05,04,206,,27,01,095,,1*4A
$GLGSV,2,1,05,84,33,313,40.2,68,54,018,39.8,67,25,060,,82,14,191,39.9,1*6A
$GLGSV,2,2,05,69,11,069,40.5,1*52
$GAGSV,1,1,00,7*73
$GBGSV,2,1,05,03,45,191,38.5,10,43,214,,05,16,249,39.5,06,11,165,39.8,1*6E
$GBGSV,2,2,05,13,07,055,39.9,1*5B
$GNRMC,194025.000,A,3859.9998,N,11613.9804,E,0.01,329.70,280612,,,A,V*07
$GNVTG,329.70,T,,M,0.01,N,0.03,K,A*2E
$GNZDA,194025.000,28,06,2012,,*4E
$GNGGA,194026.000,3859.9998,N,11613.9804,E,1,12,0.73,-4.5,M,-6.8,M,,*45
$PAIRACC,3.34,10.31*7C
$GNGLL,3859.9998,N,11613.9804,E,194026.000,A,A*48
$GNGSA,A,3,02,21,29,30,,,,,,,,,1.41,0.73,1.21,1*0A
$GNGSA,A,3,68,84,82,69,,,,,,,,,1.41,0.73,1.21,2*07
$GNGSA,A,3,,,,,,,,,,,,,1.41,0.73,1.21,3*01
$GNGSA,A,3,03,05,06,13,,,,,,,,,1.41,0.73,1.21,4*04
$GPGSV,2,1,07,02,22,092,40.2,21,27,294,40.1,29,71,277,39.8,26,45,127,,1*71
$GPGSV,2,2,07,30,16,228,39.8,05,04,206,,27,01,095,,1*4E
$GLGSV,2,1,05,67,25,060,,68,54,018,40.2,84,33,313,39.8,82,14,191,39.9,1*6A
$GLGSV,2,2,05,69,11,069,40.0,1*57
$GAGSV,1,1,00,7*73
$GBGSV,2,1,06,03,45,191,39.3,10,43,214,,08,17,165,,05,16,249,39.5,1*7E
$GBGSV,2,2,06,06,11,165,39.7,13,07,055,39.3,1*75
$GNRMC,194026.000,A,3859.9998,N,11613.9804,E,0.01,327.30,280612,,,A,V*0E
$GNVTG,327.30,T,,M,0.01,N,0.03,K,A*24
$GNZDA,194026.000,28,06,2012,,*4D
$GNGGA,194027.000,3859.9998,N,11613.9804,E,1,12,0.73,-4.5,M,-6.8,M,,*44
$PAIRACC,3.47,10.98*7B
$GNGLL,3859.9998,N,11613.9804,E,194027.000,A,A*49
$GNGSA,A,3,02,29,21,30,,,,,,,,,1.41,0.73,1.21,1*0A
$GNGSA,A,3,84,68,82,69,,,,,,,,,1.41,0.73,1.21,2*07
$GNGSA,A,3,,,,,,,,,,,,,1.41,0.73,1.21,3*01
$GNGSA,A,3,03,05,06,13,,,,,,,,,1.41,0.73,1.21,4*04
$GPGSV,2,1,07,02,22,092,40.0,29,71,277,39.9,21,27,294,39.8,26,45,127,,1*75
$GPGSV,2,2,07,30,16,228,40.0,05,04,206,,27,01,095,,1*48
$GLGSV,1,1,04,84,33,313,40.0,68,54,018,40.0,82,14,191,40.0,69,11,069,40.1,1*70
$GAGSV,1,1,00,7*73
$GBGSV,2,1,06,03,45,191,38.5,08,17,165,,05,16,249,39.4,06,11,165,39.6,1*6F
$GBGSV,2,2,06,11,10,055,,13,07,055,39.9,1*69
$GNRMC,194027.000,A,3859.9998,N,11613.9804,E,0.01,328.18,280612,,,A,V*0A
$GNVTG,328.18,T,,M,0.01,N,0.03,K,A*21
$GNZDA,194027.000,28,06,2012,,*4C
$GNGGA,194028.000,3859.9998,N,11613.9804,E,1,12,0.73,-4.5,M,-6.8,M,,*4B
$PAIRACC,3.34,10.31*7C
$GNGLL,3859.9998,N,11613.9804,E,194028.000,A,A*46
$GNGSA,A,3,02,29,21,30,,,,,,,,,1.41,0.73,1.21,1*0A
$GNGSA,A,3,84,68,82,69,,,,,,,,,1.41,0.73,1.21,2*07
$GNGSA,A,3,,,,,,,,,,,,,1.41,0.73,1.21,3*01
$GNGSA,A,3,03,05,06,13,,,,,,,,,1.41,0.73,1.21,4*04
$GPGSV,2,1,07,02,22,092,39.7,29,71,277,40.0,21,27,294,39.6,26,45,127,,1*75
$GPGSV,2,2,07,30,16,228,39.9,05,04,206,,27,01,095,,1*4F
$GLGSV,1,1,04,84,33,313,40.0,68,54,018,39.9,82,14,191,40.2,69,11,069,39.9,1*73
$GAGSV,1,1,00,7*73
$GBGSV,2,1,06,03,45,191,38.2,08,17,165,,05,16,249,39.1,06,11,165,39.2,1*69
$GBGSV,2,2,06,11,10,055,,13,07,055,39.2,1*62
$GNRMC,194028.000,A,3859.9998,N,11613.9804,E,0.01,325.70,280612,,,A,V*06
$GNVTG,325.70,T,,M,0.01,N,0.03,K,A*22
$GNZDA,194028.000,28,06,2012,,*43
$GNGGA,194029.000,3859.9999,N,11613.9804,E,1,12,0.73,-4.5,M,-6.8,M,,*4B
$PAIRACC,3.37,10.30*7E
$GNGLL,3859.9999,N,11613.9804,E,194029.000,A,A*46
$GNGSA,A,3,02,29,21,30,,,,,,,,,1.41,0.73,1.21,1*0A
$GNGSA,A,3,84,68,82,69,,,,,,,,,1.41,0.73,1.21,2*07
$GNGSA,A,3,,,,,,,,,,,,,1.41,0.73,1.21,3*01
$GNGSA,A,3,03,05,06,13,,,,,,,,,1.41,0.73,1.21,4*04
$GPGSV,2,1,07,02,22,092,39.9,29,71,277,40.1,21,27,294,39.6,26,45,127,,1*7A
$GPGSV,2,2,07,30,16,228,40.3,05,04,206,,27,01,095,,1*4B
$GLGSV,2,1,05,84,33,313,39.8,68,54,018,39.7,82,14,191,39.8,69,11,069,40.2,1*78
$GLGSV,2,2,05,79,04,160,,1*40
$GAGSV,1,1,00,7*73
$GBGSV,2,1,05,03,45,191,39.1,08,17,165,,05,16,249,39.6,06,11,165,39.2,1*6F
$GBGSV,2,2,05,13,07,055,39.8,1*5A
$GNRMC,194029.000,A,3859.9999,N,11613.9804,E,0.01,326.64,280612,,,A,V*00
$GNVTG,326.64,T,,M,0.01,N,0.03,K,A*24
$GNZDA,194029.000,28,06,2012,,*42
$GNGGA,194030.000,3859.9999,N,11613.9804,E,1,12,0.73,-4.5,M,-6.8,M,,*43
$PAIRACC,3.34,10.31*7C
$GNGLL,3859.9999,N,11613.9804,E,194030.000,A,A*4E
$GNGSA,A,3,02,29,21,30,,,,,,,,,1.41,0.73,1.21,1*0A
$GNGSA,A,3,84,68,82,69,,,,,,,,,1.41,0.73,1.21,2*07
$GNGSA,A,3,,,,,,,,,,,,,1.41,0.73,1.21,3*01
$GNGSA,A,3,03,05,06,13,,,,,,,,,1.41,0.73,1.21,4*04
$GPGSV,2,1,07,02,22,092,39.8,29,71,277,39.7,21,27,294,39.5,26,45,127,,1*70
$GPGSV,2,2,07,30,16,228,40.2,05,04,206,,27,01,095,,1*4A
$GLGSV,1,1,04,84,33,313,40.1,68,54,018,40.4,82,14,191,39.8,69,11,069,39.8,1*74
$GAGSV,1,1,00,7*73
$GBGSV,2,1,05,03,45,191,38.9,08,17,165,,05,16,249,39.6,06,11,165,39.3,1*67
$GBGSV,2,2,05,13,07,055,39.4,1*56
$GNRMC,194030.000,A,3859.9999,N,11613.9804,E,0.01,327.09,280612,,,A,V*02
$GNVTG,327.09,T,,M,0.01,N,0.03,K,A*2E
$GNZDA,194030.000,28,06,2012,,*4A
$GNGGA,194031.000,3859.9999,N,11613.9804,E,1,12,0.73,-4.5,M,-6.8,M,,*42
$PAIRACC,3.37,10.30*7E
$GNGLL,3859.9999,N,11613.9804,E,194031.000,A,A*4F
$GNGSA,A,3,02,29,21,30,,,,,,,,,1.41,0.73,1.21,1*0A
$GNGSA,A,3,84,68,82,69,,,,,,,,,1.41,0.73,1.21,2*07
$GNGSA,A,3,,,,,,,,,,,,,1.41,0.73,1.21,3*01
$GNGSA,A,3,03,05,06,13,,,,,,,,,1.41,0.73,1.21,4*04
$GPGSV,2,1,07,02,22,092,39.9,29,71,277,39.8,21,27,294,39.7,26,45,127,,1*7C
$GPGSV,2,2,07,30,16,228,39.9,05,04,206,,27,01,095,,1*4F
$GLGSV,1,1,04,84,33,313,40.1,68,54,018,39.5,82,14,191,39.8,69,11,069,39.9,1*7A
$GAGSV,1,1,00,7*73
$GBGSV,2,1,05,03,45,191,38.8,08,17,165,,05,16,249,39.6,06,11,165,39.4,1*61
$GBGSV,2,2,05,13,07,055,39.6,1*54
$GNRMC,194031.000,A,3859.9999,N,11613.9804,E,0.01,331.36,280612,,,A,V*08
$GNVTG,331.36,T,,M,0.01,N,0.03,K,A*25
$GNZDA,194031.000,28,06,2012,,*4B
$GNGGA,194032.000,3859.9999,N,11613.9804,E,1,12,0.73,-4.5,M,-6.8,M,,*41
$PAIRACC,3.32,10.27*7D
$GNGLL,3859.9999,N,11613.9804,E,194032.000,A,A*4C
$GNGSA,A,3,02,29,21,30,,,,,,,,,1.41,0.73,1.21,1*0A
$GNGSA,A,3,84,68,82,69,,,,,,,,,1.41,0.73,1.21,2*07
$GNGSA,A,3,,,,,,,,,,,,,1.41,0.73,1.21,3*01
$GNGSA,A,3,03,05,06,13,,,,,,,,,1.41,0.73,1.21,4*04
$GPGSV,2,1,07,02,22,092,39.9,29,71,277,39.6,21,27,294,40.0,26,45,127,,1*7B
$GPGSV,2,2,07,30,16,228,39.7,05,04,206,,27,01,095,,1*41
$GLGSV,1,1,04,84,33,313,40.2,68,54,018,39.8,82,14,191,40.0,69,11,069,39.7,1*7C
$GAGSV,1,1,00,7*73
$GBGSV,2,1,05,03,45,191,39.4,08,17,165,,05,16,249,39.5,06,11,165,39.4,1*6F
$GBGSV,2,2,05,13,07,055,39.3,1*51
$GNRMC,194032.000,A,3859.9999,N,11613.9804,E,0.01,334.55,280612,,,A,V*0B
$GNVTG,334.55,T,,M,0.01,N,0.03,K,A*25
$GNZDA,194032.000,28,06,2012,,*48
$GNGGA,194033.000,3859.9999,N,11613.9804,E,1,12,0.73,-4.5,M,-6.8,M,,*40
$PAIRACC,3.43,10.94*73
$GNGLL,3859.9999,N,11613.9804,E,194033.000,A,A*4D
$GNGSA,A,3,02,21,29,30,,,,,,,,,1.41,0.73,1.21,1*0A
$GNGSA,A,3,68,84,82,69,,,,,,,,,1.41,0.73,1.21,2*07
$GNGSA,A,3,,,,,,,,,,,,,1.41,0.73,1.21,3*01
$GNGSA,A,3,03,05,06,13,,,,,,,,,1.41,0.73,1.21,4*04
$GPGSV,2,1,07,02,22,092,40.1,26,45,127,,21,27,294,39.3,29,71,277,39.6,1*70
$GPGSV,2,2,07,30,16,228,39.8,05,04,206,,27,01,095,,1*4E
$GLGSV,1,1,04,68,54,018,40.2,84,33,313,40.0,82,14,191,39.7,69,11,069,40.2,1*78
$GAGSV,1,1,00,7*73
$GBGSV,1,1,04,03,45,191,38.7,05,16,249,39.6,06,11,165,39.7,13,07,055,39.7,1*75
$GNRMC,194033.000,A,3859.9999,N,11613.9804,E,0.01,334.30,280612,,,A,V*09
$GNVTG,334.30,T,,M,0.01,N,0.03,K,A*26
$GNZDA,194033.000,28,06,2012,,*49
$GNGGA,194034.000,3859.9999,N,11613.9804,E,1,12,0.73,-4.5,M,-6.8,M,,*47
$PAIRACC,3.32,10.27*7D
$GNGLL,3859.9999,N,11613.9804,E,194034.000,A,A*4A
$GNGSA,A,3,02,21,29,30,,,,,,,,,1.41,0.73,1.21,1*0A
$GNGSA,A,3,68,84,82,69,,,,,,,,,1.41,0.73,1.21,2*07
$GNGSA,A,3,,,,,,,,,,,,,1.41,0.73,1.21,3*01
$GNGSA,A,3,03,05,06,13,,,,,,,,,1.41,0.73,1.21,4*04
$GPGSV,2,1,07,02,22,092,40.0,26,45,127,,21,27,294,39.7,29,71,277,40.1,1*7C
$GPGSV,2,2,07,30,16,228,39.8,05,04,206,,27,01,095,,1*4E
$GLGSV,1,1,04,68,54,018,39.7,84,33,313,40.3,82,14,191,40.1,69,11,069,40.0,1*7A
$GAGSV,1,1,00,7*73
$GBGSV,1,1,04,03,45,191,38.8,05,16,249,39.4,06,11,165,39.5,13,07,055,39.7,1*7A
$GNRMC,194034.000,A,3859.9999,N,11613.9804,E,0.01,324.89,280612,,,A,V*0D
$GNVTG,324.89,T,,M,0.01,N,0.03,K,A*25
$GNZDA,194034.000,28,06,2012,,*4E
$GNGGA,194035.000,3859.9999,N,11613.9804,E,1,12,0.73,-4.5,M,-6.8,M,,*46
$PAIRACC,3.45,10.99*78
$GNGLL,3859.9999,N,11613.9804,E,194035.000,A,A*4B
$GNGSA,A,3,02,21,29,30,,,,,,,,,1.41,0.73,1.21,1*0A
$GNGSA,A,3,68,84,82,69,,,,,,,,,1.41,0.73,1.21,2*07
$GNGSA,A,3,,,,,,,,,,,,,1.41,0.73,1.21,3*01
$GNGSA,A,3,03,05,06,13,,,,,,,,,1.41,0.73,1.21,4*04
$GPGSV,2,1,07,02,22,092,39.8,26,45,127,,21,27,294,39.6,29,71,277,39.6,1*72
$GPGSV,2,2,07,30,16,228,39.5,05,04,206,,27,01,095,,1*43
$GLGSV,1,1,04,68,54,018,39.6,84,33,313,39.5,82,14,191,40.0,69,11,069,40.1,1*73
$GAGSV,1,1,00,7*73
$GBGSV,1,1,04,03,45,191,39.4,05,16,249,39.6,06,11,165,39.6,13,07,055,39.1,1*70
$GNRMC,194035.000,A,3859.9999,N,11613.9804,E,0.01,322.28,280612,,,A,V*01
$GNVTG,322.28,T,,M,0.01,N,0.03,K,A*28
$GNZDA,194035.000,28,06,2012,,*4F
$GNGGA,194036.000,3859.9999,N,11613.9804,E,1,12,0.73,-4.5,M,-6.8,M,,*45
$PAIRACC,3.37,10.35*7B
$GNGLL,3859.9999,N,11613.9804,E,194036.000,A,A*48
$GNGSA,A,3,02,21,29,30,,,,,,,,,1.41,0.73,1.21,1*0A
$GNGSA,A,3,68,84,82,69,,,,,,,,,1.41,0.73,1.21,2*07
$GNGSA,A,3,,,,,,,,,,,,,1.41,0.73,1.21,3*01
$GNGSA,A,3,03,05,06,13,,,,,,,,,1.41,0.73,1.21,4*04
$GPGSV,2,1,07,02,22,092,40.0,26,45,127,,21,27,294,39.0,29,71,277,39.9,1*7D
$GPGSV,2,2,07,30,16,228,39.5,05,04,206,,27,01,095,,1*43
$GLGSV,1,1,04,68,54,018,39.6,84,33,313,40.1,82,14,191,39.8,69,11,069,40.4,1*7A
$GAGSV,1,1,00,7*73
$GBGSV,1,1,04,03,45,191,38.9,05,16,249,39.5,06,11,165,39.8,13,07,055,39.2,1*72
$GNRMC,194036.000,A,3859.9999,N,11613.9804,E,0.01,334.28,280612,,,A,V*05
$GNVTG,334.28,T,,M,0.01,N,0.03,K,A*2F
$GNZDA,194036.000,28,06,2012,,*4C
$GNGGA,194037.000,3859.9999,N,11613.9804,E,1,12,0.73,-4.5,M,-6.8,M,,*44
$PAIRACC,3.39,10.33*73
$GNGLL,3859.9999,N,11613.9804,E,194037.000,A,A*49
$GNGSA,A,3,02,21,29,30,,,,,,,,,1.41,0.73,1.21,1*0A
$GNGSA,A,3,68,84,82,69,,,,,,,,,1.41,0.73,1.21,2*07
$GNGSA,A,3,,,,,,,,,,,,,1.41,0.73,1.21,3*01
$GNGSA,A,3,03,05,06,13,,,,,,,,,1.41,0.73,1.21,4*04
$GPGSV,2,1,07,02,22,092,39.8,26,45,127,,21,27,294,39.9,29,71,277,40.2,1*77
$GPGSV,2,2,07,30,16,228,39.7,05,04,206,,27,01,095,,1*41
$GLGSV,1,1,04,68,54,018,39.8,84,33,313,40.2,82,14,191,40.1,69,11,069,40.4,1*70
$GAGSV,1,1,00,7*73
$GBGSV,1,1,04,03,45,191,38.8,05,16,249,39.9,06,11,165,39.9,13,07,055,39.5,1*79
$GNRMC,194037.000,A,3859.9999,N,11613.9804,E,0.01,339.18,280612,,,A,V*0A
$GNVTG,339.18,T,,M,0.01,N,0.03,K,A*21
$GNZDA,194037.000,28,06,2012,,*4D
$GNGGA,194038.000,3859.9999,N,11613.9804,E,1,12,0.73,-4.6,M,-6.8,M,,*48
$PAIRACC,3.43,11.00*7F
$GNGLL,3859.9999,N,11613.9804,E,194038.000,A,A*46
$GNGSA,A,3,02,21,29,30,,,,,,,,,1.41,0.73,1.21,1*0A
$GNGSA,A,3,68,84,82,69,,,,,,,,,1.41,0.73,1.21,2*07
$GNGSA,A,3,,,,,,,,,,,,,1.41,0.73,1.21,3*01
$GNGSA,A,3,03,05,06,13,,,,,,,,,1.41,0.73,1.21,4*04
$GPGSV,2,1,07,02,22,092,39.7,26,45,127,,21,27,294,39.5,29,71,277,39.3,1*7B
$GPGSV,2,2,07,30,16,228,39.7,05,04,206,,27,01,095,,1*41
$GLGSV,1,1,04,68,54,018,40.1,84,33,313,40.0,82,14,191,39.9,69,11,069,40.1,1*76
$GAGSV,1,1,00,7*73
$GBGSV,1,1,04,03,45,191,39.5,05,16,249,39.6,06,11,165,39.5,13,07,055,39.6,1*75
$GNRMC,194038.000,A,3859.9999,N,11613.9804,E,0.01,342.30,280612,,,A,V*03
$GNVTG,342.30,T,,M,0.01,N,0.02,K,A*26
$GNZDA,194038.000,28,06,2012,,*42
$GNGGA,194039.000,3860.0000,N,11613.9804,E,1,12,0.73,-4.6,M,-6.8,M,,*43
$PAIRACC,3.39,10.33*73
$GNGLL,3860.0000,N,11613.9804,E,194039.000,A,A*4D
$GNGSA,A,3,02,21,29,30,,,,,,,,,1.41,0.73,1.21,1*0A
$GNGSA,A,3,68,84,82,69,,,,,,,,,1.41,0.73,1.21,2*07
$GNGSA,A,3,,,,,,,,,,,,,1.41,0.73,1.21,3*01
$GNGSA,A,3,03,05,06,13,,,,,,,,,1.41,0.73,1.21,4*04
$GPGSV,2,1,07,02,22,092,39.8,26,45,127,,21,27,294,39.7,29,71,277,39.5,1*70
$GPGSV,2,2,07,30,16,228,39.8,05,04,206,,27,01,095,,1*4E
$GLGSV,1,1,04,68,54,018,39.7,84,33,313,39.9,82,14,191,39.9,69,11,069,40.1,1*79
$GAGSV,1,1,00,7*73
$GBGSV,1,1,04,03,45,191,38.6,05,16,249,39.6,06,11,165,39.6,13,07,055,40.0,1*7C
$GNRMC,194039.000,A,3860.0000,N,11613.9804,E,0.01,343.40,280612,,,A,V*0E
$GNVTG,343.40,T,,M,0.01,N,0.02,K,A*20
$GNZDA,194039.000,28,06,2012,,*43
$GNGGA,194040.000,3860.0000,N,11613.9804,E,1,12,0.73,-4.6,M,-6.8,M,,*4D
$PAIRACC,3.42,10.95*73
$GNGLL,3860.0000,N,11613.9804,E,194040.000,A,A*43
$GNGSA,A,3,02,21,29,30,,,,,,,,,1.41,0.73,1.21,1*0A
$GNGSA,A,3,68,84,82,69,,,,,,,,,1.41,0.73,1.21,2*07
$GNGSA,A,3,,,,,,,,,,,,,1.41,0.73,1.21,3*01
$GNGSA,A,3,03,05,06,13,,,,,,,,,1.41,0.73,1.21,4*04
$GPGSV,2,1,07,02,22,092,39.9,26,45,127,,21,27,294,39.1,29,71,277,39.7,1*75
$GPGSV,2,2,07,30,16,228,40.2,05,04,206,,27,01,095,,1*4A
$GLGSV,1,1,04,68,54,018,39.9,84,33,313,40.0,82,14,191,39.9,69,11,069,40.0,1*71
$GAGSV,1,1,00,7*73
$GBGSV,1,1,04,03,45,191,38.5,05,16,249,39.5,06,11,165,39.2,13,07,055,39.8,1*7E
$GNRMC,194040.000,A,3860.0000,N,11613.9804,E,0.01,340.41,280612,,,A,V*02
$GNVTG,340.41,T,,M,0.01,N,0.02,K,A*22
$GNZDA,194040.000,28,06,2012,,*4D
$GNGGA,194041.000,3860.0000,N,11613.9804,E,1,12,0.73,-4.6,M,-6.8,M,,*4C
$PAIRACC,3.34,10.30*7D
$GNGLL,3860.0000,N,11613.9804,E,194041.000,A,A*42
$GNGSA,A,3,02,21,29,30,,,,,,,,,1.41,0.73,1.21,1*0A
$GNGSA,A,3,68,84,82,69,,,,,,,,,1.41,0.73,1.21,2*07
$GNGSA,A,3,,,,,,,,,,,,,1.41,0.73,1.21,3*01
$GNGSA,A,3,03,05,06,13,,,,,,,,,1.41,0.73,1.21,4*04
$GPGSV,2,1,07,02,22,092,39.7,26,45,127,,21,27,294,39.6,29,71,277,39.7,1*7C
$GPGSV,2,2,07,30,16,228,39.8,05,04,206,,27,01,095,,1*4E
$GLGSV,1,1,04,68,54,018,40.0,84,33,313,39.9,82,14,191,40.1,69,11,069,40.3,1*74
$GAGSV,1,1,00,7*73
$GBGSV,1,1,04,03,45,191,39.3,05,16,249,39.6,06,11,165,39.5,13,07,055,40.1,1*7A
$GNRMC,194041.000,A,3860.0000,N,11613.9804,E,0.01,337.92,280612,,,A,V*0D
$GNVTG,337.92,T,,M,0.01,N,0.02,K,A*2C
$GNZDA,194041.000,28,06,2012,,*4C
$GNGGA,194042.000,3860.0000,N,11613.9805,E,1,12,0.73,-4.6,M,-6.8,M,,*4E
$PAIRACC,3.37,10.30*7E
$GNGLL,3860.0000,N,11613.9805,E,194042.000,A,A*40
$GNGSA,A,3,02,21,29,30,,,,,,,,,1.41,0.73,1.21,1*0A
$GNGSA,A,3,68,84,82,69,,,,,,,,,1.41,0.73,1.21,2*07
$GNGSA,A,3,,,,,,,,,,,,,1.41,0.73,1.21,3*01
$GNGSA,A,3,03,05,06,13,,,,,,,,,1.41,0.73,1.21,4*04
$GPGSV,2,1,07,02,22,092,40.0,26,45,127,,21,27,294,39.9,29,71,277,39.7,1*7A
$GPGSV,2,2,07,30,16,228,39.9,05,04,206,,27,01,095,,1*4F
$GLGSV,1,1,04,68,54,018,39.4,84,33,313,40.3,82,14,191,39.8,69,11,069,39.4,1*74
$GAGSV,1,1,00,7*73
$GBGSV,1,1,04,03,45,191,38.6,05,16,249,39.2,06,11,165,39.7,13,07,055,39.8,1*7F
$GNRMC,194042.000,A,3860.0000,N,11613.9805,E,0.01,337.71,280612,,,A,V*02
$GNVTG,337.71,T,,M,0.01,N,0.02,K,A*21
$GNZDA,194042.000,28,06,2012,,*4F
$GNGGA,194043.000,3860.0000,N,11613.9805,E,1,12,0.73,-4.6,M,-6.8,M,,*4F
$PAIRACC,3.44,10.98*78
$GNGLL,3860.0000,N,11613.9805,E,194043.000,A,A*41
$GNGSA,A,3,02,21,29,30,,,,,,,,,1.41,0.73,1.21,1*0A
$GNGSA,A,3,68,84,82,69,,,,,,,,,1.41,0.73,1.21,2*07
$GNGSA,A,3,,,,,,,,,,,,,1.41,0.73,1.21,3*01
$GNGSA,A,3,03,05,06,13,,,,,,,,,1.41,0.73,1.21,4*04
$GPGSV,2,1,07,02,22,092,40.4,26,45,127,,21,27,294,39.8,29,71,277,39.6,1*7E
$GPGSV,2,2,07,30,16,228,40.1,05,04,206,,27,01,095,,1*49
$GLGSV,1,1,04,68,54,018,39.5,84,33,313,39.7,82,14,191,39.9,69,11,069,40.4,1*70
$GAGSV,1,1,00,7*73
$GBGSV,1,1,04,03,45,191,38.3,05,16,249,39.3,06,11,165,39.4,13,07,055,39.8,1*78
$GNRMC,194043.000,A,3860.0000,N,11613.9805,E,0.01,337.00,280612,,,A,V*05
$GNVTG,337.00,T,,M,0.01,N,0.02,K,A*27
$GNZDA,194043.000,28,06,2012,,*4E
$GNGGA,194044.000,3900.0000,N,11613.9805,E,1,12,0.73,-4.6,M,-6.8,M,,*4F
$PAIRACC,3.40,10.35*7B
$GNGLL,3900.0000,N,11613.9805,E,194044.000,A,A*41
$GNGSA,A,3,02,21,29,30,,,,,,,,,1.41,0.73,1.21,1*0A
$GNGSA,A,3,68,84,82,69,,,,,,,,,1.41,0.73,1.21,2*07
$GNGSA,A,3,,,,,,,,,,,,,1.41,0.73,1.21,3*01
$GNGSA,A,3,03,05,06,13,,,,,,,,,1.41,0.73,1.21,4*04
$GPGSV,2,1,07,02,22,092,40.0,26,45,127,,21,27,294,39.6,29,71,277,40.1,1*7D
$GPGSV,2,2,07,30,16,228,39.9,05,04,206,,27,01,095,,1*4F
$GLGSV,1,1,04,68,54,018,39.4,84,33,313,40.2,82,14,191,40.1,69,11,069,39.9,1*7F
$GAGSV,1,1,00,7*73
$GBGSV,1,1,04,03,45,191,39.4,05,16,249,39.6,06,11,165,39.6,13,07,055,40.0,1*7F
$GNRMC,194044.000,A,3900.0000,N,11613.9805,E,0.01,341.88,280612,,,A,V*04
$GNVTG,341.88,T,,M,0.01,N,0.02,K,A*26
$GNZDA,194044.000,28,06,2012,,*49
$GNGGA,194045.000,3900.0000,N,11613.9805,E,1,12,0.73,-4.6,M,-6.8,M,,*4E
$PAIRACC,3.44,10.99*79
$GNGLL,3900.0000,N,11613.9805,E,194045.000,A,A*40
$GNGSA,A,3,02,21,29,30,,,,,,,,,1.41,0.73,1.21,1*0A
$GNGSA,A,3,68,84,82,69,,,,,,,,,1.41,0.73,1.21,2*07
$GNGSA,A,3,,,,,,,,,,,,,1.41,0.73,1.21,3*01
$GNGSA,A,3,03,05,06,13,,,,,,,,,1.41,0.73,1.21,4*04
$GPGSV,2,1,07,02,22,092,39.9,26,45,127,,21,27,294,39.8,29,71,277,39.5,1*7E
$GPGSV,2,2,07,30,16,228,40.0,05,04,206,,27,01,095,,1*48
$GLGSV,1,1,04,68,54,018,39.4,84,33,313,40.1,82,14,191,39.6,69,11,069,40.2,1*70
$GAGSV,1,1,00,7*73
$GBGSV,1,1,04,03,45,191,38.6,05,16,249,39.6,06,11,165,39.8,13,07,055,39.8,1*74
$GNRMC,194045.000,A,3900.0000,N,11613.9805,E,0.01,338.45,280612,,,A,V*0A
$GNVTG,338.45,T,,M,0.01,N,0.02,K,A*29
$GNZDA,194045.000,28,06,2012,,*48
$GNGGA,194046.000,3900.0000,N,11613.9805,E,1,12,0.73,-4.6,M,-6.8,M,,*4D
$PAIRACC,3.39,10.36*76
$GNGLL,3900.0000,N,11613.9805,E,194046.000,A,A*43
$GNGSA,A,3,02,21,29,30,,,,,,,,,1.41,0.73,1.21,1*0A
$GNGSA,A,3,68,84,82,69,,,,,,,,,1.41,0.73,1.21,2*07
$GNGSA,A,3,,,,,,,,,,,,,1.41,0.73,1.21,3*01
$GNGSA,A,3,03,05,06,13,,,,,,,,,1.41,0.73,1.21,4*04
$GPGSV,2,1,07,02,22,092,40.1,26,45,127,,21,27,294,39.8,29,71,277,39.4,1*79
$GPGSV,2,2,07,30,16,228,39.9,05,04,206,,27,01,095,,1*4F
$GLGSV,1,1,04,68,54,018,40.2,84,33,313,40.2,82,14,191,40.0,69,11,069,39.7,1*78
$GAGSV,1,1,00,7*73
$GBGSV,1,1,04,03,45,191,38.1,05,16,249,39.3,06,11,165,39.8,13,07,055,40.0,1*70
$GNRMC,194046.000,A,3900.0000,N,11613.9805,E,0.01,336.18,280612,,,A,V*0F
$GNVTG,336.18,T,,M,0.01,N,0.02,K,A*2F
$GNZDA,194046.000,28,06,2012,,*4B
$GNGGA,194047.000,3900.0000,N,11613.9805,E,1,12,0.73,-4.6,M,-6.8,M,,*4C
$PAIRACC,3.47,11.00*7B
$GNGLL,3900.0000,N,11613.9805,E,194047.000,A,A*42
$GNGSA,A,3,02,21,29,30,,,,,,,,,1.41,0.73,1.21,1*0A
$GNGSA,A,3,68,84,82,69,,,,,,,,,1.41,0.73,1.21,2*07
$GNGSA,A,3,,,,,,,,,,,,,1.41,0.73,1.21,3*01
$GNGSA,A,3,03,05,06,13,,,,,,,,,1.41,0.73,1.21,4*04
$GPGSV,2,1,07,02,22,092,40.0,26,45,127,,21,27,294,39.4,29,71,277,39.8,1*78
$GPGSV,2,2,07,30,16,228,39.7,05,04,206,,27,01,095,,1*41
$GLGSV,1,1,04,68,54,018,40.2,84,33,313,39.5,82,14,191,39.8,69,11,069,40.3,1*7D
$GAGSV,1,1,00,7*73
$GBGSV,1,1,04,03,45,191,39.2,05,16,249,39.3,06,11,165,39.5,13,07,055,39.4,1*75
$GNRMC,194047.000,A,3900.0000,N,11613.9805,E,0.01,333.58,280612,,,A,V*0F
$GNVTG,333.58,T,,M,0.01,N,0.02,K,A*2E
$GNZDA,194047.000,28,06,2012,,*4A
$GNGGA,194048.000,3900.0000,N,11613.9805,E,1,12,0.73,-4.6,M,-6.8,M,,*43
$PAIRACC,3.39,10.37*77
$GNGLL,3900.0000,N,11613.9805,E,194048.000,A,A*4D
$GNGSA,A,3,02,21,29,30,,,,,,,,,1.41,0.73,1.21,1*0A
$GNGSA,A,3,68,84,82,69,,,,,,,,,1.41,0.73,1.21,2*07
$GNGSA,A,3,,,,,,,,,,,,,1.41,0.73,1.21,3*01
$GNGSA,A,3,03,05,06,13,,,,,,,,,1.41,0.73,1.21,4*04
$GPGSV,2,1,07,02,22,092,40.1,26,45,127,,21,27,294,39.4,29,71,277,39.9,1*78
$GPGSV,2,2,07,30,16,228,39.7,05,04,206,,27,01,095,,1*41
$GLGSV,1,1,04,68,54,018,39.6,84,33,313,40.0,82,14,191,39.6,69,11,069,39.6,1*79
$GAGSV,1,1,00,7*73
$GBGSV,1,1,04,03,45,191,38.4,05,16,249,39.4,06,11,165,39.9,13,07,055,39.5,1*78
$GNRMC,194048.000,A,3900.0000,N,11613.9805,E,0.01,336.86,280612,,,A,V*06
$GNVTG,336.86,T,,M,0.01,N,0.02,K,A*28
$GNZDA,194048.000,28,06,2012,,*45
$GNGGA,194049.000,3900.0000,N,11613.9805,E,1,12,0.73,-4.6,M,-6.8,M,,*42
$PAIRACC,3.47,11.01*7A
$GNGLL,3900.0000,N,11613.9805,E,194049.000,A,A*4C
$GNGSA,A,3,02,21,29,30,,,,,,,,,1.41,0.73,1.21,1*0A
$GNGSA,A,3,68,84,82,69,,,,,,,,,1.41,0.73,1.21,2*07
$GNGSA,A,3,,,,,,,,,,,,,1.41,0.73,1.21,3*01
$GNGSA,A,3,03,05,06,13,,,,,,,,,1.41,0.73,1.21,4*04
$GPGSV,2,1,07,02,22,092,39.8,26,45,127,,21,27,294,39.1,29,71,277,39.7,1*74
$GPGSV,2,2,07,30,16,228,39.7,05,04,206,,27,01,095,,1*41
$GLGSV,1,1,04,68,54,018,39.8,84,33,313,40.0,82,14,191,39.6,69,11,069,40.0,1*7F
$GAGSV,1,1,00,7*73
$GBGSV,1,1,04,03,45,191,38.6,05,16,249,39.6,06,11,165,39.3,13,07,055,39.7,1*70
$GNRMC,194049.000,A,3900.0000,N,11613.9805,E,0.01,331.37,280612,,,A,V*0A
$GNVTG,331.37,T,,M,0.01,N,0.02,K,A*25
$GNZDA,194049.000,28,06,2012,,*44
$GNGGA,194050.000,3900.0000,N,11613.9805,E,1,12,0.73,-4.6,M,-6.8,M,,*4A
$PAIRACC,3.38,10.33*72
$GNGLL,3900.0000,N,11613.9805,E,194050.000,A,A*44
$GNGSA,A,3,02,21,29,30,,,,,,,,,1.41,0.73,1.21,1*0A
$GNGSA,A,3,68,84,82,69,,,,,,,,,1.41,0.73,1.21,2*07
$GNGSA,A,3,,,,,,,,,,,,,1.41,0.73,1.21,3*01
$GNGSA,A,3,03,05,06,13,,,,,,,,,1.41,0.73,1.21,4*04
$GPGSV,2,1,07,02,22,092,40.1,26,45,127,,21,27,294,39.8,29,71,277,39.6,1*7B
$GPGSV,2,2,07,30,16,228,40.1,05,04,206,,27,01,095,,1*49
$GLGSV,1,1,04,68,54,018,40.2,84,33,313,39.7,82,14,191,40.3,69,11,069,39.7,1*70
$GAGSV,1,1,00,7*73
$GBGSV,1,1,04,03,45,191,39.3,05,16,249,39.6,06,11,165,39.4,13,07,055,39.8,1*7C
$GNRMC,194050.000,A,3900.0000,N,11613.9805,E,0.01,333.73,280612,,,A,V*00
$GNVTG,333.73,T,,M,0.01,N,0.02,K,A*27
$GNZDA,194050.000,28,06,2012,,*4C
$GNGGA,194051.000,3900.0001,N,11613.9805,E,1,12,0.73,-4.6,M,-6.8,M,,*4A
$PAIRACC,3.35,10.34*78
$GNGLL,3900.0001,N,11613.9805,E,194051.000,A,A*44
$GNGSA,A,3,02,21,29,30,,,,,,,,,1.41,0.73,1.21,1*0A
$GNGSA,A,3,68,84,82,69,,,,,,,,,1.41,0.73,1.21,2*07
$GNGSA,A,3,,,,,,,,,,,,,1.41,0.73,1.21,3*01
$GNGSA,A,3,03,05,06,13,,,,,,,,,1.41,0.73,1.21,4*04
$GPGSV,2,1,07,02,22,092,39.9,26,45,127,,21,27,294,39.4,29,71,277,39.9,1*7E
$GPGSV,2,2,07,30,16,228,39.8,05,04,206,,27,01,095,,1*4E
$GLGSV,1,1,04,68,54,018,39.8,84,33,313,39.5,82,14,191,39.7,69,11,069,39.9,1*72
$GAGSV,1,1,00,7*73
$GBGSV,1,1,04,03,45,191,38.8,05,16,249,39.4,06,11,165,39.7,13,07,055,39.7,1*78
$GNRMC,194051.000,A,3900.0001,N,11613.9805,E,0.01,333.53,280612,,,A,V*02
$GNVTG,333.53,T,,M,0.01,N,0.02,K,A*25
$GNZDA,194051.000,28,06,2012,,*4D
$GNGGA,194052.000,3900.0001,N,11613.9805,E,1,12,0.73,-4.6,M,-6.8,M,,*49
$PAIRACC,3.38,10.33*72
$GNGLL,3900.0001,N,11613.9805,E,194052.000,A,A*47
$GNGSA,A,3,02,29,21,30,,,,,,,,,1.41,0.73,1.21,1*0A
$GNGSA,A,3,68,84,82,69,,,,,,,,,1.41,0.73,1.21,2*07
$GNGSA,A,3,,,,,,,,,,,,,1.41,0.73,1.21,3*01
$GNGSA,A,3,03,05,06,13,,,,,,,,,1.41,0.73,1.21,4*04
$GPGSV,2,1,07,02,22,092,40.3,29,71,277,40.0,21,27,294,39.5,26,45,127,,1*7C
$GPGSV,2,2,07,30,16,228,40.1,05,04,206,,27,01,095,,1*49
$GLGSV,2,1,05,83,46,241,,68,54,018,39.8,84,33,313,40.3,82,14,191,40.0,1*62
$GLGSV,2,2,05,69,11,069,40.0,1*57
$GAGSV,1,1,00,7*73
$GBGSV,1,1,04,03,45,191,38.3,05,16,249,39.4,06,11,165,40.1,13,07,055,39.3,1*7F
$GNRMC,194052.000,A,3900.0001,N,11613.9805,E,0.01,337.59,280612,,,A,V*0F
$GNVTG,337.59,T,,M,0.01,N,0.02,K,A*2B
$GNZDA,194052.000,28,06,2012,,*4E
$GNGGA,194053.000,3900.0001,N,11613.9805,E,1,12,0.73,-4.6,M,-6.8,M,,*48
$PAIRACC,3.35,10.34*78
$GNGLL,3900.0001,N,11613.9805,E,194053.000,A,A*46
$GNGSA,A,3,02,29,21,30,,,,,,,,,1.41,0.73,1.21,1*0A
$GNGSA,A,3,84,68,82,69,,,,,,,,,1.41,0.73,1.21,2*07
$GNGSA,A,3,,,,,,,,,,,,,1.41,0.73,1.21,3*01
$GNGSA,A,3,03,05,06,13,,,,,,,,,1.41,0.73,1.21,4*04
$GPGSV,2,1,07,02,22,092,40.4,29,71,277,39.9,21,27,294,39.6,26,45,127,,1*7F
$GPGSV,2,2,07,30,16,228,40.2,05,04,206,,27,01,095,,1*4A
$GLGSV,2,1,05,84,33,313,39.8,68,54,018,40.1,80,33,096,,82,14,191,40.0,1*69
$GLGSV,2,2,05,69,11,069,40.1,1*56
$GAGSV,1,1,00,7*73
$GBGSV,2,1,05,03,45,191,39.2,10,43,214,,05,16,249,39.4,06,11,165,39.4,1*65
$GBGSV,2,2,05,13,07,055,39.7,1*55
$GNRMC,194053.000,A,3900.0001,N,11613.9805,E,0.01,335.98,280612,,,A,V*01
$GNVTG,335.98,T,,M,0.01,N,0.02,K,A*24
$GNZDA,194053.000,28,06,2012,,*4F
$GNGGA,194054.000,3900.0001,N,11613.9805,E,1,12,0.73,-4.6,M,-6.8,M,,*4F
$PAIRACC,3.34,10.30*7D
$GNGLL,3900.0001,N,11613.9805,E,194054.000,A,A*41
$GNGSA,A,3,02,21,29,30,,,,,,,,,1.41,0.73,1.21,1*0A
$GNGSA,A,3,68,84,82,69,,,,,,,,,1.41,0.73,1.21,2*07
$GNGSA,A,3,,,,,,,,,,,,,1.41,0.73,1.21,3*01
$GNGSA,A,3,03,05,06,13,,,,,,,,,1.41,0.73,1.21,4*04
$GPGSV,2,1,07,02,22,092,39.5,21,27,294,39.7,29,71,277,40.0,26,45,127,,1*76
$GPGSV,2,2,07,30,16,228,39.9,05,04,206,,27,01,095,,1*4F
$GLGSV,2,1,06,78,30,113,,68,54,018,40.1,84,33,313,40.0,77,27,055,,1*7D
$GLGSV,2,2,06,82,14,191,40.0,69,11,069,39.9,1*7F
$GAGSV,1,1,00,7*73
$GBGSV,2,1,06,03,45,191,39.0,10,43,214,,07,26,187,,05,16,249,39.3,1*7A
$GBGSV,2,2,06,06,11,165,39.7,13,07,055,39.3,1*75
$GNRMC,194054.000,A,3900.0001,N,11613.9805,E,0.01,335.71,280612,,,A,V*01
$GNVTG,335.71,T,,M,0.01,N,0.02,K,A*23
$GNZDA,194054.000,28,06,2012,,*48
$GNGGA,194055.000,3900.0001,N,11613.9805,E,1,12,0.73,-4.6,M,-6.8,M,,*4E
$PAIRACC,3.50,11.04*79
$GNGLL,3900.0001,N,11613.9805,E,194055.000,A,A*40
$GNGSA,A,3,02,29,21,30,,,,,,,,,1.41,0.73,1.21,1*0A
$GNGSA,A,3,84,68,82,69,,,,,,,,,1.41,0.73,1.21,2*07
$GNGSA,A,3,,,,,,,,,,,,,1.41,0.73,1.21,3*01
$GNGSA,A,3,03,05,06,13,,,,,,,,,1.41,0.73,1.21,4*04
$GPGSV,2,1,07,02,22,092,40.2,29,71,277,40.0,21,27,294,39.5,26,45,127,,1*7D
$GPGSV,2,2,07,30,16,228,40.1,05,04,206,,27,01,095,,1*49
$GLGSV,2,1,05,84,33,313,39.8,68,54,018,39.8,67,25,060,,82,14,191,39.7,1*60
$GLGSV,2,2,05,69,11,069,40.0,1*57
$GAGSV,1,1,00,7*73
$GBGSV,2,1,05,03,45,191,38.4,10,43,214,,05,16,249,39.5,06,11,165,39.5,1*62
$GBGSV,2,2,05,13,07,055,39.7,1*55
$GNRMC,194055.000,A,3900.0001,N,11613.9805,E,0.01,332.26,280612,,,A,V*05
$GNVTG,332.26,T,,M,0.01,N,0.02,K,A*26
$GNZDA,194055.000,28,06,2012,,*49
$GNGGA,194056.000,3900.0001,N,11613.9805,E,1,12,0.73,-4.6,M,-6.8,M,,*4D
$PAIRACC,3.34,10.30*7D
$GNGLL,3900.0001,N,11613.9805,E,194056.000,A,A*43
$GNGSA,A,3,02,21,29,30,,,,,,,,,1.41,0.73,1.21,1*0A
$GNGSA,A,3,68,84,82,69,,,,,,,,,1.41,0.73,1.21,2*07
$GNGSA,A,3,,,,,,,,,,,,,1.41,0.73,1.21,3*01
$GNGSA,A,3,03,05,06,13,,,,,,,,,1.41,0.73,1.21,4*04
$GPGSV,2,1,07,02,22,092,40.2,21,27,294,39.6,29,71,277,40.0,26,45,127,,1*7E
$GPGSV,2,2,07,30,16,228,40.0,05,04,206,,27,01,095,,1*48
$GLGSV,2,1,05,67,25,060,,68,54,018,40.0,84,33,313,40.0,82,14,191,39.7,1*60
$GLGSV,2,2,05,69,11,069,40.0,1*57
$GAGSV,1,1,00,7*73
$GBGSV,2,1,06,03,45,191,39.5,10,43,214,,08,17,165,,05,16,249,39.2,1*7F
$GBGSV,2,2,06,06,11,165,39.2,13,07,055,39.3,1*70
$GNRMC,194056.000,A,3900.0001,N,11613.9805,E,0.01,332.96,280612,,,A,V*0D
$GNVTG,332.96,T,,M,0.01,N,0.03,K,A*2C
$GNZDA,194056.000,28,06,2012,,*4A
$GNGGA,194057.000,3900.0001,N,11613.9805,E,1,12,0.73,-4.6,M,-6.8,M,,*4C
$PAIRACC,3.35,10.33*7F
$GNGLL,3900.0001,N,11613.9805,E,194057.000,A,A*42
$GNGSA,A,3,02,21,29,30,,,,,,,,,1.41,0.73,1.21,1*0A
$GNGSA,A,3,82,68,84,69,,,,,,,,,1.41,0.73,1.21,2*07
$GNGSA,A,3,,,,,,,,,,,,,1.41,0.73,1.21,3*01
$GNGSA,A,3,05,03,06,13,,,,,,,,,1.41,0.73,1.21,4*04
$GPGSV,2,1,07,02,22,092,40.3,21,27,294,39.3,29,71,277,39.7,26,45,127,,1*73
$GPGSV,2,2,07,30,16,228,40.1,05,04,206,,27,01,095,,1*49
$GLGSV,1,1,04,82,14,191,40.0,68,54,018,40.1,84,33,313,39.8,69,11,069,39.8,1*70
$GAGSV,1,1,00,7*73
$GBGSV,2,1,07,05,16,249,39.6,10,43,214,,08,17,165,,03,45,191,39.0,1*7F
$GBGSV,2,2,07,06,11,165,39.4,11,10,055,,13,07,055,39.6,1*43
$GNRMC,194057.000,A,3900.0001,N,11613.9805,E,0.01,331.17,280612,,,A,V*06
$GNVTG,331.17,T,,M,0.01,N,0.03,K,A*26
$GNZDA,194057.000,28,06,2012,,*4B
$GNGGA,194058.000,3900.0001,N,11613.9805,E,1,12,0.73,-4.7,M,-6.8,M,,*42
$PAIRACC,3.33,10.29*72
$GNGLL,3900.0001,N,11613.9805,E,194058.000,A,A*4D
$GNGSA,A,3,02,21,29,30,,,,,,,,,1.41,0.73,1.21,1*0A
$GNGSA,A,3,82,68,84,69,,,,,,,,,1.41,0.73,1.21,2*07
$GNGSA,A,3,,,,,,,,,,,,,1.41,0.73,1.21,3*01
$GNGSA,A,3,05,03,06,13,,,,,,,,,1.41,0.73,1.21,4*04
$GPGSV,2,1,07,02,21,093,39.5,21,27,294,39.8,29,71,277,40.0,26,45,127,,1*7B
$GPGSV,2,2,07,30,16,228,39.8,05,04,206,,27,01,095,,1*4E
$GLGSV,2,1,05,82,14,191,40.0,68,54,018,40.4,84,33,313,39.7,69,11,069,40.2,1*7C
$GLGSV,2,2,05,79,04,160,,1*40
$GAGSV,1,1,00,7*73
$GBGSV,2,1,07,05,16,249,39.9,10,43,214,,08,17,165,,03,45,191,38.4,1*75
$GBGSV,2,2,07,06,11,165,39.4,11,10,055,,13,07,055,39.3,1*46
$GNRMC,194058.000,A,3900.0001,N,11613.9805,E,0.01,327.99,280612,,,A,V*08
$GNVTG,327.99,T,,M,0.01,N,0.03,K,A*27
$GNZDA,194058.000,28,06,2012,,*44
$GNGGA,194059.000,3900.0001,N,11613.9805,E,1,12,0.73,-4.7,M,-6.8,M,,*43
$PAIRACC,3.33,10.29*72
$GNGLL,3900.0001,N,11613.9805,E,194059.000,A,A*4C
$GNGSA,A,3,02,29,21,30,,,,,,,,,1.41,0.73,1.21,1*0A
$GNGSA,A,3,84,68,82,69,,,,,,,,,1.41,0.73,1.21,2*07
$GNGSA,A,3,,,,,,,,,,,,,1.41,0.73,1.21,3*01
$GNGSA,A,3,03,05,06,13,,,,,,,,,1.41,0.73,1.21,4*04
$GPGSV,2,1,07,02,21,093,40.1,29,71,277,39.8,21,27,294,39.3,26,45,127,,1*7C
$GPGSV,2,2,07,30,16,228,39.9,05,04,206,,27,01,095,,1*4F
$GLGSV,1,1,04,84,33,313,39.9,68,54,018,39.8,82,14,191,39.8,69,11,069,39.8,1*70
$GAGSV,1,1,00,7*73
$GBGSV,2,1,06,03,45,191,39.6,08,17,165,,05,16,249,39.5,06,11,165,39.6,1*6C
$GBGSV,2,2,06,11,10,055,,13,07,055,39.3,1*63
$GNRMC,194059.000,A,3900.0001,N,11613.9805,E,0.01,328.97,280612,,,A,V*08
$GNVTG,328.97,T,,M,0.01,N,0.03,K,A*26
$GNZDA,194059.000,28,06,2012,,*45
$GNGGA,194100.000,3900.0002,N,11613.9805,E,1,12,0.73,-4.7,M,-6.8,M,,*4D
$PAIRACC,3.33,10.29*72
$GNGLL,3900.0002,N,11613.9805,E,194100.000,A,A*42
$GNGSA,A,3,02,29,21,30,,,,,,,,,1.41,0.73,1.21,1*0A
$GNGSA,A,3,84,68,82,69,,,,,,,,,1.41,0.73,1.21,2*07
$GNGSA,A,3,,,,,,,,,,,,,1.41,0.73,1.21,3*01
$GNGSA,A,3,03,05,06,13,,,,,,,,,1.41,0.73,1.21,4*04
$GPGSV,2,1,07,02,21,093,40.3,29,71,277,40.0,21,27,294,39.9,26,45,127,,1*72
$GPGSV,2,2,07,30,16,228,40.1,05,04,206,,27,01,095,,1*49
$GLGSV,1,1,04,84,33,313,40.2,68,54,018,39.9,82,14,191,40.3,69,11,069,40.1,1*76
$GAGSV,1,1,00,7*73
$GBGSV,2,1,06,03,45,191,38.8,08,17,165,,05,16,249,39.5,06,11,165,39.7,1*62
$GBGSV,2,2,06,11,10,055,,13,07,055,39.6,1*66
$GNRMC,194100.000,A,3900.0002,N,11613.9805,E,0.01,328.73,280612,,,A,V*0C
$GNVTG,328.73,T,,M,0.01,N,0.03,K,A*2C
$GNZDA,194100.000,28,06,2012,,*48
$GNGGA,194101.000,3900.0002,N,11613.9805,E,1,12,0.73,-4.7,M,-6.8,M,,*4C
$PAIRACC,3.35,10.32*7E
$GNGLL,3900.0002,N,11613.9805,E,194101.000,A,A*43
$GNGSA,A,3,02,29,21,30,,,,,,,,,1.41,0.73,1.21,1*0A
$GNGSA,A,3,84,68,82,69,,,,,,,,,1.41,0.73,1.21,2*07
$GNGSA,A,3,,,,,,,,,,,,,1.41,0.73,1.21,3*01
$GNGSA,A,3,03,05,06,13,,,,,,,,,1.41,0.73,1.21,4*04
$GPGSV,2,1,07,02,21,093,40.1,29,71,277,40.2,21,27,294,39.7,26,45,127,,1*7C
$GPGSV,2,2,07,30,16,228,39.7,05,04,206,,27,01,095,,1*41
$GLGSV,1,1,04,84,33,313,39.8,68,54,018,40.1,82,14,191,39.8,69,11,069,40.1,1*71
$GAGSV,1,1,00,7*73
$GBGSV,2,1,06,03,45,191,38.4,08,17,165,,05,16,249,39.5,06,11,165,39.6,1*6F
$GBGSV,2,2,06,11,10,055,,13,07,055,39.6,1*66
$GNRMC,194101.000,A,3900.0002,N,11613.9805,E,0.01,331.35,280612,,,A,V*07
$GNVTG,331.35,T,,M,0.01,N,0.03,K,A*26
$GNZDA,194101.000,28,06,2012,,*49
$GNGGA,194102.000,3900.0002,N,11613.9805,E,1,12,0.73,-4.7,M,-6.8,M,,*4F
$PAIRACC,3.33,10.28*73
$GNGLL,3900.0002,N,11613.9805,E,194102.000,A,A*40
$GNGSA,A,3,02,29,21,30,,,,,,,,,1.41,0.73,1.21,1*0A
$GNGSA,A,3,84,68,82,69,,,,,,,,,1.41,0.73,1.21,2*07
$GNGSA,A,3,,,,,,,,,,,,,1.41,0.73,1.21,3*01
$GNGSA,A,3,03,05,06,13,,,,,,,,,1.41,0.73,1.21,4*04
$GPGSV,2,1,07,02,21,093,40.2,29,71,277,40.2,21,27,294,40.0,26,45,127,,1*76
$GPGSV,2,2,07,30,16,228,40.0,05,04,206,,27,01,095,,1*48
$GLGSV,1,1,04,84,33,313,40.3,68,54,018,40.4,82,14,191,40.0,69,11,069,40.3,1*75
$GAGSV,1,1,00,7*73
$GBGSV,2,1,05,03,45,191,39.5,05,16,249,39.6,06,11,165,39.6,11,10,055,,1*62
$GBGSV,2,2,05,13,07,055,39.8,1*5A
$GNRMC,194102.000,A,3900.0002,N,11613.9805,E,0.01,334.18,280612,,,A,V*0E
$GNVTG,334.18,T,,M,0.01,N,0.03,K,A*2C
$GNZDA,194102.000,28,06,2012,,*4A
$GNGGA,194103.000,3900.0002,N,11613.9805,E,1,12,0.73,-4.7,M,-6.8,M,,*4E
$PAIRACC,3.33,10.28*73
$GNGLL,3900.0002,N,11613.9805,E,194103.000,A,A*41
$GNGSA,A,3,02,21,29,30,,,,,,,,,1.41,0.73,1.21,1*0A
$GNGSA,A,3,68,84,82,69,,,,,,,,,1.41,0.73,1.21,2*07
$GNGSA,A,3,,,,,,,,,,,,,1.41,0.73,1.21,3*01
$GNGSA,A,3,03,05,06,13,,,,,,,,,1.41,0.73,1.21,4*04
$GPGSV,2,1,07,02,21,093,40.0,26,45,127,,21,27,294,39.5,29,71,277,39.9,1*7A
$GPGSV,2,2,07,30,16,228,39.9,05,04,206,,27,01,095,,1*4F
$GLGSV,1,1,04,68,54,018,39.9,84,33,313,40.0,82,14,191,39.7,69,11,069,39.7,1*76
$GAGSV,1,1,00,7*73
$GBGSV,1,1,04,03,45,191,39.0,05,16,249,39.3,06,11,165,39.5,13,07,055,39.7,1*74
$GNRMC,194103.000,A,3900.0002,N,11613.9805,E,0.01,327.93,280612,,,A,V*0E
$GNVTG,327.93,T,,M,0.01,N,0.03,K,A*2D
$GNZDA,194103.000,28,06,2012,,*4B
$GNGGA,194104.000,3900.0002,N,11613.9805,E,1,12,0.73,-4.7,M,-6.8,M,,*49
$PAIRACC,3.33,10.27*7C
$GNGLL,3900.0002,N,11613.9805,E,194104.000,A,A*46
$GNGSA,A,3,02,21,29,30,,,,,,,,,1.41,0.73,1.21,1*0A
$GNGSA,A,3,68,84,82,69,,,,,,,,,1.41,0.73,1.21,2*07
$GNGSA,A,3,,,,,,,,,,,,,1.41,0.73,1.21,3*01
$GNGSA,A,3,03,05,06,13,,,,,,,,,1.41,0.73,1.21,4*04
$GPGSV,2,1,07,02,21,093,39.8,26,45,127,,21,27,294,39.7,29,71,277,39.9,1*7E
$GPGSV,2,2,07,30,16,228,39.9,05,04,206,,27,01,095,,1*4F
$GLGSV,1,1,04,68,54,018,40.0,84,33,313,40.0,82,14,191,39.8,69,11,069,40.4,1*73
$GAGSV,1,1,00,7*73
$GBGSV,1,1,04,03,45,191,38.9,05,16,249,39.6,06,11,165,39.3,13,07,055,39.9,1*71
$GNRMC,194104.000,A,3900.0002,N,11613.9805,E,0.01,329.97,280612,,,A,V*03
$GNVTG,329.97,T,,M,0.01,N,0.03,K,A*27
$GNZDA,194104.000,28,06,2012,,*4C
$GNGGA,194105.000,3900.0002,N,11613.9805,E,1,12,0.73,-4.7,M,-6.8,M,,*48
$PAIRACC,3.35,10.30*7C
$GNGLL,3900.0002,N,11613.9805,E,194105.000,A,A*47
$GNGSA,A,3,02,21,29,30,,,,,,,,,1.41,0.73,1.21,1*0A
$GNGSA,A,3,68,84,82,69,,,,,,,,,1.41,0.73,1.21,2*07
$GNGSA,A,3,,,,,,,,,,,,,1.41,0.73,1.21,3*01
$GNGSA,A,3,03,05,06,13,,,,,,,,,1.41,0.73,1.21,4*04
$GPGSV,2,1,07,02,21,093,39.7,26,45,127,,21,27,294,39.5,29,71,277,39.8,1*72
$GPGSV,2,2,07,30,16,228,39.9,05,04,206,,27,01,095,,1*4F
$GLGSV,1,1,04,68,54,018,40.0,84,33,313,39.9,82,14,191,39.7,69,11,069,40.0,1*7F
$GAGSV,1,1,00,7*73
$GBGSV,1,1,04,03,45,191,39.0,05,16,249,39.5,06,11,165,39.7,13,07,055,39.6,1*71
$GNRMC,194105.000,A,3900.0002,N,11613.9805,E,0.01,329.03,280612,,,A,V*0F
$GNVTG,329.03,T,,M,0.01,N,0.03,K,A*2A
$GNZDA,194105.000,28,06,2012,,*4D
$GNGGA,194106.000,3900.0002,N,11613.9805,E,1,12,0.73,-4.7,M,-6.8,M,,*4B
$PAIRACC,3.48,10.98*74
$GNGLL,3900.0002,N,11613.9805,E,194106.000,A,A*44
$GNGSA,A,3,02,21,29,30,,,,,,,,,1.41,0.73,1.21,1*0A
$GNGSA,A,3,68,84,82,69,,,,,,,,,1.41,0.73,1.21,2*07
$GNGSA,A,3,,,,,,,,,,,,,1.41,0.73,1.21,3*01
$GNGSA,A,3,03,05,06,13,,,,,,,,,1.41,0.73,1.21,4*04
$GPGSV,2,1,07,02,21,093,40.0,26,45,127,,21,27,294,40.0,29,71,277,40.2,1*74
$GPGSV,2,2,07,30,16,228,39.8,05,04,206,,27,01,095,,1*4E
$GLGSV,1,1,04,68,54,018,40.4,84,33,313,40.2,82,14,191,40.1,69,11,069,40.4,1*72
$GAGSV,1,1,00,7*73
$GBGSV,1,1,04,03,45,191,38.8,05,16,249,39.5,06,11,165,39.2,13,07,055,39.2,1*79
$GNRMC,194106.000,A,3900.0002,N,11613.9805,E,0.01,334.93,280612,,,A,V*09
$GNVTG,334.93,T,,M,0.01,N,0.03,K,A*2F
$GNZDA,194106.000,28,06,2012,,*4E
$GNGGA,194107.000,3900.0002,N,11613.9805,E,1,12,0.73,-4.7,M,-6.8,M,,*4A
$PAIRACC,3.35,10.30*7C
$GNGLL,3900.0002,N,11613.9805,E,194107.000,A,A*45
$GNGSA,A,3,02,21,29,30,,,,,,,,,1.41,0.73,1.21,1*0A
$GNGSA,A,3,68,84,82,69,,,,,,,,,1.41,0.73,1.21,2*07
$GNGSA,A,3,,,,,,,,,,,,,1.41,0.73,1.21,3*01
$GNGSA,A,3,03,05,06,13,,,,,,,,,1.41,0.73,1.21,4*04
$GPGSV,2,1,07,02,21,093,40.0,26,45,127,,21,27,294,39.4,29,71,277,39.7,1*75
$GPGSV,2,2,07,30,16,228,40.2,05,04,206,,27,01,095,,1*4A
$GLGSV,1,1,04,68,54,018,40.2,84,33,313,40.2,82,14,191,39.7,69,11,069,39.9,1*7F
$GAGSV,1,1,00,7*73
$GBGSV,1,1,04,03,45,191,38.4,05,16,249,39.8,06,11,165,39.6,13,07,055,39.6,1*78
$GNRMC,194107.000,A,3900.0002,N,11613.9805,E,0.01,329.42,280612,,,A,V*08
$GNVTG,329.42,T,,M,0.01,N,0.03,K,A*2F
$GNZDA,194107.000,28,06,2012,,*4F
$GNGGA,194108.000,3900.0002,N,11613.9805,E,1,12,0.73,-4.7,M,-6.8,M,,*45
$PAIRACC,3.33,10.27*7C
$GNGLL,3900.0002,N,11613.9805,E,194108.000,A,A*4A
$GNGSA,A,3,02,21,29,30,,,,,,,,,1.41,0.73,1.21,1*0A
$GNGSA,A,3,68,84,82,69,,,,,,,,,1.41,0.73,1.21,2*07
$GNGSA,A,3,,,,,,,,,,,,,1.41,0.73,1.21,3*01
$GNGSA,A,3,03,05,06,13,,,,,,,,,1.41,0.73,1.21,4*04
$GPGSV,2,1,07,02,21,093,39.9,26,45,127,,21,27,294,39.3,29,71,277,40.1,1*7D
$GPGSV,2,2,07,30,16,228,39.9,05,04,206,,27,01,095,,1*4F
$GLGSV,1,1,04,68,54,018,40.0,84,33,313,39.6,82,14,191,40.0,69,11,069,39.7,1*70
$GAGSV,1,1,00,7*73
$GBGSV,1,1,04,03,45,191,39.5,05,16,249,39.6,06,11,165,39.5,13,07,055,39.8,1*7B
$GNRMC,194108.000,A,3900.0002,N,11613.9805,E,0.01,328.72,280612,,,A,V*05
$GNVTG,328.72,T,,M,0.01,N,0.03,K,A*2D
$GNZDA,194108.000,28,06,2012,,*40
$GNGGA,194109.000,3900.0002,N,11613.9805,E,1,12,0.73,-4.7,M,-6.8,M,,*44
$PAIRACC,3.44,10.94*74
$GNGLL,3900.0002,N,11613.9805,E,194109.000,A,A*4B
$GNGSA,A,3,02,21,29,30,,,,,,,,,1.41,0.73,1.21,1*0A
$GNGSA,A,3,68,84,82,69,,,,,,,,,1.41,0.73,1.21,2*07
$GNGSA,A,3,,,,,,,,,,,,,1.41,0.73,1.21,3*01
$GNGSA,A,3,03,05,06,13,,,,,,,,,1.41,0.73,1.21,4*04
$GPGSV,2,1,07,02,21,093,40.2,26,45,127,,21,27,294,39.6,29,71,277,40.3,1*7F
$GPGSV,2,2,07,30,16,228,40.0,05,04,206,,27,01,095,,1*48
$GLGSV,1,1,04,68,54,018,40.1,84,33,313,40.1,82,14,191,40.0,69,11,069,39.9,1*76
$GAGSV,1,1,00,7*73
$GBGSV,1,1,04,03,45,191,38.6,05,16,249,39.6,06,11,165,39.5,13,07,055,39.8,1*79
$GNRMC,194109.000,A,3900.0002,N,11613.9805,E,0.01,331.77,280612,,,A,V*09
$GNVTG,331.77,T,,M,0.01,N,0.03,K,A*20
$GNZDA,194109.000,28,06,2012,,*41
$GNGGA,194110.000,3900.0002,N,11613.9805,E,1,12,0.73,-4.7,M,-6.8,M,,*4C
$PAIRACC,3.33,10.27*7C
$GNGLL,3900.0002,N,11613.9805,E,194110.000,A,A*43
$GNGSA,A,3,02,21,29,30,,,,,,,,,1.41,0.73,1.21,1*0A
$GNGSA,A,3,68,84,82,69,,,,,,,,,1.41,0.73,1.21,2*07
$GNGSA,A,3,,,,,,,,,,,,,1.41,0.73,1.21,3*01
$GNGSA,A,3,03,05,06,13,,,,,,,,,1.41,0.73,1.21,4*04
$GPGSV,2,1,07,02,21,093,40.3,26,45,127,,21,27,294,39.2,29,71,277,40.0,1*79
$GPGSV,2,2,07,30,16,228,40.2,05,04,206,,27,01,095,,1*4A
$GLGSV,1,1,04,68,54,018,40.4,84,33,313,40.0,82,14,191,40.0,69,11,069,39.8,1*73
$GAGSV,1,1,00,7*73
$GBGSV,1,1,04,03,45,191,38.6,05,16,249,39.1,06,11,165,39.5,13,07,055,39.4,1*72
$GNRMC,194110.000,A,3900.0002,N,11613.9805,E,0.01,327.98,280612,,,A,V*07
$GNVTG,327.98,T,,M,0.01,N,0.03,K,A*26
$GNZDA,194110.000,28,06,2012,,*49
$GNGGA,194111.000,3900.0003,N,11613.9805,E,1,12,0.73,-4.7,M,-6.8,M,,*4C
$PAIRACC,3.34,10.30*7D
$GNGLL,3900.0003,N,11613.9805,E,194111.000,A,A*43
$GNGSA,A,3,29,21,02,30,,,,,,,,,1.41,0.73,1.21,1*0A
$GNGSA,A,3,84,68,82,69,,,,,,,,,1.41,0.73,1.21,2*07
$GNGSA,A,3,,,,,,,,,,,,,1.41,0.73,1.21,3*01
$GNGSA,A,3,03,05,06,13,,,,,,,,,1.41,0.73,1.21,4*04
$GPGSV,2,1,06,26,45,127,,29,71,277,40.0,21,27,294,39.6,02,21,093,40.2,1*7D
$GPGSV,2,2,06,30,16,228,39.7,27,01,095,,1*75
$GLGSV,1,1,04,84,33,313,39.5,68,54,018,40.2,82,14,191,39.9,69,11,069,40.1,1*7E
$GAGSV,1,1,00,7*73
$GBGSV,1,1,04,03,45,191,39.3,05,16,249,39.5,06,11,165,39.9,13,07,055,39.5,1*7F
$GNRMC,194111.000,A,3900.0003,N,11613.9805,E,0.01,331.36,280612,,,A,V*04
$GNVTG,331.36,T,,M,0.01,N,0.02,K,A*24
$GNZDA,194111.000,28,06,2012,,*48
$GNGGA,194112.000,3900.0003,N,11613.9805,E,1,12,0.73,-4.7,M,-6.8,M,,*4F
$PAIRACC,3.33,10.26*7D
$GNGLL,3900.0003,N,11613.9805,E,194112.000,A,A*40
$GNGSA,A,3,02,21,29,30,,,,,,,,,1.41,0.73,1.21,1*0A
$GNGSA,A,3,68,84,82,69,,,,,,,,,1.41,0.73,1.21,2*07
$GNGSA,A,3,,,,,,,,,,,,,1.41,0.73,1.21,3*01
$GNGSA,A,3,03,05,06,13,,,,,,,,,1.41,0.73,1.21,4*04
$GPGSV,2,1,07,02,21,093,39.8,26,45,127,,21,27,294,40.2,29,71,277,40.4,1*76
$GPGSV,2,2,07,30,16,228,40.4,05,04,206,,27,01,095,,1*4C
$GLGSV,1,1,04,68,54,018,39.9,84,33,313,40.2,82,14,191,39.7,69,11,069,40.1,1*7C
$GAGSV,1,1,00,7*73
$GBGSV,1,1,04,03,45,191,38.7,05,16,249,39.4,06,11,165,39.5,13,07,055,39.7,1*75
$GNRMC,194112.000,A,3900.0003,N,11613.9805,E,0.01,324.95,280612,,,A,V*0A
$GNVTG,324.95,T,,M,0.01,N,0.02,K,A*29
$GNZDA,194112.000,28,06,2012,,*4B
$GNGGA,194113.000,3900.0003,N,11613.9805,E,1,12,0.73,-4.7,M,-6.8,M,,*4E
$PAIRACC,3.49,11.01*74
$GNGLL,3900.0003,N,11613.9805,E,194113.000,A,A*41
$GNGSA,A,3,02,21,29,30,,,,,,,,,1.41,0.73,1.21,1*0A
$GNGSA,A,3,68,84,82,69,,,,,,,,,1.41,0.73,1.21,2*07
$GNGSA,A,3,,,,,,,,,,,,,1.41,0.73,1.21,3*01
$GNGSA,A,3,03,05,06,13,,,,,,,,,1.41,0.73,1.21,4*04
$GPGSV,2,1,07,02,21,093,40.0,26,45,127,,21,27,294,39.5,29,71,277,40.3,1*7E
$GPGSV,2,2,07,30,16,228,39.6,05,04,206,,27,01,095,,1*40
$GLGSV,1,1,04,68,54,018,40.2,84,33,313,39.7,82,14,191,39.4,69,11,069,39.7,1*79
$GAGSV,1,1,00,7*73
$GBGSV,1,1,04,03,45,191,38.4,05,16,249,39.3,06,11,165,39.2,13,07,055,39.8,1*79
$GNRMC,194113.000,A,3900.0003,N,11613.9805,E,0.01,328.47,280612,,,A,V*08
$GNVTG,328.47,T,,M,0.01,N,0.02,K,A*2A
$GNZDA,194113.000,28,06,2012,,*4A
$GNGGA,194114.000,3900.0003,N,11613.9805,E,1,12,0.73,-4.7,M,-6.8,M,,*49
$PAIRACC,3.33,10.26*7D
$GNGLL,3900.0003,N,11613.9805,E,194114.000,A,A*46
$GNGSA,A,3,02,21,29,30,,,,,,,,,1.41,0.73,1.21,1*0A
$GNGSA,A,3,68,84,82,69,,,,,,,,,1.41,0.73,1.21,2*07
$GNGSA,A,3,,,,,,,,,,,,,1.41,0.73,1.21,3*01
$GNGSA,A,3,03,05,06,13,,,,,,,,,1.41,0.73,1.21,4*04
$GPGSV,2,1,07,02,21,093,40.2,26,45,127,,21,27,294,39.6,29,71,277,39.8,1*7A
$GPGSV,2,2,07,30,16,228,40.0,05,04,206,,27,01,095,,1*48
$GLGSV,1,1,04,68,54,018,40.0,84,33,313,39.9,82,14,191,39.7,69,11,069,40.2,1*7D
$GAGSV,1,1,00,7*73
$GBGSV,1,1,04,03,45,191,39.5,05,16,249,39.5,06,11,165,39.7,13,07,055,39.7,1*75
$GNRMC,194114.000,A,3900.0003,N,11613.9805,E,0.01,325.14,280612,,,A,V*04
$GNVTG,325.14,T,,M,0.01,N,0.02,K,A*21
$GNZDA,194114.000,28,06,2012,,*4D
$GNGGA,194115.000,3900.0003,N,11613.9805,E,1,12,0.73,-4.7,M,-6.8,M,,*48
$PAIRACC,3.44,10.93*73
$GNGLL,3900.0003,N,11613.9805,E,194115.000,A,A*47
$GNGSA,A,3,02,21,29,30,,,,,,,,,1.41,0.73,1.21,1*0A
$GNGSA,A,3,68,84,82,69,,,,,,,,,1.41,0.73,1.21,2*07
$GNGSA,A,3,,,,,,,,,,,,,1.41,0.73,1.21,3*01
$GNGSA,A,3,03,05,06,13,,,,,,,,,1.41,0.73,1.21,4*04
$GPGSV,2,1,07,02,21,093,40.0,26,45,127,,21,27,294,39.6,29,71,277,40.0,1*7E
$GPGSV,2,2,07,30,16,228,40.2,05,04,206,,27,01,095,,1*4A
$GLGSV,1,1,04,68,54,018,39.9,84,33,313,39.8,82,14,191,40.2,69,11,069,40.0,1*72
$GAGSV,1,1,00,7*73
$GBGSV,1,1,04,03,45,191,38.7,05,16,249,39.5,06,11,165,39.3,13,07,055,39.7,1*72
$GNRMC,194115.000,A,3900.0003,N,11613.9805,E,0.01,327.20,280612,,,A,V*00
$GNVTG,327.20,T,,M,0.01,N,0.02,K,A*24
$GNZDA,194115.000,28,06,2012,,*4C
$GNGGA,194116.000,3900.0003,N,11613.9805,E,1,12,0.73,-4.7,M,-6.8,M,,*4B
$PAIRACC,3.38,10.34*75
$GNGLL,3900.0003,N,11613.9805,E,194116.000,A,A*44
$GNGSA,A,3,02,21,29,30,,,,,,,,,1.41,0.73,1.21,1*0A
$GNGSA,A,3,68,84,82,69,,,,,,,,,1.41,0.73,1.21,2*07
$GNGSA,A,3,,,,,,,,,,,,,1.41,0.73,1.21,3*01
$GNGSA,A,3,03,05,06,13,,,,,,,,,1.41,0.73,1.21,4*04
$GPGSV,2,1,07,02,21,093,39.7,26,45,127,,21,27,294,39.7,29,71,277,39.8,1*70
$GPGSV,2,2,07,30,16,228,39.6,05,04,206,,27,01,095,,1*40
$GLGSV,1,1,04,68,54,018,40.1,84,33,313,39.9,82,14,191,39.6,69,11,069,40.4,1*7B
$GAGSV,1,1,00,7*73
$GBGSV,1,1,04,03,45,191,38.7,05,16,249,39.6,06,11,165,39.3,13,07,055,39.2,1*74
$GNRMC,194116.000,A,3900.0003,N,11613.9805,E,0.01,330.70,280612,,,A,V*00
$GNVTG,330.70,T,,M,0.01,N,0.02,K,A*27
$GNZDA,194116.000,28,06,2012,,*4F
$GNGGA,194117.000,3900.0003,N,11613.9805,E,1,12,0.73,-4.7,M,-6.8,M,,*4A
$PAIRACC,3.37,10.38*76
$GNGLL,3900.0003,N,11613.9805,E,194117.000,A,A*45
$GNGSA,A,3,02,21,29,30,,,,,,,,,1.41,0.73,1.21,1*0A
$GNGSA,A,3,68,84,82,69,,,,,,,,,1.41,0.73,1.21,2*07
$GNGSA,A,3,,,,,,,,,,,,,1.41,0.73,1.21,3*01
$GNGSA,A,3,03,05,06,13,,,,,,,,,1.41,0.73,1.21,4*04
$GPGSV,2,1,07,02,21,093,39.8,26,45,127,,21,27,295,39.1,29,71,277,39.9,1*79
$GPGSV,2,2,07,30,16,228,40.0,05,04,206,,27,01,095,,1*48
$GLGSV,1,1,04,68,54,018,39.7,84,33,313,39.8,82,14,191,39.9,69,11,069,40.2,1*7B
$GAGSV,1,1,00,7*73
$GBGSV,1,1,04,03,45,191,39.6,05,16,249,39.5,06,11,165,39.5,13,07,055,38.9,1*7B
$GNRMC,194117.000,A,3900.0003,N,11613.9805,E,0.01,317.34,280612,,,A,V*04
$GNVTG,317.34,T,,M,0.01,N,0.02,K,A*22
$GNZDA,194117.000,28,06,2012,,*4E
$GNGGA,194118.000,3900.0003,N,11613.9805,E,1,12,0.73,-4.8,M,-6.8,M,,*4A
$PAIRACC,3.37,10.27*78
$GNGLL,3900.0003,N,11613.9805,E,194118.000,A,A*4A
$GNGSA,A,3,02,21,29,30,,,,,,,,,1.41,0.73,1.21,1*0A
$GNGSA,A,3,68,84,82,69,,,,,,,,,1.41,0.73,1.21,2*07
$GNGSA,A,3,,,,,,,,,,,,,1.41,0.73,1.21,3*01
$GNGSA,A,3,03,05,06,13,,,,,,,,,1.41,0.73,1.21,4*04
$GPGSV,2,1,07,02,21,093,39.8,26,45,127,,21,27,295,39.4,29,71,277,40.2,1*79
$GPGSV,2,2,07,30,16,228,39.6,05,04,206,,27,01,095,,1*40
$GLGSV,1,1,04,68,54,018,39.9,84,33,313,39.9,82,14,191,39.9,69,11,069,40.3,1*75
$GAGSV,1,1,00,7*73
$GBGSV,1,1,04,03,45,191,38.5,05,16,249,39.8,06,11,165,39.6,13,07,055,39.7,1*78
$GNRMC,194118.000,A,3900.0003,N,11613.9805,E,0.01,325.17,280612,,,A,V*0B
$GNVTG,325.17,T,,M,0.01,N,0.02,K,A*22
$GNZDA,194118.000,28,06,2012,,*41
$GNGGA,194119.000,3900.0003,N,11613.9805,E,1,12,0.73,-4.8,M,-6.8,M,,*4B
$PAIRACC,3.45,11.00*79
$GNGLL,3900.0003,N,11613.9805,E,194119.000,A,A*4B
$GNGSA,A,3,02,21,29,30,,,,,,,,,1.41,0.73,1.21,1*0A
$GNGSA,A,3,68,84,82,69,,,,,,,,,1.41,0.73,1.21,2*07
$GNGSA,A,3,,,,,,,,,,,,,1.41,0.73,1.21,3*01
$GNGSA,A,3,03,05,06,13,,,,,,,,,1.41,0.73,1.21,4*04
$GPGSV,2,1,07,02,21,093,39.8,26,45,127,,21,27,295,39.4,29,71,277,39.9,1*7C
$GPGSV,2,2,07,30,16,228,39.7,05,04,206,,27,01,095,,1*41
$GLGSV,1,1,04,68,54,018,39.9,84,33,313,40.2,82,14,191,39.8,69,11,069,40.2,1*70
$GAGSV,1,1,00,7*73
$GBGSV,1,1,04,03,45,191,38.7,05,16,249,39.7,06,11,165,39.6,13,07,055,39.1,1*73
$GNRMC,194119.000,A,3900.0003,N,11613.9805,E,0.01,325.91,280612,,,A,V*04
$GNVTG,325.91,T,,M,0.01,N,0.02,K,A*2C
$GNZDA,194119.000,28,06,2012,,*40
$GNGGA,194120.000,3900.0003,N,11613.9805,E,1,12,0.73,-4.8,M,-6.8,M,,*41
$PAIRACC,3.35,10.26*7B
$GNGLL,3900.0003,N,11613.9805,E,194120.000,A,A*41
$GNGSA,A,3,29,21,02,30,,,,,,,,,1.41,0.73,1.21,1*0A
$GNGSA,A,3,84,68,82,69,,,,,,,,,1.41,0.73,1.21,2*07
$GNGSA,A,3,,,,,,,,,,,,,1.41,0.73,1.21,3*01
$GNGSA,A,3,03,05,06,13,,,,,,,,,1.41,0.73,1.21,4*04
$GPGSV,2,1,06,26,45,127,,29,71,277,40.0,21,27,295,39.9,02,21,093,39.6,1*79
$GPGSV,2,2,06,30,16,228,39.9,27,01,095,,1*7B
$GLGSV,1,1,04,84,33,313,40.3,68,54,018,40.2,82,14,191,39.8,69,11,069,40.5,1*73
$GAGSV,1,1,00,7*73
$GBGSV,1,1,04,03,45,191,39.3,05,16,249,39.4,06,11,165,39.6,13,07,055,39.6,1*72
$GNRMC,194120.000,A,3900.0003,N,11613.9805,E,0.01,326.14,280612,,,A,V*00
$GNVTG,326.14,T,,M,0.01,N,0.02,K,A*22
$GNZDA,194120.000,28,06,2012,,*4A
$GNGGA,194121.000,3900.0003,N,11613.9805,E,1,12,0.73,-4.8,M,-6.8,M,,*40
$PAIRACC,3.41,10.93*76
$GNGLL,3900.0003,N,11613.9805,E,194121.000,A,A*40
$GNGSA,A,3,02,21,29,30,,,,,,,,,1.41,0.73,1.21,1*0A
$GNGSA,A,3,68,84,82,69,,,,,,,,,1.41,0.73,1.21,2*07
$GNGSA,A,3,,,,,,,,,,,,,1.41,0.73,1.21,3*01
$GNGSA,A,3,03,05,06,13,,,,,,,,,1.41,0.73,1.21,4*04
$GPGSV,2,1,07,02,21,093,40.0,26,45,127,,21,27,295,40.1,29,71,277,40.2,1*74
$GPGSV,2,2,07,30,16,228,40.1,05,04,206,,27,01,095,,1*49
$GLGSV,1,1,04,68,54,018,39.4,84,33,313,40.1,82,14,191,39.9,69,11,069,39.8,1*7B
$GAGSV,1,1,00,7*73
$GBGSV,1,1,04,03,45,191,38.8,05,16,249,39.8,06,11,165,39.5,13,07,055,39.3,1*72
$GNRMC,194121.000,A,3900.0003,N,11613.9805,E,0.01,321.20,280612,,,A,V*01
$GNVTG,321.20,T,,M,0.01,N,0.02,K,A*22
$GNZDA,194121.000,28,06,2012,,*4B
$GNGGA,194122.000,3900.0003,N,11613.9805,E,1,12,0.73,-4.8,M,-6.8,M,,*43
$PAIRACC,3.36,10.26*78
$GNGLL,3900.0003,N,11613.9805,E,194122.000,A,A*43
$GNGSA,A,3,02,21,29,30,,,,,,,,,1.41,0.73,1.21,1*0A
$GNGSA,A,3,68,84,82,69,,,,,,,,,1.41,0.73,1.21,2*07
$GNGSA,A,3,,,,,,,,,,,,,1.41,0.73,1.21,3*01
$GNGSA,A,3,03,05,06,13,,,,,,,,,1.41,0.73,1.21,4*04
$GPGSV,2,1,07,02,21,093,40.0,26,46,125,,21,27,295,39.7,29,71,277,40.1,1*7E
$GPGSV,2,2,07,30,16,228,39.9,05,04,206,,27,01,095,,1*4F
$GLGSV,1,1,04,68,54,018,40.0,84,33,313,39.7,82,14,191,40.1,69,11,069,40.1,1*78
$GAGSV,1,1,00,7*73
$GBGSV,1,1,04,03,45,191,38.7,05,16,249,39.9,06,11,165,39.3,13,07,055,39.4,1*7D
$GNRMC,194122.000,A,3900.0003,N,11613.9805,E,0.01,327.32,280612,,,A,V*07
$GNVTG,327.32,T,,M,0.01,N,0.02,K,A*27
$GNZDA,194122.000,28,06,2012,,*48
$GNGGA,194123.000,3900.0003,N,11613.9805,E,1,12,0.73,-4.8,M,-6.8,M,,*42
$PAIRACC,3.41,10.92*77
$GNGLL,3900.0003,N,11613.9805,E,194123.000,A,A*42
$GNGSA,A,3,02,21,29,30,,,,,,,,,1.41,0.73,1.21,1*0A
$GNGSA,A,3,68,84,82,69,,,,,,,,,1.41,0.73,1.21,2*07
$GNGSA,A,3,,,,,,,,,,,,,1.41,0.73,1.21,3*01
$GNGSA,A,3,03,05,06,13,,,,,,,,,1.41,0.73,1.21,4*04
$GPGSV,2,1,07,02,21,093,40.1,26,46,125,,21,27,295,39.7,29,71,277,39.9,1*79
$GPGSV,2,2,07,30,16,228,40.2,05,04,206,,27,01,094,,1*4B
$GLGSV,1,1,04,68,54,018,39.7,84,33,313,39.8,82,14,191,40.1,69,11,069,40.2,1*7D
$GAGSV,1,1,00,7*73
$GBGSV,1,1,04,03,45,191,39.2,05,16,249,39.6,06,11,165,39.8,13,07,055,39.8,1*71
$GNRMC,194123.000,A,3900.0003,N,11613.9805,E,0.01,327.62,280612,,,A,V*03
$GNVTG,327.62,T,,M,0.01,N,0.02,K,A*22
$GNZDA,194123.000,28,06,2012,,*49
$GNGGA,194124.000,3900.0003,N,11613.9805,E,1,12,0.73,-4.8,M,-6.8,M,,*45
$PAIRACC,3.36,10.26*78
$GNGLL,3900.0003,N,11613.9805,E,194124.000,A,A*45
$GNGSA,A,3,02,21,29,30,,,,,,,,,1.41,0.73,1.21,1*0A
$GNGSA,A,3,68,84,82,69,,,,,,,,,1.41,0.73,1.21,2*07
$GNGSA,A,3,,,,,,,,,,,,,1.41,0.73,1.21,3*01
$GNGSA,A,3,03,05,06,13,,,,,,,,,1.41,0.73,1.21,4*04
$GPGSV,2,1,07,02,21,093,39.8,26,46,125,,21,27,295,39.7,29,71,277,40.0,1*79
$GPGSV,2,2,07,30,16,228,40.3,05,04,206,,27,01,094,,1*4A
$GLGSV,1,1,04,68,54,018,40.2,84,33,313,40.0,82,14,191,39.9,69,11,069,40.3,1*77
$GAGSV,1,1,00,7*73
$GBGSV,1,1,04,03,45,191,38.8,05,16,249,39.8,06,11,165,39.5,13,07,055,39.8,1*79
$GNRMC,194124.000,A,3900.0003,N,11613.9805,E,0.01,322.60,280612,,,A,V*03
$GNVTG,322.60,T,,M,0.01,N,0.02,K,A*25
$GNZDA,194124.000,28,06,2012,,*4E
$GNGGA,194125.000,3900.0003,N,11613.9805,E,1,12,0.73,-4.8,M,-6.8,M,,*44
$PAIRACC,3.34,10.29*75
$GNGLL,3900.0003,N,11613.9805,E,194125.000,A,A*44
$GNGSA,A,3,02,21,29,30,,,,,,,,,1.41,0.73,1.21,1*0A
$GNGSA,A,3,68,84,82,69,,,,,,,,,1.41,0.73,1.21,2*07
$GNGSA,A,3,,,,,,,,,,,,,1.41,0.73,1.21,3*01
$GNGSA,A,3,03,05,06,13,,,,,,,,,1.41,0.73,1.21,4*04
$GPGSV,2,1,07,02,21,093,40.2,26,46,125,,21,27,295,39.6,29,72,273,39.8,1*7D
$GPGSV,2,2,07,30,16,228,40.2,05,04,206,,27,01,094,,1*4B
$GLGSV,1,1,04,68,54,018,39.6,84,33,313,40.0,82,14,191,39.9,69,11,069,39.8,1*78
$GAGSV,1,1,00,7*73
$GBGSV,1,1,04,03,45,191,38.7,05,16,249,39.3,06,11,165,39.7,13,07,055,39.9,1*7E
$GNRMC,194125.000,A,3900.0003,N,11613.9805,E,0.01,319.24,280612,,,A,V*0A
$GNVTG,319.24,T,,M,0.01,N,0.02,K,A*2D
$GNZDA,194125.000,28,06,2012,,*4F
$GNGGA,194126.000,3900.0003,N,11613.9804,E,1,12,0.73,-4.8,M,-6.8,M,,*46
$PAIRACC,3.37,10.28*77
$GNGLL,3900.0003,N,11613.9804,E,194126.000,A,A*46
$GNGSA,A,3,02,21,29,30,,,,,,,,,1.41,0.73,1.21,1*0A
$GNGSA,A,3,68,84,82,69,,,,,,,,,1.41,0.73,1.21,2*07
$GNGSA,A,3,,,,,,,,,,,,,1.41,0.73,1.21,3*01
$GNGSA,A,3,03,05,06,13,,,,,,,,,1.41,0.73,1.21,4*04
$GPGSV,2,1,07,02,21,093,40.1,26,46,125,,21,27,295,39.9,29,72,273,40.2,1*75
$GPGSV,2,2,07,30,15,227,39.5,05,04,206,,27,01,094,,1*4E
$GLGSV,1,1,04,68,54,018,39.8,84,33,313,39.6,82,14,191,40.0,69,11,069,40.2,1*7D
$GAGSV,1,1,00,7*73
$GBGSV,1,1,04,03,45,191,39.3,05,16,249,39.4,06,11,165,39.9,13,07,055,40.0,1*75
$GNRMC,194126.000,A,3900.0003,N,11613.9804,E,0.01,321.48,280612,,,A,V*09
$GNVTG,321.48,T,,M,0.01,N,0.03,K,A*2D
$GNZDA,194126.000,28,06,2012,,*4C
$GNGGA,194127.000,3900.0003,N,11613.9804,E,1,12,0.73,-4.8,M,-6.8,M,,*47
$PAIRACC,3.39,10.89*72
$GNGLL,3900.0003,N,11613.9804,E,194127.000,A,A*47
$GNGSA,A,3,02,21,29,30,,,,,,,,,1.41,0.73,1.21,1*0A
$GNGSA,A,3,68,84,82,69,,,,,,,,,1.41,0.73,1.21,2*07
$GNGSA,A,3,,,,,,,,,,,,,1.41,0.73,1.21,3*01
$GNGSA,A,3,03,05,06,13,,,,,,,,,1.41,0.73,1.21,4*04
$GPGSV,2,1,07,02,21,093,39.9,26,46,125,,21,27,295,39.7,29,72,273,40.2,1*7D
$GPGSV,2,2,07,30,15,227,39.6,05,04,206,,27,01,094,,1*4D
$GLGSV,1,1,04,68,54,018,39.8,84,33,313,39.9,82,14,191,39.7,69,11,069,40.3,1*7A
$GAGSV,1,1,00,7*73
$GBGSV,1,1,04,03,45,191,38.8,05,16,249,39.6,06,11,165,39.8,13,07,055,39.8,1*7A
$GNRMC,194127.000,A,3900.0003,N,11613.9804,E,0.01,318.99,280612,,,A,V*0E
$GNVTG,318.99,T,,M,0.01,N,0.03,K,A*2B
$GNZDA,194127.000,28,06,2012,,*4D
$GNGGA,194128.000,3900.0003,N,11613.9804,E,1,12,0.73,-4.8,M,-6.8,M,,*48
$PAIRACC,3.46,10.41*7E
$GNGLL,3900.0003,N,11613.9804,E,194128.000,A,A*48
$GNGSA,A,3,02,21,29,30,,,,,,,,,1.41,0.73,1.21,1*0A
$GNGSA,A,3,68,84,82,69,,,,,,,,,1.41,0.73,1.21,2*07
$GNGSA,A,3,,,,,,,,,,,,,1.41,0.73,1.21,3*01
$GNGSA,A,3,03,05,06,13,,,,,,,,,1.41,0.73,1.21,4*04
$GPGSV,2,1,07,02,21,093,40.2,26,46,125,,21,27,295,40.2,29,72,273,39.8,1*77
$GPGSV,2,2,07,30,15,227,39.9,05,04,206,,27,01,094,,1*42
$GLGSV,1,1,04,68,54,018,40.2,84,33,313,39.8,82,14,191,39.8,69,11,069,40.0,1*73
$GAGSV,1,1,00,7*73
$GBGSV,1,1,04,03,45,191,38.7,05,16,249,39.6,06,11,165,39.7,13,07,055,39.8,1*7A
$GNRMC,194128.000,A,3900.0003,N,11613.9804,E,0.01,318.90,280612,,,A,V*08
$GNVTG,318.90,T,,M,0.01,N,0.03,K,A*22
$GNZDA,194128.000,28,06,2012,,*42
$GNGGA,194129.000,3900.0004,N,11613.9804,E,1,12,0.73,-4.8,M,-6.8,M,,*4E
$PAIRACC,3.39,10.90*7A
$GNGLL,3900.0004,N,11613.9804,E,194129.000,A,A*4E
$GNGSA,A,3,02,21,29,30,,,,,,,,,1.41,0.73,1.21,1*0A
$GNGSA,A,3,68,84,82,69,,,,,,,,,1.41,0.73,1.21,2*07
$GNGSA,A,3,,,,,,,,,,,,,1.41,0.73,1.21,3*01
$GNGSA,A,3,03,05,06,13,,,,,,,,,1.41,0.73,1.21,4*04
$GPGSV,2,1,07,02,21,093,39.7,26,46,125,,21,27,295,39.2,29,72,273,39.7,1*7D
$GPGSV,2,2,07,30,15,227,40.0,05,04,206,,27,01,094,,1*45
$GLGSV,1,1,04,68,54,018,40.1,84,33,313,40.0,82,14,191,39.7,69,11,069,40.0,1*79
$GAGSV,1,1,00,7*73
$GBGSV,1,1,04,03,45,191,39.4,05,16,249,39.6,06,11,165,39.5,13,07,055,39.9,1*7B
$GNRMC,194129.000,A,3900.0004,N,11613.9804,E,0.01,318.61,280612,,,A,V*00
$GNVTG,318.61,T,,M,0.01,N,0.03,K,A*2C
$GNZDA,194129.000,28,06,2012,,*43
$GNGGA,194130.000,3900.0004,N,11613.9804,E,1,12,0.73,-4.8,M,-6.8,M,,*46
$PAIRACC,3.46,10.42*7D
$GNGLL,3900.0004,N,11613.9804,E,194130.000,A,A*46
$GNGSA,A,3,02,21,29,30,,,,,,,,,1.41,0.73,1.21,1*0A
$GNGSA,A,3,68,84,82,69,,,,,,,,,1.41,0.73,1.21,2*07
$GNGSA,A,3,,,,,,,,,,,,,1.41,0.73,1.21,3*01
$GNGSA,A,3,03,05,06,13,,,,,,,,,1.41,0.73,1.21,4*04
$GPGSV,2,1,07,02,21,093,39.7,26,46,125,,21,27,295,40.0,29,72,273,40.1,1*79
$GPGSV,2,2,07,30,15,227,39.9,05,04,206,,27,01,094,,1*42
$GLGSV,1,1,04,68,54,018,39.9,84,33,313,40.1,82,14,191,39.8,69,11,069,39.4,1*7B
$GAGSV,1,1,00,7*73
$GBGSV,1,1,04,03,45,191,38.4,05,16,249,39.4,06,11,165,39.6,13,07,055,39.2,1*70
$GNRMC,194130.000,A,3900.0004,N,11613.9804,E,0.01,320.74,280612,,,A,V*07
$GNVTG,320.74,T,,M,0.01,N,0.03,K,A*23
$GNZDA,194130.000,28,06,2012,,*4B
$GNGGA,194131.000,3900.0004,N,11613.9804,E,1,12,0.73,-4.8,M,-6.8,M,,*47
$PAIRACC,3.40,10.91*75
$GNGLL,3900.0004,N,11613.9804,E,194131.000,A,A*47
$GNGSA,A,3,02,21,29,30,,,,,,,,,1.41,0.73,1.21,1*0A
$GNGSA,A,3,68,84,82,69,,,,,,,,,1.41,0.73,1.21,2*07
$GNGSA,A,3,,,,,,,,,,,,,1.41,0.73,1.21,3*01
$GNGSA,A,3,03,05,06,13,,,,,,,,,1.41,0.73,1.21,4*04
$GPGSV,2,1,07,02,21,093,39.8,26,46,125,,21,27,295,39.9,29,72,273,39.7,1*79
$GPGSV,2,2,07,30,15,227,40.1,05,04,206,,27,01,094,,1*44
$GLGSV,1,1,04,68,54,018,39.8,84,33,313,39.8,82,14,191,39.9,69,11,069,38.3,1*7A
$GAGSV,1,1,00,7*73
$GBGSV,1,1,04,03,45,191,38.5,05,16,249,39.4,06,11,165,39.5,13,07,055,39.4,1*74
$GNRMC,194131.000,A,3900.0004,N,11613.9804,E,0.01,328.61,280612,,,A,V*0A
$GNVTG,328.61,T,,M,0.01,N,0.03,K,A*2F
$GNZDA,194131.000,28,06,2012,,*4A
$GNGGA,194132.000,3900.0004,N,11613.9804,E,1,12,0.73,-4.8,M,-6.8,M,,*44
$PAIRACC,3.46,10.40*7F
$GNGLL,3900.0004,N,11613.9804,E,194132.000,A,A*44
$GNGSA,A,3,02,21,29,30,,,,,,,,,1.41,0.73,1.21,1*0A
$GNGSA,A,3,68,84,82,69,,,,,,,,,1.41,0.73,1.21,2*07
$GNGSA,A,3,,,,,,,,,,,,,1.41,0.73,1.21,3*01
$GNGSA,A,3,03,05,06,13,,,,,,,,,1.41,0.73,1.21,4*04
$GPGSV,2,1,07,02,21,093,40.2,26,46,125,,21,27,295,40.2,29,72,273,40.0,1*71
$GPGSV,2,2,07,30,15,227,40.3,05,04,206,,27,01,094,,1*46
$GLGSV,1,1,04,68,54,018,40.0,84,33,313,39.8,82,14,191,39.8,69,11,069,39.6,1*79
$GAGSV,1,1,00,7*73
$GBGSV,1,1,04,03,45,191,39.3,05,16,249,39.6,06,11,165,39.8,13,07,055,39.6,1*7E
$GNRMC,194132.000,A,3900.0004,N,11613.9804,E,0.01,325.66,280612,,,A,V*03
$GNVTG,325.66,T,,M,0.01,N,0.03,K,A*25
$GNZDA,194132.000,28,06,2012,,*49
$GNGGA,194133.000,3900.0004,N,11613.9804,E,1,12,0.73,-4.9,M,-6.8,M,,*44
$PAIRACC,3.41,10.94*71
$GNGLL,3900.0004,N,11613.9804,E,194133.000,A,A*45
$GNGSA,A,3,02,21,29,30,,,,,,,,,1.41,0.73,1.21,1*0A
$GNGSA,A,3,68,84,82,69,,,,,,,,,1.41,0.73,1.21,2*07
$GNGSA,A,3,,,,,,,,,,,,,1.41,0.73,1.21,3*01
$GNGSA,A,3,03,05,06,13,,,,,,,,,1.41,0.73,1.21,4*04
$GPGSV,2,1,07,02,21,093,40.1,26,46,125,,21,27,295,39.6,29,72,273,39.8,1*7E
$GPGSV,2,2,07,30,15,227,40.3,05,04,206,,27,01,094,,1*46
$GLGSV,1,1,04,68,54,018,39.8,84,33,313,39.9,82,14,191,40.4,69,11,069,38.0,1*7B
$GAGSV,1,1,00,7*73
$GBGSV,1,1,04,03,45,191,38.6,05,16,249,39.4,06,11,165,39.5,13,07,055,39.5,1*76
$GNRMC,194133.000,A,3900.0004,N,11613.9804,E,0.01,336.34,280612,,,A,V*07
$GNVTG,336.34,T,,M,0.01,N,0.03,K,A*20
$GNZDA,194133.000,28,06,2012,,*48
$GNGGA,194134.000,3900.0004,N,11613.9804,E,1,12,0.73,-4.9,M,-6.8,M,,*43
$PAIRACC,3.43,10.36*7B
$GNGLL,3900.0004,N,11613.9804,E,194134.000,A,A*42
$GNGSA,A,3,02,21,29,30,,,,,,,,,1.41,0.73,1.21,1*0A
$GNGSA,A,3,68,84,82,69,,,,,,,,,1.41,0.73,1.21,2*07
$GNGSA,A,3,,,,,,,,,,,,,1.41,0.73,1.21,3*01
$GNGSA,A,3,03,05,06,13,,,,,,,,,1.41,0.73,1.21,4*04
$GPGSV,2,1,07,02,21,093,40.0,26,46,125,,21,27,295,39.5,29,72,273,40.2,1*78
$GPGSV,2,2,07,30,15,227,40.0,05,04,206,,27,01,094,,1*45
$GLGSV,1,1,04,68,54,018,40.2,84,33,313,39.9,82,14,191,39.9,69,11,069,39.1,1*7C
$GAGSV,1,1,00,7*73
$GBGSV,1,1,04,03,45,191,38.5,05,16,249,39.6,06,11,165,39.6,13,07,055,39.3,1*72
$GNRMC,194134.000,A,3900.0004,N,11613.9804,E,0.01,337.21,280612,,,A,V*05
$GNVTG,337.21,T,,M,0.01,N,0.02,K,A*24
$GNZDA,194134.000,28,06,2012,,*4F
$GNGGA,194135.000,3900.0004,N,11613.9804,E,1,12,0.73,-4.9,M,-6.8,M,,*42
$PAIRACC,3.42,11.00*7E
$GNGLL,3900.0004,N,11613.9804,E,194135.000,A,A*43
$GNGSA,A,3,02,21,29,30,,,,,,,,,1.41,0.73,1.21,1*0A
$GNGSA,A,3,68,84,82,69,,,,,,,,,1.41,0.73,1.21,2*07
$GNGSA,A,3,,,,,,,,,,,,,1.41,0.73,1.21,3*01
$GNGSA,A,3,03,05,06,13,,,,,,,,,1.41,0.73,1.21,4*04
$GPGSV,2,1,07,02,21,093,40.3,26,46,125,,21,27,295,39.5,29,72,273,39.8,1*7F
$GPGSV,2,2,07,30,15,227,40.1,05,04,206,,27,01,094,,1*44
$GLGSV,1,1,04,68,54,018,39.9,84,33,313,39.8,82,14,191,40.1,69,11,069,38.1,1*7F
$GAGSV,1,1,00,7*73
$GBGSV,1,1,04,03,45,191,39.6,05,16,249,39.4,06,11,165,39.2,13,07,055,39.7,1*72
$GNRMC,194135.000,A,3900.0004,N,11613.9804,E,0.01,335.20,280612,,,A,V*07
$GNVTG,335.20,T,,M,0.01,N,0.02,K,A*27
$GNZDA,194135.000,28,06,2012,,*4E
$GNGGA,194136.000,3900.0004,N,11613.9804,E,1,12,0.73,-4.9,M,-6.8,M,,*41
$PAIRACC,3.45,10.37*7C
$GNGLL,3900.0004,N,11613.9804,E,194136.000,A,A*40
$GNGSA,A,3,02,21,29,30,,,,,,,,,1.41,0.73,1.21,1*0A
$GNGSA,A,3,68,84,82,69,,,,,,,,,1.41,0.73,1.21,2*07
$GNGSA,A,3,,,,,,,,,,,,,1.41,0.73,1.21,3*01
$GNGSA,A,3,03,05,06,13,,,,,,,,,1.41,0.73,1.21,4*04
$GPGSV,2,1,07,02,21,093,40.5,26,46,125,,21,27,295,40.0,29,72,273,39.7,1*7D
$GPGSV,2,2,07,30,15,227,40.2,05,04,206,,27,01,094,,1*47
$GLGSV,1,1,04,68,54,018,39.8,84,33,313,39.7,82,14,191,39.8,69,11,069,39.2,1*74
$GAGSV,1,1,00,7*73
$GBGSV,1,1,04,03,45,191,38.8,05,16,249,39.3,06,11,165,39.3,13,07,055,39.5,1*79
$GNRMC,194136.000,A,3900.0004,N,11613.9804,E,0.01,325.97,280612,,,A,V*09
$GNVTG,325.97,T,,M,0.01,N,0.02,K,A*2A
$GNZDA,194136.000,28,06,2012,,*4D
$GNGGA,194137.000,3900.0004,N,11613.9804,E,1,12,0.73,-4.9,M,-6.8,M,,*40
$PAIRACC,3.42,11.00*7E
$GNGLL,3900.0004,N,11613.9804,E,194137.000,A,A*41
$GNGSA,A,3,02,21,29,30,,,,,,,,,1.41,0.73,1.21,1*0A
$GNGSA,A,3,68,84,82,69,,,,,,,,,1.41,0.73,1.21,2*07
$GNGSA,A,3,,,,,,,,,,,,,1.41,0.73,1.21,3*01
$GNGSA,A,3,03,05,06,13,,,,,,,,,1.41,0.73,1.21,4*04
$GPGSV,2,1,07,02,21,093,40.0,26,46,125,,21,27,295,39.9,29,72,273,40.0,1*76
$GPGSV,2,2,07,30,15,227,39.9,05,04,206,,27,01,094,,1*42
$GLGSV,1,1,04,68,54,018,40.4,84,33,313,40.0,82,14,191,39.9,69,11,069,38.2,1*7F
$GAGSV,1,1,00,7*73
$GBGSV,1,1,04,03,45,191,38.8,05,16,249,39.2,06,11,165,40.0,13,07,055,39.7,1*77
$GNRMC,194137.000,A,3900.0004,N,11613.9804,E,0.01,333.43,280612,,,A,V*06
$GNVTG,333.43,T,,M,0.01,N,0.02,K,A*24
$GNZDA,194137.000,28,06,2012,,*4C
$GNGGA,194138.000,3900.0004,N,11613.9804,E,1,12,0.73,-4.9,M,-6.8,M,,*4F
$PAIRACC,3.44,10.38*72
$GNGLL,3900.0004,N,11613.9804,E,194138.000,A,A*4E
$GNGSA,A,3,02,21,29,30,,,,,,,,,1.41,0.73,1.21,1*0A
$GNGSA,A,3,68,84,82,69,,,,,,,,,1.41,0.73,1.21,2*07
$GNGSA,A,3,,,,,,,,,,,,,1.41,0.73,1.21,3*01
$GNGSA,A,3,03,05,06,13,,,,,,,,,1.41,0.73,1.21,4*04
$GPGSV,2,1,07,02,21,093,39.9,26,46,125,,21,27,295,39.1,29,72,273,39.7,1*70
$GPGSV,2,2,07,30,15,227,39.6,05,04,206,,27,01,094,,1*4D
$GLGSV,1,1,04,68,54,018,39.9,84,33,313,39.6,82,14,191,39.9,69,11,069,39.1,1*76
$GAGSV,1,1,00,7*73
$GBGSV,1,1,04,03,45,191,39.4,05,16,249,39.1,06,11,165,39.6,13,07,055,39.8,1*7E
$GNRMC,194138.000,A,3900.0004,N,11613.9804,E,0.01,333.72,280612,,,A,V*0B
$GNVTG,333.72,T,,M,0.01,N,0.02,K,A*26
$GNZDA,194138.000,28,06,2012,,*43
$GNGGA,194139.000,3900.0004,N,11613.9804,E,1,12,0.73,-4.9,M,-6.8,M,,*4E
$PAIRACC,3.41,10.96*73
$GNGLL,3900.0004,N,11613.9804,E,194139.000,A,A*4F
$GNGSA,A,3,02,21,29,30,,,,,,,,,1.40,0.73,1.20,1*0A
$GNGSA,A,3,68,84,82,69,,,,,,,,,1.40,0.73,1.20,2*07
$GNGSA,A,3,,,,,,,,,,,,,1.40,0.73,1.20,3*01
$GNGSA,A,3,03,05,06,13,,,,,,,,,1.40,0.73,1.20,4*04
$GPGSV,2,1,07,02,21,093,40.0,26,46,125,,21,27,295,39.7,29,72,273,40.0,1*78
$GPGSV,2,2,07,30,15,227,39.9,05,04,206,,27,01,094,,1*42
$GLGSV,1,1,04,68,54,018,39.5,84,33,313,39.6,82,14,191,40.3,69,11,069,38.0,1*7E
$GAGSV,1,1,00,7*73
$GBGSV,1,1,04,03,45,191,38.9,05,16,249,39.5,06,11,165,39.8,13,07,055,39.8,1*78
$GNRMC,194139.000,A,3900.0004,N,11613.9804,E,0.01,331.34,280612,,,A,V*0A
$GNVTG,331.34,T,,M,0.01,N,0.02,K,A*26
$GNZDA,194139.000,28,06,2012,,*42
$GNGGA,194140.000,3900.0004,N,11613.9804,E,1,12,0.73,-4.9,M,-6.8,M,,*40
$PAIRACC,3.35,10.30*7C
$GNGLL,3900.0004,N,11613.9804,E,194140.000,A,A*41
$GNGSA,A,3,02,21,29,30,,,,,,,,,1.41,0.73,1.21,1*0A
$GNGSA,A,3,68,84,82,69,,,,,,,,,1.41,0.73,1.21,2*07
$GNGSA,A,3,,,,,,,,,,,,,1.41,0.73,1.21,3*01
$GNGSA,A,3,03,05,06,13,,,,,,,,,1.41,0.73,1.21,4*04
$GPGSV,2,1,07,02,21,093,40.1,26,46,125,,21,27,295,39.5,29,72,273,39.8,1*7D
$GPGSV,2,2,07,30,15,227,40.3,05,04,206,,27,01,094,,1*46
$GLGSV,1,1,04,68,54,018,39.6,84,33,313,39.8,82,14,191,39.8,69,11,069,39.1,1*76
$GAGSV,1,1,00,7*73
$GBGSV,1,1,04,03,45,191,38.9,05,16,249,39.2,06,11,165,39.6,13,07,055,39.3,1*7A
$GNRMC,194140.000,A,3900.0004,N,11613.9804,E,0.01,335.81,280612,,,A,V*0E
$GNVTG,335.81,T,,M,0.01,N,0.02,K,A*2C
$GNZDA,194140.000,28,06,2012,,*4C
$GNGGA,194141.000,3900.0004,N,11613.9804,E,1,12,0.73,-4.9,M,-6.8,M,,*41
$PAIRACC,3.42,10.40*7B
$GNGLL,3900.0004,N,11613.9804,E,194141.000,A,A*40
$GNGSA,A,3,02,21,29,30,,,,,,,,,1.41,0.73,1.21,1*0A
$GNGSA,A,3,68,84,82,69,,,,,,,,,1.41,0.73,1.21,2*07
$GNGSA,A,3,,,,,,,,,,,,,1.41,0.73,1.21,3*01
$GNGSA,A,3,03,05,06,13,,,,,,,,,1.41,0.73,1.21,4*04
$GPGSV,2,1,07,02,21,093,40.2,26,46,125,,21,27,295,40.2,29,72,273,39.9,1*76
$GPGSV,2,2,07,30,15,227,40.2,05,04,206,,27,01,094,,1*47
$GLGSV,1,1,04,68,54,018,40.0,84,33,313,39.7,82,14,191,40.3,69,11,069,38.1,1*75
$GAGSV,1,1,00,7*73
$GBGSV,1,1,04,03,45,191,39.5,05,16,249,39.2,06,11,165,39.7,13,07,055,39.0,1*75
$GNRMC,194141.000,A,3900.0004,N,11613.9804,E,0.01,327.74,280612,,,A,V*06
$GNVTG,327.74,T,,M,0.01,N,0.02,K,A*25
$GNZDA,194141.000,28,06,2012,,*4D
$GNGGA,194142.000,3900.0004,N,11613.9804,E,1,12,0.73,-4.9,M,-6.8,M,,*42
$PAIRACC,3.34,10.30*7D
$GNGLL,3900.0004,N,11613.9804,E,194142.000,A,A*43
$GNGSA,A,3,02,21,29,30,,,,,,,,,1.40,0.73,1.20,1*0A
$GNGSA,A,3,68,84,82,69,,,,,,,,,1.40,0.73,1.20,2*07
$GNGSA,A,3,,,,,,,,,,,,,1.40,0.73,1.20,3*01
$GNGSA,A,3,03,05,06,13,,,,,,,,,1.40,0.73,1.20,4*04
$GPGSV,2,1,07,02,21,093,40.1,26,46,125,,21,27,295,39.8,29,72,273,39.8,1*70
$GPGSV,2,2,07,30,15,227,39.7,05,04,206,,27,01,094,,1*4C
$GLGSV,1,1,04,68,54,018,39.9,84,33,313,40.0,82,14,191,40.3,69,11,069,38.6,1*7C
$GAGSV,1,1,00,7*73
$GBGSV,1,1,04,03,45,191,38.5,05,16,249,39.2,06,11,165,39.6,13,07,055,39.5,1*70
$GNRMC,194142.000,A,3900.0004,N,11613.9804,E,0.01,332.10,280612,,,A,V*03
$GNVTG,332.10,T,,M,0.01,N,0.02,K,A*23
$GNZDA,194142.000,28,06,2012,,*4E
$GNGGA,194143.000,3900.0004,N,11613.9804,E,1,12,0.73,-4.9,M,-6.8,M,,*43
$PAIRACC,3.46,10.96*74
$GNGLL,3900.0004,N,11613.9804,E,194143.000,A,A*42
$GNGSA,A,3,02,21,29,30,,,,,,,,,1.41,0.73,1.21,1*0A
$GNGSA,A,3,68,84,82,69,,,,,,,,,1.41,0.73,1.21,2*07
$GNGSA,A,3,,,,,,,,,,,,,1.41,0.73,1.21,3*01
$GNGSA,A,3,03,05,06,13,,,,,,,,,1.41,0.73,1.21,4*04
$GPGSV,2,1,07,02,21,093,39.9,26,46,125,,21,27,295,39.9,29,72,273,40.0,1*71
$GPGSV,2,2,07,30,15,227,39.7,05,04,206,,27,01,094,,1*4C
$GLGSV,1,1,04,68,54,018,40.0,84,33,313,40.0,82,14,191,39.7,69,11,069,38.2,1*75
$GAGSV,1,1,00,7*73
$GBGSV,1,1,04,03,45,191,38.7,05,16,249,39.3,06,11,165,39.7,13,07,055,39.6,1*71
$GNRMC,194143.000,A,3900.0004,N,11613.9804,E,0.01,338.12,280612,,,A,V*0A
$GNVTG,338.12,T,,M,0.01,N,0.02,K,A*2B
$GNZDA,194143.000,28,06,2012,,*4F
$GNGGA,194144.000,3900.0004,N,11613.9804,E,1,12,0.73,-4.9,M,-6.8,M,,*44
$PAIRACC,3.34,10.29*75
$GNGLL,3900.0004,N,11613.9804,E,194144.000,A,A*45
$GNGSA,A,3,02,21,29,30,,,,,,,,,1.41,0.73,1.21,1*0A
$GNGSA,A,3,68,84,82,69,,,,,,,,,1.41,0.73,1.21,2*07
$GNGSA,A,3,,,,,,,,,,,,,1.41,0.73,1.21,3*01
$GNGSA,A,3,03,05,06,13,,,,,,,,,1.41,0.73,1.21,4*04
$GPGSV,2,1,07,02,21,093,39.9,26,46,125,,21,27,295,40.1,29,72,273,39.7,1*7E
$GPGSV,2,2,07,30,15,227,39.5,05,04,206,,27,01,094,,1*4E
$GLGSV,1,1,04,68,54,018,39.9,84,33,313,39.8,82,14,191,40.2,69,11,069,38.9,1*74
$GAGSV,1,1,00,7*73
$GBGSV,1,1,04,03,45,191,39.5,05,16,249,39.3,06,11,165,39.8,13,07,055,40.0,1*75
$GNRMC,194144.000,A,3900.0004,N,11613.9804,E,0.01,342.29,280612,,,A,V*08
$GNVTG,342.29,T,,M,0.01,N,0.02,K,A*2E
$GNZDA,194144.000,28,06,2012,,*48
$GNGGA,194145.000,3900.0004,N,11613.9804,E,1,12,0.73,-5.0,M,-6.8,M,,*4D
$PAIRACC,3.51,11.04*78
$GNGLL,3900.0004,N,11613.9804,E,194145.000,A,A*44
$GNGSA,A,3,02,21,29,30,,,,,,,,,1.41,0.73,1.21,1*0A
$GNGSA,A,3,68,84,82,69,,,,,,,,,1.41,0.73,1.21,2*07
$GNGSA,A,3,,,,,,,,,,,,,1.41,0.73,1.21,3*01
$GNGSA,A,3,03,05,06,13,,,,,,,,,1.41,0.73,1.21,4*04
$GPGSV,2,1,07,02,21,093,40.1,26,46,125,,21,27,295,39.6,29,72,273,40.0,1*78
$GPGSV,2,2,07,30,15,227,39.8,05,04,206,,27,01,094,,1*43
$GLGSV,1,1,04,68,54,018,39.7,84,33,313,39.7,82,14,191,40.3,69,11,069,38.1,1*7C
$GAGSV,1,1,00,7*73
$GBGSV,1,1,04,03,45,191,38.9,05,16,249,39.0,06,11,165,39.7,13,07,055,39.6,1*7C
$GNRMC,194145.000,A,3900.0004,N,11613.9804,E,0.01,348.89,280612,,,A,V*09
$GNVTG,348.89,T,,M,0.01,N,0.02,K,A*2E
$GNZDA,194145.000,28,06,2012,,*49
$GNGGA,194146.000,3900.0004,N,11613.9804,E,1,12,0.73,-5.0,M,-6.8,M,,*4E
$PAIRACC,3.38,10.35*74
$GNGLL,3900.0004,N,11613.9804,E,194146.000,A,A*47
$GNGSA,A,3,02,29,21,30,,,,,,,,,1.40,0.73,1.20,1*0A
$GNGSA,A,3,68,84,82,69,,,,,,,,,1.40,0.73,1.20,2*07
$GNGSA,A,3,,,,,,,,,,,,,1.40,0.73,1.20,3*01
$GNGSA,A,3,03,05,06,13,,,,,,,,,1.40,0.73,1.20,4*04
$GPGSV,2,1,07,02,21,093,40.3,29,72,273,40.0,21,27,295,39.5,26,46,125,,1*79
$GPGSV,2,2,07,30,15,227,40.2,05,04,206,,27,01,094,,1*47
$GLGSV,2,1,05,83,46,241,,68,54,018,40.2,84,33,313,40.2,82,14,191,39.9,1*60
$GLGSV,2,2,05,69,11,069,38.7,1*5F
$GAGSV,1,1,00,7*73
$GBGSV,2,1,05,03,45,191,38.5,10,43,214,,05,16,249,39.4,06,11,165,39.2,1*65
$GBGSV,2,2,05,13,07,055,39.6,1*54
$GNRMC,194146.000,A,3900.0004,N,11613.9804,E,0.01,345.21,280612,,,A,V*05
$GNVTG,345.21,T,,M,0.01,N,0.02,K,A*21
$GNZDA,194146.000,28,06,2012,,*4A
$GNGGA,194147.000,3900.0004,N,11613.9804,E,1,12,0.73,-5.0,M,-6.8,M,,*4F
$PAIRACC,3.52,11.04*7B
$GNGLL,3900.0004,N,11613.9804,E,194147.000,A,A*46
$GNGSA,A,3,02,29,21,30,,,,,,,,,1.41,0.73,1.21,1*0A
$GNGSA,A,3,84,68,82,69,,,,,,,,,1.41,0.73,1.21,2*07
$GNGSA,A,3,,,,,,,,,,,,,1.41,0.73,1.21,3*01
$GNGSA,A,3,03,05,06,13,,,,,,,,,1.41,0.73,1.21,4*04
$GPGSV,2,1,07,02,21,093,40.0,29,72,273,39.6,21,27,295,39.4,26,46,125,,1*73
$GPGSV,2,2,07,30,15,227,39.5,05,04,206,,27,01,094,,1*4E
$GLGSV,1,1,04,84,33,313,40.0,68,54,018,39.9,82,14,191,40.2,69,11,069,38.0,1*7B
$GAGSV,1,1,00,7*73
$GBGSV,2,1,05,03,45,191,39.3,10,43,214,,05,16,249,39.2,06,11,165,39.0,1*66
$GBGSV,2,2,05,13,07,055,39.9,1*5B
$GNRMC,194147.000,A,3900.0004,N,11613.9804,E,0.01,341.41,280612,,,A,V*06
$GNVTG,341.41,T,,M,0.01,N,0.02,K,A*23
$GNZDA,194147.000,28,06,2012,,*4B
$GNGGA,194148.000,3900.0004,N,11613.9804,E,1,12,0.73,-5.0,M,-6.8,M,,*40
$PAIRACC,3.35,10.29*74
$GNGLL,3900.0004,N,11613.9804,E,194148.000,A,A*49
$GNGSA,A,3,02,21,29,30,,,,,,,,,1.41,0.73,1.21,1*0A
$GNGSA,A,3,68,84,82,69,,,,,,,,,1.41,0.73,1.21,2*07
$GNGSA,A,3,,,,,,,,,,,,,1.41,0.73,1.21,3*01
$GNGSA,A,3,03,05,06,13,,,,,,,,,1.41,0.73,1.21,4*04
$GPGSV,2,1,07,02,21,093,39.7,21,27,295,39.4,29,72,273,39.9,26,46,125,,1*75
$GPGSV,2,2,07,30,15,227,39.7,05,04,206,,27,01,094,,1*4C
$GLGSV,2,1,07,80,33,096,,68,54,018,39.5,84,33,313,40.2,78,30,113,,1*76
$GLGSV,2,2,07,77,27,055,,82,14,191,40.0,69,11,069,38.9,1*4A
$GAGSV,1,1,00,7*73
$GBGSV,2,1,05,03,45,191,38.8,10,43,214,,05,16,249,39.5,06,11,165,39.6,1*6D
$GBGSV,2,2,05,13,07,055,40.0,1*5C
$GNRMC,194148.000,A,3900.0004,N,11613.9804,E,0.01,341.07,280612,,,A,V*0B
$GNVTG,341.07,T,,M,0.01,N,0.02,K,A*21
$GNZDA,194148.000,28,06,2012,,*44
$GNGGA,194149.000,3900.0004,N,11613.9804,E,1,12,0.73,-5.0,M,-6.8,M,,*41
$PAIRACC,3.35,10.29*74
$GNGLL,3900.0004,N,11613.9804,E,194149.000,A,A*48
$GNGSA,A,3,02,29,21,30,,,,,,,,,1.41,0.73,1.21,1*0A
$GNGSA,A,3,84,68,82,69,,,,,,,,,1.41,0.73,1.21,2*07
$GNGSA,A,3,,,,,,,,,,,,,1.41,0.73,1.21,3*01
$GNGSA,A,3,03,05,06,13,,,,,,,,,1.41,0.73,1.21,4*04
$GPGSV,2,1,07,02,21,093,39.9,29,72,273,39.9,21,27,295,39.4,26,46,125,,1*7B
$GPGSV,2,2,07,30,15,227,39.7,05,04,206,,27,01,094,,1*4C
$GLGSV,1,1,04,84,33,313,39.8,68,54,018,39.9,82,14,191,40.0,69,11,069,38.3,1*7C
$GAGSV,1,1,00,7*73
$GBGSV,2,1,05,03,45,191,38.5,10,43,214,,05,16,249,39.2,06,11,165,39.5,1*64
$GBGSV,2,2,05,13,07,055,39.8,1*5A
$GNRMC,194149.000,A,3900.0004,N,11613.9804,E,0.01,330.21,280612,,,A,V*08
$GNVTG,330.21,T,,M,0.01,N,0.02,K,A*23
$GNZDA,194149.000,28,06,2012,,*45
$GNGGA,194150.000,3900.0004,N,11613.9804,E,1,12,0.73,-5.0,M,-6.8,M,,*49
$PAIRACC,3.34,10.29*75
$GNGLL,3900.0004,N,11613.9804,E,194150.000,A,A*40
$GNGSA,A,3,02,29,21,30,,,,,,,,,1.40,0.73,1.20,1*0A
$GNGSA,A,3,84,68,82,69,,,,,,,,,1.40,0.73,1.20,2*07
$GNGSA,A,3,,,,,,,,,,,,,1.40,0.73,1.20,3*01
$GNGSA,A,3,03,05,06,13,,,,,,,,,1.40,0.73,1.20,4*04
$GPGSV,2,1,07,02,21,093,40.2,29,72,273,40.1,21,27,295,40.0,26,46,125,,1*72
$GPGSV,2,2,07,30,15,227,40.1,05,04,206,,27,01,094,,1*44
$GLGSV,1,1,04,84,33,313,40.0,68,54,018,40.4,82,14,191,39.8,69,11,069,38.5,1*79
$GAGSV,1,1,00,7*73
$GBGSV,2,1,06,03,45,191,39.5,10,43,214,,07,26,187,,05,16,249,39.8,1*74
$GBGSV,2,2,06,06,11,165,39.8,13,07,055,40.0,1*77
$GNRMC,194150.000,A,3900.0004,N,11613.9804,E,0.01,332.10,280612,,,A,V*00
$GNVTG,332.10,T,,M,0.01,N,0.02,K,A*23
$GNZDA,194150.000,28,06,2012,,*4D
$GNGGA,194151.000,3900.0004,N,11613.9804,E,1,12,0.73,-5.0,M,-6.8,M,,*48
$PAIRACC,3.34,10.28*74
$GNGLL,3900.0004,N,11613.9804,E,194151.000,A,A*41
$GNGSA,A,3,02,21,29,30,,,,,,,,,1.40,0.73,1.20,1*0A
$GNGSA,A,3,82,68,84,69,,,,,,,,,1.40,0.73,1.20,2*07
$GNGSA,A,3,,,,,,,,,,,,,1.40,0.73,1.20,3*01
$GNGSA,A,3,03,05,06,13,,,,,,,,,1.40,0.73,1.20,4*04
$GPGSV,2,1,07,02,21,093,40.0,21,27,295,40.0,29,72,273,40.0,26,46,125,,1*71
$GPGSV,2,2,07,30,15,227,40.0,05,04,206,,27,01,094,,1*45
$GLGSV,1,1,04,82,14,191,40.1,68,54,018,40.1,84,33,313,39.5,69,11,069,38.1,1*74
$GAGSV,1,1,00,7*73
$GBGSV,2,1,07,08,17,165,,10,43,214,,07,26,187,,03,45,191,38.7,1*6B
$GBGSV,2,2,07,05,16,249,39.4,06,11,165,39.7,13,07,055,39.7,1*5D
$GNRMC,194151.000,A,3900.0004,N,11613.9804,E,0.01,330.20,280612,,,A,V*00
$GNVTG,330.20,T,,M,0.01,N,0.02,K,A*22
$GNZDA,194151.000,28,06,2012,,*4C
$GNGGA,194152.000,3900.0004,N,11613.9804,E,1,12,0.73,-5.0,M,-6.8,M,,*4B
$PAIRACC,3.36,10.31*7E
$GNGLL,3900.0004,N,11613.9804,E,194152.000,A,A*42
$GNGSA,A,3,02,29,21,30,,,,,,,,,1.40,0.73,1.20,1*0A
$GNGSA,A,3,84,68,82,69,,,,,,,,,1.40,0.73,1.20,2*07
$GNGSA,A,3,,,,,,,,,,,,,1.40,0.73,1.20,3*01
$GNGSA,A,3,03,05,06,13,,,,,,,,,1.40,0.73,1.20,4*04
$GPGSV,2,1,07,02,21,093,40.2,29,72,273,40.0,21,27,295,39.6,26,46,125,,1*7B
$GPGSV,2,2,07,30,15,227,39.8,05,04,206,,27,01,094,,1*43
$GLGSV,1,1,04,84,33,313,39.8,68,54,018,39.9,82,14,191,39.8,69,11,069,39.3,1*7B
$GAGSV,1,1,00,7*73
$GBGSV,2,1,06,03,45,191,38.5,07,26,187,,08,17,165,,05,16,249,39.4,1*74
$GBGSV,2,2,06,06,11,165,39.8,13,07,055,39.7,1*7E
$GNRMC,194152.000,A,3900.0004,N,11613.9804,E,0.01,321.87,280612,,,A,V*0E
$GNVTG,321.87,T,,M,0.01,N,0.02,K,A*2F
$GNZDA,194152.000,28,06,2012,,*4F
$GNGGA,194153.000,3900.0004,N,11613.9804,E,1,12,0.73,-5.0,M,-6.8,M,,*4A
$PAIRACC,3.36,10.34*7B
$GNGLL,3900.0004,N,11613.9804,E,194153.000,A,A*43
$GNGSA,A,3,02,21,29,30,,,,,,,,,1.40,0.73,1.20,1*0A
$GNGSA,A,3,82,68,84,69,,,,,,,,,1.40,0.73,1.20,2*07
$GNGSA,A,3,,,,,,,,,,,,,1.40,0.73,1.20,3*01
$GNGSA,A,3,05,03,06,13,,,,,,,,,1.40,0.73,1.20,4*04
$GPGSV,2,1,07,02,21,093,40.1,21,27,295,40.4,29,72,273,40.1,26,46,125,,1*75
$GPGSV,2,2,07,30,15,227,39.8,05,04,206,,27,01,094,,1*43
$GLGSV,1,1,04,82,14,191,40.2,68,54,018,39.5,84,33,313,40.5,69,11,069,38.3,1*71
$GAGSV,1,1,00,7*73
$GBGSV,2,1,07,05,16,249,39.5,07,26,187,,08,17,165,,03,45,191,39.4,1*74
$GBGSV,2,2,07,06,11,165,39.6,11,10,055,,13,07,055,39.0,1*47
$GNRMC,194153.000,A,3900.0004,N,11613.9804,E,0.01,318.49,280612,,,A,V*07
$GNVTG,318.49,T,,M,0.01,N,0.03,K,A*26
$GNZDA,194153.000,28,06,2012,,*4E
$GNGGA,194154.000,3900.0004,N,11613.9804,E,1,12,0.73,-5.0,M,-6.8,M,,*4D
$PAIRACC,3.34,10.28*74
$GNGLL,3900.0004,N,11613.9804,E,194154.000,A,A*44
$GNGSA,A,3,02,21,29,30,,,,,,,,,1.40,0.73,1.20,1*0A
$GNGSA,A,3,82,68,84,69,,,,,,,,,1.40,0.73,1.20,2*07
$GNGSA,A,3,,,,,,,,,,,,,1.40,0.73,1.20,3*01
$GNGSA,A,3,05,03,06,13,,,,,,,,,1.40,0.73,1.20,4*04
$GPGSV,2,1,07,02,21,093,40.0,21,27,295,39.8,29,72,273,40.0,26,46,125,,1*77
$GPGSV,2,2,07,30,15,227,39.7,05,04,206,,27,01,094,,1*4C
$GLGSV,2,1,05,82,14,191,39.8,68,54,018,40.3,84,33,313,40.2,69,11,069,38.3,1*78
$GLGSV,2,2,05,79,04,160,,1*40
$GAGSV,1,1,00,7*73
$GBGSV,2,1,07,05,16,249,39.6,07,26,187,,08,17,165,,03,45,191,38.6,1*74
$GBGSV,2,2,07,06,11,165,39.7,11,10,055,,13,07,055,39.7,1*41
$GNRMC,194154.000,A,3900.0004,N,11613.9804,E,0.01,324.76,280612,,,A,V*03
$GNVTG,324.76,T,,M,0.01,N,0.03,K,A*25
$GNZDA,194154.000,28,06,2012,,*49
$GNGGA,194155.000,3900.0005,N,11613.9804,E,1,12,0.73,-5.0,M,-6.8,M,,*4D
$PAIRACC,3.36,10.31*7E
$GNGLL,3900.0005,N,11613.9804,E,194155.000,A,A*44
$GNGSA,A,3,02,21,29,30,,,,,,,,,1.40,0.73,1.20,1*0A
$GNGSA,A,3,82,68,84,69,,,,,,,,,1.40,0.73,1.20,2*07
$GNGSA,A,3,,,,,,,,,,,,,1.40,0.73,1.20,3*01
$GNGSA,A,3,05,03,06,13,,,,,,,,,1.40,0.73,1.20,4*04
$GPGSV,2,1,07,02,21,093,40.0,21,27,295,39.8,29,72,273,39.9,26,46,125,,1*70
$GPGSV,2,2,07,30,15,227,39.8,05,04,206,,27,01,094,,1*43
$GLGSV,1,1,04,82,14,191,39.9,68,54,018,39.7,84,33,313,39.8,69,11,069,38.0,1*76
$GAGSV,1,1,00,7*73
$GBGSV,2,1,07,05,16,249,39.4,07,26,187,,08,17,165,,03,45,191,38.8,1*78
$GBGSV,2,2,07,06,11,165,39.9,11,10,055,,13,07,055,40.0,1*46
$GNRMC,194155.000,A,3900.0005,N,11613.9804,E,0.01,328.53,280612,,,A,V*08
$GNVTG,328.53,T,,M,0.01,N,0.03,K,A*2E
$GNZDA,194155.000,28,06,2012,,*48
$GNGGA,194156.000,3900.0005,N,11613.9804,E,1,12,0.73,-5.0,M,-6.8,M,,*4E
$PAIRACC,3.34,10.27*7B
$GNGLL,3900.0005,N,11613.9804,E,194156.000,A,A*47
$GNGSA,A,3,02,29,21,30,,,,,,,,,1.40,0.73,1.20,1*0A
$GNGSA,A,3,84,68,82,69,,,,,,,,,1.40,0.73,1.20,2*07
$GNGSA,A,3,,,,,,,,,,,,,1.40,0.73,1.20,3*01
$GNGSA,A,3,03,05,06,13,,,,,,,,,1.40,0.73,1.20,4*04
$GPGSV,2,1,07,02,21,093,39.9,29,72,273,40.0,21,27,295,40.0,26,46,125,,1*76
$GPGSV,2,2,07,30,15,227,40.1,05,04,206,,27,01,094,,1*44
$GLGSV,1,1,04,84,33,313,40.3,68,54,018,40.2,82,14,191,40.0,69,11,069,39.1,1*7F
$GAGSV,1,1,00,7*73
$GBGSV,2,1,06,03,45,191,39.3,08,17,165,,05,16,249,39.7,06,11,165,39.4,1*69
$GBGSV,2,2,06,11,10,055,,13,07,055,39.3,1*63
$GNRMC,194156.000,A,3900.0005,N,11613.9804,E,0.01,327.95,280612,,,A,V*0E
$GNVTG,327.95,T,,M,0.01,N,0.03,K,A*2B
$GNZDA,194156.000,28,06,2012,,*4B
$GNGGA,194157.000,3900.0005,N,11613.9803,E,1,12,0.73,-5.0,M,-6.8,M,,*48
$PAIRACC,3.35,10.30*7C
$GNGLL,3900.0005,N,11613.9803,E,194157.000,A,A*41
$GNGSA,A,3,02,29,21,30,,,,,,,,,1.40,0.73,1.20,1*0A
$GNGSA,A,3,84,68,82,69,,,,,,,,,1.40,0.73,1.20,2*07
$GNGSA,A,3,,,,,,,,,,,,,1.40,0.73,1.20,3*01
$GNGSA,A,3,03,05,06,13,,,,,,,,,1.40,0.73,1.20,4*04
$GPGSV,2,1,07,02,21,093,40.1,29,72,273,40.1,21,27,295,39.9,26,46,125,,1*76
$GPGSV,2,2,07,30,15,227,40.1,05,04,206,,27,01,094,,1*44
$GLGSV,1,1,04,84,33,313,39.8,68,54,018,39.6,82,14,191,40.0,69,11,069,39.9,1*78
$GAGSV,1,1,00,7*73
$GBGSV,2,1,06,03,45,191,39.0,08,17,165,,05,16,249,39.3,06,11,165,39.5,1*6F
$GBGSV,2,2,06,11,10,055,,13,07,055,39.8,1*68
$GNRMC,194157.000,A,3900.0005,N,11613.9803,E,0.01,320.70,280612,,,A,V*04
$GNVTG,320.70,T,,M,0.01,N,0.03,K,A*27
$GNZDA,194157.000,28,06,2012,,*4A
$GNGGA,194158.000,3900.0005,N,11613.9803,E,1,12,0.73,-5.0,M,-6.8,M,,*47
$PAIRACC,3.34,10.26*7A
$GNGLL,3900.0005,N,11613.9803,E,194158.000,A,A*4E
$GNGSA,A,3,02,29,21,30,,,,,,,,,1.40,0.73,1.20,1*0A
$GNGSA,A,3,84,68,82,69,,,,,,,,,1.40,0.73,1.20,2*07
$GNGSA,A,3,,,,,,,,,,,,,1.40,0.73,1.20,3*01
$GNGSA,A,3,03,05,06,13,,,,,,,,,1.40,0.73,1.20,4*04
$GPGSV,2,1,07,02,21,093,39.9,29,72,273,40.5,21,27,295,39.8,26,46,125,,1*75
$GPGSV,2,2,07,30,15,227,39.8,05,04,206,,27,01,094,,1*43
$GLGSV,1,1,04,84,33,313,40.0,68,54,018,40.0,82,14,191,40.0,69,11,069,39.6,1*79
$GAGSV,1,1,00,7*73
$GBGSV,2,1,05,03,45,191,38.9,05,16,249,39.4,06,11,165,39.7,11,10,055,,1*6C
$GBGSV,2,2,05,13,07,055,40.2,1*5E
$GNRMC,194158.000,A,3900.0005,N,11613.9803,E,0.01,324.07,280612,,,A,V*0F
$GNVTG,324.07,T,,M,0.01,N,0.03,K,A*23
$GNZDA,194158.000,28,06,2012,,*45
$GNGGA,194159.000,3900.0005,N,11613.9803,E,1,12,0.73,-5.0,M,-6.8,M,,*46
$PAIRACC,3.33,10.26*7D
$GNGLL,3900.0005,N,11613.9803,E,194159.000,A,A*4F
$GNGSA,A,3,02,21,29,30,,,,,,,,,1.40,0.73,1.20,1*0A
$GNGSA,A,3,68,84,82,69,,,,,,,,,1.40,0.73,1.20,2*07
$GNGSA,A,3,,,,,,,,,,,,,1.40,0.73,1.20,3*01
$GNGSA,A,3,03,05,06,13,,,,,,,,,1.40,0.73,1.20,4*04
$GPGSV,2,1,07,02,21,093,40.1,26,46,125,,21,27,295,39.7,29,72,273,40.0,1*79
$GPGSV,2,2,07,30,15,227,39.8,05,04,206,,27,01,094,,1*43
$GLGSV,1,1,04,68,54,018,40.2,84,33,313,39.8,82,14,191,39.5,69,11,069,40.3,1*7D
$GAGSV,1,1,00,7*73
$GBGSV,1,1,04,03,45,191,39.4,05,16,249,39.5,06,11,165,39.3,13,07,055,39.8,1*7F
$GNRMC,194159.000,A,3900.0005,N,11613.9803,E,0.01,329.12,280612,,,A,V*07
$GNVTG,329.12,T,,M,0.01,N,0.03,K,A*2A
$GNZDA,194159.000,28,06,2012,,*44
$GNGGA,194200.000,3900.0005,N,11613.9803,E,1,12,0.73,-5.0,M,-6.8,M,,*49
$PAIRACC,3.35,10.29*74
$GNGLL,3900.0005,N,11613.9803,E,194200.000,A,A*40
$GNGSA,A,3,02,21,29,30,,,,,,,,,1.40,0.73,1.20,1*0A
$GNGSA,A,3,68,84,82,69,,,,,,,,,1.40,0.73,1.20,2*07
$GNGSA,A,3,,,,,,,,,,,,,1.40,0.73,1.20,3*01
$GNGSA,A,3,03,05,06,13,,,,,,,,,1.40,0.73,1.20,4*04
$GPGSV,2,1,07,02,21,093,39.7,26,46,125,,21,27,295,40.0,29,72,273,40.1,1*79
$GPGSV,2,2,07,30,15,227,39.6,05,04,206,,27,01,094,,1*4D
$GLGSV,1,1,04,68,54,018,40.2,84,33,313,40.1,82,14,191,39.5,69,11,069,40.4,1*7D
$GAGSV,1,1,00,7*73
$GBGSV,1,1,04,03,45,191,38.8,05,16,249,39.2,06,11,165,39.7,13,07,055,39.2,1*7B
$GNRMC,194200.000,A,3900.0005,N,11613.9803,E,0.01,334.53,280612,,,A,V*01
$GNVTG,334.53,T,,M,0.01,N,0.02,K,A*22
$GNZDA,194200.000,28,06,2012,,*4B
$GNGGA,194201.000,3900.0005,N,11613.9804,E,1,12,0.73,-5.0,M,-6.8,M,,*4F
$PAIRACC,3.48,10.96*7A
$GNGLL,3900.0005,N,11613.9804,E,194201.000,A,A*46
$GNGSA,A,3,02,21,29,30,,,,,,,,,1.40,0.73,1.20,1*0A
$GNGSA,A,3,68,84,82,69,,,,,,,,,1.40,0.73,1.20,2*07
$GNGSA,A,3,,,,,,,,,,,,,1.40,0.73,1.20,3*01
$GNGSA,A,3,03,05,06,13,,,,,,,,,1.40,0.73,1.20,4*04
$GPGSV,2,1,07,02,21,093,40.3,26,46,125,,21,27,295,39.8,29,72,273,39.8,1*72
$GPGSV,2,2,07,30,15,227,39.8,05,04,206,,27,01,094,,1*43
$GLGSV,1,1,04,68,54,018,40.2,84,33,313,39.9,82,14,191,40.0,69,11,069,40.4,1*70
$GAGSV,1,1,00,7*73
$GBGSV,1,1,04,03,45,191,38.8,05,16,249,39.4,06,11,165,39.3,13,07,055,39.4,1*7F
$GNRMC,194201.000,A,3900.0005,N,11613.9804,E,0.01,337.86,280612,,,A,V*0C
$GNVTG,337.86,T,,M,0.01,N,0.02,K,A*29
$GNZDA,194201.000,28,06,2012,,*4A
$GNGGA,194202.000,3900.0005,N,11613.9804,E,1,12,0.73,-5.0,M,-6.8,M,,*4C
$PAIRACC,3.35,10.29*74
$GNGLL,3900.0005,N,11613.9804,E,194202.000,A,A*45
$GNGSA,A,3,02,21,29,30,,,,,,,,,1.40,0.73,1.20,1*0A
$GNGSA,A,3,68,84,82,69,,,,,,,,,1.40,0.73,1.20,2*07
$GNGSA,A,3,,,,,,,,,,,,,1.40,0.73,1.20,3*01
$GNGSA,A,3,03,05,06,13,,,,,,,,,1.40,0.73,1.20,4*04
$GPGSV,2,1,07,02,21,093,40.0,26,46,125,,21,27,295,39.5,29,72,273,40.1,1*7B
$GPGSV,2,2,07,30,15,227,39.7,05,04,206,,27,01,094,,1*4C
$GLGSV,1,1,04,68,54,018,40.1,84,33,313,39.9,82,14,191,39.9,69,11,069,39.8,1*76
$GAGSV,1,1,00,7*73
$GBGSV,1,1,04,03,45,191,39.5,05,16,249,39.6,06,11,165,39.6,13,07,055,40.0,1*7E
$GNRMC,194202.000,A,3900.0005,N,11613.9804,E,0.01,328.18,280612,,,A,V*06
$GNVTG,328.18,T,,M,0.01,N,0.02,K,A*20
$GNZDA,194202.000,28,06,2012,,*49
$GNGGA,194203.000,3900.0005,N,11613.9804,E,1,12,0.73,-5.0,M,-6.8,M,,*4D
$PAIRACC,3.48,10.96*7A
$GNGLL,3900.0005,N,11613.9804,E,194203.000,A,A*44
$GNGSA,A,3,02,21,29,30,,,,,,,,,1.40,0.73,1.20,1*0A
$GNGSA,A,3,68,84,82,69,,,,,,,,,1.40,0.73,1.20,2*07
$GNGSA,A,3,,,,,,,,,,,,,1.40,0.73,1.20,3*01
$GNGSA,A,3,03,05,06,13,,,,,,,,,1.40,0.73,1.20,4*04
$GPGSV,2,1,07,02,21,093,39.9,26,46,125,,21,27,295,39.6,29,72,273,40.0,1*7E
$GPGSV,2,2,07,30,15,227,40.0,05,04,206,,27,01,094,,1*45
$GLGSV,1,1,04,68,54,018,39.6,84,33,313,39.6,82,14,191,39.7,69,11,069,40.0,1*78
$GAGSV,1,1,00,7*73
$GBGSV,1,1,04,03,45,191,38.8,05,16,249,39.2,06,11,165,39.2,13,07,055,39.4,1*78
$GNRMC,194203.000,A,3900.0005,N,11613.9804,E,0.01,328.28,280612,,,A,V*04
$GNVTG,328.28,T,,M,0.01,N,0.02,K,A*23
$GNZDA,194203.000,28,06,2012,,*48
$GNGGA,194204.000,3900.0005,N,11613.9804,E,1,12,0.73,-5.0,M,-6.8,M,,*4A
$PAIRACC,3.35,10.29*74
$GNGLL,3900.0005,N,11613.9804,E,194204.000,A,A*43
$GNGSA,A,3,02,21,29,30,,,,,,,,,1.40,0.73,1.20,1*0A
$GNGSA,A,3,68,84,82,69,,,,,,,,,1.40,0.73,1.20,2*07
$GNGSA,A,3,,,,,,,,,,,,,1.40,0.73,1.20,3*01
$GNGSA,A,3,03,05,06,13,,,,,,,,,1.40,0.73,1.20,4*04
$GPGSV,2,1,07,02,21,093,40.2,26,46,125,,21,27,295,40.0,29,72,273,40.0,1*73
$GPGSV,2,2,07,30,15,227,39.8,05,04,206,,27,01,094,,1*43
$GLGSV,1,1,04,68,54,018,40.2,84,33,313,39.6,82,14,191,39.8,69,11,069,40.2,1*7F
$GAGSV,1,1,00,7*73
$GBGSV,1,1,04,03,45,191,38.7,05,16,249,38.7,06,11,165,39.3,13,07,055,39.5,1*73
$GNRMC,194204.000,A,3900.0005,N,11613.9804,E,0.01,324.17,280612,,,A,V*03
$GNVTG,324.17,T,,M,0.01,N,0.02,K,A*23
$GNZDA,194204.000,28,06,2012,,*4F
$GNGGA,194205.000,3900.0005,N,11613.9804,E,1,12,0.73,-5.0,M,-6.8,M,,*4B
$PAIRACC,3.34,10.28*74
$GNGLL,3900.0005,N,11613.9804,E,194205.000,A,A*42
$GNGSA,A,3,02,21,29,30,,,,,,,,,1.40,0.73,1.20,1*0A
$GNGSA,A,3,68,84,82,69,,,,,,,,,1.40,0.73,1.20,2*07
$GNGSA,A,3,,,,,,,,,,,,,1.40,0.73,1.20,3*01
$GNGSA,A,3,03,05,06,13,,,,,,,,,1.40,0.73,1.20,4*04
$GPGSV,2,1,07,02,21,093,39.6,26,46,125,,21,27,295,39.2,29,72,273,39.9,1*72
$GPGSV,2,2,07,30,15,227,39.9,05,04,206,,27,01,094,,1*42
$GLGSV,1,1,04,68,54,018,40.3,84,33,313,39.8,82,14,191,39.6,69,11,069,40.3,1*7F
$GAGSV,1,1,00,7*73
$GBGSV,1,1,04,03,45,191,39.4,05,16,249,39.4,06,11,165,39.5,13,07,055,39.4,1*74
$GNRMC,194205.000,A,3900.0005,N,11613.9804,E,0.01,335.46,280612,,,A,V*06
$GNVTG,335.46,T,,M,0.01,N,0.02,K,A*27
$GNZDA,194205.000,28,06,2012,,*4E
$GNGGA,194206.000,3900.0005,N,11613.9804,E,1,12,0.73,-5.0,M,-6.8,M,,*48
$PAIRACC,3.50,10.97*72
$GNGLL,3900.0005,N,11613.9804,E,194206.000,A,A*41
$GNGSA,A,3,02,21,29,30,,,,,,,,,1.40,0.73,1.20,1*0A
$GNGSA,A,3,68,84,82,69,,,,,,,,,1.40,0.73,1.20,2*07
$GNGSA,A,3,,,,,,,,,,,,,1.40,0.73,1.20,3*01
$GNGSA,A,3,03,05,06,13,,,,,,,,,1.40,0.73,1.20,4*04
$GPGSV,2,1,07,02,21,093,39.8,26,46,125,,21,27,295,39.5,29,72,273,40.5,1*79
$GPGSV,2,2,07,30,15,227,39.5,05,04,206,,27,01,094,,1*4E
$GLGSV,1,1,04,68,54,018,40.2,84,33,313,40.2,82,14,191,40.3,69,11,069,40.2,1*70
$GAGSV,1,1,00,7*73
$GBGSV,1,1,04,03,45,191,38.4,05,16,249,39.0,06,11,165,39.7,13,07,055,39.9,1*7E
$GNRMC,194206.000,A,3900.0005,N,11613.9804,E,0.01,329.69,280612,,,A,V*05
$GNVTG,329.69,T,,M,0.01,N,0.02,K,A*27
$GNZDA,194206.000,28,06,2012,,*4D
$GNGGA,194207.000,3900.0005,N,11613.9804,E,1,12,0.73,-5.0,M,-6.8,M,,*49
$PAIRACC,3.38,10.33*72
$GNGLL,3900.0005,N,11613.9804,E,194207.000,A,A*40
$GNGSA,A,3,02,21,29,30,,,,,,,,,1.40,0.73,1.20,1*0A
$GNGSA,A,3,68,84,82,69,,,,,,,,,1.40,0.73,1.20,2*07
$GNGSA,A,3,,,,,,,,,,,,,1.40,0.73,1.20,3*01
$GNGSA,A,3,03,05,06,13,,,,,,,,,1.40,0.73,1.20,4*04
$GPGSV,2,1,07,02,21,093,39.7,26,46,125,,21,27,295,39.9,29,72,273,39.5,1*74
$GPGSV,2,2,07,30,15,227,40.0,05,04,206,,27,01,094,,1*45
$GLGSV,1,1,04,68,54,018,39.9,84,33,313,40.2,82,14,191,40.1,69,11,069,40.1,1*74
$GAGSV,1,1,00,7*73
$GBGSV,1,1,04,03,45,191,38.7,05,16,249,39.6,06,11,165,39.5,13,07,055,39.9,1*79
$GNRMC,194207.000,A,3900.0005,N,11613.9804,E,0.01,327.08,280612,,,A,V*0D
$GNVTG,327.08,T,,M,0.01,N,0.02,K,A*2E
$GNZDA,194207.000,28,06,2012,,*4C
$GNGGA,194208.000,3900.0005,N,11613.9804,E,1,12,0.73,-5.0,M,-6.8,M,,*46
$PAIRACC,3.50,10.98*7D
$GNGLL,3900.0005,N,11613.9804,E,194208.000,A,A*4F
$GNGSA,A,3,02,21,29,30,,,,,,,,,1.40,0.73,1.20,1*0A
$GNGSA,A,3,68,84,82,69,,,,,,,,,1.40,0.73,1.20,2*07
$GNGSA,A,3,,,,,,,,,,,,,1.40,0.73,1.20,3*01
$GNGSA,A,3,03,05,06,13,,,,,,,,,1.40,0.73,1.20,4*04
$GPGSV,2,1,07,02,21,093,39.9,26,46,125,,21,27,295,39.5,29,72,273,40.1,1*7C
$GPGSV,2,2,07,30,15,227,40.0,05,04,206,,27,01,094,,1*45
$GLGSV,1,1,04,68,54,018,40.1,84,33,313,40.3,82,14,191,40.1,69,11,069,39.7,1*7B
$GAGSV,1,1,00,7*73
$GBGSV,1,1,04,03,45,191,39.4,05,16,249,39.8,06,11,165,39.4,13,07,055,39.4,1*79
$GNRMC,194208.000,A,3900.0005,N,11613.9804,E,0.01,335.27,280612,,,A,V*0C
$GNVTG,335.27,T,,M,0.01,N,0.02,K,A*20
$GNZDA,194208.000,28,06,2012,,*43
$GNGGA,194209.000,3900.0005,N,11613.9804,E,1,12,0.73,-5.1,M,-6.8,M,,*46
$PAIRACC,3.36,10.33*7C
$GNGLL,3900.0005,N,11613.9804,E,194209.000,A,A*4E
$GNGSA,A,3,02,21,29,30,,,,,,,,,1.40,0.73,1.20,1*0A
$GNGSA,A,3,68,84,82,69,,,,,,,,,1.40,0.73,1.20,2*07
$GNGSA,A,3,,,,,,,,,,,,,1.40,0.73,1.20,3*01
$GNGSA,A,3,03,05,06,13,,,,,,,,,1.40,0.73,1.20,4*04
$GPGSV,2,1,07,02,21,093,39.6,26,46,125,,21,27,295,39.8,29,72,273,39.9,1*78
$GPGSV,2,2,07,30,15,227,39.5,05,04,206,,27,01,094,,1*4E
$GLGSV,1,1,04,68,54,018,40.1,84,33,313,39.9,82,14,191,40.0,69,11,069,40.2,1*75
$GAGSV,1,1,00,7*73
$GBGSV,1,1,04,03,45,191,38.8,05,16,249,39.0,06,11,165,40.0,13,07,055,39.8,1*7A
$GNRMC,194209.000,A,3900.0005,N,11613.9804,E,0.01,330.15,280612,,,A,V*09
$GNVTG,330.15,T,,M,0.01,N,0.02,K,A*24
$GNZDA,194209.000,28,06,2012,,*42
$GNGGA,194210.000,3900.0005,N,11613.9804,E,1,12,0.73,-5.1,M,-6.8,M,,*4E
$PAIRACC,3.50,10.98*7D
$GNGLL,3900.0005,N,11613.9804,E,194210.000,A,A*46
$GNGSA,A,3,02,21,29,30,,,,,,,,,1.40,0.73,1.20,1*0A
$GNGSA,A,3,68,84,82,69,,,,,,,,,1.40,0.73,1.20,2*07
$GNGSA,A,3,,,,,,,,,,,,,1.40,0.73,1.20,3*01
$GNGSA,A,3,03,05,06,13,,,,,,,,,1.40,0.73,1.20,4*04
$GPGSV,2,1,07,02,21,093,40.0,26,46,125,,21,27,295,39.7,29,72,273,39.8,1*7E
$GPGSV,2,2,07,30,15,227,40.2,05,04,206,,27,01,094,,1*47
$GLGSV,1,1,04,68,54,018,40.1,84,33,313,40.1,82,14,191,40.2,69,11,069,39.9,1*74
$GAGSV,1,1,00,7*73
$GBGSV,1,1,04,03,45,191,38.8,05,16,249,39.4,06,11,165,39.8,13,07,055,39.9,1*79
$GNRMC,194210.000,A,3900.0005,N,11613.9804,E,0.01,323.78,280612,,,A,V*08
$GNVTG,323.78,T,,M,0.01,N,0.02,K,A*2D
$GNZDA,194210.000,28,06,2012,,*4A
$GNGGA,194211.000,3900.0005,N,11613.9804,E,1,12,0.73,-5.1,M,-6.8,M,,*4F
$PAIRACC,3.36,10.34*7B
$GNGLL,3900.0005,N,11613.9804,E,194211.000,A,A*47
$GNGSA,A,3,02,21,29,30,,,,,,,,,1.40,0.73,1.20,1*0A
$GNGSA,A,3,68,84,82,69,,,,,,,,,1.40,0.73,1.20,2*07
$GNGSA,A,3,,,,,,,,,,,,,1.40,0.73,1.20,3*01
$GNGSA,A,3,03,05,06,13,,,,,,,,,1.40,0.73,1.20,4*04
$GPGSV,2,1,07,02,21,093,40.0,26,46,125,,21,27,295,39.8,29,72,273,40.0,1*77
$GPGSV,2,2,07,30,15,227,40.0,05,04,206,,27,01,094,,1*45
$GLGSV,1,1,04,68,54,018,40.3,84,33,313,39.7,82,14,191,40.0,69,11,069,40.3,1*78
$GAGSV,1,1,00,7*73
$GBGSV,1,1,04,03,45,191,39.5,05,16,249,39.4,06,11,165,39.3,13,07,055,39.5,1*72
$GNRMC,194211.000,A,3900.0005,N,11613.9804,E,0.01,323.01,280612,,,A,V*07
$GNVTG,323.01,T,,M,0.01,N,0.02,K,A*23
$GNZDA,194211.000,28,06,2012,,*4B
$GNGGA,194212.000,3900.0005,N,11613.9804,E,1,12,0.73,-5.1,M,-6.8,M,,*4C
$PAIRACC,3.40,10.31*7F
$GNGLL,3900.0005,N,11613.9804,E,194212.000,A,A*44
$GNGSA,A,3,02,21,29,30,,,,,,,,,1.40,0.73,1.20,1*0A
$GNGSA,A,3,68,84,82,69,,,,,,,,,1.40,0.73,1.20,2*07
$GNGSA,A,3,,,,,,,,,,,,,1.40,0.73,1.20,3*01
$GNGSA,A,3,03,05,06,13,,,,,,,,,1.40,0.73,1.20,4*04
$GPGSV,2,1,07,02,21,093,40.0,26,46,125,,21,27,295,39.5,29,72,273,39.7,1*73
$GPGSV,2,2,07,30,15,227,40.0,05,04,206,,27,01,094,,1*45
$GLGSV,1,1,04,68,54,018,40.0,84,33,313,40.2,82,14,191,40.1,69,11,069,39.9,1*75
$GAGSV,1,1,00,7*73
$GBGSV,1,1,04,03,45,191,38.8,05,16,249,39.0,06,11,165,39.7,13,07,055,39.5,1*7E
$GNRMC,194212.000,A,3900.0005,N,11613.9804,E,0.01,320.85,280612,,,A,V*0B
$GNVTG,320.85,T,,M,0.01,N,0.02,K,A*2C
$GNZDA,194212.000,28,06,2012,,*48
$GNGGA,194213.000,3900.0005,N,11613.9804,E,1,12,0.73,-5.1,M,-6.8,M,,*4D
$PAIRACC,3.47,10.96*75
$GNGLL,3900.0005,N,11613.9804,E,194213.000,A,A*45
$GNGSA,A,3,02,21,29,30,,,,,,,,,1.40,0.73,1.20,1*0A
$GNGSA,A,3,68,84,82,69,,,,,,,,,1.40,0.73,1.20,2*07
$GNGSA,A,3,,,,,,,,,,,,,1.40,0.73,1.20,3*01
$GNGSA,A,3,03,05,06,13,,,,,,,,,1.40,0.73,1.20,4*04
$GPGSV,2,1,07,02,21,093,39.9,26,46,125,,21,27,295,39.5,29,72,273,40.0,1*7D
$GPGSV,2,2,07,30,15,227,39.8,05,04,206,,27,01,094,,1*43
$GLGSV,1,1,04,68,54,018,39.9,84,33,313,39.8,82,14,191,40.3,69,11,069,40.1,1*72
$GAGSV,1,1,00,7*73
$GBGSV,1,1,04,03,45,191,38.9,05,16,249,39.6,06,11,165,39.1,13,07,055,39.5,1*7F
$GNRMC,194213.000,A,3900.0005,N,11613.9804,E,0.01,326.14,280612,,,A,V*04
$GNVTG,326.14,T,,M,0.01,N,0.02,K,A*22
$GNZDA,194213.000,28,06,2012,,*49
$GNGGA,194214.000,3900.0005,N,11613.9804,E,1,12,0.73,-5.1,M,-6.8,M,,*4A
$PAIRACC,3.36,10.30*7F
$GNGLL,3900.0005,N,11613.9804,E,194214.000,A,A*42
$GNGSA,A,3,02,21,29,30,,,,,,,,,1.40,0.73,1.20,1*0A
$GNGSA,A,3,68,84,82,69,,,,,,,,,1.40,0.73,1.20,2*07
$GNGSA,A,3,,,,,,,,,,,,,1.40,0.73,1.20,3*01
$GNGSA,A,3,03,05,06,13,,,,,,,,,1.40,0.73,1.20,4*04
$GPGSV,2,1,07,02,21,093,40.3,26,46,125,,21,27,295,39.8,29,72,273,40.3,1*77
$GPGSV,2,2,07,30,15,227,39.2,05,04,206,,27,01,094,,1*49
$GLGSV,1,1,04,68,54,018,39.7,84,33,313,40.0,82,14,191,40.3,69,11,069,40.1,1*7A
$GAGSV,1,1,00,7*73
$GBGSV,1,1,04,03,45,191,39.4,05,16,249,39.3,06,11,165,39.4,13,07,055,39.6,1*70
$GNRMC,194214.000,A,3900.0005,N,11613.9804,E,0.01,332.71,280612,,,A,V*05
$GNVTG,332.71,T,,M,0.01,N,0.02,K,A*24
$GNZDA,194214.000,28,06,2012,,*4E
$GNGGA,194215.000,3900.0005,N,11613.9804,E,1,12,0.73,-5.1,M,-6.8,M,,*4B
$PAIRACC,3.39,10.29*78
$GNGLL,3900.0005,N,11613.9804,E,194215.000,A,A*43
$GNGSA,A,3,02,21,29,30,,,,,,,,,1.40,0.73,1.20,1*0A
$GNGSA,A,3,68,84,82,69,,,,,,,,,1.40,0.73,1.20,2*07
$GNGSA,A,3,,,,,,,,,,,,,1.40,0.73,1.20,3*01
$GNGSA,A,3,03,05,06,13,,,,,,,,,1.40,0.73,1.20,4*04
$GPGSV,2,1,07,02,21,093,40.2,26,46,125,,21,27,295,40.0,29,72,273,39.9,1*74
$GPGSV,2,2,07,30,15,227,39.8,05,04,206,,27,01,094,,1*43
$GLGSV,1,1,04,68,53,021,40.1,84,33,313,39.9,82,14,191,40.4,69,11,069,40.0,1*7E
$GAGSV,1,1,00,7*73
$GBGSV,1,1,04,03,45,191,38.5,05,16,249,39.2,06,11,165,39.6,13,07,055,39.8,1*7D
$GNRMC,194215.000,A,3900.0005,N,11613.9804,E,0.01,335.76,280612,,,A,V*04
$GNVTG,335.76,T,,M,0.01,N,0.02,K,A*24
$GNZDA,194215.000,28,06,2012,,*4F
$GNGGA,194216.000,3900.0005,N,11613.9804,E,1,12,0.73,-5.1,M,-6.8,M,,*48
$PAIRACC,3.34,10.26*7A
$GNGLL,3900.0005,N,11613.9804,E,194216.000,A,A*40
$GNGSA,A,3,02,21,29,30,,,,,,,,,1.40,0.73,1.20,1*0A
$GNGSA,A,3,68,84,82,69,,,,,,,,,1.40,0.73,1.20,2*07
$GNGSA,A,3,,,,,,,,,,,,,1.40,0.73,1.20,3*01
$GNGSA,A,3,03,05,06,13,,,,,,,,,1.40,0.73,1.20,4*04
$GPGSV,2,1,07,02,21,093,40.0,26,46,125,,21,27,295,39.4,29,72,273,39.9,1*7C
$GPGSV,2,2,07,30,15,227,39.6,05,04,206,,27,01,094,,1*4D
$GLGSV,1,1,04,68,53,021,40.3,84,33,313,40.0,82,14,191,39.9,69,10,070,40.0,1*71
$GAGSV,1,1,00,7*73
$GBGSV,1,1,04,03,45,191,38.7,05,16,249,39.2,06,11,165,39.7,13,07,055,39.5,1*73
$GNRMC,194216.000,A,3900.0005,N,11613.9804,E,0.01,330.71,280612,,,A,V*05
$GNVTG,330.71,T,,M,0.01,N,0.02,K,A*26
$GNZDA,194216.000,28,06,2012,,*4C
$GNGGA,194217.000,3900.0005,N,11613.9804,E,1,12,0.73,-5.1,M,-6.8,M,,*49
$PAIRACC,3.34,10.26*7A
$GNGLL,3900.0005,N,11613.9804,E,194217.000,A,A*41
$GNGSA,A,3,21,02,30,29,,,,,,,,,1.40,0.73,1.20,1*0A
$GNGSA,A,3,68,84,82,69,,,,,,,,,1.40,0.73,1.20,2*07
$GNGSA,A,3,,,,,,,,,,,,,1.40,0.73,1.20,3*01
$GNGSA,A,3,03,05,06,13,,,,,,,,,1.40,0.73,1.20,4*04
$GPGSV,2,1,08,27,01,094,,10,52,045,,26,46,125,,21,27,295,39.9,1*74
$GPGSV,2,2,08,02,21,093,39.6,30,15,227,39.7,05,04,206,,29,72,273,39.8,1*77
$GLGSV,1,1,04,68,53,021,40.2,84,33,313,40.3,82,14,191,40.1,69,10,070,40.0,1*75
$GAGSV,1,1,00,7*73
$GBGSV,1,1,04,03,45,191,39.0,05,16,249,40.0,06,11,165,39.7,13,07,055,39.6,1*7A
$GNRMC,194217.000,A,3900.0005,N,11613.9804,E,0.01,327.33,280612,,,A,V*04
$GNVTG,327.33,T,,M,0.01,N,0.02,K,A*26
$GNZDA,194217.000,28,06,2012,,*4D
$GNGGA,194218.000,3900.0005,N,11613.9804,E,1,12,0.73,-5.1,M,-6.8,M,,*46
$PAIRACC,3.36,10.29*77
$GNGLL,3900.0005,N,11613.9804,E,194218.000,A,A*4E
$GNGSA,A,3,21,02,30,29,,,,,,,,,1.40,0.73,1.20,1*0A
$GNGSA,A,3,68,84,82,69,,,,,,,,,1.40,0.73,1.20,2*07
$GNGSA,A,3,,,,,,,,,,,,,1.40,0.73,1.20,3*01
$GNGSA,A,3,03,05,06,13,,,,,,,,,1.40,0.73,1.20,4*04
$GPGSV,2,1,08,27,01,094,,10,52,045,,26,46,125,,21,27,295,39.9,1*74
$GPGSV,2,2,08,02,21,093,39.9,30,15,227,39.6,05,04,206,,29,72,273,39.8,1*79
$GLGSV,1,1,04,68,53,021,39.9,84,33,313,40.3,82,14,191,39.6,69,10,070,39.9,1*7E
$GAGSV,1,1,00,7*73
$GBGSV,1,1,04,03,45,191,38.9,05,16,249,39.3,06,11,165,39.2,13,07,055,39.4,1*78
$GNRMC,194218.000,A,3900.0005,N,11613.9804,E,0.01,324.85,280612,,,A,V*05
$GNVTG,324.85,T,,M,0.01,N,0.02,K,A*28
$GNZDA,194218.000,28,06,2012,,*42
$GNGGA,194219.000,3900.0005,N,11613.9804,E,1,12,0.73,-5.1,M,-6.8,M,,*47
$PAIRACC,3.37,10.28*77
$GNGLL,3900.0005,N,11613.9804,E,194219.000,A,A*4F
$GNGSA,A,3,21,02,30,29,,,,,,,,,1.40,0.73,1.20,1*0A
$GNGSA,A,3,68,84,82,69,,,,,,,,,1.40,0.73,1.20,2*07
$GNGSA,A,3,,,,,,,,,,,,,1.40,0.73,1.20,3*01
$GNGSA,A,3,03,05,06,13,,,,,,,,,1.40,0.73,1.20,4*04
$GPGSV,2,1,08,27,01,094,,10,52,045,,26,46,125,,21,27,295,39.8,1*75
$GPGSV,2,2,08,02,21,093,39.7,30,15,227,39.4,05,04,206,,29,72,273,39.3,1*7E
$GLGSV,1,1,04,68,53,021,39.7,84,33,313,40.0,82,14,191,40.1,69,10,070,40.3,1*7E
$GAGSV,1,1,00,7*73
$GBGSV,1,1,04,03,45,191,38.8,05,16,249,39.5,06,11,165,39.6,13,07,055,39.6,1*79
$GNRMC,194219.000,A,3900.0005,N,11613.9804,E,0.01,325.88,280612,,,A,V*08
$GNVTG,325.88,T,,M,0.01,N,0.02,K,A*24
$GNZDA,194219.000,28,06,2012,,*43
$GNGGA,194220.000,3900.0005,N,11613.9804,E,1,12,0.73,-5.1,M,-6.8,M,,*4D
$PAIRACC,3.47,10.97*74
$GNGLL,3900.0005,N,11613.9804,E,194220.000,A,A*45
$GNGSA,A,3,21,02,30,29,,,,,,,,,1.40,0.73,1.20,1*0A
$GNGSA,A,3,68,84,82,69,,,,,,,,,1.40,0.73,1.20,2*07
$GNGSA,A,3,,,,,,,,,,,,,1.40,0.73,1.20,3*01
$GNGSA,A,3,03,05,06,13,,,,,,,,,1.40,0.73,1.20,4*04
$GPGSV,2,1,08,27,01,094,,10,52,045,,26,46,125,,21,27,295,39.5,1*78
$GPGSV,2,2,08,02,21,093,40.1,30,15,227,40.2,05,04,206,,29,72,273,39.7,1*7A
$GLGSV,1,1,04,68,53,021,40.2,84,33,313,39.8,82,14,191,39.9,69,10,070,40.2,1*74
$GAGSV,1,1,00,7*73
$GBGSV,1,1,04,03,45,191,39.4,05,16,249,39.3,06,11,165,39.6,13,07,055,39.4,1*70
$GNRMC,194220.000,A,3900.0005,N,11613.9804,E,0.01,325.46,280612,,,A,V*00
$GNVTG,325.46,T,,M,0.01,N,0.02,K,A*26
$GNZDA,194220.000,28,06,2012,,*49
$GNGGA,194221.000,3900.0005,N,11613.9804,E,1,12,0.73,-5.1,M,-6.8,M,,*4C
$PAIRACC,3.39,10.33*73
$GNGLL,3900.0005,N,11613.9804,E,194221.000,A,A*44
$GNGSA,A,3,21,02,30,29,,,,,,,,,1.40,0.73,1.20,1*0A
$GNGSA,A,3,68,84,82,69,,,,,,,,,1.40,0.73,1.20,2*07
$GNGSA,A,3,,,,,,,,,,,,,1.40,0.73,1.20,3*01
$GNGSA,A,3,03,05,06,13,,,,,,,,,1.40,0.73,1.20,4*04
$GPGSV,2,1,08,27,01,094,,10,52,045,,26,46,125,,21,27,295,39.8,1*75
$GPGSV,2,2,08,02,21,093,39.5,30,15,227,40.0,05,04,206,,29,72,273,39.9,1*7C
$GLGSV,1,1,04,68,53,021,39.9,84,33,313,39.7,82,14,191,40.0,69,10,070,39.9,1*7C
$GAGSV,1,1,00,7*73
$GBGSV,1,1,04,03,45,191,38.7,05,16,249,39.4,06,11,165,39.4,13,07,055,39.1,1*72
$GNRMC,194221.000,A,3900.0005,N,11613.9804,E,0.01,322.46,280612,,,A,V*06
$GNVTG,322.46,T,,M,0.01,N,0.02,K,A*21
$GNZDA,194221.000,28,06,2012,,*48
$GNGGA,194222.000,3900.0005,N,11613.9804,E,1,12,0.73,-5.1,M,-6.8,M,,*4F
$PAIRACC,3.47,10.97*74
$GNGLL,3900.0005,N,11613.9804,E,194222.000,A,A*47
$GNGSA,A,3,21,02,30,29,,,,,,,,,1.40,0.73,1.20,1*0A
$GNGSA,A,3,68,84,82,69,,,,,,,,,1.40,0.73,1.20,2*07
$GNGSA,A,3,,,,,,,,,,,,,1.40,0.73,1.20,3*01
$GNGSA,A,3,03,05,06,13,,,,,,,,,1.40,0.73,1.20,4*04
$GPGSV,2,1,08,27,01,094,,10,52,045,,26,46,125,,21,27,295,39.8,1*75
$GPGSV,2,2,08,02,21,093,39.8,30,15,227,39.8,05,04,206,,29,72,273,40.2,1*72
$GLGSV,1,1,04,68,53,021,39.8,84,33,313,40.0,82,14,191,39.8,69,10,070,40.0,1*75
$GAGSV,1,1,00,7*73
$GBGSV,1,1,04,03,45,191,38.6,05,16,249,39.4,06,11,165,39.6,13,07,055,39.5,1*75
$GNRMC,194222.000,A,3900.0005,N,11613.9804,E,0.01,326.99,280612,,,A,V*03
$GNVTG,326.99,T,,M,0.01,N,0.02,K,A*27
$GNZDA,194222.000,28,06,2012,,*4B
$GNGGA,194223.000,3900.0005,N,11613.9804,E,1,12,0.73,-5.1,M,-6.8,M,,*4E
$PAIRACC,3.39,10.33*73
$GNGLL,3900.0005,N,11613.9804,E,194223.000,A,A*46
$GNGSA,A,3,21,02,30,29,,,,,,,,,1.40,0.73,1.20,1*0A
$GNGSA,A,3,68,84,82,69,,,,,,,,,1.40,0.73,1.20,2*07
$GNGSA,A,3,,,,,,,,,,,,,1.40,0.73,1.20,3*01
$GNGSA,A,3,03,05,06,13,,,,,,,,,1.40,0.73,1.20,4*04
$GPGSV,2,1,08,27,01,094,,10,52,045,,26,46,125,,21,27,295,39.9,1*74
$GPGSV,2,2,08,02,21,093,39.8,30,15,227,40.1,05,04,206,,29,72,273,40.0,1*77
$GLGSV,1,1,04,68,53,021,39.6,84,33,313,40.2,82,14,191,39.6,69,10,070,40.0,1*77
$GAGSV,1,1,00,7*73
$GBGSV,1,1,04,03,45,191,39.4,05,16,249,39.7,06,11,165,39.5,13,07,055,39.5,1*76
$GNRMC,194223.000,A,3900.0005,N,11613.9804,E,0.01,323.60,280612,,,A,V*01
$GNVTG,323.60,T,,M,0.01,N,0.02,K,A*24
$GNZDA,194223.000,28,06,2012,,*4A
$GNGGA,194224.000,3900.0005,N,11613.9804,E,1,12,0.73,-5.1,M,-6.8,M,,*49
$PAIRACC,3.49,10.97*7A
$GNGLL,3900.0005,N,11613.9804,E,194224.000,A,A*41
$GNGSA,A,3,21,02,30,29,,,,,,,,,1.40,0.73,1.20,1*0A
$GNGSA,A,3,68,84,82,69,,,,,,,,,1.40,0.73,1.20,2*07
$GNGSA,A,3,,,,,,,,,,,,,1.40,0.73,1.20,3*01
$GNGSA,A,3,03,05,06,13,,,,,,,,,1.40,0.73,1.20,4*04
$GPGSV,2,1,08,27,01,094,,10,52,045,,26,46,125,,21,27,295,39.6,1*7B
$GPGSV,2,2,08,02,21,093,39.9,30,15,227,39.8,05,04,206,,29,72,273,39.9,1*76
$GLGSV,1,1,04,68,53,021,39.8,84,33,313,40.1,82,14,191,40.2,69,10,070,39.9,1*77
$GAGSV,1,1,00,7*73
$GBGSV,1,1,04,03,45,191,38.8,05,16,249,39.2,06,11,165,39.6,13,07,055,39.4,1*7C
$GNRMC,194224.000,A,3900.0005,N,11613.9804,E,0.01,327.64,280612,,,A,V*06
$GNVTG,327.64,T,,M,0.01,N,0.02,K,A*24
$GNZDA,194224.000,28,06,2012,,*4D
$GNGGA,194225.000,3900.0005,N,11613.9804,E,1,12,0.73,-5.1,M,-6.8,M,,*48
$PAIRACC,3.39,10.34*74
$GNGLL,3900.0005,N,11613.9804,E,194225.000,A,A*40
$GNGSA,A,3,21,02,30,29,,,,,,,,,1.40,0.73,1.20,1*0A
$GNGSA,A,3,68,84,82,69,,,,,,,,,1.40,0.73,1.20,2*07
$GNGSA,A,3,,,,,,,,,,,,,1.40,0.73,1.20,3*01
$GNGSA,A,3,03,05,06,13,,,,,,,,,1.40,0.73,1.20,4*04
$GPGSV,2,1,08,27,01,094,,10,52,045,,26,46,125,,21,27,295,39.7,1*7A
$GPGSV,2,2,08,02,21,093,40.2,30,15,227,40.3,05,04,206,,29,72,273,40.2,1*73
$GLGSV,1,1,04,68,53,021,39.9,84,33,313,40.1,82,14,191,39.6,69,10,070,40.0,1*7B
$GAGSV,1,1,00,7*73
$GBGSV,1,1,04,03,45,191,39.1,05,16,249,39.3,06,11,165,39.5,13,07,055,39.5,1*77
$GNRMC,194225.000,A,3900.0005,N,11613.9804,E,0.01,324.39,280612,,,A,V*0C
$GNVTG,324.39,T,,M,0.01,N,0.02,K,A*2F
$GNZDA,194225.000,28,06,2012,,*4C
$GNGGA,194226.000,3900.0005,N,11613.9804,E,1,12,0.73,-5.1,M,-6.8,M,,*4B
$PAIRACC,3.50,10.98*7D
$GNGLL,3900.0005,N,11613.9804,E,194226.000,A,A*43
$GNGSA,A,3,21,02,30,29,,,,,,,,,1.40,0.73,1.20,1*0A
$GNGSA,A,3,68,84,82,69,,,,,,,,,1.40,0.73,1.20,2*07
$GNGSA,A,3,,,,,,,,,,,,,1.40,0.73,1.20,3*01
$GNGSA,A,3,03,05,06,13,,,,,,,,,1.40,0.73,1.20,4*04
$GPGSV,2,1,08,27,01,094,,10,52,045,,26,46,125,,21,27,295,39.7,1*7A
$GPGSV,2,2,08,02,21,093,39.8,30,15,227,39.9,05,04,206,,29,72,273,39.9,1*76
$GLGSV,1,1,04,68,53,021,40.4,84,33,313,40.4,82,14,191,40.4,69,10,070,39.9,1*76
$GAGSV,1,1,00,7*73
$GBGSV,1,1,04,03,45,191,39.5,05,16,249,39.4,06,11,165,39.4,13,07,055,39.7,1*77
$GNRMC,194226.000,A,3900.0005,N,11613.9804,E,0.01,318.17,280612,,,A,V*0C
$GNVTG,318.17,T,,M,0.01,N,0.02,K,A*2C
$GNZDA,194226.000,28,06,2012,,*4F
$GNGGA,194227.000,3900.0005,N,11613.9804,E,1,12,0.73,-5.1,M,-6.8,M,,*4A
$PAIRACC,3.39,10.35*75
$GNGLL,3900.0005,N,11613.9804,E,194227.000,A,A*42
$GNGSA,A,3,21,02,30,29,,,,,,,,,1.40,0.73,1.20,1*0A
$GNGSA,A,3,68,84,82,69,,,,,,,,,1.40,0.73,1.20,2*07
$GNGSA,A,3,,,,,,,,,,,,,1.40,0.73,1.20,3*01
$GNGSA,A,3,03,05,06,13,,,,,,,,,1.40,0.73,1.20,4*04
$GPGSV,2,1,08,27,01,094,,10,52,045,,26,46,125,,21,27,295,39.7,1*7A
$GPGSV,2,2,08,02,21,093,39.9,30,15,227,39.8,05,04,206,,29,72,273,40.0,1*71
$GLGSV,1,1,04,68,53,021,40.1,84,33,313,39.8,82,14,191,39.8,69,10,070,39.8,1*72
$GAGSV,1,1,00,7*73
$GBGSV,1,1,04,03,45,191,38.4,05,16,249,39.2,06,11,165,39.7,13,07,055,39.7,1*72
$GNRMC,194227.000,A,3900.0005,N,11613.9804,E,0.01,320.70,280612,,,A,V*07
$GNVTG,320.70,T,,M,0.01,N,0.02,K,A*26
$GNZDA,194227.000,28,06,2012,,*4E
$GNGGA,194228.000,3900.0005,N,11613.9804,E,1,12,0.73,-5.2,M,-6.8,M,,*46
$PAIRACC,3.50,10.99*7C
$GNGLL,3900.0005,N,11613.9804,E,194228.000,A,A*4D
$GNGSA,A,3,21,02,30,29,,,,,,,,,1.40,0.73,1.20,1*0A
$GNGSA,A,3,68,84,82,69,,,,,,,,,1.40,0.73,1.20,2*07
$GNGSA,A,3,,,,,,,,,,,,,1.40,0.73,1.20,3*01
$GNGSA,A,3,03,05,06,13,,,,,,,,,1.40,0.73,1.20,4*04
$GPGSV,2,1,08,27,01,094,,10,52,045,,26,46,125,,21,27,295,39.1,1*7C
$GPGSV,2,2,08,02,21,093,40.1,30,15,227,39.9,05,04,206,,29,72,273,39.5,1*7D
$GLGSV,1,1,04,68,53,021,39.8,84,33,313,39.8,82,14,191,40.0,69,10,070,39.8,1*73
$GAGSV,1,1,00,7*73
$GBGSV,1,1,04,03,45,191,38.9,05,16,249,39.5,06,11,165,39.8,13,07,055,39.9,1*79
$GNRMC,194228.000,A,3900.0005,N,11613.9804,E,0.01,327.62,280612,,,A,V*0C
$GNVTG,327.62,T,,M,0.01,N,0.02,K,A*22
$GNZDA,194228.000,28,06,2012,,*41
$GNGGA,194229.000,3900.0005,N,11613.9804,E,1,12,0.73,-5.2,M,-6.8,M,,*47
$PAIRACC,3.40,10.36*78
$GNGLL,3900.0005,N,11613.9804,E,194229.000,A,A*4C
$GNGSA,A,3,21,02,30,29,,,,,,,,,1.40,0.73,1.20,1*0A
$GNGSA,A,3,68,84,82,69,,,,,,,,,1.40,0.73,1.20,2*07
$GNGSA,A,3,,,,,,,,,,,,,1.40,0.73,1.20,3*01
$GNGSA,A,3,03,05,06,13,,,,,,,,,1.40,0.73,1.20,4*04
$GPGSV,2,1,08,27,01,094,,10,52,045,,26,46,125,,21,27,295,39.9,1*74
$GPGSV,2,2,08,02,21,093,39.8,30,15,227,40.0,05,04,206,,29,72,273,39.7,1*7F
$GLGSV,1,1,04,68,53,021,40.1,84,33,313,40.1,82,13,191,40.5,69,10,070,39.8,1*71
$GAGSV,1,1,00,7*73
$GBGSV,1,1,04,03,45,191,39.0,05,16,249,39.4,06,11,165,39.6,13,07,055,39.9,1*7E
$GNRMC,194229.000,A,3900.0005,N,11613.9804,E,0.01,330.89,280612,,,A,V*0E
$GNVTG,330.89,T,,M,0.01,N,0.02,K,A*21
$GNZDA,194229.000,28,06,2012,,*40
$GNGGA,194230.000,3900.0005,N,11613.9804,E,1,12,0.73,-5.2,M,-6.8,M,,*4F
$PAIRACC,3.50,11.00*7D
$GNGLL,3900.0005,N,11613.9804,E,194230.000,A,A*44
$GNGSA,A,3,21,02,30,29,,,,,,,,,1.40,0.73,1.20,1*0A
$GNGSA,A,3,68,84,82,69,,,,,,,,,1.40,0.73,1.20,2*07
$GNGSA,A,3,,,,,,,,,,,,,1.40,0.73,1.20,3*01
$GNGSA,A,3,03,05,06,13,,,,,,,,,1.40,0.73,1.20,4*04
$GPGSV,2,1,08,27,01,094,,10,52,045,,26,46,125,,21,27,295,39.8,1*75
$GPGSV,2,2,08,02,21,093,40.0,30,15,227,39.9,05,04,206,,29,72,273,39.6,1*7F
$GLGSV,1,1,04,68,53,021,40.1,84,33,313,40.0,82,13,191,40.3,69,10,070,39.5,1*7B
$GAGSV,1,1,00,7*73
$GBGSV,1,1,04,03,45,191,38.9,05,16,249,39.0,06,11,165,39.4,13,07,055,39.7,1*7E
$GNRMC,194230.000,A,3900.0005,N,11613.9804,E,0.01,328.03,280612,,,A,V*0D
$GNVTG,328.03,T,,M,0.01,N,0.02,K,A*2A
$GNZDA,194230.000,28,06,2012,,*48
$GNGGA,194231.000,3900.0005,N,11613.9804,E,1,12,0.73,-5.2,M,-6.8,M,,*4E
$PAIRACC,3.39,10.31*71
$GNGLL,3900.0005,N,11613.9804,E,194231.000,A,A*45
$GNGSA,A,3,21,02,30,29,,,,,,,,,1.40,0.73,1.20,1*0A
$GNGSA,A,3,68,84,82,69,,,,,,,,,1.40,0.73,1.20,2*07
$GNGSA,A,3,,,,,,,,,,,,,1.40,0.73,1.20,3*01
$GNGSA,A,3,03,05,06,13,,,,,,,,,1.40,0.73,1.20,4*04
$GPGSV,2,1,08,27,01,094,,10,52,045,,26,46,125,,21,27,295,39.6,1*7B
$GPGSV,2,2,08,02,21,093,40.0,30,15,227,40.3,05,04,206,,29,72,273,39.5,1*78
$GLGSV,1,1,04,68,53,021,40.0,84,33,312,39.6,82,13,191,40.1,69,10,070,39.7,1*73
$GAGSV,1,1,00,7*73
$GBGSV,1,1,04,03,45,191,38.7,05,16,249,39.1,06,11,165,39.7,13,07,055,39.6,1*73
$GNRMC,194231.000,A,3900.0005,N,11613.9804,E,0.01,327.46,280612,,,A,V*02
$GNVTG,327.46,T,,M,0.01,N,0.02,K,A*24
$GNZDA,194231.000,28,06,2012,,*49
$GNGGA,194232.000,3900.0005,N,11613.9804,E,1,12,0.73,-5.2,M,-6.8,M,,*4D
$PAIRACC,3.37,10.32*7C
$GNGLL,3900.0005,N,11613.9804,E,194232.000,A,A*46
$GNGSA,A,3,21,02,30,29,,,,,,,,,1.40,0.73,1.20,1*0A
$GNGSA,A,3,68,84,82,69,,,,,,,,,1.40,0.73,1.20,2*07
$GNGSA,A,3,,,,,,,,,,,,,1.40,0.73,1.20,3*01
$GNGSA,A,3,03,05,06,13,,,,,,,,,1.40,0.73,1.20,4*04
$GPGSV,2,1,08,27,01,094,,10,52,045,,26,46,125,,21,27,295,40.0,1*73
$GPGSV,2,2,08,02,21,093,40.0,30,15,227,40.2,05,04,206,,29,72,273,40.0,1*72
$GLGSV,1,1,04,68,53,021,39.9,84,33,312,40.3,82,13,191,40.3,69,10,070,40.2,1*76
$GAGSV,1,1,00,7*73
$GBGSV,1,1,04,03,45,191,39.6,05,16,249,39.5,06,11,165,39.6,13,07,055,40.0,1*7E
$GNRMC,194232.000,A,3900.0005,N,11613.9804,E,0.01,326.06,280612,,,A,V*04
$GNVTG,326.06,T,,M,0.01,N,0.02,K,A*21
$GNZDA,194232.000,28,06,2012,,*4A
$GNGGA,194233.000,3900.0005,N,11613.9804,E,1,12,0.73,-5.2,M,-6.8,M,,*4C
$PAIRACC,3.37,10.30*7E
$GNGLL,3900.0005,N,11613.9804,E,194233.000,A,A*47
$GNGSA,A,3,21,02,30,29,,,,,,,,,1.40,0.73,1.20,1*0A
$GNGSA,A,3,68,84,82,69,,,,,,,,,1.40,0.73,1.20,2*07
$GNGSA,A,3,,,,,,,,,,,,,1.40,0.73,1.20,3*01
$GNGSA,A,3,03,05,06,13,,,,,,,,,1.40,0.73,1.20,4*04
$GPGSV,2,1,08,27,01,094,,10,52,045,,26,46,125,,21,27,295,39.9,1*74
$GPGSV,2,2,08,02,21,093,40.1,30,15,227,39.7,05,04,206,,29,72,273,39.2,1*74
$GLGSV,1,1,04,68,53,021,40.0,84,33,312,17.7,82,13,191,40.2,69,10,070,40.2,1*76
$GAGSV,1,1,00,7*73
$GBGSV,1,1,04,03,45,191,38.8,05,16,249,39.1,06,11,165,39.3,13,07,055,39.6,1*78
$GNRMC,194233.000,A,3900.0005,N,11613.9804,E,0.01,335.21,280612,,,A,V*02
$GNVTG,335.21,T,,M,0.01,N,0.02,K,A*26
$GNZDA,194233.000,28,06,2012,,*4B
$GNGGA,194234.000,3900.0006,N,11613.9804,E,1,12,0.73,-5.2,M,-6.8,M,,*48
$PAIRACC,3.41,10.32*7D
$GNGLL,3900.0006,N,11613.9804,E,194234.000,A,A*43
$GNGSA,A,3,21,02,30,29,,,,,,,,,1.40,0.73,1.20,1*0A
$GNGSA,A,3,68,84,82,69,,,,,,,,,1.40,0.73,1.20,2*07
$GNGSA,A,3,,,,,,,,,,,,,1.40,0.73,1.20,3*01
$GNGSA,A,3,03,05,06,13,,,,,,,,,1.40,0.73,1.20,4*04
$GPGSV,2,1,08,27,01,094,,10,52,045,,26,46,125,,21,27,295,39.7,1*7A
$GPGSV,2,2,08,02,21,093,40.1,30,15,227,39.7,05,04,206,,29,72,273,39.9,1*7F
$GLGSV,1,1,04,68,53,021,40.0,84,33,312,13.6,82,13,191,39.8,69,10,070,40.4,1*71
$GAGSV,1,1,00,7*73
$GBGSV,1,1,04,03,45,191,38.6,05,16,249,39.1,06,11,165,39.6,13,07,055,39.8,1*7D
$GNRMC,194234.000,A,3900.0006,N,11613.9804,E,0.01,348.51,280612,,,A,V*0B
$GNVTG,348.51,T,,M,0.01,N,0.02,K,A*2B
$GNZDA,194234.000,28,06,2012,,*4C
$GNGGA,194235.000,3900.0006,N,11613.9804,E,1,12,0.73,-5.2,M,-6.8,M,,*49
$PAIRACC,3.46,10.37*7F
$GNGLL,3900.0006,N,11613.9804,E,194235.000,A,A*42
$GNGSA,A,3,21,02,30,29,,,,,,,,,1.40,0.73,1.20,1*0A
$GNGSA,A,3,68,84,82,69,,,,,,,,,1.40,0.73,1.20,2*07
$GNGSA,A,3,,,,,,,,,,,,,1.40,0.73,1.20,3*01
$GNGSA,A,3,03,05,06,13,,,,,,,,,1.40,0.73,1.20,4*04
$GPGSV,2,1,08,27,01,094,,10,52,045,,26,46,125,,21,27,295,39.5,1*78
$GPGSV,2,2,08,02,21,093,39.9,30,15,227,39.4,05,04,206,,29,72,273,39.8,1*7B
$GLGSV,1,1,04,68,53,021,40.2,84,33,312,10.8,82,13,191,40.2,69,10,070,39.8,1*78
$GAGSV,1,1,00,7*73
$GBGSV,1,1,04,03,45,191,39.4,05,16,249,39.3,06,11,165,39.6,13,07,055,39.5,1*71
$GNRMC,194235.000,A,3900.0006,N,11613.9804,E,0.01,348.15,280612,,,A,V*0A
$GNVTG,348.15,T,,M,0.01,N,0.02,K,A*2B
$GNZDA,194235.000,28,06,2012,,*4D
$GNGGA,194236.000,3900.0006,N,11613.9804,E,1,12,0.73,-5.2,M,-6.8,M,,*4A
$PAIRACC,3.60,10.48*73
$GNGLL,3900.0006,N,11613.9804,E,194236.000,A,A*41
$GNGSA,A,3,21,02,30,29,,,,,,,,,1.40,0.73,1.20,1*0A
$GNGSA,A,3,68,84,82,69,,,,,,,,,1.40,0.73,1.20,2*07
$GNGSA,A,3,,,,,,,,,,,,,1.40,0.73,1.20,3*01
$GNGSA,A,3,03,05,06,13,,,,,,,,,1.40,0.73,1.20,4*04
$GPGSV,2,1,08,27,01,094,,10,52,045,,26,46,125,,21,27,295,39.0,1*7D
$GPGSV,2,2,08,02,21,093,39.5,30,15,227,39.9,05,04,206,,29,72,273,39.9,1*7B
$GLGSV,1,1,04,68,53,021,39.9,84,33,312,10.8,82,13,191,40.2,69,10,070,40.3,1*78
$GAGSV,1,1,00,7*73
$GBGSV,1,1,04,03,45,191,39.1,05,16,249,39.1,06,11,165,39.6,13,07,055,39.6,1*75
$GNRMC,194236.000,A,3900.0006,N,11613.9804,E,0.01,336.88,280612,,,A,V*04
$GNVTG,336.88,T,,M,0.01,N,0.02,K,A*26
$GNZDA,194236.000,28,06,2012,,*4E
$GNGGA,194237.000,3900.0006,N,11613.9804,E,1,12,0.73,-5.2,M,-6.8,M,,*4B
$PAIRACC,3.55,10.98*78
$GNGLL,3900.0006,N,11613.9804,E,194237.000,A,A*40
$GNGSA,A,3,21,02,30,29,,,,,,,,,1.40,0.73,1.20,1*0A
$GNGSA,A,3,68,84,82,69,,,,,,,,,1.40,0.73,1.20,2*07
$GNGSA,A,3,,,,,,,,,,,,,1.40,0.73,1.20,3*01
$GNGSA,A,3,03,05,06,13,,,,,,,,,1.40,0.73,1.20,4*04
$GPGSV,2,1,08,27,01,094,,10,52,045,,26,46,125,,21,27,295,39.8,1*75
$GPGSV,2,2,08,02,21,093,39.8,30,15,227,40.1,05,04,206,,29,72,273,39.8,1*71
$GLGSV,1,1,04,68,53,021,39.8,84,33,312,11.2,82,13,191,40.1,69,10,070,40.2,1*70
$GAGSV,1,1,00,7*73
$GBGSV,1,1,04,03,45,191,38.7,05,16,249,39.3,06,11,165,39.4,13,07,055,39.5,1*71
$GNRMC,194237.000,A,3900.0006,N,11613.9804,E,0.01,331.90,280612,,,A,V*0B
$GNVTG,331.90,T,,M,0.01,N,0.02,K,A*28
$GNZDA,194237.000,28,06,2012,,*4F
$GNGGA,194238.000,3900.0006,N,11613.9804,E,1,11,0.80,-5.2,M,-6.8,M,,*4B
$PAIRACC,3.56,10.40*7E
$GNGLL,3900.0006,N,11613.9804,E,194238.000,A,A*4F
$GNGSA,A,3,21,02,30,29,,,,,,,,,1.44,0.80,1.20,1*02
$GNGSA,A,3,68,82,69,,,,,,,,,,1.44,0.80,1.20,2*03
$GNGSA,A,3,,,,,,,,,,,,,1.44,0.80,1.20,3*09
$GNGSA,A,3,03,05,06,13,,,,,,,,,1.44,0.80,1.20,4*0C
$GPGSV,2,1,08,27,01,094,,10,52,045,,26,46,125,,21,27,295,39.5,1*78
$GPGSV,2,2,08,02,21,093,39.7,30,15,227,39.7,05,04,206,,29,72,273,39.7,1*79
$GLGSV,1,1,04,68,53,021,40.1,84,33,312,,82,13,191,40.3,69,10,070,40.0,1*6B
$GAGSV,1,1,00,7*73
$GBGSV,1,1,04,03,45,191,39.2,05,16,249,39.4,06,11,165,39.7,13,07,055,39.9,1*7D
$GNRMC,194238.000,A,3900.0006,N,11613.9804,E,0.01,328.55,280612,,,A,V*05
$GNVTG,328.55,T,,M,0.01,N,0.02,K,A*29
$GNZDA,194238.000,28,06,2012,,*40
$GNGGA,194239.000,3900.0006,N,11613.9804,E,1,11,0.80,-5.2,M,-6.8,M,,*4A
$PAIRACC,3.53,10.41*7A
$GNGLL,3900.0006,N,11613.9804,E,194239.000,A,A*4E
$GNGSA,A,3,21,02,30,29,,,,,,,,,1.44,0.80,1.20,1*02
$GNGSA,A,3,68,82,69,,,,,,,,,,1.44,0.80,1.20,2*03
$GNGSA,A,3,,,,,,,,,,,,,1.44,0.80,1.20,3*09
$GNGSA,A,3,03,05,06,13,,,,,,,,,1.44,0.80,1.20,4*0C
$GPGSV,2,1,08,27,01,094,,10,52,045,,26,46,125,,21,27,295,39.9,1*74
$GPGSV,2,2,08,02,21,093,39.8,30,15,227,39.8,05,04,206,,29,72,273,40.1,1*71
$GLGSV,1,1,04,68,53,021,39.5,84,33,312,,82,13,191,40.0,69,10,070,39.8,1*64
$GAGSV,1,1,00,7*73
$GBGSV,1,1,04,03,45,191,38.9,05,16,249,39.4,06,11,165,39.7,13,07,055,39.7,1*79
$GNRMC,194239.000,A,3900.0006,N,11613.9804,E,0.01,328.85,280612,,,A,V*09
$GNVTG,328.85,T,,M,0.01,N,0.02,K,A*24
$GNZDA,194239.000,28,06,2012,,*41
$GNGGA,194240.000,3900.0006,N,11613.9804,E,1,11,0.80,-5.2,M,-6.8,M,,*44
$PAIRACC,3.56,10.40*7E
$GNGLL,3900.0006,N,11613.9804,E,194240.000,A,A*40
$GNGSA,A,3,21,02,30,29,,,,,,,,,1.44,0.80,1.20,1*02
$GNGSA,A,3,68,82,69,,,,,,,,,,1.44,0.80,1.20,2*03
$GNGSA,A,3,,,,,,,,,,,,,1.44,0.80,1.20,3*09
$GNGSA,A,3,03,05,06,13,,,,,,,,,1.44,0.80,1.20,4*0C
$GPGSV,2,1,08,27,01,094,,10,52,045,,26,46,125,,21,27,295,39.7,1*7A
$GPGSV,2,2,08,02,21,093,39.8,30,15,227,39.6,05,04,206,,29,72,273,40.1,1*7F
$GLGSV,1,1,04,68,53,021,40.1,84,33,312,,82,13,191,40.4,69,10,070,40.5,1*69
$GAGSV,1,1,00,7*73
$GBGSV,1,1,04,03,45,191,39.1,05,16,249,39.3,06,11,165,39.4,13,07,055,39.5,1*76
$GNRMC,194240.000,A,3900.0006,N,11613.9804,E,0.01,338.22,280612,,,A,V*0B
$GNVTG,338.22,T,,M,0.01,N,0.01,K,A*2B
$GNZDA,194240.000,28,06,2012,,*4F
$GNGGA,194241.000,3900.0006,N,11613.9804,E,1,11,0.80,-5.2,M,-6.8,M,,*45
$PAIRACC,3.55,10.98*78
$GNGLL,3900.0006,N,11613.9804,E,194241.000,A,A*41
$GNGSA,A,3,21,02,30,29,,,,,,,,,1.44,0.80,1.20,1*02
$GNGSA,A,3,68,82,69,,,,,,,,,,1.44,0.80,1.20,2*03
$GNGSA,A,3,,,,,,,,,,,,,1.44,0.80,1.20,3*09
$GNGSA,A,3,03,05,06,13,,,,,,,,,1.44,0.80,1.20,4*0C
$GPGSV,2,1,08,27,01,094,,10,52,045,,26,46,125,,21,27,295,40.0,1*73
$GPGSV,2,2,08,02,21,093,39.9,30,15,227,39.7,05,04,206,,29,72,273,40.1,1*7F
$GLGSV,1,1,04,68,53,021,40.2,84,33,312,,82,13,191,39.8,69,10,070,39.6,1*65
$GAGSV,1,1,00,7*73
$GBGSV,1,1,04,03,45,191,39.0,05,16,249,39.6,06,11,165,39.3,13,07,055,39.4,1*74
$GNRMC,194241.000,A,3900.0006,N,11613.9804,E,0.01,339.96,280612,,,A,V*04
$GNVTG,339.96,T,,M,0.01,N,0.01,K,A*25
$GNZDA,194241.000,28,06,2012,,*4E
$GNGGA,194242.000,3900.0006,N,11613.9804,E,1,11,0.80,-5.2,M,-6.8,M,,*46
$PAIRACC,3.51,10.37*79
$GNGLL,3900.0006,N,11613.9804,E,194242.000,A,A*42
$GNGSA,A,3,21,02,30,29,,,,,,,,,1.44,0.80,1.20,1*02
$GNGSA,A,3,68,82,69,,,,,,,,,,1.44,0.80,1.20,2*03
$GNGSA,A,3,,,,,,,,,,,,,1.44,0.80,1.20,3*09
$GNGSA,A,3,03,05,06,13,,,,,,,,,1.44,0.80,1.20,4*0C
$GPGSV,2,1,08,27,01,094,,10,52,045,,26,46,125,,21,27,295,39.8,1*75
$GPGSV,2,2,08,02,21,093,40.1,30,15,227,40.0,05,04,206,,29,72,273,39.8,1*77
$GLGSV,1,1,04,68,53,021,40.0,84,33,312,,82,13,191,39.6,69,10,070,40.3,1*62
$GAGSV,1,1,00,7*73
$GBGSV,1,1,04,03,45,191,39.0,05,16,249,39.3,06,11,165,39.2,13,07,055,39.4,1*70
$GNRMC,194242.000,A,3900.0006,N,11613.9804,E,0.01,339.42,280612,,,A,V*0E
$GNVTG,339.42,T,,M,0.01,N,0.01,K,A*2C
$GNZDA,194242.000,28,06,2012,,*4D
$GNGGA,194243.000,3900.0006,N,11613.9804,E,1,11,0.80,-5.2,M,-6.8,M,,*47
$PAIRACC,3.51,10.37*79
$GNGLL,3900.0006,N,11613.9804,E,194243.000,A,A*43
$GNGSA,A,3,21,02,30,29,,,,,,,,,1.44,0.80,1.20,1*02
$GNGSA,A,3,68,82,69,,,,,,,,,,1.44,0.80,1.20,2*03
$GNGSA,A,3,,,,,,,,,,,,,1.44,0.80,1.20,3*09
$GNGSA,A,3,03,05,06,13,,,,,,,,,1.44,0.80,1.20,4*0C
$GPGSV,2,1,08,27,01,094,,10,52,045,,26,46,125,,21,27,295,39.9,1*74
$GPGSV,2,2,08,02,21,093,39.9,30,15,227,39.5,05,04,206,,29,72,273,39.9,1*7B
$GLGSV,1,1,04,68,53,021,40.0,84,33,312,,82,13,191,39.8,69,10,070,39.7,1*66
$GAGSV,1,1,00,7*73
$GBGSV,1,1,04,03,45,191,39.0,05,16,249,39.3,06,11,165,39.7,13,07,055,39.5,1*74
$GNRMC,194243.000,A,3900.0006,N,11613.9804,E,0.01,351.08,280612,,,A,V*0F
$GNVTG,351.08,T,,M,0.01,N,0.01,K,A*2C
$GNZDA,194243.000,28,06,2012,,*4C
$GNGGA,194244.000,3900.0006,N,11613.9804,E,1,11,0.80,-5.3,M,-6.8,M,,*41
$PAIRACC,3.52,10.40*7A
$GNGLL,3900.0006,N,11613.9804,E,194244.000,A,A*44
$GNGSA,A,3,21,02,30,29,,,,,,,,,1.44,0.80,1.20,1*02
$GNGSA,A,3,68,82,69,,,,,,,,,,1.44,0.80,1.20,2*03
$GNGSA,A,3,,,,,,,,,,,,,1.44,0.80,1.20,3*09
$GNGSA,A,3,03,05,06,13,,,,,,,,,1.44,0.80,1.20,4*0C
$GPGSV,2,1,08,27,01,094,,10,52,045,,26,46,125,,21,27,295,40.1,1*72
$GPGSV,2,2,08,02,21,093,40.0,30,15,227,39.7,05,04,206,,29,72,273,39.7,1*70
$GLGSV,2,1,05,68,53,021,39.9,83,45,239,,84,33,312,,82,13,191,40.2,1*7F
$GLGSV,2,2,05,69,10,070,40.0,1*5E
$GAGSV,1,1,00,7*73
$GBGSV,1,1,04,03,45,191,39.4,05,16,249,39.4,06,11,165,39.8,13,07,055,39.8,1*75
$GNRMC,194244.000,A,3900.0006,N,11613.9804,E,0.01,350.30,280612,,,A,V*02
$GNVTG,350.30,T,,M,0.01,N,0.01,K,A*26
$GNZDA,194244.000,28,06,2012,,*4B
$GNGGA,194245.000,3900.0006,N,11613.9804,E,1,11,0.80,-5.3,M,-6.8,M,,*40
$PAIRACC,3.58,10.96*7B
$GNGLL,3900.0006,N,11613.9804,E,194245.000,A,A*45
$GNGSA,A,3,21,02,30,29,,,,,,,,,1.44,0.80,1.20,1*02
$GNGSA,A,3,68,82,69,,,,,,,,,,1.44,0.80,1.20,2*03
$GNGSA,A,3,,,,,,,,,,,,,1.44,0.80,1.20,3*09
$GNGSA,A,3,03,05,06,13,,,,,,,,,1.44,0.80,1.20,4*0C
$GPGSV,2,1,08,27,01,094,,10,52,045,,26,46,125,,21,27,295,39.8,1*75
$GPGSV,2,2,08,02,21,093,39.8,30,15,227,39.8,05,04,206,,29,72,273,39.6,1*78
$GLGSV,1,1,04,68,53,021,18.4,84,33,312,,82,13,191,17.7,69,10,070,39.9,1*62
$GAGSV,1,1,00,7*73
$GBGSV,2,1,05,03,45,191,39.2,10,42,214,,05,16,249,39.4,06,11,165,39.3,1*63
$GBGSV,2,2,05,13,07,055,39.7,1*55
$GNRMC,194245.000,A,3900.0006,N,11613.9804,E,0.01,329.81,280612,,,A,V*07
$GNVTG,329.81,T,,M,0.01,N,0.01,K,A*22
$GNZDA,194245.000,28,06,2012,,*4A
$GNGGA,194246.000,3900.0006,N,11613.9804,E,1,11,0.80,-5.3,M,-6.8,M,,*43
$PAIRACC,3.65,10.65*79
$GNGLL,3900.0006,N,11613.9804,E,194246.000,A,A*46
$GNGSA,A,3,29,21,02,30,,,,,,,,,1.44,0.80,1.20,1*02
$GNGSA,A,3,68,82,69,,,,,,,,,,1.44,0.80,1.20,2*03
$GNGSA,A,3,,,,,,,,,,,,,1.44,0.80,1.20,3*09
$GNGSA,A,3,03,05,06,13,,,,,,,,,1.44,0.80,1.20,4*0C
$GPGSV,2,1,08,27,01,094,,29,72,273,39.8,26,46,125,,21,27,295,39.3,1*6D
$GPGSV,2,2,08,02,21,093,39.8,30,15,227,39.6,05,04,206,,10,52,045,,1*6B
$GLGSV,2,1,07,80,34,094,,68,53,021,13.6,84,33,312,,78,31,112,38.9,1*70
$GLGSV,2,2,07,77,27,053,,82,13,191,12.3,69,10,070,40.1,1*41
$GAGSV,1,1,00,7*73
$GBGSV,1,1,04,03,45,191,38.8,05,16,249,39.3,06,11,165,39.8,13,07,055,39.2,1*75
$GNRMC,194246.000,A,3900.0006,N,11613.9804,E,0.01,311.39,280612,,,A,V*0C
$GNVTG,311.39,T,,M,0.01,N,0.01,K,A*2A
$GNZDA,194246.000,28,06,2012,,*49
$GNGGA,194247.000,3900.0006,N,11613.9804,E,1,11,0.80,-5.3,M,-6.8,M,,*42
$PAIRACC,3.64,11.20*78
$GNGLL,3900.0006,N,11613.9804,E,194247.000,A,A*47
$GNGSA,A,3,21,02,30,29,,,,,,,,,1.44,0.80,1.20,1*02
$GNGSA,A,3,68,82,69,,,,,,,,,,1.44,0.80,1.20,2*03
$GNGSA,A,3,,,,,,,,,,,,,1.44,0.80,1.20,3*09
$GNGSA,A,3,03,05,06,13,,,,,,,,,1.44,0.80,1.20,4*0C
$GPGSV,2,1,08,27,01,094,,10,52,045,,26,46,125,,21,27,295,39.7,1*7A
$GPGSV,2,2,08,02,21,093,39.4,30,15,227,39.9,05,04,206,,29,72,273,39.8,1*7B
$GLGSV,2,1,05,68,53,021,11.9,84,33,312,,78,31,112,40.4,82,13,191,12.1,1*62
$GLGSV,2,2,05,69,10,070,39.6,1*56
$GAGSV,1,1,00,7*73
$GBGSV,1,1,04,03,45,191,39.4,05,16,249,39.5,06,11,165,39.5,13,07,055,39.6,1*77
$GNRMC,194247.000,A,3900.0006,N,11613.9804,E,0.01,311.85,280612,,,A,V*0A
$GNVTG,311.85,T,,M,0.01,N,0.01,K,A*2D
$GNZDA,194247.000,28,06,2012,,*48
$GNGGA,194248.000,3900.0006,N,11613.9804,E,1,12,0.73,-5.3,M,-6.8,M,,*42
$PAIRACC,3.43,10.66*7E
$GNGLL,3900.0006,N,11613.9804,E,194248.000,A,A*48
$GNGSA,A,3,29,21,02,30,,,,,,,,,1.40,0.73,1.20,1*0A
$GNGSA,A,3,84,68,82,69,,,,,,,,,1.40,0.73,1.20,2*07
$GNGSA,A,3,,,,,,,,,,,,,1.40,0.73,1.20,3*01
$GNGSA,A,3,03,05,06,13,,,,,,,,,1.40,0.73,1.20,4*04
$GPGSV,2,1,08,27,01,094,,29,72,273,39.8,26,46,125,,21,27,295,39.4,1*6A
$GPGSV,2,2,08,02,21,093,39.5,30,15,227,39.6,05,04,206,,10,52,045,,1*66
$GLGSV,2,1,05,84,33,312,40.4,68,53,021,11.8,78,31,112,40.5,82,13,191,12.3,1*7E
$GLGSV,2,2,05,69,10,070,39.9,1*59
$GAGSV,1,1,00,7*73
$GBGSV,2,1,05,03,45,191,38.9,07,25,187,,05,16,249,39.5,06,11,165,39.3,1*66
$GBGSV,2,2,05,13,07,054,39.6,1*55
$GNRMC,194248.000,A,3900.0006,N,11613.9804,E,0.01,302.80,280612,,,A,V*02
$GNVTG,302.80,T,,M,0.01,N,0.01,K,A*2A
$GNZDA,194248.000,28,06,2012,,*47
$GNGGA,194249.000,3900.0006,N,11613.9804,E,1,12,0.73,-5.3,M,-6.8,M,,*43
$PAIRACC,3.59,11.46*76
$GNGLL,3900.0006,N,11613.9804,E,194249.000,A,A*49
$GNGSA,A,3,29,21,02,30,,,,,,,,,1.40,0.73,1.20,1*0A
$GNGSA,A,3,84,68,82,69,,,,,,,,,1.40,0.73,1.20,2*07
$GNGSA,A,3,,,,,,,,,,,,,1.40,0.73,1.20,3*01
$GNGSA,A,3,03,05,06,13,,,,,,,,,1.40,0.73,1.20,4*04
$GPGSV,2,1,08,27,01,094,,29,72,273,39.7,26,46,125,,21,27,295,39.4,1*65
$GPGSV,2,2,08,02,21,093,39.4,30,15,227,39.9,05,04,206,,10,52,045,,1*68
$GLGSV,2,1,05,84,33,312,40.3,68,53,021,10.8,78,31,112,40.0,82,13,191,13.0,1*7F
$GLGSV,2,2,05,69,10,070,39.8,1*58
$GAGSV,1,1,00,7*73
$GBGSV,2,1,05,03,45,191,38.8,08,18,165,,05,16,249,39.1,06,11,165,39.4,1*69
$GBGSV,2,2,05,13,07,054,39.6,1*55
$GNRMC,194249.000,A,3900.0006,N,11613.9804,E,0.01,305.03,280612,,,A,V*0F
$GNVTG,305.03,T,,M,0.01,N,0.01,K,A*26
$GNZDA,194249.000,28,06,2012,,*46
$GNGGA,194250.000,3900.0006,N,11613.9804,E,1,10,0.79,-5.3,M,-6.8,M,,*43
$PAIRACC,3.46,10.75*79
$GNGLL,3900.0006,N,11613.9804,E,194250.000,A,A*41
$GNGSA,A,3,29,21,02,30,,,,,,,,,1.57,0.79,1.36,1*01
$GNGSA,A,3,84,69,,,,,,,,,,,1.57,0.79,1.36,2*08
$GNGSA,A,3,,,,,,,,,,,,,1.57,0.79,1.36,3*0A
$GNGSA,A,3,03,05,06,13,,,,,,,,,1.57,0.79,1.36,4*0F
$GPGSV,2,1,08,27,01,094,,29,72,273,40.0,26,46,125,,21,27,295,40.0,1*66
$GPGSV,2,2,08,02,21,093,40.0,30,15,227,39.8,05,04,206,,10,52,045,,1*63
$GLGSV,2,1,05,84,33,312,40.4,68,53,021,,78,31,112,40.3,82,13,191,,1*70
$GLGSV,2,2,05,69,10,070,40.3,1*5D
$GAGSV,1,1,00,7*73
$GBGSV,2,1,06,03,45,191,39.5,08,18,165,,05,16,249,39.6,06,11,165,39.4,1*61
$GBGSV,2,2,06,11,10,054,,13,07,054,39.2,1*62
$GNRMC,194250.000,A,3900.0006,N,11613.9804,E,0.00,315.85,280612,,,A,V*09
$GNVTG,315.85,T,,M,0.00,N,0.01,K,A*28
$GNZDA,194250.000,28,06,2012,,*4E
$GNGGA,194251.000,3900.0006,N,11613.9804,E,1,10,0.79,-5.3,M,-6.8,M,,*42
$PAIRACC,3.55,11.42*7E
$GNGLL,3900.0006,N,11613.9804,E,194251.000,A,A*40
$GNGSA,A,3,29,21,02,30,,,,,,,,,1.56,0.79,1.35,1*03
$GNGSA,A,3,84,69,,,,,,,,,,,1.56,0.79,1.35,2*0A
$GNGSA,A,3,,,,,,,,,,,,,1.56,0.79,1.35,3*08
$GNGSA,A,3,03,05,06,13,,,,,,,,,1.56,0.79,1.35,4*0D
$GPGSV,2,1,08,27,01,094,,29,72,273,39.7,26,46,125,,21,27,295,39.4,1*65
$GPGSV,2,2,08,02,21,093,40.1,30,15,227,39.7,05,04,206,,10,52,045,,1*6D
$GLGSV,2,1,05,84,33,312,39.9,68,53,021,,78,31,112,40.1,82,13,191,,1*71
$GLGSV,2,2,05,69,10,070,40.0,1*5E
$GAGSV,1,1,00,7*73
$GBGSV,2,1,06,03,45,191,38.6,08,18,165,,05,16,249,39.2,06,11,165,39.2,1*61
$GBGSV,2,2,06,11,10,054,,13,07,054,39.7,1*67
$GNRMC,194251.000,A,3900.0006,N,11613.9804,E,0.00,0.00,280612,,,A,V*02
$GNVTG,0.00,T,,M,0.00,N,0.01,K,A*22
$GNZDA,194251.000,28,06,2012,,*4F
$GNGGA,194252.000,3900.0006,N,11613.9804,E,1,10,0.79,-5.3,M,-6.8,M,,*41
$PAIRACC,3.50,10.79*72
$GNGLL,3900.0006,N,11613.9804,E,194252.000,A,A*43
$GNGSA,A,3,29,21,02,30,,,,,,,,,1.57,0.79,1.36,1*01
$GNGSA,A,3,84,69,,,,,,,,,,,1.57,0.79,1.36,2*08
$GNGSA,A,3,,,,,,,,,,,,,1.57,0.79,1.36,3*0A
$GNGSA,A,3,03,05,06,13,,,,,,,,,1.57,0.79,1.36,4*0F
$GPGSV,2,1,08,27,01,094,,29,72,273,39.8,26,46,125,,21,27,295,39.6,1*68
$GPGSV,2,2,08,02,21,093,40.2,30,15,227,39.9,05,04,206,,10,52,045,,1*60
$GLGSV,2,1,05,84,33,312,40.3,68,53,021,,78,31,112,40.1,69,10,070,39.7,1*6E
$GLGSV,2,2,05,79,05,159,39.4,1*5B
$GAGSV,1,1,00,7*73
$GBGSV,2,1,06,03,45,191,38.4,08,18,165,,05,16,249,39.1,06,11,165,39.0,1*62
$GBGSV,2,2,06,11,10,054,,13,07,054,39.9,1*69
$GNRMC,194252.000,A,3900.0006,N,11613.9804,E,0.00,141.14,280612,,,A,V*00
$GNVTG,141.14,T,,M,0.00,N,0.01,K,A*23
$GNZDA,194252.000,28,06,2012,,*4C
$GNGGA,194253.000,3900.0006,N,11613.9804,E,1,10,0.79,-5.3,M,-6.8,M,,*40
$PAIRACC,3.55,11.42*7E
$GNGLL,3900.0006,N,11613.9804,E,194253.000,A,A*42
$GNGSA,A,3,29,21,02,30,,,,,,,,,1.56,0.79,1.35,1*03
$GNGSA,A,3,84,69,,,,,,,,,,,1.56,0.79,1.35,2*0A
$GNGSA,A,3,,,,,,,,,,,,,1.56,0.79,1.35,3*08
$GNGSA,A,3,03,05,06,13,,,,,,,,,1.56,0.79,1.35,4*0D
$GPGSV,2,1,08,27,01,094,,26,46,125,,29,72,273,39.9,21,27,295,40.0,1*61
$GPGSV,2,2,08,02,21,093,40.2,30,15,227,39.7,05,04,206,,10,52,045,,1*6E
$GLGSV,2,1,06,78,31,112,39.5,68,53,021,,84,33,312,39.8,82,13,191,,1*79
$GLGSV,2,2,06,69,10,070,40.2,79,05,159,38.9,1*75
$GAGSV,1,1,00,7*73
$GBGSV,2,1,06,03,45,191,39.5,08,18,165,,05,16,249,39.4,06,11,165,39.6,1*61
$GBGSV,2,2,06,11,10,054,,13,07,054,39.8,1*68
$GNRMC,194253.000,A,3900.0006,N,11613.9804,E,0.00,131.80,280612,,,A,V*0B
$GNVTG,131.80,T,,M,0.00,N,0.01,K,A*29
$GNZDA,194253.000,28,06,2012,,*4D
