$GNGGA,220334.000,3900.0017,N,11613.9819,E,1,12,0.71,-9.2,M,-6.8,M,,*47
$PAIRACC,3.70,8.19*4F
$GNGLL,3900.0017,N,11613.9819,E,220334.000,A,A*42
$GNGSA,A,3,21,29,03,27,,,,,,,,,1.23,0.71,1.01,1*09
$GNGSA,A,3,68,79,80,84,,,,,,,,,1.23,0.71,1.01,2*00
$GNGSA,A,3,,,,,,,,,,,,,1.23,0.71,1.01,3*05
$GNGSA,A,3,08,04,09,05,,,,,,,,,1.23,0.71,1.01,4*02
$GPGSV,2,1,06,15,48,051,,21,84,353,38.6,29,21,188,39.3,03,14,318,39.3,1*71
$GPGSV,2,2,06,27,08,038,39.7,14,02,216,,1*75
$GLGSV,2,1,05,68,15,104,40.2,79,65,086,39.8,80,09,026,39.9,86,07,336,,1*61
$GLGSV,2,2,05,84,06,237,40.1,1*5A
$GAGSV,1,1,00,7*73
$GBGSV,1,1,04,08,51,179,39.5,04,27,125,38.4,09,19,190,39.1,05,15,249,38.8,1*79
$GNRMC,220334.000,A,3900.0017,N,11613.9819,E,0.01,8.72,280612,,,A,V*0C
$GNVTG,8.72,T,,M,0.01,N,0.01,K,A*2E
$GNZDA,220334.000,28,06,2012,,*41
$GNGGA,220335.000,3900.0017,N,11613.9819,E,1,12,0.71,-9.2,M,-6.8,M,,*46
$PAIRACC,3.63,7.93*40
$GNGLL,3900.0017,N,11613.9819,E,220335.000,A,A*43
$GNGSA,A,3,21,29,03,27,,,,,,,,,1.23,0.71,1.01,1*09
$GNGSA,A,3,68,79,80,84,,,,,,,,,1.23,0.71,1.01,2*00
$GNGSA,A,3,,,,,,,,,,,,,1.23,0.71,1.01,3*05
$GNGSA,A,3,08,04,09,05,,,,,,,,,1.23,0.71,1.01,4*02
$GPGSV,2,1,06,15,48,051,,21,84,353,39.4,29,21,188,39.2,03,14,318,39.3,1*73
$GPGSV,2,2,06,27,08,038,39.4,14,02,216,,1*76
$GLGSV,2,1,05,68,15,104,39.7,79,65,086,39.6,80,09,026,39.5,86,07,336,,1*68
$GLGSV,2,2,05,84,06,237,39.4,1*51
$GAGSV,1,1,00,7*73
$GBGSV,1,1,04,08,51,179,39.4,04,27,125,39.6,09,19,190,39.1,05,15,249,39.5,1*77
$GNRMC,220335.000,A,3900.0017,N,11613.9819,E,0.01,5.24,280612,,,A,V*03
$GNVTG,5.24,T,,M,0.01,N,0.01,K,A*20
$GNZDA,220335.000,28,06,2012,,*40
$GNGGA,220336.000,3900.0017,N,11613.9819,E,1,12,0.71,-9.2,M,-6.8,M,,*45
$PAIRACC,3.59,7.80*4B
$GNGLL,3900.0017,N,11613.9819,E,220336.000,A,A*40
$GNGSA,A,3,21,29,03,27,,,,,,,,,1.23,0.71,1.01,1*09
$GNGSA,A,3,68,79,80,84,,,,,,,,,1.23,0.71,1.01,2*00
$GNGSA,A,3,,,,,,,,,,,,,1.23,0.71,1.01,3*05
$GNGSA,A,3,08,04,09,05,,,,,,,,,1.23,0.71,1.01,4*02
$GPGSV,2,1,06,15,48,051,,21,84,353,39.6,29,21,188,39.1,03,14,318,39.4,1*75
$GPGSV,2,2,06,27,08,038,39.7,14,02,216,,1*75
$GLGSV,2,1,05,68,15,104,39.6,79,65,086,39.2,80,09,026,39.8,86,07,336,,1*60
$GLGSV,2,2,05,84,06,237,39.3,1*56
$GAGSV,1,1,00,7*73
$GBGSV,1,1,04,08,51,179,39.3,04,27,125,39.2,09,19,190,39.2,05,15,249,38.5,1*76
$GNRMC,220336.000,A,3900.0017,N,11613.9819,E,0.01,9.90,280612,,,A,V*03
$GNVTG,9.90,T,,M,0.01,N,0.01,K,A*23
$GNZDA,220336.000,28,06,2012,,*43
$GNGGA,220337.000,3900.0017,N,11613.9819,E,1,12,0.71,-9.2,M,-6.8,M,,*44
$PAIRACC,3.60,7.82*43
$GNGLL,3900.0017,N,11613.9819,E,220337.000,A,A*41
$GNGSA,A,3,21,29,03,27,,,,,,,,,1.23,0.71,1.01,1*09
$GNGSA,A,3,68,79,80,84,,,,,,,,,1.23,0.71,1.01,2*00
$GNGSA,A,3,,,,,,,,,,,,,1.23,0.71,1.01,3*05
$GNGSA,A,3,08,04,09,05,,,,,,,,,1.23,0.71,1.01,4*02
$GPGSV,2,1,06,15,48,051,,21,84,353,40.0,29,21,188,40.0,03,14,318,40.0,1*78
$GPGSV,2,2,06,27,08,038,40.0,14,02,216,,1*7C
$GLGSV,2,1,05,68,15,104,39.8,79,65,086,39.8,80,09,026,40.2,86,07,336,,1*60
$GLGSV,2,2,05,84,06,237,40.5,1*5E
$GAGSV,1,1,00,7*73
$GBGSV,1,1,04,08,51,179,39.7,04,27,125,38.8,09,19,190,39.5,05,15,249,39.0,1*7A
$GNRMC,220337.000,A,3900.0017,N,11613.9819,E,0.01,0.69,280612,,,A,V*0D
$GNVTG,0.69,T,,M,0.01,N,0.01,K,A*2C
$GNZDA,220337.000,28,06,2012,,*42
$GNGGA,220338.000,3900.0017,N,11613.9819,E,1,12,0.71,-9.2,M,-6.8,M,,*4B
$PAIRACC,3.68,8.29*45
$GNGLL,3900.0017,N,11613.9819,E,220338.000,A,A*4E
$GNGSA,A,3,21,29,03,27,,,,,,,,,1.23,0.71,1.01,1*09
$GNGSA,A,3,68,79,80,84,,,,,,,,,1.23,0.71,1.01,2*00
$GNGSA,A,3,,,,,,,,,,,,,1.23,0.71,1.01,3*05
$GNGSA,A,3,08,04,09,05,,,,,,,,,1.23,0.71,1.01,4*02
$GPGSV,2,1,06,15,48,051,,21,84,353,39.8,29,21,188,40.1,03,14,318,39.8,1*79
$GPGSV,2,2,06,27,08,038,39.8,14,02,216,,1*7A
$GLGSV,2,1,05,68,15,104,39.9,79,65,086,39.6,80,09,026,40.0,86,07,336,,1*6D
$GLGSV,2,2,05,84,06,237,40.1,1*5A
$GAGSV,1,1,00,7*73
$GBGSV,1,1,04,08,51,179,39.8,04,27,125,39.6,09,19,190,39.5,05,15,249,39.8,1*72
$GNRMC,220338.000,A,3900.0017,N,11613.9819,E,0.01,7.96,280612,,,A,V*05
$GNVTG,7.96,T,,M,0.01,N,0.01,K,A*2B
$GNZDA,220338.000,28,06,2012,,*4D
$GNGGA,220339.000,3900.0017,N,11613.9819,E,1,12,0.71,-9.2,M,-6.8,M,,*4A
$PAIRACC,3.66,7.82*45
$GNGLL,3900.0017,N,11613.9819,E,220339.000,A,A*4F
$GNGSA,A,3,21,29,03,27,,,,,,,,,1.23,0.71,1.01,1*09
$GNGSA,A,3,68,79,80,84,,,,,,,,,1.23,0.71,1.01,2*00
$GNGSA,A,3,,,,,,,,,,,,,1.23,0.71,1.01,3*05
$GNGSA,A,3,08,04,09,05,,,,,,,,,1.23,0.71,1.01,4*02
$GPGSV,2,1,06,15,48,051,,21,84,353,39.8,29,21,188,40.0,03,14,318,40.0,1*7E
$GPGSV,2,2,06,27,08,038,40.2,14,02,216,,1*7E
$GLGSV,2,1,05,68,15,104,39.8,79,65,086,39.7,80,09,026,39.6,86,07,336,,1*65
$GLGSV,2,2,05,84,06,237,40.0,1*5B
$GAGSV,1,1,00,7*73
$GBGSV,1,1,04,08,51,179,39.9,04,27,125,38.8,09,19,190,39.5,05,15,249,39.0,1*74
$GNRMC,220339.000,A,3900.0017,N,11613.9819,E,0.01,5.14,280612,,,A,V*0C
$GNVTG,5.14,T,,M,0.01,N,0.01,K,A*23
$GNZDA,220339.000,28,06,2012,,*4C
$GNGGA,220340.000,3900.0017,N,11613.9819,E,1,12,0.71,-9.2,M,-6.8,M,,*44
$PAIRACC,3.52,7.72*4D
$GNGLL,3900.0017,N,11613.9819,E,220340.000,A,A*41
$GNGSA,A,3,21,29,03,27,,,,,,,,,1.23,0.71,1.01,1*09
$GNGSA,A,3,68,79,80,84,,,,,,,,,1.23,0.71,1.01,2*00
$GNGSA,A,3,,,,,,,,,,,,,1.23,0.71,1.01,3*05
$GNGSA,A,3,08,04,09,05,,,,,,,,,1.23,0.71,1.01,4*02
$GPGSV,2,1,06,15,48,051,,21,84,353,39.7,29,21,188,40.0,03,14,318,39.6,1*79
$GPGSV,2,2,06,27,08,038,40.1,14,02,216,,1*7D
$GLGSV,2,1,05,68,15,104,40.0,79,65,086,39.9,80,09,026,40.3,86,07,336,,1*66
$GLGSV,2,2,05,84,06,237,40.3,1*58
$GAGSV,1,1,00,7*73
$GBGSV,1,1,04,08,51,179,39.1,04,27,125,38.9,09,19,190,39.4,05,15,249,38.7,1*7A
$GNRMC,220340.000,A,3900.0017,N,11613.9819,E,0.01,350.55,280612,,,A,V*04
$GNVTG,350.55,T,,M,0.01,N,0.01,K,A*25
$GNZDA,220340.000,28,06,2012,,*42
$GNGGA,220341.000,3900.0017,N,11613.9819,E,1,12,0.71,-9.2,M,-6.8,M,,*45
$PAIRACC,3.55,7.74*4C
$GNGLL,3900.0017,N,11613.9819,E,220341.000,A,A*40
$GNGSA,A,3,21,29,03,27,,,,,,,,,1.23,0.71,1.01,1*09
$GNGSA,A,3,68,79,80,84,,,,,,,,,1.23,0.71,1.01,2*00
$GNGSA,A,3,,,,,,,,,,,,,1.23,0.71,1.01,3*05
$GNGSA,A,3,08,04,09,05,,,,,,,,,1.23,0.71,1.01,4*02
$GPGSV,2,1,06,15,48,051,,21,84,353,39.8,29,21,188,40.1,03,14,318,39.8,1*79
$GPGSV,2,2,06,27,08,038,40.3,14,02,216,,1*7F
$GLGSV,2,1,05,68,15,104,39.7,79,65,086,40.2,80,09,026,40.2,86,07,336,,1*6B
$GLGSV,2,2,05,84,06,237,40.0,1*5B
$GAGSV,1,1,00,7*73
$GBGSV,1,1,04,08,51,179,39.7,04,27,125,39.1,09,19,190,39.9,05,15,249,39.2,1*7C
$GNRMC,220341.000,A,3900.0017,N,11613.9819,E,0.01,3.45,280612,,,A,V*01
$GNVTG,3.45,T,,M,0.01,N,0.01,K,A*21
$GNZDA,220341.000,28,06,2012,,*43
$GNGGA,220342.000,3900.0017,N,11613.9819,E,1,12,0.71,-9.2,M,-6.8,M,,*46
$PAIRACC,3.58,8.13*4F
$GNGLL,3900.0017,N,11613.9819,E,220342.000,A,A*43
$GNGSA,A,3,21,29,03,27,,,,,,,,,1.23,0.71,1.01,1*09
$GNGSA,A,3,68,79,80,84,,,,,,,,,1.23,0.71,1.01,2*00
$GNGSA,A,3,,,,,,,,,,,,,1.23,0.71,1.01,3*05
$GNGSA,A,3,08,04,09,05,,,,,,,,,1.23,0.71,1.01,4*02
$GPGSV,2,1,06,15,48,051,,21,84,353,39.8,29,21,188,40.0,03,14,318,39.7,1*77
$GPGSV,2,2,06,27,08,038,39.9,14,02,216,,1*7B
$GLGSV,2,1,05,68,15,104,39.3,79,65,086,40.0,80,09,026,40.1,86,07,336,,1*6E
$GLGSV,2,2,05,84,06,237,40.0,1*5B
$GAGSV,1,1,00,7*73
$GBGSV,1,1,04,08,51,179,39.4,04,27,125,39.0,09,19,190,39.2,05,15,249,38.7,1*71
$GNRMC,220342.000,A,3900.0017,N,11613.9819,E,0.01,354.13,280612,,,A,V*00
$GNVTG,354.13,T,,M,0.01,N,0.01,K,A*23
$GNZDA,220342.000,28,06,2012,,*40
$GNGGA,220343.000,3900.0017,N,11613.9819,E,1,12,0.71,-9.2,M,-6.8,M,,*47
$PAIRACC,3.55,7.74*4C
$GNGLL,3900.0017,N,11613.9819,E,220343.000,A,A*42
$GNGSA,A,3,21,29,03,27,,,,,,,,,1.23,0.71,1.01,1*09
$GNGSA,A,3,68,79,80,84,,,,,,,,,1.23,0.71,1.01,2*00
$GNGSA,A,3,,,,,,,,,,,,,1.23,0.71,1.01,3*05
$GNGSA,A,3,08,04,09,05,,,,,,,,,1.23,0.71,1.01,4*02
$GPGSV,2,1,06,15,48,051,,21,84,353,39.7,29,21,188,39.8,03,14,318,39.8,1*71
$GPGSV,2,2,06,27,08,038,39.9,14,02,216,,1*7B
$GLGSV,2,1,05,68,15,104,39.6,79,65,086,40.0,80,09,026,39.7,86,07,336,,1*63
$GLGSV,2,2,05,84,06,237,40.0,1*5B
$GAGSV,1,1,00,7*73
$GBGSV,1,1,04,08,51,179,39.5,04,27,125,38.9,09,19,190,39.3,05,15,249,39.3,1*7C
$GNRMC,220343.000,A,3900.0017,N,11613.9819,E,0.01,350.05,280612,,,A,V*02
$GNVTG,350.05,T,,M,0.01,N,0.01,K,A*20
$GNZDA,220343.000,28,06,2012,,*41
$GNGGA,220344.000,3900.0017,N,11613.9819,E,1,12,0.71,-9.2,M,-6.8,M,,*40
$PAIRACC,3.51,7.67*4A
$GNGLL,3900.0017,N,11613.9819,E,220344.000,A,A*45
$GNGSA,A,3,21,29,03,27,,,,,,,,,1.23,0.71,1.01,1*09
$GNGSA,A,3,68,79,80,84,,,,,,,,,1.23,0.71,1.01,2*00
$GNGSA,A,3,,,,,,,,,,,,,1.23,0.71,1.01,3*05
$GNGSA,A,3,08,04,09,05,,,,,,,,,1.23,0.71,1.01,4*02
$GPGSV,2,1,06,15,48,051,,21,84,353,40.4,29,21,188,39.9,03,14,318,39.9,1*7C
$GPGSV,2,2,06,27,08,038,40.1,14,02,216,,1*7D
$GLGSV,2,1,05,68,15,104,40.0,79,65,086,39.9,80,09,026,39.7,86,07,336,,1*6C
$GLGSV,2,2,05,84,06,237,40.2,1*59
$GAGSV,1,1,00,7*73
$GBGSV,1,1,04,08,51,179,39.2,04,27,125,39.3,09,19,190,39.4,05,15,249,39.4,1*70
$GNRMC,220344.000,A,3900.0017,N,11613.9819,E,0.01,358.71,280612,,,A,V*0E
$GNVTG,358.71,T,,M,0.01,N,0.01,K,A*2B
$GNZDA,220344.000,28,06,2012,,*46
$GNGGA,220345.000,3900.0017,N,11613.9819,E,1,12,0.71,-9.2,M,-6.8,M,,*41
$PAIRACC,3.55,7.74*4C
$GNGLL,3900.0017,N,11613.9819,E,220345.000,A,A*44
$GNGSA,A,3,21,29,03,27,,,,,,,,,1.23,0.71,1.01,1*09
$GNGSA,A,3,68,79,80,84,,,,,,,,,1.23,0.71,1.01,2*00
$GNGSA,A,3,,,,,,,,,,,,,1.23,0.71,1.01,3*05
$GNGSA,A,3,08,04,09,05,,,,,,,,,1.23,0.71,1.01,4*02
$GPGSV,2,1,06,15,48,051,,21,84,353,39.5,29,21,188,39.9,03,14,318,39.8,1*72
$GPGSV,2,2,06,27,08,038,40.0,14,02,216,,1*7C
$GLGSV,2,1,05,68,15,104,39.6,79,65,086,39.9,80,09,026,40.0,86,07,336,,1*6D
$GLGSV,2,2,05,84,06,237,39.7,1*52
$GAGSV,1,1,00,7*73
$GBGSV,1,1,04,08,51,179,39.8,04,27,125,39.1,09,19,190,39.2,05,15,249,38.8,1*73
$GNRMC,220345.000,A,3900.0017,N,11613.9819,E,0.01,353.92,280612,,,A,V*09
$GNVTG,353.92,T,,M,0.01,N,0.01,K,A*2D
$GNZDA,220345.000,28,06,2012,,*47
$GNGGA,220346.000,3900.0017,N,11613.9818,E,1,12,0.71,-9.2,M,-6.8,M,,*43
$PAIRACC,3.64,8.14*47
$GNGLL,3900.0017,N,11613.9818,E,220346.000,A,A*46
$GNGSA,A,3,21,29,03,27,,,,,,,,,1.23,0.71,1.01,1*09
$GNGSA,A,3,68,79,80,84,,,,,,,,,1.23,0.71,1.01,2*00
$GNGSA,A,3,,,,,,,,,,,,,1.23,0.71,1.01,3*05
$GNGSA,A,3,08,04,09,05,,,,,,,,,1.23,0.71,1.01,4*02
$GPGSV,2,1,06,15,48,051,,21,84,353,39.8,29,21,188,39.8,03,14,318,39.9,1*7F
$GPGSV,2,2,06,27,08,038,39.3,14,02,216,,1*71
$GLGSV,2,1,05,68,15,104,39.8,79,65,086,40.1,80,09,026,39.9,86,07,336,,1*62
$GLGSV,2,2,05,84,06,237,40.3,1*58
$GAGSV,1,1,00,7*73
$GBGSV,1,1,04,08,51,179,39.4,04,27,125,38.8,09,19,190,39.4,05,15,249,39.1,1*79
$GNRMC,220346.000,A,3900.0017,N,11613.9818,E,0.01,352.93,280612,,,A,V*0B
$GNVTG,352.93,T,,M,0.01,N,0.01,K,A*2D
$GNZDA,220346.000,28,06,2012,,*44
$GNGGA,220347.000,3900.0017,N,11613.9818,E,1,12,0.71,-9.2,M,-6.8,M,,*42
$PAIRACC,3.55,7.73*4B
$GNGLL,3900.0017,N,11613.9818,E,220347.000,A,A*47
$GNGSA,A,3,29,21,03,27,,,,,,,,,1.23,0.71,1.01,1*09
$GNGSA,A,3,68,79,80,84,,,,,,,,,1.23,0.71,1.01,2*00
$GNGSA,A,3,,,,,,,,,,,,,1.23,0.71,1.01,3*05
$GNGSA,A,3,08,04,09,05,,,,,,,,,1.23,0.71,1.01,4*02
$GPGSV,2,1,07,29,21,188,39.9,21,84,353,39.8,15,48,051,,18,59,300,,1*68
$GPGSV,2,2,07,03,14,318,39.8,27,08,038,40.2,14,02,216,,1*5F
$GLGSV,2,1,05,68,15,104,39.6,79,65,086,39.8,80,09,026,39.8,86,07,336,,1*6A
$GLGSV,2,2,05,84,06,237,39.4,1*51
$GAGSV,1,1,00,7*73
$GBGSV,1,1,04,08,51,179,39.3,04,27,125,39.3,09,19,190,40.1,05,15,249,39.6,1*78
$GNRMC,220347.000,A,3900.0017,N,11613.9818,E,0.01,5.50,280612,,,A,V*04
$GNVTG,5.50,T,,M,0.01,N,0.01,K,A*23
$GNZDA,220347.000,28,06,2012,,*45
$GNGGA,220348.000,3900.0017,N,11613.9818,E,1,12,0.71,-9.2,M,-6.8,M,,*4D
$PAIRACC,3.59,8.13*4E
$GNGLL,3900.0017,N,11613.9818,E,220348.000,A,A*48
$GNGSA,A,3,29,21,03,27,,,,,,,,,1.23,0.71,1.01,1*09
$GNGSA,A,3,68,79,80,84,,,,,,,,,1.23,0.71,1.01,2*00
$GNGSA,A,3,,,,,,,,,,,,,1.23,0.71,1.01,3*05
$GNGSA,A,3,08,04,09,05,,,,,,,,,1.23,0.71,1.01,4*02
$GPGSV,2,1,07,29,21,188,40.3,21,84,353,40.0,15,48,051,,18,59,300,,1*6A
$GPGSV,2,2,07,03,14,318,39.7,27,08,038,39.7,14,02,216,,1*5B
$GLGSV,2,1,05,68,15,104,39.5,79,65,086,40.4,80,09,026,40.4,86,07,336,,1*69
$GLGSV,2,2,05,84,06,237,40.1,1*5A
$GAGSV,1,1,00,7*73
$GBGSV,1,1,04,08,51,179,39.3,04,27,125,39.2,09,19,190,39.2,05,15,249,38.9,1*7A
$GNRMC,220348.000,A,3900.0017,N,11613.9818,E,0.01,359.09,280612,,,A,V*0D
$GNVTG,359.09,T,,M,0.01,N,0.01,K,A*25
$GNZDA,220348.000,28,06,2012,,*4A
$GNGGA,220349.000,3900.0017,N,11613.9818,E,1,12,0.71,-9.2,M,-6.8,M,,*4C
$PAIRACC,3.61,7.74*4B
$GNGLL,3900.0017,N,11613.9818,E,220349.000,A,A*49
$GNGSA,A,3,29,21,03,27,,,,,,,,,1.23,0.71,1.01,1*09
$GNGSA,A,3,68,79,80,84,,,,,,,,,1.23,0.71,1.01,2*00
$GNGSA,A,3,,,,,,,,,,,,,1.23,0.71,1.01,3*05
$GNGSA,A,3,08,04,09,05,,,,,,,,,1.23,0.71,1.01,4*02
$GPGSV,2,1,07,29,21,188,40.0,21,84,353,40.0,15,48,051,,18,59,300,,1*69
$GPGSV,2,2,07,03,14,318,39.8,27,08,038,40.0,14,02,216,,1*5D
$GLGSV,2,1,05,68,15,104,39.9,79,65,086,39.6,80,09,026,40.1,86,07,336,,1*6C
$GLGSV,2,2,05,84,06,237,39.6,1*53
$GAGSV,1,1,00,7*73
$GBGSV,1,1,04,08,51,179,39.5,04,27,125,38.6,09,19,190,39.5,05,15,249,39.0,1*76
$GNRMC,220349.000,A,3900.0017,N,11613.9818,E,0.01,353.44,280612,,,A,V*0F
$GNVTG,353.44,T,,M,0.01,N,0.01,K,A*26
$GNZDA,220349.000,28,06,2012,,*4B
$GNGGA,220350.000,3900.0017,N,11613.9818,E,1,12,0.71,-9.2,M,-6.8,M,,*44
$PAIRACC,3.59,8.14*49
$GNGLL,3900.0017,N,11613.9818,E,220350.000,A,A*41
$GNGSA,A,3,29,21,03,27,,,,,,,,,1.23,0.71,1.01,1*09
$GNGSA,A,3,68,79,80,84,,,,,,,,,1.23,0.71,1.01,2*00
$GNGSA,A,3,,,,,,,,,,,,,1.23,0.71,1.01,3*05
$GNGSA,A,3,08,04,09,05,,,,,,,,,1.23,0.71,1.01,4*02
$GPGSV,2,1,07,29,21,188,39.7,21,84,353,40.2,15,48,051,,18,59,300,,1*62
$GPGSV,2,2,07,03,14,318,40.1,27,08,038,40.2,14,02,216,,1*58
$GLGSV,2,1,05,68,15,104,39.8,79,65,086,40.1,80,09,026,39.8,86,07,336,,1*63
$GLGSV,2,2,05,84,06,237,39.9,1*5C
$GAGSV,1,1,00,7*73
$GBGSV,1,1,04,08,51,179,39.4,04,27,125,39.4,09,19,190,39.2,05,15,249,39.4,1*77
$GNRMC,220350.000,A,3900.0017,N,11613.9818,E,0.01,4.65,280612,,,A,V*05
$GNVTG,4.65,T,,M,0.01,N,0.01,K,A*24
$GNZDA,220350.000,28,06,2012,,*43
$GNGGA,220351.000,3900.0017,N,11613.9818,E,1,12,0.71,-9.2,M,-6.8,M,,*45
$PAIRACC,3.61,7.77*48
$GNGLL,3900.0017,N,11613.9818,E,220351.000,A,A*40
$GNGSA,A,3,29,21,03,27,,,,,,,,,1.23,0.71,1.01,1*09
$GNGSA,A,3,68,79,80,84,,,,,,,,,1.23,0.71,1.01,2*00
$GNGSA,A,3,,,,,,,,,,,,,1.23,0.71,1.01,3*05
$GNGSA,A,3,08,04,09,05,,,,,,,,,1.23,0.71,1.01,4*02
$GPGSV,2,1,07,29,21,188,39.9,21,84,353,39.6,15,48,051,,18,59,300,,1*66
$GPGSV,2,2,07,03,14,318,39.8,27,08,038,39.9,14,02,216,,1*5A
$GLGSV,2,1,05,68,15,104,39.6,79,65,086,39.8,80,09,026,39.7,86,07,336,,1*65
$GLGSV,2,2,05,84,06,237,40.0,1*5B
$GAGSV,1,1,00,7*73
$GBGSV,1,1,04,08,51,179,39.3,04,27,125,38.6,09,19,190,39.9,05,15,249,38.8,1*75
$GNRMC,220351.000,A,3900.0017,N,11613.9818,E,0.01,352.96,280612,,,A,V*08
$GNVTG,352.96,T,,M,0.01,N,0.01,K,A*28
$GNZDA,220351.000,28,06,2012,,*42
$GNGGA,220352.000,3900.0016,N,11613.9818,E,1,12,0.71,-9.2,M,-6.8,M,,*47
$PAIRACC,3.59,8.15*48
$GNGLL,3900.0016,N,11613.9818,E,220352.000,A,A*42
$GNGSA,A,3,29,21,03,27,,,,,,,,,1.23,0.71,1.01,1*09
$GNGSA,A,3,68,79,80,84,,,,,,,,,1.23,0.71,1.01,2*00
$GNGSA,A,3,,,,,,,,,,,,,1.23,0.71,1.01,3*05
$GNGSA,A,3,08,04,09,05,,,,,,,,,1.23,0.71,1.01,4*02
$GPGSV,2,1,07,29,21,188,40.1,21,84,353,39.7,15,48,051,,18,59,300,,1*61
$GPGSV,2,2,07,03,14,318,39.6,27,08,038,39.9,14,02,216,,1*54
$GLGSV,2,1,05,68,15,104,40.2,79,65,086,39.8,80,09,026,40.0,86,07,336,,1*66
$GLGSV,2,2,05,84,06,237,39.8,1*5D
$GAGSV,1,1,00,7*73
$GBGSV,1,1,04,08,51,179,39.5,04,27,125,38.9,09,19,190,40.1,05,15,249,38.7,1*75
$GNRMC,220352.000,A,3900.0016,N,11613.9818,E,0.01,337.27,280612,,,A,V*03
$GNVTG,337.27,T,,M,0.01,N,0.01,K,A*21
$GNZDA,220352.000,28,06,2012,,*41
$GNGGA,220353.000,3900.0016,N,11613.9818,E,1,12,0.71,-9.2,M,-6.8,M,,*46
$PAIRACC,3.62,7.78*44
$GNGLL,3900.0016,N,11613.9818,E,220353.000,A,A*43
$GNGSA,A,3,29,21,03,27,,,,,,,,,1.23,0.71,1.01,1*09
$GNGSA,A,3,68,79,80,84,,,,,,,,,1.23,0.71,1.01,2*00
$GNGSA,A,3,,,,,,,,,,,,,1.23,0.71,1.01,3*05
$GNGSA,A,3,08,04,09,05,,,,,,,,,1.23,0.71,1.01,4*02
$GPGSV,2,1,07,29,21,188,39.7,21,84,353,40.2,15,48,051,,18,59,300,,1*62
$GPGSV,2,2,07,03,14,318,40.1,27,08,038,40.0,14,02,216,,1*5A
$GLGSV,2,1,05,68,15,104,39.3,79,65,086,39.6,80,09,026,39.7,86,07,336,,1*6E
$GLGSV,2,2,05,84,06,237,39.7,1*52
$GAGSV,1,1,00,7*73
$GBGSV,1,1,04,08,51,179,39.3,04,27,125,39.3,09,19,190,39.5,05,15,249,39.2,1*76
$GNRMC,220353.000,A,3900.0016,N,11613.9818,E,0.01,350.57,280612,,,A,V*04
$GNVTG,350.57,T,,M,0.01,N,0.01,K,A*27
$GNZDA,220353.000,28,06,2012,,*40
$GNGGA,220354.000,3900.0016,N,11613.9818,E,1,12,0.71,-9.2,M,-6.8,M,,*41
$PAIRACC,3.60,8.15*42
$GNGLL,3900.0016,N,11613.9818,E,220354.000,A,A*44
$GNGSA,A,3,29,21,03,27,,,,,,,,,1.23,0.71,1.01,1*09
$GNGSA,A,3,68,79,80,84,,,,,,,,,1.23,0.71,1.01,2*00
$GNGSA,A,3,,,,,,,,,,,,,1.23,0.71,1.01,3*05
$GNGSA,A,3,08,04,09,05,,,,,,,,,1.23,0.71,1.01,4*02
$GPGSV,2,1,07,29,21,188,40.0,21,84,353,39.6,15,48,051,,18,59,300,,1*61
$GPGSV,2,2,07,03,14,318,39.7,27,08,038,40.0,14,02,216,,1*52
$GLGSV,2,1,05,68,15,104,40.0,79,65,086,40.2,80,09,026,40.1,86,07,336,,1*61
$GLGSV,2,2,05,84,06,237,39.9,1*5C
$GAGSV,1,1,00,7*73
$GBGSV,1,1,04,08,51,179,39.4,04,27,125,39.3,09,19,190,39.2,05,15,249,38.6,1*73
$GNRMC,220354.000,A,3900.0016,N,11613.9818,E,0.01,346.26,280612,,,A,V*02
$GNVTG,346.26,T,,M,0.01,N,0.01,K,A*26
$GNZDA,220354.000,28,06,2012,,*47
$GNGGA,220355.000,3900.0016,N,11613.9818,E,1,12,0.71,-9.2,M,-6.8,M,,*40
$PAIRACC,3.62,7.77*4B
$GNGLL,3900.0016,N,11613.9818,E,220355.000,A,A*45
$GNGSA,A,3,29,21,03,27,,,,,,,,,1.23,0.71,1.01,1*09
$GNGSA,A,3,68,79,80,84,,,,,,,,,1.23,0.71,1.01,2*00
$GNGSA,A,3,,,,,,,,,,,,,1.23,0.71,1.01,3*05
$GNGSA,A,3,08,04,09,05,,,,,,,,,1.23,0.71,1.01,4*02
$GPGSV,2,1,07,29,21,188,39.9,21,84,353,40.5,15,48,051,,18,59,300,,1*6B
$GPGSV,2,2,07,03,14,318,39.8,27,08,038,40.3,14,02,216,,1*5E
$GLGSV,2,1,05,68,15,104,39.9,79,65,086,40.2,80,09,026,40.4,86,07,336,,1*63
$GLGSV,2,2,05,84,06,237,39.9,1*5C
$GAGSV,1,1,00,7*73
$GBGSV,1,1,04,08,51,179,39.6,04,27,125,39.0,09,19,190,39.7,05,15,249,38.9,1*78
$GNRMC,220355.000,A,3900.0016,N,11613.9818,E,0.01,337.32,280612,,,A,V*00
$GNVTG,337.32,T,,M,0.01,N,0.01,K,A*25
$GNZDA,220355.000,28,06,2012,,*46
$GNGGA,220356.000,3900.0016,N,11613.9817,E,1,12,0.71,-9.2,M,-6.8,M,,*4C
$PAIRACC,3.60,8.16*41
$GNGLL,3900.0016,N,11613.9817,E,220356.000,A,A*49
$GNGSA,A,3,29,21,03,27,,,,,,,,,1.23,0.71,1.01,1*09
$GNGSA,A,3,68,79,80,84,,,,,,,,,1.23,0.71,1.01,2*00
$GNGSA,A,3,,,,,,,,,,,,,1.23,0.71,1.01,3*05
$GNGSA,A,3,08,04,09,05,,,,,,,,,1.23,0.71,1.01,4*02
$GPGSV,2,1,07,29,21,188,40.0,21,84,353,40.0,15,48,051,,18,59,300,,1*69
$GPGSV,2,2,07,03,14,318,39.3,27,08,038,39.9,14,02,216,,1*51
$GLGSV,2,1,05,68,15,104,39.8,79,65,086,40.3,80,09,026,40.1,86,07,336,,1*66
$GLGSV,2,2,05,84,06,237,40.2,1*59
$GAGSV,1,1,00,7*73
$GBGSV,1,1,04,08,51,179,39.7,04,27,125,39.4,09,19,190,39.8,05,15,249,39.5,1*7F
$GNRMC,220356.000,A,3900.0016,N,11613.9817,E,0.01,353.26,280612,,,A,V*0B
$GNVTG,353.26,T,,M,0.01,N,0.01,K,A*22
$GNZDA,220356.000,28,06,2012,,*45
$GNGGA,220357.000,3900.0016,N,11613.9817,E,1,12,0.71,-9.2,M,-6.8,M,,*4D
$PAIRACC,3.62,7.79*45
$GNGLL,3900.0016,N,11613.9817,E,220357.000,A,A*48
$GNGSA,A,3,29,21,03,27,,,,,,,,,1.23,0.71,1.01,1*09
$GNGSA,A,3,68,79,80,84,,,,,,,,,1.23,0.71,1.01,2*00
$GNGSA,A,3,,,,,,,,,,,,,1.23,0.71,1.01,3*05
$GNGSA,A,3,08,04,09,05,,,,,,,,,1.23,0.71,1.01,4*02
$GPGSV,2,1,07,29,21,188,40.1,21,84,353,39.9,15,48,051,,18,59,300,,1*6F
$GPGSV,2,2,07,03,14,318,39.9,27,08,038,39.7,14,02,216,,1*55
$GLGSV,2,1,05,68,15,104,39.9,79,65,086,40.0,80,09,026,39.8,86,07,336,,1*63
$GLGSV,2,2,05,84,06,237,40.4,1*5F
$GAGSV,1,1,00,7*73
$GBGSV,1,1,04,08,51,179,39.8,04,27,125,38.8,09,19,190,39.7,05,15,249,39.0,1*77
$GNRMC,220357.000,A,3900.0016,N,11613.9817,E,0.01,349.22,280612,,,A,V*05
$GNVTG,349.22,T,,M,0.01,N,0.01,K,A*2D
$GNZDA,220357.000,28,06,2012,,*44
$GNGGA,220358.000,3900.0016,N,11613.9817,E,1,12,0.71,-9.2,M,-6.8,M,,*42
$PAIRACC,3.60,8.16*41
$GNGLL,3900.0016,N,11613.9817,E,220358.000,A,A*47
$GNGSA,A,3,29,21,03,27,,,,,,,,,1.23,0.71,1.01,1*09
$GNGSA,A,3,68,79,80,84,,,,,,,,,1.23,0.71,1.01,2*00
$GNGSA,A,3,,,,,,,,,,,,,1.23,0.71,1.01,3*05
$GNGSA,A,3,08,04,09,05,,,,,,,,,1.23,0.71,1.01,4*02
$GPGSV,2,1,07,29,21,188,40.2,21,84,353,40.0,15,48,051,,18,59,300,,1*6B
$GPGSV,2,2,07,03,14,317,40.0,27,08,038,40.0,14,02,216,,1*54
$GLGSV,2,1,05,68,15,104,40.2,79,65,086,40.1,80,09,026,39.8,86,07,336,,1*67
$GLGSV,2,2,05,84,06,237,40.0,1*5B
$GAGSV,1,1,00,7*73
$GBGSV,1,1,04,08,51,179,39.3,04,27,125,39.1,09,19,190,39.9,05,15,249,39.1,1*7B
$GNRMC,220358.000,A,3900.0016,N,11613.9817,E,0.01,337.70,280612,,,A,V*04
$GNVTG,337.70,T,,M,0.01,N,0.01,K,A*23
$GNZDA,220358.000,28,06,2012,,*4B
$GNGGA,220359.000,3900.0016,N,11613.9817,E,1,12,0.71,-9.2,M,-6.8,M,,*43
$PAIRACC,3.62,7.78*44
$GNGLL,3900.0016,N,11613.9817,E,220359.000,A,A*46
$GNGSA,A,3,29,21,03,27,,,,,,,,,1.23,0.71,1.01,1*09
$GNGSA,A,3,68,79,80,84,,,,,,,,,1.23,0.71,1.01,2*00
$GNGSA,A,3,,,,,,,,,,,,,1.23,0.71,1.01,3*05
$GNGSA,A,3,08,04,09,05,,,,,,,,,1.23,0.71,1.01,4*02
$GPGSV,2,1,07,29,21,188,39.9,21,84,353,39.6,15,48,051,,18,59,300,,1*66
$GPGSV,2,2,07,03,14,317,39.6,27,08,038,40.0,14,02,216,,1*5C
$GLGSV,2,1,05,68,15,104,39.8,79,65,086,40.3,80,09,026,39.7,86,07,336,,1*6E
$GLGSV,2,2,05,84,06,237,39.5,1*50
$GAGSV,1,1,00,7*73
$GBGSV,1,1,04,08,51,179,39.5,04,27,125,39.1,09,19,190,39.7,05,15,249,39.6,1*74
$GNRMC,220359.000,A,3900.0016,N,11613.9817,E,0.01,343.56,280612,,,A,V*02
$GNVTG,343.56,T,,M,0.01,N,0.01,K,A*24
$GNZDA,220359.000,28,06,2012,,*4A
$GNGGA,220400.000,3900.0016,N,11613.9817,E,1,12,0.71,-9.2,M,-6.8,M,,*48
$PAIRACC,3.60,8.16*41
$GNGLL,3900.0016,N,11613.9817,E,220400.000,A,A*4D
$GNGSA,A,3,29,21,03,27,,,,,,,,,1.23,0.71,1.01,1*09
$GNGSA,A,3,68,79,80,84,,,,,,,,,1.23,0.71,1.01,2*00
$GNGSA,A,3,,,,,,,,,,,,,1.23,0.71,1.01,3*05
$GNGSA,A,3,08,04,09,05,,,,,,,,,1.23,0.71,1.01,4*02
$GPGSV,2,1,07,29,21,188,39.8,21,84,353,39.7,15,48,051,,18,59,300,,1*66
$GPGSV,2,2,07,03,14,317,39.7,27,08,038,39.9,14,02,216,,1*5A
$GLGSV,2,1,05,68,15,104,40.2,79,65,086,39.8,80,09,026,39.9,86,07,336,,1*61
$GLGSV,2,2,05,84,06,237,39.9,1*5C
$GAGSV,1,1,00,7*73
$GBGSV,1,1,04,08,51,179,39.4,04,27,125,38.9,09,19,190,39.1,05,15,249,38.8,1*75
$GNRMC,220400.000,A,3900.0016,N,11613.9817,E,0.01,343.97,280612,,,A,V*04
$GNVTG,343.97,T,,M,0.01,N,0.01,K,A*29
$GNZDA,220400.000,28,06,2012,,*41
$GNGGA,220401.000,3900.0016,N,11613.9817,E,1,12,0.71,-9.2,M,-6.8,M,,*49
$PAIRACC,3.63,7.78*45
$GNGLL,3900.0016,N,11613.9817,E,220401.000,A,A*4C
$GNGSA,A,3,29,21,03,27,,,,,,,,,1.23,0.71,1.01,1*09
$GNGSA,A,3,68,79,80,84,,,,,,,,,1.23,0.71,1.01,2*00
$GNGSA,A,3,,,,,,,,,,,,,1.23,0.71,1.01,3*05
$GNGSA,A,3,08,04,09,05,,,,,,,,,1.23,0.71,1.01,4*02
$GPGSV,2,1,07,29,21,188,40.0,21,84,353,40.3,15,48,051,,18,59,300,,1*6A
$GPGSV,2,2,07,03,14,317,39.8,27,08,038,39.8,14,02,216,,1*54
$GLGSV,2,1,05,68,15,104,39.5,79,65,086,40.2,80,09,026,40.0,86,07,336,,1*6B
$GLGSV,2,2,05,84,06,237,39.6,1*53
$GAGSV,1,1,00,7*73
$GBGSV,1,1,04,08,51,179,39.5,04,27,125,38.7,09,19,190,39.7,05,15,249,38.9,1*7D
$GNRMC,220401.000,A,3900.0016,N,11613.9817,E,0.01,346.90,280612,,,A,V*07
$GNVTG,346.90,T,,M,0.01,N,0.01,K,A*2B
$GNZDA,220401.000,28,06,2012,,*40
$GNGGA,220402.000,3900.0016,N,11613.9817,E,1,12,0.71,-9.2,M,-6.8,M,,*4A
$PAIRACC,3.57,7.71*4B
$GNGLL,3900.0016,N,11613.9817,E,220402.000,A,A*4F
$GNGSA,A,3,29,21,03,27,,,,,,,,,1.23,0.71,1.01,1*09
$GNGSA,A,3,68,79,80,84,,,,,,,,,1.23,0.71,1.01,2*00
$GNGSA,A,3,,,,,,,,,,,,,1.23,0.71,1.01,3*05
$GNGSA,A,3,08,04,09,05,,,,,,,,,1.23,0.71,1.01,4*02
$GPGSV,2,1,07,29,21,188,40.0,21,84,353,40.2,15,48,051,,18,59,300,,1*6B
$GPGSV,2,2,07,03,14,317,39.8,27,08,038,40.1,14,02,216,,1*53
$GLGSV,2,1,05,68,15,104,39.6,79,65,086,40.1,80,09,026,39.8,86,07,336,,1*6D
$GLGSV,2,2,05,84,06,237,39.8,1*5D
$GAGSV,1,1,00,7*73
$GBGSV,1,1,04,08,51,179,39.4,04,27,125,39.4,09,19,190,39.5,05,15,249,39.5,1*71
$GNRMC,220402.000,A,3900.0016,N,11613.9817,E,0.01,351.36,280612,,,A,V*0E
$GNVTG,351.36,T,,M,0.01,N,0.01,K,A*21
$GNZDA,220402.000,28,06,2012,,*43
$GNGGA,220403.000,3900.0016,N,11613.9817,E,1,12,0.71,-9.2,M,-6.8,M,,*4B
$PAIRACC,3.61,8.22*47
$GNGLL,3900.0016,N,11613.9817,E,220403.000,A,A*4E
$GNGSA,A,3,29,21,03,27,,,,,,,,,1.23,0.71,1.01,1*09
$GNGSA,A,3,68,79,80,84,,,,,,,,,1.23,0.71,1.01,2*00
$GNGSA,A,3,,,,,,,,,,,,,1.23,0.71,1.01,3*05
$GNGSA,A,3,08,04,09,05,,,,,,,,,1.23,0.71,1.01,4*02
$GPGSV,2,1,07,29,21,188,40.0,21,84,353,40.1,15,48,051,,18,59,300,,1*68
$GPGSV,2,2,07,03,14,317,39.6,27,08,038,40.1,14,02,216,,1*5D
$GLGSV,2,1,05,68,15,104,39.9,79,65,086,39.8,80,09,026,39.8,86,07,336,,1*65
$GLGSV,2,2,05,84,06,237,39.8,1*5D
$GAGSV,1,1,00,7*73
$GBGSV,1,1,04,08,51,179,39.6,04,27,125,39.0,09,19,190,39.1,05,15,249,38.6,1*71
$GNRMC,220403.000,A,3900.0016,N,11613.9817,E,0.01,357.37,280612,,,A,V*08
$GNVTG,357.37,T,,M,0.01,N,0.02,K,A*25
$GNZDA,220403.000,28,06,2012,,*42
$GNGGA,220404.000,3900.0016,N,11613.9817,E,1,12,0.71,-9.2,M,-6.8,M,,*4C
$PAIRACC,3.57,7.72*48
$GNGLL,3900.0016,N,11613.9817,E,220404.000,A,A*49
$GNGSA,A,3,29,21,03,27,,,,,,,,,1.22,0.71,1.00,1*09
$GNGSA,A,3,68,79,80,84,,,,,,,,,1.22,0.71,1.00,2*00
$GNGSA,A,3,,,,,,,,,,,,,1.22,0.71,1.00,3*05
$GNGSA,A,3,08,04,09,05,,,,,,,,,1.22,0.71,1.00,4*02
$GPGSV,2,1,07,29,21,188,40.1,21,84,353,40.0,15,48,051,,18,59,300,,1*68
$GPGSV,2,2,07,03,14,317,40.1,27,08,038,40.1,14,02,216,,1*54
$GLGSV,2,1,05,68,15,104,39.9,79,65,086,40.3,80,09,026,40.1,86,07,336,,1*67
$GLGSV,2,2,05,84,06,237,39.7,1*52
$GAGSV,1,1,00,7*73
$GBGSV,1,1,04,08,51,179,39.5,04,27,125,38.9,09,19,190,39.3,05,15,249,39.1,1*7E
$GNRMC,220404.000,A,3900.0016,N,11613.9817,E,0.01,353.58,280612,,,A,V*02
$GNVTG,353.58,T,,M,0.01,N,0.01,K,A*2B
$GNZDA,220404.000,28,06,2012,,*45
$GNGGA,220405.000,3900.0016,N,11613.9817,E,1,12,0.71,-9.2,M,-6.8,M,,*4D
$PAIRACC,3.67,8.22*41
$GNGLL,3900.0016,N,11613.9817,E,220405.000,A,A*48
$GNGSA,A,3,29,21,03,27,,,,,,,,,1.23,0.71,1.01,1*09
$GNGSA,A,3,68,79,80,84,,,,,,,,,1.23,0.71,1.01,2*00
$GNGSA,A,3,,,,,,,,,,,,,1.23,0.71,1.01,3*05
$GNGSA,A,3,08,04,09,05,,,,,,,,,1.23,0.71,1.01,4*02
$GPGSV,2,1,07,29,21,188,39.6,21,84,353,39.7,15,48,051,,18,59,300,,1*68
$GPGSV,2,2,07,03,14,317,39.7,27,08,038,40.0,14,02,216,,1*5D
$GLGSV,2,1,05,68,15,104,40.1,79,65,086,39.8,80,09,026,40.2,86,07,336,,1*67
$GLGSV,2,2,05,84,06,237,40.0,1*5B
$GAGSV,1,1,00,7*73
$GBGSV,1,1,04,08,51,179,39.8,04,27,125,39.4,09,19,190,39.7,05,15,249,39.1,1*7B
$GNRMC,220405.000,A,3900.0016,N,11613.9817,E,0.01,359.74,280612,,,A,V*07
$GNVTG,359.74,T,,M,0.01,N,0.01,K,A*2F
$GNZDA,220405.000,28,06,2012,,*44
$GNGGA,220406.000,3900.0016,N,11613.9816,E,1,12,0.71,-9.1,M,-6.8,M,,*4C
$PAIRACC,3.57,7.74*4E
$GNGLL,3900.0016,N,11613.9816,E,220406.000,A,A*4A
$GNGSA,A,3,29,21,03,27,,,,,,,,,1.22,0.71,1.00,1*09
$GNGSA,A,3,68,79,80,84,,,,,,,,,1.22,0.71,1.00,2*00
$GNGSA,A,3,,,,,,,,,,,,,1.22,0.71,1.00,3*05
$GNGSA,A,3,08,04,09,05,,,,,,,,,1.22,0.71,1.00,4*02
$GPGSV,2,1,07,29,21,188,39.7,21,84,353,39.4,15,48,051,,18,59,300,,1*6A
$GPGSV,2,2,07,03,14,317,39.9,27,08,038,39.9,14,02,216,,1*54
$GLGSV,2,1,05,68,15,104,39.9,79,65,086,39.8,80,09,026,39.8,86,07,336,,1*65
$GLGSV,2,2,05,84,06,237,40.4,1*5F
$GAGSV,1,1,00,7*73
$GBGSV,1,1,04,08,51,179,39.4,04,27,125,38.9,09,19,190,40.1,05,15,249,38.8,1*7B
$GNRMC,220406.000,A,3900.0016,N,11613.9816,E,0.01,357.14,280612,,,A,V*0D
$GNVTG,357.14,T,,M,0.01,N,0.01,K,A*27
$GNZDA,220406.000,28,06,2012,,*47
$GNGGA,220407.000,3900.0016,N,11613.9816,E,1,12,0.71,-9.2,M,-6.8,M,,*4E
$PAIRACC,3.62,8.22*44
$GNGLL,3900.0016,N,11613.9816,E,220407.000,A,A*4B
$GNGSA,A,3,29,21,03,27,,,,,,,,,1.23,0.71,1.01,1*09
$GNGSA,A,3,68,79,80,84,,,,,,,,,1.23,0.71,1.01,2*00
$GNGSA,A,3,,,,,,,,,,,,,1.23,0.71,1.01,3*05
$GNGSA,A,3,08,04,09,05,,,,,,,,,1.23,0.71,1.01,4*02
$GPGSV,2,1,07,29,21,188,40.0,21,84,353,40.0,15,48,051,,18,59,300,,1*69
$GPGSV,2,2,07,03,14,317,40.0,27,08,038,39.7,14,02,216,,1*5D
$GLGSV,2,1,05,68,15,104,39.2,79,65,086,40.1,80,09,026,39.8,86,07,336,,1*69
$GLGSV,2,2,05,84,06,237,40.1,1*5A
$GAGSV,1,1,00,7*73
$GBGSV,2,1,05,08,51,179,39.8,06,43,174,,04,27,125,39.0,09,19,190,40.0,1*6C
$GBGSV,2,2,05,05,15,249,38.9,1*51
$GNRMC,220407.000,A,3900.0016,N,11613.9816,E,0.01,354.58,280612,,,A,V*07
$GNVTG,354.58,T,,M,0.01,N,0.01,K,A*2C
$GNZDA,220407.000,28,06,2012,,*46
$GNGGA,220408.000,3900.0016,N,11613.9816,E,1,12,0.71,-9.1,M,-6.8,M,,*42
$PAIRACC,3.57,7.73*49
$GNGLL,3900.0016,N,11613.9816,E,220408.000,A,A*44
$GNGSA,A,3,29,21,03,27,,,,,,,,,1.22,0.71,1.00,1*09
$GNGSA,A,3,68,79,80,84,,,,,,,,,1.22,0.71,1.00,2*00
$GNGSA,A,3,,,,,,,,,,,,,1.22,0.71,1.00,3*05
$GNGSA,A,3,08,04,09,05,,,,,,,,,1.22,0.71,1.00,4*02
$GPGSV,2,1,07,29,21,188,39.8,21,84,353,39.8,15,48,051,,18,59,300,,1*69
$GPGSV,2,2,07,03,14,317,39.8,27,08,038,40.2,14,02,216,,1*50
$GLGSV,2,1,05,68,15,104,39.8,79,65,086,39.9,80,09,026,39.9,86,07,336,,1*64
$GLGSV,2,2,05,84,06,237,39.6,1*53
$GAGSV,1,1,00,7*73
$GBGSV,2,1,05,08,51,179,39.4,06,43,174,,04,27,125,39.2,09,19,190,39.6,1*6A
$GBGSV,2,2,05,05,15,249,39.5,1*5C
$GNRMC,220408.000,A,3900.0016,N,11613.9816,E,0.01,352.41,280612,,,A,V*06
$GNVTG,352.41,T,,M,0.01,N,0.01,K,A*22
$GNZDA,220408.000,28,06,2012,,*49
$GNGGA,220409.000,3900.0016,N,11613.9816,E,1,12,0.71,-9.1,M,-6.8,M,,*43
$PAIRACC,3.62,8.21*47
$GNGLL,3900.0016,N,11613.9816,E,220409.000,A,A*45
$GNGSA,A,3,29,21,03,27,,,,,,,,,1.22,0.71,1.00,1*09
$GNGSA,A,3,79,68,80,84,,,,,,,,,1.22,0.71,1.00,2*00
$GNGSA,A,3,,,,,,,,,,,,,1.22,0.71,1.00,3*05
$GNGSA,A,3,08,04,09,05,,,,,,,,,1.22,0.71,1.00,4*02
$GPGSV,2,1,07,29,21,188,39.7,15,48,051,,21,84,353,39.9,18,59,300,,1*67
$GPGSV,2,2,07,03,14,317,39.7,27,08,038,40.2,14,03,216,,1*5E
$GLGSV,2,1,07,78,21,031,,79,65,086,40.3,70,36,322,,68,15,104,40.0,1*7C
$GLGSV,2,2,07,80,09,026,40.2,86,07,336,,84,06,237,39.9,1*4C
$GAGSV,1,1,00,7*73
$GBGSV,2,1,05,08,51,179,39.2,06,43,174,,04,27,125,38.6,09,19,190,40.0,1*61
$GBGSV,2,2,05,05,15,249,39.2,1*5B
$GNRMC,220409.000,A,3900.0016,N,11613.9816,E,0.01,349.77,280612,,,A,V*08
$GNVTG,349.77,T,,M,0.01,N,0.01,K,A*2D
$GNZDA,220409.000,28,06,2012,,*48
$GNGGA,220410.000,3900.0016,N,11613.9816,E,1,12,0.71,-9.1,M,-6.8,M,,*4B
$PAIRACC,3.54,7.69*41
$GNGLL,3900.0016,N,11613.9816,E,220410.000,A,A*4D
$GNGSA,A,3,29,21,03,27,,,,,,,,,1.22,0.71,1.00,1*09
$GNGSA,A,3,68,79,80,84,,,,,,,,,1.22,0.71,1.00,2*00
$GNGSA,A,3,,,,,,,,,,,,,1.22,0.71,1.00,3*05
$GNGSA,A,3,08,04,09,05,,,,,,,,,1.22,0.71,1.00,4*02
$GPGSV,2,1,07,29,21,188,40.3,15,47,051,,21,84,353,40.0,18,59,300,,1*65
$GPGSV,2,2,07,03,14,317,39.7,27,08,038,39.6,14,03,216,,1*54
$GLGSV,2,1,06,68,15,104,40.1,79,65,086,39.9,85,17,286,,80,09,026,40.2,1*6D
$GLGSV,2,2,06,86,07,336,,84,06,237,40.4,1*63
$GAGSV,1,1,00,7*73
$GBGSV,2,1,06,08,51,179,39.7,06,43,174,,04,27,125,39.0,09,19,190,39.7,1*69
$GBGSV,2,2,06,05,15,249,39.0,10,09,213,,1*62
$GNRMC,220410.000,A,3900.0016,N,11613.9816,E,0.01,346.19,280612,,,A,V*07
$GNVTG,346.19,T,,M,0.01,N,0.01,K,A*2A
$GNZDA,220410.000,28,06,2012,,*40
$GNGGA,220411.000,3900.0016,N,11613.9816,E,1,12,0.71,-9.1,M,-6.8,M,,*4A
$PAIRACC,3.56,7.74*4F
$GNGLL,3900.0016,N,11613.9816,E,220411.000,A,A*4C
$GNGSA,A,3,29,21,03,27,,,,,,,,,1.22,0.71,1.00,1*09
$GNGSA,A,3,68,79,80,84,,,,,,,,,1.22,0.71,1.00,2*00
$GNGSA,A,3,,,,,,,,,,,,,1.22,0.71,1.00,3*05
$GNGSA,A,3,08,04,09,05,,,,,,,,,1.22,0.71,1.00,4*02
$GPGSV,2,1,07,29,21,188,40.4,21,84,353,40.1,15,47,051,,18,59,300,,1*63
$GPGSV,2,2,07,03,14,317,39.7,27,08,038,39.8,14,03,216,,1*5A
$GLGSV,2,1,05,68,15,104,39.9,79,65,086,39.8,80,09,026,40.1,86,07,336,,1*62
$GLGSV,2,2,05,84,06,237,39.8,1*5D
$GAGSV,1,1,00,7*73
$GBGSV,2,1,05,08,51,179,39.7,06,43,174,,04,27,125,39.2,09,19,190,39.8,1*67
$GBGSV,2,2,05,05,15,249,39.4,1*5D
$GNRMC,220411.000,A,3900.0016,N,11613.9816,E,0.01,343.84,280612,,,A,V*07
$GNVTG,343.84,T,,M,0.01,N,0.01,K,A*2B
$GNZDA,220411.000,28,06,2012,,*41
$GNGGA,220412.000,3900.0016,N,11613.9816,E,1,12,0.71,-9.1,M,-6.8,M,,*49
$PAIRACC,3.55,7.73*4B
$GNGLL,3900.0016,N,11613.9816,E,220412.000,A,A*4F
$GNGSA,A,3,29,21,03,27,,,,,,,,,1.22,0.71,1.00,1*09
$GNGSA,A,3,68,79,80,84,,,,,,,,,1.22,0.71,1.00,2*00
$GNGSA,A,3,,,,,,,,,,,,,1.22,0.71,1.00,3*05
$GNGSA,A,3,08,04,09,05,,,,,,,,,1.22,0.71,1.00,4*02
$GPGSV,2,1,07,29,21,188,40.1,21,84,353,39.8,15,47,051,,18,59,300,,1*61
$GPGSV,2,2,07,03,14,317,39.7,27,08,038,40.1,14,03,216,,1*5D
$GLGSV,2,1,05,68,15,104,39.9,79,65,086,40.3,80,09,026,40.3,86,07,336,,1*65
$GLGSV,2,2,05,84,06,237,39.8,1*5D
$GAGSV,1,1,00,7*73
$GBGSV,2,1,05,08,51,179,39.2,06,43,174,,04,27,125,38.9,09,19,190,39.9,1*69
$GBGSV,2,2,05,05,15,249,38.7,1*5F
$GNRMC,220412.000,A,3900.0016,N,11613.9816,E,0.01,346.19,280612,,,A,V*05
$GNVTG,346.19,T,,M,0.01,N,0.01,K,A*2A
$GNZDA,220412.000,28,06,2012,,*42
$GNGGA,220413.000,3900.0016,N,11613.9816,E,1,12,0.71,-9.1,M,-6.8,M,,*48
$PAIRACC,3.62,8.19*4C
$GNGLL,3900.0016,N,11613.9816,E,220413.000,A,A*4E
$GNGSA,A,3,29,21,03,27,,,,,,,,,1.22,0.71,1.00,1*09
$GNGSA,A,3,68,79,80,84,,,,,,,,,1.22,0.71,1.00,2*00
$GNGSA,A,3,,,,,,,,,,,,,1.22,0.71,1.00,3*05
$GNGSA,A,3,08,04,09,05,,,,,,,,,1.22,0.71,1.00,4*02
$GPGSV,2,1,07,29,21,188,39.8,21,84,353,39.7,15,47,051,,18,59,300,,1*69
$GPGSV,2,2,07,03,14,317,39.9,27,08,038,40.1,14,03,216,,1*53
$GLGSV,2,1,05,68,15,104,39.4,79,65,086,39.5,80,09,026,39.9,86,07,336,,1*64
$GLGSV,2,2,05,84,06,237,39.4,1*51
$GAGSV,1,1,00,7*73
$GBGSV,2,1,05,08,51,179,39.3,06,43,174,,04,27,125,38.9,09,19,190,39.8,1*69
$GBGSV,2,2,05,05,15,249,38.8,1*50
$GNRMC,220413.000,A,3900.0016,N,11613.9816,E,0.01,353.34,280612,,,A,V*0F
$GNVTG,353.34,T,,M,0.01,N,0.01,K,A*21
$GNZDA,220413.000,28,06,2012,,*43
$GNGGA,220414.000,3900.0016,N,11613.9816,E,1,12,0.71,-9.1,M,-6.8,M,,*4F
$PAIRACC,3.55,7.73*4B
$GNGLL,3900.0016,N,11613.9816,E,220414.000,A,A*49
$GNGSA,A,3,21,29,03,27,,,,,,,,,1.22,0.71,1.00,1*09
$GNGSA,A,3,79,68,80,84,,,,,,,,,1.22,0.71,1.00,2*00
$GNGSA,A,3,,,,,,,,,,,,,1.22,0.71,1.00,3*05
$GNGSA,A,3,08,04,09,05,,,,,,,,,1.22,0.71,1.00,4*02
$GPGSV,2,1,07,21,84,353,40.3,15,47,051,,29,21,188,40.0,18,59,300,,1*65
$GPGSV,2,2,07,03,14,317,39.8,27,08,038,40.1,14,03,216,,1*52
$GLGSV,2,1,06,86,07,336,,79,65,086,40.2,68,15,104,40.2,80,09,026,40.0,1*61
$GLGSV,2,2,06,84,06,237,39.6,65,03,304,,1*67
$GAGSV,1,1,00,7*73
$GBGSV,2,1,07,02,30,229,,03,44,191,,01,38,147,,08,51,179,39.3,1*6C
$GBGSV,2,2,07,04,27,125,39.3,09,19,190,39.9,05,15,249,39.3,1*5C
$GNRMC,220414.000,A,3900.0016,N,11613.9816,E,0.01,358.76,280612,,,A,V*05
$GNVTG,358.76,T,,M,0.01,N,0.01,K,A*2C
$GNZDA,220414.000,28,06,2012,,*44
$GNGGA,220415.000,3900.0016,N,11613.9815,E,1,12,0.71,-9.1,M,-6.8,M,,*4D
$PAIRACC,3.56,7.75*4E
$GNGLL,3900.0016,N,11613.9815,E,220415.000,A,A*4B
$GNGSA,A,3,29,21,03,27,,,,,,,,,1.22,0.71,1.00,1*09
$GNGSA,A,3,80,79,68,84,,,,,,,,,1.22,0.71,1.00,2*00
$GNGSA,A,3,,,,,,,,,,,,,1.22,0.71,1.00,3*05
$GNGSA,A,3,08,04,09,05,,,,,,,,,1.22,0.71,1.00,4*02
$GPGSV,2,1,07,29,21,188,39.8,15,47,051,,21,84,353,39.8,18,59,300,,1*66
$GPGSV,2,2,07,03,14,317,39.7,27,08,038,40.1,14,03,216,,1*5D
$GLGSV,2,1,05,80,09,026,39.9,79,65,086,39.9,68,15,104,39.7,86,07,336,,1*6B
$GLGSV,2,2,05,84,06,237,39.7,1*52
$GAGSV,1,1,00,7*73
$GBGSV,2,1,06,08,51,179,39.4,03,44,191,,02,30,229,,04,27,125,38.6,1*76
$GBGSV,2,2,06,09,19,190,39.4,05,15,249,38.9,1*7B
$GNRMC,220415.000,A,3900.0016,N,11613.9815,E,0.01,359.67,280612,,,A,V*06
$GNVTG,359.67,T,,M,0.01,N,0.01,K,A*2D
$GNZDA,220415.000,28,06,2012,,*45
$GNGGA,220416.000,3900.0016,N,11613.9815,E,1,12,0.71,-9.1,M,-6.8,M,,*4E
$PAIRACC,3.59,7.76*42
$GNGLL,3900.0016,N,11613.9815,E,220416.000,A,A*48
$GNGSA,A,3,29,21,03,27,,,,,,,,,1.22,0.71,1.00,1*09
$GNGSA,A,3,68,79,80,84,,,,,,,,,1.22,0.71,1.00,2*00
$GNGSA,A,3,,,,,,,,,,,,,1.22,0.71,1.00,3*05
$GNGSA,A,3,08,04,09,05,,,,,,,,,1.22,0.71,1.00,4*02
$GPGSV,2,1,07,29,21,188,40.1,21,85,001,39.7,15,47,051,,18,59,300,,1*6B
$GPGSV,2,2,07,03,14,317,39.9,27,08,038,40.1,14,03,216,,1*53
$GLGSV,2,1,05,68,15,104,39.2,79,65,086,39.8,80,09,026,40.5,86,07,336,,1*6D
$GLGSV,2,2,05,84,06,237,39.8,1*5D
$GAGSV,1,1,00,7*73
$GBGSV,1,1,04,08,51,179,39.8,04,27,125,38.7,09,19,190,39.1,05,15,249,38.8,1*77
$GNRMC,220416.000,A,3900.0016,N,11613.9815,E,0.01,356.71,280612,,,A,V*0D
$GNVTG,356.71,T,,M,0.01,N,0.01,K,A*25
$GNZDA,220416.000,28,06,2012,,*46
$GNGGA,220417.000,3900.0016,N,11613.9815,E,1,12,0.71,-9.1,M,-6.8,M,,*4F
$PAIRACC,3.56,7.74*4F
$GNGLL,3900.0016,N,11613.9815,E,220417.000,A,A*49
$GNGSA,A,3,29,21,03,27,,,,,,,,,1.22,0.71,1.00,1*09
$GNGSA,A,3,68,79,80,84,,,,,,,,,1.22,0.71,1.00,2*00
$GNGSA,A,3,,,,,,,,,,,,,1.22,0.71,1.00,3*05
$GNGSA,A,3,08,04,09,05,,,,,,,,,1.22,0.71,1.00,4*02
$GPGSV,2,1,07,29,21,188,40.3,21,85,001,39.6,15,47,051,,18,59,300,,1*68
$GPGSV,2,2,07,03,14,317,39.9,27,08,038,40.0,14,03,216,,1*52
$GLGSV,2,1,05,68,15,104,39.7,79,65,086,39.9,80,09,026,39.9,86,07,336,,1*6B
$GLGSV,2,2,05,84,06,237,39.4,1*51
$GAGSV,1,1,00,7*73
$GBGSV,1,1,04,08,51,179,39.5,04,27,125,39.2,09,19,190,39.3,05,15,249,39.3,1*76
$GNRMC,220417.000,A,3900.0016,N,11613.9815,E,0.01,1.15,280612,,,A,V*0F
$GNVTG,1.15,T,,M,0.01,N,0.01,K,A*26
$GNZDA,220417.000,28,06,2012,,*47
$GNGGA,220418.000,3900.0016,N,11613.9815,E,1,12,0.71,-9.1,M,-6.8,M,,*40
$PAIRACC,3.63,8.18*4C
$GNGLL,3900.0016,N,11613.9815,E,220418.000,A,A*46
$GNGSA,A,3,29,21,03,27,,,,,,,,,1.22,0.71,1.00,1*09
$GNGSA,A,3,68,79,80,84,,,,,,,,,1.22,0.71,1.00,2*00
$GNGSA,A,3,,,,,,,,,,,,,1.22,0.71,1.00,3*05
$GNGSA,A,3,08,04,09,05,,,,,,,,,1.22,0.71,1.00,4*02
$GPGSV,2,1,07,29,21,188,39.9,21,85,001,39.8,15,47,051,,18,59,300,,1*62
$GPGSV,2,2,07,03,14,317,40.0,27,08,038,40.0,14,03,216,,1*55
$GLGSV,2,1,05,68,15,104,39.9,79,65,086,40.1,80,09,026,40.1,86,07,336,,1*65
$GLGSV,2,2,05,84,06,237,40.3,1*58
$GAGSV,1,1,00,7*73
$GBGSV,1,1,04,08,51,179,39.4,04,27,125,38.7,09,19,190,39.6,05,15,249,38.9,1*7D
$GNRMC,220418.000,A,3900.0016,N,11613.9815,E,0.01,359.07,280612,,,A,V*0D
$GNVTG,359.07,T,,M,0.01,N,0.01,K,A*2B
$GNZDA,220418.000,28,06,2012,,*48
$GNGGA,220419.000,3900.0016,N,11613.9815,E,1,12,0.71,-9.1,M,-6.8,M,,*41
$PAIRACC,3.57,7.76*4C
$GNGLL,3900.0016,N,11613.9815,E,220419.000,A,A*47
$GNGSA,A,3,29,21,03,27,,,,,,,,,1.22,0.71,1.00,1*09
$GNGSA,A,3,68,79,80,84,,,,,,,,,1.22,0.71,1.00,2*00
$GNGSA,A,3,,,,,,,,,,,,,1.22,0.71,1.00,3*05
$GNGSA,A,3,08,04,09,05,,,,,,,,,1.22,0.71,1.00,4*02
$GPGSV,2,1,07,29,21,188,39.8,21,85,001,40.1,15,47,051,,18,59,300,,1*64
$GPGSV,2,2,07,03,14,317,39.5,27,08,038,40.2,14,03,216,,1*5C
$GLGSV,2,1,05,68,15,104,39.5,79,65,086,39.8,80,09,026,40.2,86,07,336,,1*6D
$GLGSV,2,2,05,84,06,237,39.8,1*5D
$GAGSV,1,1,00,7*73
$GBGSV,1,1,04,08,51,179,39.1,04,27,125,38.9,09,19,190,39.3,05,15,249,39.0,1*7B
$GNRMC,220419.000,A,3900.0016,N,11613.9815,E,0.01,17.00,280612,,,A,V*32
$GNVTG,17.00,T,,M,0.01,N,0.01,K,A*15
$GNZDA,220419.000,28,06,2012,,*49
$GNGGA,220420.000,3900.0016,N,11613.9815,E,1,12,0.71,-9.1,M,-6.8,M,,*4B
$PAIRACC,3.69,8.21*4C
$GNGLL,3900.0016,N,11613.9815,E,220420.000,A,A*4D
$GNGSA,A,3,29,21,03,27,,,,,,,,,1.22,0.71,1.00,1*09
$GNGSA,A,3,68,79,80,84,,,,,,,,,1.22,0.71,1.00,2*00
$GNGSA,A,3,,,,,,,,,,,,,1.22,0.71,1.00,3*05
$GNGSA,A,3,08,04,09,05,,,,,,,,,1.22,0.71,1.00,4*02
$GPGSV,2,1,07,29,21,188,39.9,21,85,001,40.1,15,47,051,,18,59,300,,1*65
$GPGSV,2,2,07,03,14,317,39.9,27,08,038,40.1,14,03,216,,1*53
$GLGSV,2,1,05,68,15,104,40.0,79,65,086,39.8,80,09,026,40.2,86,07,336,,1*66
$GLGSV,2,2,05,84,06,237,40.0,1*5B
$GAGSV,1,1,00,7*73
$GBGSV,1,1,04,08,51,179,39.0,04,27,125,39.3,09,19,190,39.8,05,15,249,39.4,1*7E
$GNRMC,220420.000,A,3900.0016,N,11613.9815,E,0.01,7.49,280612,,,A,V*04
$GNVTG,7.49,T,,M,0.01,N,0.01,K,A*29
$GNZDA,220420.000,28,06,2012,,*43
$GNGGA,220421.000,3900.0016,N,11613.9815,E,1,12,0.71,-9.1,M,-6.8,M,,*4A
$PAIRACC,3.57,7.76*4C
$GNGLL,3900.0016,N,11613.9815,E,220421.000,A,A*4C
$GNGSA,A,3,29,21,03,27,,,,,,,,,1.22,0.71,1.00,1*09
$GNGSA,A,3,68,79,80,84,,,,,,,,,1.22,0.71,1.00,2*00
$GNGSA,A,3,,,,,,,,,,,,,1.22,0.71,1.00,3*05
$GNGSA,A,3,08,04,09,05,,,,,,,,,1.22,0.71,1.00,4*02
$GPGSV,2,1,07,29,21,188,40.0,21,85,001,39.5,15,47,051,,18,59,300,,1*68
$GPGSV,2,2,07,03,14,317,39.7,27,08,038,39.7,14,03,216,,1*55
$GLGSV,2,1,05,68,15,104,39.6,79,65,086,39.9,80,09,026,39.8,86,07,336,,1*6B
$GLGSV,2,2,05,84,06,237,40.0,1*5B
$GAGSV,1,1,00,7*73
$GBGSV,1,1,04,08,51,179,39.2,04,27,125,39.0,09,19,190,39.6,05,15,249,38.7,1*73
$GNRMC,220421.000,A,3900.0016,N,11613.9815,E,0.01,16.35,280612,,,A,V*3E
$GNVTG,16.35,T,,M,0.01,N,0.01,K,A*12
$GNZDA,220421.000,28,06,2012,,*42
$GNGGA,220422.000,3900.0016,N,11613.9815,E,1,12,0.71,-9.1,M,-6.8,M,,*49
$PAIRACC,3.69,8.22*4F
$GNGLL,3900.0016,N,11613.9815,E,220422.000,A,A*4F
$GNGSA,A,3,29,21,03,27,,,,,,,,,1.22,0.71,1.00,1*09
$GNGSA,A,3,68,79,80,84,,,,,,,,,1.22,0.71,1.00,2*00
$GNGSA,A,3,,,,,,,,,,,,,1.22,0.71,1.00,3*05
$GNGSA,A,3,08,04,09,05,,,,,,,,,1.22,0.71,1.00,4*02
$GPGSV,2,1,07,29,21,188,39.7,21,85,001,40.0,15,47,051,,18,59,300,,1*6A
$GPGSV,2,2,07,03,14,317,39.8,27,08,037,40.3,14,03,216,,1*5F
$GLGSV,2,1,05,68,15,104,39.6,79,65,086,40.1,80,09,026,40.1,86,07,336,,1*6A
$GLGSV,2,2,05,84,06,237,39.8,1*5D
$GAGSV,1,1,00,7*73
$GBGSV,1,1,04,08,51,179,39.6,04,27,125,38.7,09,19,190,39.9,05,15,249,38.9,1*70
$GNRMC,220422.000,A,3900.0016,N,11613.9815,E,0.01,352.69,280612,,,A,V*07
$GNVTG,352.69,T,,M,0.01,N,0.01,K,A*28
$GNZDA,220422.000,28,06,2012,,*41
$GNGGA,220423.000,3900.0015,N,11613.9815,E,1,12,0.71,-9.1,M,-6.8,M,,*4B
$PAIRACC,3.58,7.77*42
$GNGLL,3900.0015,N,11613.9815,E,220423.000,A,A*4D
$GNGSA,A,3,21,29,03,27,,,,,,,,,1.22,0.71,1.00,1*09
$GNGSA,A,3,68,79,80,84,,,,,,,,,1.22,0.71,1.00,2*00
$GNGSA,A,3,,,,,,,,,,,,,1.22,0.71,1.00,3*05
$GNGSA,A,3,08,04,09,05,,,,,,,,,1.22,0.71,1.00,4*02
$GPGSV,2,1,06,18,59,300,,21,85,001,40.4,15,47,051,,29,21,188,40.0,1*66
$GPGSV,2,2,06,03,14,317,40.0,27,08,037,39.8,1*6E
$GLGSV,2,1,05,68,15,104,39.8,79,65,086,40.3,80,09,026,40.1,86,07,336,,1*66
$GLGSV,2,2,05,84,06,237,39.5,1*50
$GAGSV,1,1,00,7*73
$GBGSV,1,1,04,08,51,179,39.4,04,27,125,39.1,09,19,190,39.4,05,15,249,39.3,1*73
$GNRMC,220423.000,A,3900.0015,N,11613.9815,E,0.01,356.08,280612,,,A,V*06
$GNVTG,356.08,T,,M,0.01,N,0.01,K,A*2B
$GNZDA,220423.000,28,06,2012,,*40
$GNGGA,220424.000,3900.0015,N,11613.9815,E,1,12,0.71,-9.1,M,-6.8,M,,*4C
$PAIRACC,3.69,8.22*4F
$GNGLL,3900.0015,N,11613.9815,E,220424.000,A,A*4A
$GNGSA,A,3,29,21,03,27,,,,,,,,,1.22,0.71,1.00,1*09
$GNGSA,A,3,68,79,80,84,,,,,,,,,1.22,0.71,1.00,2*00
$GNGSA,A,3,,,,,,,,,,,,,1.22,0.71,1.00,3*05
$GNGSA,A,3,08,04,09,05,,,,,,,,,1.22,0.71,1.00,4*02
$GPGSV,2,1,07,29,19,187,39.8,21,85,001,40.1,15,47,051,,18,59,300,,1*60
$GPGSV,2,2,07,03,14,317,39.7,27,08,037,40.2,14,03,216,,1*51
$GLGSV,2,1,05,68,15,104,40.0,79,65,086,40.0,80,09,026,39.9,86,07,336,,1*65
$GLGSV,2,2,05,84,06,237,39.6,1*53
$GAGSV,1,1,00,7*73
$GBGSV,1,1,04,08,51,179,39.3,04,27,125,38.7,09,19,190,39.6,05,15,249,38.6,1*75
$GNRMC,220424.000,A,3900.0015,N,11613.9815,E,0.01,354.69,280612,,,A,V*04
$GNVTG,354.69,T,,M,0.01,N,0.01,K,A*2E
$GNZDA,220424.000,28,06,2012,,*47
$GNGGA,220425.000,3900.0015,N,11613.9815,E,1,12,0.71,-9.1,M,-6.8,M,,*4D
$PAIRACC,3.58,7.78*4D
$GNGLL,3900.0015,N,11613.9815,E,220425.000,A,A*4B
$GNGSA,A,3,29,21,03,27,,,,,,,,,1.22,0.71,1.00,1*09
$GNGSA,A,3,68,79,80,84,,,,,,,,,1.22,0.71,1.00,2*00
$GNGSA,A,3,,,,,,,,,,,,,1.22,0.71,1.00,3*05
$GNGSA,A,3,08,04,09,05,,,,,,,,,1.22,0.71,1.00,4*02
$GPGSV,2,1,07,29,19,187,39.8,21,85,001,40.0,15,47,051,,18,59,300,,1*61
$GPGSV,2,2,07,03,14,317,39.6,27,08,037,39.9,14,03,216,,1*55
$GLGSV,2,1,05,68,15,104,39.8,79,65,086,40.0,80,09,026,40.0,86,07,336,,1*64
$GLGSV,2,2,05,84,06,237,39.7,1*52
$GAGSV,1,1,00,7*73
$GBGSV,1,1,04,08,51,179,39.5,04,27,125,38.9,09,19,190,39.7,05,15,249,38.9,1*73
$GNRMC,220425.000,A,3900.0015,N,11613.9815,E,0.01,353.20,280612,,,A,V*0F
$GNVTG,353.20,T,,M,0.01,N,0.01,K,A*24
$GNZDA,220425.000,28,06,2012,,*46
$GNGGA,220426.000,3900.0015,N,11613.9815,E,1,12,0.71,-9.1,M,-6.8,M,,*4E
$PAIRACC,3.55,7.73*4B
$GNGLL,3900.0015,N,11613.9815,E,220426.000,A,A*48
$GNGSA,A,3,29,21,03,27,,,,,,,,,1.22,0.71,1.00,1*09
$GNGSA,A,3,68,79,80,84,,,,,,,,,1.22,0.71,1.00,2*00
$GNGSA,A,3,,,,,,,,,,,,,1.22,0.71,1.00,3*05
$GNGSA,A,3,08,04,09,05,,,,,,,,,1.22,0.71,1.00,4*02
$GPGSV,2,1,07,29,19,187,39.6,21,85,001,39.9,15,47,051,,18,59,300,,1*68
$GPGSV,2,2,07,03,14,317,39.6,27,08,037,40.0,14,03,216,,1*52
$GLGSV,2,1,05,68,15,104,40.1,79,65,086,39.8,80,09,026,40.2,86,07,336,,1*67
$GLGSV,2,2,05,84,06,237,39.8,1*5D
$GAGSV,1,1,00,7*73
$GBGSV,1,1,04,08,51,179,39.4,04,27,125,39.3,09,19,190,39.2,05,15,249,39.4,1*70
$GNRMC,220426.000,A,3900.0015,N,11613.9815,E,0.01,7.80,280612,,,A,V*04
$GNVTG,7.80,T,,M,0.01,N,0.01,K,A*2C
$GNZDA,220426.000,28,06,2012,,*45
$GNGGA,220427.000,3900.0015,N,11613.9815,E,1,12,0.71,-9.1,M,-6.8,M,,*4F
$PAIRACC,3.64,8.17*44
$GNGLL,3900.0015,N,11613.9815,E,220427.000,A,A*49
$GNGSA,A,3,29,21,03,27,,,,,,,,,1.22,0.71,1.00,1*09
$GNGSA,A,3,68,79,80,84,,,,,,,,,1.22,0.71,1.00,2*00
$GNGSA,A,3,,,,,,,,,,,,,1.22,0.71,1.00,3*05
$GNGSA,A,3,08,04,09,05,,,,,,,,,1.22,0.71,1.00,4*02
$GPGSV,2,1,07,29,19,187,39.7,21,85,001,39.6,15,47,051,,18,59,300,,1*66
$GPGSV,2,2,07,03,14,317,39.7,27,08,037,40.3,14,03,216,,1*50
$GLGSV,2,1,05,68,15,104,39.8,79,65,086,39.8,80,09,026,40.0,86,07,336,,1*62
$GLGSV,2,2,05,84,06,237,39.9,1*5C
$GAGSV,1,1,00,7*73
$GBGSV,1,1,04,08,51,179,40.0,04,27,125,38.5,09,19,190,39.5,05,15,249,39.0,1*7E
$GNRMC,220427.000,A,3900.0015,N,11613.9815,E,0.01,0.81,280612,,,A,V*03
$GNVTG,0.81,T,,M,0.01,N,0.01,K,A*2A
$GNZDA,220427.000,28,06,2012,,*44
$GNGGA,220428.000,3900.0015,N,11613.9815,E,1,12,0.71,-9.1,M,-6.8,M,,*40
$PAIRACC,3.55,7.73*4B
$GNGLL,3900.0015,N,11613.9815,E,220428.000,A,A*46
$GNGSA,A,3,29,21,03,27,,,,,,,,,1.22,0.71,1.00,1*09
$GNGSA,A,3,68,79,80,84,,,,,,,,,1.22,0.71,1.00,2*00
$GNGSA,A,3,,,,,,,,,,,,,1.22,0.71,1.00,3*05
$GNGSA,A,3,08,04,09,05,,,,,,,,,1.22,0.71,1.00,4*02
$GPGSV,2,1,07,29,19,187,40.0,21,85,001,39.8,15,47,051,,18,59,300,,1*61
$GPGSV,2,2,07,03,14,317,39.7,27,08,037,40.0,14,03,216,,1*53
$GLGSV,2,1,05,68,15,104,39.9,79,65,086,40.0,80,09,026,40.3,86,07,336,,1*66
$GLGSV,2,2,05,84,06,237,39.7,1*52
$GAGSV,1,1,00,7*73
$GBGSV,1,1,04,08,51,179,39.5,04,27,125,38.7,09,19,190,39.4,05,15,249,39.2,1*74
$GNRMC,220428.000,A,3900.0015,N,11613.9815,E,0.01,358.45,280612,,,A,V*0A
$GNVTG,358.45,T,,M,0.01,N,0.01,K,A*2C
$GNZDA,220428.000,28,06,2012,,*4B
$GNGGA,220429.000,3900.0015,N,11613.9815,E,1,12,0.71,-9.1,M,-6.8,M,,*41
$PAIRACC,3.72,8.27*40
$GNGLL,3900.0015,N,11613.9815,E,220429.000,A,A*47
$GNGSA,A,3,29,21,03,27,,,,,,,,,1.22,0.71,1.00,1*09
$GNGSA,A,3,68,79,80,84,,,,,,,,,1.22,0.71,1.00,2*00
$GNGSA,A,3,,,,,,,,,,,,,1.22,0.71,1.00,3*05
$GNGSA,A,3,08,04,09,05,,,,,,,,,1.22,0.71,1.00,4*02
$GPGSV,2,1,07,29,19,187,40.0,21,85,001,39.9,15,47,051,,18,59,300,,1*60
$GPGSV,2,2,07,03,14,317,39.4,27,08,037,39.9,14,03,216,,1*57
$GLGSV,2,1,05,68,15,104,39.8,79,65,086,40.0,80,09,026,40.7,86,07,336,,1*63
$GLGSV,2,2,05,84,06,237,39.9,1*5C
$GAGSV,1,1,00,7*73
$GBGSV,1,1,04,08,51,179,39.2,04,27,125,39.3,09,19,190,39.6,05,15,249,39.2,1*74
$GNRMC,220429.000,A,3900.0015,N,11613.9815,E,0.01,353.79,280612,,,A,V*0F
$GNVTG,353.79,T,,M,0.01,N,0.01,K,A*28
$GNZDA,220429.000,28,06,2012,,*4A
$GNGGA,220430.000,3900.0015,N,11613.9815,E,1,12,0.71,-9.1,M,-6.8,M,,*49
$PAIRACC,3.55,7.75*4D
$GNGLL,3900.0015,N,11613.9815,E,220430.000,A,A*4F
$GNGSA,A,3,29,21,03,27,,,,,,,,,1.22,0.71,1.00,1*09
$GNGSA,A,3,68,79,80,84,,,,,,,,,1.22,0.71,1.00,2*00
$GNGSA,A,3,,,,,,,,,,,,,1.22,0.71,1.00,3*05
$GNGSA,A,3,08,04,09,05,,,,,,,,,1.22,0.71,1.00,4*02
$GPGSV,2,1,07,29,19,187,39.7,21,85,001,39.8,15,47,051,,18,59,300,,1*68
$GPGSV,2,2,07,03,14,317,39.7,27,08,037,40.2,14,03,216,,1*51
$GLGSV,2,1,05,68,15,104,40.0,79,65,086,40.4,80,09,026,40.6,86,07,336,,1*60
$GLGSV,2,2,05,84,06,237,40.0,1*5B
$GAGSV,1,1,00,7*73
$GBGSV,1,1,04,08,51,179,39.0,04,27,125,38.8,09,19,190,39.5,05,15,249,38.8,1*74
$GNRMC,220430.000,A,3900.0015,N,11613.9815,E,0.01,354.27,280612,,,A,V*0B
$GNVTG,354.27,T,,M,0.01,N,0.01,K,A*24
$GNZDA,220430.000,28,06,2012,,*42
$GNGGA,220431.000,3900.0015,N,11613.9815,E,1,12,0.71,-9.1,M,-6.8,M,,*48
$PAIRACC,3.72,8.21*46
$GNGLL,3900.0015,N,11613.9815,E,220431.000,A,A*4E
$GNGSA,A,3,29,21,03,27,,,,,,,,,1.22,0.71,1.00,1*09
$GNGSA,A,3,68,79,80,84,,,,,,,,,1.22,0.71,1.00,2*00
$GNGSA,A,3,,,,,,,,,,,,,1.22,0.71,1.00,3*05
$GNGSA,A,3,08,04,09,05,,,,,,,,,1.22,0.71,1.00,4*02
$GPGSV,2,1,07,29,19,187,39.8,21,85,001,40.2,15,47,051,,18,59,300,,1*63
$GPGSV,2,2,07,03,14,317,40.2,27,08,037,39.9,14,03,216,,1*5F
$GLGSV,2,1,05,68,15,104,39.8,79,65,086,40.2,80,09,026,40.1,86,07,336,,1*67
$GLGSV,2,2,05,84,06,237,39.8,1*5D
$GAGSV,1,1,00,7*73
$GBGSV,1,1,04,08,51,179,39.4,04,27,125,39.0,09,19,190,39.5,05,15,249,38.5,1*74
$GNRMC,220431.000,A,3900.0015,N,11613.9815,E,0.01,355.94,280612,,,A,V*03
$GNVTG,355.94,T,,M,0.01,N,0.01,K,A*2D
$GNZDA,220431.000,28,06,2012,,*43
$GNGGA,220432.000,3900.0015,N,11613.9815,E,1,12,0.71,-9.1,M,-6.8,M,,*4B
$PAIRACC,3.56,7.79*42
$GNGLL,3900.0015,N,11613.9815,E,220432.000,A,A*4D
$GNGSA,A,3,29,21,03,27,,,,,,,,,1.22,0.71,1.00,1*09
$GNGSA,A,3,68,79,80,84,,,,,,,,,1.22,0.71,1.00,2*00
$GNGSA,A,3,,,,,,,,,,,,,1.22,0.71,1.00,3*05
$GNGSA,A,3,08,04,09,05,,,,,,,,,1.22,0.71,1.00,4*02
$GPGSV,2,1,07,29,19,187,40.3,21,85,001,40.2,15,47,051,,18,59,300,,1*66
$GPGSV,2,2,07,03,14,317,39.9,27,08,037,40.0,14,03,216,,1*5D
$GLGSV,2,1,05,68,15,104,40.0,79,65,086,40.3,80,09,026,40.4,86,07,336,,1*65
$GLGSV,2,2,05,84,06,237,40.2,1*59
$GAGSV,1,1,00,7*73
$GBGSV,1,1,04,08,51,179,39.5,04,27,125,39.3,09,19,190,39.5,05,15,249,39.2,1*70
$GNRMC,220432.000,A,3900.0015,N,11613.9815,E,0.01,358.20,280612,,,A,V*02
$GNVTG,358.20,T,,M,0.01,N,0.01,K,A*2F
$GNZDA,220432.000,28,06,2012,,*40
$GNGGA,220433.000,3900.0015,N,11613.9815,E,1,12,0.71,-9.1,M,-6.8,M,,*4A
$PAIRACC,3.61,7.83*43
$GNGLL,3900.0015,N,11613.9815,E,220433.000,A,A*4C
$GNGSA,A,3,29,21,03,27,,,,,,,,,1.22,0.71,1.00,1*09
$GNGSA,A,3,68,79,80,84,,,,,,,,,1.22,0.71,1.00,2*00
$GNGSA,A,3,,,,,,,,,,,,,1.22,0.71,1.00,3*05
$GNGSA,A,3,08,04,09,05,,,,,,,,,1.22,0.71,1.00,4*02
$GPGSV,2,1,07,29,19,187,39.9,21,85,001,39.9,15,47,051,,18,59,300,,1*67
$GPGSV,2,2,07,03,14,317,40.0,27,08,037,39.9,14,03,216,,1*5D
$GLGSV,2,1,05,68,15,104,39.8,79,65,086,40.0,80,09,026,39.9,86,07,336,,1*63
$GLGSV,2,2,05,84,06,237,40.0,1*5B
$GAGSV,1,1,00,7*73
$GBGSV,1,1,04,08,51,179,39.5,04,27,125,38.7,09,19,190,38.9,05,15,249,39.0,1*7A
$GNRMC,220433.000,A,3900.0015,N,11613.9815,E,0.01,5.68,280612,,,A,V*04
$GNVTG,5.68,T,,M,0.01,N,0.01,K,A*28
$GNZDA,220433.000,28,06,2012,,*41
$GNGGA,220434.000,3900.0015,N,11613.9815,E,1,12,0.71,-9.1,M,-6.8,M,,*4D
$PAIRACC,3.55,7.73*4B
$GNGLL,3900.0015,N,11613.9815,E,220434.000,A,A*4B
$GNGSA,A,3,29,21,03,27,,,,,,,,,1.22,0.71,1.00,1*09
$GNGSA,A,3,68,79,80,84,,,,,,,,,1.22,0.71,1.00,2*00
$GNGSA,A,3,,,,,,,,,,,,,1.22,0.71,1.00,3*05
$GNGSA,A,3,08,04,09,05,,,,,,,,,1.22,0.71,1.00,4*02
$GPGSV,2,1,07,29,19,187,40.3,21,85,001,39.8,15,47,051,,18,59,300,,1*62
$GPGSV,2,2,07,03,14,317,39.8,27,08,037,40.2,14,03,216,,1*5E
$GLGSV,2,1,05,68,15,104,40.0,79,65,086,40.0,80,09,026,39.9,86,07,336,,1*65
$GLGSV,2,2,05,84,06,237,39.7,1*52
$GAGSV,1,1,00,7*73
$GBGSV,1,1,04,08,51,179,39.4,04,27,125,38.6,09,19,190,39.3,05,15,249,39.4,1*75
$GNRMC,220434.000,A,3900.0015,N,11613.9815,E,0.01,9.46,280612,,,A,V*03
$GNVTG,9.46,T,,M,0.01,N,0.01,K,A*28
$GNZDA,220434.000,28,06,2012,,*46
$GNGGA,220435.000,3900.0015,N,11613.9814,E,1,12,0.71,-9.1,M,-6.8,M,,*4D
$PAIRACC,3.57,7.76*4C
$GNGLL,3900.0015,N,11613.9814,E,220435.000,A,A*4B
$GNGSA,A,3,29,21,03,27,,,,,,,,,1.22,0.71,1.00,1*09
$GNGSA,A,3,68,79,80,84,,,,,,,,,1.22,0.71,1.00,2*00
$GNGSA,A,3,,,,,,,,,,,,,1.22,0.71,1.00,3*05
$GNGSA,A,3,08,04,09,05,,,,,,,,,1.22,0.71,1.00,4*02
$GPGSV,2,1,07,29,19,187,39.9,21,85,001,39.3,15,47,051,,18,59,300,,1*6D
$GPGSV,2,2,07,03,14,317,40.4,27,08,037,39.7,14,03,216,,1*57
$GLGSV,2,1,05,68,15,104,40.2,79,65,086,40.0,80,09,026,39.8,86,07,336,,1*66
$GLGSV,2,2,05,84,06,237,39.6,1*53
$GAGSV,1,1,00,7*73
$GBGSV,1,1,04,08,51,179,39.5,04,27,125,39.1,09,19,190,39.5,05,15,249,39.3,1*73
$GNRMC,220435.000,A,3900.0015,N,11613.9814,E,0.01,355.81,280612,,,A,V*02
$GNVTG,355.81,T,,M,0.01,N,0.01,K,A*29
$GNZDA,220435.000,28,06,2012,,*47
$GNGGA,220436.000,3900.0015,N,11613.9814,E,1,12,0.71,-9.1,M,-6.8,M,,*4E
$PAIRACC,3.55,7.71*49
$GNGLL,3900.0015,N,11613.9814,E,220436.000,A,A*48
$GNGSA,A,3,29,21,03,27,,,,,,,,,1.22,0.71,1.00,1*09
$GNGSA,A,3,68,79,80,84,,,,,,,,,1.22,0.71,1.00,2*00
$GNGSA,A,3,,,,,,,,,,,,,1.22,0.71,1.00,3*05
$GNGSA,A,3,08,04,09,05,,,,,,,,,1.22,0.71,1.00,4*02
$GPGSV,2,1,07,29,19,187,40.1,21,85,001,39.6,15,47,051,,18,59,300,,1*6E
$GPGSV,2,2,07,03,14,317,39.5,27,08,037,40.1,14,03,216,,1*50
$GLGSV,2,1,05,68,15,104,40.2,79,65,086,40.1,80,09,026,40.1,86,07,336,,1*60
$GLGSV,2,2,05,84,06,237,39.7,1*52
$GAGSV,1,1,00,7*73
$GBGSV,1,1,04,08,51,179,39.6,04,27,125,38.8,09,19,190,39.2,05,15,249,39.1,1*7D
$GNRMC,220436.000,A,3900.0015,N,11613.9814,E,0.01,7.52,280612,,,A,V*0B
$GNVTG,7.52,T,,M,0.01,N,0.01,K,A*23
$GNZDA,220436.000,28,06,2012,,*44
$GNGGA,220437.000,3900.0015,N,11613.9814,E,1,12,0.71,-9.1,M,-6.8,M,,*4F
$PAIRACC,3.58,7.77*42
$GNGLL,3900.0015,N,11613.9814,E,220437.000,A,A*49
$GNGSA,A,3,29,21,03,27,,,,,,,,,1.22,0.71,1.00,1*09
$GNGSA,A,3,68,79,80,84,,,,,,,,,1.22,0.71,1.00,2*00
$GNGSA,A,3,,,,,,,,,,,,,1.22,0.71,1.00,3*05
$GNGSA,A,3,08,04,09,05,,,,,,,,,1.22,0.71,1.00,4*02
$GPGSV,2,1,07,29,19,187,39.9,21,85,001,39.8,15,47,051,,18,59,300,,1*66
$GPGSV,2,2,07,03,14,317,39.8,27,08,037,40.2,14,03,216,,1*5E
$GLGSV,2,1,05,68,15,104,39.8,79,65,086,40.0,80,09,026,40.7,86,07,336,,1*63
$GLGSV,2,2,05,84,06,237,39.7,1*52
$GAGSV,1,1,00,7*73
$GBGSV,1,1,04,08,51,179,39.4,04,27,125,38.4,09,19,190,39.6,05,15,249,39.0,1*76
$GNRMC,220437.000,A,3900.0015,N,11613.9814,E,0.01,9.63,280612,,,A,V*06
$GNVTG,9.63,T,,M,0.01,N,0.01,K,A*2F
$GNZDA,220437.000,28,06,2012,,*45
$GNGGA,220438.000,3900.0015,N,11613.9814,E,1,12,0.71,-9.1,M,-6.8,M,,*40
$PAIRACC,3.55,7.72*4A
$GNGLL,3900.0015,N,11613.9814,E,220438.000,A,A*46
$GNGSA,A,3,29,21,03,27,,,,,,,,,1.22,0.71,1.00,1*09
$GNGSA,A,3,68,79,80,84,,,,,,,,,1.22,0.71,1.00,2*00
$GNGSA,A,3,,,,,,,,,,,,,1.22,0.71,1.00,3*05
$GNGSA,A,3,08,04,09,05,,,,,,,,,1.22,0.71,1.00,4*02
$GPGSV,2,1,07,29,19,187,40.0,21,85,001,39.8,15,47,051,,18,59,300,,1*61
$GPGSV,2,2,07,03,14,317,39.4,27,08,037,40.2,14,03,216,,1*52
$GLGSV,2,1,05,68,15,104,40.1,79,65,086,40.2,80,09,026,40.1,86,07,336,,1*60
$GLGSV,2,2,05,84,06,237,39.9,1*5C
$GAGSV,1,1,00,7*73
$GBGSV,1,1,04,08,51,179,39.5,04,27,125,39.1,09,19,190,39.4,05,15,249,39.5,1*74
$GNRMC,220438.000,A,3900.0015,N,11613.9814,E,0.01,2.32,280612,,,A,V*06
$GNVTG,2.32,T,,M,0.01,N,0.01,K,A*20
$GNZDA,220438.000,28,06,2012,,*4A
$GNGGA,220439.000,3900.0015,N,11613.9814,E,1,12,0.71,-9.1,M,-6.8,M,,*41
$PAIRACC,3.58,7.77*42
$GNGLL,3900.0015,N,11613.9814,E,220439.000,A,A*47
$GNGSA,A,3,29,21,03,27,,,,,,,,,1.22,0.71,1.00,1*09
$GNGSA,A,3,68,79,80,84,,,,,,,,,1.22,0.71,1.00,2*00
$GNGSA,A,3,,,,,,,,,,,,,1.22,0.71,1.00,3*05
$GNGSA,A,3,08,04,09,05,,,,,,,,,1.22,0.71,1.00,4*02
$GPGSV,2,1,07,29,19,187,39.7,21,85,001,39.5,15,47,051,,18,59,300,,1*65
$GPGSV,2,2,07,03,14,317,39.8,27,08,037,40.0,14,03,216,,1*5C
$GLGSV,2,1,05,68,15,104,40.0,79,65,086,39.4,80,09,026,40.6,86,07,336,,1*6E
$GLGSV,2,2,05,84,06,237,40.3,1*58
$GAGSV,1,1,00,7*73
$GBGSV,1,1,04,08,51,179,39.2,04,27,125,38.8,09,19,190,39.4,05,15,249,39.0,1*7E
$GNRMC,220439.000,A,3900.0015,N,11613.9814,E,0.01,355.58,280612,,,A,V*0A
$GNVTG,355.58,T,,M,0.01,N,0.01,K,A*2D
$GNZDA,220439.000,28,06,2012,,*4B
$GNGGA,220440.000,3900.0015,N,11613.9814,E,1,12,0.71,-9.1,M,-6.8,M,,*4F
$PAIRACC,3.55,7.71*49
$GNGLL,3900.0015,N,11613.9814,E,220440.000,A,A*49
$GNGSA,A,3,29,21,03,27,,,,,,,,,1.22,0.71,1.00,1*09
$GNGSA,A,3,68,79,80,84,,,,,,,,,1.22,0.71,1.00,2*00
$GNGSA,A,3,,,,,,,,,,,,,1.22,0.71,1.00,3*05
$GNGSA,A,3,08,04,09,05,,,,,,,,,1.22,0.71,1.00,4*02
$GPGSV,2,1,07,29,19,187,40.1,21,85,001,39.7,15,47,051,,18,59,300,,1*6F
$GPGSV,2,2,07,03,14,317,39.9,27,08,037,40.1,14,03,216,,1*5C
$GLGSV,2,1,05,68,15,104,40.1,79,65,086,40.2,80,09,026,40.1,86,07,336,,1*60
$GLGSV,2,2,05,84,06,237,40.0,1*5B
$GAGSV,1,1,00,7*73
$GBGSV,1,1,04,08,51,179,39.5,04,27,125,39.0,09,19,190,39.7,05,15,249,38.9,1*7B
$GNRMC,220440.000,A,3900.0015,N,11613.9814,E,0.01,2.07,280612,,,A,V*0F
$GNVTG,2.07,T,,M,0.01,N,0.01,K,A*26
$GNZDA,220440.000,28,06,2012,,*45
$GNGGA,220441.000,3900.0015,N,11613.9814,E,1,12,0.71,-9.1,M,-6.8,M,,*4E
$PAIRACC,3.63,7.82*40
$GNGLL,3900.0015,N,11613.9814,E,220441.000,A,A*48
$GNGSA,A,3,29,21,03,27,,,,,,,,,1.22,0.71,1.00,1*09
$GNGSA,A,3,68,79,80,84,,,,,,,,,1.22,0.71,1.00,2*00
$GNGSA,A,3,,,,,,,,,,,,,1.22,0.71,1.00,3*05
$GNGSA,A,3,08,04,09,05,,,,,,,,,1.22,0.71,1.00,4*02
$GPGSV,2,1,07,29,19,187,40.3,21,85,001,39.7,15,47,051,,18,59,300,,1*6D
$GPGSV,2,2,07,03,14,317,39.8,27,08,037,39.9,14,03,216,,1*5B
$GLGSV,2,1,05,68,15,104,39.7,79,65,086,39.5,80,09,026,40.0,86,07,336,,1*60
$GLGSV,2,2,05,84,06,237,39.8,1*5D
$GAGSV,1,1,00,7*73
$GBGSV,1,1,04,08,51,179,39.2,04,27,125,39.2,09,19,190,39.6,05,15,249,39.3,1*74
$GNRMC,220441.000,A,3900.0015,N,11613.9814,E,0.01,9.20,280612,,,A,V*00
$GNVTG,9.20,T,,M,0.01,N,0.01,K,A*28
$GNZDA,220441.000,28,06,2012,,*44
$GNGGA,220442.000,3900.0015,N,11613.9814,E,1,12,0.71,-9.1,M,-6.8,M,,*4D
$PAIRACC,3.59,8.14*49
$GNGLL,3900.0015,N,11613.9814,E,220442.000,A,A*4B
$GNGSA,A,3,29,21,03,27,,,,,,,,,1.22,0.71,1.00,1*09
$GNGSA,A,3,68,79,80,84,,,,,,,,,1.22,0.71,1.00,2*00
$GNGSA,A,3,,,,,,,,,,,,,1.22,0.71,1.00,3*05
$GNGSA,A,3,08,04,09,05,,,,,,,,,1.22,0.71,1.00,4*02
$GPGSV,2,1,07,29,19,187,39.7,21,85,001,39.9,15,47,051,,18,59,300,,1*69
$GPGSV,2,2,07,03,14,317,39.7,27,08,037,40.0,14,03,216,,1*53
$GLGSV,2,1,05,68,15,104,40.2,79,65,086,40.0,80,09,026,40.0,86,07,336,,1*60
$GLGSV,2,2,05,84,06,237,40.1,1*5A
$GAGSV,1,1,00,7*73
$GBGSV,1,1,04,08,51,179,39.6,04,27,125,38.8,09,19,190,39.3,05,15,249,38.5,1*79
$GNRMC,220442.000,A,3900.0015,N,11613.9814,E,0.01,359.74,280612,,,A,V*04
$GNVTG,359.74,T,,M,0.01,N,0.01,K,A*2F
$GNZDA,220442.000,28,06,2012,,*47
$GNGGA,220443.000,3900.0015,N,11613.9814,E,1,12,0.71,-9.1,M,-6.8,M,,*4C
$PAIRACC,3.68,7.83*4A
$GNGLL,3900.0015,N,11613.9814,E,220443.000,A,A*4A
$GNGSA,A,3,29,21,03,27,,,,,,,,,1.22,0.71,1.00,1*09
$GNGSA,A,3,68,79,80,84,,,,,,,,,1.22,0.71,1.00,2*00
$GNGSA,A,3,,,,,,,,,,,,,1.22,0.71,1.00,3*05
$GNGSA,A,3,08,04,09,05,,,,,,,,,1.22,0.71,1.00,4*02
$GPGSV,2,1,07,29,19,187,39.8,21,85,001,39.9,15,47,051,,18,59,300,,1*66
$GPGSV,2,2,07,03,14,317,40.0,27,08,037,40.1,14,03,216,,1*5B
$GLGSV,2,1,05,68,15,104,38.9,79,65,086,39.5,80,09,026,40.0,86,07,336,,1*6F
$GLGSV,2,2,05,84,06,237,39.6,1*53
$GAGSV,1,1,00,7*73
$GBGSV,1,1,04,08,51,179,39.9,04,27,125,38.7,09,19,190,40.0,05,15,249,38.8,1*79
$GNRMC,220443.000,A,3900.0015,N,11613.9814,E,0.01,10.28,280612,,,A,V*32
$GNVTG,10.28,T,,M,0.01,N,0.01,K,A*18
$GNZDA,220443.000,28,06,2012,,*46
$GNGGA,220444.000,3900.0015,N,11613.9814,E,1,12,0.71,-9.1,M,-6.8,M,,*4B
$PAIRACC,3.59,8.15*48
$GNGLL,3900.0015,N,11613.9814,E,220444.000,A,A*4D
$GNGSA,A,3,29,21,03,27,,,,,,,,,1.22,0.71,1.00,1*09
$GNGSA,A,3,68,79,80,84,,,,,,,,,1.22,0.71,1.00,2*00
$GNGSA,A,3,,,,,,,,,,,,,1.22,0.71,1.00,3*05
$GNGSA,A,3,08,04,09,05,,,,,,,,,1.22,0.71,1.00,4*02
$GPGSV,2,1,07,29,19,187,40.1,21,85,001,40.0,15,47,051,,18,59,300,,1*66
$GPGSV,2,2,07,03,14,317,39.8,27,08,037,39.9,14,03,216,,1*5B
$GLGSV,2,1,05,68,15,104,40.1,79,65,086,40.1,80,09,026,39.2,86,07,336,,1*6E
$GLGSV,2,2,05,84,06,237,39.9,1*5C
$GAGSV,1,1,00,7*73
$GBGSV,1,1,04,08,51,179,39.6,04,27,125,39.1,09,19,190,39.4,05,15,249,39.1,1*73
$GNRMC,220444.000,A,3900.0015,N,11613.9814,E,0.01,355.49,280612,,,A,V*00
$GNVTG,355.49,T,,M,0.01,N,0.01,K,A*2D
$GNZDA,220444.000,28,06,2012,,*41
$GNGGA,220445.000,3900.0015,N,11613.9814,E,1,12,0.71,-9.1,M,-6.8,M,,*4A
$PAIRACC,3.58,7.76*43
$GNGLL,3900.0015,N,11613.9814,E,220445.000,A,A*4C
$GNGSA,A,3,29,21,03,27,,,,,,,,,1.22,0.71,1.00,1*09
$GNGSA,A,3,68,79,80,84,,,,,,,,,1.22,0.71,1.00,2*00
$GNGSA,A,3,,,,,,,,,,,,,1.22,0.71,1.00,3*05
$GNGSA,A,3,08,04,09,05,,,,,,,,,1.22,0.71,1.00,4*02
$GPGSV,2,1,07,29,19,187,40.1,21,85,001,40.0,15,47,051,,18,59,300,,1*66
$GPGSV,2,2,07,03,14,317,39.8,27,08,037,39.8,14,03,216,,1*5A
$GLGSV,2,1,05,68,15,104,39.8,79,65,086,39.9,80,09,026,38.4,86,07,336,,1*68
$GLGSV,2,2,05,84,06,237,39.5,1*50
$GAGSV,1,1,00,7*73
$GBGSV,1,1,04,08,51,179,40.0,04,27,125,38.7,09,19,190,39.5,05,15,249,38.9,1*74
$GNRMC,220445.000,A,3900.0015,N,11613.9814,E,0.01,3.78,280612,,,A,V*03
$GNVTG,3.78,T,,M,0.01,N,0.01,K,A*2F
$GNZDA,220445.000,28,06,2012,,*40
$GNGGA,220446.000,3900.0015,N,11613.9814,E,1,12,0.71,-9.1,M,-6.8,M,,*49
$PAIRACC,3.55,7.71*49
$GNGLL,3900.0015,N,11613.9814,E,220446.000,A,A*4F
$GNGSA,A,3,29,21,03,27,,,,,,,,,1.22,0.71,1.00,1*09
$GNGSA,A,3,68,79,80,84,,,,,,,,,1.22,0.71,1.00,2*00
$GNGSA,A,3,,,,,,,,,,,,,1.22,0.71,1.00,3*05
$GNGSA,A,3,08,04,09,05,,,,,,,,,1.22,0.71,1.00,4*02
$GPGSV,2,1,07,29,19,187,40.0,21,85,001,40.0,15,47,051,,18,59,300,,1*67
$GPGSV,2,2,07,03,14,317,39.6,27,08,037,39.7,14,03,216,,1*5B
$GLGSV,2,1,05,68,15,104,39.5,79,65,086,39.8,80,09,026,39.3,86,07,336,,1*62
$GLGSV,2,2,05,84,06,237,39.9,1*5C
$GAGSV,1,1,00,7*73
$GBGSV,1,1,04,08,51,179,39.7,04,27,125,38.6,09,19,190,39.5,05,15,249,39.2,1*76
$GNRMC,220446.000,A,3900.0015,N,11613.9814,E,0.01,351.11,280612,,,A,V*0B
$GNVTG,351.11,T,,M,0.01,N,0.01,K,A*24
$GNZDA,220446.000,28,06,2012,,*43
$GNGGA,220447.000,3900.0015,N,11613.9814,E,1,12,0.71,-9.1,M,-6.8,M,,*48
$PAIRACC,3.58,7.76*43
$GNGLL,3900.0015,N,11613.9814,E,220447.000,A,A*4E
$GNGSA,A,3,29,21,03,27,,,,,,,,,1.22,0.71,1.00,1*09
$GNGSA,A,3,68,79,80,84,,,,,,,,,1.22,0.71,1.00,2*00
$GNGSA,A,3,,,,,,,,,,,,,1.22,0.71,1.00,3*05
$GNGSA,A,3,08,04,09,05,,,,,,,,,1.22,0.71,1.00,4*02
$GPGSV,2,1,07,29,19,187,40.2,21,85,001,39.8,15,47,051,,18,59,300,,1*63
$GPGSV,2,2,07,03,14,317,39.9,27,08,037,40.0,14,03,216,,1*5D
$GLGSV,2,1,05,68,15,104,40.2,79,65,086,39.6,80,09,026,38.4,86,07,336,,1*63
$GLGSV,2,2,05,84,06,237,40.0,1*5B
$GAGSV,1,1,00,7*73
$GBGSV,1,1,04,08,51,179,39.4,04,27,125,39.3,09,19,190,40.1,05,15,249,39.3,1*7A
$GNRMC,220447.000,A,3900.0015,N,11613.9814,E,0.01,358.50,280612,,,A,V*06
$GNVTG,358.50,T,,M,0.01,N,0.01,K,A*28
$GNZDA,220447.000,28,06,2012,,*42
$GNGGA,220448.000,3900.0015,N,11613.9814,E,1,12,0.71,-9.1,M,-6.8,M,,*47
$PAIRACC,3.55,7.72*4A
$GNGLL,3900.0015,N,11613.9814,E,220448.000,A,A*41
$GNGSA,A,3,29,21,03,27,,,,,,,,,1.22,0.71,1.00,1*09
$GNGSA,A,3,68,79,80,84,,,,,,,,,1.22,0.71,1.00,2*00
$GNGSA,A,3,,,,,,,,,,,,,1.22,0.71,1.00,3*05
$GNGSA,A,3,08,04,09,05,,,,,,,,,1.22,0.71,1.00,4*02
$GPGSV,2,1,07,29,19,187,39.9,21,85,001,39.4,15,47,051,,18,59,300,,1*6A
$GPGSV,2,2,07,03,14,317,39.5,27,08,037,40.2,14,03,216,,1*53
$GLGSV,2,1,05,68,15,104,40.3,79,65,086,39.8,80,09,026,39.0,86,07,336,,1*69
$GLGSV,2,2,05,84,06,237,40.0,1*5B
$GAGSV,1,1,00,7*73
$GBGSV,1,1,04,08,51,179,39.2,04,27,125,38.8,09,19,190,39.7,05,15,249,38.9,1*75
$GNRMC,220448.000,A,3900.0015,N,11613.9814,E,0.01,355.35,280612,,,A,V*07
$GNVTG,355.35,T,,M,0.01,N,0.01,K,A*26
$GNZDA,220448.000,28,06,2012,,*4D
$GNGGA,220449.000,3900.0015,N,11613.9814,E,1,12,0.71,-9.1,M,-6.8,M,,*46
$PAIRACC,3.56,7.72*49
$GNGLL,3900.0015,N,11613.9814,E,220449.000,A,A*40
$GNGSA,A,3,29,21,03,27,,,,,,,,,1.22,0.71,1.00,1*09
$GNGSA,A,3,68,79,80,84,,,,,,,,,1.22,0.71,1.00,2*00
$GNGSA,A,3,,,,,,,,,,,,,1.22,0.71,1.00,3*05
$GNGSA,A,3,08,04,09,05,,,,,,,,,1.22,0.71,1.00,4*02
$GPGSV,2,1,07,29,19,187,40.0,21,85,001,39.6,15,47,051,,18,59,300,,1*6F
$GPGSV,2,2,07,03,14,317,39.8,27,08,037,40.0,14,03,216,,1*5C
$GLGSV,2,1,05,68,15,104,40.3,79,65,086,39.9,80,09,026,38.8,86,07,336,,1*61
$GLGSV,2,2,05,84,06,237,39.8,1*5D
$GAGSV,1,1,00,7*73
$GBGSV,1,1,04,08,51,179,39.4,04,27,125,38.8,09,19,190,39.7,05,15,249,39.1,1*7A
$GNRMC,220449.000,A,3900.0015,N,11613.9814,E,0.01,5.21,280612,,,A,V*05
$GNVTG,5.21,T,,M,0.01,N,0.01,K,A*25
$GNZDA,220449.000,28,06,2012,,*4C
$GNGGA,220450.000,3900.0015,N,11613.9814,E,1,12,0.71,-9.1,M,-6.8,M,,*4E
$PAIRACC,3.55,7.70*48
$GNGLL,3900.0015,N,11613.9814,E,220450.000,A,A*48
$GNGSA,A,3,29,21,03,27,,,,,,,,,1.22,0.71,1.00,1*09
$GNGSA,A,3,68,79,80,84,,,,,,,,,1.22,0.71,1.00,2*00
$GNGSA,A,3,,,,,,,,,,,,,1.22,0.71,1.00,3*05
$GNGSA,A,3,08,04,09,05,,,,,,,,,1.22,0.71,1.00,4*02
$GPGSV,2,1,07,29,19,187,39.9,21,85,001,40.0,15,47,051,,18,59,300,,1*60
$GPGSV,2,2,07,03,14,317,39.5,27,08,037,39.9,14,03,216,,1*56
$GLGSV,2,1,05,68,15,104,39.9,79,65,086,39.9,80,09,026,39.3,86,07,336,,1*6F
$GLGSV,2,2,05,84,06,237,39.7,1*52
$GAGSV,1,1,00,7*73
$GBGSV,1,1,04,08,51,179,39.4,04,27,125,39.1,09,19,190,40.0,05,15,249,39.5,1*7F
$GNRMC,220450.000,A,3900.0015,N,11613.9814,E,0.01,2.14,280612,,,A,V*0C
$GNVTG,2.14,T,,M,0.01,N,0.02,K,A*27
$GNZDA,220450.000,28,06,2012,,*44
$GNGGA,220451.000,3900.0015,N,11613.9814,E,1,12,0.71,-9.1,M,-6.8,M,,*4F
$PAIRACC,3.63,7.81*43
$GNGLL,3900.0015,N,11613.9814,E,220451.000,A,A*49
$GNGSA,A,3,29,21,03,27,,,,,,,,,1.22,0.71,1.00,1*09
$GNGSA,A,3,68,79,80,84,,,,,,,,,1.22,0.71,1.00,2*00
$GNGSA,A,3,,,,,,,,,,,,,1.22,0.71,1.00,3*05
$GNGSA,A,3,08,04,09,05,,,,,,,,,1.22,0.71,1.00,4*02
$GPGSV,2,1,07,29,19,187,40.1,21,85,001,39.8,15,47,051,,18,59,300,,1*60
$GPGSV,2,2,07,03,14,317,39.6,27,08,037,40.2,14,03,216,,1*50
$GLGSV,2,1,05,68,15,104,39.6,79,65,086,40.1,80,09,026,37.7,86,07,336,,1*6C
$GLGSV,2,2,05,84,06,237,39.0,1*55
$GAGSV,1,1,00,7*73
$GBGSV,1,1,04,08,51,179,39.5,04,27,125,38.6,09,19,190,39.7,05,15,249,39.3,1*77
$GNRMC,220451.000,A,3900.0015,N,11613.9814,E,0.01,355.39,280612,,,A,V*03
$GNVTG,355.39,T,,M,0.01,N,0.02,K,A*29
$GNZDA,220451.000,28,06,2012,,*45
$GNGGA,220452.000,3900.0015,N,11613.9814,E,1,12,0.71,-9.1,M,-6.8,M,,*4C
$PAIRACC,3.63,7.78*45
$GNGLL,3900.0015,N,11613.9814,E,220452.000,A,A*4A
$GNGSA,A,3,29,21,03,27,,,,,,,,,1.22,0.71,1.00,1*09
$GNGSA,A,3,68,79,80,84,,,,,,,,,1.22,0.71,1.00,2*00
$GNGSA,A,3,,,,,,,,,,,,,1.22,0.71,1.00,3*05
$GNGSA,A,3,08,04,09,05,,,,,,,,,1.22,0.71,1.00,4*02
$GPGSV,2,1,07,29,19,187,39.9,21,85,001,40.0,15,47,051,,18,59,300,,1*60
$GPGSV,2,2,07,03,14,317,39.5,27,08,037,39.5,14,03,216,,1*5A
$GLGSV,2,1,05,68,15,104,40.1,79,65,086,40.2,80,09,026,39.2,86,07,336,,1*6D
$GLGSV,2,2,05,84,06,237,40.1,1*5A
$GAGSV,1,1,00,7*73
$GBGSV,1,1,04,08,51,179,39.5,04,27,125,38.4,09,19,190,39.4,05,15,249,38.8,1*7C
$GNRMC,220452.000,A,3900.0015,N,11613.9814,E,0.01,1.09,280612,,,A,V*01
$GNVTG,1.09,T,,M,0.01,N,0.02,K,A*28
$GNZDA,220452.000,28,06,2012,,*46
$GNGGA,220453.000,3900.0015,N,11613.9814,E,1,12,0.71,-9.1,M,-6.8,M,,*4D
$PAIRACC,3.64,7.80*45
$GNGLL,3900.0015,N,11613.9814,E,220453.000,A,A*4B
$GNGSA,A,3,29,21,03,27,,,,,,,,,1.22,0.71,1.00,1*09
$GNGSA,A,3,68,79,80,84,,,,,,,,,1.22,0.71,1.00,2*00
$GNGSA,A,3,,,,,,,,,,,,,1.22,0.71,1.00,3*05
$GNGSA,A,3,08,04,09,05,,,,,,,,,1.22,0.71,1.00,4*02
$GPGSV,2,1,07,29,19,187,40.0,21,85,001,39.9,15,47,051,,18,59,300,,1*60
$GPGSV,2,2,07,03,14,317,40.1,27,08,037,40.1,14,03,216,,1*5A
$GLGSV,2,1,05,68,15,104,39.9,79,65,086,39.6,80,09,026,38.3,86,07,336,,1*61
$GLGSV,2,2,05,84,06,237,39.7,1*52
$GAGSV,1,1,00,7*73
$GBGSV,1,1,04,08,51,179,39.2,04,27,125,39.2,09,19,190,39.6,05,15,249,39.2,1*75
$GNRMC,220453.000,A,3900.0015,N,11613.9814,E,0.01,355.36,280612,,,A,V*0E
$GNVTG,355.36,T,,M,0.01,N,0.02,K,A*26
$GNZDA,220453.000,28,06,2012,,*47
$GNGGA,220454.000,3900.0015,N,11613.9814,E,1,12,0.71,-9.1,M,-6.8,M,,*4A
$PAIRACC,3.61,7.76*49
$GNGLL,3900.0015,N,11613.9814,E,220454.000,A,A*4C
$GNGSA,A,3,29,21,03,27,,,,,,,,,1.22,0.71,1.00,1*09
$GNGSA,A,3,68,79,80,84,,,,,,,,,1.22,0.71,1.00,2*00
$GNGSA,A,3,,,,,,,,,,,,,1.22,0.71,1.00,3*05
$GNGSA,A,3,08,04,09,05,,,,,,,,,1.22,0.71,1.00,4*02
$GPGSV,2,1,07,29,19,187,39.9,21,85,001,39.5,15,47,051,,18,59,300,,1*6B
$GPGSV,2,2,07,03,14,317,39.7,27,08,037,40.2,14,03,216,,1*51
$GLGSV,2,1,05,68,15,104,40.0,79,65,086,40.0,80,09,026,38.8,86,07,336,,1*65
$GLGSV,2,2,05,84,06,237,40.2,1*59
$GAGSV,1,1,00,7*73
$GBGSV,1,1,04,08,51,179,39.2,04,27,125,38.7,09,19,190,39.4,05,15,249,39.1,1*70
$GNRMC,220454.000,A,3900.0015,N,11613.9814,E,0.01,3.19,280612,,,A,V*04
$GNVTG,3.19,T,,M,0.01,N,0.02,K,A*2B
$GNZDA,220454.000,28,06,2012,,*40
$GNGGA,220455.000,3900.0015,N,11613.9813,E,1,12,0.71,-9.1,M,-6.8,M,,*4C
$PAIRACC,3.63,7.80*42
$GNGLL,3900.0015,N,11613.9813,E,220455.000,A,A*4A
$GNGSA,A,3,29,21,03,27,,,,,,,,,1.22,0.71,1.00,1*09
$GNGSA,A,3,68,79,80,84,,,,,,,,,1.22,0.71,1.00,2*00
$GNGSA,A,3,,,,,,,,,,,,,1.22,0.71,1.00,3*05
$GNGSA,A,3,08,04,09,05,,,,,,,,,1.22,0.71,1.00,4*02
$GPGSV,2,1,07,29,19,187,39.9,21,85,001,40.0,15,47,051,,18,59,300,,1*60
$GPGSV,2,2,07,03,14,317,40.3,27,08,037,39.6,14,03,216,,1*51
$GLGSV,2,1,05,68,15,104,39.8,79,65,086,39.8,80,09,026,37.9,86,07,336,,1*6B
$GLGSV,2,2,05,84,06,237,40.1,1*5A
$GAGSV,1,1,00,7*73
$GBGSV,1,1,04,08,51,179,39.5,04,27,125,39.0,09,19,190,39.4,05,15,249,38.8,1*79
$GNRMC,220455.000,A,3900.0015,N,11613.9813,E,0.01,356.50,280612,,,A,V*0C
$GNVTG,356.50,T,,M,0.01,N,0.02,K,A*25
$GNZDA,220455.000,28,06,2012,,*41
$GNGGA,220456.000,3900.0015,N,11613.9813,E,1,12,0.71,-9.1,M,-6.8,M,,*4F
$PAIRACC,3.70,8.24*41
$GNGLL,3900.0015,N,11613.9813,E,220456.000,A,A*49
$GNGSA,A,3,29,21,03,27,,,,,,,,,1.22,0.71,1.00,1*09
$GNGSA,A,3,68,79,80,84,,,,,,,,,1.22,0.71,1.00,2*00
$GNGSA,A,3,,,,,,,,,,,,,1.22,0.71,1.00,3*05
$GNGSA,A,3,08,04,09,05,,,,,,,,,1.22,0.71,1.00,4*02
$GPGSV,2,1,07,29,19,187,40.3,21,85,001,39.8,15,47,051,,18,59,300,,1*62
$GPGSV,2,2,07,03,14,317,39.2,27,08,037,39.9,14,03,216,,1*51
$GLGSV,2,1,05,68,15,104,40.4,79,65,086,39.9,80,09,026,40.0,86,07,336,,1*61
$GLGSV,2,2,05,84,06,237,40.3,1*58
$GAGSV,1,1,00,7*73
$GBGSV,1,1,04,08,51,179,39.2,04,27,125,39.3,09,19,190,39.6,05,15,249,39.7,1*71
$GNRMC,220456.000,A,3900.0015,N,11613.9813,E,0.01,358.94,280612,,,A,V*09
$GNVTG,358.94,T,,M,0.01,N,0.02,K,A*23
$GNZDA,220456.000,28,06,2012,,*42
$GNGGA,220457.000,3900.0015,N,11613.9813,E,1,12,0.71,-9.1,M,-6.8,M,,*4E
$PAIRACC,3.64,7.80*45
$GNGLL,3900.0015,N,11613.9813,E,220457.000,A,A*48
$GNGSA,A,3,29,21,03,27,,,,,,,,,1.22,0.71,1.00,1*09
$GNGSA,A,3,68,79,80,84,,,,,,,,,1.22,0.71,1.00,2*00
$GNGSA,A,3,,,,,,,,,,,,,1.22,0.71,1.00,3*05
$GNGSA,A,3,08,04,09,05,,,,,,,,,1.22,0.71,1.00,4*02
$GPGSV,2,1,07,29,19,187,40.3,21,85,001,40.0,15,47,051,,18,59,300,,1*64
$GPGSV,2,2,07,03,14,317,39.7,27,08,037,39.6,14,03,216,,1*5B
$GLGSV,2,1,05,68,15,104,40.3,79,65,086,40.0,80,09,026,40.0,86,07,336,,1*61
$GLGSV,2,2,05,84,06,237,40.2,1*59
$GAGSV,1,1,00,7*73
$GBGSV,1,1,04,08,51,179,39.7,04,27,125,38.8,09,19,190,38.9,05,15,249,39.0,1*77
$GNRMC,220457.000,A,3900.0015,N,11613.9813,E,0.01,359.25,280612,,,A,V*03
$GNVTG,359.25,T,,M,0.01,N,0.01,K,A*2B
$GNZDA,220457.000,28,06,2012,,*43
$GNGGA,220458.000,3900.0015,N,11613.9813,E,1,12,0.71,-9.1,M,-6.8,M,,*41
$PAIRACC,3.68,8.21*4D
$GNGLL,3900.0015,N,11613.9813,E,220458.000,A,A*47
$GNGSA,A,3,29,21,03,27,,,,,,,,,1.22,0.71,1.00,1*09
$GNGSA,A,3,68,79,80,84,,,,,,,,,1.22,0.71,1.00,2*00
$GNGSA,A,3,,,,,,,,,,,,,1.22,0.71,1.00,3*05
$GNGSA,A,3,08,04,09,05,,,,,,,,,1.22,0.71,1.00,4*02
$GPGSV,2,1,07,29,19,187,39.8,21,85,001,39.9,15,47,051,,18,59,300,,1*66
$GPGSV,2,2,07,03,14,317,39.8,27,08,037,40.1,14,03,216,,1*5D
$GLGSV,2,1,05,68,15,104,39.8,79,65,086,40.0,80,09,026,40.1,86,07,336,,1*65
$GLGSV,2,2,05,84,06,237,39.7,1*52
$GAGSV,1,1,00,7*73
$GBGSV,1,1,04,08,51,179,39.6,04,27,125,38.2,09,19,190,39.5,05,15,249,39.1,1*70
$GNRMC,220458.000,A,3900.0015,N,11613.9813,E,0.01,7.13,280612,,,A,V*01
$GNVTG,7.13,T,,M,0.01,N,0.01,K,A*26
$GNZDA,220458.000,28,06,2012,,*4C
$GNGGA,220459.000,3900.0015,N,11613.9813,E,1,12,0.71,-9.1,M,-6.8,M,,*40
$PAIRACC,3.72,7.85*47
$GNGLL,3900.0015,N,11613.9813,E,220459.000,A,A*46
$GNGSA,A,3,29,21,03,27,,,,,,,,,1.22,0.71,1.00,1*09
$GNGSA,A,3,68,79,80,84,,,,,,,,,1.22,0.71,1.00,2*00
$GNGSA,A,3,,,,,,,,,,,,,1.22,0.71,1.00,3*05
$GNGSA,A,3,08,04,09,05,,,,,,,,,1.22,0.71,1.00,4*02
$GPGSV,2,1,07,29,19,187,39.8,21,85,001,40.1,15,47,051,,18,59,300,,1*60
$GPGSV,2,2,07,03,14,317,39.8,27,08,037,40.0,14,03,216,,1*5C
$GLGSV,2,1,05,68,15,104,40.2,79,65,086,40.3,80,09,026,40.1,86,07,336,,1*62
$GLGSV,2,2,05,84,06,237,40.2,1*59
$GAGSV,1,1,00,7*73
$GBGSV,1,1,04,08,51,179,39.9,04,27,125,39.2,09,19,190,39.7,05,15,249,39.5,1*78
$GNRMC,220459.000,A,3900.0015,N,11613.9813,E,0.01,356.44,280612,,,A,V*05
$GNVTG,356.44,T,,M,0.01,N,0.01,K,A*23
$GNZDA,220459.000,28,06,2012,,*4D
$GNGGA,220500.000,3900.0015,N,11613.9813,E,1,12,0.71,-9.1,M,-6.8,M,,*4D
$PAIRACC,3.69,8.21*4C
$GNGLL,3900.0015,N,11613.9813,E,220500.000,A,A*4B
$GNGSA,A,3,29,21,03,27,,,,,,,,,1.22,0.71,1.00,1*09
$GNGSA,A,3,68,79,80,84,,,,,,,,,1.22,0.71,1.00,2*00
$GNGSA,A,3,,,,,,,,,,,,,1.22,0.71,1.00,3*05
$GNGSA,A,3,08,04,09,05,,,,,,,,,1.22,0.71,1.00,4*02
$GPGSV,2,1,07,29,19,187,40.0,21,85,001,40.0,15,47,051,,18,59,300,,1*67
$GPGSV,2,2,07,03,14,317,39.8,27,08,037,39.8,14,03,216,,1*5A
$GLGSV,2,1,05,68,15,104,40.0,79,65,086,39.9,80,09,026,40.3,86,07,336,,1*66
$GLGSV,2,2,05,84,06,237,39.7,1*52
$GAGSV,1,1,00,7*73
$GBGSV,1,1,04,08,51,179,39.9,04,27,125,38.5,09,19,190,39.4,05,15,249,39.0,1*78
$GNRMC,220500.000,A,3900.0015,N,11613.9813,E,0.01,3.82,280612,,,A,V*01
$GNVTG,3.82,T,,M,0.01,N,0.01,K,A*2A
$GNZDA,220500.000,28,06,2012,,*40
$GNGGA,220501.000,3900.0015,N,11613.9813,E,1,12,0.71,-9.1,M,-6.8,M,,*4C
$PAIRACC,3.72,7.85*47
$GNGLL,3900.0015,N,11613.9813,E,220501.000,A,A*4A
$GNGSA,A,3,29,21,03,27,,,,,,,,,1.22,0.71,1.00,1*09
$GNGSA,A,3,68,79,80,84,,,,,,,,,1.22,0.71,1.00,2*00
$GNGSA,A,3,,,,,,,,,,,,,1.22,0.71,1.00,3*05
$GNGSA,A,3,08,04,09,05,,,,,,,,,1.22,0.71,1.00,4*02
$GPGSV,2,1,07,29,19,187,40.0,21,85,001,39.9,15,47,051,,18,59,300,,1*60
$GPGSV,2,2,07,03,14,317,39.6,27,08,037,39.6,14,03,216,,1*5A
$GLGSV,2,1,05,68,15,104,39.9,79,65,086,40.0,80,09,026,40.1,86,07,336,,1*64
$GLGSV,2,2,05,84,06,237,39.9,1*5C
$GAGSV,1,1,00,7*73
$GBGSV,1,1,04,08,51,179,39.6,04,27,125,38.8,09,19,190,39.8,05,15,249,39.0,1*76
$GNRMC,220501.000,A,3900.0015,N,11613.9813,E,0.01,2.22,280612,,,A,V*0B
$GNVTG,2.22,T,,M,0.01,N,0.01,K,A*21
$GNZDA,220501.000,28,06,2012,,*41
$GNGGA,220502.000,3900.0015,N,11613.9813,E,1,12,0.71,-9.1,M,-6.8,M,,*4F
$PAIRACC,3.69,8.22*4F
$GNGLL,3900.0015,N,11613.9813,E,220502.000,A,A*49
$GNGSA,A,3,29,21,03,27,,,,,,,,,1.22,0.71,1.00,1*09
$GNGSA,A,3,68,79,80,84,,,,,,,,,1.22,0.71,1.00,2*00
$GNGSA,A,3,,,,,,,,,,,,,1.22,0.71,1.00,3*05
$GNGSA,A,3,08,04,09,05,,,,,,,,,1.22,0.71,1.00,4*02
$GPGSV,2,1,07,29,19,187,40.0,21,85,001,39.7,15,47,051,,18,59,300,,1*6E
$GPGSV,2,2,07,03,14,317,39.8,27,08,037,40.2,14,03,216,,1*5E
$GLGSV,2,1,05,68,15,104,40.0,79,65,086,39.8,80,09,026,39.9,86,07,336,,1*63
$GLGSV,2,2,05,84,06,237,39.9,1*5C
$GAGSV,1,1,00,7*73
$GBGSV,1,1,04,08,51,179,39.2,04,27,125,39.3,09,19,190,39.9,05,15,249,39.7,1*7E
$GNRMC,220502.000,A,3900.0015,N,11613.9813,E,0.01,358.46,280612,,,A,V*06
$GNVTG,358.46,T,,M,0.01,N,0.01,K,A*2F
$GNZDA,220502.000,28,06,2012,,*42
$GNGGA,220503.000,3900.0015,N,11613.9813,E,1,12,0.71,-9.1,M,-6.8,M,,*4E
$PAIRACC,3.73,7.87*44
$GNGLL,3900.0015,N,11613.9813,E,220503.000,A,A*48
$GNGSA,A,3,29,21,03,27,,,,,,,,,1.22,0.71,1.00,1*09
$GNGSA,A,3,68,79,80,84,,,,,,,,,1.22,0.71,1.00,2*00
$GNGSA,A,3,,,,,,,,,,,,,1.22,0.71,1.00,3*05
$GNGSA,A,3,08,04,09,05,,,,,,,,,1.22,0.71,1.00,4*02
$GPGSV,2,1,07,29,19,187,39.8,21,85,001,39.8,15,47,051,,18,59,300,,1*67
$GPGSV,2,2,07,03,14,317,40.1,27,08,037,39.9,14,03,216,,1*5C
$GLGSV,2,1,05,68,15,104,40.1,79,65,086,40.2,80,09,026,40.3,86,07,336,,1*62
$GLGSV,2,2,05,84,06,237,40.3,1*58
$GAGSV,1,1,00,7*73
$GBGSV,1,1,04,08,51,179,39.8,04,27,125,38.5,09,19,190,39.7,05,15,249,39.1,1*7B
$GNRMC,220503.000,A,3900.0015,N,11613.9813,E,0.01,350.07,280612,,,A,V*0A
$GNVTG,350.07,T,,M,0.01,N,0.01,K,A*22
$GNZDA,220503.000,28,06,2012,,*43
$GNGGA,220504.000,3900.0015,N,11613.9813,E,1,12,0.71,-9.1,M,-6.8,M,,*49
$PAIRACC,3.70,8.24*41
$GNGLL,3900.0015,N,11613.9813,E,220504.000,A,A*4F
$GNGSA,A,3,29,21,03,27,,,,,,,,,1.22,0.71,1.00,1*09
$GNGSA,A,3,68,79,80,84,,,,,,,,,1.22,0.71,1.00,2*00
$GNGSA,A,3,,,,,,,,,,,,,1.22,0.71,1.00,3*05
$GNGSA,A,3,08,04,09,05,,,,,,,,,1.22,0.71,1.00,4*02
$GPGSV,2,1,07,29,19,187,39.8,21,85,001,40.5,15,47,051,,18,59,300,,1*64
$GPGSV,2,2,07,03,14,317,39.9,27,08,037,39.9,14,03,216,,1*5A
$GLGSV,2,1,05,68,15,104,39.8,79,65,086,40.0,80,09,026,40.0,86,07,336,,1*64
$GLGSV,2,2,05,84,06,237,40.5,1*5E
$GAGSV,1,1,00,7*73
$GBGSV,2,1,05,08,51,179,39.5,06,43,174,,04,27,125,38.9,09,19,190,39.6,1*61
$GBGSV,2,2,05,05,15,249,39.1,1*58
$GNRMC,220504.000,A,3900.0015,N,11613.9813,E,0.01,355.69,280612,,,A,V*00
$GNVTG,355.69,T,,M,0.01,N,0.01,K,A*2F
$GNZDA,220504.000,28,06,2012,,*44
$GNGGA,220505.000,3900.0015,N,11613.9813,E,1,12,0.71,-9.1,M,-6.8,M,,*48
$PAIRACC,3.73,7.89*4A
$GNGLL,3900.0015,N,11613.9813,E,220505.000,A,A*4E
$GNGSA,A,3,29,21,03,27,,,,,,,,,1.22,0.71,1.00,1*09
$GNGSA,A,3,68,79,80,84,,,,,,,,,1.22,0.71,1.00,2*00
$GNGSA,A,3,,,,,,,,,,,,,1.22,0.71,1.00,3*05
$GNGSA,A,3,08,04,09,05,,,,,,,,,1.22,0.71,1.00,4*02
$GPGSV,2,1,07,29,19,187,39.8,21,85,001,39.5,15,47,051,,18,59,300,,1*6A
$GPGSV,2,2,07,03,14,317,39.5,27,08,037,40.2,14,03,216,,1*53
$GLGSV,2,1,05,68,15,104,39.6,79,65,086,39.5,80,09,026,40.0,86,07,336,,1*61
$GLGSV,2,2,05,84,06,237,40.2,1*59
$GAGSV,1,1,00,7*73
$GBGSV,2,1,05,08,51,179,39.1,06,43,174,,04,27,125,39.1,09,19,190,39.7,1*6D
$GBGSV,2,2,05,05,15,249,38.9,1*51
$GNRMC,220505.000,A,3900.0015,N,11613.9813,E,0.01,347.14,280612,,,A,V*08
$GNVTG,347.14,T,,M,0.01,N,0.01,K,A*26
$GNZDA,220505.000,28,06,2012,,*45
$GNGGA,220506.000,3900.0015,N,11613.9813,E,1,12,0.71,-9.1,M,-6.8,M,,*4B
$PAIRACC,3.71,8.18*4F
$GNGLL,3900.0015,N,11613.9813,E,220506.000,A,A*4D
$GNGSA,A,3,03,29,21,27,,,,,,,,,1.22,0.71,1.00,1*09
$GNGSA,A,3,84,79,68,80,,,,,,,,,1.22,0.71,1.00,2*00
$GNGSA,A,3,,,,,,,,,,,,,1.22,0.71,1.00,3*05
$GNGSA,A,3,08,04,09,05,,,,,,,,,1.22,0.71,1.00,4*02
$GPGSV,2,1,07,03,14,317,39.0,29,19,187,39.9,21,85,001,39.8,15,47,051,,1*77
$GPGSV,2,2,07,27,08,037,40.2,14,03,216,,18,59,300,,1*47
$GLGSV,2,1,08,84,06,237,40.0,85,17,286,,79,65,086,40.0,70,36,322,,1*7A
$GLGSV,2,2,08,78,21,031,,68,15,104,40.4,80,09,026,40.3,86,07,336,,1*7C
$GAGSV,1,1,00,7*73
$GBGSV,2,1,06,08,51,179,39.2,06,43,174,,04,27,125,38.7,09,19,190,39.7,1*6A
$GBGSV,2,2,06,05,15,249,38.8,10,09,213,,1*6B
$GNRMC,220506.000,A,3900.0015,N,11613.9813,E,0.01,6.01,280612,,,A,V*09
$GNVTG,6.01,T,,M,0.01,N,0.01,K,A*24
$GNZDA,220506.000,28,06,2012,,*46
$GNGGA,220507.000,3900.0015,N,11613.9813,E,1,12,0.71,-9.1,M,-6.8,M,,*4A
$PAIRACC,3.68,7.91*49
$GNGLL,3900.0015,N,11613.9813,E,220507.000,A,A*4C
$GNGSA,A,3,29,21,03,27,,,,,,,,,1.22,0.71,1.00,1*09
$GNGSA,A,3,68,79,80,84,,,,,,,,,1.22,0.71,1.00,2*00
$GNGSA,A,3,,,,,,,,,,,,,1.22,0.71,1.00,3*05
$GNGSA,A,3,08,04,09,05,,,,,,,,,1.22,0.71,1.00,4*02
$GPGSV,2,1,07,29,19,187,40.0,15,47,051,,21,85,001,39.5,18,59,300,,1*6C
$GPGSV,2,2,07,03,14,317,39.7,27,08,037,40.3,14,03,216,,1*50
$GLGSV,2,1,06,68,15,104,40.0,79,65,086,40.2,85,17,286,,80,09,026,40.0,1*6B
$GLGSV,2,2,06,86,07,336,,84,06,237,39.9,1*60
$GAGSV,1,1,00,7*73
$GBGSV,2,1,06,08,51,179,39.5,06,43,174,,04,27,125,38.6,09,19,190,39.7,1*6C
$GBGSV,2,2,06,05,15,249,39.0,10,09,213,,1*62
$GNRMC,220507.000,A,3900.0015,N,11613.9813,E,0.01,356.22,280612,,,A,V*0F
$GNVTG,356.22,T,,M,0.01,N,0.01,K,A*23
$GNZDA,220507.000,28,06,2012,,*47
$GNGGA,220508.000,3900.0015,N,11613.9813,E,1,12,0.71,-9.1,M,-6.8,M,,*45
$PAIRACC,3.76,8.19*49
$GNGLL,3900.0015,N,11613.9813,E,220508.000,A,A*43
$GNGSA,A,3,29,21,03,27,,,,,,,,,1.22,0.71,1.00,1*09
$GNGSA,A,3,80,79,68,84,,,,,,,,,1.22,0.71,1.00,2*00
$GNGSA,A,3,,,,,,,,,,,,,1.22,0.71,1.00,3*05
$GNGSA,A,3,08,04,09,05,,,,,,,,,1.22,0.71,1.00,4*02
$GPGSV,2,1,07,29,19,187,39.8,15,47,051,,21,85,001,39.2,18,59,300,,1*6D
$GPGSV,2,2,07,03,14,317,39.4,27,08,037,40.1,14,03,216,,1*51
$GLGSV,2,1,05,80,09,026,40.0,79,65,086,40.1,68,15,104,40.2,86,07,336,,1*61
$GLGSV,2,2,05,84,06,237,40.1,1*5A
$GAGSV,1,1,00,7*73
$GBGSV,2,1,06,08,51,179,39.4,06,43,174,,04,27,125,39.3,09,19,190,39.7,1*69
$GBGSV,2,2,06,05,15,249,39.4,10,09,213,,1*66
$GNRMC,220508.000,A,3900.0015,N,11613.9813,E,0.01,7.10,280612,,,A,V*06
$GNVTG,7.10,T,,M,0.01,N,0.01,K,A*25
$GNZDA,220508.000,28,06,2012,,*48
$GNGGA,220509.000,3900.0015,N,11613.9813,E,1,12,0.71,-9.1,M,-6.8,M,,*44
$PAIRACC,3.68,7.93*4B
$GNGLL,3900.0015,N,11613.9813,E,220509.000,A,A*42
$GNGSA,A,3,29,21,03,27,,,,,,,,,1.22,0.71,1.00,1*09
$GNGSA,A,3,80,79,68,84,,,,,,,,,1.22,0.71,1.00,2*00
$GNGSA,A,3,,,,,,,,,,,,,1.22,0.71,1.00,3*05
$GNGSA,A,3,08,04,09,05,,,,,,,,,1.22,0.71,1.00,4*02
$GPGSV,2,1,07,29,19,187,39.7,15,47,051,,21,85,001,39.8,18,59,300,,1*68
$GPGSV,2,2,07,03,14,317,39.8,27,08,037,39.9,14,03,216,,1*5B
$GLGSV,2,1,05,80,09,026,39.8,79,65,086,40.5,68,15,104,40.1,86,07,336,,1*60
$GLGSV,2,2,05,84,06,237,39.6,1*53
$GAGSV,1,1,00,7*73
$GBGSV,2,1,06,08,51,179,39.6,06,43,174,,04,27,125,38.9,09,19,190,39.7,1*60
$GBGSV,2,2,06,05,15,249,39.0,10,09,213,,1*62
$GNRMC,220509.000,A,3900.0015,N,11613.9813,E,0.01,4.17,280612,,,A,V*03
$GNVTG,4.17,T,,M,0.01,N,0.01,K,A*21
$GNZDA,220509.000,28,06,2012,,*49
$GNGGA,220510.000,3900.0015,N,11613.9813,E,1,12,0.71,-9.1,M,-6.8,M,,*4C
$PAIRACC,3.77,8.19*48
$GNGLL,3900.0015,N,11613.9813,E,220510.000,A,A*4A
$GNGSA,A,3,21,29,03,27,,,,,,,,,1.22,0.71,1.00,1*09
$GNGSA,A,3,79,68,80,84,,,,,,,,,1.22,0.71,1.00,2*00
$GNGSA,A,3,,,,,,,,,,,,,1.22,0.71,1.00,3*05
$GNGSA,A,3,04,08,09,05,,,,,,,,,1.22,0.71,1.00,4*02
$GPGSV,2,1,07,21,85,001,39.9,15,47,051,,29,19,187,40.2,18,59,300,,1*62
$GPGSV,2,2,07,03,14,317,39.3,27,08,037,40.1,14,03,216,,1*56
$GLGSV,2,1,06,86,07,336,,79,65,086,39.7,68,15,104,40.0,80,09,026,40.1,1*69
$GLGSV,2,2,06,84,06,237,40.2,65,03,304,,1*6D
$GAGSV,1,1,00,7*73
$GBGSV,2,1,07,04,27,125,38.9,06,43,174,,01,38,147,,08,51,179,39.6,1*73
$GBGSV,2,2,07,09,19,190,39.1,05,15,249,39.0,10,09,213,,1*4F
$GNRMC,220510.000,A,3900.0015,N,11613.9813,E,0.01,3.22,280612,,,A,V*0A
$GNVTG,3.22,T,,M,0.01,N,0.01,K,A*20
$GNZDA,220510.000,28,06,2012,,*41
$GNGGA,220511.000,3900.0015,N,11613.9812,E,1,12,0.71,-9.1,M,-6.8,M,,*4C
$PAIRACC,3.68,7.94*4C
$GNGLL,3900.0015,N,11613.9812,E,220511.000,A,A*4A
$GNGSA,A,3,29,21,03,27,,,,,,,,,1.22,0.71,1.00,1*09
$GNGSA,A,3,80,79,68,84,,,,,,,,,1.22,0.71,1.00,2*00
$GNGSA,A,3,,,,,,,,,,,,,1.22,0.71,1.00,3*05
$GNGSA,A,3,04,08,09,05,,,,,,,,,1.22,0.71,1.00,4*02
$GPGSV,2,1,07,29,19,187,39.8,15,47,051,,21,85,001,39.7,18,59,300,,1*68
$GPGSV,2,2,07,03,14,317,39.7,27,08,037,40.0,14,03,216,,1*53
$GLGSV,2,1,05,80,09,026,39.6,79,65,086,40.2,68,15,104,39.7,86,07,336,,1*61
$GLGSV,2,2,05,84,06,237,39.7,1*52
$GAGSV,1,1,00,7*73
$GBGSV,2,1,07,04,27,125,39.4,01,38,147,,02,30,229,,08,51,179,39.3,1*71
$GBGSV,2,2,07,09,19,190,39.5,05,15,249,39.2,10,09,213,,1*49
$GNRMC,220511.000,A,3900.0015,N,11613.9812,E,0.01,2.14,280612,,,A,V*0E
$GNVTG,2.14,T,,M,0.01,N,0.01,K,A*24
$GNZDA,220511.000,28,06,2012,,*40
$GNGGA,220512.000,3900.0015,N,11613.9812,E,1,12,0.71,-9.1,M,-6.8,M,,*4F
$PAIRACC,3.78,8.21*4C
$GNGLL,3900.0015,N,11613.9812,E,220512.000,A,A*49
$GNGSA,A,3,29,21,03,27,,,,,,,,,1.22,0.71,1.00,1*09
$GNGSA,A,3,80,79,68,84,,,,,,,,,1.22,0.71,1.00,2*00
$GNGSA,A,3,,,,,,,,,,,,,1.22,0.71,1.00,3*05
$GNGSA,A,3,08,04,09,05,,,,,,,,,1.22,0.71,1.00,4*02
$GPGSV,2,1,07,29,19,187,39.9,15,47,051,,21,85,001,39.9,18,59,300,,1*67
$GPGSV,2,2,07,03,14,317,39.4,27,08,037,40.3,14,03,216,,1*53
$GLGSV,2,1,05,80,09,026,39.8,79,65,086,39.9,68,15,104,40.0,86,07,336,,1*63
$GLGSV,2,2,05,84,06,237,40.0,1*5B
$GAGSV,1,1,00,7*73
$GBGSV,2,1,06,08,51,179,39.5,02,30,229,,04,27,125,38.7,09,19,190,39.0,1*61
$GBGSV,2,2,06,05,15,249,38.8,10,09,213,,1*6B
$GNRMC,220512.000,A,3900.0015,N,11613.9812,E,0.01,1.04,280612,,,A,V*0F
$GNVTG,1.04,T,,M,0.01,N,0.01,K,A*26
$GNZDA,220512.000,28,06,2012,,*43
$GNGGA,220513.000,3900.0015,N,11613.9812,E,1,12,0.71,-9.1,M,-6.8,M,,*4E
$PAIRACC,3.67,7.92*45
$GNGLL,3900.0015,N,11613.9812,E,220513.000,A,A*48
$GNGSA,A,3,29,21,03,27,,,,,,,,,1.22,0.71,1.00,1*09
$GNGSA,A,3,68,79,80,84,,,,,,,,,1.22,0.71,1.00,2*00
$GNGSA,A,3,,,,,,,,,,,,,1.22,0.71,1.00,3*05
$GNGSA,A,3,08,04,09,05,,,,,,,,,1.22,0.71,1.00,4*02
$GPGSV,2,1,07,29,19,187,39.9,21,85,001,39.8,15,47,051,,18,59,300,,1*66
$GPGSV,2,2,07,03,14,317,39.7,27,08,037,40.0,14,03,216,,1*53
$GLGSV,2,1,05,68,15,104,39.8,79,65,086,40.3,80,09,026,39.8,86,07,336,,1*61
$GLGSV,2,2,05,84,06,237,39.7,1*52
$GAGSV,1,1,00,7*73
$GBGSV,2,1,05,08,51,179,39.4,02,30,229,,04,27,125,38.7,09,19,190,39.2,1*61
$GBGSV,2,2,05,05,15,249,39.3,1*5A
$GNRMC,220513.000,A,3900.0015,N,11613.9812,E,0.01,0.41,280612,,,A,V*0E
$GNVTG,0.41,T,,M,0.01,N,0.01,K,A*26
$GNZDA,220513.000,28,06,2012,,*42
$GNGGA,220514.000,3900.0015,N,11613.9812,E,1,12,0.71,-9.1,M,-6.8,M,,*49
$PAIRACC,3.79,8.24*48
$GNGLL,3900.0015,N,11613.9812,E,220514.000,A,A*4F
$GNGSA,A,3,29,21,03,27,,,,,,,,,1.22,0.71,1.00,1*09
$GNGSA,A,3,68,79,80,84,,,,,,,,,1.22,0.71,1.00,2*00
$GNGSA,A,3,,,,,,,,,,,,,1.22,0.71,1.00,3*05
$GNGSA,A,3,08,04,09,05,,,,,,,,,1.22,0.71,1.00,4*02
$GPGSV,2,1,07,29,19,187,40.0,21,85,001,39.9,15,47,051,,18,59,300,,1*60
$GPGSV,2,2,07,03,14,317,39.9,27,08,037,39.6,14,03,216,,1*55
$GLGSV,2,1,05,68,14,105,40.0,79,65,086,40.3,80,09,026,39.7,86,07,336,,1*68
$GLGSV,2,2,05,84,06,237,39.9,1*5C
$GAGSV,1,1,00,7*73
$GBGSV,1,1,04,08,51,179,39.8,04,27,125,39.2,09,19,190,39.3,05,15,249,39.5,1*7D
$GNRMC,220514.000,A,3900.0015,N,11613.9812,E,0.01,356.55,280612,,,A,V*0C
$GNVTG,356.55,T,,M,0.01,N,0.01,K,A*23
$GNZDA,220514.000,28,06,2012,,*45
$GNGGA,220515.000,3900.0015,N,11613.9812,E,1,12,0.71,-9.1,M,-6.8,M,,*48
$PAIRACC,3.67,7.86*40
$GNGLL,3900.0015,N,11613.9812,E,220515.000,A,A*4E
$GNGSA,A,3,29,21,03,27,,,,,,,,,1.22,0.71,1.00,1*09
$GNGSA,A,3,68,79,80,84,,,,,,,,,1.22,0.71,1.00,2*00
$GNGSA,A,3,,,,,,,,,,,,,1.22,0.71,1.00,3*05
$GNGSA,A,3,08,04,09,05,,,,,,,,,1.22,0.71,1.00,4*02
$GPGSV,2,1,07,29,19,187,39.7,21,85,001,39.9,15,47,051,,18,59,300,,1*69
$GPGSV,2,2,07,03,14,317,39.8,27,08,037,39.6,14,03,216,,1*54
$GLGSV,2,1,05,68,14,105,39.6,79,65,086,39.6,80,09,026,39.5,86,07,336,,1*69
$GLGSV,2,2,05,84,06,237,39.8,1*5D
$GAGSV,1,1,00,7*73
$GBGSV,1,1,04,08,51,179,40.0,04,27,125,38.5,09,19,190,39.6,05,15,249,39.0,1*7D
$GNRMC,220515.000,A,3900.0015,N,11613.9812,E,0.01,358.38,280612,,,A,V*08
$GNVTG,358.38,T,,M,0.01,N,0.01,K,A*26
$GNZDA,220515.000,28,06,2012,,*44
$GNGGA,220516.000,3900.0015,N,11613.9812,E,1,12,0.71,-9.1,M,-6.8,M,,*4B
$PAIRACC,3.64,7.82*47
$GNGLL,3900.0015,N,11613.9812,E,220516.000,A,A*4D
$GNGSA,A,3,29,21,03,27,,,,,,,,,1.22,0.71,1.00,1*09
$GNGSA,A,3,68,79,80,84,,,,,,,,,1.22,0.71,1.00,2*00
$GNGSA,A,3,,,,,,,,,,,,,1.22,0.71,1.00,3*05
$GNGSA,A,3,08,04,09,05,,,,,,,,,1.22,0.71,1.00,4*02
$GPGSV,2,1,07,29,19,187,40.1,21,85,001,40.0,15,47,051,,18,59,300,,1*66
$GPGSV,2,2,07,03,14,317,39.6,27,08,037,40.2,14,03,216,,1*50
$GLGSV,2,1,05,68,14,105,40.0,79,65,086,40.1,80,09,026,39.8,86,07,336,,1*65
$GLGSV,2,2,05,84,06,237,40.4,1*5F
$GAGSV,1,1,00,7*73
$GBGSV,1,1,04,08,51,179,39.4,04,27,125,38.6,09,19,190,39.7,05,15,249,39.0,1*75
$GNRMC,220516.000,A,3900.0015,N,11613.9812,E,0.01,357.30,280612,,,A,V*0C
$GNVTG,357.30,T,,M,0.01,N,0.01,K,A*21
$GNZDA,220516.000,28,06,2012,,*47
$GNGGA,220517.000,3900.0015,N,11613.9812,E,1,12,0.71,-9.1,M,-6.8,M,,*4A
$PAIRACC,3.67,7.86*40
$GNGLL,3900.0015,N,11613.9812,E,220517.000,A,A*4C
$GNGSA,A,3,29,21,03,27,,,,,,,,,1.22,0.71,1.00,1*09
$GNGSA,A,3,68,79,80,84,,,,,,,,,1.22,0.71,1.00,2*00
$GNGSA,A,3,,,,,,,,,,,,,1.22,0.71,1.00,3*05
$GNGSA,A,3,08,04,09,05,,,,,,,,,1.22,0.71,1.00,4*02
$GPGSV,2,1,07,29,19,187,40.0,21,85,001,39.7,15,47,051,,18,59,300,,1*6E
$GPGSV,2,2,07,03,14,317,39.5,27,08,037,40.2,14,03,216,,1*53
$GLGSV,2,1,05,68,14,105,39.6,79,65,086,40.1,80,09,026,39.9,86,07,336,,1*6C
$GLGSV,2,2,05,84,06,237,39.6,1*53
$GAGSV,1,1,00,7*73
$GBGSV,1,1,04,08,51,179,39.5,04,27,125,39.3,09,19,190,39.5,05,15,249,39.2,1*70
$GNRMC,220517.000,A,3900.0015,N,11613.9812,E,0.01,4.02,280612,,,A,V*09
$GNVTG,4.02,T,,M,0.01,N,0.01,K,A*25
$GNZDA,220517.000,28,06,2012,,*46
$GNGGA,220518.000,3900.0015,N,11613.9812,E,1,12,0.71,-9.1,M,-6.8,M,,*45
$PAIRACC,3.66,7.84*43
$GNGLL,3900.0015,N,11613.9812,E,220518.000,A,A*43
$GNGSA,A,3,29,21,03,27,,,,,,,,,1.22,0.71,1.00,1*09
$GNGSA,A,3,68,79,80,84,,,,,,,,,1.22,0.71,1.00,2*00
$GNGSA,A,3,,,,,,,,,,,,,1.22,0.71,1.00,3*05
$GNGSA,A,3,08,04,09,05,,,,,,,,,1.22,0.71,1.00,4*02
$GPGSV,2,1,07,29,19,187,39.3,21,85,001,40.0,15,47,051,,18,59,300,,1*6A
$GPGSV,2,2,07,03,14,317,39.6,27,08,037,39.6,14,03,216,,1*5A
$GLGSV,2,1,05,68,14,105,40.1,79,65,086,40.2,80,09,026,40.1,86,07,336,,1*60
$GLGSV,2,2,05,84,06,237,39.6,1*53
$GAGSV,1,1,00,7*73
$GBGSV,1,1,04,08,51,179,39.2,04,27,125,38.4,09,19,190,39.3,05,15,249,38.7,1*73
$GNRMC,220518.000,A,3900.0015,N,11613.9812,E,0.01,354.52,280612,,,A,V*05
$GNVTG,354.52,T,,M,0.01,N,0.01,K,A*26
$GNZDA,220518.000,28,06,2012,,*49
$GNGGA,220519.000,3900.0015,N,11613.9812,E,1,12,0.71,-9.1,M,-6.8,M,,*44
$PAIRACC,3.67,7.87*41
$GNGLL,3900.0015,N,11613.9812,E,220519.000,A,A*42
$GNGSA,A,3,29,21,03,27,,,,,,,,,1.22,0.71,1.00,1*09
$GNGSA,A,3,68,79,80,84,,,,,,,,,1.22,0.71,1.00,2*00
$GNGSA,A,3,,,,,,,,,,,,,1.22,0.71,1.00,3*05
$GNGSA,A,3,08,04,09,05,,,,,,,,,1.22,0.71,1.00,4*02
$GPGSV,2,1,07,29,19,187,39.7,21,85,001,39.9,15,47,051,,18,59,300,,1*69
$GPGSV,2,2,07,03,14,317,39.2,27,08,037,40.0,14,03,216,,1*56
$GLGSV,2,1,05,68,14,105,40.0,79,65,086,39.9,80,09,026,39.8,86,07,336,,1*63
$GLGSV,2,2,05,84,06,237,40.0,1*5B
$GAGSV,1,1,00,7*73
$GBGSV,1,1,04,08,51,179,39.7,04,27,125,38.9,09,19,190,39.0,05,15,249,38.9,1*76
$GNRMC,220519.000,A,3900.0015,N,11613.9812,E,0.01,10.13,280612,,,A,V*32
$GNVTG,10.13,T,,M,0.01,N,0.01,K,A*10
$GNZDA,220519.000,28,06,2012,,*48
$GNGGA,220520.000,3900.0015,N,11613.9812,E,1,12,0.71,-9.1,M,-6.8,M,,*4E
$PAIRACC,3.72,8.27*40
$GNGLL,3900.0015,N,11613.9812,E,220520.000,A,A*48
$GNGSA,A,3,29,21,03,27,,,,,,,,,1.22,0.71,1.00,1*09
$GNGSA,A,3,68,79,80,84,,,,,,,,,1.22,0.71,1.00,2*00
$GNGSA,A,3,,,,,,,,,,,,,1.22,0.71,1.00,3*05
$GNGSA,A,3,08,04,09,05,,,,,,,,,1.22,0.71,1.00,4*02
$GPGSV,2,1,07,29,19,187,40.1,21,85,001,40.1,15,47,051,,18,59,300,,1*67
$GPGSV,2,2,07,03,14,317,39.7,27,08,037,39.7,14,03,216,,1*5A
$GLGSV,2,1,05,68,14,105,39.9,79,65,086,40.2,80,09,026,40.1,86,07,336,,1*66
$GLGSV,2,2,05,84,06,237,40.0,1*5B
$GAGSV,1,1,00,7*73
$GBGSV,1,1,04,08,51,179,39.4,04,27,125,39.0,09,19,190,39.4,05,15,249,39.6,1*77
$GNRMC,220520.000,A,3900.0015,N,11613.9812,E,0.01,1.20,280612,,,A,V*08
$GNVTG,1.20,T,,M,0.01,N,0.01,K,A*20
$GNZDA,220520.000,28,06,2012,,*42
$GNGGA,220521.000,3900.0015,N,11613.9812,E,1,12,0.71,-9.1,M,-6.8,M,,*4F
$PAIRACC,3.66,7.83*44
$GNGLL,3900.0015,N,11613.9812,E,220521.000,A,A*49
$GNGSA,A,3,29,21,03,27,,,,,,,,,1.22,0.71,1.00,1*09
$GNGSA,A,3,68,79,80,84,,,,,,,,,1.22,0.71,1.00,2*00
$GNGSA,A,3,,,,,,,,,,,,,1.22,0.71,1.00,3*05
$GNGSA,A,3,08,04,09,05,,,,,,,,,1.22,0.71,1.00,4*02
$GPGSV,2,1,07,29,19,187,39.9,21,85,001,39.8,15,47,051,,18,59,300,,1*66
$GPGSV,2,2,07,03,14,317,39.9,27,08,037,40.0,14,03,216,,1*5D
$GLGSV,2,1,05,68,14,105,39.5,79,65,086,39.9,80,09,026,39.8,86,07,336,,1*68
$GLGSV,2,2,05,84,06,237,39.2,1*57
$GAGSV,1,1,00,7*73
$GBGSV,1,1,04,08,51,179,39.5,04,27,125,39.0,09,19,190,39.6,05,15,249,38.8,1*7B
$GNRMC,220521.000,A,3900.0015,N,11613.9812,E,0.01,0.55,280612,,,A,V*0A
$GNVTG,0.55,T,,M,0.01,N,0.01,K,A*23
$GNZDA,220521.000,28,06,2012,,*43
$GNGGA,220522.000,3900.0015,N,11613.9812,E,1,12,0.71,-9.1,M,-6.8,M,,*4C
$PAIRACC,3.65,7.82*46
$GNGLL,3900.0015,N,11613.9812,E,220522.000,A,A*4A
$GNGSA,A,3,29,21,03,27,,,,,,,,,1.22,0.71,1.00,1*09
$GNGSA,A,3,68,79,80,84,,,,,,,,,1.22,0.71,1.00,2*00
$GNGSA,A,3,,,,,,,,,,,,,1.22,0.71,1.00,3*05
$GNGSA,A,3,08,04,09,05,,,,,,,,,1.22,0.71,1.00,4*02
$GPGSV,2,1,07,29,19,187,40.0,21,85,001,39.7,15,47,051,,18,59,300,,1*6E
$GPGSV,2,2,07,03,14,317,39.7,27,08,037,39.8,14,03,216,,1*55
$GLGSV,2,1,05,68,14,105,40.3,79,65,086,40.0,80,09,026,40.0,86,07,336,,1*61
$GLGSV,2,2,05,84,06,237,40.1,1*5A
$GAGSV,1,1,00,7*73
$GBGSV,1,1,04,08,51,179,39.4,04,27,125,38.7,09,19,190,39.7,05,15,249,39.2,1*76
$GNRMC,220522.000,A,3900.0015,N,11613.9812,E,0.01,358.98,280612,,,A,V*06
$GNVTG,358.98,T,,M,0.01,N,0.01,K,A*2C
$GNZDA,220522.000,28,06,2012,,*40
$GNGGA,220523.000,3900.0015,N,11613.9812,E,1,12,0.71,-9.0,M,-6.8,M,,*4C
$PAIRACC,3.66,7.83*44
$GNGLL,3900.0015,N,11613.9812,E,220523.000,A,A*4B
$GNGSA,A,3,29,21,03,27,,,,,,,,,1.22,0.71,1.00,1*09
$GNGSA,A,3,68,79,80,84,,,,,,,,,1.22,0.71,1.00,2*00
$GNGSA,A,3,,,,,,,,,,,,,1.22,0.71,1.00,3*05
$GNGSA,A,3,08,04,09,05,,,,,,,,,1.22,0.71,1.00,4*02
$GPGSV,2,1,07,29,19,187,40.1,21,85,001,40.2,15,47,051,,18,59,300,,1*64
$GPGSV,2,2,07,03,14,317,40.0,27,08,037,40.0,14,03,216,,1*5A
$GLGSV,2,1,05,68,14,105,40.1,79,65,086,40.6,80,09,026,39.7,86,07,336,,1*6C
$GLGSV,2,2,05,84,06,237,40.3,1*58
$GAGSV,1,1,00,7*73
$GBGSV,1,1,04,08,51,179,40.0,04,27,125,39.4,09,19,190,39.2,05,15,249,39.5,1*7C
$GNRMC,220523.000,A,3900.0015,N,11613.9812,E,0.01,1.68,280612,,,A,V*07
$GNVTG,1.68,T,,M,0.01,N,0.01,K,A*2C
$GNZDA,220523.000,28,06,2012,,*41
$GNGGA,220524.000,3900.0015,N,11613.9812,E,1,12,0.71,-9.0,M,-6.8,M,,*4B
$PAIRACC,3.64,7.80*45
$GNGLL,3900.0015,N,11613.9812,E,220524.000,A,A*4C
$GNGSA,A,3,29,21,03,27,,,,,,,,,1.22,0.71,1.00,1*09
$GNGSA,A,3,68,79,80,84,,,,,,,,,1.22,0.71,1.00,2*00
$GNGSA,A,3,,,,,,,,,,,,,1.22,0.71,1.00,3*05
$GNGSA,A,3,08,04,09,05,,,,,,,,,1.22,0.71,1.00,4*02
$GPGSV,2,1,07,29,19,187,39.9,21,85,001,39.7,15,47,051,,18,59,300,,1*69
$GPGSV,2,2,07,03,14,317,39.7,27,08,037,39.9,14,03,216,,1*54
$GLGSV,2,1,05,68,14,105,40.4,79,65,086,40.3,80,09,026,39.6,86,07,336,,1*6D
$GLGSV,2,2,05,84,06,237,39.6,1*53
$GAGSV,1,1,00,7*73
$GBGSV,1,1,04,08,51,179,39.3,04,27,125,38.7,09,19,190,39.5,05,15,249,38.8,1*78
$GNRMC,220524.000,A,3900.0015,N,11613.9812,E,0.01,356.11,280612,,,A,V*0F
$GNVTG,356.11,T,,M,0.01,N,0.01,K,A*23
$GNZDA,220524.000,28,06,2012,,*46
$GNGGA,220525.000,3900.0015,N,11613.9812,E,1,12,0.71,-9.0,M,-6.8,M,,*4A
$PAIRACC,3.66,7.88*4F
$GNGLL,3900.0015,N,11613.9812,E,220525.000,A,A*4D
$GNGSA,A,3,29,21,03,27,,,,,,,,,1.22,0.71,1.00,1*09
$GNGSA,A,3,68,79,80,84,,,,,,,,,1.22,0.71,1.00,2*00
$GNGSA,A,3,,,,,,,,,,,,,1.22,0.71,1.00,3*05
$GNGSA,A,3,08,04,09,05,,,,,,,,,1.22,0.71,1.00,4*02
$GPGSV,2,1,07,29,19,187,39.8,21,85,001,40.0,15,47,051,,18,59,300,,1*61
$GPGSV,2,2,07,03,14,317,39.9,27,08,037,39.9,14,03,216,,1*5A
$GLGSV,2,1,05,68,14,105,40.0,79,65,082,39.3,80,09,026,39.9,86,07,336,,1*6C
$GLGSV,2,2,05,84,06,237,40.0,1*5B
$GAGSV,1,1,00,7*73
$GBGSV,1,1,04,08,51,179,39.0,04,27,125,38.7,09,19,190,39.2,05,15,249,39.0,1*75
$GNRMC,220525.000,A,3900.0015,N,11613.9812,E,0.01,6.93,280612,,,A,V*02
$GNVTG,6.93,T,,M,0.01,N,0.01,K,A*2F
$GNZDA,220525.000,28,06,2012,,*47
$GNGGA,220526.000,3900.0015,N,11613.9812,E,1,12,0.71,-9.0,M,-6.8,M,,*49
$PAIRACC,3.64,7.80*45
$GNGLL,3900.0015,N,11613.9812,E,220526.000,A,A*4E
$GNGSA,A,3,29,21,03,27,,,,,,,,,1.22,0.71,0.99,1*08
$GNGSA,A,3,68,79,80,84,,,,,,,,,1.22,0.71,0.99,2*01
$GNGSA,A,3,,,,,,,,,,,,,1.22,0.71,0.99,3*04
$GNGSA,A,3,08,04,09,05,,,,,,,,,1.22,0.71,0.99,4*03
$GPGSV,2,1,07,29,19,187,39.9,21,85,001,39.4,15,47,051,,18,59,300,,1*6A
$GPGSV,2,2,07,03,14,317,39.7,27,08,037,39.6,14,03,216,,1*5B
$GLGSV,2,1,05,68,14,105,40.5,79,65,082,40.3,80,07,026,40.2,86,07,336,,1*6C
$GLGSV,2,2,05,84,06,237,40.0,1*5B
$GAGSV,1,1,00,7*73
$GBGSV,1,1,04,08,51,179,39.4,04,27,125,39.6,09,19,190,39.3,05,15,249,39.2,1*72
$GNRMC,220526.000,A,3900.0015,N,11613.9812,E,0.01,358.04,280612,,,A,V*07
$GNVTG,358.04,T,,M,0.01,N,0.01,K,A*29
$GNZDA,220526.000,28,06,2012,,*44
$GNGGA,220527.000,3900.0015,N,11613.9812,E,1,12,0.71,-9.0,M,-6.8,M,,*48
$PAIRACC,3.67,7.85*43
$GNGLL,3900.0015,N,11613.9812,E,220527.000,A,A*4F
$GNGSA,A,3,29,21,03,27,,,,,,,,,1.22,0.71,0.99,1*08
$GNGSA,A,3,68,79,80,84,,,,,,,,,1.22,0.71,0.99,2*01
$GNGSA,A,3,,,,,,,,,,,,,1.22,0.71,0.99,3*04
$GNGSA,A,3,08,04,09,05,,,,,,,,,1.22,0.71,0.99,4*03
$GPGSV,2,1,07,29,19,187,40.0,21,85,001,39.9,15,47,051,,18,59,300,,1*60
$GPGSV,2,2,07,03,14,317,39.7,27,08,037,40.1,14,03,216,,1*52
$GLGSV,2,1,05,68,14,105,40.2,79,65,082,40.2,86,07,336,,80,07,026,39.9,1*6F
$GLGSV,2,2,05,84,06,237,39.6,1*53
$GAGSV,1,1,00,7*73
$GBGSV,1,1,04,08,51,179,39.3,04,27,125,38.7,09,19,190,39.7,05,15,249,38.6,1*74
$GNRMC,220527.000,A,3900.0015,N,11613.9812,E,0.01,6.04,280612,,,A,V*0E
$GNVTG,6.04,T,,M,0.01,N,0.01,K,A*21
$GNZDA,220527.000,28,06,2012,,*45
$GNGGA,220528.000,3900.0015,N,11613.9812,E,1,12,0.71,-9.0,M,-6.8,M,,*47
$PAIRACC,3.70,8.24*41
$GNGLL,3900.0015,N,11613.9812,E,220528.000,A,A*40
$GNGSA,A,3,29,21,03,27,,,,,,,,,1.22,0.71,1.00,1*09
$GNGSA,A,3,68,79,80,84,,,,,,,,,1.22,0.71,1.00,2*00
$GNGSA,A,3,,,,,,,,,,,,,1.22,0.71,1.00,3*05
$GNGSA,A,3,08,04,09,05,,,,,,,,,1.22,0.71,1.00,4*02
$GPGSV,2,1,07,29,19,187,39.8,21,85,001,40.0,15,47,051,,18,59,300,,1*61
$GPGSV,2,2,07,03,14,317,39.8,27,08,037,39.7,14,03,216,,1*55
$GLGSV,2,1,05,68,14,105,40.1,79,65,082,40.6,86,07,336,,80,07,026,40.0,1*6F
$GLGSV,2,2,05,84,06,237,40.3,1*58
$GAGSV,1,1,00,7*73
$GBGSV,1,1,04,08,51,179,39.3,04,27,125,38.5,09,19,190,39.6,05,15,249,39.0,1*70
$GNRMC,220528.000,A,3900.0015,N,11613.9812,E,0.01,0.24,280612,,,A,V*05
$GNVTG,0.24,T,,M,0.01,N,0.01,K,A*25
$GNZDA,220528.000,28,06,2012,,*4A
$GNGGA,220529.000,3900.0015,N,11613.9812,E,1,12,0.71,-9.0,M,-6.8,M,,*46
$PAIRACC,3.67,7.85*43
$GNGLL,3900.0015,N,11613.9812,E,220529.000,A,A*41
$GNGSA,A,3,29,21,03,27,,,,,,,,,1.22,0.71,0.99,1*08
$GNGSA,A,3,68,79,80,84,,,,,,,,,1.22,0.71,0.99,2*01
$GNGSA,A,3,,,,,,,,,,,,,1.22,0.71,0.99,3*04
$GNGSA,A,3,08,04,09,05,,,,,,,,,1.22,0.71,0.99,4*03
$GPGSV,2,1,07,29,19,187,39.6,21,85,001,40.2,15,47,051,,18,59,300,,1*6D
$GPGSV,2,2,07,03,14,317,39.6,27,08,037,39.7,14,03,216,,1*5B
$GLGSV,2,1,05,68,14,105,39.8,79,65,082,40.2,86,07,336,,80,07,026,39.6,1*64
$GLGSV,2,2,05,84,06,237,39.8,1*5D
$GAGSV,1,1,00,7*73
$GBGSV,1,1,04,08,51,179,39.6,04,27,125,39.3,09,19,190,39.8,05,15,249,39.4,1*78
$GNRMC,220529.000,A,3900.0015,N,11613.9812,E,0.01,352.24,280612,,,A,V*00
$GNVTG,352.24,T,,M,0.01,N,0.01,K,A*21
$GNZDA,220529.000,28,06,2012,,*4B
$GNGGA,220530.000,3900.0015,N,11613.9812,E,1,12,0.71,-9.0,M,-6.8,M,,*4E
$PAIRACC,3.64,7.79*43
$GNGLL,3900.0015,N,11613.9812,E,220530.000,A,A*49
$GNGSA,A,3,29,21,03,27,,,,,,,,,1.22,0.71,0.99,1*08
$GNGSA,A,3,68,79,80,84,,,,,,,,,1.22,0.71,0.99,2*01
$GNGSA,A,3,,,,,,,,,,,,,1.22,0.71,0.99,3*04
$GNGSA,A,3,08,04,09,05,,,,,,,,,1.22,0.71,0.99,4*03
$GPGSV,2,1,07,29,19,187,39.8,21,85,001,39.6,15,47,051,,18,59,300,,1*69
$GPGSV,2,2,07,03,14,317,39.8,27,08,037,40.1,14,03,216,,1*5D
$GLGSV,2,1,05,68,14,105,40.0,79,65,082,39.9,86,07,336,,80,07,026,39.7,1*66
$GLGSV,2,2,05,84,05,237,40.0,1*58
$GAGSV,1,1,00,7*73
$GBGSV,1,1,04,08,51,179,39.8,04,27,125,38.5,09,19,190,39.6,05,15,249,38.7,1*7D
$GNRMC,220530.000,A,3900.0015,N,11613.9812,E,0.01,355.38,280612,,,A,V*02
$GNVTG,355.38,T,,M,0.01,N,0.01,K,A*2B
$GNZDA,220530.000,28,06,2012,,*43
$GNGGA,220531.000,3900.0015,N,11613.9811,E,1,12,0.71,-9.0,M,-6.8,M,,*4C
$PAIRACC,3.66,7.84*43
$GNGLL,3900.0015,N,11613.9811,E,220531.000,A,A*4B
$GNGSA,A,3,29,21,03,27,,,,,,,,,1.22,0.71,0.99,1*08
$GNGSA,A,3,68,79,80,84,,,,,,,,,1.22,0.71,0.99,2*01
$GNGSA,A,3,,,,,,,,,,,,,1.22,0.71,0.99,3*04
$GNGSA,A,3,08,04,09,05,,,,,,,,,1.22,0.71,0.99,4*03
$GPGSV,2,1,07,29,19,187,40.0,21,85,001,40.0,15,47,051,,18,59,300,,1*67
$GPGSV,2,2,07,03,14,317,39.5,27,08,037,39.6,14,03,216,,1*59
$GLGSV,2,1,05,68,14,105,40.0,79,65,082,40.1,86,07,336,,80,07,026,40.2,1*6B
$GLGSV,2,2,05,84,05,237,39.9,1*5F
$GAGSV,1,1,00,7*73
$GBGSV,1,1,04,08,51,179,39.8,04,27,125,38.5,09,19,190,39.5,05,15,249,39.3,1*7B
$GNRMC,220531.000,A,3900.0015,N,11613.9811,E,0.01,357.26,280612,,,A,V*0D
$GNVTG,357.26,T,,M,0.01,N,0.01,K,A*26
$GNZDA,220531.000,28,06,2012,,*42
$GNGGA,220532.000,3900.0015,N,11613.9811,E,1,12,0.71,-9.0,M,-6.8,M,,*4F
$PAIRACC,3.64,7.78*42
$GNGLL,3900.0015,N,11613.9811,E,220532.000,A,A*48
$GNGSA,A,3,29,21,03,27,,,,,,,,,1.22,0.71,0.99,1*08
$GNGSA,A,3,68,79,80,84,,,,,,,,,1.22,0.71,0.99,2*01
$GNGSA,A,3,,,,,,,,,,,,,1.22,0.71,0.99,3*04
$GNGSA,A,3,08,04,09,05,,,,,,,,,1.22,0.71,0.99,4*03
$GPGSV,2,1,07,29,19,187,39.9,21,85,001,39.9,15,47,051,,18,59,300,,1*67
$GPGSV,2,2,07,03,14,317,39.9,27,08,037,40.0,14,03,216,,1*5D
$GLGSV,2,1,05,68,14,105,40.1,79,65,082,40.0,86,07,334,,80,07,026,39.7,1*62
$GLGSV,2,2,05,84,05,237,39.9,1*5F
$GAGSV,1,1,00,7*73
$GBGSV,1,1,04,08,51,179,39.5,04,27,125,39.1,09,19,190,39.7,05,15,249,39.3,1*71
$GNRMC,220532.000,A,3900.0015,N,11613.9811,E,0.01,2.11,280612,,,A,V*09
$GNVTG,2.11,T,,M,0.01,N,0.01,K,A*21
$GNZDA,220532.000,28,06,2012,,*41
$GNGGA,220533.000,3900.0015,N,11613.9811,E,1,12,0.71,-9.0,M,-6.8,M,,*4E
$PAIRACC,3.71,7.89*48
$GNGLL,3900.0015,N,11613.9811,E,220533.000,A,A*49
$GNGSA,A,3,29,21,03,27,,,,,,,,,1.22,0.71,0.99,1*08
$GNGSA,A,3,68,79,80,84,,,,,,,,,1.22,0.71,0.99,2*01
$GNGSA,A,3,,,,,,,,,,,,,1.22,0.71,0.99,3*04
$GNGSA,A,3,08,04,09,05,,,,,,,,,1.22,0.71,0.99,4*03
$GPGSV,2,1,07,29,19,187,40.0,21,85,001,40.0,15,47,051,,18,59,300,,1*67
$GPGSV,2,2,07,03,14,317,39.8,27,08,037,39.9,14,03,216,,1*5B
$GLGSV,2,1,05,68,14,105,40.0,79,65,082,40.0,86,07,334,,80,07,026,40.1,1*6B
$GLGSV,2,2,05,84,05,237,39.8,1*5E
$GAGSV,1,1,00,7*73
$GBGSV,1,1,04,08,51,179,39.5,04,27,125,38.6,09,19,190,39.4,05,15,249,38.8,1*7E
$GNRMC,220533.000,A,3900.0015,N,11613.9811,E,0.01,4.83,280612,,,A,V*05
$GNVTG,4.83,T,,M,0.01,N,0.01,K,A*2C
$GNZDA,220533.000,28,06,2012,,*40
$GNGGA,220534.000,3900.0015,N,11613.9811,E,1,12,0.71,-9.0,M,-6.8,M,,*49
$PAIRACC,3.64,7.78*42
$GNGLL,3900.0015,N,11613.9811,E,220534.000,A,A*4E
$GNGSA,A,3,29,21,03,27,,,,,,,,,1.22,0.71,0.99,1*08
$GNGSA,A,3,68,79,80,84,,,,,,,,,1.22,0.71,0.99,2*01
$GNGSA,A,3,,,,,,,,,,,,,1.22,0.71,0.99,3*04
$GNGSA,A,3,08,04,09,05,,,,,,,,,1.22,0.71,0.99,4*03
$GPGSV,2,1,07,29,19,187,40.0,21,85,001,39.7,15,47,051,,18,59,300,,1*6E
$GPGSV,2,2,07,03,14,317,39.3,27,08,037,40.2,14,03,216,,1*55
$GLGSV,2,1,05,68,14,105,39.9,79,65,082,40.3,86,07,334,,80,07,026,39.9,1*69
$GLGSV,2,2,05,84,05,237,39.8,1*5E
$GAGSV,1,1,00,7*73
$GBGSV,1,1,04,08,51,179,39.5,04,27,125,38.5,09,19,190,39.2,05,15,249,39.1,1*73
$GNRMC,220534.000,A,3900.0015,N,11613.9811,E,0.01,2.19,280612,,,A,V*07
$GNVTG,2.19,T,,M,0.01,N,0.01,K,A*29
$GNZDA,220534.000,28,06,2012,,*47
$GNGGA,220535.000,3900.0015,N,11613.9811,E,1,12,0.71,-9.0,M,-6.8,M,,*48
$PAIRACC,3.68,7.86*4F
$GNGLL,3900.0015,N,11613.9811,E,220535.000,A,A*4F
$GNGSA,A,3,29,21,03,27,,,,,,,,,1.22,0.71,0.99,1*08
$GNGSA,A,3,68,79,80,84,,,,,,,,,1.22,0.71,0.99,2*01
$GNGSA,A,3,,,,,,,,,,,,,1.22,0.71,0.99,3*04
$GNGSA,A,3,08,04,09,05,,,,,,,,,1.22,0.71,0.99,4*03
$GPGSV,2,1,07,29,19,187,40.3,21,85,001,40.2,15,47,051,,18,59,300,,1*66
$GPGSV,2,2,07,03,14,317,39.4,27,08,037,39.9,14,03,216,,1*57
$GLGSV,2,1,05,68,14,105,39.8,79,65,082,40.0,86,07,334,,80,07,026,40.2,1*6E
$GLGSV,2,2,05,84,05,237,39.9,1*5F
$GAGSV,1,1,00,7*73
$GBGSV,1,1,04,08,51,179,39.2,04,27,125,39.5,09,19,190,39.4,05,15,249,39.6,1*74
$GNRMC,220535.000,A,3900.0015,N,11613.9811,E,0.01,8.09,280612,,,A,V*0D
$GNVTG,8.09,T,,M,0.01,N,0.01,K,A*22
$GNZDA,220535.000,28,06,2012,,*46
$GNGGA,220536.000,3900.0015,N,11613.9811,E,1,12,0.71,-9.0,M,-6.8,M,,*4B
$PAIRACC,3.70,8.21*44
$GNGLL,3900.0015,N,11613.9811,E,220536.000,A,A*4C
$GNGSA,A,3,29,21,03,27,,,,,,,,,1.22,0.71,0.99,1*08
$GNGSA,A,3,68,79,80,84,,,,,,,,,1.22,0.71,0.99,2*01
$GNGSA,A,3,,,,,,,,,,,,,1.22,0.71,0.99,3*04
$GNGSA,A,3,08,04,09,05,,,,,,,,,1.22,0.71,0.99,4*03
$GPGSV,2,1,07,29,19,187,39.9,21,85,001,40.2,15,47,051,,18,59,300,,1*62
$GPGSV,2,2,07,03,14,317,39.4,27,08,037,40.2,14,03,216,,1*52
$GLGSV,2,1,05,68,14,105,40.1,79,65,082,40.0,86,07,334,,80,07,026,39.7,1*62
$GLGSV,2,2,05,84,05,237,39.6,1*50
$GAGSV,1,1,00,7*73
$GBGSV,1,1,04,08,51,179,39.6,04,27,125,38.5,09,19,190,39.3,05,15,249,39.0,1*70
$GNRMC,220536.000,A,3900.0015,N,11613.9811,E,0.01,3.73,280612,,,A,V*08
$GNVTG,3.73,T,,M,0.01,N,0.01,K,A*24
$GNZDA,220536.000,28,06,2012,,*45
$GNGGA,220537.000,3900.0015,N,11613.9811,E,1,12,0.71,-9.0,M,-6.8,M,,*4A
$PAIRACC,3.66,7.83*44
$GNGLL,3900.0015,N,11613.9811,E,220537.000,A,A*4D
$GNGSA,A,3,29,21,03,27,,,,,,,,,1.22,0.71,0.99,1*08
$GNGSA,A,3,68,79,80,84,,,,,,,,,1.22,0.71,0.99,2*01
$GNGSA,A,3,,,,,,,,,,,,,1.22,0.71,0.99,3*04
$GNGSA,A,3,08,04,09,05,,,,,,,,,1.22,0.71,0.99,4*03
$GPGSV,2,1,07,29,19,187,39.9,21,85,001,39.7,15,47,051,,18,59,300,,1*69
$GPGSV,2,2,07,03,14,317,39.2,27,08,037,39.7,14,03,216,,1*5F
$GLGSV,2,1,05,68,14,105,40.2,79,65,082,39.9,86,07,334,,80,07,026,39.7,1*66
$GLGSV,2,2,05,84,05,237,39.8,1*5E
$GAGSV,1,1,00,7*73
$GBGSV,1,1,04,08,51,179,39.3,04,27,125,38.8,09,19,190,39.5,05,15,249,39.0,1*7E
$GNRMC,220537.000,A,3900.0015,N,11613.9811,E,0.01,9.47,280612,,,A,V*04
$GNVTG,9.47,T,,M,0.01,N,0.01,K,A*29
$GNZDA,220537.000,28,06,2012,,*44
$GNGGA,220538.000,3900.0015,N,11613.9811,E,1,12,0.71,-9.0,M,-6.8,M,,*45
$PAIRACC,3.73,8.27*41
$GNGLL,3900.0015,N,11613.9811,E,220538.000,A,A*42
$GNGSA,A,3,29,21,03,27,,,,,,,,,1.22,0.71,0.99,1*08
$GNGSA,A,3,68,79,80,84,,,,,,,,,1.22,0.71,0.99,2*01
$GNGSA,A,3,,,,,,,,,,,,,1.22,0.71,0.99,3*04
$GNGSA,A,3,08,04,09,05,,,,,,,,,1.22,0.71,0.99,4*03
$GPGSV,2,1,07,29,19,187,39.4,21,85,001,39.9,15,47,051,,18,59,300,,1*6A
$GPGSV,2,2,07,03,14,317,39.6,27,08,037,39.6,14,03,216,,1*5A
$GLGSV,2,1,05,68,14,105,40.3,79,65,082,40.2,86,07,334,,80,07,026,39.7,1*62
$GLGSV,2,2,05,84,05,237,40.0,1*58
$GAGSV,1,1,00,7*73
$GBGSV,1,1,04,08,51,179,39.3,04,27,125,39.3,09,19,190,39.2,05,15,249,39.1,1*72
$GNRMC,220538.000,A,3900.0015,N,11613.9811,E,0.01,11.90,280612,,,A,V*38
$GNVTG,11.90,T,,M,0.01,N,0.01,K,A*1A
$GNZDA,220538.000,28,06,2012,,*4B
$GNGGA,220539.000,3900.0015,N,11613.9811,E,1,12,0.71,-9.0,M,-6.8,M,,*44
$PAIRACC,3.73,7.84*47
$GNGLL,3900.0015,N,11613.9811,E,220539.000,A,A*43
$GNGSA,A,3,29,21,03,27,,,,,,,,,1.22,0.71,0.99,1*08
$GNGSA,A,3,68,79,80,84,,,,,,,,,1.22,0.71,0.99,2*01
$GNGSA,A,3,,,,,,,,,,,,,1.22,0.71,0.99,3*04
$GNGSA,A,3,08,04,09,05,,,,,,,,,1.22,0.71,0.99,4*03
$GPGSV,2,1,07,29,19,187,39.7,21,85,001,39.8,15,47,051,,18,59,300,,1*68
$GPGSV,2,2,07,03,14,317,39.6,27,08,037,39.8,14,03,216,,1*54
$GLGSV,2,1,05,68,14,105,40.2,79,65,082,40.3,86,07,334,,80,07,026,40.0,1*6B
$GLGSV,2,2,05,84,05,237,40.0,1*58
$GAGSV,1,1,00,7*73
$GBGSV,1,1,04,08,51,179,39.4,04,27,125,38.4,09,19,190,39.3,05,15,249,39.0,1*73
$GNRMC,220539.000,A,3900.0015,N,11613.9811,E,0.01,2.89,280612,,,A,V*03
$GNVTG,2.89,T,,M,0.01,N,0.01,K,A*20
$GNZDA,220539.000,28,06,2012,,*4A
$GNGGA,220540.000,3900.0015,N,11613.9811,E,1,12,0.71,-9.0,M,-6.8,M,,*4A
$PAIRACC,3.73,8.27*41
$GNGLL,3900.0015,N,11613.9811,E,220540.000,A,A*4D
$GNGSA,A,3,29,21,03,27,,,,,,,,,1.22,0.71,0.99,1*08
$GNGSA,A,3,68,79,80,84,,,,,,,,,1.22,0.71,0.99,2*01
$GNGSA,A,3,,,,,,,,,,,,,1.22,0.71,0.99,3*04
$GNGSA,A,3,08,04,09,05,,,,,,,,,1.22,0.71,0.99,4*03
$GPGSV,2,1,07,29,19,187,39.4,21,85,001,39.6,15,47,051,,18,59,300,,1*65
$GPGSV,2,2,07,03,14,317,40.0,27,08,037,40.0,14,03,216,,1*5A
$GLGSV,2,1,05,68,14,105,40.2,79,65,082,39.9,86,07,334,,80,07,026,39.6,1*67
$GLGSV,2,2,05,84,05,237,40.1,1*59
$GAGSV,1,1,00,7*73
$GBGSV,1,1,04,08,51,179,39.7,04,27,125,38.6,09,19,190,38.8,05,15,249,39.0,1*78
$GNRMC,220540.000,A,3900.0015,N,11613.9811,E,0.01,5.06,280612,,,A,V*0D
$GNVTG,5.06,T,,M,0.01,N,0.01,K,A*20
$GNZDA,220540.000,28,06,2012,,*44
$GNGGA,220541.000,3900.0015,N,11613.9811,E,1,12,0.71,-9.0,M,-6.8,M,,*4B
$PAIRACC,3.73,7.84*47
$GNGLL,3900.0015,N,11613.9811,E,220541.000,A,A*4C
$GNGSA,A,3,29,21,03,27,,,,,,,,,1.22,0.71,0.99,1*08
$GNGSA,A,3,68,79,80,84,,,,,,,,,1.22,0.71,0.99,2*01
$GNGSA,A,3,,,,,,,,,,,,,1.22,0.71,0.99,3*04
$GNGSA,A,3,08,04,09,05,,,,,,,,,1.22,0.71,0.99,4*03
$GPGSV,2,1,07,29,19,187,39.8,21,85,001,39.7,15,47,051,,18,59,300,,1*68
$GPGSV,2,2,07,03,14,317,39.5,27,08,037,39.8,14,03,216,,1*57
$GLGSV,2,1,05,68,14,105,39.6,79,65,082,40.4,86,07,334,,80,07,026,39.9,1*61
$GLGSV,2,2,05,84,05,237,40.0,1*58
$GAGSV,1,1,00,7*73
$GBGSV,1,1,04,08,51,179,39.4,04,27,125,39.2,09,19,190,39.2,05,15,249,39.4,1*71
$GNRMC,220541.000,A,3900.0015,N,11613.9811,E,0.01,1.88,280612,,,A,V*0E
$GNVTG,1.88,T,,M,0.01,N,0.01,K,A*22
$GNZDA,220541.000,28,06,2012,,*45
$GNGGA,220542.000,3900.0015,N,11613.9811,E,1,12,0.71,-9.0,M,-6.8,M,,*48
$PAIRACC,3.73,8.28*4E
$GNGLL,3900.0015,N,11613.9811,E,220542.000,A,A*4F
$GNGSA,A,3,29,21,03,27,,,,,,,,,1.22,0.71,0.99,1*08
$GNGSA,A,3,68,79,80,84,,,,,,,,,1.22,0.71,0.99,2*01
$GNGSA,A,3,,,,,,,,,,,,,1.22,0.71,0.99,3*04
$GNGSA,A,3,08,04,09,05,,,,,,,,,1.22,0.71,0.99,4*03
$GPGSV,2,1,07,29,19,187,40.0,21,85,001,40.1,15,47,051,,18,59,300,,1*66
$GPGSV,2,2,07,03,14,317,39.6,27,08,037,40.0,14,03,216,,1*52
$GLGSV,2,1,05,68,14,105,39.9,79,65,082,40.2,86,07,334,,80,07,026,40.1,1*6E
$GLGSV,2,2,05,84,05,237,39.9,1*5F
$GAGSV,1,1,00,7*73
$GBGSV,1,1,04,08,51,179,39.1,04,27,125,38.4,09,19,190,39.4,05,15,249,39.0,1*71
$GNRMC,220542.000,A,3900.0015,N,11613.9811,E,0.01,0.07,280612,,,A,V*0B
$GNVTG,0.07,T,,M,0.01,N,0.02,K,A*27
$GNZDA,220542.000,28,06,2012,,*46
$GNGGA,220543.000,3900.0015,N,11613.9811,E,1,12,0.71,-9.0,M,-6.8,M,,*49
$PAIRACC,3.67,7.83*45
$GNGLL,3900.0015,N,11613.9811,E,220543.000,A,A*4E
$GNGSA,A,3,29,21,03,27,,,,,,,,,1.22,0.71,0.99,1*08
$GNGSA,A,3,68,79,80,84,,,,,,,,,1.22,0.71,0.99,2*01
$GNGSA,A,3,,,,,,,,,,,,,1.22,0.71,0.99,3*04
$GNGSA,A,3,08,04,09,05,,,,,,,,,1.22,0.71,0.99,4*03
$GPGSV,2,1,07,29,19,187,39.8,21,85,001,40.2,15,47,051,,18,59,300,,1*63
$GPGSV,2,2,07,03,14,317,39.4,27,08,037,40.0,14,03,216,,1*50
$GLGSV,2,1,05,68,14,105,39.5,79,65,082,40.0,86,07,334,,80,07,026,40.0,1*61
$GLGSV,2,2,05,84,05,237,40.0,1*58
$GAGSV,1,1,00,7*73
$GBGSV,1,1,04,08,51,179,39.3,04,27,125,38.4,09,20,190,39.2,05,15,249,39.2,1*7D
$GNRMC,220543.000,A,3900.0015,N,11613.9811,E,0.01,3.25,280612,,,A,V*09
$GNVTG,3.25,T,,M,0.01,N,0.01,K,A*27
$GNZDA,220543.000,28,06,2012,,*47
$GNGGA,220544.000,3900.0015,N,11613.9811,E,1,12,0.71,-9.0,M,-6.8,M,,*4E
$PAIRACC,3.66,7.82*45
$GNGLL,3900.0015,N,11613.9811,E,220544.000,A,A*49
$GNGSA,A,3,29,21,03,27,,,,,,,,,1.22,0.71,0.99,1*08
$GNGSA,A,3,68,79,80,84,,,,,,,,,1.22,0.71,0.99,2*01
$GNGSA,A,3,,,,,,,,,,,,,1.22,0.71,0.99,3*04
$GNGSA,A,3,08,04,09,05,,,,,,,,,1.22,0.71,0.99,4*03
$GPGSV,2,1,07,29,19,187,39.8,21,85,001,39.8,15,47,051,,18,59,300,,1*67
$GPGSV,2,2,07,03,14,317,39.5,27,08,037,40.3,14,03,216,,1*52
$GLGSV,2,1,05,68,14,105,39.9,79,65,082,39.9,86,07,334,,80,07,026,39.8,1*6C
$GLGSV,2,2,05,84,05,237,39.5,1*53
$GAGSV,1,1,00,7*73
$GBGSV,1,1,04,08,51,179,39.9,04,27,125,39.3,09,20,190,39.6,05,15,249,39.4,1*73
$GNRMC,220544.000,A,3900.0015,N,11613.9811,E,0.01,11.25,280612,,,A,V*3D
$GNVTG,11.25,T,,M,0.01,N,0.01,K,A*14
$GNZDA,220544.000,28,06,2012,,*40
$GNGGA,220545.000,3900.0015,N,11613.9811,E,1,12,0.71,-9.0,M,-6.8,M,,*4F
$PAIRACC,3.73,8.27*41
$GNGLL,3900.0015,N,11613.9811,E,220545.000,A,A*48
$GNGSA,A,3,29,21,03,27,,,,,,,,,1.22,0.71,0.99,1*08
$GNGSA,A,3,68,79,80,84,,,,,,,,,1.22,0.71,0.99,2*01
$GNGSA,A,3,,,,,,,,,,,,,1.22,0.71,0.99,3*04
$GNGSA,A,3,08,04,09,05,,,,,,,,,1.22,0.71,0.99,4*03
$GPGSV,2,1,07,29,19,187,39.5,21,85,001,39.8,15,47,051,,18,59,300,,1*6A
$GPGSV,2,2,07,03,14,317,39.7,27,08,037,40.0,14,03,216,,1*53
$GLGSV,2,1,05,68,14,105,40.2,79,65,082,40.0,86,07,334,,80,07,026,39.8,1*6E
$GLGSV,2,2,05,84,05,237,40.2,1*5A
$GAGSV,1,1,00,7*73
$GBGSV,1,1,04,08,51,179,39.7,04,27,125,38.2,09,20,190,39.7,05,15,249,39.0,1*78
$GNRMC,220545.000,A,3900.0015,N,11613.9811,E,0.01,5.14,280612,,,A,V*0B
$GNVTG,5.14,T,,M,0.01,N,0.01,K,A*23
$GNZDA,220545.000,28,06,2012,,*41
$GNGGA,220546.000,3900.0015,N,11613.9811,E,1,12,0.71,-9.0,M,-6.8,M,,*4C
$PAIRACC,3.65,7.79*42
$GNGLL,3900.0015,N,11613.9811,E,220546.000,A,A*4B
$GNGSA,A,3,29,21,03,27,,,,,,,,,1.22,0.71,0.99,1*08
$GNGSA,A,3,68,79,80,84,,,,,,,,,1.22,0.71,0.99,2*01
$GNGSA,A,3,,,,,,,,,,,,,1.22,0.71,0.99,3*04
$GNGSA,A,3,08,04,09,05,,,,,,,,,1.22,0.71,0.99,4*03
$GPGSV,2,1,07,29,19,187,39.3,21,85,001,40.1,15,47,051,,18,59,300,,1*6B
$GPGSV,2,2,07,03,14,317,39.6,27,08,037,39.9,14,03,216,,1*55
$GLGSV,2,1,05,68,14,105,40.1,79,65,082,40.0,86,07,334,,80,07,026,39.7,1*62
$GLGSV,2,2,05,84,05,237,40.1,1*59
$GAGSV,1,1,00,7*73
$GBGSV,1,1,04,08,51,179,39.9,04,27,125,38.5,09,20,190,39.7,05,15,249,39.3,1*72
$GNRMC,220546.000,A,3900.0015,N,11613.9811,E,0.01,6.16,280612,,,A,V*09
$GNVTG,6.16,T,,M,0.01,N,0.01,K,A*22
$GNZDA,220546.000,28,06,2012,,*42
$GNGGA,220547.000,3900.0015,N,11613.9811,E,1,12,0.71,-9.0,M,-6.8,M,,*4D
$PAIRACC,3.67,7.83*45
$GNGLL,3900.0015,N,11613.9811,E,220547.000,A,A*4A
$GNGSA,A,3,29,03,27,21,,,,,,,,,1.22,0.71,0.99,1*08
$GNGSA,A,3,79,68,80,84,,,,,,,,,1.22,0.71,0.99,2*01
$GNGSA,A,3,,,,,,,,,,,,,1.22,0.71,0.99,3*04
$GNGSA,A,3,08,04,09,05,,,,,,,,,1.22,0.71,0.99,4*03
$GPGSV,2,1,08,14,03,216,,18,59,300,,15,47,051,,22,30,275,,1*6A
$GPGSV,2,2,08,29,19,187,40.2,03,14,317,39.4,27,08,037,40.2,21,85,001,39.9,1*69
$GLGSV,2,1,05,79,65,082,39.8,68,14,105,39.6,86,07,334,,80,07,026,40.1,1*65
$GLGSV,2,2,05,84,05,237,39.7,1*51
$GAGSV,1,1,00,7*73
$GBGSV,1,1,04,08,51,179,39.2,04,27,125,39.4,09,20,190,39.6,05,15,249,39.6,1*7D
$GNRMC,220547.000,A,3900.0015,N,11613.9811,E,0.01,11.83,280612,,,A,V*32
$GNVTG,11.83,T,,M,0.01,N,0.01,K,A*18
$GNZDA,220547.000,28,06,2012,,*43
$GNGGA,220548.000,3900.0015,N,11613.9811,E,1,12,0.71,-9.0,M,-6.8,M,,*42
$PAIRACC,3.74,8.28*49
$GNGLL,3900.0015,N,11613.9811,E,220548.000,A,A*45
$GNGSA,A,3,21,29,03,27,,,,,,,,,1.22,0.71,0.99,1*08
$GNGSA,A,3,79,68,80,84,,,,,,,,,1.22,0.71,0.99,2*01
$GNGSA,A,3,,,,,,,,,,,,,1.22,0.71,0.99,3*04
$GNGSA,A,3,08,04,09,05,,,,,,,,,1.22,0.71,0.99,4*03
$GPGSV,2,1,08,14,03,216,,21,85,001,39.9,15,47,051,,22,30,275,,1*7E
$GPGSV,2,2,08,29,19,187,39.8,03,14,317,39.5,27,08,037,39.6,18,59,300,,1*72
$GLGSV,2,1,06,70,37,323,,79,65,082,40.0,68,14,105,39.7,86,07,334,,1*70
$GLGSV,2,2,06,80,07,026,39.8,84,05,237,40.0,1*7C
$GAGSV,1,1,00,7*73
$GBGSV,1,1,04,08,51,179,39.4,04,27,125,38.5,09,20,190,39.7,05,15,249,38.8,1*75
$GNRMC,220548.000,A,3900.0015,N,11613.9811,E,0.01,11.72,280612,,,A,V*33
$GNVTG,11.72,T,,M,0.01,N,0.01,K,A*16
$GNZDA,220548.000,28,06,2012,,*4C
$GNGGA,220549.000,3900.0015,N,11613.9811,E,1,12,0.71,-9.0,M,-6.8,M,,*43
$PAIRACC,3.67,7.84*42
$GNGLL,3900.0015,N,11613.9811,E,220549.000,A,A*44
$GNGSA,A,3,21,29,03,27,,,,,,,,,1.22,0.71,0.99,1*08
$GNGSA,A,3,79,68,80,84,,,,,,,,,1.22,0.71,0.99,2*01
$GNGSA,A,3,,,,,,,,,,,,,1.22,0.71,0.99,3*04
$GNGSA,A,3,08,04,09,05,,,,,,,,,1.22,0.71,0.99,4*03
$GPGSV,2,1,08,14,03,216,,21,85,001,39.8,15,47,051,,22,30,275,,1*7F
$GPGSV,2,2,08,29,19,187,39.9,03,14,317,39.9,27,08,037,39.4,18,59,300,,1*7D
$GLGSV,2,1,06,78,20,031,,79,65,082,40.2,68,14,105,40.1,86,07,334,,1*74
$GLGSV,2,2,06,80,07,026,39.5,84,05,237,40.0,1*71
$GAGSV,1,1,00,7*73
$GBGSV,1,1,04,08,51,179,39.3,04,27,125,38.6,09,20,190,39.9,05,15,249,39.2,1*74
$GNRMC,220549.000,A,3900.0015,N,11613.9811,E,0.01,8.37,280612,,,A,V*0B
$GNVTG,8.37,T,,M,0.01,N,0.01,K,A*2F
$GNZDA,220549.000,28,06,2012,,*4D
$GNGGA,220550.000,3900.0015,N,11613.9811,E,1,12,0.71,-9.0,M,-6.8,M,,*4B
$PAIRACC,3.66,7.82*45
$GNGLL,3900.0015,N,11613.9811,E,220550.000,A,A*4C
$GNGSA,A,3,21,29,03,27,,,,,,,,,1.22,0.71,0.99,1*08
$GNGSA,A,3,79,68,80,84,,,,,,,,,1.22,0.71,0.99,2*01
$GNGSA,A,3,,,,,,,,,,,,,1.22,0.71,0.99,3*04
$GNGSA,A,3,08,04,09,05,,,,,,,,,1.22,0.71,0.99,4*03
$GPGSV,2,1,08,14,03,216,,21,85,001,39.8,15,47,051,,22,30,275,,1*7F
$GPGSV,2,2,08,29,19,187,40.1,03,14,317,39.5,27,08,037,39.6,18,59,300,,1*75
$GLGSV,2,1,06,85,16,285,,79,65,082,40.2,68,14,105,39.8,86,07,334,,1*79
$GLGSV,2,2,06,80,07,026,40.0,84,05,237,39.4,1*70
$GAGSV,1,1,00,7*73
$GBGSV,1,1,04,08,51,179,39.5,04,27,125,39.1,09,20,190,39.5,05,15,249,39.5,1*7F
$GNRMC,220550.000,A,3900.0015,N,11613.9811,E,0.01,11.27,280612,,,A,V*3A
$GNVTG,11.27,T,,M,0.01,N,0.01,K,A*16
$GNZDA,220550.000,28,06,2012,,*45
$GNGGA,220551.000,3900.0015,N,11613.9811,E,1,12,0.71,-9.0,M,-6.8,M,,*4A
$PAIRACC,3.81,8.30*4A
$GNGLL,3900.0015,N,11613.9811,E,220551.000,A,A*4D
$GNGSA,A,3,21,29,03,27,,,,,,,,,1.22,0.71,0.99,1*08
$GNGSA,A,3,68,79,80,84,,,,,,,,,1.22,0.71,0.99,2*01
$GNGSA,A,3,,,,,,,,,,,,,1.22,0.71,0.99,3*04
$GNGSA,A,3,08,04,09,05,,,,,,,,,1.22,0.71,0.99,4*03
$GPGSV,2,1,08,14,03,216,,21,85,001,39.7,15,47,051,,22,30,275,,1*70
$GPGSV,2,2,08,29,19,187,39.7,03,14,317,39.5,27,08,037,39.8,18,59,300,,1*73
$GLGSV,2,1,05,68,14,105,39.6,79,65,082,39.5,86,07,334,,80,07,026,39.6,1*61
$GLGSV,2,2,05,84,05,237,39.6,1*50
$GAGSV,1,1,00,7*73
$GBGSV,2,1,05,08,51,179,39.4,04,27,125,38.4,09,20,190,39.7,05,15,249,38.8,1*76
$GBGSV,2,2,05,10,08,213,,1*4A
$GNRMC,220551.000,A,3900.0015,N,11613.9811,E,0.01,1.11,280612,,,A,V*0F
$GNVTG,1.11,T,,M,0.01,N,0.01,K,A*22
$GNZDA,220551.000,28,06,2012,,*44
$GNGGA,220552.000,3900.0015,N,11613.9811,E,1,12,0.71,-9.0,M,-6.8,M,,*49
$PAIRACC,3.66,7.83*44
$GNGLL,3900.0015,N,11613.9811,E,220552.000,A,A*4E
$GNGSA,A,3,21,29,03,27,,,,,,,,,1.22,0.71,0.99,1*08
$GNGSA,A,3,68,79,80,84,,,,,,,,,1.22,0.71,0.99,2*01
$GNGSA,A,3,,,,,,,,,,,,,1.22,0.71,0.99,3*04
$GNGSA,A,3,08,04,09,05,,,,,,,,,1.22,0.71,0.99,4*03
$GPGSV,2,1,08,14,03,216,,21,85,001,39.8,15,47,051,,22,30,275,,1*7F
$GPGSV,2,2,08,29,19,187,39.9,03,14,317,39.5,27,08,037,39.7,18,59,300,,1*72
$GLGSV,2,1,05,68,14,105,39.7,79,65,082,39.9,86,07,334,,80,07,026,39.3,1*69
$GLGSV,2,2,05,84,05,237,39.9,1*5F
$GAGSV,1,1,00,7*73
$GBGSV,2,1,05,08,51,179,39.9,04,27,125,38.3,09,20,190,39.6,05,15,249,38.8,1*7D
$GBGSV,2,2,05,10,08,213,,1*4A
$GNRMC,220552.000,A,3900.0015,N,11613.9811,E,0.01,3.67,280612,,,A,V*0F
$GNVTG,3.67,T,,M,0.01,N,0.01,K,A*21
$GNZDA,220552.000,28,06,2012,,*47
$GNGGA,220553.000,3900.0015,N,11613.9811,E,1,12,0.71,-9.0,M,-6.8,M,,*48
$PAIRACC,3.82,8.31*48
$GNGLL,3900.0015,N,11613.9811,E,220553.000,A,A*4F
$GNGSA,A,3,21,29,03,27,,,,,,,,,1.22,0.71,0.99,1*08
$GNGSA,A,3,68,79,80,84,,,,,,,,,1.22,0.71,0.99,2*01
$GNGSA,A,3,,,,,,,,,,,,,1.22,0.71,0.99,3*04
$GNGSA,A,3,08,04,09,05,,,,,,,,,1.22,0.71,0.99,4*03
$GPGSV,2,1,08,14,03,216,,21,85,001,40.0,15,47,051,,22,30,275,,1*79
$GPGSV,2,2,08,29,19,187,40.0,03,14,317,39.9,27,08,037,40.0,18,59,300,,1*70
$GLGSV,2,1,06,68,14,105,39.9,79,65,082,39.6,86,07,334,,80,07,026,39.7,1*6F
$GLGSV,2,2,06,84,05,237,39.2,65,04,305,,1*66
$GAGSV,1,1,00,7*73
$GBGSV,2,1,05,08,51,179,39.8,04,27,125,39.2,09,20,190,39.6,05,15,249,39.5,1*70
$GBGSV,2,2,05,10,08,213,,1*4A
$GNRMC,220553.000,A,3900.0015,N,11613.9811,E,0.01,356.87,280612,,,A,V*03
$GNVTG,356.87,T,,M,0.01,N,0.01,K,A*2C
$GNZDA,220553.000,28,06,2012,,*46
$GNGGA,220554.000,3900.0015,N,11613.9811,E,1,12,0.71,-9.0,M,-6.8,M,,*4F
$PAIRACC,3.67,7.83*45
$GNGLL,3900.0015,N,11613.9811,E,220554.000,A,A*48
$GNGSA,A,3,21,29,03,27,,,,,,,,,1.22,0.71,0.99,1*08
$GNGSA,A,3,79,68,80,84,,,,,,,,,1.22,0.71,0.99,2*01
$GNGSA,A,3,,,,,,,,,,,,,1.22,0.71,0.99,3*04
$GNGSA,A,3,08,04,09,05,,,,,,,,,1.22,0.71,0.99,4*03
$GPGSV,2,1,08,14,03,216,,15,47,051,,21,85,001,39.6,22,30,275,,1*71
$GPGSV,2,2,08,29,19,187,39.8,03,14,317,39.4,27,08,037,40.2,18,59,300,,1*79
$GLGSV,2,1,06,86,07,334,,79,65,082,39.7,68,14,105,40.1,80,07,026,39.6,1*69
$GLGSV,2,2,06,84,05,237,39.8,65,04,305,,1*6C
$GAGSV,1,1,00,7*73
$GBGSV,2,1,06,08,51,179,39.4,01,38,147,,04,27,125,38.8,09,20,190,39.2,1*67
$GBGSV,2,2,06,05,15,249,38.9,10,08,213,,1*6B
$GNRMC,220554.000,A,3900.0015,N,11613.9811,E,0.01,5.21,280612,,,A,V*0D
$GNVTG,5.21,T,,M,0.01,N,0.01,K,A*25
$GNZDA,220554.000,28,06,2012,,*41
$GNGGA,220555.000,3900.0015,N,11613.9811,E,1,12,0.71,-9.0,M,-6.8,M,,*4E
$PAIRACC,3.75,8.30*41
$GNGLL,3900.0015,N,11613.9811,E,220555.000,A,A*49
$GNGSA,A,3,21,29,03,27,,,,,,,,,1.22,0.71,0.99,1*08
$GNGSA,A,3,68,79,80,84,,,,,,,,,1.22,0.71,0.99,2*01
$GNGSA,A,3,,,,,,,,,,,,,1.22,0.71,0.99,3*04
$GNGSA,A,3,04,08,09,05,,,,,,,,,1.22,0.71,0.99,4*03
$GPGSV,2,1,08,14,03,216,,15,47,051,,21,85,001,40.3,22,30,275,,1*7A
$GPGSV,2,2,08,29,19,187,40.1,03,14,317,40.0,27,08,037,40.0,18,59,300,,1*76
$GLGSV,2,1,06,68,14,105,39.7,79,65,082,40.0,70,37,323,,86,07,334,,1*70
$GLGSV,2,2,06,80,07,026,40.0,84,05,237,39.8,1*7C
$GAGSV,1,1,00,7*73
$GBGSV,2,1,07,04,27,125,38.2,03,44,191,,01,38,147,,08,51,179,39.2,1*75
$GBGSV,2,2,07,09,20,190,39.3,05,15,249,39.3,10,08,213,,1*45
$GNRMC,220555.000,A,3900.0015,N,11613.9811,E,0.01,7.06,280612,,,A,V*0B
$GNVTG,7.06,T,,M,0.01,N,0.02,K,A*21
$GNZDA,220555.000,28,06,2012,,*40
$GNGGA,220556.000,3900.0015,N,11613.9811,E,1,12,0.71,-9.0,M,-6.8,M,,*4D
$PAIRACC,3.74,7.85*41
$GNGLL,3900.0015,N,11613.9811,E,220556.000,A,A*4A
$GNGSA,A,3,21,29,03,27,,,,,,,,,1.22,0.71,0.99,1*08
$GNGSA,A,3,79,68,80,84,,,,,,,,,1.22,0.71,0.99,2*01
$GNGSA,A,3,,,,,,,,,,,,,1.22,0.71,0.99,3*04
$GNGSA,A,3,04,08,09,05,,,,,,,,,1.22,0.71,0.99,4*03
$GPGSV,2,1,08,14,03,216,,15,47,051,,22,30,275,,21,85,001,39.9,1*7E
$GPGSV,2,2,08,29,19,187,39.9,03,14,317,39.5,27,08,037,39.8,18,59,300,,1*7D
$GLGSV,2,1,08,85,16,285,,79,65,082,40.2,70,37,323,,78,20,031,,1*67
$GLGSV,2,2,08,68,14,105,39.9,86,07,334,,80,07,026,39.8,84,05,237,39.7,1*64
$GAGSV,1,1,00,7*73
$GBGSV,2,1,07,04,27,125,39.3,03,44,191,,02,30,229,,08,51,179,39.6,1*71
$GBGSV,2,2,07,09,20,190,39.6,05,15,249,39.2,10,08,213,,1*41
$GNRMC,220556.000,A,3900.0015,N,11613.9811,E,0.01,5.60,280612,,,A,V*0A
$GNVTG,5.60,T,,M,0.01,N,0.02,K,A*23
$GNZDA,220556.000,28,06,2012,,*43
$GNGGA,220557.000,3900.0015,N,11613.9811,E,1,12,0.71,-9.0,M,-6.8,M,,*4C
$PAIRACC,3.68,7.84*4D
$GNGLL,3900.0015,N,11613.9811,E,220557.000,A,A*4B
$GNGSA,A,3,21,29,03,27,,,,,,,,,1.22,0.71,0.99,1*08
$GNGSA,A,3,79,68,80,84,,,,,,,,,1.22,0.71,0.99,2*01
$GNGSA,A,3,,,,,,,,,,,,,1.22,0.71,0.99,3*04
$GNGSA,A,3,08,04,09,05,,,,,,,,,1.22,0.71,0.99,4*03
$GPGSV,2,1,08,14,03,216,,15,47,051,,21,85,001,39.9,22,30,275,,1*7E
$GPGSV,2,2,08,29,19,187,40.2,03,14,317,39.3,27,08,037,40.1,18,59,300,,1*79
$GLGSV,2,1,06,86,07,334,,79,65,082,40.1,68,14,105,39.6,80,07,026,39.7,1*69
$GLGSV,2,2,06,84,05,237,39.6,65,04,305,,1*62
$GAGSV,1,1,00,7*73
$GBGSV,2,1,06,08,51,179,39.2,02,30,229,,04,27,125,38.6,09,20,190,39.7,1*6A
$GBGSV,2,2,06,05,15,249,39.2,10,08,213,,1*61
$GNRMC,220557.000,A,3900.0015,N,11613.9811,E,0.01,2.66,280612,,,A,V*0A
$GNVTG,2.66,T,,M,0.01,N,0.02,K,A*22
$GNZDA,220557.000,28,06,2012,,*42
$GNGGA,220558.000,3900.0015,N,11613.9811,E,1,12,0.71,-9.0,M,-6.8,M,,*43
$PAIRACC,3.81,8.30*4A
$GNGLL,3900.0015,N,11613.9811,E,220558.000,A,A*44
$GNGSA,A,3,21,29,03,27,,,,,,,,,1.22,0.71,0.99,1*08
$GNGSA,A,3,68,79,80,84,,,,,,,,,1.22,0.71,0.99,2*01
$GNGSA,A,3,,,,,,,,,,,,,1.22,0.71,0.99,3*04
$GNGSA,A,3,08,04,09,05,,,,,,,,,1.22,0.71,0.99,4*03
$GPGSV,2,1,08,14,03,216,,21,85,001,40.1,15,47,051,,22,30,275,,1*78
$GPGSV,2,2,08,29,19,187,39.9,03,14,317,39.4,27,08,037,39.9,18,59,300,,1*7D
$GLGSV,2,1,06,68,14,105,39.6,79,65,082,40.2,86,07,334,,80,07,026,40.1,1*62
$GLGSV,2,2,06,84,05,237,39.8,65,04,305,,1*6C
$GAGSV,1,1,00,7*73
$GBGSV,2,1,05,08,51,179,39.7,04,27,125,38.5,09,20,190,39.4,05,15,249,39.1,1*7F
$GBGSV,2,2,05,10,08,213,,1*4A
$GNRMC,220558.000,A,3900.0015,N,11613.9811,E,0.01,6.51,280612,,,A,V*05
$GNVTG,6.51,T,,M,0.01,N,0.02,K,A*22
$GNZDA,220558.000,28,06,2012,,*4D
$GNGGA,220559.000,3900.0015,N,11613.9811,E,1,12,0.71,-9.0,M,-6.8,M,,*42
$PAIRACC,3.68,7.86*4F
$GNGLL,3900.0015,N,11613.9811,E,220559.000,A,A*45
$GNGSA,A,3,21,29,03,27,,,,,,,,,1.22,0.71,0.99,1*08
$GNGSA,A,3,68,79,80,84,,,,,,,,,1.22,0.71,0.99,2*01
$GNGSA,A,3,,,,,,,,,,,,,1.22,0.71,0.99,3*04
$GNGSA,A,3,08,04,09,05,,,,,,,,,1.22,0.71,0.99,4*03
$GPGSV,2,1,08,14,03,216,,21,85,001,39.7,15,47,051,,22,30,275,,1*70
$GPGSV,2,2,08,29,19,187,40.0,03,14,317,39.7,27,08,037,40.1,18,59,300,,1*7F
$GLGSV,2,1,05,68,14,105,40.0,79,65,082,39.9,86,07,334,,80,07,026,40.0,1*6D
$GLGSV,2,2,05,84,05,237,39.8,1*5E
$GAGSV,1,1,00,7*73
$GBGSV,2,1,05,08,51,179,39.7,04,27,125,39.3,09,20,190,39.7,05,15,249,39.3,1*79
$GBGSV,2,2,05,10,08,213,,1*4A
$GNRMC,220559.000,A,3900.0015,N,11613.9811,E,0.01,2.56,280612,,,A,V*07
$GNVTG,2.56,T,,M,0.01,N,0.01,K,A*22
$GNZDA,220559.000,28,06,2012,,*4C
$GNGGA,220600.000,3900.0015,N,11613.9811,E,1,12,0.71,-9.0,M,-6.8,M,,*4D
$PAIRACC,3.75,8.29*49
$GNGLL,3900.0015,N,11613.9811,E,220600.000,A,A*4A
$GNGSA,A,3,21,29,03,27,,,,,,,,,1.22,0.71,0.99,1*08
$GNGSA,A,3,79,68,80,84,,,,,,,,,1.22,0.71,0.99,2*01
$GNGSA,A,3,,,,,,,,,,,,,1.22,0.71,0.99,3*04
$GNGSA,A,3,04,08,09,05,,,,,,,,,1.22,0.71,0.99,4*03
$GPGSV,2,1,08,14,03,216,,15,47,051,,21,85,001,39.8,22,30,275,,1*7F
$GPGSV,2,2,08,29,19,187,40.0,03,14,317,39.5,27,08,037,40.2,18,59,300,,1*7E
$GLGSV,2,1,05,86,07,334,,79,65,082,40.1,68,14,105,40.2,80,07,026,39.5,1*62
$GLGSV,2,2,05,84,05,237,40.1,1*59
$GAGSV,1,1,00,7*73
$GBGSV,2,1,07,04,27,125,38.2,03,44,191,,01,38,147,,08,51,179,39.6,1*71
$GBGSV,2,2,07,09,20,190,39.2,05,15,249,39.2,10,08,213,,1*45
$GNRMC,220600.000,A,3900.0015,N,11613.9811,E,0.01,2.64,280612,,,A,V*09
$GNVTG,2.64,T,,M,0.01,N,0.01,K,A*23
$GNZDA,220600.000,28,06,2012,,*43
$GNGGA,220601.000,3900.0015,N,11613.9811,E,1,12,0.71,-9.0,M,-6.8,M,,*4C
$PAIRACC,3.68,7.87*4E
$GNGLL,3900.0015,N,11613.9811,E,220601.000,A,A*4B
$GNGSA,A,3,21,29,03,27,,,,,,,,,1.22,0.71,0.99,1*08
$GNGSA,A,3,68,79,80,84,,,,,,,,,1.22,0.71,0.99,2*01
$GNGSA,A,3,,,,,,,,,,,,,1.22,0.71,0.99,3*04
$GNGSA,A,3,08,04,09,05,,,,,,,,,1.22,0.71,0.99,4*03
$GPGSV,2,1,08,14,03,216,,21,85,001,39.8,15,47,051,,22,30,275,,1*7F
$GPGSV,2,2,08,29,19,187,40.3,03,14,317,40.0,27,08,037,40.0,18,59,300,,1*74
$GLGSV,2,1,05,68,14,105,39.9,79,65,082,39.6,86,07,334,,80,07,026,39.5,1*6E
$GLGSV,2,2,05,84,05,237,39.8,1*5E
$GAGSV,1,1,00,7*73
$GBGSV,2,1,06,08,51,179,39.1,01,38,147,,04,27,125,38.6,09,20,190,39.8,1*66
$GBGSV,2,2,06,05,15,249,39.1,10,08,213,,1*62
$GNRMC,220601.000,A,3900.0015,N,11613.9811,E,0.01,6.79,280612,,,A,V*00
$GNVTG,6.79,T,,M,0.01,N,0.01,K,A*2B
$GNZDA,220601.000,28,06,2012,,*42
$GNGGA,220602.000,3900.0015,N,11613.9811,E,1,12,0.71,-9.0,M,-6.8,M,,*4F
$PAIRACC,3.74,8.22*43
$GNGLL,3900.0015,N,11613.9811,E,220602.000,A,A*48
$GNGSA,A,3,29,03,27,21,,,,,,,,,1.22,0.71,0.99,1*08
$GNGSA,A,3,79,68,80,84,,,,,,,,,1.22,0.71,0.99,2*01
$GNGSA,A,3,,,,,,,,,,,,,1.22,0.71,0.99,3*04
$GNGSA,A,3,08,04,09,05,,,,,,,,,1.22,0.71,0.99,4*03
$GPGSV,2,1,08,14,03,216,,18,59,300,,15,47,051,,22,30,275,,1*6A
$GPGSV,2,2,08,29,19,187,39.8,03,14,317,39.9,27,08,037,40.1,21,85,001,39.7,1*6D
$GLGSV,2,1,05,79,65,082,39.9,68,14,105,39.9,86,07,334,,80,07,026,39.9,1*6D
$GLGSV,2,2,05,84,05,237,40.1,1*59
$GAGSV,1,1,00,7*73
$GBGSV,1,1,04,08,51,179,39.7,04,27,125,39.0,09,20,190,39.5,05,15,249,39.3,1*7A
$GNRMC,220602.000,A,3900.0015,N,11613.9811,E,0.01,4.07,280612,,,A,V*08
$GNVTG,4.07,T,,M,0.01,N,0.01,K,A*20
$GNZDA,220602.000,28,06,2012,,*41
$GNGGA,220603.000,3900.0015,N,11613.9811,E,1,12,0.71,-9.0,M,-6.8,M,,*4E
$PAIRACC,3.76,7.94*43
$GNGLL,3900.0015,N,11613.9811,E,220603.000,A,A*49
$GNGSA,A,3,29,03,27,21,,,,,,,,,1.22,0.71,0.99,1*08
$GNGSA,A,3,79,68,80,84,,,,,,,,,1.22,0.71,0.99,2*01
$GNGSA,A,3,,,,,,,,,,,,,1.22,0.71,0.99,3*04
$GNGSA,A,3,08,04,09,05,,,,,,,,,1.22,0.71,0.99,4*03
$GPGSV,2,1,08,14,03,216,,18,59,300,,15,47,051,,22,30,275,,1*6A
$GPGSV,2,2,08,29,19,187,39.9,03,14,317,39.7,27,08,037,40.1,21,85,001,39.8,1*6D
$GLGSV,2,1,05,79,65,082,39.9,68,14,105,40.1,86,07,334,,80,07,026,39.6,1*64
$GLGSV,2,2,05,84,05,237,39.7,1*51
$GAGSV,1,1,00,7*73
$GBGSV,1,1,04,08,51,179,39.2,04,27,125,38.9,09,20,190,39.4,05,15,249,39.0,1*75
$GNRMC,220603.000,A,3900.0015,N,11613.9811,E,0.01,354.93,280612,,,A,V*02
$GNVTG,354.93,T,,M,0.01,N,0.01,K,A*2B
$GNZDA,220603.000,28,06,2012,,*40
$GNGGA,220604.000,3900.0015,N,11613.9811,E,1,12,0.71,-9.0,M,-6.8,M,,*49
$PAIRACC,3.74,8.23*42
$GNGLL,3900.0015,N,11613.9811,E,220604.000,A,A*4E
$GNGSA,A,3,29,03,27,21,,,,,,,,,1.22,0.71,0.99,1*08
$GNGSA,A,3,79,68,80,84,,,,,,,,,1.22,0.71,0.99,2*01
$GNGSA,A,3,,,,,,,,,,,,,1.22,0.71,0.99,3*04
$GNGSA,A,3,08,04,09,05,,,,,,,,,1.22,0.71,0.99,4*03
$GPGSV,2,1,08,14,03,216,,18,59,300,,15,47,051,,22,30,275,,1*6A
$GPGSV,2,2,08,29,19,187,39.9,03,14,317,39.7,27,08,037,39.8,21,85,001,39.8,1*6A
$GLGSV,2,1,05,79,65,082,39.9,68,14,105,40.1,86,07,334,,80,07,026,39.6,1*64
$GLGSV,2,2,05,84,05,237,39.6,1*50
$GAGSV,1,1,00,7*73
$GBGSV,1,1,04,08,51,179,39.3,04,27,125,38.8,09,20,190,39.4,05,15,249,39.4,1*71
$GNRMC,220604.000,A,3900.0015,N,11613.9811,E,0.01,356.88,280612,,,A,V*0D
$GNVTG,356.88,T,,M,0.01,N,0.01,K,A*23
$GNZDA,220604.000,28,06,2012,,*47
$GNGGA,220605.000,3900.0015,N,11613.9811,E,1,12,0.71,-9.0,M,-6.8,M,,*48
$PAIRACC,3.76,7.95*42
$GNGLL,3900.0015,N,11613.9811,E,220605.000,A,A*4F
$GNGSA,A,3,29,03,27,21,,,,,,,,,1.22,0.71,0.99,1*08
$GNGSA,A,3,79,68,80,84,,,,,,,,,1.22,0.71,0.99,2*01
$GNGSA,A,3,,,,,,,,,,,,,1.22,0.71,0.99,3*04
$GNGSA,A,3,08,04,09,05,,,,,,,,,1.22,0.71,0.99,4*03
$GPGSV,2,1,08,14,03,216,,18,59,300,,15,47,051,,22,30,275,,1*6A
$GPGSV,2,2,08,29,19,187,39.9,03,14,317,39.6,27,08,037,40.0,21,85,001,40.0,1*6B
$GLGSV,2,1,05,79,65,082,40.4,68,14,105,39.8,86,07,334,,80,07,026,39.6,1*60
$GLGSV,2,2,05,84,05,237,39.8,1*5E
$GAGSV,1,1,00,7*73
$GBGSV,1,1,04,08,51,179,39.6,04,27,125,39.3,09,20,190,39.5,05,15,249,39.7,1*7C
$GNRMC,220605.000,A,3900.0015,N,11613.9811,E,0.01,2.18,280612,,,A,V*07
$GNVTG,2.18,T,,M,0.01,N,0.01,K,A*28
$GNZDA,220605.000,28,06,2012,,*46
$GNGGA,220606.000,3900.0015,N,11613.9811,E,1,12,0.71,-9.0,M,-6.8,M,,*4B
$PAIRACC,3.75,8.23*43
$GNGLL,3900.0015,N,11613.9811,E,220606.000,A,A*4C
$GNGSA,A,3,29,03,27,21,,,,,,,,,1.22,0.71,0.99,1*08
$GNGSA,A,3,79,68,80,84,,,,,,,,,1.22,0.71,0.99,2*01
$GNGSA,A,3,,,,,,,,,,,,,1.22,0.71,0.99,3*04
$GNGSA,A,3,08,04,09,05,,,,,,,,,1.22,0.71,0.99,4*03
$GPGSV,2,1,08,14,03,216,,18,59,300,,15,47,051,,22,30,275,,1*6A
$GPGSV,2,2,08,29,19,187,39.7,03,14,317,39.3,27,08,037,40.2,21,85,001,39.8,1*64
$GLGSV,2,1,05,79,65,082,40.3,68,14,105,40.2,86,07,334,,80,07,026,39.6,1*63
$GLGSV,2,2,05,84,05,237,40.3,1*5B
$GAGSV,1,1,00,7*73
$GBGSV,1,1,04,08,51,179,39.6,04,27,125,38.4,09,20,190,39.7,05,15,249,39.3,1*7C
$GNRMC,220606.000,A,3900.0015,N,11613.9811,E,0.01,0.09,280612,,,A,V*06
$GNVTG,0.09,T,,M,0.01,N,0.01,K,A*2A
$GNZDA,220606.000,28,06,2012,,*45
$GNGGA,220607.000,3900.0015,N,11613.9811,E,1,12,0.71,-9.0,M,-6.8,M,,*4A
$PAIRACC,3.77,7.95*43
$GNGLL,3900.0015,N,11613.9811,E,220607.000,A,A*4D
$GNGSA,A,3,29,03,27,21,,,,,,,,,1.22,0.71,0.99,1*08
$GNGSA,A,3,79,68,80,84,,,,,,,,,1.22,0.71,0.99,2*01
$GNGSA,A,3,,,,,,,,,,,,,1.22,0.71,0.99,3*04
$GNGSA,A,3,08,04,09,05,,,,,,,,,1.22,0.71,0.99,4*03
$GPGSV,2,1,08,14,03,216,,18,59,300,,15,47,051,,22,30,275,,1*6A
$GPGSV,2,2,08,29,19,187,39.9,03,14,317,39.4,27,08,037,40.0,21,85,001,40.0,1*69
$GLGSV,2,1,05,79,65,082,40.1,68,14,105,40.3,86,07,334,,80,07,026,39.5,1*63
$GLGSV,2,2,05,84,05,237,39.9,1*5F
$GAGSV,1,1,00,7*73
$GBGSV,1,1,04,08,51,179,40.0,04,27,125,38.4,09,20,190,39.4,05,15,249,39.1,1*75
$GNRMC,220607.000,A,3900.0015,N,11613.9811,E,0.01,355.75,280612,,,A,V*0F
$GNVTG,355.75,T,,M,0.01,N,0.01,K,A*22
$GNZDA,220607.000,28,06,2012,,*44
$GNGGA,220608.000,3900.0015,N,11613.9811,E,1,12,0.71,-9.0,M,-6.8,M,,*45
$PAIRACC,3.76,8.28*4B
$GNGLL,3900.0015,N,11613.9811,E,220608.000,A,A*42
$GNGSA,A,3,29,03,27,21,,,,,,,,,1.22,0.71,0.99,1*08
$GNGSA,A,3,79,68,80,84,,,,,,,,,1.22,0.71,0.99,2*01
$GNGSA,A,3,,,,,,,,,,,,,1.22,0.71,0.99,3*04
$GNGSA,A,3,08,04,09,05,,,,,,,,,1.22,0.71,0.99,4*03
$GPGSV,2,1,08,14,03,216,,18,59,300,,15,47,051,,22,30,275,,1*6A
$GPGSV,2,2,08,29,19,187,39.7,03,14,317,39.5,27,08,037,39.9,21,85,001,39.6,1*69
$GLGSV,2,1,05,79,65,082,40.4,68,14,105,39.8,86,07,334,,80,07,026,39.8,1*6E
$GLGSV,2,2,05,84,05,237,39.8,1*5E
$GAGSV,1,1,00,7*73
$GBGSV,1,1,04,08,51,179,39.1,04,27,125,39.3,09,20,190,39.0,05,15,249,39.2,1*7B
$GNRMC,220608.000,A,3900.0015,N,11613.9811,E,0.01,356.93,280612,,,A,V*0B
$GNVTG,356.93,T,,M,0.01,N,0.02,K,A*2A
$GNZDA,220608.000,28,06,2012,,*4B
$GNGGA,220609.000,3900.0015,N,11613.9811,E,1,12,0.71,-8.9,M,-6.8,M,,*4C
$PAIRACC,3.77,7.92*44
$GNGLL,3900.0015,N,11613.9811,E,220609.000,A,A*43
$GNGSA,A,3,29,03,27,21,,,,,,,,,1.22,0.71,0.99,1*08
$GNGSA,A,3,79,68,80,84,,,,,,,,,1.22,0.71,0.99,2*01
$GNGSA,A,3,,,,,,,,,,,,,1.22,0.71,0.99,3*04
$GNGSA,A,3,08,04,09,05,,,,,,,,,1.22,0.71,0.99,4*03
$GPGSV,2,1,08,14,03,216,,18,59,300,,15,47,051,,22,30,275,,1*6A
$GPGSV,2,2,08,29,19,187,39.5,03,14,317,39.8,27,08,037,39.8,21,85,001,39.8,1*69
$GLGSV,2,1,05,79,65,082,39.8,68,14,105,39.9,86,07,334,,80,07,026,39.8,1*6D
$GLGSV,2,2,05,84,05,237,39.8,1*5E
$GAGSV,1,1,00,7*73
$GBGSV,1,1,04,08,51,179,39.6,04,27,125,38.8,09,20,190,38.9,05,15,249,39.5,1*79
$GNRMC,220609.000,A,3900.0015,N,11613.9811,E,0.01,2.55,280612,,,A,V*02
$GNVTG,2.55,T,,M,0.01,N,0.02,K,A*22
$GNZDA,220609.000,28,06,2012,,*4A
$GNGGA,220610.000,3900.0015,N,11613.9811,E,1,12,0.71,-8.9,M,-6.8,M,,*44
$PAIRACC,3.75,8.30*41
$GNGLL,3900.0015,N,11613.9811,E,220610.000,A,A*4B
$GNGSA,A,3,29,03,27,21,,,,,,,,,1.22,0.71,0.99,1*08
$GNGSA,A,3,79,68,80,84,,,,,,,,,1.22,0.71,0.99,2*01
$GNGSA,A,3,,,,,,,,,,,,,1.22,0.71,0.99,3*04
$GNGSA,A,3,08,04,09,05,,,,,,,,,1.22,0.71,0.99,4*03
$GPGSV,2,1,08,14,03,216,,18,59,300,,15,47,051,,22,30,275,,1*6A
$GPGSV,2,2,08,29,19,187,40.0,03,14,317,39.7,27,08,037,39.9,21,85,001,40.0,1*6A
$GLGSV,2,1,05,79,65,082,40.0,68,14,105,40.2,86,07,334,,80,07,026,39.9,1*6F
$GLGSV,2,2,05,84,05,237,39.7,1*51
$GAGSV,1,1,00,7*73
$GBGSV,1,1,04,08,51,179,39.8,04,27,125,38.3,09,20,190,39.2,05,15,249,39.0,1*73
$GNRMC,220610.000,A,3900.0015,N,11613.9811,E,0.01,6.41,280612,,,A,V*0B
$GNVTG,6.41,T,,M,0.01,N,0.02,K,A*23
$GNZDA,220610.000,28,06,2012,,*42
$GNGGA,220611.000,3900.0015,N,11613.9811,E,1,12,0.71,-8.9,M,-6.8,M,,*45
$PAIRACC,3.78,7.94*4D
$GNGLL,3900.0015,N,11613.9811,E,220611.000,A,A*4A
$GNGSA,A,3,29,03,27,21,,,,,,,,,1.22,0.71,0.99,1*08
$GNGSA,A,3,79,68,80,84,,,,,,,,,1.22,0.71,0.99,2*01
$GNGSA,A,3,,,,,,,,,,,,,1.22,0.71,0.99,3*04
$GNGSA,A,3,08,04,09,05,,,,,,,,,1.22,0.71,0.99,4*03
$GPGSV,2,1,08,14,03,216,,18,59,300,,15,47,051,,22,30,275,,1*6A
$GPGSV,2,2,08,29,19,187,39.6,03,14,317,39.5,27,08,037,39.9,21,85,001,39.9,1*67
$GLGSV,2,1,05,79,65,082,40.0,68,14,105,39.8,86,07,334,,80,07,026,40.0,1*6C
$GLGSV,2,2,05,84,05,237,39.5,1*53
$GAGSV,1,1,00,7*73
$GBGSV,1,1,04,08,51,179,39.6,04,27,125,39.3,09,20,190,39.4,05,15,249,39.3,1*79
$GNRMC,220611.000,A,3900.0015,N,11613.9811,E,0.01,4.10,280612,,,A,V*0C
$GNVTG,4.10,T,,M,0.01,N,0.02,K,A*25
$GNZDA,220611.000,28,06,2012,,*43
$GNGGA,220612.000,3900.0015,N,11613.9811,E,1,12,0.71,-8.9,M,-6.8,M,,*46
$PAIRACC,3.75,8.31*40
$GNGLL,3900.0015,N,11613.9811,E,220612.000,A,A*49
$GNGSA,A,3,29,03,27,21,,,,,,,,,1.22,0.71,0.99,1*08
$GNGSA,A,3,79,68,80,84,,,,,,,,,1.22,0.71,0.99,2*01
$GNGSA,A,3,,,,,,,,,,,,,1.22,0.71,0.99,3*04
$GNGSA,A,3,08,04,09,05,,,,,,,,,1.22,0.71,0.99,4*03
$GPGSV,2,1,08,14,03,216,,18,59,300,,15,47,051,,22,30,275,,1*6A
$GPGSV,2,2,08,29,19,187,40.0,03,14,317,39.8,27,08,037,39.9,21,85,001,40.1,1*64
$GLGSV,2,1,05,79,65,082,39.9,68,14,105,40.0,86,07,334,,80,07,026,39.7,1*64
$GLGSV,2,2,05,84,05,237,39.8,1*5E
$GAGSV,1,1,00,7*73
$GBGSV,1,1,04,08,51,179,39.0,04,27,125,38.7,09,20,190,39.9,05,15,249,39.2,1*76
$GNRMC,220612.000,A,3900.0015,N,11613.9811,E,0.01,11.45,280612,,,A,V*3B
$GNVTG,11.45,T,,M,0.01,N,0.01,K,A*12
$GNZDA,220612.000,28,06,2012,,*40
$GNGGA,220613.000,3900.0015,N,11613.9811,E,1,12,0.71,-8.9,M,-6.8,M,,*47
$PAIRACC,3.79,7.93*4B
$GNGLL,3900.0015,N,11613.9811,E,220613.000,A,A*48
$GNGSA,A,3,29,03,27,21,,,,,,,,,1.22,0.71,0.99,1*08
$GNGSA,A,3,79,68,80,84,,,,,,,,,1.22,0.71,0.99,2*01
$GNGSA,A,3,,,,,,,,,,,,,1.22,0.71,0.99,3*04
$GNGSA,A,3,08,04,09,05,,,,,,,,,1.22,0.71,0.99,4*03
$GPGSV,2,1,08,14,03,216,,18,59,300,,15,47,051,,22,30,275,,1*6A
$GPGSV,2,2,08,29,19,187,40.0,03,14,317,39.3,27,08,037,39.8,21,85,001,40.1,1*6E
$GLGSV,2,1,05,79,65,082,40.0,68,14,105,39.8,86,07,334,,80,07,026,40.1,1*6D
$GLGSV,2,2,05,84,05,237,39.8,1*5E
$GAGSV,1,1,00,7*73
$GBGSV,1,1,04,08,51,179,39.2,04,27,125,38.7,09,20,190,39.5,05,15,249,39.0,1*7A
$GNRMC,220613.000,A,3900.0015,N,11613.9811,E,0.01,356.63,280612,,,A,V*0E
$GNVTG,356.63,T,,M,0.01,N,0.01,K,A*26
$GNZDA,220613.000,28,06,2012,,*41
$GNGGA,220614.000,3900.0015,N,11613.9811,E,1,12,0.71,-8.9,M,-6.8,M,,*40
$PAIRACC,3.75,8.30*41
$GNGLL,3900.0015,N,11613.9811,E,220614.000,A,A*4F
$GNGSA,A,3,29,03,27,21,,,,,,,,,1.22,0.71,0.99,1*08
$GNGSA,A,3,79,68,80,84,,,,,,,,,1.22,0.71,0.99,2*01
$GNGSA,A,3,,,,,,,,,,,,,1.22,0.71,0.99,3*04
$GNGSA,A,3,08,04,09,05,,,,,,,,,1.22,0.71,0.99,4*03
$GPGSV,2,1,08,14,03,216,,18,59,300,,15,47,051,,22,30,275,,1*6A
$GPGSV,2,2,08,29,19,187,40.0,03,14,317,39.8,27,08,037,40.2,21,85,001,39.5,1*6B
$GLGSV,2,1,05,79,65,082,40.0,68,14,105,40.3,86,07,334,,80,07,026,40.1,1*68
$GLGSV,2,2,05,84,05,237,39.4,1*52
$GAGSV,1,1,00,7*73
$GBGSV,1,1,04,08,51,179,40.0,04,27,125,39.5,09,20,190,40.2,05,15,249,39.6,1*7A
$GNRMC,220614.000,A,3900.0015,N,11613.9811,E,0.01,1.24,280612,,,A,V*0B
$GNVTG,1.24,T,,M,0.01,N,0.01,K,A*24
$GNZDA,220614.000,28,06,2012,,*46
$GNGGA,220615.000,3900.0015,N,11613.9811,E,1,12,0.71,-8.9,M,-6.8,M,,*41
$PAIRACC,3.72,7.92*41
$GNGLL,3900.0015,N,11613.9811,E,220615.000,A,A*4E
$GNGSA,A,3,29,03,27,21,,,,,,,,,1.22,0.71,0.99,1*08
$GNGSA,A,3,79,68,80,84,,,,,,,,,1.22,0.71,0.99,2*01
$GNGSA,A,3,,,,,,,,,,,,,1.22,0.71,0.99,3*04
$GNGSA,A,3,08,04,09,05,,,,,,,,,1.22,0.71,0.99,4*03
$GPGSV,2,1,08,14,03,216,,18,59,300,,15,47,051,,22,30,275,,1*6A
$GPGSV,2,2,08,29,19,187,39.9,03,14,317,39.4,27,08,037,40.2,21,85,001,39.7,1*62
$GLGSV,2,1,05,79,65,082,40.1,68,14,105,40.1,86,07,334,,80,07,026,39.9,1*6D
$GLGSV,2,2,05,84,05,237,39.6,1*50
$GAGSV,1,1,00,7*73
$GBGSV,1,1,04,08,51,179,39.7,04,27,125,38.7,09,20,190,39.7,05,15,249,39.0,1*7D
$GNRMC,220615.000,A,3900.0015,N,11613.9811,E,0.01,5.01,280612,,,A,V*09
$GNVTG,5.01,T,,M,0.01,N,0.01,K,A*27
$GNZDA,220615.000,28,06,2012,,*47
$GNGGA,220616.000,3900.0015,N,11613.9811,E,1,12,0.71,-8.9,M,-6.8,M,,*42
$PAIRACC,3.82,8.31*48
$GNGLL,3900.0015,N,11613.9811,E,220616.000,A,A*4D
$GNGSA,A,3,29,03,27,21,,,,,,,,,1.22,0.71,0.99,1*08
$GNGSA,A,3,79,68,80,84,,,,,,,,,1.22,0.71,0.99,2*01
$GNGSA,A,3,,,,,,,,,,,,,1.22,0.71,0.99,3*04
$GNGSA,A,3,08,04,09,05,,,,,,,,,1.22,0.71,0.99,4*03
$GPGSV,2,1,08,14,03,216,,18,59,300,,15,47,051,,22,30,275,,1*6A
$GPGSV,2,2,08,29,19,187,40.0,03,14,317,39.9,27,08,037,40.1,21,85,001,39.6,1*6A
$GLGSV,2,1,05,79,65,082,40.0,68,14,105,40.0,86,07,334,,80,07,026,39.8,1*6C
$GLGSV,2,2,05,84,05,237,39.9,1*5F
$GAGSV,1,1,00,7*73
$GBGSV,1,1,04,08,51,179,39.5,04,27,125,38.5,09,20,190,39.7,05,15,249,39.2,1*7F
$GNRMC,220616.000,A,3900.0015,N,11613.9811,E,0.01,5.15,280612,,,A,V*0F
$GNVTG,5.15,T,,M,0.01,N,0.01,K,A*22
$GNZDA,220616.000,28,06,2012,,*44
$GNGGA,220617.000,3900.0015,N,11613.9811,E,1,12,0.71,-8.9,M,-6.8,M,,*43
$PAIRACC,3.72,7.92*41
$GNGLL,3900.0015,N,11613.9811,E,220617.000,A,A*4C
$GNGSA,A,3,29,03,27,21,,,,,,,,,1.22,0.71,0.99,1*08
$GNGSA,A,3,79,68,80,84,,,,,,,,,1.22,0.71,0.99,2*01
$GNGSA,A,3,,,,,,,,,,,,,1.22,0.71,0.99,3*04
$GNGSA,A,3,08,04,09,05,,,,,,,,,1.22,0.71,0.99,4*03
$GPGSV,2,1,08,14,03,216,,18,59,300,,15,47,051,,22,30,275,,1*6A
$GPGSV,2,2,08,29,19,187,40.0,03,14,317,39.8,27,08,037,40.3,21,85,001,40.2,1*63
$GLGSV,2,1,05,79,65,082,40.0,68,14,105,39.6,86,07,334,,80,07,026,39.7,1*6B
$GLGSV,2,2,05,84,05,237,39.5,1*53
$GAGSV,1,1,00,7*73
$GBGSV,1,1,04,08,51,179,40.0,04,27,125,39.5,09,20,190,39.5,05,15,249,39.4,1*71
$GNRMC,220617.000,A,3900.0015,N,11613.9811,E,0.01,1.65,280612,,,A,V*0D
$GNVTG,1.65,T,,M,0.01,N,0.01,K,A*21
$GNZDA,220617.000,28,06,2012,,*45
$GNGGA,220618.000,3900.0015,N,11613.9811,E,1,12,0.71,-8.9,M,-6.8,M,,*4C
$PAIRACC,3.75,8.31*40
$GNGLL,3900.0015,N,11613.9811,E,220618.000,A,A*43
$GNGSA,A,3,29,03,27,21,,,,,,,,,1.22,0.71,0.99,1*08
$GNGSA,A,3,79,68,80,84,,,,,,,,,1.22,0.71,0.99,2*01
$GNGSA,A,3,,,,,,,,,,,,,1.22,0.71,0.99,3*04
$GNGSA,A,3,08,04,09,05,,,,,,,,,1.22,0.71,0.99,4*03
$GPGSV,2,1,08,14,03,216,,18,59,300,,15,47,051,,22,30,275,,1*6A
$GPGSV,2,2,08,29,19,187,39.8,03,14,317,39.7,27,08,037,39.9,21,85,001,39.7,1*65
$GLGSV,2,1,05,79,65,082,40.4,68,14,105,39.9,86,07,334,,80,07,026,40.2,1*6B
$GLGSV,2,2,05,84,05,237,40.0,1*58
$GAGSV,1,1,00,7*73
$GBGSV,1,1,04,08,51,179,39.8,04,27,125,38.6,09,20,190,39.3,05,15,249,39.3,1*74
$GNRMC,220618.000,A,3900.0015,N,11613.9811,E,0.01,1.32,280612,,,A,V*00
$GNVTG,1.32,T,,M,0.01,N,0.01,K,A*23
$GNZDA,220618.000,28,06,2012,,*4A
$GNGGA,220619.000,3900.0015,N,11613.9811,E,1,12,0.71,-8.9,M,-6.8,M,,*4D
$PAIRACC,3.72,7.93*40
$GNGLL,3900.0015,N,11613.9811,E,220619.000,A,A*42
$GNGSA,A,3,29,03,27,21,,,,,,,,,1.22,0.71,0.99,1*08
$GNGSA,A,3,79,68,80,84,,,,,,,,,1.22,0.71,0.99,2*01
$GNGSA,A,3,,,,,,,,,,,,,1.22,0.71,0.99,3*04
$GNGSA,A,3,08,04,09,05,,,,,,,,,1.22,0.71,0.99,4*03
$GPGSV,2,1,08,14,03,216,,18,59,300,,15,47,051,,22,30,275,,1*6A
$GPGSV,2,2,08,29,19,187,39.7,03,14,317,39.5,27,08,037,39.9,21,85,001,39.7,1*68
$GLGSV,2,1,05,79,65,082,40.2,68,14,105,39.9,86,07,334,,80,07,026,39.9,1*68
$GLGSV,2,2,05,84,05,237,39.9,1*5F
$GAGSV,1,1,00,7*73
$GBGSV,1,1,04,08,51,179,39.5,04,27,125,38.5,09,20,190,39.3,05,15,249,38.8,1*70
$GNRMC,220619.000,A,3900.0015,N,11613.9811,E,0.01,8.61,280612,,,A,V*0E
$GNVTG,8.61,T,,M,0.01,N,0.01,K,A*2C
$GNZDA,220619.000,28,06,2012,,*4B
$GNGGA,220620.000,3900.0015,N,11613.9810,E,1,12,0.71,-8.9,M,-6.8,M,,*46
$PAIRACC,3.83,8.33*4B
$GNGLL,3900.0015,N,11613.9810,E,220620.000,A,A*49
$GNGSA,A,3,29,03,27,21,,,,,,,,,1.22,0.71,0.99,1*08
$GNGSA,A,3,79,68,80,84,,,,,,,,,1.22,0.71,0.99,2*01
$GNGSA,A,3,,,,,,,,,,,,,1.22,0.71,0.99,3*04
$GNGSA,A,3,08,04,09,05,,,,,,,,,1.22,0.71,0.99,4*03
$GPGSV,2,1,08,14,03,216,,18,59,300,,15,47,051,,22,30,275,,1*6A
$GPGSV,2,2,08,29,19,187,40.0,03,14,317,39.4,27,08,037,39.9,21,85,001,39.9,1*6E
$GLGSV,2,1,05,79,65,082,40.1,68,14,105,40.0,86,07,334,,80,07,026,39.8,1*6D
$GLGSV,2,2,05,84,05,237,39.9,1*5F
$GAGSV,1,1,00,7*73
$GBGSV,1,1,04,08,51,179,39.4,04,27,125,39.6,09,20,190,38.9,05,15,249,39.2,1*73
$GNRMC,220620.000,A,3900.0015,N,11613.9810,E,0.01,5.51,280612,,,A,V*0B
$GNVTG,5.51,T,,M,0.01,N,0.01,K,A*22
$GNZDA,220620.000,28,06,2012,,*41
$GNGGA,220621.000,3900.0015,N,11613.9810,E,1,12,0.71,-8.9,M,-6.8,M,,*47
$PAIRACC,3.71,7.90*40
$GNGLL,3900.0015,N,11613.9810,E,220621.000,A,A*48
$GNGSA,A,3,29,03,27,21,,,,,,,,,1.22,0.71,0.99,1*08
$GNGSA,A,3,79,68,80,84,,,,,,,,,1.22,0.71,0.99,2*01
$GNGSA,A,3,,,,,,,,,,,,,1.22,0.71,0.99,3*04
$GNGSA,A,3,08,04,09,05,,,,,,,,,1.22,0.71,0.99,4*03
$GPGSV,2,1,08,14,03,216,,18,59,300,,15,47,051,,22,30,275,,1*6A
$GPGSV,2,2,08,29,19,187,39.7,03,14,317,39.6,27,08,037,40.2,21,85,001,39.9,1*60
$GLGSV,2,1,05,79,65,082,39.9,68,14,105,39.7,86,07,334,,80,07,026,39.5,1*6F
$GLGSV,2,2,05,84,05,237,39.5,1*53
$GAGSV,1,1,00,7*73
$GBGSV,1,1,04,08,51,179,39.6,04,27,125,38.5,09,20,190,39.3,05,15,249,39.0,1*7A
$GNRMC,220621.000,A,3900.0015,N,11613.9810,E,0.01,3.07,280612,,,A,V*0F
$GNVTG,3.07,T,,M,0.01,N,0.01,K,A*27
$GNZDA,220621.000,28,06,2012,,*40
$GNGGA,220622.000,3900.0015,N,11613.9810,E,1,12,0.71,-8.9,M,-6.8,M,,*44
$PAIRACC,3.85,8.35*4B
$GNGLL,3900.0015,N,11613.9810,E,220622.000,A,A*4B
$GNGSA,A,3,29,03,27,21,,,,,,,,,1.22,0.71,0.99,1*08
$GNGSA,A,3,79,68,80,84,,,,,,,,,1.22,0.71,0.99,2*01
$GNGSA,A,3,,,,,,,,,,,,,1.22,0.71,0.99,3*04
$GNGSA,A,3,08,04,09,05,,,,,,,,,1.22,0.71,0.99,4*03
$GPGSV,2,1,08,14,03,216,,18,59,300,,15,47,051,,22,30,275,,1*6A
$GPGSV,2,2,08,29,19,187,39.9,03,14,317,39.8,27,08,037,40.3,21,85,001,39.9,1*61
$GLGSV,2,1,05,79,65,082,40.2,68,14,105,39.8,86,07,334,,80,07,026,39.8,1*68
$GLGSV,2,2,05,84,05,237,40.1,1*59
$GAGSV,1,1,00,7*73
$GBGSV,1,1,04,08,51,179,39.1,04,27,125,38.5,09,20,190,38.9,05,15,249,38.8,1*7F
$GNRMC,220622.000,A,3900.0015,N,11613.9810,E,0.01,8.04,280612,,,A,V*04
$GNVTG,8.04,T,,M,0.01,N,0.01,K,A*2F
$GNZDA,220622.000,28,06,2012,,*43
$GNGGA,220623.000,3900.0015,N,11613.9810,E,1,12,0.71,-8.9,M,-6.8,M,,*45
$PAIRACC,3.71,7.91*41
$GNGLL,3900.0015,N,11613.9810,E,220623.000,A,A*4A
$GNGSA,A,3,29,03,27,21,,,,,,,,,1.22,0.71,0.99,1*08
$GNGSA,A,3,79,68,80,84,,,,,,,,,1.22,0.71,0.99,2*01
$GNGSA,A,3,,,,,,,,,,,,,1.22,0.71,0.99,3*04
$GNGSA,A,3,08,04,09,05,,,,,,,,,1.22,0.71,0.99,4*03
$GPGSV,2,1,08,14,03,216,,18,59,300,,15,47,051,,22,30,275,,1*6A
$GPGSV,2,2,08,29,19,187,40.3,03,14,317,39.6,27,08,037,39.7,21,85,001,39.9,1*61
$GLGSV,2,1,05,79,65,082,39.8,68,14,105,39.7,86,07,334,,80,07,026,39.8,1*63
$GLGSV,2,2,05,84,05,237,39.7,1*51
$GAGSV,1,1,00,7*73
$GBGSV,1,1,04,08,51,179,39.4,04,27,125,39.3,09,20,190,39.4,05,15,249,39.4,1*7C
$GNRMC,220623.000,A,3900.0015,N,11613.9810,E,0.01,1.95,280612,,,A,V*04
$GNVTG,1.95,T,,M,0.01,N,0.01,K,A*2E
$GNZDA,220623.000,28,06,2012,,*42
$GNGGA,220624.000,3900.0015,N,11613.9810,E,1,12,0.71,-8.9,M,-6.8,M,,*42
$PAIRACC,3.85,8.35*4B
$GNGLL,3900.0015,N,11613.9810,E,220624.000,A,A*4D
$GNGSA,A,3,29,03,27,21,,,,,,,,,1.22,0.71,0.99,1*08
$GNGSA,A,3,79,68,80,84,,,,,,,,,1.22,0.71,0.99,2*01
$GNGSA,A,3,,,,,,,,,,,,,1.22,0.71,0.99,3*04
$GNGSA,A,3,08,04,09,05,,,,,,,,,1.22,0.71,0.99,4*03
$GPGSV,2,1,08,14,03,216,,18,59,300,,15,47,051,,22,30,275,,1*6A
$GPGSV,2,2,08,29,19,187,40.4,03,14,317,39.4,27,08,037,39.5,21,85,001,39.9,1*66
$GLGSV,2,1,05,79,65,082,40.0,68,14,105,39.5,86,07,334,,80,07,026,39.2,1*6D
$GLGSV,2,2,05,84,05,237,40.1,1*59
$GAGSV,1,1,00,7*73
$GBGSV,1,1,04,08,51,179,39.2,04,27,125,38.6,09,20,190,39.5,05,15,249,39.1,1*7A
$GNRMC,220624.000,A,3900.0015,N,11613.9810,E,0.01,4.51,280612,,,A,V*0E
$GNVTG,4.51,T,,M,0.01,N,0.01,K,A*23
$GNZDA,220624.000,28,06,2012,,*45
$GNGGA,220625.000,3900.0015,N,11613.9810,E,1,12,0.71,-8.9,M,-6.8,M,,*43
$PAIRACC,3.71,7.90*40
$GNGLL,3900.0015,N,11613.9810,E,220625.000,A,A*4C
$GNGSA,A,3,29,03,27,21,,,,,,,,,1.22,0.71,0.99,1*08
$GNGSA,A,3,79,68,80,84,,,,,,,,,1.22,0.71,0.99,2*01
$GNGSA,A,3,,,,,,,,,,,,,1.22,0.71,0.99,3*04
$GNGSA,A,3,08,04,09,05,,,,,,,,,1.22,0.71,0.99,4*03
$GPGSV,2,1,08,14,03,216,,18,59,300,,15,47,051,,22,30,275,,1*6A
$GPGSV,2,2,08,29,19,187,40.2,03,14,317,39.3,27,08,037,39.8,21,85,001,40.3,1*6E
$GLGSV,2,1,05,79,65,082,39.9,68,14,105,39.5,86,07,334,,80,07,026,39.8,1*60
$GLGSV,2,2,05,84,05,237,39.7,1*51
$GAGSV,1,1,00,7*73
$GBGSV,1,1,04,08,51,179,39.7,04,27,125,38.7,09,20,190,39.2,05,15,249,39.3,1*7B
$GNRMC,220625.000,A,3900.0015,N,11613.9810,E,0.01,17.96,280612,,,A,V*36
$GNVTG,17.96,T,,M,0.01,N,0.01,K,A*1A
$GNZDA,220625.000,28,06,2012,,*44
$GNGGA,220626.000,3900.0015,N,11613.9810,E,1,12,0.71,-8.9,M,-6.8,M,,*40
$PAIRACC,3.85,8.36*48
$GNGLL,3900.0015,N,11613.9810,E,220626.000,A,A*4F
$GNGSA,A,3,29,03,27,21,,,,,,,,,1.22,0.71,0.99,1*08
$GNGSA,A,3,79,68,80,84,,,,,,,,,1.22,0.71,0.99,2*01
$GNGSA,A,3,,,,,,,,,,,,,1.22,0.71,0.99,3*04
$GNGSA,A,3,08,04,09,05,,,,,,,,,1.22,0.71,0.99,4*03
$GPGSV,2,1,08,14,03,216,,18,59,300,,15,47,051,,22,30,275,,1*6A
$GPGSV,2,2,08,29,19,187,40.0,03,14,317,39.8,27,08,037,39.8,21,85,001,40.2,1*66
$GLGSV,2,1,05,79,65,082,40.0,68,14,105,39.6,86,07,334,,80,07,026,39.7,1*6B
$GLGSV,2,2,05,84,05,237,39.4,1*52
$GAGSV,1,1,00,7*73
$GBGSV,1,1,04,08,51,179,39.7,04,27,125,39.0,09,20,190,39.5,05,15,249,39.5,1*7C
$GNRMC,220626.000,A,3900.0015,N,11613.9810,E,0.01,14.86,280612,,,A,V*37
$GNVTG,14.86,T,,M,0.01,N,0.01,K,A*18
$GNZDA,220626.000,28,06,2012,,*47
$GNGGA,220627.000,3900.0014,N,11613.9810,E,1,12,0.71,-8.9,M,-6.8,M,,*40
$PAIRACC,3.72,7.92*41
$GNGLL,3900.0014,N,11613.9810,E,220627.000,A,A*4F
$GNGSA,A,3,29,03,27,21,,,,,,,,,1.22,0.71,0.99,1*08
$GNGSA,A,3,79,68,80,84,,,,,,,,,1.22,0.71,0.99,2*01
$GNGSA,A,3,,,,,,,,,,,,,1.22,0.71,0.99,3*04
$GNGSA,A,3,08,04,09,05,,,,,,,,,1.22,0.71,0.99,4*03
$GPGSV,2,1,08,14,03,216,,18,59,300,,15,47,051,,22,30,275,,1*6A
$GPGSV,2,2,08,29,19,187,39.8,03,14,317,39.3,27,08,037,40.2,21,85,001,39.9,1*6A
$GLGSV,2,1,05,79,65,082,39.7,68,14,105,39.8,86,07,334,,80,07,026,39.3,1*68
$GLGSV,2,2,05,84,05,237,40.1,1*59
$GAGSV,1,1,00,7*73
$GBGSV,1,1,04,08,51,179,39.3,04,27,125,38.4,09,20,190,39.5,05,15,249,39.2,1*7A
$GNRMC,220627.000,A,3900.0014,N,11613.9810,E,0.01,14.89,280612,,,A,V*38
$GNVTG,14.89,T,,M,0.01,N,0.01,K,A*17
$GNZDA,220627.000,28,06,2012,,*46
$GNGGA,220628.000,3900.0014,N,11613.9810,E,1,12,0.71,-8.9,M,-6.8,M,,*4F
$PAIRACC,3.85,8.37*49
$GNGLL,3900.0014,N,11613.9810,E,220628.000,A,A*40
$GNGSA,A,3,29,03,27,21,,,,,,,,,1.22,0.71,0.99,1*08
$GNGSA,A,3,79,68,80,84,,,,,,,,,1.22,0.71,0.99,2*01
$GNGSA,A,3,,,,,,,,,,,,,1.22,0.71,0.99,3*04
$GNGSA,A,3,08,04,09,05,,,,,,,,,1.22,0.71,0.99,4*03
$GPGSV,2,1,08,14,03,216,,18,59,300,,15,47,051,,22,30,275,,1*6A
$GPGSV,2,2,08,29,19,187,39.8,03,14,317,39.5,27,08,037,40.2,21,85,001,39.8,1*6D
$GLGSV,2,1,05,79,65,082,39.8,68,14,105,40.2,86,07,334,,80,07,026,39.4,1*64
$GLGSV,2,2,05,84,05,237,39.9,1*5F
$GAGSV,1,1,00,7*73
$GBGSV,1,1,04,08,51,179,39.0,04,27,125,38.6,09,20,190,39.6,05,15,249,39.0,1*7A
$GNRMC,220628.000,A,3900.0014,N,11613.9810,E,0.01,0.60,280612,,,A,V*05
$GNVTG,0.60,T,,M,0.01,N,0.01,K,A*25
$GNZDA,220628.000,28,06,2012,,*49
$GNGGA,220629.000,3900.0014,N,11613.9810,E,1,12,0.71,-8.9,M,-6.8,M,,*4E
$PAIRACC,3.72,7.92*41
$GNGLL,3900.0014,N,11613.9810,E,220629.000,A,A*41
$GNGSA,A,3,29,03,27,21,,,,,,,,,1.22,0.71,0.99,1*08
$GNGSA,A,3,79,68,80,84,,,,,,,,,1.22,0.71,0.99,2*01
$GNGSA,A,3,,,,,,,,,,,,,1.22,0.71,0.99,3*04
$GNGSA,A,3,08,04,09,05,,,,,,,,,1.22,0.71,0.99,4*03
$GPGSV,2,1,08,14,03,216,,18,59,300,,15,47,051,,22,30,275,,1*6A
$GPGSV,2,2,08,29,19,187,39.6,03,14,317,39.5,27,08,037,40.1,21,85,001,40.0,1*66
$GLGSV,2,1,05,79,65,082,39.7,68,14,105,39.9,86,07,334,,80,07,026,39.7,1*6D
$GLGSV,2,2,05,84,05,237,39.7,1*51
$GAGSV,1,1,00,7*73
$GBGSV,1,1,04,08,51,179,39.5,04,27,125,39.4,09,20,190,39.7,05,15,249,39.7,1*7A
$GNRMC,220629.000,A,3900.0014,N,11613.9810,E,0.01,11.77,280612,,,A,V*32
$GNVTG,11.77,T,,M,0.01,N,0.01,K,A*13
$GNZDA,220629.000,28,06,2012,,*48
$GNGGA,220630.000,3900.0014,N,11613.9810,E,1,12,0.71,-8.9,M,-6.8,M,,*46
$PAIRACC,3.85,8.37*49
$GNGLL,3900.0014,N,11613.9810,E,220630.000,A,A*49
$GNGSA,A,3,29,03,27,21,,,,,,,,,1.22,0.71,0.99,1*08
$GNGSA,A,3,79,68,80,84,,,,,,,,,1.22,0.71,0.99,2*01
$GNGSA,A,3,,,,,,,,,,,,,1.22,0.71,0.99,3*04
$GNGSA,A,3,08,04,09,05,,,,,,,,,1.22,0.71,0.99,4*03
$GPGSV,2,1,08,14,03,216,,18,59,300,,15,47,051,,22,30,275,,1*6A
$GPGSV,2,2,08,29,19,187,40.2,03,14,317,39.6,27,08,037,40.7,21,85,001,39.9,1*6E
$GLGSV,2,1,05,79,65,082,39.8,68,14,105,39.9,86,07,334,,80,07,026,39.9,1*6C
$GLGSV,2,2,05,84,05,237,40.2,1*5A
$GAGSV,1,1,00,7*73
$GBGSV,1,1,04,08,51,179,39.4,04,27,125,38.2,09,20,190,39.1,05,15,249,38.8,1*74
$GNRMC,220630.000,A,3900.0014,N,11613.9810,E,0.01,10.89,280612,,,A,V*3A
$GNVTG,10.89,T,,M,0.01,N,0.01,K,A*13
$GNZDA,220630.000,28,06,2012,,*40
$GNGGA,220631.000,3900.0014,N,11613.9810,E,1,12,0.71,-8.9,M,-6.8,M,,*47
$PAIRACC,3.72,7.93*40
$GNGLL,3900.0014,N,11613.9810,E,220631.000,A,A*48
$GNGSA,A,3,29,03,27,21,,,,,,,,,1.22,0.71,0.99,1*08
$GNGSA,A,3,79,68,80,84,,,,,,,,,1.22,0.71,0.99,2*01
$GNGSA,A,3,,,,,,,,,,,,,1.22,0.71,0.99,3*04
$GNGSA,A,3,08,04,09,05,,,,,,,,,1.22,0.71,0.99,4*03
$GPGSV,2,1,08,14,03,216,,18,59,300,,15,47,051,,22,30,275,,1*6A
$GPGSV,2,2,08,29,19,187,39.7,03,14,317,39.9,27,08,037,39.7,21,85,001,40.0,1*63
$GLGSV,2,1,05,79,65,082,39.8,68,14,105,40.2,86,07,334,,80,07,026,39.8,1*68
$GLGSV,2,2,05,84,05,237,39.7,1*51
$GAGSV,1,1,00,7*73
$GBGSV,1,1,04,08,51,179,39.2,04,27,125,37.9,09,20,190,39.3,05,15,249,38.9,1*75
$GNRMC,220631.000,A,3900.0014,N,11613.9810,E,0.01,14.05,280612,,,A,V*3B
$GNVTG,14.05,T,,M,0.01,N,0.01,K,A*13
$GNZDA,220631.000,28,06,2012,,*41
$GNGGA,220632.000,3900.0014,N,11613.9810,E,1,12,0.71,-8.9,M,-6.8,M,,*44
$PAIRACC,3.86,8.37*4A
$GNGLL,3900.0014,N,11613.9810,E,220632.000,A,A*4B
$GNGSA,A,3,29,03,27,21,,,,,,,,,1.22,0.71,0.99,1*08
$GNGSA,A,3,79,68,80,84,,,,,,,,,1.22,0.71,0.99,2*01
$GNGSA,A,3,,,,,,,,,,,,,1.22,0.71,0.99,3*04
$GNGSA,A,3,08,04,09,05,,,,,,,,,1.22,0.71,0.99,4*03
$GPGSV,2,1,08,14,03,216,,18,59,300,,15,47,051,,22,30,275,,1*6A
$GPGSV,2,2,08,29,19,187,40.2,03,14,317,39.5,27,08,037,40.2,21,85,001,40.1,1*6E
$GLGSV,2,1,05,79,65,082,39.8,68,14,105,39.8,86,07,334,,80,07,026,39.8,1*6C
$GLGSV,2,2,05,84,05,237,39.7,1*51
$GAGSV,1,1,00,7*73
$GBGSV,1,1,04,08,51,179,39.2,04,27,125,39.2,09,20,190,39.3,05,15,249,39.3,1*7B
$GNRMC,220632.000,A,3900.0014,N,11613.9810,E,0.01,18.08,280612,,,A,V*39
$GNVTG,18.08,T,,M,0.01,N,0.01,K,A*12
$GNZDA,220632.000,28,06,2012,,*42
$GNGGA,220633.000,3900.0014,N,11613.9810,E,1,12,0.71,-8.9,M,-6.8,M,,*45
$PAIRACC,3.73,7.93*41
$GNGLL,3900.0014,N,11613.9810,E,220633.000,A,A*4A
$GNGSA,A,3,29,03,27,21,,,,,,,,,1.22,0.71,0.99,1*08
$GNGSA,A,3,79,68,80,84,,,,,,,,,1.22,0.71,0.99,2*01
$GNGSA,A,3,,,,,,,,,,,,,1.22,0.71,0.99,3*04
$GNGSA,A,3,08,04,09,05,,,,,,,,,1.22,0.71,0.99,4*03
$GPGSV,2,1,08,14,03,216,,18,59,300,,15,47,051,,22,30,275,,1*6A
$GPGSV,2,2,08,29,19,187,39.9,03,14,317,40.2,27,08,037,40.0,21,85,001,40.2,1*63
$GLGSV,2,1,05,79,65,082,40.0,68,14,105,40.0,86,07,334,,80,07,026,39.9,1*6D
$GLGSV,2,2,05,84,05,237,39.5,1*53
$GAGSV,1,1,00,7*73
$GBGSV,1,1,04,08,51,179,39.5,04,27,125,38.9,09,20,190,39.0,05,15,249,39.5,1*73
$GNRMC,220633.000,A,3900.0014,N,11613.9810,E,0.01,16.38,280612,,,A,V*35
$GNVTG,16.38,T,,M,0.01,N,0.01,K,A*1F
$GNZDA,220633.000,28,06,2012,,*43
$GNGGA,220634.000,3900.0014,N,11613.9810,E,1,12,0.71,-9.0,M,-6.8,M,,*4A
$PAIRACC,3.84,8.34*4B
$GNGLL,3900.0014,N,11613.9810,E,220634.000,A,A*4D
$GNGSA,A,3,29,03,27,21,,,,,,,,,1.22,0.71,0.99,1*08
$GNGSA,A,3,79,68,80,84,,,,,,,,,1.22,0.71,0.99,2*01
$GNGSA,A,3,,,,,,,,,,,,,1.22,0.71,0.99,3*04
$GNGSA,A,3,08,04,09,05,,,,,,,,,1.22,0.71,0.99,4*03
$GPGSV,2,1,08,14,03,216,,18,59,300,,15,47,051,,22,30,275,,1*6A
$GPGSV,2,2,08,29,19,187,39.7,03,14,317,39.2,27,08,037,39.8,21,85,001,40.3,1*64
$GLGSV,2,1,05,79,65,082,39.8,68,14,105,39.6,86,07,334,,80,07,026,39.8,1*62
$GLGSV,2,2,05,84,05,237,39.9,1*5F
$GAGSV,1,1,00,7*73
$GBGSV,1,1,04,08,51,179,39.5,04,27,125,38.6,09,20,190,39.1,05,15,249,39.2,1*7A
$GNRMC,220634.000,A,3900.0014,N,11613.9810,E,0.01,17.22,280612,,,A,V*38
$GNVTG,17.22,T,,M,0.01,N,0.01,K,A*15
$GNZDA,220634.000,28,06,2012,,*44
$GNGGA,220635.000,3900.0014,N,11613.9811,E,1,12,0.71,-9.0,M,-6.8,M,,*4A
$PAIRACC,3.74,7.96*43
$GNGLL,3900.0014,N,11613.9811,E,220635.000,A,A*4D
$GNGSA,A,3,29,03,27,21,,,,,,,,,1.22,0.71,0.99,1*08
$GNGSA,A,3,79,68,80,84,,,,,,,,,1.22,0.71,0.99,2*01
$GNGSA,A,3,,,,,,,,,,,,,1.22,0.71,0.99,3*04
$GNGSA,A,3,08,04,09,05,,,,,,,,,1.22,0.71,0.99,4*03
$GPGSV,2,1,08,14,03,216,,18,59,300,,15,47,051,,22,30,275,,1*6A
$GPGSV,2,2,08,29,19,187,39.8,03,14,317,39.6,27,08,037,39.8,21,85,001,40.0,1*6C
$GLGSV,2,1,05,79,65,082,40.2,68,14,105,39.9,86,07,334,,80,07,026,40.1,1*6E
$GLGSV,2,2,05,84,05,237,40.2,1*5A
$GAGSV,1,1,00,7*73
$GBGSV,1,1,04,08,51,179,39.5,04,27,125,39.0,09,20,190,39.9,05,15,249,39.5,1*72
$GNRMC,220635.000,A,3900.0014,N,11613.9811,E,0.01,13.00,280612,,,A,V*3C
$GNVTG,13.00,T,,M,0.01,N,0.01,K,A*11
$GNZDA,220635.000,28,06,2012,,*45
$GNGGA,220636.000,3900.0014,N,11613.9811,E,1,12,0.71,-9.0,M,-6.8,M,,*49
$PAIRACC,3.78,8.35*49
$GNGLL,3900.0014,N,11613.9811,E,220636.000,A,A*4E
$GNGSA,A,3,29,03,27,21,,,,,,,,,1.22,0.71,0.99,1*08
$GNGSA,A,3,79,68,80,84,,,,,,,,,1.22,0.71,0.99,2*01
$GNGSA,A,3,,,,,,,,,,,,,1.22,0.71,0.99,3*04
$GNGSA,A,3,08,04,09,05,,,,,,,,,1.22,0.71,0.99,4*03
$GPGSV,2,1,08,14,03,216,,18,59,300,,15,47,051,,22,30,275,,1*6A
$GPGSV,2,2,08,29,19,187,39.9,03,14,317,39.4,27,08,037,39.7,21,85,001,39.6,1*68
$GLGSV,2,1,05,79,65,082,39.6,68,14,105,40.0,86,07,334,,80,07,026,39.9,1*65
$GLGSV,2,2,05,84,05,237,40.2,1*5A
$GAGSV,1,1,00,7*73
$GBGSV,1,1,04,08,51,179,39.5,04,27,125,38.5,09,20,190,39.2,05,15,249,39.0,1*78
$GNRMC,220636.000,A,3900.0014,N,11613.9811,E,0.01,12.27,280612,,,A,V*3B
$GNVTG,12.27,T,,M,0.01,N,0.01,K,A*15
$GNZDA,220636.000,28,06,2012,,*46
$GNGGA,220637.000,3900.0014,N,11613.9810,E,1,12,0.71,-9.0,M,-6.8,M,,*49
$PAIRACC,3.73,7.95*47
$GNGLL,3900.0014,N,11613.9810,E,220637.000,A,A*4E
$GNGSA,A,3,29,03,27,21,,,,,,,,,1.22,0.71,0.99,1*08
$GNGSA,A,3,79,68,80,84,,,,,,,,,1.22,0.71,0.99,2*01
$GNGSA,A,3,,,,,,,,,,,,,1.22,0.71,0.99,3*04
$GNGSA,A,3,08,04,09,05,,,,,,,,,1.22,0.71,0.99,4*03
$GPGSV,2,1,08,14,03,216,,18,59,300,,15,47,051,,22,30,275,,1*6A
$GPGSV,2,2,08,29,19,187,40.1,03,14,317,39.5,27,08,037,39.9,21,85,001,40.0,1*69
$GLGSV,2,1,05,79,65,082,39.9,68,14,105,40.0,86,07,334,,80,07,026,40.4,1*69
$GLGSV,2,2,05,84,05,237,39.6,1*50
$GAGSV,1,1,00,7*73
$GBGSV,1,1,04,08,51,179,39.5,04,27,125,38.5,09,20,190,39.5,05,15,249,39.0,1*7F
$GNRMC,220637.000,A,3900.0014,N,11613.9810,E,0.01,5.86,280612,,,A,V*06
$GNVTG,5.86,T,,M,0.01,N,0.01,K,A*28
$GNZDA,220637.000,28,06,2012,,*47
$GNGGA,220638.000,3900.0014,N,11613.9810,E,1,12,0.71,-9.0,M,-6.8,M,,*46
$PAIRACC,3.86,8.39*44
$GNGLL,3900.0014,N,11613.9810,E,220638.000,A,A*41
$GNGSA,A,3,29,03,27,21,,,,,,,,,1.22,0.71,0.99,1*08
$GNGSA,A,3,79,68,80,84,,,,,,,,,1.22,0.71,0.99,2*01
$GNGSA,A,3,,,,,,,,,,,,,1.22,0.71,0.99,3*04
$GNGSA,A,3,08,04,09,05,,,,,,,,,1.22,0.71,0.99,4*03
$GPGSV,2,1,08,14,03,216,,18,59,300,,15,47,051,,22,30,275,,1*6A
$GPGSV,2,2,08,29,19,187,39.5,03,14,317,38.9,27,08,037,39.5,21,85,001,40.2,1*60
$GLGSV,2,1,05,79,65,082,40.2,68,14,105,39.9,86,07,334,,80,07,026,40.3,1*6C
$GLGSV,2,2,05,84,05,237,39.8,1*5E
$GAGSV,1,1,00,7*73
$GBGSV,1,1,04,08,51,179,39.1,04,27,125,39.2,09,20,190,39.3,05,15,249,39.5,1*7E
$GNRMC,220638.000,A,3900.0014,N,11613.9810,E,0.01,7.03,280612,,,A,V*06
$GNVTG,7.03,T,,M,0.01,N,0.01,K,A*27
$GNZDA,220638.000,28,06,2012,,*48
$GNGGA,220639.000,3900.0014,N,11613.9811,E,1,12,0.71,-9.0,M,-6.8,M,,*46
$PAIRACC,3.73,7.94*46
$GNGLL,3900.0014,N,11613.9811,E,220639.000,A,A*41
$GNGSA,A,3,29,03,27,21,,,,,,,,,1.22,0.71,0.99,1*08
$GNGSA,A,3,79,68,80,84,,,,,,,,,1.22,0.71,0.99,2*01
$GNGSA,A,3,,,,,,,,,,,,,1.22,0.71,0.99,3*04
$GNGSA,A,3,08,04,09,05,,,,,,,,,1.22,0.71,0.99,4*03
$GPGSV,2,1,08,14,03,216,,18,59,300,,15,47,051,,22,30,275,,1*6A
$GPGSV,2,2,08,29,19,187,39.5,03,14,317,39.2,27,08,037,40.1,21,85,001,39.6,1*6A
$GLGSV,2,1,05,79,65,082,39.7,68,14,105,40.2,86,07,334,,80,07,026,40.1,1*60
$GLGSV,2,2,05,84,05,237,17.6,1*5C
$GAGSV,1,1,00,7*73
$GBGSV,1,1,04,08,51,179,40.0,04,27,125,38.5,09,20,190,39.8,05,15,249,39.1,1*78
$GNRMC,220639.000,A,3900.0014,N,11613.9811,E,0.01,342.99,280612,,,A,V*07
$GNVTG,342.99,T,,M,0.01,N,0.01,K,A*26
$GNZDA,220639.000,28,06,2012,,*49
$GNGGA,220640.000,3900.0014,N,11613.9811,E,1,12,0.71,-9.0,M,-6.8,M,,*48
$PAIRACC,3.72,7.90*43
$GNGLL,3900.0014,N,11613.9811,E,220640.000,A,A*4F
$GNGSA,A,3,29,03,27,21,,,,,,,,,1.22,0.71,0.99,1*08
$GNGSA,A,3,79,68,80,84,,,,,,,,,1.22,0.71,0.99,2*01
$GNGSA,A,3,,,,,,,,,,,,,1.22,0.71,0.99,3*04
$GNGSA,A,3,08,04,09,05,,,,,,,,,1.22,0.71,0.99,4*03
$GPGSV,2,1,08,14,03,216,,18,59,300,,15,47,051,,22,30,275,,1*6A
$GPGSV,2,2,08,29,19,187,39.6,03,14,317,39.2,27,08,037,39.9,21,85,001,39.8,1*61
$GLGSV,2,1,05,79,65,082,40.0,68,14,105,40.3,86,07,334,,80,07,026,40.1,1*68
$GLGSV,2,2,05,84,05,237,13.8,1*56
$GAGSV,1,1,00,7*73
$GBGSV,1,1,04,08,51,179,39.6,04,27,125,38.5,09,20,190,39.6,05,15,249,38.8,1*76
$GNRMC,220640.000,A,3900.0014,N,11613.9811,E,0.01,334.89,280612,,,A,V*09
$GNVTG,334.89,T,,M,0.01,N,0.01,K,A*26
$GNZDA,220640.000,28,06,2012,,*47
$GNGGA,220641.000,3900.0014,N,11613.9811,E,1,11,0.75,-9.0,M,-6.8,M,,*4E
$PAIRACC,3.72,7.90*43
$GNGLL,3900.0014,N,11613.9811,E,220641.000,A,A*4E
$GNGSA,A,3,29,03,27,21,,,,,,,,,1.28,0.75,1.04,1*03
$GNGSA,A,3,79,68,80,,,,,,,,,,1.28,0.75,1.04,2*06
$GNGSA,A,3,,,,,,,,,,,,,1.28,0.75,1.04,3*0F
$GNGSA,A,3,08,04,09,05,,,,,,,,,1.28,0.75,1.04,4*08
$GPGSV,2,1,08,14,03,216,,18,59,300,,15,47,051,,22,30,275,,1*6A
$GPGSV,2,2,08,29,19,187,39.9,03,14,317,39.9,27,08,037,40.0,21,85,001,39.5,1*6F
$GLGSV,2,1,05,79,65,082,40.1,68,14,105,40.0,86,07,334,,80,07,026,40.1,1*6A
$GLGSV,2,2,05,84,05,237,,1*42
$GAGSV,1,1,00,7*73
$GBGSV,1,1,04,08,51,179,39.7,04,27,125,39.5,09,20,190,39.3,05,15,249,39.2,1*78
$GNRMC,220641.000,A,3900.0014,N,11613.9811,E,0.01,330.93,280612,,,A,V*07
$GNVTG,330.93,T,,M,0.01,N,0.01,K,A*29
$GNZDA,220641.000,28,06,2012,,*46
$GNGGA,220642.000,3900.0014,N,11613.9811,E,1,11,0.75,-9.0,M,-6.8,M,,*4D
$PAIRACC,3.71,7.91*41
$GNGLL,3900.0014,N,11613.9811,E,220642.000,A,A*4D
$GNGSA,A,3,29,03,27,21,,,,,,,,,1.28,0.75,1.04,1*03
$GNGSA,A,3,79,68,80,,,,,,,,,,1.28,0.75,1.04,2*06
$GNGSA,A,3,,,,,,,,,,,,,1.28,0.75,1.04,3*0F
$GNGSA,A,3,08,04,09,05,,,,,,,,,1.28,0.75,1.04,4*08
$GPGSV,2,1,08,14,03,216,,18,59,300,,15,47,051,,22,30,275,,1*6A
$GPGSV,2,2,08,29,19,187,39.7,03,14,317,39.8,27,08,037,39.9,21,85,001,39.7,1*65
$GLGSV,2,1,05,79,65,082,39.9,68,14,105,40.2,86,07,334,,80,07,026,40.3,1*6C
$GLGSV,2,2,05,84,05,237,,1*42
$GAGSV,1,1,00,7*73
$GBGSV,1,1,04,08,51,179,39.5,04,27,125,38.2,09,20,190,39.7,05,15,249,38.9,1*72
$GNRMC,220642.000,A,3900.0014,N,11613.9811,E,0.01,333.54,280612,,,A,V*0C
$GNVTG,333.54,T,,M,0.01,N,0.01,K,A*21
$GNZDA,220642.000,28,06,2012,,*45
$GNGGA,220643.000,3900.0014,N,11613.9811,E,1,11,0.75,-9.0,M,-6.8,M,,*4C
$PAIRACC,3.73,7.91*43
$GNGLL,3900.0014,N,11613.9811,E,220643.000,A,A*4C
$GNGSA,A,3,29,03,27,21,,,,,,,,,1.28,0.75,1.04,1*03
$GNGSA,A,3,79,68,80,,,,,,,,,,1.28,0.75,1.04,2*06
$GNGSA,A,3,,,,,,,,,,,,,1.28,0.75,1.04,3*0F
$GNGSA,A,3,08,04,09,05,,,,,,,,,1.28,0.75,1.04,4*08
$GPGSV,2,1,08,14,03,216,,18,59,300,,15,47,051,,22,30,275,,1*6A
$GPGSV,2,2,08,29,19,187,39.7,03,14,317,39.3,27,08,037,39.9,21,85,001,39.7,1*6E
$GLGSV,2,1,05,79,65,082,39.9,68,14,105,40.2,86,07,334,,80,07,026,39.6,1*67
$GLGSV,2,2,05,84,05,237,,1*42
$GAGSV,1,1,00,7*73
$GBGSV,1,1,04,08,51,179,39.3,04,27,125,38.7,09,20,190,39.1,05,15,249,38.7,1*79
$GNRMC,220643.000,A,3900.0014,N,11613.9811,E,0.01,324.20,280612,,,A,V*08
$GNVTG,324.20,T,,M,0.01,N,0.01,K,A*24
$GNZDA,220643.000,28,06,2012,,*44
$GNGGA,220644.000,3900.0014,N,11613.9811,E,1,11,0.75,-9.0,M,-6.8,M,,*4B
$PAIRACC,3.71,7.88*49
$GNGLL,3900.0014,N,11613.9811,E,220644.000,A,A*4B
$GNGSA,A,3,29,03,27,21,,,,,,,,,1.28,0.75,1.04,1*03
$GNGSA,A,3,79,68,80,,,,,,,,,,1.28,0.75,1.04,2*06
$GNGSA,A,3,,,,,,,,,,,,,1.28,0.75,1.04,3*0F
$GNGSA,A,3,08,04,09,05,,,,,,,,,1.28,0.75,1.04,4*08
$GPGSV,2,1,08,14,03,216,,18,59,300,,15,47,051,,22,30,275,,1*6A
$GPGSV,2,2,08,29,19,187,39.9,03,14,317,39.8,27,08,037,39.7,21,85,001,40.2,1*6E
$GLGSV,2,1,05,79,65,082,40.0,68,14,105,40.0,86,07,334,,80,07,026,39.8,1*6C
$GLGSV,2,2,05,84,05,237,,1*42
$GAGSV,1,1,00,7*73
$GBGSV,1,1,04,08,51,179,39.4,04,27,125,38.9,09,20,190,39.6,05,15,249,39.8,1*79
$GNRMC,220644.000,A,3900.0014,N,11613.9811,E,0.01,334.86,280612,,,A,V*02
$GNVTG,334.86,T,,M,0.01,N,0.01,K,A*29
$GNZDA,220644.000,28,06,2012,,*43
$GNGGA,220645.000,3900.0014,N,11613.9811,E,1,11,0.75,-9.0,M,-6.8,M,,*4A
$PAIRACC,3.72,7.90*43
$GNGLL,3900.0014,N,11613.9811,E,220645.000,A,A*4A
$GNGSA,A,3,29,03,27,21,,,,,,,,,1.28,0.75,1.04,1*03
$GNGSA,A,3,79,68,80,,,,,,,,,,1.28,0.75,1.04,2*06
$GNGSA,A,3,,,,,,,,,,,,,1.28,0.75,1.04,3*0F
$GNGSA,A,3,08,04,09,05,,,,,,,,,1.28,0.75,1.04,4*08
$GPGSV,2,1,08,14,03,216,,18,59,300,,15,47,051,,22,30,275,,1*6A
$GPGSV,2,2,08,29,19,187,39.8,03,15,316,39.5,27,08,037,39.7,21,85,001,39.9,1*67
$GLGSV,2,1,05,79,65,082,39.7,68,14,105,40.0,86,07,334,,80,07,026,40.1,1*62
$GLGSV,2,2,05,84,05,237,,1*42
$GAGSV,1,1,00,7*73
$GBGSV,1,1,04,08,51,179,39.3,04,27,125,38.9,09,20,190,39.6,05,15,249,38.6,1*71
$GNRMC,220645.000,A,3900.0014,N,11613.9811,E,0.01,329.55,280612,,,A,V*01
$GNVTG,329.55,T,,M,0.01,N,0.01,K,A*2B
$GNZDA,220645.000,28,06,2012,,*42
$GNGGA,220646.000,3900.0014,N,11613.9811,E,1,11,0.75,-9.0,M,-6.8,M,,*49
$PAIRACC,3.78,7.94*4D
$GNGLL,3900.0014,N,11613.9811,E,220646.000,A,A*49
$GNGSA,A,3,29,03,27,21,,,,,,,,,1.28,0.75,1.04,1*03
$GNGSA,A,3,79,68,80,,,,,,,,,,1.28,0.75,1.04,2*06
$GNGSA,A,3,,,,,,,,,,,,,1.28,0.75,1.04,3*0F
$GNGSA,A,3,08,04,09,05,,,,,,,,,1.28,0.75,1.04,4*08
$GPGSV,2,1,08,14,03,216,,18,59,300,,15,47,051,,22,30,275,,1*6A
$GPGSV,2,2,08,29,19,187,39.9,03,15,316,39.0,27,08,037,39.5,21,85,001,39.9,1*61
$GLGSV,2,1,05,79,65,082,40.4,68,14,105,40.0,86,07,334,,80,07,026,40.1,1*6F
$GLGSV,2,2,05,84,05,237,,1*42
$GAGSV,1,1,00,7*73
$GBGSV,1,1,04,08,51,179,39.1,04,27,125,38.7,09,20,190,39.4,05,15,249,39.2,1*7A
$GNRMC,220646.000,A,3900.0014,N,11613.9811,E,0.01,330.02,280612,,,A,V*08
$GNVTG,330.02,T,,M,0.01,N,0.01,K,A*21
$GNZDA,220646.000,28,06,2012,,*41
$GNGGA,220647.000,3900.0015,N,11613.9811,E,1,11,0.75,-9.0,M,-6.8,M,,*49
$PAIRACC,3.71,7.88*49
$GNGLL,3900.0015,N,11613.9811,E,220647.000,A,A*49
$GNGSA,A,3,29,03,27,21,,,,,,,,,1.28,0.75,1.04,1*03
$GNGSA,A,3,79,68,80,,,,,,,,,,1.28,0.75,1.04,2*06
$GNGSA,A,3,,,,,,,,,,,,,1.28,0.75,1.04,3*0F
$GNGSA,A,3,08,04,09,05,,,,,,,,,1.28,0.75,1.04,4*08
$GPGSV,3,1,09,14,03,216,,18,59,300,,15,47,051,,24,44,124,,1*68
$GPGSV,3,2,09,22,30,275,,29,19,187,40.0,03,15,316,39.6,27,08,037,40.1,1*7B
$GPGSV,3,3,09,21,85,001,39.9,1*4F
$GLGSV,2,1,05,79,65,082,39.7,68,14,105,39.9,86,07,334,,80,07,026,40.1,1*65
$GLGSV,2,2,05,84,05,237,,1*42
$GAGSV,1,1,00,7*73
$GBGSV,1,1,04,08,51,179,39.4,04,27,125,39.2,09,20,190,39.2,05,15,249,39.4,1*7B
$GNRMC,220647.000,A,3900.0015,N,11613.9811,E,0.01,335.57,280612,,,A,V*0D
$GNVTG,335.57,T,,M,0.01,N,0.01,K,A*24
$GNZDA,220647.000,28,06,2012,,*40
$GNGGA,220648.000,3900.0015,N,11613.9811,E,1,11,0.74,-9.0,M,-6.8,M,,*47
$PAIRACC,3.70,7.85*45
$GNGLL,3900.0015,N,11613.9811,E,220648.000,A,A*46
$GNGSA,A,3,29,03,27,21,,,,,,,,,1.28,0.74,1.04,1*02
$GNGSA,A,3,79,68,80,,,,,,,,,,1.28,0.74,1.04,2*07
$GNGSA,A,3,,,,,,,,,,,,,1.28,0.74,1.04,3*0E
$GNGSA,A,3,08,04,09,05,,,,,,,,,1.28,0.74,1.04,4*09
$GPGSV,3,1,09,14,03,216,,18,59,300,,15,47,051,,24,44,124,,1*68
$GPGSV,3,2,09,22,30,275,,29,19,187,39.7,03,15,316,39.3,27,08,037,39.5,1*7D
$GPGSV,3,3,09,21,85,001,39.9,1*4F
$GLGSV,2,1,05,79,65,082,40.2,68,14,105,40.0,86,07,334,,80,07,026,40.2,1*6A
$GLGSV,2,2,05,84,05,237,,1*42
$GAGSV,1,1,00,7*73
$GBGSV,1,1,04,08,51,179,39.7,04,27,125,38.7,09,20,190,39.5,05,15,249,39.0,1*7F
$GNRMC,220648.000,A,3900.0015,N,11613.9811,E,0.01,328.54,280612,,,A,V*0D
$GNVTG,328.54,T,,M,0.01,N,0.01,K,A*2B
$GNZDA,220648.000,28,06,2012,,*4F
$GNGGA,220649.000,3900.0015,N,11613.9811,E,1,11,0.75,-9.0,M,-6.8,M,,*47
$PAIRACC,3.78,7.89*41
$GNGLL,3900.0015,N,11613.9811,E,220649.000,A,A*47
$GNGSA,A,3,29,03,27,21,,,,,,,,,1.28,0.75,1.04,1*03
$GNGSA,A,3,79,68,80,,,,,,,,,,1.28,0.75,1.04,2*06
$GNGSA,A,3,,,,,,,,,,,,,1.28,0.75,1.04,3*0F
$GNGSA,A,3,08,04,09,05,,,,,,,,,1.28,0.75,1.04,4*08
$GPGSV,3,1,09,14,03,216,,18,59,300,,15,47,051,,24,44,124,,1*68
$GPGSV,3,2,09,22,30,275,,29,19,187,39.8,03,15,316,39.1,27,08,037,39.9,1*7C
$GPGSV,3,3,09,21,85,001,39.8,1*4E
$GLGSV,2,1,05,79,65,082,39.8,68,14,105,40.6,86,07,334,,80,07,026,40.0,1*6A
$GLGSV,2,2,05,84,05,237,,1*42
$GAGSV,1,1,00,7*73
$GBGSV,1,1,04,08,51,179,40.0,04,27,125,38.6,09,20,190,39.5,05,15,249,39.5,1*72
$GNRMC,220649.000,A,3900.0015,N,11613.9811,E,0.01,332.42,280612,,,A,V*00
$GNVTG,332.42,T,,M,0.01,N,0.01,K,A*27
$GNZDA,220649.000,28,06,2012,,*4E
$GNGGA,220650.000,3900.0015,N,11613.9811,E,1,11,0.75,-9.0,M,-6.8,M,,*4F
$PAIRACC,3.71,7.86*47
$GNGLL,3900.0015,N,11613.9811,E,220650.000,A,A*4F
$GNGSA,A,3,29,03,27,21,,,,,,,,,1.28,0.75,1.04,1*03
$GNGSA,A,3,79,68,80,,,,,,,,,,1.28,0.75,1.04,2*06
$GNGSA,A,3,,,,,,,,,,,,,1.28,0.75,1.04,3*0F
$GNGSA,A,3,08,04,09,05,,,,,,,,,1.28,0.75,1.04,4*08
$GPGSV,3,1,09,14,03,216,,18,59,300,,15,47,051,,24,44,124,,1*68
$GPGSV,3,2,09,22,30,275,,29,19,187,40.0,03,15,316,39.9,27,08,037,40.4,1*71
$GPGSV,3,3,09,21,85,001,40.3,1*4B
$GLGSV,2,1,05,79,65,082,40.3,68,14,105,39.7,86,07,334,,80,07,026,40.2,1*62
$GLGSV,2,2,05,84,05,237,,1*42
$GAGSV,1,1,00,7*73
$GBGSV,1,1,04,08,51,179,39.8,04,27,125,39.5,09,20,190,38.9,05,15,249,38.9,1*76
$GNRMC,220650.000,A,3900.0015,N,11613.9811,E,0.01,342.38,280612,,,A,V*02
$GNVTG,342.38,T,,M,0.01,N,0.01,K,A*2D
$GNZDA,220650.000,28,06,2012,,*46
$GNGGA,220651.000,3900.0015,N,11613.9811,E,1,11,0.75,-9.0,M,-6.8,M,,*4E
$PAIRACC,3.71,7.86*47
$GNGLL,3900.0015,N,11613.9811,E,220651.000,A,A*4E
$GNGSA,A,3,29,03,27,21,,,,,,,,,1.28,0.75,1.04,1*03
$GNGSA,A,3,79,68,80,,,,,,,,,,1.28,0.75,1.04,2*06
$GNGSA,A,3,,,,,,,,,,,,,1.28,0.75,1.04,3*0F
$GNGSA,A,3,08,04,09,05,,,,,,,,,1.28,0.75,1.04,4*08
$GPGSV,3,1,09,14,03,216,,18,59,300,,15,47,051,,24,44,124,,1*68
$GPGSV,3,2,09,22,30,275,,29,19,187,39.5,03,15,316,39.6,27,08,037,40.1,1*70
$GPGSV,3,3,09,21,85,001,39.8,1*4E
$GLGSV,2,1,05,79,65,082,39.6,68,14,105,40.2,86,07,334,,80,07,026,39.8,1*66
$GLGSV,2,2,05,84,05,237,,1*42
$GAGSV,1,1,00,7*73
$GBGSV,1,1,04,08,51,179,39.4,04,27,125,38.5,09,20,190,39.7,05,15,249,39.4,1*78
$GNRMC,220651.000,A,3900.0015,N,11613.9811,E,0.01,345.98,280612,,,A,V*0E
$GNVTG,345.98,T,,M,0.01,N,0.01,K,A*20
$GNZDA,220651.000,28,06,2012,,*47
$GNGGA,220652.000,3900.0015,N,11613.9811,E,1,11,0.75,-9.0,M,-6.8,M,,*4D
$PAIRACC,3.69,7.83*4B
$GNGLL,3900.0015,N,11613.9811,E,220652.000,A,A*4D
$GNGSA,A,3,29,03,27,21,,,,,,,,,1.28,0.75,1.04,1*03
$GNGSA,A,3,79,68,80,,,,,,,,,,1.28,0.75,1.04,2*06
$GNGSA,A,3,,,,,,,,,,,,,1.28,0.75,1.04,3*0F
$GNGSA,A,3,08,04,09,05,,,,,,,,,1.28,0.75,1.04,4*08
$GPGSV,3,1,09,14,03,216,,18,59,300,,15,47,051,,24,44,124,,1*68
$GPGSV,3,2,09,22,30,275,,29,19,187,40.0,03,15,316,39.8,27,08,037,39.8,1*72
$GPGSV,3,3,09,21,85,001,39.7,1*41
$GLGSV,2,1,05,79,65,082,40.0,68,14,105,40.2,86,07,334,,80,07,026,40.2,1*6A
$GLGSV,2,2,05,84,05,237,,1*42
$GAGSV,1,1,00,7*73
$GBGSV,1,1,04,08,51,179,39.3,04,27,125,38.5,09,20,190,39.3,05,15,249,39.3,1*7C
$GNRMC,220652.000,A,3900.0015,N,11613.9811,E,0.01,346.64,280612,,,A,V*0D
$GNVTG,346.64,T,,M,0.01,N,0.01,K,A*20
$GNZDA,220652.000,28,06,2012,,*44
$GNGGA,220653.000,3900.0015,N,11613.9811,E,1,11,0.75,-9.0,M,-6.8,M,,*4C
$PAIRACC,3.71,7.87*46
$GNGLL,3900.0015,N,11613.9811,E,220653.000,A,A*4C
$GNGSA,A,3,29,03,27,21,,,,,,,,,1.28,0.75,1.04,1*03
$GNGSA,A,3,79,68,80,,,,,,,,,,1.28,0.75,1.04,2*06
$GNGSA,A,3,,,,,,,,,,,,,1.28,0.75,1.04,3*0F
$GNGSA,A,3,08,04,09,05,,,,,,,,,1.28,0.75,1.04,4*08
$GPGSV,3,1,09,14,03,216,,18,59,300,,15,47,051,,24,44,124,,1*68
$GPGSV,3,2,09,22,30,275,,29,19,187,39.8,03,15,316,39.9,27,08,037,39.8,1*75
$GPGSV,3,3,09,21,85,001,39.6,1*40
$GLGSV,2,1,05,79,65,082,40.1,68,14,105,39.8,86,07,334,,80,07,026,40.0,1*6D
$GLGSV,2,2,05,84,05,237,,1*42
$GAGSV,1,1,00,7*73
$GBGSV,1,1,04,08,51,179,39.8,04,27,125,39.2,09,20,190,39.2,05,15,249,39.7,1*74
$GNRMC,220653.000,A,3900.0015,N,11613.9811,E,0.01,336.20,280612,,,A,V*0B
$GNVTG,336.20,T,,M,0.01,N,0.01,K,A*27
$GNZDA,220653.000,28,06,2012,,*45
$GNGGA,220654.000,3900.0015,N,11613.9811,E,1,11,0.75,-9.0,M,-6.8,M,,*4B
$PAIRACC,3.69,7.82*4A
$GNGLL,3900.0015,N,11613.9811,E,220654.000,A,A*4B
$GNGSA,A,3,29,03,27,21,,,,,,,,,1.28,0.75,1.04,1*03
$GNGSA,A,3,79,68,80,,,,,,,,,,1.28,0.75,1.04,2*06
$GNGSA,A,3,,,,,,,,,,,,,1.28,0.75,1.04,3*0F
$GNGSA,A,3,08,04,09,05,,,,,,,,,1.28,0.75,1.04,4*08
$GPGSV,3,1,09,14,03,216,,18,59,300,,15,47,051,,24,44,124,,1*68
$GPGSV,3,2,09,22,30,275,,29,19,187,39.8,03,15,316,39.3,27,08,037,39.9,1*7E
$GPGSV,3,3,09,21,85,001,40.1,1*49
$GLGSV,2,1,05,79,65,082,40.0,68,14,105,40.0,86,07,334,,80,07,026,40.2,1*68
$GLGSV,2,2,05,84,05,237,,1*42
$GAGSV,1,1,00,7*73
$GBGSV,1,1,04,08,51,179,39.6,04,27,125,38.2,09,20,190,39.5,05,15,249,39.1,1*7A
$GNRMC,220654.000,A,3900.0015,N,11613.9811,E,0.01,330.05,280612,,,A,V*0D
$GNVTG,330.05,T,,M,0.01,N,0.01,K,A*26
$GNZDA,220654.000,28,06,2012,,*42
$GNGGA,220655.000,3900.0015,N,11613.9811,E,1,11,0.75,-9.0,M,-6.8,M,,*4A
$PAIRACC,3.68,7.79*4F
$GNGLL,3900.0015,N,11613.9811,E,220655.000,A,A*4A
$GNGSA,A,3,29,03,27,21,,,,,,,,,1.28,0.75,1.04,1*03
$GNGSA,A,3,79,68,80,,,,,,,,,,1.28,0.75,1.04,2*06
$GNGSA,A,3,,,,,,,,,,,,,1.28,0.75,1.04,3*0F
$GNGSA,A,3,08,04,09,05,,,,,,,,,1.28,0.75,1.04,4*08
$GPGSV,3,1,09,14,03,216,,18,59,300,,15,47,051,,24,44,124,,1*68
$GPGSV,3,2,09,22,30,275,,29,19,187,39.8,03,15,316,39.4,27,08,037,40.2,1*7C
$GPGSV,3,3,09,21,85,001,40.1,1*49
$GLGSV,2,1,05,79,65,082,39.4,68,14,105,39.8,86,07,334,,80,07,026,40.0,1*66
$GLGSV,2,2,05,84,05,237,,1*42
$GAGSV,1,1,00,7*73
$GBGSV,1,1,04,08,51,179,39.9,04,27,125,38.6,09,20,190,39.6,05,15,249,39.3,1*70
$GNRMC,220655.000,A,3900.0015,N,11613.9811,E,0.01,337.51,280612,,,A,V*0A
$GNVTG,337.51,T,,M,0.01,N,0.01,K,A*20
$GNZDA,220655.000,28,06,2012,,*43
$GNGGA,220656.000,3900.0015,N,11613.9811,E,1,11,0.75,-9.0,M,-6.8,M,,*49
$PAIRACC,3.68,7.81*48
$GNGLL,3900.0015,N,11613.9811,E,220656.000,A,A*49
$GNGSA,A,3,29,03,27,21,,,,,,,,,1.28,0.75,1.04,1*03
$GNGSA,A,3,79,68,80,,,,,,,,,,1.28,0.75,1.04,2*06
$GNGSA,A,3,,,,,,,,,,,,,1.28,0.75,1.04,3*0F
$GNGSA,A,3,08,04,09,05,,,,,,,,,1.28,0.75,1.04,4*08
$GPGSV,3,1,09,14,04,216,,18,59,300,,15,47,051,,24,44,124,,1*6F
$GPGSV,3,2,09,22,30,275,,29,19,187,39.8,03,15,316,39.2,27,08,037,39.5,1*73
$GPGSV,3,3,09,21,85,001,40.0,1*48
$GLGSV,2,1,05,79,65,082,40.2,68,14,105,40.5,86,07,334,,80,07,026,40.2,1*6F
$GLGSV,2,2,05,84,05,237,,1*42
$GAGSV,1,1,00,7*73
$GBGSV,1,1,04,08,51,179,39.6,04,27,125,39.0,09,20,190,39.6,05,15,249,39.3,1*78
$GNRMC,220656.000,A,3900.0015,N,11613.9811,E,0.01,338.30,280612,,,A,V*01
$GNVTG,338.30,T,,M,0.01,N,0.01,K,A*28
$GNZDA,220656.000,28,06,2012,,*40
$GNGGA,220657.000,3900.0015,N,11613.9811,E,1,11,0.75,-9.0,M,-6.8,M,,*48
$PAIRACC,3.69,7.83*4B
$GNGLL,3900.0015,N,11613.9811,E,220657.000,A,A*48
$GNGSA,A,3,29,03,27,21,,,,,,,,,1.28,0.75,1.04,1*03
$GNGSA,A,3,79,68,80,,,,,,,,,,1.28,0.75,1.04,2*06
$GNGSA,A,3,,,,,,,,,,,,,1.28,0.75,1.04,3*0F
$GNGSA,A,3,08,04,09,05,,,,,,,,,1.28,0.75,1.04,4*08
$GPGSV,3,1,09,14,04,216,,18,59,300,,15,46,050,,24,44,124,,1*6F
$GPGSV,3,2,09,22,30,275,,29,19,187,40.1,03,15,316,39.9,27,08,037,40.0,1*74
$GPGSV,3,3,09,21,85,001,40.0,1*48
$GLGSV,2,1,05,79,65,082,39.6,68,14,105,39.7,86,07,334,,80,07,026,39.8,1*6D
$GLGSV,2,2,05,84,05,237,,1*42
$GAGSV,1,1,00,7*73
$GBGSV,1,1,04,08,51,179,39.3,04,27,125,38.9,09,20,190,39.5,05,15,249,39.1,1*74
$GNRMC,220657.000,A,3900.0015,N,11613.9811,E,0.01,338.78,280612,,,A,V*0C
$GNVTG,338.78,T,,M,0.01,N,0.01,K,A*24
$GNZDA,220657.000,28,06,2012,,*41
$GNGGA,220658.000,3900.0015,N,11613.9811,E,1,11,0.74,-9.0,M,-6.8,M,,*46
$PAIRACC,3.68,7.79*4F
$GNGLL,3900.0015,N,11613.9811,E,220658.000,A,A*47
$GNGSA,A,3,29,03,27,21,,,,,,,,,1.28,0.74,1.04,1*02
$GNGSA,A,3,79,68,80,,,,,,,,,,1.28,0.74,1.04,2*07
$GNGSA,A,3,,,,,,,,,,,,,1.28,0.74,1.04,3*0E
$GNGSA,A,3,08,04,09,05,,,,,,,,,1.28,0.74,1.04,4*09
$GPGSV,3,1,09,14,04,216,,18,59,300,,15,46,050,,24,44,124,,1*6F
$GPGSV,3,2,09,22,30,275,,29,19,187,39.9,03,15,316,39.2,27,08,037,39.9,1*7E
$GPGSV,3,3,09,21,85,001,39.9,1*4F
$GLGSV,2,1,05,79,65,082,39.7,68,14,105,40.1,86,07,334,,80,07,026,40.3,1*61
$GLGSV,2,2,05,84,05,237,,1*42
$GAGSV,1,1,00,7*73
$GBGSV,1,1,04,08,51,179,39.3,04,27,125,38.7,09,20,190,39.3,05,15,249,39.0,1*7D
$GNRMC,220658.000,A,3900.0015,N,11613.9811,E,0.01,327.11,280612,,,A,V*02
$GNVTG,327.11,T,,M,0.01,N,0.01,K,A*25
$GNZDA,220658.000,28,06,2012,,*4E
$GNGGA,220659.000,3900.0015,N,11613.9811,E,1,11,0.75,-9.0,M,-6.8,M,,*46
$PAIRACC,3.69,7.87*4F
$GNGLL,3900.0015,N,11613.9811,E,220659.000,A,A*46
$GNGSA,A,3,29,03,27,21,,,,,,,,,1.28,0.75,1.04,1*03
$GNGSA,A,3,79,68,80,,,,,,,,,,1.28,0.75,1.04,2*06
$GNGSA,A,3,,,,,,,,,,,,,1.28,0.75,1.04,3*0F
$GNGSA,A,3,08,04,09,05,,,,,,,,,1.28,0.75,1.04,4*08
$GPGSV,3,1,09,14,04,216,,18,59,300,,15,46,050,,24,44,124,,1*6F
$GPGSV,3,2,09,22,30,275,,29,19,187,39.7,03,15,316,40.0,27,08,037,39.9,1*7C
$GPGSV,3,3,09,21,85,001,40.2,1*4A
$GLGSV,2,1,05,79,65,082,39.4,68,14,105,39.8,86,07,334,,80,07,026,40.1,1*67
$GLGSV,2,2,05,84,05,237,,1*42
$GAGSV,1,1,00,7*73
$GBGSV,1,1,04,08,51,179,39.1,04,27,125,39.0,09,20,190,39.3,05,15,249,39.2,1*7B
$GNRMC,220659.000,A,3900.0015,N,11613.9811,E,0.01,331.54,280612,,,A,V*05
$GNVTG,331.54,T,,M,0.01,N,0.01,K,A*23
$GNZDA,220659.000,28,06,2012,,*4F
$GNGGA,220700.000,3900.0015,N,11613.9811,E,1,11,0.75,-9.0,M,-6.8,M,,*4B
$PAIRACC,3.68,7.80*49
$GNGLL,3900.0015,N,11613.9811,E,220700.000,A,A*4B
$GNGSA,A,3,29,03,27,21,,,,,,,,,1.28,0.75,1.04,1*03
$GNGSA,A,3,79,68,80,,,,,,,,,,1.28,0.75,1.04,2*06
$GNGSA,A,3,,,,,,,,,,,,,1.28,0.75,1.04,3*0F
$GNGSA,A,3,08,04,09,05,,,,,,,,,1.28,0.75,1.04,4*08
$GPGSV,3,1,09,14,04,216,,18,60,302,,15,46,050,,24,44,124,,1*67
$GPGSV,3,2,09,22,30,275,,29,19,187,39.9,03,15,316,39.6,27,08,037,39.7,1*74
$GPGSV,3,3,09,21,85,001,40.2,1*4A
$GLGSV,2,1,05,79,65,082,39.8,68,14,105,40.0,86,07,334,,80,07,026,40.3,1*6F
$GLGSV,2,2,05,84,05,237,,1*42
$GAGSV,1,1,00,7*73
$GBGSV,1,1,04,08,51,179,39.1,04,27,125,38.5,09,20,190,39.6,05,15,249,39.0,1*78
$GNRMC,220700.000,A,3900.0015,N,11613.9811,E,0.01,332.41,280612,,,A,V*0F
$GNVTG,332.41,T,,M,0.01,N,0.01,K,A*24
$GNZDA,220700.000,28,06,2012,,*42
$GNGGA,220701.000,3900.0015,N,11613.9811,E,1,11,0.75,-9.0,M,-6.8,M,,*4A
$PAIRACC,3.68,7.80*49
$GNGLL,3900.0015,N,11613.9811,E,220701.000,A,A*4A
$GNGSA,A,3,29,03,27,21,,,,,,,,,1.28,0.75,1.04,1*03
$GNGSA,A,3,79,68,80,,,,,,,,,,1.28,0.75,1.04,2*06
$GNGSA,A,3,,,,,,,,,,,,,1.28,0.75,1.04,3*0F
$GNGSA,A,3,08,04,09,05,,,,,,,,,1.28,0.75,1.04,4*08
$GPGSV,3,1,09,14,04,216,,18,60,302,,15,46,050,,24,44,124,,1*67
$GPGSV,3,2,09,22,30,275,,29,19,187,39.8,03,15,316,39.8,27,08,037,39.9,1*75
$GPGSV,3,3,09,21,85,001,40.4,1*4C
$GLGSV,2,1,05,79,65,082,39.4,68,14,105,39.5,86,07,334,,80,07,026,39.8,1*6D
$GLGSV,2,2,05,84,05,237,,1*42
$GAGSV,1,1,00,7*73
$GBGSV,1,1,04,08,51,179,39.4,04,27,125,38.7,09,20,190,39.3,05,15,249,39.1,1*7B
$GNRMC,220701.000,A,3900.0015,N,11613.9811,E,0.01,338.52,280612,,,A,V*06
$GNVTG,338.52,T,,M,0.01,N,0.01,K,A*2C
$GNZDA,220701.000,28,06,2012,,*43
$GNGGA,220702.000,3900.0015,N,11613.9811,E,1,11,0.75,-9.0,M,-6.8,M,,*49
$PAIRACC,3.67,7.77*4E
$GNGLL,3900.0015,N,11613.9811,E,220702.000,A,A*49
$GNGSA,A,3,29,03,27,21,,,,,,,,,1.28,0.75,1.04,1*03
$GNGSA,A,3,79,68,80,,,,,,,,,,1.28,0.75,1.04,2*06
$GNGSA,A,3,,,,,,,,,,,,,1.28,0.75,1.04,3*0F
$GNGSA,A,3,08,04,09,05,,,,,,,,,1.28,0.75,1.04,4*08
$GPGSV,3,1,09,14,04,216,,18,60,302,,15,46,050,,24,44,124,,1*67
$GPGSV,3,2,09,22,30,275,,29,19,187,40.0,03,15,316,39.4,27,08,037,39.6,1*70
$GPGSV,3,3,09,21,85,001,40.3,1*4B
$GLGSV,2,1,05,79,65,082,39.7,68,14,105,39.9,86,07,334,,80,07,026,39.8,1*62
$GLGSV,2,2,05,84,05,237,,1*42
$GAGSV,1,1,00,7*73
$GBGSV,1,1,04,08,51,179,39.3,04,27,125,39.0,09,20,190,39.1,05,15,249,39.0,1*79
$GNRMC,220702.000,A,3900.0015,N,11613.9811,E,0.01,340.67,280612,,,A,V*0C
$GNVTG,340.67,T,,M,0.01,N,0.01,K,A*25
$GNZDA,220702.000,28,06,2012,,*40
$GNGGA,220703.000,3900.0015,N,11613.9812,E,1,11,0.75,-9.0,M,-6.8,M,,*4B
$PAIRACC,3.70,7.82*42
$GNGLL,3900.0015,N,11613.9812,E,220703.000,A,A*4B
$GNGSA,A,3,29,03,27,21,,,,,,,,,1.28,0.75,1.04,1*03
$GNGSA,A,3,79,68,80,,,,,,,,,,1.28,0.75,1.04,2*06
$GNGSA,A,3,,,,,,,,,,,,,1.28,0.75,1.04,3*0F
$GNGSA,A,3,08,04,09,05,,,,,,,,,1.28,0.75,1.04,4*08
$GPGSV,3,1,09,14,04,216,,18,60,302,,15,46,050,,24,44,124,,1*67
$GPGSV,3,2,09,22,30,275,,29,19,187,39.7,03,15,316,39.7,27,08,037,39.9,1*75
$GPGSV,3,3,09,21,86,014,40.0,1*4F
$GLGSV,2,1,05,79,65,082,39.9,68,14,105,39.8,86,07,334,,80,07,026,40.0,1*6B
$GLGSV,2,2,05,84,05,237,,1*42
$GAGSV,1,1,00,7*73
$GBGSV,1,1,04,08,51,179,40.0,04,27,125,38.8,09,20,190,39.1,05,15,249,39.0,1*7D
$GNRMC,220703.000,A,3900.0015,N,11613.9812,E,0.01,329.66,280612,,,A,V*00
$GNVTG,329.66,T,,M,0.01,N,0.01,K,A*2B
$GNZDA,220703.000,28,06,2012,,*41
$GNGGA,220704.000,3900.0015,N,11613.9812,E,1,11,0.75,-9.0,M,-6.8,M,,*4C
$PAIRACC,3.67,7.77*4E
$GNGLL,3900.0015,N,11613.9812,E,220704.000,A,A*4C
$GNGSA,A,3,29,03,27,21,,,,,,,,,1.28,0.75,1.04,1*03
$GNGSA,A,3,79,68,80,,,,,,,,,,1.28,0.75,1.04,2*06
$GNGSA,A,3,,,,,,,,,,,,,1.28,0.75,1.04,3*0F
$GNGSA,A,3,08,04,09,05,,,,,,,,,1.28,0.75,1.04,4*08
$GPGSV,3,1,09,14,04,216,,18,60,302,,15,46,050,,24,44,124,,1*67
$GPGSV,3,2,09,22,30,276,,29,19,187,39.5,03,15,316,39.8,27,08,037,39.9,1*7B
$GPGSV,3,3,09,21,86,014,39.7,1*46
$GLGSV,2,1,05,79,65,082,39.6,68,14,105,39.9,86,07,334,,80,07,026,40.0,1*65
$GLGSV,2,2,05,84,05,237,,1*42
$GAGSV,1,1,00,7*73
$GBGSV,1,1,04,08,51,179,39.5,04,27,125,38.7,09,20,190,38.8,05,15,249,39.5,1*74
$GNRMC,220704.000,A,3900.0015,N,11613.9812,E,0.01,323.71,280612,,,A,V*0B
$GNVTG,323.71,T,,M,0.01,N,0.01,K,A*27
$GNZDA,220704.000,28,06,2012,,*46
$GNGGA,220705.000,3900.0015,N,11613.9812,E,1,11,0.75,-9.0,M,-6.8,M,,*4D
$PAIRACC,3.68,7.78*4E
$GNGLL,3900.0015,N,11613.9812,E,220705.000,A,A*4D
$GNGSA,A,3,29,03,27,21,,,,,,,,,1.28,0.75,1.04,1*03
$GNGSA,A,3,79,68,80,,,,,,,,,,1.28,0.75,1.04,2*06
$GNGSA,A,3,,,,,,,,,,,,,1.28,0.75,1.04,3*0F
$GNGSA,A,3,08,04,09,05,,,,,,,,,1.28,0.75,1.04,4*08
$GPGSV,3,1,09,14,04,216,,18,60,302,,15,46,050,,24,44,124,,1*67
$GPGSV,3,2,09,22,30,276,,29,19,187,39.7,03,15,316,39.4,27,08,037,39.9,1*75
$GPGSV,3,3,09,21,86,014,40.2,1*4D
$GLGSV,2,1,05,79,65,082,39.6,68,14,105,39.8,86,07,334,,80,07,026,39.9,1*63
$GLGSV,2,2,05,84,05,237,,1*42
$GAGSV,1,1,00,7*73
$GBGSV,1,1,04,08,51,179,39.5,04,27,125,39.5,09,20,190,39.4,05,15,249,39.3,1*7C
$GNRMC,220705.000,A,3900.0015,N,11613.9812,E,0.01,332.39,280612,,,A,V*06
$GNVTG,332.39,T,,M,0.01,N,0.01,K,A*2B
$GNZDA,220705.000,28,06,2012,,*47
$GNGGA,220706.000,3900.0015,N,11613.9812,E,1,11,0.75,-9.0,M,-6.8,M,,*4E
$PAIRACC,3.66,7.76*4E
$GNGLL,3900.0015,N,11613.9812,E,220706.000,A,A*4E
$GNGSA,A,3,29,03,27,21,,,,,,,,,1.28,0.75,1.04,1*03
$GNGSA,A,3,79,68,80,,,,,,,,,,1.28,0.75,1.04,2*06
$GNGSA,A,3,,,,,,,,,,,,,1.28,0.75,1.04,3*0F
$GNGSA,A,3,08,04,09,05,,,,,,,,,1.28,0.75,1.04,4*08
$GPGSV,3,1,09,14,04,216,,18,60,302,,15,46,050,,24,44,124,,1*67
$GPGSV,3,2,09,22,30,276,,29,19,187,39.3,03,15,316,39.5,27,08,037,39.8,1*71
$GPGSV,3,3,09,21,86,014,39.9,1*48
$GLGSV,2,1,05,79,65,082,40.0,68,14,105,40.1,86,07,334,,80,07,026,39.6,1*63
$GLGSV,2,2,05,84,05,237,,1*42
$GAGSV,1,1,00,7*73
$GBGSV,1,1,04,08,51,179,39.6,04,27,125,38.6,09,20,190,39.6,05,15,249,39.2,1*7E
$GNRMC,220706.000,A,3900.0015,N,11613.9812,E,0.01,335.29,280612,,,A,V*03
$GNVTG,335.29,T,,M,0.01,N,0.01,K,A*2D
$GNZDA,220706.000,28,06,2012,,*44
$GNGGA,220707.000,3900.0015,N,11613.9812,E,1,11,0.75,-9.0,M,-6.8,M,,*4F
$PAIRACC,3.67,7.76*4F
$GNGLL,3900.0015,N,11613.9812,E,220707.000,A,A*4F
$GNGSA,A,3,29,03,27,21,,,,,,,,,1.28,0.75,1.04,1*03
$GNGSA,A,3,79,68,80,,,,,,,,,,1.28,0.75,1.04,2*06
$GNGSA,A,3,,,,,,,,,,,,,1.28,0.75,1.04,3*0F
$GNGSA,A,3,08,04,09,05,,,,,,,,,1.28,0.75,1.04,4*08
$GPGSV,3,1,09,14,04,216,,18,60,302,,15,46,050,,24,44,124,,1*67
$GPGSV,3,2,09,22,30,276,,29,19,187,40.0,03,15,316,39.9,27,08,037,39.8,1*70
$GPGSV,3,3,09,21,86,014,39.9,1*48
$GLGSV,2,1,05,79,65,082,40.0,68,14,105,39.8,80,07,026,39.5,86,07,334,,1*67
$GLGSV,2,2,05,84,05,237,,1*42
$GAGSV,1,1,00,7*73
$GBGSV,2,1,05,08,51,179,39.7,06,44,174,,04,27,125,38.8,09,20,190,39.7,1*6E
$GBGSV,2,2,05,05,15,249,39.0,1*59
$GNRMC,220707.000,A,3900.0015,N,11613.9812,E,0.01,339.26,280612,,,A,V*01
$GNVTG,339.26,T,,M,0.01,N,0.01,K,A*2E
$GNZDA,220707.000,28,06,2012,,*45
$GNGGA,220708.000,3900.0015,N,11613.9812,E,1,11,0.75,-9.0,M,-6.8,M,,*40
$PAIRACC,3.66,7.73*4B
$GNGLL,3900.0015,N,11613.9812,E,220708.000,A,A*40
$GNGSA,A,3,21,29,03,27,,,,,,,,,1.28,0.75,1.04,1*03
$GNGSA,A,3,79,68,80,,,,,,,,,,1.28,0.75,1.04,2*06
$GNGSA,A,3,,,,,,,,,,,,,1.28,0.75,1.04,3*0F
$GNGSA,A,3,08,04,09,05,,,,,,,,,1.28,0.75,1.04,4*08
$GPGSV,3,1,09,14,04,216,,21,86,014,40.3,15,46,050,,24,44,124,,1*78
$GPGSV,3,2,09,22,30,276,,29,19,187,39.7,03,15,316,39.9,27,08,037,40.0,1*7F
$GPGSV,3,3,09,18,60,302,,1*53
$GLGSV,2,1,08,70,37,323,,79,65,082,40.2,78,20,031,,85,16,285,40.1,1*7C
$GLGSV,2,2,08,68,14,105,40.1,80,07,026,39.8,86,07,334,,84,05,237,,1*71
$GAGSV,1,1,00,7*73
$GBGSV,1,1,04,08,51,179,39.5,04,27,125,39.3,09,20,190,39.6,05,15,249,39.3,1*78
$GNRMC,220708.000,A,3900.0015,N,11613.9812,E,0.01,345.95,280612,,,A,V*0D
$GNVTG,345.95,T,,M,0.01,N,0.01,K,A*2D
$GNZDA,220708.000,28,06,2012,,*4A
$GNGGA,220709.000,3900.0015,N,11613.9812,E,1,11,0.74,-9.0,M,-6.8,M,,*40
$PAIRACC,3.65,7.73*48
$GNGLL,3900.0015,N,11613.9812,E,220709.000,A,A*41
$GNGSA,A,3,29,03,27,21,,,,,,,,,1.28,0.74,1.04,1*02
$GNGSA,A,3,79,68,80,,,,,,,,,,1.28,0.74,1.04,2*07
$GNGSA,A,3,,,,,,,,,,,,,1.28,0.74,1.04,3*0E
$GNGSA,A,3,08,04,09,05,,,,,,,,,1.28,0.74,1.04,4*09
$GPGSV,3,1,09,14,04,216,,18,60,302,,15,46,050,,24,44,124,,1*67
$GPGSV,3,2,09,22,30,276,,29,19,187,40.0,03,15,316,39.5,27,07,037,39.9,1*72
$GPGSV,3,3,09,21,86,014,39.8,1*49
$GLGSV,2,1,06,79,65,082,39.7,85,16,285,40.1,68,14,105,39.9,86,07,334,,1*68
$GLGSV,2,2,06,80,07,026,40.1,84,05,237,,1*61
$GAGSV,1,1,00,7*73
$GBGSV,1,1,04,08,51,179,39.5,04,27,125,38.9,09,20,190,39.3,05,15,249,39.0,1*75
$GNRMC,220709.000,A,3900.0015,N,11613.9812,E,0.01,353.45,280612,,,A,V*06
$GNVTG,353.45,T,,M,0.01,N,0.01,K,A*27
$GNZDA,220709.000,28,06,2012,,*4B
$GNGGA,220710.000,3900.0015,N,11613.9812,E,1,11,0.75,-9.0,M,-6.8,M,,*49
$PAIRACC,3.68,7.77*41
$GNGLL,3900.0015,N,11613.9812,E,220710.000,A,A*49
$GNGSA,A,3,29,03,27,21,,,,,,,,,1.28,0.75,1.04,1*03
$GNGSA,A,3,79,68,80,,,,,,,,,,1.28,0.75,1.04,2*06
$GNGSA,A,3,,,,,,,,,,,,,1.28,0.75,1.04,3*0F
$GNGSA,A,3,08,04,09,05,,,,,,,,,1.28,0.75,1.04,4*08
$GPGSV,3,1,09,14,04,216,,18,60,302,,15,46,050,,24,44,124,,1*67
$GPGSV,3,2,09,22,30,276,,29,19,187,39.5,03,15,316,39.2,27,07,037,40.1,1*78
$GPGSV,3,3,09,21,86,014,39.7,1*46
$GLGSV,2,1,06,79,65,082,40.3,85,16,285,40.1,68,14,105,40.1,86,07,334,,1*64
$GLGSV,2,2,06,80,07,026,39.7,84,05,237,,1*69
$GAGSV,1,1,00,7*73
$GBGSV,1,1,04,08,51,179,39.4,04,27,125,38.7,09,20,190,39.0,05,15,249,39.0,1*79
$GNRMC,220710.000,A,3900.0015,N,11613.9812,E,0.01,349.79,280612,,,A,V*0A
$GNVTG,349.79,T,,M,0.01,N,0.01,K,A*23
$GNZDA,220710.000,28,06,2012,,*43
$GNGGA,220711.000,3900.0015,N,11613.9812,E,1,11,0.75,-9.0,M,-6.8,M,,*48
$PAIRACC,3.65,7.73*48
$GNGLL,3900.0015,N,11613.9812,E,220711.000,A,A*48
$GNGSA,A,3,29,03,27,21,,,,,,,,,1.28,0.75,1.04,1*03
$GNGSA,A,3,79,68,80,,,,,,,,,,1.28,0.75,1.04,2*06
$GNGSA,A,3,,,,,,,,,,,,,1.28,0.75,1.04,3*0F
$GNGSA,A,3,08,04,09,05,,,,,,,,,1.28,0.75,1.04,4*08
$GPGSV,3,1,09,14,04,216,,18,60,302,,15,46,050,,24,44,124,,1*67
$GPGSV,3,2,09,22,30,276,,29,18,187,39.9,03,15,316,39.9,27,07,037,40.0,1*7F
$GPGSV,3,3,09,21,86,014,40.1,1*4E
$GLGSV,2,1,06,79,65,082,40.0,85,16,285,39.9,68,14,105,40.0,86,07,334,,1*60
$GLGSV,2,2,06,80,07,026,39.2,84,05,237,,1*6C
$GAGSV,1,1,00,7*73
$GBGSV,1,1,04,08,51,179,39.5,04,27,125,39.3,09,20,190,39.5,05,15,249,39.3,1*7B
$GNRMC,220711.000,A,3900.0015,N,11613.9812,E,0.01,344.87,280612,,,A,V*07
$GNVTG,344.87,T,,M,0.01,N,0.01,K,A*2F
$GNZDA,220711.000,28,06,2012,,*42
$GNGGA,220712.000,3900.0016,N,11613.9812,E,1,11,0.75,-9.0,M,-6.8,M,,*48
$PAIRACC,3.67,7.76*4F
$GNGLL,3900.0016,N,11613.9812,E,220712.000,A,A*48
$GNGSA,A,3,21,29,03,27,,,,,,,,,1.28,0.75,1.04,1*03
$GNGSA,A,3,79,68,80,,,,,,,,,,1.28,0.75,1.04,2*06
$GNGSA,A,3,,,,,,,,,,,,,1.28,0.75,1.04,3*0F
$GNGSA,A,3,08,04,09,05,,,,,,,,,1.28,0.75,1.04,4*08
$GPGSV,3,1,09,14,04,216,,21,86,014,40.2,15,46,050,,24,44,124,,1*79
$GPGSV,3,2,09,22,30,276,,29,18,187,39.7,03,15,316,39.6,27,07,037,40.2,1*7C
$GPGSV,3,3,09,18,60,302,,1*53
$GLGSV,2,1,07,85,16,285,39.9,79,65,082,40.3,68,14,105,39.8,86,07,334,,1*64
$GLGSV,2,2,07,80,07,026,40.0,84,05,237,,65,04,305,,1*50
$GAGSV,1,1,00,7*73
$GBGSV,1,1,04,08,51,179,39.6,04,27,125,38.9,09,20,190,39.0,05,15,249,39.2,1*77
$GNRMC,220712.000,A,3900.0016,N,11613.9812,E,0.01,339.70,280612,,,A,V*05
$GNVTG,339.70,T,,M,0.01,N,0.01,K,A*2D
$GNZDA,220712.000,28,06,2012,,*41
$GNGGA,220713.000,3900.0016,N,11613.9812,E,1,11,0.75,-9.0,M,-6.8,M,,*49
$PAIRACC,3.65,7.71*4A
$GNGLL,3900.0016,N,11613.9812,E,220713.000,A,A*49
$GNGSA,A,3,29,03,27,21,,,,,,,,,1.28,0.75,1.04,1*03
$GNGSA,A,3,79,68,80,,,,,,,,,,1.28,0.75,1.04,2*06
$GNGSA,A,3,,,,,,,,,,,,,1.28,0.75,1.04,3*0F
$GNGSA,A,3,08,04,09,05,,,,,,,,,1.28,0.75,1.04,4*08
$GPGSV,3,1,09,14,04,216,,18,60,302,,15,46,050,,24,44,124,,1*67
$GPGSV,3,2,09,22,30,276,,29,18,187,39.8,03,15,316,39.6,27,07,037,39.5,1*7A
$GPGSV,3,3,09,21,86,014,40.4,1*4B
$GLGSV,2,1,06,79,65,082,39.8,85,16,285,39.8,68,14,105,39.7,86,07,334,,1*6E
$GLGSV,2,2,06,80,07,026,39.2,84,05,237,,1*6C
$GAGSV,1,1,00,7*73
$GBGSV,1,1,04,08,51,179,39.5,04,27,125,38.7,09,20,190,39.0,05,15,249,39.2,1*7A
$GNRMC,220713.000,A,3900.0016,N,11613.9812,E,0.01,335.52,280612,,,A,V*08
$GNVTG,335.52,T,,M,0.01,N,0.01,K,A*21
$GNZDA,220713.000,28,06,2012,,*40
$GNGGA,220714.000,3900.0016,N,11613.9812,E,1,11,0.75,-9.0,M,-6.8,M,,*4E
$PAIRACC,3.65,7.72*49
$GNGLL,3900.0016,N,11613.9812,E,220714.000,A,A*4E
$GNGSA,A,3,21,29,03,27,,,,,,,,,1.28,0.75,1.04,1*03
$GNGSA,A,3,79,68,80,,,,,,,,,,1.28,0.75,1.04,2*06
$GNGSA,A,3,,,,,,,,,,,,,1.28,0.75,1.04,3*0F
$GNGSA,A,3,08,04,09,05,,,,,,,,,1.28,0.75,1.04,4*08
$GPGSV,3,1,09,14,04,216,,21,86,014,39.8,15,46,050,,24,44,124,,1*7D
$GPGSV,3,2,09,22,30,276,,29,18,187,40.0,03,15,316,39.6,27,07,037,40.0,1*77
$GPGSV,3,3,09,18,60,302,,1*53
$GLGSV,2,1,06,85,16,285,39.9,79,65,082,40.0,68,14,105,39.9,86,07,334,,1*67
$GLGSV,2,2,06,80,07,026,39.5,84,05,237,,1*6B
$GAGSV,1,1,00,7*73
$GBGSV,2,1,06,08,51,179,39.4,03,44,191,,01,38,147,,04,27,125,39.3,1*72
$GBGSV,2,2,06,09,20,190,39.3,05,15,249,39.4,1*7A
$GNRMC,220714.000,A,3900.0016,N,11613.9812,E,0.01,336.03,280612,,,A,V*08
$GNVTG,336.03,T,,M,0.01,N,0.01,K,A*26
$GNZDA,220714.000,28,06,2012,,*47
$GNGGA,220715.000,3900.0016,N,11613.9812,E,1,11,0.75,-9.0,M,-6.8,M,,*4F
$PAIRACC,3.64,7.69*42
$GNGLL,3900.0016,N,11613.9812,E,220715.000,A,A*4F
$GNGSA,A,3,21,29,03,27,,,,,,,,,1.28,0.75,1.04,1*03
$GNGSA,A,3,79,68,80,,,,,,,,,,1.28,0.75,1.04,2*06
$GNGSA,A,3,,,,,,,,,,,,,1.28,0.75,1.04,3*0F
$GNGSA,A,3,08,04,09,05,,,,,,,,,1.28,0.75,1.04,4*08
$GPGSV,3,1,09,14,04,216,,21,86,014,40.3,15,46,050,,24,44,124,,1*78
$GPGSV,3,2,09,22,30,276,,29,18,187,39.2,03,15,316,39.5,27,07,037,39.9,1*7F
$GPGSV,3,3,09,18,60,302,,1*53
$GLGSV,2,1,06,85,16,285,40.2,79,65,082,39.6,68,14,105,39.8,86,07,334,,1*6B
$GLGSV,2,2,06,80,07,026,39.8,84,05,237,,1*66
$GAGSV,1,1,00,7*73
$GBGSV,2,1,06,08,51,179,39.6,03,44,191,,01,38,147,,04,27,125,38.6,1*74
$GBGSV,2,2,06,09,20,190,39.5,05,15,249,39.2,1*7A
$GNRMC,220715.000,A,3900.0016,N,11613.9812,E,0.01,341.08,280612,,,A,V*02
$GNVTG,341.08,T,,M,0.01,N,0.01,K,A*2D
$GNZDA,220715.000,28,06,2012,,*46
$GNGGA,220716.000,3900.0016,N,11613.9812,E,1,11,0.74,-9.0,M,-6.8,M,,*4D
$PAIRACC,3.65,7.72*49
$GNGLL,3900.0016,N,11613.9812,E,220716.000,A,A*4C
$GNGSA,A,3,21,29,03,27,,,,,,,,,1.28,0.74,1.04,1*02
$GNGSA,A,3,79,68,80,,,,,,,,,,1.28,0.74,1.04,2*07
$GNGSA,A,3,,,,,,,,,,,,,1.28,0.74,1.04,3*0E
$GNGSA,A,3,08,04,09,05,,,,,,,,,1.28,0.74,1.04,4*09
$GPGSV,3,1,09,14,04,216,,21,86,014,39.8,15,46,050,,24,44,124,,1*7D
$GPGSV,3,2,09,22,30,276,,29,18,187,39.8,03,15,316,39.7,27,07,037,39.6,1*78
$GPGSV,3,3,09,18,60,302,,1*53
$GLGSV,2,1,06,85,16,285,40.0,79,65,082,39.6,68,14,105,39.8,86,07,334,,1*69
$GLGSV,2,2,06,80,07,026,39.6,84,05,237,,1*68
$GAGSV,1,1,00,7*73
$GBGSV,2,1,05,08,51,179,39.5,03,44,191,,04,27,125,38.4,09,20,190,39.4,1*6D
$GBGSV,2,2,05,05,15,249,39.1,1*58
$GNRMC,220716.000,A,3900.0016,N,11613.9812,E,0.01,335.60,280612,,,A,V*0C
$GNVTG,335.60,T,,M,0.01,N,0.01,K,A*20
$GNZDA,220716.000,28,06,2012,,*45
$GNGGA,220717.000,3900.0016,N,11613.9812,E,1,11,0.75,-8.9,M,-6.8,M,,*45
$PAIRACC,3.64,7.69*42
$GNGLL,3900.0016,N,11613.9812,E,220717.000,A,A*4D
$GNGSA,A,3,29,03,27,21,,,,,,,,,1.28,0.75,1.04,1*03
$GNGSA,A,3,79,68,80,,,,,,,,,,1.28,0.75,1.04,2*06
$GNGSA,A,3,,,,,,,,,,,,,1.28,0.75,1.04,3*0F
$GNGSA,A,3,08,04,09,05,,,,,,,,,1.28,0.75,1.04,4*08
$GPGSV,3,1,09,14,04,216,,18,60,302,,15,46,050,,24,44,124,,1*67
$GPGSV,3,2,09,22,30,276,,29,18,187,40.2,03,15,316,39.3,27,07,037,39.8,1*76
$GPGSV,3,3,09,21,86,014,40.2,1*4D
$GLGSV,2,1,06,79,65,082,39.5,85,16,285,40.0,68,14,105,39.6,86,07,334,,1*64
$GLGSV,2,2,06,80,07,026,40.1,84,05,237,,1*61
$GAGSV,1,1,00,7*73
$GBGSV,1,1,04,08,51,179,39.2,04,27,125,39.5,09,20,190,39.2,05,15,249,39.3,1*7D
$GNRMC,220717.000,A,3900.0016,N,11613.9812,E,0.01,338.47,280612,,,A,V*05
$GNVTG,338.47,T,,M,0.01,N,0.02,K,A*2B
$GNZDA,220717.000,28,06,2012,,*44
$GNGGA,220718.000,3900.0016,N,11613.9813,E,1,11,0.74,-8.9,M,-6.8,M,,*4A
$PAIRACC,3.67,7.78*41
$GNGLL,3900.0016,N,11613.9813,E,220718.000,A,A*43
$GNGSA,A,3,29,03,27,21,,,,,,,,,1.28,0.74,1.04,1*02
$GNGSA,A,3,79,68,80,,,,,,,,,,1.28,0.74,1.04,2*07
$GNGSA,A,3,,,,,,,,,,,,,1.28,0.74,1.04,3*0E
$GNGSA,A,3,08,04,09,05,,,,,,,,,1.28,0.74,1.04,4*09
$GPGSV,3,1,09,14,04,216,,18,60,302,,15,46,050,,24,44,124,,1*67
$GPGSV,3,2,09,22,30,276,,29,18,187,39.7,03,15,316,39.5,27,07,037,39.9,1*7A
$GPGSV,3,3,09,21,86,014,40.2,1*4D
$GLGSV,2,1,06,79,65,082,39.5,85,16,285,39.4,68,14,105,40.2,86,07,334,,1*64
$GLGSV,2,2,06,80,07,026,39.9,84,05,237,,1*67
$GAGSV,1,1,00,7*73
$GBGSV,1,1,04,08,51,179,39.0,04,27,125,38.7,09,20,190,38.8,05,15,249,38.9,1*7C
$GNRMC,220718.000,A,3900.0016,N,11613.9813,E,0.01,330.73,280612,,,A,V*04
$GNVTG,330.73,T,,M,0.01,N,0.02,K,A*24
$GNZDA,220718.000,28,06,2012,,*4B
$GNGGA,220719.000,3900.0016,N,11613.9813,E,1,11,0.75,-8.9,M,-6.8,M,,*4A
$PAIRACC,3.63,7.69*45
$GNGLL,3900.0016,N,11613.9813,E,220719.000,A,A*42
$GNGSA,A,3,29,03,27,21,,,,,,,,,1.28,0.75,1.04,1*03
$GNGSA,A,3,79,68,80,,,,,,,,,,1.28,0.75,1.04,2*06
$GNGSA,A,3,,,,,,,,,,,,,1.28,0.75,1.04,3*0F
$GNGSA,A,3,08,04,09,05,,,,,,,,,1.28,0.75,1.04,4*08
$GPGSV,3,1,09,14,04,216,,18,60,302,,15,46,050,,24,44,124,,1*67
$GPGSV,3,2,09,22,30,276,,29,18,187,39.5,03,15,316,39.1,27,07,037,39.8,1*7D
$GPGSV,3,3,09,21,86,014,39.9,1*48
$GLGSV,2,1,06,79,65,082,40.0,85,16,285,39.9,68,14,105,40.0,86,07,334,,1*60
$GLGSV,2,2,06,80,07,026,40.4,84,05,237,,1*64
$GAGSV,1,1,00,7*73
$GBGSV,1,1,04,08,51,179,39.5,04,27,125,38.5,09,20,190,39.5,05,15,249,39.1,1*7E
$GNRMC,220719.000,A,3900.0016,N,11613.9813,E,0.01,338.11,280612,,,A,V*09
$GNVTG,338.11,T,,M,0.01,N,0.01,K,A*2B
$GNZDA,220719.000,28,06,2012,,*4A
$GNGGA,220720.000,3900.0016,N,11613.9813,E,1,11,0.75,-8.9,M,-6.8,M,,*40
$PAIRACC,3.65,7.72*49
$GNGLL,3900.0016,N,11613.9813,E,220720.000,A,A*48
$GNGSA,A,3,29,03,27,21,,,,,,,,,1.28,0.75,1.04,1*03
$GNGSA,A,3,79,68,80,,,,,,,,,,1.28,0.75,1.04,2*06
$GNGSA,A,3,,,,,,,,,,,,,1.28,0.75,1.04,3*0F
$GNGSA,A,3,08,04,09,05,,,,,,,,,1.28,0.75,1.04,4*08
$GPGSV,3,1,09,14,04,216,,18,60,302,,15,46,050,,24,44,124,,1*67
$GPGSV,3,2,09,22,30,276,,29,18,187,39.9,03,15,316,39.7,27,07,037,40.1,1*70
$GPGSV,3,3,09,21,86,014,39.8,1*49
$GLGSV,2,1,06,79,65,082,39.6,85,16,285,39.3,68,14,105,39.9,86,07,334,,1*65
$GLGSV,2,2,06,80,07,026,39.6,84,05,237,,1*68
$GAGSV,1,1,00,7*73
$GBGSV,1,1,04,08,51,179,39.7,04,27,125,39.2,09,20,190,39.8,05,15,249,39.1,1*77
$GNRMC,220720.000,A,3900.0016,N,11613.9813,E,0.01,347.16,280612,,,A,V*0C
$GNVTG,347.16,T,,M,0.01,N,0.01,K,A*24
$GNZDA,220720.000,28,06,2012,,*40
$GNGGA,220721.000,3900.0016,N,11613.9813,E,1,11,0.75,-8.9,M,-6.8,M,,*41
$PAIRACC,3.71,8.14*43
$GNGLL,3900.0016,N,11613.9813,E,220721.000,A,A*49
$GNGSA,A,3,29,03,27,21,,,,,,,,,1.28,0.75,1.04,1*03
$GNGSA,A,3,79,68,80,,,,,,,,,,1.28,0.75,1.04,2*06
$GNGSA,A,3,,,,,,,,,,,,,1.28,0.75,1.04,3*0F
$GNGSA,A,3,08,04,09,05,,,,,,,,,1.28,0.75,1.04,4*08
$GPGSV,3,1,09,14,04,216,,18,60,302,,15,46,050,,24,44,124,,1*67
$GPGSV,3,2,09,22,30,276,,29,18,187,39.9,03,15,316,39.7,27,07,037,39.9,1*76
$GPGSV,3,3,09,21,86,014,39.6,1*47
$GLGSV,2,1,06,79,65,082,39.8,85,16,285,39.7,68,14,105,39.3,86,07,334,,1*65
$GLGSV,2,2,06,80,07,026,39.8,84,05,237,,1*66
$GAGSV,1,1,00,7*73
$GBGSV,1,1,04,08,51,179,39.9,04,27,125,38.6,09,20,190,39.4,05,15,249,38.8,1*78
$GNRMC,220721.000,A,3900.0016,N,11613.9813,E,0.01,346.09,280612,,,A,V*02
$GNVTG,346.09,T,,M,0.01,N,0.01,K,A*2B
$GNZDA,220721.000,28,06,2012,,*41
$GNGGA,220722.000,3900.0016,N,11613.9813,E,1,11,0.75,-8.9,M,-6.8,M,,*42
$PAIRACC,3.67,7.76*4F
$GNGLL,3900.0016,N,11613.9813,E,220722.000,A,A*4A
$GNGSA,A,3,29,03,27,21,,,,,,,,,1.28,0.75,1.04,1*03
$GNGSA,A,3,79,68,80,,,,,,,,,,1.28,0.75,1.04,2*06
$GNGSA,A,3,,,,,,,,,,,,,1.28,0.75,1.04,3*0F
$GNGSA,A,3,08,04,09,05,,,,,,,,,1.28,0.75,1.04,4*08
$GPGSV,3,1,09,14,04,216,,18,60,302,,15,46,050,,24,44,124,,1*67
$GPGSV,3,2,09,22,30,276,,29,18,187,39.8,03,15,316,39.6,27,07,037,40.1,1*70
$GPGSV,3,3,09,21,86,014,40.3,1*4C
$GLGSV,2,1,06,79,65,082,40.3,85,16,285,39.8,68,14,105,39.5,86,07,334,,1*69
$GLGSV,2,2,06,80,07,026,40.2,84,05,237,,1*62
$GAGSV,1,1,00,7*73
$GBGSV,1,1,04,08,51,179,40.0,04,27,125,38.8,09,20,190,39.6,05,15,249,39.1,1*7B
$GNRMC,220722.000,A,3900.0016,N,11613.9813,E,0.01,349.12,280612,,,A,V*04
$GNVTG,349.12,T,,M,0.01,N,0.01,K,A*2E
$GNZDA,220722.000,28,06,2012,,*42
$GNGGA,220723.000,3900.0016,N,11613.9813,E,1,11,0.75,-8.9,M,-6.8,M,,*43
$PAIRACC,3.71,8.14*43
$GNGLL,3900.0016,N,11613.9813,E,220723.000,A,A*4B
$GNGSA,A,3,29,03,27,21,,,,,,,,,1.28,0.75,1.04,1*03
$GNGSA,A,3,79,68,80,,,,,,,,,,1.28,0.75,1.04,2*06
$GNGSA,A,3,,,,,,,,,,,,,1.28,0.75,1.04,3*0F
$GNGSA,A,3,08,04,09,05,,,,,,,,,1.28,0.75,1.04,4*08
$GPGSV,3,1,09,14,04,216,,18,60,302,,15,46,050,,24,44,124,,1*67
$GPGSV,3,2,09,22,30,276,,29,18,187,39.8,03,15,316,39.7,27,07,037,40.1,1*71
$GPGSV,3,3,09,21,86,014,40.5,1*4A
$GLGSV,2,1,06,79,65,082,40.1,85,16,285,40.0,68,14,105,40.1,86,07,334,,1*67
$GLGSV,2,2,06,80,07,026,40.0,84,05,237,,1*60
$GAGSV,1,1,00,7*73
$GBGSV,1,1,04,08,51,179,39.5,04,27,125,39.1,09,20,190,39.6,05,15,249,39.3,1*7A
$GNRMC,220723.000,A,3900.0016,N,11613.9813,E,0.01,340.77,280612,,,A,V*0F
$GNVTG,340.77,T,,M,0.01,N,0.01,K,A*24
$GNZDA,220723.000,28,06,2012,,*43
$GNGGA,220724.000,3900.0016,N,11613.9813,E,1,11,0.75,-8.9,M,-6.8,M,,*44
$PAIRACC,3.67,7.75*4C
$GNGLL,3900.0016,N,11613.9813,E,220724.000,A,A*4C
$GNGSA,A,3,29,03,27,21,,,,,,,,,1.28,0.75,1.04,1*03
$GNGSA,A,3,79,68,80,,,,,,,,,,1.28,0.75,1.04,2*06
$GNGSA,A,3,,,,,,,,,,,,,1.28,0.75,1.04,3*0F
$GNGSA,A,3,08,04,09,05,,,,,,,,,1.28,0.75,1.04,4*08
$GPGSV,3,1,09,14,04,216,,18,60,302,,15,46,050,,24,44,124,,1*67
$GPGSV,3,2,09,22,30,276,,29,18,187,39.9,03,15,316,39.7,27,07,037,39.6,1*79
$GPGSV,3,3,09,21,86,014,40.1,1*4E
$GLGSV,2,1,06,79,65,082,40.2,85,16,285,40.1,68,14,105,40.3,86,07,334,,1*67
$GLGSV,2,2,06,80,07,026,39.8,84,05,237,,1*66
$GAGSV,1,1,00,7*73
$GBGSV,1,1,04,08,51,179,39.1,04,27,125,38.4,09,20,190,38.9,05,15,249,39.0,1*77
$GNRMC,220724.000,A,3900.0016,N,11613.9813,E,0.01,332.38,280612,,,A,V*06
$GNVTG,332.38,T,,M,0.01,N,0.01,K,A*2A
$GNZDA,220724.000,28,06,2012,,*44
$GNGGA,220725.000,3900.0017,N,11613.9813,E,1,11,0.74,-8.9,M,-6.8,M,,*45
$PAIRACC,3.63,7.69*45
$GNGLL,3900.0017,N,11613.9813,E,220725.000,A,A*4C
$GNGSA,A,3,29,03,27,21,,,,,,,,,1.28,0.74,1.04,1*02
$GNGSA,A,3,79,68,80,,,,,,,,,,1.28,0.74,1.04,2*07
$GNGSA,A,3,,,,,,,,,,,,,1.28,0.74,1.04,3*0E
$GNGSA,A,3,08,04,09,05,,,,,,,,,1.28,0.74,1.04,4*09
$GPGSV,3,1,09,14,04,216,,18,60,302,,15,46,050,,24,44,124,,1*67
$GPGSV,3,2,09,22,30,276,,29,18,187,40.1,03,15,316,39.8,27,07,037,40.0,1*78
$GPGSV,3,3,09,21,86,014,40.2,1*4D
$GLGSV,2,1,06,79,65,082,39.9,85,16,285,39.6,68,14,105,39.3,86,07,334,,1*65
$GLGSV,2,2,06,80,07,026,40.3,84,05,237,,1*63
$GAGSV,1,1,00,7*73
$GBGSV,1,1,04,08,51,179,39.5,04,27,125,39.0,09,20,190,39.3,05,15,249,39.1,1*7C
$GNRMC,220725.000,A,3900.0017,N,11613.9813,E,0.01,335.61,280612,,,A,V*0D
$GNVTG,335.61,T,,M,0.01,N,0.01,K,A*21
$GNZDA,220725.000,28,06,2012,,*45
$GNGGA,220726.000,3900.0017,N,11613.9813,E,1,11,0.74,-8.9,M,-6.8,M,,*46
$PAIRACC,3.64,7.69*42
$GNGLL,3900.0017,N,11613.9813,E,220726.000,A,A*4F
$GNGSA,A,3,29,03,27,21,,,,,,,,,1.28,0.74,1.04,1*02
$GNGSA,A,3,79,68,80,,,,,,,,,,1.28,0.74,1.04,2*07
$GNGSA,A,3,,,,,,,,,,,,,1.28,0.74,1.04,3*0E
$GNGSA,A,3,08,04,09,05,,,,,,,,,1.28,0.74,1.04,4*09
$GPGSV,3,1,09,14,04,216,,18,60,302,,15,46,050,,24,44,124,,1*67
$GPGSV,3,2,09,22,30,276,,29,18,187,40.1,03,15,316,39.8,27,07,037,40.1,1*79
$GPGSV,3,3,09,21,86,014,40.1,1*4E
$GLGSV,2,1,06,79,65,082,39.8,85,16,285,40.0,68,14,105,40.1,86,07,334,,1*60
$GLGSV,2,2,06,80,07,026,39.8,84,05,237,,1*66
$GAGSV,1,1,00,7*73
$GBGSV,1,1,04,08,51,179,39.5,04,27,125,39.2,09,20,190,39.2,05,15,249,39.2,1*7C
$GNRMC,220726.000,A,3900.0017,N,11613.9813,E,0.01,349.66,280612,,,A,V*02
$GNVTG,349.66,T,,M,0.01,N,0.01,K,A*2D
$GNZDA,220726.000,28,06,2012,,*46
$GNGGA,220727.000,3900.0017,N,11613.9813,E,1,11,0.75,-8.9,M,-6.8,M,,*46
$PAIRACC,3.63,7.67*4B
$GNGLL,3900.0017,N,11613.9813,E,220727.000,A,A*4E
$GNGSA,A,3,29,03,27,21,,,,,,,,,1.28,0.75,1.04,1*03
$GNGSA,A,3,79,68,80,,,,,,,,,,1.28,0.75,1.04,2*06
$GNGSA,A,3,,,,,,,,,,,,,1.28,0.75,1.04,3*0F
$GNGSA,A,3,08,04,09,05,,,,,,,,,1.28,0.75,1.04,4*08
$GPGSV,3,1,09,14,04,216,,18,60,302,,15,46,050,,24,44,124,,1*67
$GPGSV,3,2,09,22,30,276,,29,18,187,40.0,03,15,316,39.7,27,07,037,40.0,1*76
$GPGSV,3,3,09,21,86,014,39.9,1*48
$GLGSV,2,1,06,79,65,082,40.3,85,16,285,39.6,68,14,105,40.1,86,07,334,,1*6D
$GLGSV,2,2,06,80,07,026,40.1,84,05,237,,1*61
$GAGSV,1,1,00,7*73
$GBGSV,1,1,04,08,51,179,39.7,04,27,125,38.6,09,20,190,39.5,05,15,249,39.1,1*7F
$GNRMC,220727.000,A,3900.0017,N,11613.9813,E,0.01,348.51,280612,,,A,V*06
$GNVTG,348.51,T,,M,0.01,N,0.01,K,A*28
$GNZDA,220727.000,28,06,2012,,*47
$GNGGA,220728.000,3900.0017,N,11613.9814,E,1,11,0.75,-8.9,M,-6.8,M,,*4E
$PAIRACC,3.66,7.76*4E
$GNGLL,3900.0017,N,11613.9814,E,220728.000,A,A*46
$GNGSA,A,3,29,03,27,21,,,,,,,,,1.28,0.75,1.04,1*03
$GNGSA,A,3,79,68,80,,,,,,,,,,1.28,0.75,1.04,2*06
$GNGSA,A,3,,,,,,,,,,,,,1.28,0.75,1.04,3*0F
$GNGSA,A,3,08,04,09,05,,,,,,,,,1.28,0.75,1.04,4*08
$GPGSV,3,1,09,14,04,216,,18,60,302,,15,46,050,,24,44,124,,1*67
$GPGSV,3,2,09,22,30,276,,29,18,187,40.0,03,15,316,39.8,27,07,037,40.1,1*78
$GPGSV,3,3,09,21,86,014,39.8,1*49
$GLGSV,2,1,06,79,65,082,39.4,85,16,285,40.1,68,14,105,40.4,86,07,334,,1*68
$GLGSV,2,2,06,80,07,026,40.1,84,05,237,,1*61
$GAGSV,1,1,00,7*73
$GBGSV,1,1,04,08,51,179,38.9,04,27,125,38.8,09,20,190,39.0,05,15,249,39.1,1*7B
$GNRMC,220728.000,A,3900.0017,N,11613.9814,E,0.01,347.41,280612,,,A,V*00
$GNVTG,347.41,T,,M,0.01,N,0.01,K,A*26
$GNZDA,220728.000,28,06,2012,,*48
$GNGGA,220729.000,3900.0017,N,11613.9814,E,1,11,0.74,-8.9,M,-6.8,M,,*4E
$PAIRACC,3.63,7.68*44
$GNGLL,3900.0017,N,11613.9814,E,220729.000,A,A*47
$GNGSA,A,3,29,03,27,21,,,,,,,,,1.28,0.74,1.04,1*02
$GNGSA,A,3,79,68,80,,,,,,,,,,1.28,0.74,1.04,2*07
$GNGSA,A,3,,,,,,,,,,,,,1.28,0.74,1.04,3*0E
$GNGSA,A,3,08,04,09,05,,,,,,,,,1.28,0.74,1.04,4*09
$GPGSV,3,1,09,14,04,216,,18,60,302,,15,46,050,,24,44,124,,1*67
$GPGSV,3,2,09,22,30,276,,29,18,187,40.0,03,15,316,39.8,27,07,037,40.0,1*79
$GPGSV,3,3,09,21,86,014,39.8,1*49
$GLGSV,2,1,06,79,65,082,39.9,85,16,285,39.5,68,14,105,39.7,86,07,334,,1*62
$GLGSV,2,2,06,80,07,026,40.0,84,05,237,,1*60
$GAGSV,1,1,00,7*73
$GBGSV,1,1,04,08,51,179,39.1,04,27,125,39.3,09,20,190,39.2,05,15,249,39.3,1*78
$GNRMC,220729.000,A,3900.0017,N,11613.9814,E,0.01,347.18,280612,,,A,V*0D
$GNVTG,347.18,T,,M,0.01,N,0.01,K,A*2A
$GNZDA,220729.000,28,06,2012,,*49
$GNGGA,220730.000,3900.0017,N,11613.9814,E,1,11,0.75,-8.9,M,-6.8,M,,*47
$PAIRACC,3.64,7.68*43
$GNGLL,3900.0017,N,11613.9814,E,220730.000,A,A*4F
$GNGSA,A,3,29,03,27,21,,,,,,,,,1.28,0.75,1.04,1*03
$GNGSA,A,3,79,68,80,,,,,,,,,,1.28,0.75,1.04,2*06
$GNGSA,A,3,,,,,,,,,,,,,1.28,0.75,1.04,3*0F
$GNGSA,A,3,08,04,09,05,,,,,,,,,1.28,0.75,1.04,4*08
$GPGSV,3,1,09,14,04,216,,18,60,302,,15,46,050,,24,44,124,,1*67
$GPGSV,3,2,09,22,30,276,,29,18,187,40.2,03,15,316,39.9,27,07,037,39.9,1*7D
$GPGSV,3,3,09,21,86,014,40.2,1*4D
$GLGSV,2,1,06,79,65,082,39.8,85,16,285,40.0,68,14,105,39.9,86,07,334,,1*66
$GLGSV,2,2,06,80,07,026,39.9,84,05,237,,1*67
$GAGSV,1,1,00,7*73
$GBGSV,1,1,04,08,51,179,39.3,04,27,125,38.9,09,20,190,39.3,05,15,249,39.2,1*71
$GNRMC,220730.000,A,3900.0017,N,11613.9814,E,0.01,354.89,280612,,,A,V*0F
$GNVTG,354.89,T,,M,0.01,N,0.01,K,A*20
$GNZDA,220730.000,28,06,2012,,*41
$GNGGA,220731.000,3900.0017,N,11613.9814,E,1,11,0.74,-8.9,M,-6.8,M,,*47
$PAIRACC,3.63,7.66*4A
$GNGLL,3900.0017,N,11613.9814,E,220731.000,A,A*4E
$GNGSA,A,3,29,03,27,21,,,,,,,,,1.28,0.74,1.04,1*02
$GNGSA,A,3,79,68,80,,,,,,,,,,1.28,0.74,1.04,2*07
$GNGSA,A,3,,,,,,,,,,,,,1.28,0.74,1.04,3*0E
$GNGSA,A,3,08,04,09,05,,,,,,,,,1.28,0.74,1.04,4*09
$GPGSV,3,1,09,14,04,216,,18,60,302,,15,46,050,,24,44,124,,1*67
$GPGSV,3,2,09,22,30,276,,29,18,187,39.8,03,15,316,39.8,27,07,037,39.8,1*79
$GPGSV,3,3,09,21,86,014,40.1,1*4E
$GLGSV,2,1,06,79,65,082,39.7,85,16,285,39.9,68,14,105,40.1,86,07,334,,1*68
$GLGSV,2,2,06,80,07,026,39.7,84,05,237,,1*69
$GAGSV,1,1,00,7*73
$GBGSV,1,1,04,08,51,179,39.8,04,27,125,38.8,09,20,190,39.4,05,15,249,39.2,1*7C
$GNRMC,220731.000,A,3900.0017,N,11613.9814,E,0.01,356.93,280612,,,A,V*07
$GNVTG,356.93,T,,M,0.01,N,0.01,K,A*29
$GNZDA,220731.000,28,06,2012,,*40
$GNGGA,220732.000,3900.0017,N,11613.9814,E,1,11,0.75,-8.9,M,-6.8,M,,*45
$PAIRACC,3.64,7.68*43
$GNGLL,3900.0017,N,11613.9814,E,220732.000,A,A*4D
$GNGSA,A,3,29,03,27,21,,,,,,,,,1.28,0.75,1.04,1*03
$GNGSA,A,3,79,68,80,,,,,,,,,,1.28,0.75,1.04,2*06
$GNGSA,A,3,,,,,,,,,,,,,1.28,0.75,1.04,3*0F
$GNGSA,A,3,08,04,09,05,,,,,,,,,1.28,0.75,1.04,4*08
$GPGSV,3,1,09,14,04,216,,18,60,302,,15,46,050,,24,44,124,,1*67
$GPGSV,3,2,09,22,30,276,,29,18,187,39.8,03,15,316,40.1,27,07,037,40.0,1*78
$GPGSV,3,3,09,21,86,014,39.6,1*47
$GLGSV,2,1,06,79,65,082,39.7,85,16,285,40.0,68,14,105,39.7,86,07,334,,1*67
$GLGSV,2,2,06,80,07,026,40.0,84,05,237,,1*60
$GAGSV,1,1,00,7*73
$GBGSV,1,1,04,08,51,179,39.5,04,27,125,39.5,09,20,190,39.3,05,15,249,39.3,1*7B
$GNRMC,220732.000,A,3900.0017,N,11613.9814,E,0.01,338.97,280612,,,A,V*08
$GNVTG,338.97,T,,M,0.01,N,0.01,K,A*25
$GNZDA,220732.000,28,06,2012,,*43
$GNGGA,220733.000,3900.0017,N,11613.9814,E,1,11,0.75,-8.9,M,-6.8,M,,*44
$PAIRACC,3.62,7.65*48
$GNGLL,3900.0017,N,11613.9814,E,220733.000,A,A*4C
$GNGSA,A,3,29,03,27,21,,,,,,,,,1.28,0.75,1.04,1*03
$GNGSA,A,3,79,68,80,,,,,,,,,,1.28,0.75,1.04,2*06
$GNGSA,A,3,,,,,,,,,,,,,1.28,0.75,1.04,3*0F
$GNGSA,A,3,08,04,09,05,,,,,,,,,1.28,0.75,1.04,4*08
$GPGSV,3,1,09,14,04,216,,18,60,302,,15,46,050,,24,44,124,,1*67
$GPGSV,3,2,09,22,30,276,,29,18,187,39.9,03,15,316,39.6,27,07,037,40.0,1*70
$GPGSV,3,3,09,21,86,014,39.8,1*49
$GLGSV,2,1,06,79,65,082,39.7,85,16,285,39.6,68,14,105,39.8,86,07,334,,1*60
$GLGSV,2,2,06,80,07,026,39.7,84,05,237,,1*69
$GAGSV,1,1,00,7*73
$GBGSV,1,1,04,08,51,179,39.6,04,27,125,38.7,09,20,190,39.5,05,15,249,39.3,1*7D
$GNRMC,220733.000,A,3900.0017,N,11613.9814,E,0.01,342.04,280612,,,A,V*0E
$GNVTG,342.04,T,,M,0.01,N,0.01,K,A*22
$GNZDA,220733.000,28,06,2012,,*42
$GNGGA,220734.000,3900.0017,N,11613.9814,E,1,11,0.74,-8.9,M,-6.8,M,,*42
$PAIRACC,3.64,7.68*43
$GNGLL,3900.0017,N,11613.9814,E,220734.000,A,A*4B
$GNGSA,A,3,29,03,27,21,,,,,,,,,1.28,0.74,1.04,1*02
$GNGSA,A,3,79,68,80,,,,,,,,,,1.28,0.74,1.04,2*07
$GNGSA,A,3,,,,,,,,,,,,,1.28,0.74,1.04,3*0E
$GNGSA,A,3,08,04,09,05,,,,,,,,,1.28,0.74,1.04,4*09
$GPGSV,3,1,09,14,04,216,,18,60,302,,15,46,050,,24,44,124,,1*67
$GPGSV,3,2,09,22,30,276,,29,18,187,39.8,03,15,316,39.7,27,07,037,39.8,1*76
$GPGSV,3,3,09,21,86,014,39.6,1*47
$GLGSV,2,1,06,79,65,082,40.0,85,16,285,39.6,68,14,105,39.8,86,07,334,,1*69
$GLGSV,2,2,06,80,07,026,40.2,84,05,237,,1*62
$GAGSV,1,1,00,7*73
$GBGSV,1,1,04,08,51,179,39.5,04,27,125,38.7,09,20,190,39.5,05,15,249,39.5,1*78
$GNRMC,220734.000,A,3900.0017,N,11613.9814,E,0.01,340.02,280612,,,A,V*0D
$GNVTG,340.02,T,,M,0.01,N,0.01,K,A*26
$GNZDA,220734.000,28,06,2012,,*45
$GNGGA,220735.000,3900.0017,N,11613.9814,E,1,11,0.75,-8.9,M,-6.8,M,,*42
$PAIRACC,3.71,7.69*46
$GNGLL,3900.0017,N,11613.9814,E,220735.000,A,A*4A
$GNGSA,A,3,29,03,27,21,,,,,,,,,1.28,0.75,1.04,1*03
$GNGSA,A,3,79,68,80,,,,,,,,,,1.28,0.75,1.04,2*06
$GNGSA,A,3,,,,,,,,,,,,,1.28,0.75,1.04,3*0F
$GNGSA,A,3,08,04,09,05,,,,,,,,,1.28,0.75,1.04,4*08
$GPGSV,3,1,09,14,04,216,,18,60,302,,15,46,050,,24,44,124,,1*67
$GPGSV,3,2,09,22,30,276,,29,18,187,39.6,03,15,316,38.9,27,07,037,39.8,1*77
$GPGSV,3,3,09,21,86,014,39.9,1*48
$GLGSV,2,1,06,79,65,082,40.2,85,16,285,39.5,68,14,105,39.9,86,07,334,,1*69
$GLGSV,2,2,06,80,07,026,39.7,84,05,237,,1*69
$GAGSV,1,1,00,7*73
$GBGSV,1,1,04,08,51,179,39.5,04,27,125,39.3,09,20,190,38.8,05,15,249,39.5,1*71
$GNRMC,220735.000,A,3900.0017,N,11613.9814,E,0.01,333.17,280612,,,A,V*0C
$GNVTG,333.17,T,,M,0.01,N,0.01,K,A*26
$GNZDA,220735.000,28,06,2012,,*44
$GNGGA,220736.000,3900.0017,N,11613.9814,E,1,11,0.75,-8.9,M,-6.8,M,,*41
$PAIRACC,3.64,7.68*43
$GNGLL,3900.0017,N,11613.9814,E,220736.000,A,A*49
$GNGSA,A,3,29,03,27,21,,,,,,,,,1.28,0.75,1.04,1*03
$GNGSA,A,3,79,68,80,,,,,,,,,,1.28,0.75,1.04,2*06
$GNGSA,A,3,,,,,,,,,,,,,1.28,0.75,1.04,3*0F
$GNGSA,A,3,08,04,09,05,,,,,,,,,1.28,0.75,1.04,4*08
$GPGSV,3,1,09,14,04,216,,18,60,302,,15,46,050,,24,44,124,,1*67
$GPGSV,3,2,09,22,30,276,,29,18,187,39.5,03,15,316,39.6,27,07,037,40.1,1*7D
$GPGSV,3,3,09,21,86,014,40.0,1*4F
$GLGSV,2,1,06,79,65,082,40.2,85,16,285,40.1,68,14,105,40.4,86,07,334,,1*60
$GLGSV,2,2,06,80,07,026,40.1,84,05,237,,1*61
$GAGSV,1,1,00,7*73
$GBGSV,1,1,04,08,51,179,39.5,04,27,125,38.8,09,20,190,39.0,05,15,249,39.0,1*77
$GNRMC,220736.000,A,3900.0017,N,11613.9814,E,0.01,342.48,280612,,,A,V*03
$GNVTG,342.48,T,,M,0.01,N,0.01,K,A*2A
$GNZDA,220736.000,28,06,2012,,*47
$GNGGA,220737.000,3900.0017,N,11613.9814,E,1,11,0.74,-8.9,M,-6.8,M,,*41
$PAIRACC,3.62,7.63*4E
$GNGLL,3900.0017,N,11613.9814,E,220737.000,A,A*48
$GNGSA,A,3,29,03,27,21,,,,,,,,,1.27,0.74,1.03,1*0A
$GNGSA,A,3,79,68,80,,,,,,,,,,1.27,0.74,1.03,2*0F
$GNGSA,A,3,,,,,,,,,,,,,1.27,0.74,1.03,3*06
$GNGSA,A,3,08,04,09,05,,,,,,,,,1.27,0.74,1.03,4*01
$GPGSV,3,1,09,14,04,216,,18,60,302,,15,46,050,,24,44,124,,1*67
$GPGSV,3,2,09,22,30,276,,29,18,187,39.7,03,15,316,39.5,27,07,037,39.8,1*7B
$GPGSV,3,3,09,21,86,014,40.0,1*4F
$GLGSV,2,1,06,79,65,082,40.2,85,16,285,40.0,68,14,105,39.7,86,07,334,,1*6C
$GLGSV,2,2,06,80,07,026,40.2,84,05,237,,1*62
$GAGSV,1,1,00,7*73
$GBGSV,1,1,04,08,51,179,40.0,04,27,125,38.8,09,20,190,39.5,05,15,249,39.3,1*7A
$GNRMC,220737.000,A,3900.0017,N,11613.9814,E,0.01,339.02,280612,,,A,V*00
$GNVTG,339.02,T,,M,0.01,N,0.01,K,A*28
$GNZDA,220737.000,28,06,2012,,*46
$GNGGA,220738.000,3900.0017,N,11613.9814,E,1,12,0.69,-8.9,M,-6.8,M,,*41
$PAIRACC,3.29,7.61*43
$GNGLL,3900.0017,N,11613.9814,E,220738.000,A,A*47
$GNGSA,A,3,29,03,27,21,,,,,,,,,1.24,0.69,1.03,1*05
$GNGSA,A,3,79,85,68,80,,,,,,,,,1.24,0.69,1.03,2*0D
$GNGSA,A,3,,,,,,,,,,,,,1.24,0.69,1.03,3*09
$GNGSA,A,3,08,04,09,05,,,,,,,,,1.24,0.69,1.03,4*0E
$GPGSV,3,1,09,14,04,216,,18,60,302,,15,46,050,,24,44,124,,1*67
$GPGSV,3,2,09,22,30,276,,29,18,187,40.1,03,15,316,39.4,27,07,037,40.4,1*70
$GPGSV,3,3,09,21,86,014,39.9,1*48
$GLGSV,2,1,06,79,65,082,40.5,85,16,285,39.8,68,14,105,40.3,86,07,334,,1*67
$GLGSV,2,2,06,80,07,026,40.0,84,05,237,,1*60
$GAGSV,1,1,00,7*73
$GBGSV,1,1,04,08,51,179,39.5,04,27,125,39.0,09,20,190,39.4,05,15,249,39.3,1*79
$GNRMC,220738.000,A,3900.0017,N,11613.9814,E,0.01,337.01,280612,,,A,V*02
$GNVTG,337.01,T,,M,0.01,N,0.01,K,A*25
$GNZDA,220738.000,28,06,2012,,*49
$GNGGA,220739.000,3900.0017,N,11613.9814,E,1,12,0.69,-8.9,M,-6.8,M,,*40
$PAIRACC,3.28,7.64*47
$GNGLL,3900.0017,N,11613.9814,E,220739.000,A,A*46
$GNGSA,A,3,29,03,27,21,,,,,,,,,1.24,0.69,1.03,1*05
$GNGSA,A,3,79,85,68,80,,,,,,,,,1.24,0.69,1.03,2*0D
$GNGSA,A,3,,,,,,,,,,,,,1.24,0.69,1.03,3*09
$GNGSA,A,3,08,04,09,05,,,,,,,,,1.24,0.69,1.03,4*0E
$GPGSV,3,1,09,14,04,216,,18,60,302,,15,46,050,,24,44,124,,1*67
$GPGSV,3,2,09,22,30,276,,29,18,187,39.8,03,15,316,39.5,27,07,037,40.0,1*72
$GPGSV,3,3,09,21,86,014,40.3,1*4C
$GLGSV,2,1,06,79,65,082,39.8,85,16,285,39.8,68,14,105,39.8,86,07,334,,1*61
$GLGSV,2,2,06,80,07,026,40.2,84,05,237,,1*62
$GAGSV,1,1,00,7*73
$GBGSV,1,1,04,08,51,179,38.9,04,27,125,38.8,09,20,190,39.4,05,15,249,39.0,1*7E
$GNRMC,220739.000,A,3900.0017,N,11613.9814,E,0.01,327.08,280612,,,A,V*0B
$GNVTG,327.08,T,,M,0.01,N,0.01,K,A*2D
$GNZDA,220739.000,28,06,2012,,*48
$GNGGA,220740.000,3900.0017,N,11613.9815,E,1,12,0.69,-8.9,M,-6.8,M,,*4F
$PAIRACC,3.30,7.61*4B
$GNGLL,3900.0017,N,11613.9815,E,220740.000,A,A*49
$GNGSA,A,3,29,03,27,21,,,,,,,,,1.24,0.69,1.03,1*05
$GNGSA,A,3,79,85,68,80,,,,,,,,,1.24,0.69,1.03,2*0D
$GNGSA,A,3,,,,,,,,,,,,,1.24,0.69,1.03,3*09
$GNGSA,A,3,08,04,09,05,,,,,,,,,1.24,0.69,1.03,4*0E
$GPGSV,3,1,09,14,04,216,,18,60,302,,15,46,050,,24,44,124,,1*67
$GPGSV,3,2,09,22,30,276,,29,18,187,39.8,03,15,316,39.8,27,07,037,40.2,1*7D
$GPGSV,3,3,09,21,86,014,39.8,1*49
$GLGSV,2,1,06,79,65,082,40.1,85,16,285,40.3,68,14,105,40.3,86,07,334,,1*66
$GLGSV,2,2,06,80,07,026,40.1,84,05,237,,1*61
$GAGSV,1,1,00,7*73
$GBGSV,1,1,04,08,51,179,39.7,04,27,125,38.8,09,20,190,39.0,05,15,249,39.0,1*75
$GNRMC,220740.000,A,3900.0017,N,11613.9815,E,0.01,328.96,280612,,,A,V*0C
$GNVTG,328.96,T,,M,0.01,N,0.01,K,A*25
$GNZDA,220740.000,28,06,2012,,*46
$GNGGA,220741.000,3900.0017,N,11613.9815,E,1,12,0.69,-8.9,M,-6.8,M,,*4E
$PAIRACC,3.26,7.55*4B
$GNGLL,3900.0017,N,11613.9815,E,220741.000,A,A*48
$GNGSA,A,3,29,03,27,21,,,,,,,,,1.24,0.69,1.03,1*05
$GNGSA,A,3,79,85,68,80,,,,,,,,,1.24,0.69,1.03,2*0D
$GNGSA,A,3,,,,,,,,,,,,,1.24,0.69,1.03,3*09
$GNGSA,A,3,08,04,09,05,,,,,,,,,1.24,0.69,1.03,4*0E
$GPGSV,3,1,09,14,04,216,,18,60,302,,15,46,050,,24,44,124,,1*67
$GPGSV,3,2,09,22,30,276,,29,18,187,40.1,03,15,316,39.7,27,07,037,40.3,1*74
$GPGSV,3,3,09,21,86,014,40.1,1*4E
$GLGSV,2,1,06,79,65,082,40.1,85,16,285,39.9,68,14,105,39.8,86,07,334,,1*67
$GLGSV,2,2,06,80,07,026,39.8,84,05,237,,1*66
$GAGSV,1,1,00,7*73
$GBGSV,1,1,04,08,51,179,39.3,04,27,125,39.3,09,20,190,39.2,05,15,249,39.5,1*7C
$GNRMC,220741.000,A,3900.0017,N,11613.9815,E,0.01,328.92,280612,,,A,V*09
$GNVTG,328.92,T,,M,0.01,N,0.01,K,A*21
$GNZDA,220741.000,28,06,2012,,*47
$GNGGA,220742.000,3900.0017,N,11613.9815,E,1,12,0.69,-8.9,M,-6.8,M,,*4D
$PAIRACC,3.29,7.61*43
$GNGLL,3900.0017,N,11613.9815,E,220742.000,A,A*4B
$GNGSA,A,3,29,03,27,21,,,,,,,,,1.24,0.69,1.03,1*05
$GNGSA,A,3,79,85,68,80,,,,,,,,,1.24,0.69,1.03,2*0D
$GNGSA,A,3,,,,,,,,,,,,,1.24,0.69,1.03,3*09
$GNGSA,A,3,08,04,09,05,,,,,,,,,1.24,0.69,1.03,4*0E
$GPGSV,3,1,09,14,04,216,,18,60,302,,15,46,050,,24,44,124,,1*67
$GPGSV,3,2,09,22,30,276,,29,18,187,39.7,03,15,316,39.5,27,07,037,39.8,1*7B
$GPGSV,3,3,09,21,86,014,39.8,1*49
$GLGSV,2,1,06,79,65,082,40.1,85,16,285,40.0,68,14,105,40.0,86,07,334,,1*66
$GLGSV,2,2,06,80,07,026,40.3,84,05,237,,1*63
$GAGSV,1,1,00,7*73
$GBGSV,1,1,04,08,51,179,39.3,04,27,125,38.6,09,20,190,39.0,05,15,249,39.2,1*7D
$GNRMC,220742.000,A,3900.0017,N,11613.9815,E,0.01,329.65,280612,,,A,V*03
$GNVTG,329.65,T,,M,0.01,N,0.01,K,A*28
$GNZDA,220742.000,28,06,2012,,*44
$GNGGA,220743.000,3900.0017,N,11613.9815,E,1,12,0.69,-8.9,M,-6.8,M,,*4C
$PAIRACC,3.26,7.56*48
$GNGLL,3900.0017,N,11613.9815,E,220743.000,A,A*4A
$GNGSA,A,3,29,03,27,21,,,,,,,,,1.24,0.69,1.03,1*05
$GNGSA,A,3,79,85,68,80,,,,,,,,,1.24,0.69,1.03,2*0D
$GNGSA,A,3,,,,,,,,,,,,,1.24,0.69,1.03,3*09
$GNGSA,A,3,08,04,09,05,,,,,,,,,1.24,0.69,1.03,4*0E
$GPGSV,3,1,09,14,04,216,,18,60,302,,15,46,050,,24,44,124,,1*67
$GPGSV,3,2,09,22,30,276,,29,18,187,39.7,03,15,316,39.8,27,07,037,39.9,1*77
$GPGSV,3,3,09,21,86,014,40.3,1*4C
$GLGSV,2,1,06,79,65,082,39.9,85,16,285,39.8,68,14,105,39.7,86,07,334,,1*6F
$GLGSV,2,2,06,80,07,026,39.6,84,05,237,,1*68
$GAGSV,1,1,00,7*73
$GBGSV,1,1,04,08,51,179,39.6,04,27,125,38.8,09,20,190,39.2,05,15,249,39.0,1*76
$GNRMC,220743.000,A,3900.0017,N,11613.9815,E,0.01,329.76,280612,,,A,V*00
$GNVTG,329.76,T,,M,0.01,N,0.01,K,A*2A
$GNZDA,220743.000,28,06,2012,,*45
$GNGGA,220744.000,3900.0017,N,11613.9815,E,1,12,0.69,-8.9,M,-6.8,M,,*4B
$PAIRACC,3.27,7.56*49
$GNGLL,3900.0017,N,11613.9815,E,220744.000,A,A*4D
$GNGSA,A,3,29,03,27,21,,,,,,,,,1.24,0.69,1.03,1*05
$GNGSA,A,3,79,85,68,80,,,,,,,,,1.24,0.69,1.03,2*0D
$GNGSA,A,3,,,,,,,,,,,,,1.24,0.69,1.03,3*09
$GNGSA,A,3,08,04,09,05,,,,,,,,,1.24,0.69,1.03,4*0E
$GPGSV,3,1,09,14,04,216,,18,60,302,,15,46,050,,24,44,124,,1*67
$GPGSV,3,2,09,22,30,276,,29,18,187,39.9,03,15,316,39.3,27,07,037,40.2,1*77
$GPGSV,3,3,09,21,86,014,40.0,1*4F
$GLGSV,2,1,06,79,65,082,40.0,85,16,285,39.9,68,14,105,40.5,86,07,334,,1*65
$GLGSV,2,2,06,80,07,026,39.9,84,05,237,,1*67
$GAGSV,1,1,00,7*73
$GBGSV,1,1,04,08,51,179,39.6,04,27,125,39.0,09,20,190,39.5,05,15,249,39.3,1*7B
$GNRMC,220744.000,A,3900.0017,N,11613.9815,E,0.01,343.55,280612,,,A,V*0A
$GNVTG,343.55,T,,M,0.01,N,0.01,K,A*27
$GNZDA,220744.000,28,06,2012,,*42
$GNGGA,220745.000,3900.0017,N,11613.9815,E,1,12,0.69,-8.8,M,-6.8,M,,*4B
$PAIRACC,3.28,7.57*47
$GNGLL,3900.0017,N,11613.9815,E,220745.000,A,A*4C
$GNGSA,A,3,29,03,27,21,,,,,,,,,1.24,0.69,1.03,1*05
$GNGSA,A,3,79,85,68,80,,,,,,,,,1.24,0.69,1.03,2*0D
$GNGSA,A,3,,,,,,,,,,,,,1.24,0.69,1.03,3*09
$GNGSA,A,3,08,04,09,05,,,,,,,,,1.24,0.69,1.03,4*0E
$GPGSV,3,1,09,14,04,216,,18,60,302,,15,46,050,,24,44,124,,1*67
$GPGSV,3,2,09,22,30,276,,29,18,187,39.7,03,15,316,39.5,27,07,037,40.0,1*7D
$GPGSV,3,3,09,21,86,014,39.8,1*49
$GLGSV,2,1,06,79,65,082,39.6,85,16,285,39.5,68,14,105,40.0,86,07,334,,1*64
$GLGSV,2,2,06,80,07,026,40.1,84,05,237,,1*61
$GAGSV,1,1,00,7*73
$GBGSV,1,1,04,08,51,179,39.5,04,27,125,38.8,09,20,190,39.1,05,15,249,39.3,1*75
$GNRMC,220745.000,A,3900.0017,N,11613.9815,E,0.01,333.35,280612,,,A,V*0A
$GNVTG,333.35,T,,M,0.01,N,0.01,K,A*26
$GNZDA,220745.000,28,06,2012,,*43
$GNGGA,220746.000,3900.0017,N,11613.9815,E,1,12,0.69,-8.8,M,-6.8,M,,*48
$PAIRACC,3.27,7.56*49
$GNGLL,3900.0017,N,11613.9815,E,220746.000,A,A*4F
$GNGSA,A,3,29,03,27,21,,,,,,,,,1.24,0.69,1.03,1*05
$GNGSA,A,3,79,85,68,80,,,,,,,,,1.24,0.69,1.03,2*0D
$GNGSA,A,3,,,,,,,,,,,,,1.24,0.69,1.03,3*09
$GNGSA,A,3,08,04,09,05,,,,,,,,,1.24,0.69,1.03,4*0E
$GPGSV,3,1,09,14,04,216,,18,60,302,,15,46,050,,24,44,124,,1*67
$GPGSV,3,2,09,22,30,276,,29,18,187,39.6,03,15,316,39.7,27,07,037,40.0,1*7E
$GPGSV,3,3,09,21,86,014,40.0,1*4F
$GLGSV,2,1,06,79,65,082,40.0,85,16,285,39.5,68,14,105,40.0,86,07,334,,1*6C
$GLGSV,2,2,06,80,07,026,40.1,84,05,237,,1*61
$GAGSV,1,1,00,7*73
$GBGSV,1,1,04,08,51,179,39.5,04,27,125,38.5,09,20,190,39.3,05,15,249,39.1,1*78
$GNRMC,220746.000,A,3900.0017,N,11613.9815,E,0.01,337.23,280612,,,A,V*0A
$GNVTG,337.23,T,,M,0.01,N,0.01,K,A*25
$GNZDA,220746.000,28,06,2012,,*40
$GNGGA,220747.000,3900.0017,N,11613.9815,E,1,12,0.69,-8.9,M,-6.8,M,,*48
$PAIRACC,3.28,7.60*43
$GNGLL,3900.0017,N,11613.9815,E,220747.000,A,A*4E
$GNGSA,A,3,29,03,27,21,,,,,,,,,1.24,0.69,1.03,1*05
$GNGSA,A,3,79,85,68,80,,,,,,,,,1.24,0.69,1.03,2*0D
$GNGSA,A,3,,,,,,,,,,,,,1.24,0.69,1.03,3*09
$GNGSA,A,3,08,04,09,05,,,,,,,,,1.24,0.69,1.03,4*0E
$GPGSV,3,1,09,14,04,216,,18,60,302,,15,46,050,,24,44,124,,1*67
$GPGSV,3,2,09,22,30,276,,29,18,187,39.9,03,15,316,39.8,27,07,037,39.7,1*77
$GPGSV,3,3,09,21,86,014,39.8,1*49
$GLGSV,2,1,06,79,65,082,39.1,85,16,285,39.8,68,14,105,39.7,86,07,334,,1*67
$GLGSV,2,2,06,80,07,026,39.6,84,05,237,,1*68
$GAGSV,1,1,00,7*73
$GBGSV,1,1,04,08,51,179,39.7,04,27,125,38.1,09,20,190,39.1,05,15,249,39.0,1*7D
$GNRMC,220747.000,A,3900.0017,N,11613.9815,E,0.01,340.19,280612,,,A,V*02
$GNVTG,340.19,T,,M,0.01,N,0.01,K,A*2C
$GNZDA,220747.000,28,06,2012,,*41
$GNGGA,220748.000,3900.0017,N,11613.9815,E,1,12,0.69,-8.9,M,-6.8,M,,*47
$PAIRACC,3.27,7.56*49
$GNGLL,3900.0017,N,11613.9815,E,220748.000,A,A*41
$GNGSA,A,3,29,03,27,21,,,,,,,,,1.24,0.69,1.03,1*05
$GNGSA,A,3,79,85,68,80,,,,,,,,,1.24,0.69,1.03,2*0D
$GNGSA,A,3,,,,,,,,,,,,,1.24,0.69,1.03,3*09
$GNGSA,A,3,08,04,09,05,,,,,,,,,1.24,0.69,1.03,4*0E
$GPGSV,3,1,09,14,04,216,,18,60,302,,15,46,050,,24,44,124,,1*67
$GPGSV,3,2,09,22,30,276,,29,18,187,39.5,03,15,316,39.4,27,07,037,40.2,1*7C
$GPGSV,3,3,09,21,86,014,39.8,1*49
$GLGSV,2,1,06,79,65,082,40.0,85,16,285,39.6,68,14,105,40.1,86,07,334,,1*6E
$GLGSV,2,2,06,80,07,026,39.6,84,05,237,,1*68
$GAGSV,1,1,00,7*73
$GBGSV,1,1,04,08,51,179,39.3,04,27,125,38.8,09,20,190,39.3,05,15,249,39.1,1*73
$GNRMC,220748.000,A,3900.0017,N,11613.9815,E,0.01,335.57,280612,,,A,V*05
$GNVTG,335.57,T,,M,0.01,N,0.01,K,A*24
$GNZDA,220748.000,28,06,2012,,*4E
$GNGGA,220749.000,3900.0017,N,11613.9815,E,1,12,0.69,-8.9,M,-6.8,M,,*46
$PAIRACC,3.25,7.52*4F
$GNGLL,3900.0017,N,11613.9815,E,220749.000,A,A*40
$GNGSA,A,3,29,03,27,21,,,,,,,,,1.24,0.69,1.03,1*05
$GNGSA,A,3,79,85,68,80,,,,,,,,,1.24,0.69,1.03,2*0D
$GNGSA,A,3,,,,,,,,,,,,,1.24,0.69,1.03,3*09
$GNGSA,A,3,08,04,09,05,,,,,,,,,1.24,0.69,1.03,4*0E
$GPGSV,3,1,09,14,04,216,,18,60,302,,15,46,050,,24,44,124,,1*67
$GPGSV,3,2,09,22,30,276,,29,18,187,40.1,03,15,316,39.4,27,07,037,40.0,1*74
$GPGSV,3,3,09,21,86,014,39.7,1*46
$GLGSV,2,1,06,79,65,082,39.9,85,16,285,40.4,68,14,105,40.1,86,07,334,,1*65
$GLGSV,2,2,06,80,07,026,39.7,84,05,237,,1*69
$GAGSV,1,1,00,7*73
$GBGSV,1,1,04,08,51,179,39.3,04,27,125,38.6,09,20,190,39.4,05,15,249,38.9,1*73
$GNRMC,220749.000,A,3900.0017,N,11613.9815,E,0.01,337.42,280612,,,A,V*02
$GNVTG,337.42,T,,M,0.01,N,0.01,K,A*22
$GNZDA,220749.000,28,06,2012,,*4F
$GNGGA,220750.000,3900.0017,N,11613.9815,E,1,12,0.69,-8.9,M,-6.8,M,,*4E
$PAIRACC,3.26,7.54*4A
$GNGLL,3900.0017,N,11613.9815,E,220750.000,A,A*48
$GNGSA,A,3,29,03,27,21,,,,,,,,,1.24,0.69,1.03,1*05
$GNGSA,A,3,79,85,68,80,,,,,,,,,1.24,0.69,1.03,2*0D
$GNGSA,A,3,,,,,,,,,,,,,1.24,0.69,1.03,3*09
$GNGSA,A,3,08,04,09,05,,,,,,,,,1.24,0.69,1.03,4*0E
$GPGSV,3,1,09,14,04,216,,18,60,302,,15,46,050,,24,44,124,,1*67
$GPGSV,3,2,09,22,30,276,,29,18,187,39.9,03,15,316,40.2,27,07,037,39.7,1*73
$GPGSV,3,3,09,21,86,014,40.0,1*4F
$GLGSV,2,1,06,79,65,082,40.0,85,16,285,40.0,68,14,105,40.0,86,07,334,,1*67
$GLGSV,2,2,06,80,07,026,40.0,84,05,237,,1*60
$GAGSV,1,1,00,7*73
$GBGSV,1,1,04,08,51,179,39.3,04,27,125,37.8,09,20,190,39.6,05,15,249,38.8,1*71
$GNRMC,220750.000,A,3900.0017,N,11613.9815,E,0.01,332.87,280612,,,A,V*06
$GNVTG,332.87,T,,M,0.01,N,0.01,K,A*2E
$GNZDA,220750.000,28,06,2012,,*47
$GNGGA,220751.000,3900.0017,N,11613.9815,E,1,12,0.69,-8.9,M,-6.8,M,,*4F
$PAIRACC,3.25,7.52*4F
$GNGLL,3900.0017,N,11613.9815,E,220751.000,A,A*49
$GNGSA,A,3,29,03,27,21,,,,,,,,,1.24,0.69,1.03,1*05
$GNGSA,A,3,79,85,68,80,,,,,,,,,1.24,0.69,1.03,2*0D
$GNGSA,A,3,,,,,,,,,,,,,1.24,0.69,1.03,3*09
$GNGSA,A,3,08,04,09,05,,,,,,,,,1.24,0.69,1.03,4*0E
$GPGSV,3,1,09,14,04,216,,18,60,302,,15,46,050,,24,44,124,,1*67
$GPGSV,3,2,09,22,30,276,,29,18,187,40.0,03,15,316,39.6,27,07,037,39.9,1*70
$GPGSV,3,3,09,21,86,014,39.8,1*49
$GLGSV,2,1,06,79,65,082,39.6,85,16,285,39.9,68,14,105,39.8,86,07,334,,1*6E
$GLGSV,2,2,06,80,07,026,39.8,84,05,237,,1*66
$GAGSV,1,1,00,7*73
$GBGSV,1,1,04,08,51,179,40.0,04,27,125,38.6,09,20,190,39.4,05,15,249,39.3,1*75
$GNRMC,220751.000,A,3900.0017,N,11613.9815,E,0.01,336.14,280612,,,A,V*09
$GNVTG,336.14,T,,M,0.01,N,0.01,K,A*20
$GNZDA,220751.000,28,06,2012,,*46
$GNGGA,220752.000,3900.0017,N,11613.9815,E,1,12,0.69,-8.8,M,-6.8,M,,*4D
$PAIRACC,3.26,7.54*4A
$GNGLL,3900.0017,N,11613.9815,E,220752.000,A,A*4A
$GNGSA,A,3,29,03,27,21,,,,,,,,,1.24,0.69,1.03,1*05
$GNGSA,A,3,79,85,68,80,,,,,,,,,1.24,0.69,1.03,2*0D
$GNGSA,A,3,,,,,,,,,,,,,1.24,0.69,1.03,3*09
$GNGSA,A,3,08,04,09,05,,,,,,,,,1.24,0.69,1.03,4*0E
$GPGSV,3,1,09,14,04,216,,18,60,302,,15,46,050,,24,44,124,,1*67
$GPGSV,3,2,09,22,30,276,,29,18,187,39.8,03,15,316,40.0,27,07,037,40.1,1*78
$GPGSV,3,3,09,21,86,014,39.9,1*48
$GLGSV,2,1,06,79,65,082,40.2,85,16,285,40.2,68,14,105,40.0,86,07,334,,1*67
$GLGSV,2,2,06,80,07,026,39.9,84,05,237,,1*67
$GAGSV,1,1,00,7*73
$GBGSV,1,1,04,08,51,179,40.0,04,27,125,38.8,09,20,190,39.3,05,15,249,39.6,1*79
$GNRMC,220752.000,A,3900.0017,N,11613.9815,E,0.01,342.40,280612,,,A,V*08
$GNVTG,342.40,T,,M,0.01,N,0.01,K,A*22
$GNZDA,220752.000,28,06,2012,,*45
$GNGGA,220753.000,3900.0017,N,11613.9816,E,1,12,0.69,-8.8,M,-6.8,M,,*4F
$PAIRACC,3.25,7.53*4E
$GNGLL,3900.0017,N,11613.9816,E,220753.000,A,A*48
$GNGSA,A,3,29,03,27,21,,,,,,,,,1.24,0.69,1.03,1*05
$GNGSA,A,3,79,85,68,80,,,,,,,,,1.24,0.69,1.03,2*0D
$GNGSA,A,3,,,,,,,,,,,,,1.24,0.69,1.03,3*09
$GNGSA,A,3,08,04,09,05,,,,,,,,,1.24,0.69,1.03,4*0E
$GPGSV,3,1,09,14,04,216,,18,60,302,,15,46,050,,24,44,124,,1*67
$GPGSV,3,2,09,22,30,276,,29,18,187,39.8,03,15,316,39.9,27,07,037,39.9,1*79
$GPGSV,3,3,09,21,86,014,40.2,1*4D
$GLGSV,2,1,06,79,65,082,39.9,85,16,285,39.9,68,14,105,39.9,86,07,334,,1*60
$GLGSV,2,2,06,80,07,026,39.8,84,05,237,,1*66
$GAGSV,1,1,00,7*73
$GBGSV,1,1,04,08,51,179,39.8,04,27,125,37.5,09,20,190,39.6,05,15,249,38.7,1*78
$GNRMC,220753.000,A,3900.0017,N,11613.9816,E,0.01,342.18,280612,,,A,V*07
$GNVTG,342.18,T,,M,0.01,N,0.01,K,A*2F
$GNZDA,220753.000,28,06,2012,,*44
$GNGGA,220754.000,3900.0017,N,11613.9816,E,1,12,0.69,-8.8,M,-6.8,M,,*48
$PAIRACC,3.27,7.55*4A
$GNGLL,3900.0017,N,11613.9816,E,220754.000,A,A*4F
$GNGSA,A,3,29,03,27,21,,,,,,,,,1.24,0.69,1.03,1*05
$GNGSA,A,3,79,85,68,80,,,,,,,,,1.24,0.69,1.03,2*0D
$GNGSA,A,3,,,,,,,,,,,,,1.24,0.69,1.03,3*09
$GNGSA,A,3,08,04,09,05,,,,,,,,,1.24,0.69,1.03,4*0E
$GPGSV,3,1,09,14,04,216,,18,60,302,,15,46,050,,24,44,124,,1*67
$GPGSV,3,2,09,22,30,276,,29,18,187,39.8,03,15,316,39.9,27,07,037,40.1,1*7F
$GPGSV,3,3,09,21,86,014,39.8,1*49
$GLGSV,2,1,06,79,65,082,40.2,85,16,285,39.8,68,14,105,40.0,86,07,334,,1*63
$GLGSV,2,2,06,80,07,026,40.0,84,05,237,,1*60
$GAGSV,1,1,00,7*73
$GBGSV,1,1,04,08,51,179,39.5,04,27,125,38.6,09,20,190,39.0,05,15,249,39.3,1*7A
$GNRMC,220754.000,A,3900.0017,N,11613.9816,E,0.01,344.53,280612,,,A,V*09
$GNVTG,344.53,T,,M,0.01,N,0.01,K,A*26
$GNZDA,220754.000,28,06,2012,,*43
$GNGGA,220755.000,3900.0017,N,11613.9816,E,1,12,0.69,-8.8,M,-6.8,M,,*49
$PAIRACC,3.25,7.52*4F
$GNGLL,3900.0017,N,11613.9816,E,220755.000,A,A*4E
$GNGSA,A,3,29,03,27,21,,,,,,,,,1.24,0.69,1.03,1*05
$GNGSA,A,3,79,85,68,80,,,,,,,,,1.24,0.69,1.03,2*0D
$GNGSA,A,3,,,,,,,,,,,,,1.24,0.69,1.03,3*09
$GNGSA,A,3,08,04,09,05,,,,,,,,,1.24,0.69,1.03,4*0E
$GPGSV,3,1,09,14,04,216,,18,60,302,,15,46,050,,24,44,124,,1*67
$GPGSV,3,2,09,22,30,276,,29,18,187,40.0,03,15,316,39.8,27,07,037,39.7,1*70
$GPGSV,3,3,09,21,86,014,40.1,1*4E
$GLGSV,2,1,06,79,65,082,39.5,85,16,285,39.9,68,14,105,39.8,86,07,334,,1*6D
$GLGSV,2,2,06,80,07,026,39.6,84,05,237,,1*68
$GAGSV,1,1,00,7*73
$GBGSV,1,1,04,08,51,179,39.5,04,27,125,38.7,09,20,190,39.2,05,15,249,39.3,1*79
$GNRMC,220755.000,A,3900.0017,N,11613.9816,E,0.01,356.47,280612,,,A,V*0E
$GNVTG,356.47,T,,M,0.01,N,0.01,K,A*20
$GNZDA,220755.000,28,06,2012,,*42
$GNGGA,220756.000,3900.0017,N,11613.9816,E,1,12,0.69,-8.8,M,-6.8,M,,*4A
$PAIRACC,3.27,7.55*4A
$GNGLL,3900.0017,N,11613.9816,E,220756.000,A,A*4D
$GNGSA,A,3,29,03,27,21,,,,,,,,,1.24,0.69,1.03,1*05
$GNGSA,A,3,79,85,68,80,,,,,,,,,1.24,0.69,1.03,2*0D
$GNGSA,A,3,,,,,,,,,,,,,1.24,0.69,1.03,3*09
$GNGSA,A,3,08,04,09,05,,,,,,,,,1.24,0.69,1.03,4*0E
$GPGSV,3,1,09,14,04,216,,18,60,302,,15,46,050,,24,44,124,,1*67
$GPGSV,3,2,09,22,30,276,,29,18,187,39.6,03,15,316,39.6,27,07,037,39.8,1*79
$GPGSV,3,3,09,21,86,014,39.8,1*49
$GLGSV,2,1,06,79,65,082,40.0,85,16,285,39.6,68,14,105,40.1,86,07,334,,1*6E
$GLGSV,2,2,06,80,07,026,39.9,84,05,237,,1*67
$GAGSV,1,1,00,7*73
$GBGSV,1,1,04,08,51,179,39.5,04,27,125,37.7,09,20,190,39.3,05,15,249,39.0,1*74
$GNRMC,220756.000,A,3900.0017,N,11613.9816,E,0.01,359.27,280612,,,A,V*04
$GNVTG,359.27,T,,M,0.01,N,0.01,K,A*29
$GNZDA,220756.000,28,06,2012,,*41
$GNGGA,220757.000,3900.0017,N,11613.9816,E,1,12,0.69,-8.8,M,-6.8,M,,*4B
$PAIRACC,3.32,7.96*41
$GNGLL,3900.0017,N,11613.9816,E,220757.000,A,A*4C
$GNGSA,A,3,29,03,27,21,,,,,,,,,1.24,0.69,1.03,1*05
$GNGSA,A,3,79,85,68,80,,,,,,,,,1.24,0.69,1.03,2*0D
$GNGSA,A,3,,,,,,,,,,,,,1.24,0.69,1.03,3*09
$GNGSA,A,3,08,04,09,05,,,,,,,,,1.24,0.69,1.03,4*0E
$GPGSV,3,1,09,14,04,216,,18,60,302,,15,46,050,,24,44,124,,1*67
$GPGSV,3,2,09,22,30,276,,29,18,187,40.0,03,15,316,39.5,27,07,037,40.0,1*74
$GPGSV,3,3,09,21,86,014,40.1,1*4E
$GLGSV,2,1,06,79,65,082,40.2,85,16,285,39.7,68,14,105,39.8,86,07,334,,1*6A
$GLGSV,2,2,06,80,07,026,39.8,84,05,237,,1*66
$GAGSV,1,1,00,7*73
$GBGSV,1,1,04,08,51,179,39.9,04,27,125,38.8,09,20,190,39.6,05,15,249,39.2,1*7F
$GNRMC,220757.000,A,3900.0017,N,11613.9816,E,0.01,351.51,280612,,,A,V*0C
$GNVTG,351.51,T,,M,0.01,N,0.01,K,A*20
$GNZDA,220757.000,28,06,2012,,*40
$GNGGA,220758.000,3900.0017,N,11613.9816,E,1,12,0.69,-8.8,M,-6.8,M,,*44
$PAIRACC,3.27,7.56*49
$GNGLL,3900.0017,N,11613.9816,E,220758.000,A,A*43
$GNGSA,A,3,29,03,27,21,,,,,,,,,1.24,0.69,1.03,1*05
$GNGSA,A,3,79,85,68,80,,,,,,,,,1.24,0.69,1.03,2*0D
$GNGSA,A,3,,,,,,,,,,,,,1.24,0.69,1.03,3*09
$GNGSA,A,3,08,04,09,05,,,,,,,,,1.24,0.69,1.03,4*0E
$GPGSV,3,1,09,14,04,216,,18,60,302,,15,46,050,,24,44,124,,1*67
$GPGSV,3,2,09,22,30,276,,29,18,187,40.1,03,15,316,39.7,27,07,037,39.7,1*7E
$GPGSV,3,3,09,21,86,014,40.0,1*4F
$GLGSV,2,1,06,79,65,082,40.3,85,16,285,40.0,68,14,105,40.2,86,07,334,,1*66
$GLGSV,2,2,06,80,07,026,39.9,84,05,237,,1*67
$GAGSV,1,1,00,7*73
$GBGSV,1,1,04,08,51,179,39.5,04,27,125,38.5,09,20,190,39.5,05,15,249,39.1,1*7E
$GNRMC,220758.000,A,3900.0017,N,11613.9816,E,0.01,344.60,280612,,,A,V*05
$GNVTG,344.60,T,,M,0.01,N,0.01,K,A*26
$GNZDA,220758.000,28,06,2012,,*4F
$GNGGA,220759.000,3900.0017,N,11613.9816,E,1,12,0.69,-8.8,M,-6.8,M,,*45
$PAIRACC,3.25,7.50*4D
$GNGLL,3900.0017,N,11613.9816,E,220759.000,A,A*42
$GNGSA,A,3,29,03,27,21,,,,,,,,,1.24,0.69,1.03,1*05
$GNGSA,A,3,79,85,68,80,,,,,,,,,1.24,0.69,1.03,2*0D
$GNGSA,A,3,,,,,,,,,,,,,1.24,0.69,1.03,3*09
$GNGSA,A,3,08,04,09,05,,,,,,,,,1.24,0.69,1.03,4*0E
$GPGSV,3,1,09,14,04,216,,18,60,302,,15,46,050,,24,44,124,,1*67
$GPGSV,3,2,09,22,30,276,,29,18,187,39.5,03,15,316,39.3,27,07,037,39.6,1*71
$GPGSV,3,3,09,21,86,014,40.1,1*4E
$GLGSV,2,1,06,79,65,082,39.7,85,16,285,39.8,68,14,105,39.5,86,07,334,,1*63
$GLGSV,2,2,06,80,07,026,39.5,84,05,237,,1*6B
$GAGSV,1,1,00,7*73
$GBGSV,1,1,04,08,51,179,39.7,04,27,125,37.7,09,20,190,39.4,05,15,249,38.7,1*77
$GNRMC,220759.000,A,3900.0017,N,11613.9816,E,0.01,342.27,280612,,,A,V*01
$GNVTG,342.27,T,,M,0.01,N,0.01,K,A*23
$GNZDA,220759.000,28,06,2012,,*4E
$GNGGA,220800.000,3900.0017,N,11613.9816,E,1,12,0.69,-8.8,M,-6.8,M,,*46
$PAIRACC,3.25,7.52*4F
$GNGLL,3900.0017,N,11613.9816,E,220800.000,A,A*41
$GNGSA,A,3,29,03,27,21,,,,,,,,,1.24,0.69,1.03,1*05
$GNGSA,A,3,79,85,68,80,,,,,,,,,1.24,0.69,1.03,2*0D
$GNGSA,A,3,,,,,,,,,,,,,1.24,0.69,1.03,3*09
$GNGSA,A,3,08,04,09,05,,,,,,,,,1.24,0.69,1.03,4*0E
$GPGSV,3,1,09,14,04,216,,18,60,302,,15,46,050,,24,44,124,,1*67
$GPGSV,3,2,09,22,30,276,,29,18,187,39.6,03,15,316,39.4,27,07,037,40.0,1*7D
$GPGSV,3,3,09,21,86,014,40.2,1*4D
$GLGSV,2,1,06,79,65,082,39.9,85,16,285,40.3,68,14,105,40.2,86,07,334,,1*61
$GLGSV,2,2,06,80,07,026,39.8,84,05,237,,1*66
$GAGSV,1,1,00,7*73
$GBGSV,1,1,04,08,51,179,39.4,04,27,125,38.8,09,20,190,39.2,05,15,249,39.0,1*74
$GNRMC,220800.000,A,3900.0017,N,11613.9816,E,0.01,335.36,280612,,,A,V*02
$GNVTG,335.36,T,,M,0.01,N,0.01,K,A*23
$GNZDA,220800.000,28,06,2012,,*4D
$GNGGA,220801.000,3900.0017,N,11613.9816,E,1,12,0.69,-8.8,M,-6.8,M,,*47
$PAIRACC,3.24,7.75*4B
$GNGLL,3900.0017,N,11613.9816,E,220801.000,A,A*40
$GNGSA,A,3,29,03,27,21,,,,,,,,,1.24,0.69,1.03,1*05
$GNGSA,A,3,79,85,68,80,,,,,,,,,1.24,0.69,1.03,2*0D
$GNGSA,A,3,,,,,,,,,,,,,1.24,0.69,1.03,3*09
$GNGSA,A,3,08,04,09,05,,,,,,,,,1.24,0.69,1.03,4*0E
$GPGSV,3,1,09,14,04,216,,18,60,302,,15,46,050,,24,44,124,,1*67
$GPGSV,3,2,09,22,30,276,,29,18,187,39.7,03,15,316,39.5,27,07,037,39.6,1*75
$GPGSV,3,3,09,21,86,014,39.0,1*41
$GLGSV,2,1,06,79,65,082,40.1,85,16,285,39.6,68,14,107,40.2,86,07,334,,1*6E
$GLGSV,2,2,06,80,07,026,39.7,84,05,237,,1*69
$GAGSV,1,1,00,7*73
$GBGSV,1,1,04,08,51,179,39.6,04,27,125,38.8,09,20,190,39.5,05,15,249,39.4,1*75
$GNRMC,220801.000,A,3900.0017,N,11613.9816,E,0.01,337.36,280612,,,A,V*01
$GNVTG,337.36,T,,M,0.01,N,0.01,K,A*21
$GNZDA,220801.000,28,06,2012,,*4C
$GNGGA,220802.000,3900.0017,N,11613.9816,E,1,12,0.69,-8.8,M,-6.8,M,,*44
$PAIRACC,3.27,7.52*4D
$GNGLL,3900.0017,N,11613.9816,E,220802.000,A,A*43
$GNGSA,A,3,29,03,27,21,,,,,,,,,1.24,0.69,1.03,1*05
$GNGSA,A,3,79,85,68,80,,,,,,,,,1.24,0.69,1.03,2*0D
$GNGSA,A,3,,,,,,,,,,,,,1.24,0.69,1.03,3*09
$GNGSA,A,3,08,04,09,05,,,,,,,,,1.24,0.69,1.03,4*0E
$GPGSV,3,1,09,14,04,216,,18,60,302,,15,46,050,,24,44,124,,1*67
$GPGSV,3,2,09,22,30,276,,29,18,187,39.3,03,15,316,39.2,27,07,037,39.5,1*75
$GPGSV,3,3,09,21,86,014,39.3,1*42
$GLGSV,2,1,06,79,65,082,40.2,85,16,285,39.7,68,14,107,40.4,86,07,334,,1*6A
$GLGSV,2,2,06,80,07,026,40.1,84,05,237,,1*61
$GAGSV,1,1,00,7*73
$GBGSV,1,1,04,08,51,179,39.4,04,27,125,37.6,09,20,190,39.0,05,15,249,39.3,1*74
$GNRMC,220802.000,A,3900.0017,N,11613.9816,E,0.01,331.35,280612,,,A,V*07
$GNVTG,331.35,T,,M,0.01,N,0.01,K,A*24
$GNZDA,220802.000,28,06,2012,,*4F
