$GNGGA,202100.000,3900.0030,N,11613.9812,E,1,10,0.74,-14.3,M,-6.8,M,,*76
$PAIRACC,3.24,9.31*45
$GNGLL,3900.0030,N,11613.9812,E,202100.000,A,A*49
$GNGSA,A,3,24,18,02,16,,,,,,,,,1.38,0.74,1.16,1*04
$GNGSA,A,3,68,85,,,,,,,,,,,1.38,0.74,1.16,2*0E
$GNGSA,A,3,,,,,,,,,,,,,1.38,0.74,1.16,3*0C
$GNGSA,A,3,13,07,05,03,,,,,,,,,1.38,0.74,1.16,4*08
$GPGSV,3,1,12,08,01,053,,24,73,022,39.9,15,57,136,,26,54,098,,1*73
$GPGSV,3,2,12,21,41,306,,10,36,051,,18,26,247,39.4,02,10,106,40.1,1*66
$GPGSV,3,3,12,27,09,080,,16,08,310,39.9,30,03,216,,29,67,218,,1*77
$GLGSV,1,1,04,84,37,287,,68,44,049,39.7,79,23,152,,85,10,335,39.6,1*7B
$GAGSV,1,1,00,7*73
$GBGSV,3,1,11,13,07,041,39.7,01,38,147,,10,33,215,,02,30,229,,1*60
$GBGSV,3,2,11,04,27,125,,08,26,167,,06,19,165,,07,17,190,39.5,1*68
$GBGSV,3,3,11,05,16,249,39.4,11,09,041,,03,45,191,38.8,1*41
$GNRMC,202100.000,A,3900.0030,N,11613.9812,E,0.01,335.11,280612,,,A,V*0F
$GNVTG,335.11,T,,M,0.01,N,0.01,K,A*26
$GNZDA,202100.000,28,06,2012,,*44
$GNGGA,202101.000,3900.0030,N,11613.9812,E,1,10,0.74,-14.3,M,-6.8,M,,*77
$PAIRACC,3.16,8.89*46
$GNGLL,3900.0030,N,11613.9812,E,202101.000,A,A*48
$GNGSA,A,3,24,18,02,16,,,,,,,,,1.38,0.74,1.16,1*04
$GNGSA,A,3,68,85,,,,,,,,,,,1.38,0.74,1.16,2*0E
$GNGSA,A,3,,,,,,,,,,,,,1.38,0.74,1.16,3*0C
$GNGSA,A,3,13,07,05,03,,,,,,,,,1.38,0.74,1.16,4*08
$GPGSV,3,1,12,08,01,053,,24,73,022,39.9,15,57,136,,26,54,098,,1*73
$GPGSV,3,2,12,21,41,306,,10,36,051,,18,26,247,40.0,02,10,106,40.0,1*6D
$GPGSV,3,3,12,27,09,080,,16,08,310,40.2,30,03,216,,29,67,218,,1*72
$GLGSV,1,1,04,84,37,287,,68,44,049,39.7,79,23,152,,85,10,335,39.6,1*7B
$GAGSV,1,1,00,7*73
$GBGSV,3,1,11,13,07,041,39.7,01,38,147,,10,33,215,,02,30,229,,1*60
$GBGSV,3,2,11,04,27,125,,08,26,167,,06,19,165,,07,17,190,40.1,1*62
$GBGSV,3,3,11,05,16,249,39.2,11,09,041,,03,45,191,38.7,1*48
$GNRMC,202101.000,A,3900.0030,N,11613.9812,E,0.01,330.60,280612,,,A,V*0D
$GNVTG,330.60,T,,M,0.01,N,0.01,K,A*25
$GNZDA,202101.000,28,06,2012,,*45
$GNGGA,202102.000,3900.0030,N,11613.9812,E,1,10,0.74,-14.3,M,-6.8,M,,*74
$PAIRACC,3.18,9.28*42
$GNGLL,3900.0030,N,11613.9812,E,202102.000,A,A*4B
$GNGSA,A,3,24,18,02,16,,,,,,,,,1.38,0.74,1.16,1*04
$GNGSA,A,3,68,85,,,,,,,,,,,1.38,0.74,1.16,2*0E
$GNGSA,A,3,,,,,,,,,,,,,1.38,0.74,1.16,3*0C
$GNGSA,A,3,13,07,05,03,,,,,,,,,1.38,0.74,1.16,4*08
$GPGSV,3,1,11,08,01,053,,24,73,022,39.8,15,57,136,,26,54,098,,1*71
$GPGSV,3,2,11,21,41,306,,10,36,051,,18,26,247,39.8,02,10,106,40.1,1*69
$GPGSV,3,3,11,27,09,080,,16,08,310,39.8,29,67,218,,1*40
$GLGSV,1,1,04,84,37,287,,68,44,049,40.2,79,23,152,,85,10,335,39.8,1*7E
$GAGSV,1,1,00,7*73
$GBGSV,3,1,10,13,07,041,39.5,01,38,147,,10,33,215,,04,27,125,,1*6C
$GBGSV,3,2,10,08,26,167,,06,19,165,,07,17,190,39.3,05,16,249,39.5,1*74
$GBGSV,3,3,10,11,09,041,,03,45,191,39.3,1*67
$GNRMC,202102.000,A,3900.0030,N,11613.9812,E,0.01,322.90,280612,,,A,V*02
$GNVTG,322.90,T,,M,0.01,N,0.01,K,A*29
$GNZDA,202102.000,28,06,2012,,*46
$GNGGA,202103.000,3900.0030,N,11613.9812,E,1,10,0.74,-14.3,M,-6.8,M,,*75
$PAIRACC,3.20,8.89*43
$GNGLL,3900.0030,N,11613.9812,E,202103.000,A,A*4A
$GNGSA,A,3,24,18,02,16,,,,,,,,,1.38,0.74,1.16,1*04
$GNGSA,A,3,68,85,,,,,,,,,,,1.38,0.74,1.16,2*0E
$GNGSA,A,3,,,,,,,,,,,,,1.38,0.74,1.16,3*0C
$GNGSA,A,3,13,07,05,03,,,,,,,,,1.38,0.74,1.16,4*08
$GPGSV,3,1,12,08,01,053,,24,73,022,39.9,15,57,136,,26,54,098,,1*73
$GPGSV,3,2,12,21,41,306,,10,36,051,,18,26,247,39.0,02,10,106,39.8,1*65
$GPGSV,3,3,12,27,09,080,,16,08,310,39.9,30,03,216,,29,67,218,,1*77
$GLGSV,1,1,04,84,37,287,,68,44,049,40.2,79,23,152,,85,10,335,40.0,1*78
$GAGSV,1,1,00,7*73
$GBGSV,3,1,11,13,07,041,39.0,01,38,147,,10,33,215,,02,30,229,,1*67
$GBGSV,3,2,11,08,27,167,,04,27,125,,06,19,165,,07,17,190,39.9,1*65
$GBGSV,3,3,11,05,16,249,38.9,11,09,041,,03,45,191,38.9,1*4C
$GNRMC,202103.000,A,3900.0030,N,11613.9812,E,0.01,325.08,280612,,,A,V*05
$GNVTG,325.08,T,,M,0.01,N,0.01,K,A*2F
$GNZDA,202103.000,28,06,2012,,*47
$GNGGA,202104.000,3900.0030,N,11613.9812,E,1,10,0.74,-14.3,M,-6.8,M,,*72
$PAIRACC,3.21,9.36*47
$GNGLL,3900.0030,N,11613.9812,E,202104.000,A,A*4D
$GNGSA,A,3,24,18,02,16,,,,,,,,,1.38,0.74,1.16,1*04
$GNGSA,A,3,68,85,,,,,,,,,,,1.38,0.74,1.16,2*0E
$GNGSA,A,3,,,,,,,,,,,,,1.38,0.74,1.16,3*0C
$GNGSA,A,3,13,07,05,03,,,,,,,,,1.38,0.74,1.16,4*08
$GPGSV,3,1,12,08,01,053,,24,73,022,39.5,15,57,136,,26,54,098,,1*7F
$GPGSV,3,2,12,21,41,306,,10,36,051,,18,26,247,39.8,02,10,106,40.0,1*6B
$GPGSV,3,3,12,27,09,080,,16,08,310,40.0,30,03,216,,29,67,218,,1*70
$GLGSV,1,1,04,84,37,287,,68,44,049,40.1,79,23,152,,85,10,335,40.3,1*78
$GAGSV,1,1,00,7*73
$GBGSV,3,1,11,13,07,041,39.1,01,38,147,,10,33,215,,02,30,229,,1*66
$GBGSV,3,2,11,08,27,167,,04,27,125,,06,19,165,,07,17,190,39.2,1*6E
$GBGSV,3,3,11,05,16,249,39.3,11,09,041,,03,45,191,38.8,1*46
$GNRMC,202104.000,A,3900.0030,N,11613.9812,E,0.01,320.59,280612,,,A,V*03
$GNVTG,320.59,T,,M,0.01,N,0.01,K,A*2E
$GNZDA,202104.000,28,06,2012,,*40
$GNGGA,202105.000,3900.0030,N,11613.9813,E,1,10,0.74,-14.3,M,-6.8,M,,*72
$PAIRACC,3.20,8.85*4F
$GNGLL,3900.0030,N,11613.9813,E,202105.000,A,A*4D
$GNGSA,A,3,24,18,02,16,,,,,,,,,1.38,0.74,1.16,1*04
$GNGSA,A,3,68,85,,,,,,,,,,,1.38,0.74,1.16,2*0E
$GNGSA,A,3,,,,,,,,,,,,,1.38,0.74,1.16,3*0C
$GNGSA,A,3,07,05,13,03,,,,,,,,,1.38,0.74,1.16,4*08
$GPGSV,3,1,12,08,01,053,,15,57,136,,24,73,022,39.7,26,54,098,,1*7D
$GPGSV,3,2,12,21,41,306,,10,36,051,,18,26,247,39.5,02,10,106,39.4,1*6C
$GPGSV,3,3,12,27,09,080,,16,08,310,40.2,30,03,216,,29,67,218,,1*72
$GLGSV,1,1,04,79,23,152,,68,44,049,40.1,84,37,287,,85,10,335,39.9,1*7C
$GAGSV,1,1,00,7*73
$GBGSV,3,1,12,09,01,184,,01,38,147,,10,32,215,,02,30,229,,1*74
$GBGSV,3,2,12,08,27,167,,04,27,125,,06,19,165,,07,17,190,39.8,1*67
$GBGSV,3,3,12,05,16,249,39.3,11,09,041,,13,07,041,39.7,03,45,191,39.3,1*6C
$GNRMC,202105.000,A,3900.0030,N,11613.9813,E,0.01,332.39,280612,,,A,V*06
$GNVTG,332.39,T,,M,0.01,N,0.02,K,A*28
$GNZDA,202105.000,28,06,2012,,*41
$GNGGA,202106.000,3900.0030,N,11613.9813,E,1,10,0.74,-14.3,M,-6.8,M,,*71
$PAIRACC,3.21,9.36*47
$GNGLL,3900.0030,N,11613.9813,E,202106.000,A,A*4E
$GNGSA,A,3,24,18,02,16,,,,,,,,,1.38,0.74,1.16,1*04
$GNGSA,A,3,68,85,,,,,,,,,,,1.38,0.74,1.16,2*0E
$GNGSA,A,3,,,,,,,,,,,,,1.38,0.74,1.16,3*0C
$GNGSA,A,3,07,05,13,03,,,,,,,,,1.38,0.74,1.16,4*08
$GPGSV,3,1,12,08,01,053,,15,57,136,,24,73,022,40.0,26,54,098,,1*74
$GPGSV,3,2,12,21,41,306,,10,36,051,,18,26,247,39.5,02,10,106,40.1,1*67
$GPGSV,3,3,12,27,09,080,,16,08,310,39.8,30,03,216,,29,67,218,,1*76
$GLGSV,1,1,04,79,23,152,,68,44,049,39.6,84,37,287,,85,10,335,39.9,1*75
$GAGSV,1,1,00,7*73
$GBGSV,3,1,12,09,01,184,,01,38,147,,10,32,215,,02,30,229,,1*74
$GBGSV,3,2,12,08,27,167,,04,27,125,,06,19,165,,07,17,190,39.1,1*6E
$GBGSV,3,3,12,05,16,249,38.8,11,08,040,,13,07,041,39.9,03,45,191,38.7,1*6D
$GNRMC,202106.000,A,3900.0030,N,11613.9813,E,0.02,331.20,280612,,,A,V*0D
$GNVTG,331.20,T,,M,0.02,N,0.03,K,A*21
$GNZDA,202106.000,28,06,2012,,*42
$GNGGA,202107.000,3900.0030,N,11613.9813,E,1,10,0.74,-14.3,M,-6.8,M,,*70
$PAIRACC,3.15,8.86*4A
$GNGLL,3900.0030,N,11613.9813,E,202107.000,A,A*4F
$GNGSA,A,3,24,18,02,16,,,,,,,,,1.38,0.74,1.16,1*04
$GNGSA,A,3,68,85,,,,,,,,,,,1.38,0.74,1.16,2*0E
$GNGSA,A,3,,,,,,,,,,,,,1.38,0.74,1.16,3*0C
$GNGSA,A,3,07,05,13,03,,,,,,,,,1.38,0.74,1.16,4*08
$GPGSV,3,1,12,08,01,053,,15,57,136,,24,73,022,39.8,26,54,098,,1*72
$GPGSV,3,2,12,21,41,306,,10,36,051,,18,26,247,39.7,02,10,106,40.0,1*64
$GPGSV,3,3,12,27,09,080,,16,08,310,40.0,30,03,216,,29,67,218,,1*70
$GLGSV,1,1,04,79,23,152,,68,44,049,40.3,84,37,287,,85,10,335,39.6,1*71
$GAGSV,1,1,00,7*73
$GBGSV,3,1,12,09,01,184,,01,38,147,,10,32,215,,02,30,229,,1*74
$GBGSV,3,2,12,08,27,167,,04,27,125,,06,19,165,,07,17,190,40.1,1*60
$GBGSV,3,3,12,05,16,249,39.3,11,08,040,,13,07,041,39.4,03,45,191,38.8,1*65
$GNRMC,202107.000,A,3900.0030,N,11613.9813,E,0.02,333.39,280612,,,A,V*06
$GNVTG,333.39,T,,M,0.02,N,0.03,K,A*2B
$GNZDA,202107.000,28,06,2012,,*43
$GNGGA,202108.000,3900.0030,N,11613.9813,E,1,10,0.74,-14.4,M,-6.8,M,,*78
$PAIRACC,3.25,9.37*42
$GNGLL,3900.0030,N,11613.9813,E,202108.000,A,A*40
$GNGSA,A,3,24,18,02,16,,,,,,,,,1.38,0.74,1.16,1*04
$GNGSA,A,3,68,85,,,,,,,,,,,1.38,0.74,1.16,2*0E
$GNGSA,A,3,,,,,,,,,,,,,1.38,0.74,1.16,3*0C
$GNGSA,A,3,07,05,13,03,,,,,,,,,1.38,0.74,1.16,4*08
$GPGSV,3,1,12,08,01,053,,15,57,136,,24,73,022,39.8,26,54,098,,1*72
$GPGSV,3,2,12,21,41,306,,10,36,051,,18,26,247,39.6,02,10,106,39.6,1*6D
$GPGSV,3,3,12,27,09,080,,16,08,310,40.0,30,03,216,,29,67,218,,1*70
$GLGSV,1,1,04,79,23,152,,68,44,049,40.3,84,37,287,,85,10,335,39.7,1*70
$GAGSV,1,1,00,7*73
$GBGSV,3,1,12,09,01,184,,01,38,147,,10,32,215,,02,30,229,,1*74
$GBGSV,3,2,12,08,27,167,,04,27,125,,06,19,165,,07,17,190,39.4,1*6B
$GBGSV,3,3,12,05,16,249,39.2,11,08,040,,13,06,040,39.6,03,45,191,39.2,1*6D
$GNRMC,202108.000,A,3900.0030,N,11613.9813,E,0.02,335.36,280612,,,A,V*00
$GNVTG,335.36,T,,M,0.02,N,0.04,K,A*25
$GNZDA,202108.000,28,06,2012,,*4C
$GNGGA,202109.000,3900.0030,N,11613.9813,E,1,10,0.74,-14.4,M,-6.8,M,,*79
$PAIRACC,3.16,8.87*48
$GNGLL,3900.0030,N,11613.9813,E,202109.000,A,A*41
$GNGSA,A,3,24,18,02,16,,,,,,,,,1.38,0.74,1.16,1*04
$GNGSA,A,3,68,85,,,,,,,,,,,1.38,0.74,1.16,2*0E
$GNGSA,A,3,,,,,,,,,,,,,1.38,0.74,1.16,3*0C
$GNGSA,A,3,07,05,13,03,,,,,,,,,1.38,0.74,1.16,4*08
$GPGSV,3,1,12,08,01,053,,24,73,022,39.7,15,57,136,,26,54,098,,1*7D
$GPGSV,3,2,12,21,41,306,,10,36,051,,18,26,247,39.3,02,10,106,39.4,1*6A
$GPGSV,3,3,12,27,09,080,,16,08,310,39.8,30,03,216,,29,67,218,,1*76
$GLGSV,1,1,03,79,23,152,,68,44,049,40.4,85,10,335,39.8,1*4A
$GAGSV,1,1,00,7*73
$GBGSV,3,1,12,09,01,184,,01,38,147,,10,32,215,,02,30,229,,1*74
$GBGSV,3,2,12,08,27,167,,04,27,125,,06,19,165,,07,17,190,40.2,1*63
$GBGSV,3,3,12,05,16,249,39.5,11,08,040,,13,06,040,39.7,03,45,191,38.8,1*60
$GNRMC,202109.000,A,3900.0030,N,11613.9813,E,0.02,337.82,280612,,,A,V*0C
$GNVTG,337.82,T,,M,0.02,N,0.04,K,A*28
$GNZDA,202109.000,28,06,2012,,*4D
$GNGGA,202110.000,3900.0030,N,11613.9813,E,1,10,0.74,-14.4,M,-6.8,M,,*71
$PAIRACC,3.35,9.43*40
$GNGLL,3900.0030,N,11613.9813,E,202110.000,A,A*49
$GNGSA,A,3,24,18,02,16,,,,,,,,,1.38,0.74,1.16,1*04
$GNGSA,A,3,68,85,,,,,,,,,,,1.38,0.74,1.16,2*0E
$GNGSA,A,3,,,,,,,,,,,,,1.38,0.74,1.16,3*0C
$GNGSA,A,3,07,05,13,03,,,,,,,,,1.38,0.74,1.16,4*08
$GPGSV,3,1,12,08,01,053,,15,57,136,,24,73,022,39.8,26,54,098,,1*72
$GPGSV,3,2,12,21,41,306,,10,36,051,,18,26,247,39.2,02,10,106,39.7,1*68
$GPGSV,3,3,12,27,09,080,,16,08,310,40.2,30,03,216,,29,67,218,,1*72
$GLGSV,1,1,04,79,23,152,,68,44,049,40.4,84,37,287,,85,10,335,39.9,1*79
$GAGSV,1,1,00,7*73
$GBGSV,3,1,12,09,01,184,,01,38,147,,10,32,215,,02,30,229,,1*74
$GBGSV,3,2,12,08,27,167,,04,27,125,,06,19,165,,07,17,190,38.7,1*69
$GBGSV,3,3,12,05,16,249,39.2,11,08,040,,13,06,040,39.8,03,45,191,38.3,1*63
$GNRMC,202110.000,A,3900.0030,N,11613.9813,E,0.03,337.20,280612,,,A,V*0D
$GNVTG,337.20,T,,M,0.03,N,0.05,K,A*20
$GNZDA,202110.000,28,06,2012,,*45
$GNGGA,202111.000,3900.0030,N,11613.9813,E,1,10,0.74,-14.4,M,-6.8,M,,*70
$PAIRACC,3.31,8.94*4F
$GNGLL,3900.0030,N,11613.9813,E,202111.000,A,A*48
$GNGSA,A,3,24,18,02,16,,,,,,,,,1.38,0.74,1.16,1*04
$GNGSA,A,3,68,85,,,,,,,,,,,1.38,0.74,1.16,2*0E
$GNGSA,A,3,,,,,,,,,,,,,1.38,0.74,1.16,3*0C
$GNGSA,A,3,07,05,13,03,,,,,,,,,1.38,0.74,1.16,4*08
$GPGSV,3,1,12,08,01,053,,15,57,136,,24,73,022,40.1,26,54,098,,1*75
$GPGSV,3,2,12,21,41,306,,10,36,051,,18,26,247,39.5,02,10,106,39.6,1*6E
$GPGSV,3,3,12,27,09,080,,16,08,310,40.0,30,03,216,,29,67,218,,1*70
$GLGSV,1,1,04,79,23,152,,68,44,049,40.0,84,37,287,,85,10,335,39.2,1*76
$GAGSV,1,1,00,7*73
$GBGSV,3,1,12,09,01,184,,01,38,147,,10,32,215,,02,30,229,,1*74
$GBGSV,3,2,12,08,27,167,,04,27,125,,06,19,165,,07,17,190,40.1,1*60
$GBGSV,3,3,12,05,16,249,39.5,11,08,040,,13,06,040,39.7,03,45,191,39.3,1*6A
$GNRMC,202111.000,A,3900.0030,N,11613.9813,E,0.03,336.27,280612,,,A,V*0A
$GNVTG,336.27,T,,M,0.03,N,0.06,K,A*25
$GNZDA,202111.000,28,06,2012,,*44
$GNGGA,202112.000,3900.0030,N,11613.9813,E,1,10,0.74,-14.4,M,-6.8,M,,*73
$PAIRACC,3.30,8.93*49
$GNGLL,3900.0030,N,11613.9813,E,202112.000,A,A*4B
$GNGSA,A,3,24,18,02,16,,,,,,,,,1.38,0.74,1.16,1*04
$GNGSA,A,3,68,85,,,,,,,,,,,1.38,0.74,1.16,2*0E
$GNGSA,A,3,,,,,,,,,,,,,1.38,0.74,1.16,3*0C
$GNGSA,A,3,07,05,13,03,,,,,,,,,1.38,0.74,1.16,4*08
$GPGSV,3,1,11,08,01,053,,15,57,136,,24,73,022,39.5,26,54,098,,1*7C
$GPGSV,3,2,11,21,41,306,,10,36,051,,18,26,247,40.0,02,10,106,39.5,1*65
$GPGSV,3,3,11,16,08,310,39.7,30,03,216,,29,67,218,,1*4E
$GLGSV,1,1,04,79,23,152,,68,44,049,40.0,84,37,287,,85,10,335,40.0,1*7A
$GAGSV,1,1,00,7*73
$GBGSV,3,1,12,09,01,184,,01,38,147,,10,32,215,,02,30,229,,1*74
$GBGSV,3,2,12,08,27,167,,04,27,125,,06,19,165,,07,17,190,39.3,1*6C
$GBGSV,3,3,12,05,16,249,39.3,11,08,040,,13,06,040,39.9,03,45,191,38.9,1*69
$GNRMC,202112.000,A,3900.0030,N,11613.9813,E,0.03,332.68,280612,,,A,V*06
$GNVTG,332.68,T,,M,0.03,N,0.06,K,A*2A
$GNZDA,202112.000,28,06,2012,,*47
$GNGGA,202113.000,3900.0030,N,11613.9813,E,1,10,0.74,-14.4,M,-6.8,M,,*72
$PAIRACC,3.31,8.94*4F
$GNGLL,3900.0030,N,11613.9813,E,202113.000,A,A*4A
$GNGSA,A,3,24,18,02,16,,,,,,,,,1.38,0.74,1.16,1*04
$GNGSA,A,3,68,85,,,,,,,,,,,1.38,0.74,1.16,2*0E
$GNGSA,A,3,,,,,,,,,,,,,1.38,0.74,1.16,3*0C
$GNGSA,A,3,07,05,13,03,,,,,,,,,1.38,0.74,1.16,4*08
$GPGSV,3,1,12,08,01,053,,15,57,136,,24,73,022,39.6,26,54,098,,1*7C
$GPGSV,3,2,12,21,41,306,,10,36,051,,18,26,247,39.4,02,10,106,39.9,1*60
$GPGSV,3,3,12,27,09,080,,16,08,310,40.0,30,03,216,,29,67,218,,1*70
$GLGSV,1,1,04,79,23,152,,68,44,049,39.8,84,37,287,,85,10,335,39.6,1*74
$GAGSV,1,1,00,7*73
$GBGSV,3,1,12,09,01,184,,01,38,147,,10,32,215,,02,30,229,,1*74
$GBGSV,3,2,12,08,27,167,,04,27,125,,06,19,165,,07,17,190,39.9,1*66
$GBGSV,3,3,12,05,16,249,39.0,11,08,040,,13,06,040,39.9,03,45,191,38.7,1*64
$GNRMC,202113.000,A,3900.0030,N,11613.9813,E,0.03,333.30,280612,,,A,V*0B
$GNVTG,333.30,T,,M,0.03,N,0.06,K,A*26
$GNZDA,202113.000,28,06,2012,,*46
$GNGGA,202114.000,3900.0030,N,11613.9813,E,1,10,0.74,-14.4,M,-6.8,M,,*75
$PAIRACC,3.33,8.94*4D
$GNGLL,3900.0030,N,11613.9813,E,202114.000,A,A*4D
$GNGSA,A,3,24,18,02,16,,,,,,,,,1.38,0.74,1.16,1*04
$GNGSA,A,3,68,85,,,,,,,,,,,1.38,0.74,1.16,2*0E
$GNGSA,A,3,,,,,,,,,,,,,1.38,0.74,1.16,3*0C
$GNGSA,A,3,07,05,13,03,,,,,,,,,1.38,0.74,1.16,4*08
$GPGSV,3,1,12,08,01,053,,15,57,136,,24,73,022,40.1,26,54,098,,1*75
$GPGSV,3,2,12,21,41,306,,10,36,051,,18,26,247,39.2,02,10,106,39.8,1*67
$GPGSV,3,3,12,27,09,080,,16,08,310,39.4,30,03,216,,29,67,218,,1*7A
$GLGSV,1,1,04,79,23,152,,68,44,049,39.8,84,37,287,,85,10,335,39.5,1*77
$GAGSV,1,1,00,7*73
$GBGSV,3,1,12,09,01,184,,01,38,147,,10,32,215,,02,30,229,,1*74
$GBGSV,3,2,12,08,27,167,,04,27,125,,06,19,165,,07,17,190,38.8,1*66
$GBGSV,3,3,12,05,16,249,39.6,11,08,040,,13,06,040,39.7,03,45,191,39.3,1*69
$GNRMC,202114.000,A,3900.0030,N,11613.9813,E,0.03,331.76,280612,,,A,V*0C
$GNVTG,331.76,T,,M,0.03,N,0.06,K,A*26
$GNZDA,202114.000,28,06,2012,,*41
$GNGGA,202115.000,3900.0030,N,11613.9813,E,1,10,0.74,-14.4,M,-6.8,M,,*74
$PAIRACC,3.31,8.94*4F
$GNGLL,3900.0030,N,11613.9813,E,202115.000,A,A*4C
$GNGSA,A,3,24,18,02,16,,,,,,,,,1.38,0.74,1.16,1*04
$GNGSA,A,3,68,85,,,,,,,,,,,1.38,0.74,1.16,2*0E
$GNGSA,A,3,,,,,,,,,,,,,1.38,0.74,1.16,3*0C
$GNGSA,A,3,07,05,13,03,,,,,,,,,1.38,0.74,1.16,4*08
$GPGSV,3,1,11,08,01,053,,15,57,136,,24,73,022,40.0,26,54,098,,1*77
$GPGSV,3,2,11,21,41,306,,10,36,051,,18,26,247,39.6,02,10,106,39.9,1*61
$GPGSV,3,3,11,27,09,080,,16,08,310,39.9,29,67,218,,1*41
$GLGSV,1,1,04,79,23,152,,68,44,049,39.8,84,37,287,,85,10,335,39.8,1*7A
$GAGSV,1,1,00,7*73
$GBGSV,3,1,12,09,01,184,,01,38,147,,10,32,215,,02,30,229,,1*74
$GBGSV,3,2,12,08,27,167,,04,27,125,,06,19,165,,07,17,190,39.9,1*66
$GBGSV,3,3,12,05,16,249,38.9,11,08,040,,13,06,040,39.5,03,45,191,38.6,1*61
$GNRMC,202115.000,A,3900.0030,N,11613.9813,E,0.03,329.80,280612,,,A,V*0D
$GNVTG,329.80,T,,M,0.03,N,0.06,K,A*26
$GNZDA,202115.000,28,06,2012,,*40
$GNGGA,202116.000,3900.0030,N,11613.9813,E,1,10,0.74,-14.4,M,-6.8,M,,*77
$PAIRACC,3.33,8.93*4A
$GNGLL,3900.0030,N,11613.9813,E,202116.000,A,A*4F
$GNGSA,A,3,24,18,02,16,,,,,,,,,1.38,0.74,1.16,1*04
$GNGSA,A,3,68,85,,,,,,,,,,,1.38,0.74,1.16,2*0E
$GNGSA,A,3,,,,,,,,,,,,,1.38,0.74,1.16,3*0C
$GNGSA,A,3,07,05,13,03,,,,,,,,,1.38,0.74,1.16,4*08
$GPGSV,3,1,12,08,01,053,,15,57,136,,24,73,022,39.7,26,54,098,,1*7D
$GPGSV,3,2,12,21,41,306,,10,36,051,,18,26,247,39.5,02,10,106,39.8,1*60
$GPGSV,3,3,12,27,09,080,,16,08,310,39.5,30,03,216,,29,67,218,,1*7B
$GLGSV,1,1,04,79,23,152,,68,44,049,39.8,84,37,287,,85,10,335,39.2,1*70
$GAGSV,1,1,00,7*73
$GBGSV,3,1,12,09,01,184,,01,38,147,,10,32,215,,02,30,229,,1*74
$GBGSV,3,2,12,08,27,167,,04,27,125,,06,19,165,,07,17,190,39.0,1*6F
$GBGSV,3,3,12,05,16,249,39.3,11,08,040,,13,06,040,39.2,03,45,191,38.8,1*63
$GNRMC,202116.000,A,3900.0030,N,11613.9813,E,0.03,328.04,280612,,,A,V*03
$GNVTG,328.04,T,,M,0.03,N,0.06,K,A*2B
$GNZDA,202116.000,28,06,2012,,*43
$GNGGA,202117.000,3900.0030,N,11613.9813,E,1,10,0.74,-14.4,M,-6.8,M,,*76
$PAIRACC,3.31,8.93*48
$GNGLL,3900.0030,N,11613.9813,E,202117.000,A,A*4E
$GNGSA,A,3,24,18,02,16,,,,,,,,,1.38,0.74,1.16,1*04
$GNGSA,A,3,68,85,,,,,,,,,,,1.38,0.74,1.16,2*0E
$GNGSA,A,3,,,,,,,,,,,,,1.38,0.74,1.16,3*0C
$GNGSA,A,3,07,05,13,03,,,,,,,,,1.38,0.74,1.16,4*08
$GPGSV,3,1,12,08,01,053,,15,57,136,,24,73,022,39.8,26,54,098,,1*72
$GPGSV,3,2,12,21,41,306,,10,36,051,,18,26,247,39.4,02,10,106,39.6,1*6F
$GPGSV,3,3,12,27,09,080,,16,08,310,40.0,30,03,216,,29,67,218,,1*70
$GLGSV,1,1,04,79,23,152,,68,44,049,39.4,84,37,287,,85,10,335,39.9,1*77
$GAGSV,1,1,00,7*73
$GBGSV,3,1,12,09,01,184,,01,38,147,,10,32,215,,02,30,229,,1*74
$GBGSV,3,2,12,08,27,167,,04,27,125,,06,19,165,,07,17,190,40.0,1*61
$GBGSV,3,3,12,05,16,249,39.3,11,08,040,,13,06,040,40.0,03,45,191,39.2,1*64
$GNRMC,202117.000,A,3900.0030,N,11613.9813,E,0.03,326.69,280612,,,A,V*07
$GNVTG,326.69,T,,M,0.03,N,0.06,K,A*2E
$GNZDA,202117.000,28,06,2012,,*42
$GNGGA,202118.000,3900.0030,N,11613.9813,E,1,10,0.74,-14.4,M,-6.8,M,,*79
$PAIRACC,3.33,8.93*4A
$GNGLL,3900.0030,N,11613.9813,E,202118.000,A,A*41
$GNGSA,A,3,24,18,02,16,,,,,,,,,1.38,0.74,1.16,1*04
$GNGSA,A,3,68,85,,,,,,,,,,,1.38,0.74,1.16,2*0E
$GNGSA,A,3,,,,,,,,,,,,,1.38,0.74,1.16,3*0C
$GNGSA,A,3,07,05,13,03,,,,,,,,,1.38,0.74,1.16,4*08
$GPGSV,3,1,12,08,01,053,,15,57,136,,24,73,022,39.5,26,54,098,,1*7F
$GPGSV,3,2,12,21,41,306,,10,36,051,,18,26,247,39.4,02,10,106,39.6,1*6F
$GPGSV,3,3,12,27,09,080,,16,08,310,39.8,30,03,216,,29,67,218,,1*76
$GLGSV,1,1,04,79,23,152,,68,44,049,39.3,84,37,287,,85,10,335,39.4,1*7D
$GAGSV,1,1,00,7*73
$GBGSV,3,1,12,09,01,184,,01,38,147,,10,32,215,,02,30,229,,1*74
$GBGSV,3,2,12,08,27,167,,04,27,125,,06,19,165,,07,17,190,38.6,1*68
$GBGSV,3,3,12,05,16,249,39.0,11,08,040,,13,06,040,39.8,03,45,191,38.6,1*64
$GNRMC,202118.000,A,3900.0030,N,11613.9813,E,0.03,325.10,280612,,,A,V*05
$GNVTG,325.10,T,,M,0.03,N,0.06,K,A*23
$GNZDA,202118.000,28,06,2012,,*4D
$GNGGA,202119.000,3900.0030,N,11613.9813,E,1,10,0.74,-14.4,M,-6.8,M,,*78
$PAIRACC,3.31,8.93*48
$GNGLL,3900.0030,N,11613.9813,E,202119.000,A,A*40
$GNGSA,A,3,24,18,02,16,,,,,,,,,1.38,0.74,1.16,1*04
$GNGSA,A,3,68,85,,,,,,,,,,,1.38,0.74,1.16,2*0E
$GNGSA,A,3,,,,,,,,,,,,,1.38,0.74,1.16,3*0C
$GNGSA,A,3,07,05,13,03,,,,,,,,,1.38,0.74,1.16,4*08
$GPGSV,3,1,12,08,01,053,,15,57,136,,24,73,022,39.6,26,54,098,,1*7C
$GPGSV,3,2,12,21,41,306,,10,36,051,,18,26,247,39.5,02,10,106,39.4,1*6C
$GPGSV,3,3,12,27,09,080,,16,08,310,40.2,30,03,216,,29,67,218,,1*72
$GLGSV,1,1,04,79,23,152,,68,44,049,39.7,84,37,287,,85,10,335,39.8,1*75
$GAGSV,1,1,00,7*73
$GBGSV,3,1,12,09,01,184,,01,38,147,,10,32,215,,02,30,229,,1*74
$GBGSV,3,2,12,08,27,167,,04,27,125,,06,19,165,,07,17,190,39.7,1*68
$GBGSV,3,3,12,05,16,249,39.0,11,08,040,,13,06,040,39.8,03,45,191,38.8,1*6A
$GNRMC,202119.000,A,3900.0030,N,11613.9813,E,0.03,331.05,280612,,,A,V*05
$GNVTG,331.05,T,,M,0.03,N,0.05,K,A*21
$GNZDA,202119.000,28,06,2012,,*4C
$GNGGA,202120.000,3900.0030,N,11613.9813,E,1,10,0.74,-14.4,M,-6.8,M,,*72
$PAIRACC,3.29,8.91*43
$GNGLL,3900.0030,N,11613.9813,E,202120.000,A,A*4A
$GNGSA,A,3,24,18,02,16,,,,,,,,,1.38,0.74,1.16,1*04
$GNGSA,A,3,68,85,,,,,,,,,,,1.38,0.74,1.16,2*0E
$GNGSA,A,3,,,,,,,,,,,,,1.38,0.74,1.16,3*0C
$GNGSA,A,3,07,05,13,03,,,,,,,,,1.38,0.74,1.16,4*08
$GPGSV,3,1,12,08,01,053,,15,57,136,,24,73,022,39.9,26,54,098,,1*73
$GPGSV,3,2,12,21,41,306,,10,36,051,,18,26,247,39.6,02,10,106,40.0,1*65
$GPGSV,3,3,12,27,09,080,,16,08,310,40.1,30,03,216,,29,67,218,,1*71
$GLGSV,1,1,04,79,23,152,,68,44,049,39.8,84,37,287,,85,10,335,39.3,1*71
$GAGSV,1,1,00,7*73
$GBGSV,3,1,12,09,01,184,,01,38,147,,10,32,215,,02,30,229,,1*74
$GBGSV,3,2,12,08,27,167,,04,27,125,,06,19,165,,07,17,190,39.8,1*67
$GBGSV,3,3,12,05,16,249,39.5,11,08,040,,13,06,040,39.5,03,45,191,39.4,1*6F
$GNRMC,202120.000,A,3900.0030,N,11613.9813,E,0.03,334.34,280612,,,A,V*08
$GNVTG,334.34,T,,M,0.03,N,0.05,K,A*26
$GNZDA,202120.000,28,06,2012,,*46
$GNGGA,202121.000,3900.0030,N,11613.9813,E,1,10,0.74,-14.4,M,-6.8,M,,*73
$PAIRACC,3.34,8.94*4A
$GNGLL,3900.0030,N,11613.9813,E,202121.000,A,A*4B
$GNGSA,A,3,24,18,02,16,,,,,,,,,1.38,0.74,1.16,1*04
$GNGSA,A,3,68,85,,,,,,,,,,,1.38,0.74,1.16,2*0E
$GNGSA,A,3,,,,,,,,,,,,,1.38,0.74,1.16,3*0C
$GNGSA,A,3,07,05,13,03,,,,,,,,,1.38,0.74,1.16,4*08
$GPGSV,3,1,12,08,01,053,,15,57,136,,24,73,022,39.8,26,54,098,,1*72
$GPGSV,3,2,12,21,41,306,,10,36,051,,18,26,247,39.5,02,10,106,39.3,1*6B
$GPGSV,3,3,12,27,09,080,,16,08,310,40.2,30,03,216,,29,67,218,,1*72
$GLGSV,1,1,04,79,23,152,,68,44,049,40.2,84,37,287,,85,10,335,39.7,1*71
$GAGSV,1,1,00,7*73
$GBGSV,3,1,12,09,01,184,,01,38,147,,10,32,215,,02,30,229,,1*74
$GBGSV,3,2,12,08,27,167,,04,27,125,,06,19,165,,07,17,190,39.7,1*68
$GBGSV,3,3,12,05,16,249,39.5,11,08,040,,13,06,040,39.5,03,45,191,39.2,1*69
$GNRMC,202121.000,A,3900.0030,N,11613.9813,E,0.02,328.65,280612,,,A,V*01
$GNVTG,328.65,T,,M,0.02,N,0.04,K,A*2F
$GNZDA,202121.000,28,06,2012,,*47
$GNGGA,202122.000,3900.0030,N,11613.9813,E,1,10,0.74,-14.4,M,-6.8,M,,*70
$PAIRACC,3.29,8.91*43
$GNGLL,3900.0030,N,11613.9813,E,202122.000,A,A*48
$GNGSA,A,3,24,18,02,16,,,,,,,,,1.38,0.74,1.16,1*04
$GNGSA,A,3,68,85,,,,,,,,,,,1.38,0.74,1.16,2*0E
$GNGSA,A,3,,,,,,,,,,,,,1.38,0.74,1.16,3*0C
$GNGSA,A,3,07,05,13,03,,,,,,,,,1.38,0.74,1.16,4*08
$GPGSV,3,1,12,08,01,053,,15,57,136,,24,73,022,40.0,26,54,098,,1*74
$GPGSV,3,2,12,21,41,306,,10,36,051,,18,26,247,39.6,02,10,106,39.9,1*62
$GPGSV,3,3,12,27,09,080,,16,08,310,39.9,30,03,216,,29,67,218,,1*77
$GLGSV,1,1,04,79,23,152,,68,44,049,39.9,84,37,287,,85,10,335,40.0,1*7D
$GAGSV,1,1,00,7*73
$GBGSV,3,1,12,09,01,184,,01,38,147,,10,32,215,,02,30,229,,1*74
$GBGSV,3,2,12,08,27,167,,04,27,125,,06,19,165,,07,17,190,40.2,1*63
$GBGSV,3,3,12,05,16,249,39.1,11,08,040,,13,06,040,39.0,03,45,191,38.7,1*6C
$GNRMC,202122.000,A,3900.0030,N,11613.9813,E,0.02,338.12,280612,,,A,V*03
$GNVTG,338.12,T,,M,0.02,N,0.04,K,A*2E
$GNZDA,202122.000,28,06,2012,,*44
$GNGGA,202123.000,3900.0030,N,11613.9813,E,1,10,0.74,-14.4,M,-6.8,M,,*71
$PAIRACC,3.37,9.43*42
$GNGLL,3900.0030,N,11613.9813,E,202123.000,A,A*49
$GNGSA,A,3,24,18,02,16,,,,,,,,,1.38,0.74,1.16,1*04
$GNGSA,A,3,68,85,,,,,,,,,,,1.38,0.74,1.16,2*0E
$GNGSA,A,3,,,,,,,,,,,,,1.38,0.74,1.16,3*0C
$GNGSA,A,3,07,05,13,03,,,,,,,,,1.38,0.74,1.16,4*08
$GPGSV,3,1,12,08,01,053,,15,57,136,,24,73,022,39.8,26,54,098,,1*72
$GPGSV,3,2,12,21,41,306,,10,36,051,,18,26,247,39.7,02,10,106,39.8,1*62
$GPGSV,3,3,12,27,09,080,,16,08,310,39.8,30,03,216,,29,67,218,,1*76
$GLGSV,1,1,04,79,23,152,,68,44,049,39.8,84,37,287,,85,10,335,39.9,1*7B
$GAGSV,1,1,00,7*73
$GBGSV,3,1,12,09,01,184,,01,38,147,,10,32,215,,02,30,229,,1*74
$GBGSV,3,2,12,08,27,167,,04,27,125,,06,19,165,,07,17,190,39.5,1*6A
$GBGSV,3,3,12,05,16,249,39.4,11,08,040,,13,06,040,39.1,03,45,191,39.5,1*6B
$GNRMC,202123.000,A,3900.0030,N,11613.9813,E,0.02,332.58,280612,,,A,V*06
$GNVTG,332.58,T,,M,0.02,N,0.03,K,A*2D
$GNZDA,202123.000,28,06,2012,,*45
$GNGGA,202124.000,3900.0030,N,11613.9813,E,1,10,0.74,-14.4,M,-6.8,M,,*76
$PAIRACC,3.28,8.87*45
$GNGLL,3900.0030,N,11613.9813,E,202124.000,A,A*4E
$GNGSA,A,3,24,18,02,16,,,,,,,,,1.38,0.74,1.16,1*04
$GNGSA,A,3,68,85,,,,,,,,,,,1.38,0.74,1.16,2*0E
$GNGSA,A,3,,,,,,,,,,,,,1.38,0.74,1.16,3*0C
$GNGSA,A,3,07,05,13,03,,,,,,,,,1.38,0.74,1.16,4*08
$GPGSV,3,1,12,08,01,053,,15,57,136,,24,73,022,39.9,26,54,098,,1*73
$GPGSV,3,2,12,21,41,306,,10,36,051,,18,26,247,39.6,02,10,106,39.8,1*63
$GPGSV,3,3,12,27,09,080,,16,08,310,39.9,30,03,216,,29,67,218,,1*77
$GLGSV,1,1,04,79,23,152,,68,44,049,39.9,84,37,287,,85,10,335,39.5,1*76
$GAGSV,1,1,00,7*73
$GBGSV,3,1,12,09,01,184,,01,38,147,,10,32,215,,02,30,229,,1*74
$GBGSV,3,2,12,08,27,167,,04,27,125,,06,19,165,,07,17,190,39.6,1*69
$GBGSV,3,3,12,05,16,249,39.3,11,08,040,,13,06,040,39.5,03,45,191,38.8,1*64
$GNRMC,202124.000,A,3900.0030,N,11613.9813,E,0.01,346.96,280612,,,A,V*03
$GNVTG,346.96,T,,M,0.01,N,0.03,K,A*2F
$GNZDA,202124.000,28,06,2012,,*42
$GNGGA,202125.000,3900.0030,N,11613.9813,E,1,10,0.74,-14.4,M,-6.8,M,,*77
$PAIRACC,3.46,9.54*42
$GNGLL,3900.0030,N,11613.9813,E,202125.000,A,A*4F
$GNGSA,A,3,24,18,02,16,,,,,,,,,1.38,0.74,1.16,1*04
$GNGSA,A,3,68,85,,,,,,,,,,,1.38,0.74,1.16,2*0E
$GNGSA,A,3,,,,,,,,,,,,,1.38,0.74,1.16,3*0C
$GNGSA,A,3,07,05,13,03,,,,,,,,,1.38,0.74,1.16,4*08
$GPGSV,3,1,11,08,01,053,,15,57,136,,24,73,022,40.0,26,54,098,,1*77
$GPGSV,3,2,11,21,41,306,,10,36,051,,18,26,247,39.9,02,10,106,40.0,1*69
$GPGSV,3,3,11,16,08,310,39.8,30,03,216,,29,67,218,,1*41
$GLGSV,1,1,04,79,23,152,,68,44,049,40.1,84,37,287,,85,10,335,39.5,1*70
$GAGSV,1,1,00,7*73
$GBGSV,3,1,12,09,01,184,,01,38,147,,10,32,215,,02,30,229,,1*74
$GBGSV,3,2,12,08,27,167,,04,27,125,,06,19,165,,07,17,190,39.9,1*66
$GBGSV,3,3,12,05,16,249,39.3,11,08,040,,13,06,040,40.2,03,45,191,38.8,1*6D
$GNRMC,202125.000,A,3900.0030,N,11613.9813,E,0.01,347.85,280612,,,A,V*01
$GNVTG,347.85,T,,M,0.01,N,0.02,K,A*2D
$GNZDA,202125.000,28,06,2012,,*43
$GNGGA,202126.000,3900.0030,N,11613.9813,E,1,10,0.74,-14.4,M,-6.8,M,,*74
$PAIRACC,3.28,8.88*4A
$GNGLL,3900.0030,N,11613.9813,E,202126.000,A,A*4C
$GNGSA,A,3,24,18,02,16,,,,,,,,,1.38,0.74,1.16,1*04
$GNGSA,A,3,68,85,,,,,,,,,,,1.38,0.74,1.16,2*0E
$GNGSA,A,3,,,,,,,,,,,,,1.38,0.74,1.16,3*0C
$GNGSA,A,3,07,05,13,03,,,,,,,,,1.38,0.74,1.16,4*08
$GPGSV,3,1,12,08,01,053,,15,57,136,,24,73,022,39.9,26,54,098,,1*73
$GPGSV,3,2,12,21,41,306,,10,36,051,,18,26,247,39.7,02,10,106,39.2,1*68
$GPGSV,3,3,12,27,09,080,,16,08,310,39.7,30,03,216,,29,67,218,,1*79
$GLGSV,1,1,04,79,23,152,,68,44,049,40.1,84,37,287,,85,10,335,39.4,1*71
$GAGSV,1,1,00,7*73
$GBGSV,3,1,12,09,01,184,,01,38,147,,10,32,215,,02,30,229,,1*74
$GBGSV,3,2,12,08,27,167,,04,27,125,,06,19,165,,07,17,190,40.0,1*61
$GBGSV,3,3,12,05,16,249,39.7,11,08,040,,13,06,040,39.7,03,45,191,39.2,1*69
$GNRMC,202126.000,A,3900.0030,N,11613.9813,E,0.01,325.03,280612,,,A,V*08
$GNVTG,325.03,T,,M,0.01,N,0.01,K,A*24
$GNZDA,202126.000,28,06,2012,,*40
$GNGGA,202127.000,3900.0030,N,11613.9813,E,1,10,0.74,-14.4,M,-6.8,M,,*75
$PAIRACC,3.35,8.98*47
$GNGLL,3900.0030,N,11613.9813,E,202127.000,A,A*4D
$GNGSA,A,3,24,18,02,16,,,,,,,,,1.38,0.74,1.16,1*04
$GNGSA,A,3,68,85,,,,,,,,,,,1.38,0.74,1.16,2*0E
$GNGSA,A,3,,,,,,,,,,,,,1.38,0.74,1.16,3*0C
$GNGSA,A,3,07,05,13,03,,,,,,,,,1.38,0.74,1.16,4*08
$GPGSV,3,1,12,08,01,053,,15,57,136,,24,73,022,39.4,26,54,098,,1*7E
$GPGSV,3,2,12,21,41,306,,10,36,051,,18,26,247,39.7,02,10,106,39.5,1*6F
$GPGSV,3,3,12,27,09,080,,16,08,310,39.8,30,03,216,,29,67,218,,1*76
$GLGSV,1,1,04,79,23,152,,68,44,049,40.0,84,37,287,,85,10,335,39.6,1*72
$GAGSV,1,1,00,7*73
$GBGSV,3,1,12,09,01,184,,01,38,147,,10,32,215,,02,30,229,,1*74
$GBGSV,3,2,12,08,27,167,,04,27,125,,06,19,165,,07,17,190,39.7,1*68
$GBGSV,3,3,12,05,16,249,39.2,11,08,040,,13,06,040,39.7,03,45,191,38.5,1*6A
$GNRMC,202127.000,A,3900.0030,N,11613.9813,E,0.01,323.03,280612,,,A,V*0F
$GNVTG,323.03,T,,M,0.01,N,0.01,K,A*22
$GNZDA,202127.000,28,06,2012,,*41
$GNGGA,202128.000,3900.0030,N,11613.9813,E,1,10,0.74,-14.4,M,-6.8,M,,*7A
$PAIRACC,3.28,8.88*4A
$GNGLL,3900.0030,N,11613.9813,E,202128.000,A,A*42
$GNGSA,A,3,24,18,02,16,,,,,,,,,1.38,0.74,1.16,1*04
$GNGSA,A,3,68,85,,,,,,,,,,,1.38,0.74,1.16,2*0E
$GNGSA,A,3,,,,,,,,,,,,,1.38,0.74,1.16,3*0C
$GNGSA,A,3,07,05,13,03,,,,,,,,,1.38,0.74,1.16,4*08
$GPGSV,3,1,12,08,01,053,,15,57,136,,24,73,022,40.0,26,54,098,,1*74
$GPGSV,3,2,12,21,41,306,,10,36,051,,18,26,247,39.4,02,10,106,39.8,1*61
$GPGSV,3,3,12,27,09,080,,16,08,310,39.9,30,03,216,,29,67,218,,1*77
$GLGSV,1,1,04,79,23,152,,68,44,049,40.0,84,37,287,,85,10,335,39.6,1*72
$GAGSV,1,1,00,7*73
$GBGSV,3,1,12,09,01,184,,01,38,147,,10,32,215,,02,30,229,,1*74
$GBGSV,3,2,12,08,27,167,,04,27,125,,06,19,165,,07,17,190,40.0,1*61
$GBGSV,3,3,12,05,16,249,39.2,11,08,040,,13,06,040,39.7,03,45,191,38.3,1*6C
$GNRMC,202128.000,A,3900.0030,N,11613.9813,E,0.01,326.82,280612,,,A,V*0C
$GNVTG,326.82,T,,M,0.01,N,0.01,K,A*2E
$GNZDA,202128.000,28,06,2012,,*4E
$GNGGA,202129.000,3900.0030,N,11613.9814,E,1,10,0.74,-14.4,M,-6.8,M,,*7C
$PAIRACC,3.35,8.98*47
$GNGLL,3900.0030,N,11613.9814,E,202129.000,A,A*44
$GNGSA,A,3,24,18,02,16,,,,,,,,,1.38,0.74,1.16,1*04
$GNGSA,A,3,68,85,,,,,,,,,,,1.38,0.74,1.16,2*0E
$GNGSA,A,3,,,,,,,,,,,,,1.38,0.74,1.16,3*0C
$GNGSA,A,3,07,05,13,03,,,,,,,,,1.38,0.74,1.16,4*08
$GPGSV,3,1,12,08,01,053,,15,57,136,,24,73,022,40.1,26,54,098,,1*75
$GPGSV,3,2,12,21,41,306,,10,36,051,,18,26,247,39.3,02,10,106,39.6,1*68
$GPGSV,3,3,12,27,09,080,,16,08,310,39.7,30,03,216,,29,67,218,,1*79
$GLGSV,1,1,04,79,23,152,,68,44,049,39.6,84,37,287,,85,10,335,39.4,1*78
$GAGSV,1,1,00,7*73
$GBGSV,3,1,12,09,01,184,,01,38,147,,10,32,215,,02,30,229,,1*74
$GBGSV,3,2,12,08,27,167,,04,27,125,,06,19,165,,07,17,190,39.2,1*6D
$GBGSV,3,3,12,05,16,249,39.2,11,08,040,,13,06,040,39.5,03,45,191,38.9,1*64
$GNRMC,202129.000,A,3900.0030,N,11613.9814,E,0.01,338.27,280612,,,A,V*0A
$GNVTG,338.27,T,,M,0.01,N,0.01,K,A*2E
$GNZDA,202129.000,28,06,2012,,*4F
$GNGGA,202130.000,3900.0030,N,11613.9814,E,1,10,0.74,-14.4,M,-6.8,M,,*74
$PAIRACC,3.30,9.36*47
$GNGLL,3900.0030,N,11613.9814,E,202130.000,A,A*4C
$GNGSA,A,3,24,18,02,16,,,,,,,,,1.38,0.74,1.16,1*04
$GNGSA,A,3,68,85,,,,,,,,,,,1.38,0.74,1.16,2*0E
$GNGSA,A,3,,,,,,,,,,,,,1.38,0.74,1.16,3*0C
$GNGSA,A,3,07,05,13,03,,,,,,,,,1.38,0.74,1.16,4*08
$GPGSV,3,1,12,08,01,053,,15,57,136,,24,73,022,40.1,26,54,098,,1*75
$GPGSV,3,2,12,21,41,306,,10,36,051,,18,26,247,39.6,02,10,106,39.6,1*6D
$GPGSV,3,3,12,27,09,080,,16,08,310,40.1,30,03,216,,29,67,218,,1*71
$GLGSV,1,1,04,79,23,152,,68,44,049,40.2,84,37,287,,85,10,335,39.8,1*7E
$GAGSV,1,1,00,7*73
$GBGSV,3,1,12,09,01,184,,01,38,147,,10,32,215,,02,30,229,,1*74
$GBGSV,3,2,12,08,27,167,,04,27,125,,06,19,165,,07,17,190,40.2,1*63
$GBGSV,3,3,12,05,16,249,39.2,11,08,040,,13,06,040,39.2,03,45,191,38.8,1*62
$GNRMC,202130.000,A,3900.0030,N,11613.9814,E,0.01,322.39,280612,,,A,V*06
$GNVTG,322.39,T,,M,0.01,N,0.01,K,A*2A
$GNZDA,202130.000,28,06,2012,,*47
$GNGGA,202131.000,3900.0030,N,11613.9814,E,1,10,0.74,-14.4,M,-6.8,M,,*75
$PAIRACC,3.35,8.98*47
$GNGLL,3900.0030,N,11613.9814,E,202131.000,A,A*4D
$GNGSA,A,3,24,18,02,16,,,,,,,,,1.38,0.74,1.16,1*04
$GNGSA,A,3,68,85,,,,,,,,,,,1.38,0.74,1.16,2*0E
$GNGSA,A,3,,,,,,,,,,,,,1.38,0.74,1.16,3*0C
$GNGSA,A,3,07,05,13,03,,,,,,,,,1.38,0.74,1.16,4*08
$GPGSV,3,1,12,08,01,053,,15,57,136,,24,73,022,40.0,26,54,098,,1*74
$GPGSV,3,2,12,21,41,306,,10,36,051,,18,26,247,39.5,02,10,106,39.9,1*61
$GPGSV,3,3,12,27,09,080,,16,08,310,39.9,30,03,216,,29,67,218,,1*77
$GLGSV,1,1,04,79,23,152,,68,44,049,39.6,84,37,287,,85,10,335,39.8,1*74
$GAGSV,1,1,00,7*73
$GBGSV,3,1,12,09,01,184,,01,38,147,,10,32,215,,02,30,229,,1*74
$GBGSV,3,2,12,08,27,167,,04,27,125,,06,19,165,,07,17,190,39.3,1*6C
$GBGSV,3,3,12,05,16,249,39.0,11,08,040,,13,06,040,39.0,03,45,191,38.8,1*62
$GNRMC,202131.000,A,3900.0030,N,11613.9814,E,0.01,316.10,280612,,,A,V*0B
$GNVTG,316.10,T,,M,0.01,N,0.01,K,A*26
$GNZDA,202131.000,28,06,2012,,*46
$GNGGA,202132.000,3900.0030,N,11613.9814,E,1,10,0.74,-14.4,M,-6.8,M,,*76
$PAIRACC,3.28,8.88*4A
$GNGLL,3900.0030,N,11613.9814,E,202132.000,A,A*4E
$GNGSA,A,3,24,18,02,16,,,,,,,,,1.38,0.74,1.16,1*04
$GNGSA,A,3,68,85,,,,,,,,,,,1.38,0.74,1.16,2*0E
$GNGSA,A,3,,,,,,,,,,,,,1.38,0.74,1.16,3*0C
$GNGSA,A,3,07,05,13,03,,,,,,,,,1.38,0.74,1.16,4*08
$GPGSV,3,1,12,08,01,053,,15,57,136,,24,73,022,40.0,26,54,098,,1*74
$GPGSV,3,2,12,21,41,306,,10,36,051,,18,26,247,39.5,02,10,106,39.9,1*61
$GPGSV,3,3,12,27,09,080,,16,08,310,39.7,30,03,216,,29,67,218,,1*79
$GLGSV,1,1,04,79,23,152,,68,44,049,40.0,84,37,287,,85,10,335,39.7,1*73
$GAGSV,1,1,00,7*73
$GBGSV,3,1,12,09,01,184,,01,38,147,,10,32,215,,02,30,229,,1*74
$GBGSV,3,2,12,08,27,167,,04,27,125,,06,19,165,,07,17,190,39.7,1*68
$GBGSV,3,3,12,05,16,249,39.6,11,08,040,,13,06,040,39.9,03,45,191,39.4,1*60
$GNRMC,202132.000,A,3900.0030,N,11613.9814,E,0.01,320.27,280612,,,A,V*09
$GNVTG,320.27,T,,M,0.01,N,0.01,K,A*27
$GNZDA,202132.000,28,06,2012,,*45
$GNGGA,202133.000,3900.0030,N,11613.9814,E,1,10,0.74,-14.4,M,-6.8,M,,*77
$PAIRACC,3.35,8.98*47
$GNGLL,3900.0030,N,11613.9814,E,202133.000,A,A*4F
$GNGSA,A,3,24,18,02,16,,,,,,,,,1.38,0.74,1.16,1*04
$GNGSA,A,3,68,85,,,,,,,,,,,1.38,0.74,1.16,2*0E
$GNGSA,A,3,,,,,,,,,,,,,1.38,0.74,1.16,3*0C
$GNGSA,A,3,07,05,13,03,,,,,,,,,1.38,0.74,1.16,4*08
$GPGSV,3,1,12,08,01,053,,15,57,136,,24,73,022,39.7,26,54,098,,1*7D
$GPGSV,3,2,12,21,41,306,,10,36,051,,18,26,247,39.5,02,10,106,39.8,1*60
$GPGSV,3,3,12,27,09,080,,16,08,310,40.0,30,03,216,,29,67,218,,1*70
$GLGSV,1,1,04,79,23,152,,68,44,049,39.8,84,37,287,,85,10,335,39.3,1*71
$GAGSV,1,1,00,7*73
$GBGSV,3,1,12,09,01,184,,01,38,147,,10,32,215,,02,30,229,,1*74
$GBGSV,3,2,12,08,27,167,,04,27,125,,06,19,165,,07,17,190,38.7,1*69
$GBGSV,3,3,12,05,16,249,39.1,11,08,040,,13,06,040,39.5,03,45,191,38.7,1*69
$GNRMC,202133.000,A,3900.0030,N,11613.9814,E,0.01,320.24,280612,,,A,V*0B
$GNVTG,320.24,T,,M,0.01,N,0.01,K,A*24
$GNZDA,202133.000,28,06,2012,,*44
$GNGGA,202134.000,3900.0030,N,11613.9814,E,1,10,0.74,-14.4,M,-6.8,M,,*70
$PAIRACC,3.28,8.88*4A
$GNGLL,3900.0030,N,11613.9814,E,202134.000,A,A*48
$GNGSA,A,3,24,18,02,16,,,,,,,,,1.38,0.74,1.16,1*04
$GNGSA,A,3,68,85,,,,,,,,,,,1.38,0.74,1.16,2*0E
$GNGSA,A,3,,,,,,,,,,,,,1.38,0.74,1.16,3*0C
$GNGSA,A,3,07,05,13,03,,,,,,,,,1.38,0.74,1.16,4*08
$GPGSV,3,1,12,08,01,053,,15,57,136,,24,73,022,39.5,26,54,098,,1*7F
$GPGSV,3,2,12,21,41,306,,10,36,051,,18,26,247,39.4,02,10,106,39.0,1*69
$GPGSV,3,3,12,27,09,080,,16,08,310,39.5,30,03,216,,29,67,218,,1*7B
$GLGSV,1,1,04,79,23,152,,68,44,049,39.7,84,37,287,,85,10,335,40.1,1*72
$GAGSV,1,1,00,7*73
$GBGSV,3,1,12,09,01,184,,01,38,147,,10,32,215,,02,30,229,,1*74
$GBGSV,3,2,12,08,27,167,,04,27,125,,06,19,165,,07,17,190,40.1,1*60
$GBGSV,3,3,12,05,16,249,39.2,11,08,040,,13,06,040,39.8,03,45,191,38.4,1*64
$GNRMC,202134.000,A,3900.0030,N,11613.9814,E,0.01,326.84,280612,,,A,V*00
$GNVTG,326.84,T,,M,0.01,N,0.01,K,A*28
$GNZDA,202134.000,28,06,2012,,*43
$GNGGA,202135.000,3900.0030,N,11613.9814,E,1,10,0.74,-14.4,M,-6.8,M,,*71
$PAIRACC,3.33,8.93*4A
$GNGLL,3900.0030,N,11613.9814,E,202135.000,A,A*49
$GNGSA,A,3,24,18,02,16,,,,,,,,,1.38,0.74,1.16,1*04
$GNGSA,A,3,68,85,,,,,,,,,,,1.38,0.74,1.16,2*0E
$GNGSA,A,3,,,,,,,,,,,,,1.38,0.74,1.16,3*0C
$GNGSA,A,3,07,05,13,03,,,,,,,,,1.38,0.74,1.16,4*08
$GPGSV,3,1,12,08,01,053,,15,57,136,,24,73,022,40.1,26,54,098,,1*75
$GPGSV,3,2,12,21,41,306,,10,36,051,,18,26,247,39.2,02,10,106,39.3,1*6C
$GPGSV,3,3,12,27,09,080,,16,08,310,39.3,30,03,216,,29,67,218,,1*7D
$GLGSV,1,1,04,79,23,152,,68,44,049,39.9,84,37,287,,85,10,335,39.6,1*75
$GAGSV,1,1,00,7*73
$GBGSV,3,1,12,09,01,184,,01,38,147,,10,32,215,,02,30,229,,1*74
$GBGSV,3,2,12,08,27,167,,04,27,125,,06,19,165,,07,17,190,39.3,1*6C
$GBGSV,3,3,12,05,16,249,39.3,11,08,040,,13,06,040,39.6,03,45,191,39.7,1*69
$GNRMC,202135.000,A,3900.0030,N,11613.9814,E,0.01,329.58,280612,,,A,V*0F
$GNVTG,329.58,T,,M,0.01,N,0.01,K,A*26
$GNZDA,202135.000,28,06,2012,,*42
$GNGGA,202136.000,3900.0030,N,11613.9814,E,1,10,0.74,-14.4,M,-6.8,M,,*72
$PAIRACC,3.33,9.41*44
$GNGLL,3900.0030,N,11613.9814,E,202136.000,A,A*4A
$GNGSA,A,3,24,18,02,16,,,,,,,,,1.38,0.74,1.16,1*04
$GNGSA,A,3,68,85,,,,,,,,,,,1.38,0.74,1.16,2*0E
$GNGSA,A,3,,,,,,,,,,,,,1.38,0.74,1.16,3*0C
$GNGSA,A,3,07,05,13,03,,,,,,,,,1.38,0.74,1.16,4*08
$GPGSV,3,1,12,08,01,053,,15,57,136,,24,73,022,39.3,26,54,098,,1*79
$GPGSV,3,2,12,21,41,306,,10,36,051,,18,26,247,39.6,02,10,106,39.5,1*6E
$GPGSV,3,3,12,27,09,080,,16,08,310,39.9,30,03,216,,29,67,218,,1*77
$GLGSV,1,1,04,79,23,152,,68,44,049,40.2,84,37,287,,85,10,335,39.5,1*73
$GAGSV,1,1,00,7*73
$GBGSV,3,1,12,09,01,184,,01,38,147,,10,32,215,,02,30,229,,1*74
$GBGSV,3,2,12,08,27,167,,04,27,125,,06,19,165,,07,17,190,40.0,1*61
$GBGSV,3,3,12,05,16,249,39.0,11,08,040,,13,06,040,39.9,03,45,191,38.3,1*60
$GNRMC,202136.000,A,3900.0030,N,11613.9814,E,0.01,336.69,280612,,,A,V*00
$GNVTG,336.69,T,,M,0.01,N,0.01,K,A*2A
$GNZDA,202136.000,28,06,2012,,*41
$GNGGA,202137.000,3900.0030,N,11613.9814,E,1,10,0.74,-14.4,M,-6.8,M,,*73
$PAIRACC,3.33,8.93*4A
$GNGLL,3900.0030,N,11613.9814,E,202137.000,A,A*4B
$GNGSA,A,3,24,18,02,16,,,,,,,,,1.38,0.74,1.16,1*04
$GNGSA,A,3,68,85,,,,,,,,,,,1.38,0.74,1.16,2*0E
$GNGSA,A,3,,,,,,,,,,,,,1.38,0.74,1.16,3*0C
$GNGSA,A,3,07,05,13,03,,,,,,,,,1.38,0.74,1.16,4*08
$GPGSV,3,1,12,08,01,053,,15,57,136,,24,73,022,39.9,26,54,098,,1*73
$GPGSV,3,2,12,21,41,306,,10,36,051,,18,26,247,39.2,02,10,106,39.5,1*6A
$GPGSV,3,3,12,27,09,080,,16,08,310,39.7,30,03,216,,29,67,218,,1*79
$GLGSV,1,1,04,79,23,152,,68,44,049,39.9,84,37,287,,85,10,335,39.6,1*75
$GAGSV,1,1,00,7*73
$GBGSV,3,1,12,09,01,184,,01,38,147,,10,32,215,,02,30,229,,1*74
$GBGSV,3,2,12,08,27,167,,04,27,125,,06,19,165,,07,17,190,39.1,1*6E
$GBGSV,3,3,12,05,16,249,39.3,11,08,040,,13,06,040,39.6,03,45,191,38.6,1*69
$GNRMC,202137.000,A,3900.0030,N,11613.9814,E,0.01,326.93,280612,,,A,V*05
$GNVTG,326.93,T,,M,0.01,N,0.01,K,A*2E
$GNZDA,202137.000,28,06,2012,,*40
$GNGGA,202138.000,3900.0030,N,11613.9814,E,1,10,0.74,-14.4,M,-6.8,M,,*7C
$PAIRACC,3.31,8.93*48
$GNGLL,3900.0030,N,11613.9814,E,202138.000,A,A*44
$GNGSA,A,3,24,18,02,16,,,,,,,,,1.38,0.74,1.16,1*04
$GNGSA,A,3,68,85,,,,,,,,,,,1.38,0.74,1.16,2*0E
$GNGSA,A,3,,,,,,,,,,,,,1.38,0.74,1.16,3*0C
$GNGSA,A,3,07,05,13,03,,,,,,,,,1.38,0.74,1.16,4*08
$GPGSV,3,1,12,08,01,053,,15,57,136,,24,73,022,39.9,26,54,098,,1*73
$GPGSV,3,2,12,21,41,306,,10,36,051,,18,26,247,39.7,02,10,106,39.5,1*6F
$GPGSV,3,3,12,27,09,080,,16,08,310,39.8,30,03,216,,29,67,218,,1*76
$GLGSV,1,1,04,79,23,152,,68,44,049,40.2,84,37,287,,85,10,335,39.7,1*71
$GAGSV,1,1,00,7*73
$GBGSV,3,1,12,09,01,184,,01,38,147,,10,32,215,,02,30,229,,1*74
$GBGSV,3,2,12,08,27,167,,04,27,125,,06,19,165,,07,17,190,39.9,1*66
$GBGSV,3,3,12,05,16,249,39.4,11,08,040,,13,06,040,39.5,03,45,191,39.0,1*6A
$GNRMC,202138.000,A,3900.0030,N,11613.9814,E,0.01,329.21,280612,,,A,V*0C
$GNVTG,329.21,T,,M,0.01,N,0.01,K,A*28
$GNZDA,202138.000,28,06,2012,,*4F
$GNGGA,202139.000,3900.0030,N,11613.9814,E,1,10,0.74,-14.4,M,-6.8,M,,*7D
$PAIRACC,3.33,8.92*4B
$GNGLL,3900.0030,N,11613.9814,E,202139.000,A,A*45
$GNGSA,A,3,24,18,02,16,,,,,,,,,1.38,0.74,1.16,1*04
$GNGSA,A,3,68,85,,,,,,,,,,,1.38,0.74,1.16,2*0E
$GNGSA,A,3,,,,,,,,,,,,,1.38,0.74,1.16,3*0C
$GNGSA,A,3,07,05,13,03,,,,,,,,,1.38,0.74,1.16,4*08
$GPGSV,3,1,12,08,01,053,,15,57,136,,24,73,022,39.8,26,54,098,,1*72
$GPGSV,3,2,12,21,41,306,,10,36,051,,18,26,247,39.2,02,10,106,39.6,1*69
$GPGSV,3,3,12,27,09,080,,16,08,310,39.5,30,03,216,,29,67,218,,1*7B
$GLGSV,1,1,04,79,23,152,,68,44,049,40.3,84,37,287,,85,10,335,39.6,1*71
$GAGSV,1,1,00,7*73
$GBGSV,3,1,12,09,01,184,,01,38,147,,10,32,215,,02,30,229,,1*74
$GBGSV,3,2,12,08,27,167,,04,27,125,,06,19,165,,07,17,190,39.0,1*6F
$GBGSV,3,3,12,05,16,249,39.0,11,08,040,,13,06,040,39.8,03,45,191,38.5,1*67
$GNRMC,202139.000,A,3900.0030,N,11613.9814,E,0.01,329.92,280612,,,A,V*05
$GNVTG,329.92,T,,M,0.01,N,0.01,K,A*20
$GNZDA,202139.000,28,06,2012,,*4E
$GNGGA,202140.000,3900.0030,N,11613.9814,E,1,10,0.74,-14.4,M,-6.8,M,,*73
$PAIRACC,3.33,9.41*44
$GNGLL,3900.0030,N,11613.9814,E,202140.000,A,A*4B
$GNGSA,A,3,24,18,02,16,,,,,,,,,1.38,0.74,1.16,1*04
$GNGSA,A,3,68,85,,,,,,,,,,,1.38,0.74,1.16,2*0E
$GNGSA,A,3,,,,,,,,,,,,,1.38,0.74,1.16,3*0C
$GNGSA,A,3,07,05,13,03,,,,,,,,,1.38,0.74,1.16,4*08
$GPGSV,3,1,11,08,01,053,,26,54,098,,24,73,022,39.7,21,41,306,,1*7F
$GPGSV,3,2,11,10,36,051,,18,26,247,39.6,02,10,106,39.9,27,09,080,,1*66
$GPGSV,3,3,11,16,08,310,39.3,30,03,216,,15,57,136,,1*49
$GLGSV,1,1,04,79,23,152,,68,44,049,40.2,84,37,287,,85,10,335,39.3,1*75
$GAGSV,1,1,00,7*73
$GBGSV,3,1,12,09,01,184,,01,38,147,,10,32,215,,02,30,229,,1*74
$GBGSV,3,2,12,08,27,167,,04,27,125,,06,19,165,,07,17,190,39.7,1*68
$GBGSV,3,3,12,05,16,249,39.0,11,08,040,,13,06,040,39.3,03,45,191,38.7,1*6E
$GNRMC,202140.000,A,3900.0030,N,11613.9814,E,0.01,318.38,280612,,,A,V*09
$GNVTG,318.38,T,,M,0.01,N,0.01,K,A*22
$GNZDA,202140.000,28,06,2012,,*40
$GNGGA,202141.000,3900.0030,N,11613.9814,E,1,10,0.74,-14.4,M,-6.8,M,,*72
$PAIRACC,3.33,8.93*4A
$GNGLL,3900.0030,N,11613.9814,E,202141.000,A,A*4A
$GNGSA,A,3,24,18,02,16,,,,,,,,,1.38,0.74,1.16,1*04
$GNGSA,A,3,68,85,,,,,,,,,,,1.38,0.74,1.16,2*0E
$GNGSA,A,3,,,,,,,,,,,,,1.38,0.74,1.16,3*0C
$GNGSA,A,3,07,05,13,03,,,,,,,,,1.38,0.74,1.16,4*08
$GPGSV,3,1,12,08,01,053,,24,73,022,40.0,15,57,136,,26,54,098,,1*74
$GPGSV,3,2,12,21,41,306,,10,36,051,,18,26,247,39.5,02,10,106,39.8,1*60
$GPGSV,3,3,12,27,09,080,,16,08,310,39.4,30,03,216,,29,67,218,,1*7A
$GLGSV,1,1,04,84,37,287,,68,44,049,40.0,79,23,152,,85,10,335,39.5,1*71
$GAGSV,1,1,00,7*73
$GBGSV,3,1,11,09,01,184,,01,38,147,,02,30,229,,04,27,125,,1*76
$GBGSV,3,2,11,08,27,167,,06,19,165,,07,17,190,38.7,05,16,249,39.2,1*76
$GBGSV,3,3,11,11,08,040,,13,06,040,39.6,03,45,191,39.3,1*44
$GNRMC,202141.000,A,3900.0030,N,11613.9814,E,0.01,327.87,280612,,,A,V*00
$GNVTG,327.87,T,,M,0.01,N,0.01,K,A*2A
$GNZDA,202141.000,28,06,2012,,*41
$GNGGA,202142.000,3900.0030,N,11613.9814,E,1,10,0.74,-14.4,M,-6.8,M,,*71
$PAIRACC,3.33,9.41*44
$GNGLL,3900.0030,N,11613.9814,E,202142.000,A,A*49
$GNGSA,A,3,24,18,02,16,,,,,,,,,1.38,0.74,1.16,1*04
$GNGSA,A,3,68,85,,,,,,,,,,,1.38,0.74,1.16,2*0E
$GNGSA,A,3,,,,,,,,,,,,,1.38,0.74,1.16,3*0C
$GNGSA,A,3,07,05,13,03,,,,,,,,,1.38,0.74,1.16,4*08
$GPGSV,3,1,12,08,01,053,,15,57,136,,24,73,022,40.2,26,54,098,,1*76
$GPGSV,3,2,12,21,41,306,,10,36,051,,18,26,247,39.5,02,10,106,39.7,1*6F
$GPGSV,3,3,12,27,09,080,,16,08,310,39.8,30,03,216,,29,67,218,,1*76
$GLGSV,1,1,04,79,23,152,,68,44,049,39.9,84,37,287,,85,10,335,39.7,1*74
$GAGSV,1,1,00,7*73
$GBGSV,3,1,12,09,01,184,,01,38,147,,10,32,215,,02,30,229,,1*74
$GBGSV,3,2,12,08,27,167,,04,27,125,,06,19,165,,07,17,190,39.7,1*68
$GBGSV,3,3,12,05,16,249,39.0,11,08,040,,13,06,040,39.3,03,45,191,38.2,1*6B
$GNRMC,202142.000,A,3900.0030,N,11613.9814,E,0.01,339.17,280612,,,A,V*05
$GNVTG,339.17,T,,M,0.01,N,0.01,K,A*2C
$GNZDA,202142.000,28,06,2012,,*42
$GNGGA,202143.000,3900.0030,N,11613.9814,E,1,10,0.74,-14.4,M,-6.8,M,,*70
$PAIRACC,3.41,9.00*44
$GNGLL,3900.0030,N,11613.9814,E,202143.000,A,A*48
$GNGSA,A,3,24,18,02,16,,,,,,,,,1.38,0.74,1.16,1*04
$GNGSA,A,3,68,85,,,,,,,,,,,1.38,0.74,1.16,2*0E
$GNGSA,A,3,,,,,,,,,,,,,1.38,0.74,1.16,3*0C
$GNGSA,A,3,07,05,13,03,,,,,,,,,1.38,0.74,1.16,4*08
$GPGSV,3,1,12,08,01,053,,15,57,136,,24,73,022,39.5,26,54,098,,1*7F
$GPGSV,3,2,12,21,41,306,,10,36,051,,18,26,247,39.6,02,10,106,40.0,1*65
$GPGSV,3,3,12,27,09,080,,16,08,310,39.9,30,03,216,,29,67,218,,1*77
$GLGSV,1,1,04,79,23,152,,68,44,049,40.0,84,37,287,,85,10,335,39.1,1*75
$GAGSV,1,1,00,7*73
$GBGSV,3,1,12,09,01,184,,01,38,147,,10,32,215,,02,30,229,,1*74
$GBGSV,3,2,12,08,27,167,,04,27,125,,06,19,165,,07,17,190,39.1,1*6E
$GBGSV,3,3,12,05,16,249,38.8,11,08,040,,13,06,040,39.5,03,45,191,38.8,1*6E
$GNRMC,202143.000,A,3900.0030,N,11613.9814,E,0.01,327.79,280612,,,A,V*03
$GNVTG,327.79,T,,M,0.01,N,0.01,K,A*2B
$GNZDA,202143.000,28,06,2012,,*43
$GNGGA,202144.000,3900.0030,N,11613.9814,E,1,10,0.74,-14.4,M,-6.8,M,,*77
$PAIRACC,3.33,9.41*44
$GNGLL,3900.0030,N,11613.9814,E,202144.000,A,A*4F
$GNGSA,A,3,24,18,02,16,,,,,,,,,1.38,0.74,1.16,1*04
$GNGSA,A,3,68,85,,,,,,,,,,,1.38,0.74,1.16,2*0E
$GNGSA,A,3,,,,,,,,,,,,,1.38,0.74,1.16,3*0C
$GNGSA,A,3,07,05,13,03,,,,,,,,,1.38,0.74,1.16,4*08
$GPGSV,3,1,12,08,01,053,,15,57,136,,24,73,022,39.8,26,54,098,,1*72
$GPGSV,3,2,12,21,41,306,,10,36,051,,18,26,247,39.7,02,10,106,39.9,1*63
$GPGSV,3,3,12,27,09,080,,16,08,310,40.2,30,03,216,,29,67,218,,1*72
$GLGSV,1,1,04,79,23,152,,68,44,049,39.8,84,37,287,,85,10,335,39.9,1*7B
$GAGSV,1,1,00,7*73
$GBGSV,3,1,12,09,01,184,,01,38,147,,10,32,215,,02,30,229,,1*74
$GBGSV,3,2,12,08,27,167,,04,27,125,,06,19,165,,07,17,190,40.2,1*63
$GBGSV,3,3,12,05,16,249,39.2,11,08,040,,13,06,040,39.1,03,45,191,39.5,1*6D
$GNRMC,202144.000,A,3900.0030,N,11613.9814,E,0.01,325.17,280612,,,A,V*0E
$GNVTG,325.17,T,,M,0.01,N,0.01,K,A*21
$GNZDA,202144.000,28,06,2012,,*44
$GNGGA,202145.000,3900.0030,N,11613.9814,E,1,10,0.74,-14.4,M,-6.8,M,,*76
$PAIRACC,3.32,8.89*40
$GNGLL,3900.0030,N,11613.9814,E,202145.000,A,A*4E
$GNGSA,A,3,24,18,02,16,,,,,,,,,1.38,0.74,1.16,1*04
$GNGSA,A,3,68,85,,,,,,,,,,,1.38,0.74,1.16,2*0E
$GNGSA,A,3,,,,,,,,,,,,,1.38,0.74,1.16,3*0C
$GNGSA,A,3,07,05,13,03,,,,,,,,,1.38,0.74,1.16,4*08
$GPGSV,3,1,12,08,01,053,,15,57,136,,24,73,022,39.7,26,54,098,,1*7D
$GPGSV,3,2,12,21,41,306,,10,36,051,,18,26,247,39.8,02,10,106,39.9,1*6C
$GPGSV,3,3,12,27,09,080,,16,08,310,40.2,30,03,216,,29,67,218,,1*72
$GLGSV,1,1,04,79,23,152,,68,44,049,40.0,84,37,287,,85,10,335,40.2,1*78
$GAGSV,1,1,00,7*73
$GBGSV,3,1,12,09,01,184,,01,38,147,,10,32,215,,02,30,229,,1*74
$GBGSV,3,2,12,08,27,167,,04,27,125,,06,19,165,,07,17,190,39.8,1*67
$GBGSV,3,3,12,05,16,249,39.0,11,08,040,,13,06,040,39.8,03,45,191,38.9,1*6B
$GNRMC,202145.000,A,3900.0030,N,11613.9814,E,0.01,316.82,280612,,,A,V*03
$GNVTG,316.82,T,,M,0.01,N,0.01,K,A*2D
$GNZDA,202145.000,28,06,2012,,*45
$GNGGA,202146.000,3900.0030,N,11613.9814,E,1,10,0.74,-14.4,M,-6.8,M,,*75
$PAIRACC,3.32,8.97*4F
$GNGLL,3900.0030,N,11613.9814,E,202146.000,A,A*4D
$GNGSA,A,3,24,18,02,16,,,,,,,,,1.38,0.74,1.16,1*04
$GNGSA,A,3,68,85,,,,,,,,,,,1.38,0.74,1.16,2*0E
$GNGSA,A,3,,,,,,,,,,,,,1.38,0.74,1.16,3*0C
$GNGSA,A,3,07,05,13,03,,,,,,,,,1.38,0.74,1.16,4*08
$GPGSV,3,1,12,08,01,053,,15,57,136,,24,73,022,39.6,26,54,098,,1*7C
$GPGSV,3,2,12,21,41,306,,10,36,051,,18,26,247,39.5,02,10,106,39.8,1*60
$GPGSV,3,3,12,27,09,080,,16,08,310,39.9,30,03,216,,29,67,218,,1*77
$GLGSV,1,1,04,79,23,152,,68,44,049,40.2,84,37,287,,85,10,335,39.8,1*7E
$GAGSV,1,1,00,7*73
$GBGSV,3,1,12,09,01,184,,01,38,147,,10,32,215,,02,30,229,,1*74
$GBGSV,3,2,12,08,27,167,,04,27,125,,06,19,165,,07,17,190,39.8,1*67
$GBGSV,3,3,12,05,16,249,39.5,11,08,040,,13,06,040,39.3,03,45,191,38.7,1*6B
$GNRMC,202146.000,A,3900.0030,N,11613.9814,E,0.01,318.93,280612,,,A,V*0E
$GNVTG,318.93,T,,M,0.01,N,0.01,K,A*23
$GNZDA,202146.000,28,06,2012,,*46
$GNGGA,202147.000,3900.0030,N,11613.9814,E,1,10,0.74,-14.4,M,-6.8,M,,*74
$PAIRACC,3.32,8.89*40
$GNGLL,3900.0030,N,11613.9814,E,202147.000,A,A*4C
$GNGSA,A,3,24,18,02,16,,,,,,,,,1.38,0.74,1.16,1*04
$GNGSA,A,3,68,85,,,,,,,,,,,1.38,0.74,1.16,2*0E
$GNGSA,A,3,,,,,,,,,,,,,1.38,0.74,1.16,3*0C
$GNGSA,A,3,07,05,13,03,,,,,,,,,1.38,0.74,1.16,4*08
$GPGSV,3,1,12,08,01,053,,15,57,136,,24,73,022,39.8,26,54,098,,1*72
$GPGSV,3,2,12,21,41,306,,10,36,051,,18,26,247,39.7,02,10,106,39.7,1*6D
$GPGSV,3,3,12,27,09,080,,16,08,310,39.6,30,03,216,,29,67,218,,1*78
$GLGSV,1,1,04,79,23,152,,68,44,049,39.8,84,37,287,,85,10,335,39.6,1*74
$GAGSV,1,1,00,7*73
$GBGSV,3,1,12,09,01,184,,01,38,147,,10,32,215,,02,30,229,,1*74
$GBGSV,3,2,12,08,27,167,,04,27,125,,06,19,165,,07,17,190,40.2,1*63
$GBGSV,3,3,12,05,16,249,39.3,11,08,040,,13,06,040,39.5,03,45,191,39.2,1*6F
$GNRMC,202147.000,A,3900.0030,N,11613.9814,E,0.01,328.09,280612,,,A,V*0F
$GNVTG,328.09,T,,M,0.01,N,0.01,K,A*23
$GNZDA,202147.000,28,06,2012,,*47
$GNGGA,202148.000,3900.0030,N,11613.9814,E,1,10,0.74,-14.4,M,-6.8,M,,*7B
$PAIRACC,3.32,8.97*4F
$GNGLL,3900.0030,N,11613.9814,E,202148.000,A,A*43
$GNGSA,A,3,24,18,02,16,,,,,,,,,1.38,0.74,1.16,1*04
$GNGSA,A,3,68,85,,,,,,,,,,,1.38,0.74,1.16,2*0E
$GNGSA,A,3,,,,,,,,,,,,,1.38,0.74,1.16,3*0C
$GNGSA,A,3,07,05,13,03,,,,,,,,,1.38,0.74,1.16,4*08
$GPGSV,3,1,12,08,01,053,,15,57,136,,24,73,022,40.1,26,54,098,,1*75
$GPGSV,3,2,12,21,41,306,,10,36,051,,18,26,247,39.7,02,10,106,39.9,1*63
$GPGSV,3,3,12,27,09,080,,16,08,310,39.5,30,03,216,,29,67,218,,1*7B
$GLGSV,1,1,04,79,23,152,,68,44,049,40.2,84,37,287,,85,10,335,39.3,1*75
$GAGSV,1,1,00,7*73
$GBGSV,3,1,12,09,01,184,,01,38,147,,10,32,215,,02,30,229,,1*74
$GBGSV,3,2,12,08,27,167,,04,27,125,,06,19,165,,07,17,190,39.5,1*6A
$GBGSV,3,3,12,05,16,249,39.3,11,08,040,,13,06,040,39.4,03,45,191,38.9,1*64
$GNRMC,202148.000,A,3900.0030,N,11613.9814,E,0.01,332.53,280612,,,A,V*04
$GNVTG,332.53,T,,M,0.01,N,0.01,K,A*27
$GNZDA,202148.000,28,06,2012,,*48
$GNGGA,202149.000,3900.0030,N,11613.9814,E,1,10,0.74,-14.4,M,-6.8,M,,*7A
$PAIRACC,3.32,8.89*40
$GNGLL,3900.0030,N,11613.9814,E,202149.000,A,A*42
$GNGSA,A,3,24,18,02,16,,,,,,,,,1.38,0.74,1.16,1*04
$GNGSA,A,3,68,85,,,,,,,,,,,1.38,0.74,1.16,2*0E
$GNGSA,A,3,,,,,,,,,,,,,1.38,0.74,1.16,3*0C
$GNGSA,A,3,07,05,13,03,,,,,,,,,1.38,0.74,1.16,4*08
$GPGSV,3,1,12,08,01,053,,15,57,136,,24,73,022,39.6,26,54,098,,1*7C
$GPGSV,3,2,12,21,41,306,,10,36,051,,18,26,247,39.3,02,10,106,39.6,1*68
$GPGSV,3,3,12,27,09,080,,16,08,310,39.8,30,03,216,,29,67,218,,1*76
$GLGSV,1,1,04,79,23,152,,68,44,049,39.9,84,37,287,,85,10,335,39.8,1*7B
$GAGSV,1,1,00,7*73
$GBGSV,3,1,12,09,01,184,,01,38,147,,10,32,215,,02,30,229,,1*74
$GBGSV,3,2,12,08,27,167,,04,27,125,,06,19,165,,07,17,190,40.2,1*63
$GBGSV,3,3,12,05,16,249,39.4,11,08,040,,13,06,040,39.7,03,45,191,38.3,1*6A
$GNRMC,202149.000,A,3900.0030,N,11613.9814,E,0.01,349.78,280612,,,A,V*00
$GNVTG,349.78,T,,M,0.01,N,0.01,K,A*22
$GNZDA,202149.000,28,06,2012,,*49
$GNGGA,202150.000,3900.0030,N,11613.9814,E,1,10,0.74,-14.4,M,-6.8,M,,*72
$PAIRACC,3.40,9.49*48
$GNGLL,3900.0030,N,11613.9814,E,202150.000,A,A*4A
$GNGSA,A,3,24,18,02,16,,,,,,,,,1.38,0.74,1.16,1*04
$GNGSA,A,3,68,85,,,,,,,,,,,1.38,0.74,1.16,2*0E
$GNGSA,A,3,,,,,,,,,,,,,1.38,0.74,1.16,3*0C
$GNGSA,A,3,07,05,13,03,,,,,,,,,1.38,0.74,1.16,4*08
$GPGSV,3,1,12,08,01,053,,15,57,136,,24,73,022,40.0,26,54,098,,1*74
$GPGSV,3,2,12,21,41,306,,10,36,051,,18,26,247,39.5,02,10,106,39.8,1*60
$GPGSV,3,3,12,27,09,080,,16,08,310,40.4,30,03,216,,29,67,218,,1*74
$GLGSV,1,1,04,79,23,152,,68,44,049,39.8,84,37,287,,85,10,335,39.8,1*7A
$GAGSV,1,1,00,7*73
$GBGSV,3,1,12,09,01,184,,01,38,147,,10,32,215,,02,30,229,,1*74
$GBGSV,3,2,12,08,27,167,,04,27,125,,06,19,165,,07,17,190,39.5,1*6A
$GBGSV,3,3,12,05,16,249,39.2,11,08,040,,13,06,040,39.3,03,45,191,39.3,1*69
$GNRMC,202150.000,A,3900.0030,N,11613.9814,E,0.01,341.79,280612,,,A,V*01
$GNVTG,341.79,T,,M,0.01,N,0.01,K,A*2B
$GNZDA,202150.000,28,06,2012,,*41
$GNGGA,202151.000,3900.0030,N,11613.9814,E,1,10,0.74,-14.4,M,-6.8,M,,*73
$PAIRACC,3.34,8.93*4D
$GNGLL,3900.0030,N,11613.9814,E,202151.000,A,A*4B
$GNGSA,A,3,24,18,02,16,,,,,,,,,1.38,0.74,1.16,1*04
$GNGSA,A,3,68,85,,,,,,,,,,,1.38,0.74,1.16,2*0E
$GNGSA,A,3,,,,,,,,,,,,,1.38,0.74,1.16,3*0C
$GNGSA,A,3,07,05,13,03,,,,,,,,,1.38,0.74,1.16,4*08
$GPGSV,3,1,12,08,01,053,,15,57,136,,24,73,022,39.8,26,54,098,,1*72
$GPGSV,3,2,12,21,41,306,,10,36,051,,18,26,247,39.3,02,10,106,39.8,1*66
$GPGSV,3,3,12,27,09,080,,16,08,310,40.1,30,03,216,,29,67,218,,1*71
$GLGSV,1,1,04,79,23,152,,68,44,049,39.6,84,37,287,,85,10,335,39.3,1*7F
$GAGSV,1,1,00,7*73
$GBGSV,3,1,12,09,01,184,,01,38,147,,10,32,215,,02,30,229,,1*74
$GBGSV,3,2,12,08,27,167,,04,27,125,,06,19,165,,07,17,190,40.2,1*63
$GBGSV,3,3,12,05,16,249,39.2,11,08,040,,13,06,040,39.2,03,45,191,38.3,1*69
$GNRMC,202151.000,A,3900.0030,N,11613.9814,E,0.01,343.11,280612,,,A,V*0C
$GNVTG,343.11,T,,M,0.01,N,0.01,K,A*27
$GNZDA,202151.000,28,06,2012,,*40
$GNGGA,202152.000,3900.0030,N,11613.9814,E,1,10,0.74,-14.4,M,-6.8,M,,*70
$PAIRACC,3.40,9.49*48
$GNGLL,3900.0030,N,11613.9814,E,202152.000,A,A*48
$GNGSA,A,3,24,18,02,16,,,,,,,,,1.38,0.74,1.16,1*04
$GNGSA,A,3,68,85,,,,,,,,,,,1.38,0.74,1.16,2*0E
$GNGSA,A,3,,,,,,,,,,,,,1.38,0.74,1.16,3*0C
$GNGSA,A,3,07,05,13,03,,,,,,,,,1.38,0.74,1.16,4*08
$GPGSV,3,1,12,08,01,053,,15,57,136,,24,73,022,40.1,26,54,098,,1*75
$GPGSV,3,2,12,21,41,306,,10,36,051,,18,26,247,39.7,02,10,106,40.2,1*66
$GPGSV,3,3,12,27,09,080,,16,08,310,39.7,30,03,216,,29,67,218,,1*79
$GLGSV,1,1,04,79,23,152,,68,44,049,40.1,84,37,287,,85,10,335,39.5,1*70
$GAGSV,1,1,00,7*73
$GBGSV,3,1,12,09,01,184,,01,38,147,,10,32,215,,02,30,229,,1*74
$GBGSV,3,2,12,08,27,167,,04,27,125,,06,19,165,,07,17,190,39.4,1*6B
$GBGSV,3,3,12,05,16,249,39.0,11,08,040,,13,06,040,39.3,03,45,191,38.2,1*6B
$GNRMC,202152.000,A,3900.0030,N,11613.9814,E,0.01,350.24,280612,,,A,V*0B
$GNVTG,350.24,T,,M,0.01,N,0.01,K,A*23
$GNZDA,202152.000,28,06,2012,,*43
$GNGGA,202153.000,3900.0030,N,11613.9815,E,1,10,0.74,-14.4,M,-6.8,M,,*70
$PAIRACC,3.34,8.93*4D
$GNGLL,3900.0030,N,11613.9815,E,202153.000,A,A*48
$GNGSA,A,3,24,18,02,16,,,,,,,,,1.38,0.74,1.16,1*04
$GNGSA,A,3,68,85,,,,,,,,,,,1.38,0.74,1.16,2*0E
$GNGSA,A,3,,,,,,,,,,,,,1.38,0.74,1.16,3*0C
$GNGSA,A,3,07,05,13,03,,,,,,,,,1.38,0.74,1.16,4*08
$GPGSV,3,1,11,08,01,053,,26,54,098,,24,73,022,40.0,21,41,306,,1*76
$GPGSV,3,2,11,10,36,051,,18,26,247,39.4,02,10,106,39.9,27,09,080,,1*64
$GPGSV,3,3,11,16,08,310,39.6,30,03,216,,15,57,136,,1*4C
$GLGSV,1,1,04,79,23,152,,68,44,049,40.0,84,37,287,,85,10,335,39.2,1*76
$GAGSV,1,1,00,7*73
$GBGSV,3,1,11,09,01,184,,01,38,147,,10,32,215,,04,27,125,,1*78
$GBGSV,3,2,11,08,27,167,,06,19,165,,07,17,190,40.1,05,16,249,39.5,1*78
$GBGSV,3,3,11,11,08,040,,13,06,040,39.3,03,45,191,39.0,1*42
$GNRMC,202153.000,A,3900.0030,N,11613.9815,E,0.01,343.62,280612,,,A,V*0B
$GNVTG,343.62,T,,M,0.01,N,0.01,K,A*23
$GNZDA,202153.000,28,06,2012,,*42
$GNGGA,202154.000,3900.0030,N,11613.9815,E,1,10,0.74,-14.4,M,-6.8,M,,*77
$PAIRACC,3.41,9.50*41
$GNGLL,3900.0030,N,11613.9815,E,202154.000,A,A*4F
$GNGSA,A,3,24,18,02,16,,,,,,,,,1.38,0.74,1.16,1*04
$GNGSA,A,3,68,85,,,,,,,,,,,1.38,0.74,1.16,2*0E
$GNGSA,A,3,,,,,,,,,,,,,1.38,0.74,1.16,3*0C
$GNGSA,A,3,07,05,13,03,,,,,,,,,1.38,0.74,1.16,4*08
$GPGSV,3,1,12,08,01,053,,15,57,136,,24,73,022,40.1,26,54,098,,1*75
$GPGSV,3,2,12,21,41,306,,10,36,051,,18,26,247,39.7,02,10,106,40.1,1*65
$GPGSV,3,3,12,27,09,080,,16,08,310,39.7,30,03,216,,29,67,218,,1*79
$GLGSV,1,1,04,79,23,152,,68,44,049,39.8,84,37,287,,85,10,335,39.6,1*74
$GAGSV,1,1,00,7*73
$GBGSV,3,1,12,09,01,184,,01,38,147,,10,32,215,,02,30,229,,1*74
$GBGSV,3,2,12,08,27,167,,04,27,125,,06,19,165,,07,17,190,39.4,1*6B
$GBGSV,3,3,12,05,16,249,38.8,11,08,040,,13,06,040,39.3,03,45,191,38.6,1*66
$GNRMC,202154.000,A,3900.0030,N,11613.9815,E,0.01,340.48,280612,,,A,V*07
$GNVTG,340.48,T,,M,0.01,N,0.01,K,A*28
$GNZDA,202154.000,28,06,2012,,*45
$GNGGA,202155.000,3900.0030,N,11613.9815,E,1,10,0.74,-14.4,M,-6.8,M,,*76
$PAIRACC,3.34,8.94*4A
$GNGLL,3900.0030,N,11613.9815,E,202155.000,A,A*4E
$GNGSA,A,3,24,18,02,16,,,,,,,,,1.38,0.74,1.16,1*04
$GNGSA,A,3,68,85,,,,,,,,,,,1.38,0.74,1.16,2*0E
$GNGSA,A,3,,,,,,,,,,,,,1.38,0.74,1.16,3*0C
$GNGSA,A,3,07,05,13,03,,,,,,,,,1.38,0.74,1.16,4*08
$GPGSV,3,1,12,08,01,053,,15,57,136,,24,73,022,39.8,26,54,098,,1*72
$GPGSV,3,2,12,21,41,306,,10,36,051,,18,26,247,39.9,02,10,106,39.8,1*6C
$GPGSV,3,3,12,27,09,080,,16,08,310,39.7,30,03,216,,29,67,218,,1*79
$GLGSV,1,1,04,79,23,152,,68,44,049,40.0,84,37,287,,85,10,335,39.7,1*73
$GAGSV,1,1,00,7*73
$GBGSV,3,1,12,09,01,184,,01,38,147,,10,32,215,,02,30,229,,1*74
$GBGSV,3,2,12,08,27,167,,04,27,125,,06,19,165,,07,17,190,40.2,1*63
$GBGSV,3,3,12,05,16,249,39.4,11,08,040,,13,06,040,38.9,03,45,191,38.8,1*6E
$GNRMC,202155.000,A,3900.0030,N,11613.9815,E,0.01,335.53,280612,,,A,V*0E
$GNVTG,335.53,T,,M,0.01,N,0.01,K,A*20
$GNZDA,202155.000,28,06,2012,,*44
$GNGGA,202156.000,3900.0030,N,11613.9815,E,1,10,0.74,-14.4,M,-6.8,M,,*75
$PAIRACC,3.32,8.98*40
$GNGLL,3900.0030,N,11613.9815,E,202156.000,A,A*4D
$GNGSA,A,3,24,18,02,16,,,,,,,,,1.38,0.74,1.16,1*04
$GNGSA,A,3,68,85,,,,,,,,,,,1.38,0.74,1.16,2*0E
$GNGSA,A,3,,,,,,,,,,,,,1.38,0.74,1.16,3*0C
$GNGSA,A,3,07,05,13,03,,,,,,,,,1.38,0.74,1.16,4*08
$GPGSV,3,1,12,08,01,053,,15,57,136,,24,73,022,39.9,26,54,098,,1*73
$GPGSV,3,2,12,21,41,306,,10,36,051,,18,26,247,39.6,02,10,106,39.7,1*6C
$GPGSV,3,3,12,27,09,080,,16,08,310,40.1,30,03,216,,29,67,218,,1*71
$GLGSV,1,1,04,79,23,152,,68,44,049,39.8,84,37,287,,85,10,335,39.3,1*71
$GAGSV,1,1,00,7*73
$GBGSV,3,1,12,09,01,184,,01,38,147,,10,32,215,,02,30,229,,1*74
$GBGSV,3,2,12,08,27,167,,04,27,125,,06,19,165,,07,17,190,39.6,1*69
$GBGSV,3,3,12,05,16,249,39.6,11,08,040,,13,06,040,39.1,03,45,191,39.4,1*68
$GNRMC,202156.000,A,3900.0030,N,11613.9815,E,0.01,333.00,280612,,,A,V*0D
$GNVTG,333.00,T,,M,0.01,N,0.01,K,A*20
$GNZDA,202156.000,28,06,2012,,*47
$GNGGA,202157.000,3900.0030,N,11613.9815,E,1,10,0.74,-14.4,M,-6.8,M,,*74
$PAIRACC,3.32,8.90*48
$GNGLL,3900.0030,N,11613.9815,E,202157.000,A,A*4C
$GNGSA,A,3,24,18,02,16,,,,,,,,,1.38,0.74,1.16,1*04
$GNGSA,A,3,68,85,,,,,,,,,,,1.38,0.74,1.16,2*0E
$GNGSA,A,3,,,,,,,,,,,,,1.38,0.74,1.16,3*0C
$GNGSA,A,3,07,05,13,03,,,,,,,,,1.38,0.74,1.16,4*08
$GPGSV,3,1,12,08,01,053,,15,57,136,,24,73,022,39.8,26,54,098,,1*72
$GPGSV,3,2,12,21,41,306,,10,36,051,,18,26,247,39.5,02,10,106,39.5,1*6D
$GPGSV,3,3,12,27,09,080,,16,08,310,40.0,30,03,216,,29,67,218,,1*70
$GLGSV,1,1,04,79,23,152,,68,44,049,39.8,84,37,287,,85,10,335,39.4,1*76
$GAGSV,1,1,00,7*73
$GBGSV,3,1,12,09,01,184,,01,38,147,,10,32,215,,02,30,229,,1*74
$GBGSV,3,2,12,08,27,167,,04,27,125,,06,19,165,,07,17,190,40.4,1*65
$GBGSV,3,3,12,05,16,249,39.0,11,08,040,,13,06,040,39.3,03,45,191,38.9,1*60
$GNRMC,202157.000,A,3900.0030,N,11613.9815,E,0.01,337.45,280612,,,A,V*09
$GNVTG,337.45,T,,M,0.01,N,0.01,K,A*25
$GNZDA,202157.000,28,06,2012,,*46
$GNGGA,202158.000,3900.0030,N,11613.9815,E,1,10,0.74,-14.4,M,-6.8,M,,*7B
$PAIRACC,3.32,8.98*40
$GNGLL,3900.0030,N,11613.9815,E,202158.000,A,A*43
$GNGSA,A,3,24,18,02,16,,,,,,,,,1.38,0.74,1.16,1*04
$GNGSA,A,3,68,85,,,,,,,,,,,1.38,0.74,1.16,2*0E
$GNGSA,A,3,,,,,,,,,,,,,1.38,0.74,1.16,3*0C
$GNGSA,A,3,07,05,13,03,,,,,,,,,1.38,0.74,1.16,4*08
$GPGSV,3,1,12,08,01,053,,15,57,136,,24,73,022,39.9,26,54,098,,1*73
$GPGSV,3,2,12,21,41,306,,10,36,051,,18,26,247,39.7,02,10,106,39.7,1*6D
$GPGSV,3,3,12,27,09,080,,16,08,310,39.5,30,03,216,,29,67,218,,1*7B
$GLGSV,1,1,04,79,23,152,,68,44,049,39.7,84,37,287,,85,10,335,39.6,1*7B
$GAGSV,1,1,00,7*73
$GBGSV,3,1,12,09,01,184,,01,38,147,,10,32,215,,02,30,229,,1*74
$GBGSV,3,2,12,08,27,167,,04,27,125,,06,19,165,,07,17,190,39.5,1*6A
$GBGSV,3,3,12,05,16,249,39.2,11,08,040,,13,06,040,39.5,03,45,191,39.0,1*6C
$GNRMC,202158.000,A,3900.0030,N,11613.9815,E,0.01,337.16,280612,,,A,V*00
$GNVTG,337.16,T,,M,0.01,N,0.01,K,A*23
$GNZDA,202158.000,28,06,2012,,*49
$GNGGA,202159.000,3900.0030,N,11613.9815,E,1,10,0.74,-14.4,M,-6.8,M,,*7A
$PAIRACC,3.32,8.90*48
$GNGLL,3900.0030,N,11613.9815,E,202159.000,A,A*42
$GNGSA,A,3,24,18,02,16,,,,,,,,,1.38,0.74,1.16,1*04
$GNGSA,A,3,68,85,,,,,,,,,,,1.38,0.74,1.16,2*0E
$GNGSA,A,3,,,,,,,,,,,,,1.38,0.74,1.16,3*0C
$GNGSA,A,3,07,05,13,03,,,,,,,,,1.38,0.74,1.16,4*08
$GPGSV,3,1,12,08,01,053,,15,57,136,,24,73,022,39.9,26,54,098,,1*73
$GPGSV,3,2,12,21,41,306,,10,36,051,,18,26,247,39.2,02,10,106,39.9,1*66
$GPGSV,3,3,12,27,09,080,,16,08,310,39.2,30,03,216,,29,67,218,,1*7C
$GLGSV,1,1,04,79,23,152,,68,44,049,39.5,84,37,287,,85,10,335,39.6,1*79
$GAGSV,1,1,00,7*73
$GBGSV,3,1,12,09,01,184,,01,38,147,,10,32,215,,02,30,229,,1*74
$GBGSV,3,2,12,08,27,167,,04,27,125,,06,19,165,,07,17,190,40.0,1*61
$GBGSV,3,3,12,05,16,249,39.2,11,08,040,,13,06,040,39.7,03,45,191,39.2,1*6C
$GNRMC,202159.000,A,3900.0030,N,11613.9815,E,0.01,335.27,280612,,,A,V*01
$GNVTG,335.27,T,,M,0.01,N,0.01,K,A*23
$GNZDA,202159.000,28,06,2012,,*48
$GNGGA,202200.000,3900.0030,N,11613.9815,E,1,10,0.74,-14.4,M,-6.8,M,,*75
$PAIRACC,3.32,8.98*40
$GNGLL,3900.0030,N,11613.9815,E,202200.000,A,A*4D
$GNGSA,A,3,24,18,02,16,,,,,,,,,1.38,0.74,1.16,1*04
$GNGSA,A,3,68,85,,,,,,,,,,,1.38,0.74,1.16,2*0E
$GNGSA,A,3,,,,,,,,,,,,,1.38,0.74,1.16,3*0C
$GNGSA,A,3,07,05,13,03,,,,,,,,,1.38,0.74,1.16,4*08
$GPGSV,3,1,12,08,01,053,,15,57,136,,24,73,022,40.2,26,54,098,,1*76
$GPGSV,3,2,12,21,41,306,,10,36,051,,18,26,247,39.3,02,10,106,39.9,1*67
$GPGSV,3,3,12,27,09,080,,16,08,310,39.4,30,03,216,,29,67,218,,1*7A
$GLGSV,1,1,04,79,23,152,,68,44,049,40.0,84,37,287,,85,10,335,39.7,1*73
$GAGSV,1,1,00,7*73
$GBGSV,3,1,12,09,01,184,,01,38,147,,10,32,215,,02,30,229,,1*74
$GBGSV,3,2,12,08,27,167,,04,27,125,,06,19,165,,07,17,190,38.6,1*68
$GBGSV,3,3,12,05,16,249,39.2,11,08,040,,13,06,040,39.4,03,45,191,38.4,1*68
$GNRMC,202200.000,A,3900.0030,N,11613.9815,E,0.01,322.91,280612,,,A,V*05
$GNVTG,322.91,T,,M,0.01,N,0.01,K,A*28
$GNZDA,202200.000,28,06,2012,,*47
$GNGGA,202201.000,3900.0030,N,11613.9815,E,1,10,0.74,-14.4,M,-6.8,M,,*74
$PAIRACC,3.28,8.88*4A
$GNGLL,3900.0030,N,11613.9815,E,202201.000,A,A*4C
$GNGSA,A,3,24,18,02,16,,,,,,,,,1.38,0.74,1.16,1*04
$GNGSA,A,3,68,85,,,,,,,,,,,1.38,0.74,1.16,2*0E
$GNGSA,A,3,,,,,,,,,,,,,1.38,0.74,1.16,3*0C
$GNGSA,A,3,07,05,13,03,,,,,,,,,1.38,0.74,1.16,4*08
$GPGSV,3,1,12,08,01,053,,15,57,136,,24,73,022,40.2,26,54,098,,1*76
$GPGSV,3,2,12,21,41,306,,10,36,051,,18,26,247,39.4,02,10,106,40.3,1*64
$GPGSV,3,3,12,27,09,080,,16,08,310,39.8,30,03,216,,29,67,218,,1*76
$GLGSV,1,1,04,79,23,152,,68,44,049,39.5,84,37,287,,85,10,335,39.7,1*78
$GAGSV,1,1,00,7*73
$GBGSV,3,1,12,09,01,184,,01,38,147,,10,32,215,,02,30,229,,1*74
$GBGSV,3,2,12,08,27,167,,04,27,125,,06,19,165,,07,17,190,39.8,1*67
$GBGSV,3,3,12,05,16,249,39.3,11,08,040,,13,06,040,39.8,03,45,191,38.9,1*68
$GNRMC,202201.000,A,3900.0030,N,11613.9815,E,0.01,325.20,280612,,,A,V*09
$GNVTG,325.20,T,,M,0.01,N,0.01,K,A*25
$GNZDA,202201.000,28,06,2012,,*46
$GNGGA,202202.000,3900.0030,N,11613.9815,E,1,10,0.74,-14.4,M,-6.8,M,,*77
$PAIRACC,3.35,8.99*46
$GNGLL,3900.0030,N,11613.9815,E,202202.000,A,A*4F
$GNGSA,A,3,24,18,02,16,,,,,,,,,1.38,0.74,1.16,1*04
$GNGSA,A,3,68,85,,,,,,,,,,,1.38,0.74,1.16,2*0E
$GNGSA,A,3,,,,,,,,,,,,,1.38,0.74,1.16,3*0C
$GNGSA,A,3,07,05,13,03,,,,,,,,,1.38,0.74,1.16,4*08
$GPGSV,3,1,12,08,01,053,,15,57,136,,24,73,022,39.5,26,54,098,,1*7F
$GPGSV,3,2,12,21,41,306,,10,36,051,,18,26,247,39.7,02,10,106,39.8,1*62
$GPGSV,3,3,12,27,09,080,,16,08,310,39.9,30,03,216,,29,67,218,,1*77
$GLGSV,1,1,04,79,23,152,,68,44,049,39.7,84,37,287,,85,10,335,39.5,1*78
$GAGSV,1,1,00,7*73
$GBGSV,3,1,12,09,01,184,,01,38,147,,10,32,215,,02,30,229,,1*74
$GBGSV,3,2,12,08,27,167,,04,27,125,,06,19,165,,07,17,190,38.9,1*67
$GBGSV,3,3,12,05,16,249,39.5,11,08,040,,13,06,040,39.5,03,45,191,39.3,1*68
$GNRMC,202202.000,A,3900.0030,N,11613.9815,E,0.01,333.47,280612,,,A,V*0C
$GNVTG,333.47,T,,M,0.01,N,0.03,K,A*21
$GNZDA,202202.000,28,06,2012,,*45
$GNGGA,202203.000,3900.0030,N,11613.9815,E,1,10,0.74,-14.4,M,-6.8,M,,*76
$PAIRACC,3.28,8.88*4A
$GNGLL,3900.0030,N,11613.9815,E,202203.000,A,A*4E
$GNGSA,A,3,24,18,02,16,,,,,,,,,1.38,0.74,1.16,1*04
$GNGSA,A,3,68,85,,,,,,,,,,,1.38,0.74,1.16,2*0E
$GNGSA,A,3,,,,,,,,,,,,,1.38,0.74,1.16,3*0C
$GNGSA,A,3,07,05,13,03,,,,,,,,,1.38,0.74,1.16,4*08
$GPGSV,3,1,12,08,01,053,,15,57,136,,24,73,022,40.0,26,54,098,,1*74
$GPGSV,3,2,12,21,41,306,,10,36,051,,18,26,247,39.3,02,10,106,39.7,1*69
$GPGSV,3,3,12,27,09,080,,16,08,310,39.8,30,03,216,,29,67,218,,1*76
$GLGSV,1,1,04,79,23,152,,68,44,049,40.2,84,37,287,,85,10,335,39.6,1*70
$GAGSV,1,1,00,7*73
$GBGSV,3,1,12,09,01,184,,01,38,147,,10,32,215,,02,30,229,,1*74
$GBGSV,3,2,12,08,27,167,,04,27,125,,06,19,165,,07,17,190,39.4,1*6B
$GBGSV,3,3,12,05,16,249,39.1,11,08,040,,13,06,040,39.6,03,45,191,38.4,1*69
$GNRMC,202203.000,A,3900.0030,N,11613.9815,E,0.02,333.04,280612,,,A,V*09
$GNVTG,333.04,T,,M,0.02,N,0.03,K,A*25
$GNZDA,202203.000,28,06,2012,,*44
$GNGGA,202204.000,3900.0030,N,11613.9815,E,1,10,0.74,-14.4,M,-6.8,M,,*71
$PAIRACC,3.35,8.99*46
$GNGLL,3900.0030,N,11613.9815,E,202204.000,A,A*49
$GNGSA,A,3,24,18,02,16,,,,,,,,,1.38,0.74,1.16,1*04
$GNGSA,A,3,68,85,,,,,,,,,,,1.38,0.74,1.16,2*0E
$GNGSA,A,3,,,,,,,,,,,,,1.38,0.74,1.16,3*0C
$GNGSA,A,3,07,05,13,03,,,,,,,,,1.38,0.74,1.16,4*08
$GPGSV,3,1,12,08,01,053,,15,57,136,,24,73,022,39.9,26,54,098,,1*73
$GPGSV,3,2,12,21,41,306,,10,36,051,,18,26,247,39.8,02,10,106,39.9,1*6C
$GPGSV,3,3,12,27,09,080,,16,08,310,39.2,30,03,216,,29,67,218,,1*7C
$GLGSV,1,1,04,79,23,152,,68,44,049,39.8,84,37,287,,85,10,335,39.9,1*7B
$GAGSV,1,1,00,7*73
$GBGSV,3,1,12,09,01,184,,01,38,147,,10,32,215,,02,30,229,,1*74
$GBGSV,3,2,12,08,27,167,,04,27,125,,06,19,165,,07,17,190,38.9,1*67
$GBGSV,3,3,12,05,16,249,39.1,11,08,040,,13,06,040,40.0,03,45,191,38.5,1*60
$GNRMC,202204.000,A,3900.0030,N,11613.9815,E,0.02,326.60,280612,,,A,V*08
$GNVTG,326.60,T,,M,0.02,N,0.04,K,A*24
$GNZDA,202204.000,28,06,2012,,*43
$GNGGA,202205.000,3900.0030,N,11613.9815,E,1,10,0.74,-14.4,M,-6.8,M,,*70
$PAIRACC,3.29,8.89*4A
$GNGLL,3900.0030,N,11613.9815,E,202205.000,A,A*48
$GNGSA,A,3,24,18,02,16,,,,,,,,,1.38,0.74,1.16,1*04
$GNGSA,A,3,68,85,,,,,,,,,,,1.38,0.74,1.16,2*0E
$GNGSA,A,3,,,,,,,,,,,,,1.38,0.74,1.16,3*0C
$GNGSA,A,3,07,05,13,03,,,,,,,,,1.38,0.74,1.16,4*08
$GPGSV,3,1,12,08,01,053,,15,57,136,,24,73,022,39.9,26,54,098,,1*73
$GPGSV,3,2,12,21,41,306,,10,36,051,,18,26,247,39.4,02,09,107,39.7,1*67
$GPGSV,3,3,12,27,09,080,,16,08,310,39.8,30,03,216,,29,67,218,,1*76
$GLGSV,1,1,04,79,23,152,,68,44,049,40.5,84,37,287,,85,10,335,39.6,1*77
$GAGSV,1,1,00,7*73
$GBGSV,3,1,12,09,01,184,,01,38,147,,10,32,215,,02,30,229,,1*74
$GBGSV,3,2,12,08,27,167,,04,27,125,,06,19,165,,07,17,190,39.7,1*68
$GBGSV,3,3,12,05,16,249,39.3,11,08,040,,13,06,040,39.7,03,45,191,39.0,1*6F
$GNRMC,202205.000,A,3900.0030,N,11613.9815,E,0.02,327.51,280612,,,A,V*0A
$GNVTG,327.51,T,,M,0.02,N,0.04,K,A*27
$GNZDA,202205.000,28,06,2012,,*42
$GNGGA,202206.000,3900.0030,N,11613.9815,E,1,10,0.74,-14.4,M,-6.8,M,,*73
$PAIRACC,3.35,9.00*47
$GNGLL,3900.0030,N,11613.9815,E,202206.000,A,A*4B
$GNGSA,A,3,24,18,02,16,,,,,,,,,1.38,0.74,1.16,1*04
$GNGSA,A,3,68,85,,,,,,,,,,,1.38,0.74,1.16,2*0E
$GNGSA,A,3,,,,,,,,,,,,,1.38,0.74,1.16,3*0C
$GNGSA,A,3,07,05,13,03,,,,,,,,,1.38,0.74,1.16,4*08
$GPGSV,3,1,11,08,01,053,,26,54,098,,24,73,022,39.7,21,41,306,,1*7F
$GPGSV,3,2,11,10,36,051,,18,26,247,39.7,02,09,107,39.4,27,09,080,,1*63
$GPGSV,3,3,11,16,08,310,39.4,30,03,216,,15,57,136,,1*4E
$GLGSV,1,1,04,79,23,152,,68,44,049,40.2,84,37,287,,85,10,335,39.8,1*7E
$GAGSV,1,1,00,7*73
$GBGSV,3,1,12,09,01,184,,01,38,147,,10,32,215,,02,30,229,,1*74
$GBGSV,3,2,12,08,27,167,,04,27,125,,06,19,165,,07,17,190,39.7,1*68
$GBGSV,3,3,12,05,16,249,39.0,11,08,040,,13,06,040,40.0,03,45,191,38.6,1*62
$GNRMC,202206.000,A,3900.0030,N,11613.9815,E,0.03,327.38,280612,,,A,V*07
$GNVTG,327.38,T,,M,0.03,N,0.05,K,A*28
$GNZDA,202206.000,28,06,2012,,*41
$GNGGA,202207.000,3900.0030,N,11613.9815,E,1,10,0.74,-14.4,M,-6.8,M,,*72
$PAIRACC,3.29,8.89*4A
$GNGLL,3900.0030,N,11613.9815,E,202207.000,A,A*4A
$GNGSA,A,3,24,18,02,16,,,,,,,,,1.38,0.74,1.16,1*04
$GNGSA,A,3,68,85,,,,,,,,,,,1.38,0.74,1.16,2*0E
$GNGSA,A,3,,,,,,,,,,,,,1.38,0.74,1.16,3*0C
$GNGSA,A,3,07,05,13,03,,,,,,,,,1.38,0.74,1.16,4*08
$GPGSV,3,1,12,08,01,053,,15,57,136,,24,73,022,40.0,26,54,098,,1*74
$GPGSV,3,2,12,21,41,306,,10,36,051,,18,26,247,39.3,02,09,107,39.8,1*6F
$GPGSV,3,3,12,27,09,080,,16,08,310,39.8,30,03,216,,29,67,218,,1*76
$GLGSV,1,1,04,79,23,152,,68,44,049,40.5,84,37,287,,85,10,335,39.7,1*76
$GAGSV,1,1,00,7*73
$GBGSV,3,1,12,09,01,184,,01,38,147,,10,32,215,,02,30,229,,1*74
$GBGSV,3,2,12,08,27,167,,04,27,125,,06,19,165,,07,17,190,39.6,1*69
$GBGSV,3,3,12,05,16,249,39.4,11,08,040,,13,06,040,39.8,03,45,191,38.8,1*6E
$GNRMC,202207.000,A,3900.0030,N,11613.9815,E,0.03,331.07,280612,,,A,V*0D
$GNVTG,331.07,T,,M,0.03,N,0.06,K,A*20
$GNZDA,202207.000,28,06,2012,,*40
$GNGGA,202208.000,3900.0030,N,11613.9815,E,1,10,0.74,-14.4,M,-6.8,M,,*7D
$PAIRACC,3.35,8.99*46
$GNGLL,3900.0030,N,11613.9815,E,202208.000,A,A*45
$GNGSA,A,3,24,18,02,16,,,,,,,,,1.38,0.74,1.16,1*04
$GNGSA,A,3,68,85,,,,,,,,,,,1.38,0.74,1.16,2*0E
$GNGSA,A,3,,,,,,,,,,,,,1.38,0.74,1.16,3*0C
$GNGSA,A,3,07,05,13,03,,,,,,,,,1.38,0.74,1.16,4*08
$GPGSV,3,1,12,08,01,053,,15,57,136,,24,73,022,40.0,26,54,098,,1*74
$GPGSV,3,2,12,21,41,306,,10,36,051,,18,26,247,39.3,02,09,107,39.7,1*60
$GPGSV,3,3,12,27,09,080,,16,08,310,39.4,30,03,216,,29,67,218,,1*7A
$GLGSV,1,1,04,79,23,152,,68,44,049,40.0,84,37,287,,85,10,335,40.2,1*78
$GAGSV,1,1,00,7*73
$GBGSV,3,1,12,09,01,184,,01,38,147,,10,32,215,,02,30,229,,1*74
$GBGSV,3,2,12,08,27,167,,04,27,125,,06,19,165,,07,17,190,40.1,1*60
$GBGSV,3,3,12,05,16,249,39.2,11,08,040,,13,06,040,39.8,03,45,191,39.3,1*62
$GNRMC,202208.000,A,3900.0030,N,11613.9815,E,0.04,329.65,280612,,,A,V*08
$GNVTG,329.65,T,,M,0.04,N,0.07,K,A*2B
$GNZDA,202208.000,28,06,2012,,*4F
$GNGGA,202209.000,3900.0030,N,11613.9815,E,1,10,0.74,-14.4,M,-6.8,M,,*7C
$PAIRACC,3.28,8.89*4B
$GNGLL,3900.0030,N,11613.9815,E,202209.000,A,A*44
$GNGSA,A,3,24,18,02,16,,,,,,,,,1.38,0.74,1.16,1*04
$GNGSA,A,3,68,85,,,,,,,,,,,1.38,0.74,1.16,2*0E
$GNGSA,A,3,,,,,,,,,,,,,1.38,0.74,1.16,3*0C
$GNGSA,A,3,07,05,13,03,,,,,,,,,1.38,0.74,1.16,4*08
$GPGSV,3,1,12,08,01,053,,15,57,136,,24,73,022,40.1,26,54,098,,1*75
$GPGSV,3,2,12,21,41,306,,10,36,051,,18,26,247,39.8,02,09,107,39.5,1*69
$GPGSV,3,3,12,27,09,080,,16,08,310,39.5,30,03,216,,29,67,218,,1*7B
$GLGSV,1,1,04,79,23,152,,68,44,049,39.5,84,37,287,,85,10,335,39.8,1*77
$GAGSV,1,1,00,7*73
$GBGSV,3,1,12,09,01,184,,01,38,147,,10,32,215,,02,30,229,,1*74
$GBGSV,3,2,12,08,27,167,,04,27,125,,06,19,165,,07,17,190,39.8,1*67
$GBGSV,3,3,12,05,16,249,39.3,11,08,040,,13,06,040,39.5,03,45,191,38.5,1*69
$GNRMC,202209.000,A,3900.0030,N,11613.9815,E,0.04,326.98,280612,,,A,V*04
$GNVTG,326.98,T,,M,0.04,N,0.08,K,A*29
$GNZDA,202209.000,28,06,2012,,*4E
$GNGGA,202210.000,3900.0030,N,11613.9815,E,1,10,0.74,-14.4,M,-6.8,M,,*74
$PAIRACC,3.35,9.00*47
$GNGLL,3900.0030,N,11613.9815,E,202210.000,A,A*4C
$GNGSA,A,3,24,18,02,16,,,,,,,,,1.38,0.74,1.16,1*04
$GNGSA,A,3,68,85,,,,,,,,,,,1.38,0.74,1.16,2*0E
$GNGSA,A,3,,,,,,,,,,,,,1.38,0.74,1.16,3*0C
$GNGSA,A,3,07,05,13,03,,,,,,,,,1.38,0.74,1.16,4*08
$GPGSV,3,1,12,08,01,053,,15,57,136,,24,73,022,39.9,26,54,098,,1*73
$GPGSV,3,2,12,21,41,306,,10,36,051,,18,26,247,39.6,02,09,107,39.7,1*65
$GPGSV,3,3,12,27,09,080,,16,08,310,39.5,30,03,216,,29,67,218,,1*7B
$GLGSV,1,1,04,79,23,152,,68,44,049,39.7,84,37,287,,85,10,335,39.3,1*7E
$GAGSV,1,1,00,7*73
$GBGSV,3,1,12,09,01,184,,01,38,147,,10,32,215,,02,30,229,,1*74
$GBGSV,3,2,12,08,27,167,,04,27,125,,06,19,165,,07,17,190,40.2,1*63
$GBGSV,3,3,12,05,16,249,39.2,11,08,040,,13,06,040,39.7,03,45,191,38.2,1*6D
$GNRMC,202210.000,A,3900.0030,N,11613.9815,E,0.04,325.04,280612,,,A,V*0A
$GNVTG,325.04,T,,M,0.04,N,0.08,K,A*2F
$GNZDA,202210.000,28,06,2012,,*46
$GNGGA,202211.000,3900.0030,N,11613.9815,E,1,10,0.74,-14.4,M,-6.8,M,,*75
$PAIRACC,3.29,8.89*4A
$GNGLL,3900.0030,N,11613.9815,E,202211.000,A,A*4D
$GNGSA,A,3,24,18,02,16,,,,,,,,,1.38,0.74,1.16,1*04
$GNGSA,A,3,68,85,,,,,,,,,,,1.38,0.74,1.16,2*0E
$GNGSA,A,3,,,,,,,,,,,,,1.38,0.74,1.16,3*0C
$GNGSA,A,3,07,05,13,03,,,,,,,,,1.38,0.74,1.16,4*08
$GPGSV,3,1,12,08,02,052,,15,57,136,,24,73,022,39.9,26,54,098,,1*71
$GPGSV,3,2,12,21,41,306,,10,36,051,,18,26,247,39.4,02,09,107,39.8,1*68
$GPGSV,3,3,12,27,09,080,,16,08,310,40.1,30,03,216,,29,67,218,,1*71
$GLGSV,1,1,04,79,23,152,,68,44,049,40.0,84,37,287,,85,10,335,39.9,1*7D
$GAGSV,1,1,00,7*73
$GBGSV,3,1,12,09,01,184,,01,38,147,,10,32,215,,02,30,229,,1*74
$GBGSV,3,2,12,08,27,167,,04,27,125,,06,19,165,,07,17,190,39.2,1*6D
$GBGSV,3,3,12,05,16,249,39.6,11,08,040,,13,06,040,39.8,03,45,191,39.2,1*67
$GNRMC,202211.000,A,3900.0030,N,11613.9815,E,0.04,323.16,280612,,,A,V*0E
$GNVTG,323.16,T,,M,0.04,N,0.08,K,A*2A
$GNZDA,202211.000,28,06,2012,,*47
$GNGGA,202212.000,3900.0030,N,11613.9815,E,1,10,0.74,-14.4,M,-6.8,M,,*76
$PAIRACC,3.35,9.00*47
$GNGLL,3900.0030,N,11613.9815,E,202212.000,A,A*4E
$GNGSA,A,3,24,18,02,16,,,,,,,,,1.38,0.74,1.16,1*04
$GNGSA,A,3,68,85,,,,,,,,,,,1.38,0.74,1.16,2*0E
$GNGSA,A,3,,,,,,,,,,,,,1.38,0.74,1.16,3*0C
$GNGSA,A,3,07,05,13,03,,,,,,,,,1.38,0.74,1.16,4*08
$GPGSV,3,1,12,08,02,052,,15,57,136,,24,73,022,39.7,26,54,098,,1*7F
$GPGSV,3,2,12,21,41,306,,10,36,051,,18,26,247,39.6,02,09,107,40.0,1*6C
$GPGSV,3,3,12,27,09,080,,16,08,310,40.1,30,03,216,,29,67,218,,1*71
$GLGSV,1,1,04,79,23,152,,68,44,049,39.7,84,37,287,,85,10,335,39.6,1*7B
$GAGSV,1,1,00,7*73
$GBGSV,3,1,12,09,01,184,,01,38,147,,10,32,215,,02,30,229,,1*74
$GBGSV,3,2,12,08,27,167,,04,27,125,,06,19,165,,07,17,190,39.6,1*69
$GBGSV,3,3,12,05,16,249,39.2,11,08,040,,13,06,040,39.5,03,45,191,38.5,1*68
$GNRMC,202212.000,A,3900.0030,N,11613.9815,E,0.04,322.68,280612,,,A,V*05
$GNVTG,322.68,T,,M,0.04,N,0.08,K,A*22
$GNZDA,202212.000,28,06,2012,,*44
$GNGGA,202213.000,3900.0030,N,11613.9815,E,1,10,0.74,-14.3,M,-6.8,M,,*70
$PAIRACC,3.31,9.37*47
$GNGLL,3900.0030,N,11613.9815,E,202213.000,A,A*4F
$GNGSA,A,3,24,18,02,16,,,,,,,,,1.38,0.74,1.16,1*04
$GNGSA,A,3,68,85,,,,,,,,,,,1.38,0.74,1.16,2*0E
$GNGSA,A,3,,,,,,,,,,,,,1.38,0.74,1.16,3*0C
$GNGSA,A,3,07,05,13,03,,,,,,,,,1.38,0.74,1.16,4*08
$GPGSV,3,1,12,08,02,052,,15,57,136,,24,73,022,39.6,26,54,098,,1*7E
$GPGSV,3,2,12,21,41,306,,10,35,051,,18,26,247,39.2,02,09,107,40.1,1*6A
$GPGSV,3,3,12,27,09,080,,16,08,310,40.2,30,03,216,,29,67,218,,1*72
$GLGSV,1,1,04,79,23,152,,68,44,049,39.9,84,37,287,,85,10,335,39.2,1*71
$GAGSV,1,1,00,7*73
$GBGSV,3,1,12,09,01,184,,01,38,147,,10,32,215,,02,30,229,,1*74
$GBGSV,3,2,12,08,27,167,,04,27,125,,06,19,165,,07,17,190,39.3,1*6C
$GBGSV,3,3,12,05,16,249,39.2,11,08,040,,13,06,040,39.2,03,45,191,38.6,1*6C
$GNRMC,202213.000,A,3900.0030,N,11613.9815,E,0.04,322.62,280612,,,A,V*0E
$GNVTG,322.62,T,,M,0.04,N,0.08,K,A*28
$GNZDA,202213.000,28,06,2012,,*45
$GNGGA,202214.000,3900.0030,N,11613.9815,E,1,10,0.74,-14.3,M,-6.8,M,,*77
$PAIRACC,3.35,9.00*47
$GNGLL,3900.0030,N,11613.9815,E,202214.000,A,A*48
$GNGSA,A,3,24,18,02,16,,,,,,,,,1.38,0.74,1.16,1*04
$GNGSA,A,3,68,85,,,,,,,,,,,1.38,0.74,1.16,2*0E
$GNGSA,A,3,,,,,,,,,,,,,1.38,0.74,1.16,3*0C
$GNGSA,A,3,07,05,13,03,,,,,,,,,1.38,0.74,1.16,4*08
$GPGSV,3,1,12,08,02,052,,15,57,136,,24,73,022,39.8,26,54,098,,1*70
$GPGSV,3,2,12,21,41,306,,10,35,051,,18,26,247,39.5,02,09,107,39.5,1*67
$GPGSV,3,3,12,27,09,080,,16,08,310,39.9,30,03,216,,29,67,218,,1*77
$GLGSV,1,1,04,79,23,152,,68,44,049,40.2,84,37,287,,85,10,335,39.8,1*7E
$GAGSV,1,1,00,7*73
$GBGSV,3,1,12,09,01,184,,01,38,147,,10,32,215,,02,30,229,,1*74
$GBGSV,3,2,12,08,27,167,,04,27,125,,06,19,165,,07,17,190,40.1,1*60
$GBGSV,3,3,12,05,16,249,39.3,11,08,040,,13,06,040,39.8,03,45,191,39.1,1*61
$GNRMC,202214.000,A,3900.0030,N,11613.9815,E,0.04,324.86,280612,,,A,V*05
$GNVTG,324.86,T,,M,0.04,N,0.08,K,A*24
$GNZDA,202214.000,28,06,2012,,*42
$GNGGA,202215.000,3900.0030,N,11613.9815,E,1,10,0.74,-14.3,M,-6.8,M,,*76
$PAIRACC,3.39,9.45*4A
$GNGLL,3900.0030,N,11613.9815,E,202215.000,A,A*49
$GNGSA,A,3,24,18,02,16,,,,,,,,,1.38,0.74,1.16,1*04
$GNGSA,A,3,68,85,,,,,,,,,,,1.38,0.74,1.16,2*0E
$GNGSA,A,3,,,,,,,,,,,,,1.38,0.74,1.16,3*0C
$GNGSA,A,3,07,05,13,03,,,,,,,,,1.38,0.74,1.16,4*08
$GPGSV,3,1,12,08,02,052,,15,57,136,,24,73,022,39.8,26,54,098,,1*70
$GPGSV,3,2,12,21,41,306,,10,35,051,,18,26,247,39.4,02,09,107,40.1,1*6C
$GPGSV,3,3,12,27,09,080,,16,08,310,39.9,30,03,216,,29,67,218,,1*77
$GLGSV,1,1,04,79,23,152,,68,44,049,40.0,84,37,287,,85,10,335,39.8,1*7C
$GAGSV,1,1,00,7*73
$GBGSV,3,1,12,09,01,184,,01,38,147,,10,32,215,,02,30,229,,1*74
$GBGSV,3,2,12,08,27,167,,04,27,125,,06,19,165,,07,17,190,39.4,1*6B
$GBGSV,3,3,12,05,16,249,39.0,11,08,040,,13,06,040,39.5,03,45,191,38.6,1*69
$GNRMC,202215.000,A,3900.0030,N,11613.9815,E,0.04,323.74,280612,,,A,V*0E
$GNVTG,323.74,T,,M,0.04,N,0.08,K,A*2E
$GNZDA,202215.000,28,06,2012,,*43
$GNGGA,202216.000,3900.0030,N,11613.9815,E,1,10,0.74,-14.3,M,-6.8,M,,*75
$PAIRACC,3.35,9.00*47
$GNGLL,3900.0030,N,11613.9815,E,202216.000,A,A*4A
$GNGSA,A,3,24,18,02,16,,,,,,,,,1.38,0.74,1.16,1*04
$GNGSA,A,3,68,85,,,,,,,,,,,1.38,0.74,1.16,2*0E
$GNGSA,A,3,,,,,,,,,,,,,1.38,0.74,1.16,3*0C
$GNGSA,A,3,07,05,13,03,,,,,,,,,1.38,0.74,1.16,4*08
$GPGSV,3,1,12,08,02,052,,15,57,136,,24,73,022,39.9,26,54,098,,1*71
$GPGSV,3,2,12,21,41,306,,10,35,051,,18,26,247,39.7,02,09,107,40.1,1*6F
$GPGSV,3,3,12,27,09,080,,16,08,310,40.0,30,03,216,,29,67,218,,1*70
$GLGSV,1,1,04,79,23,152,,68,44,049,39.7,84,37,287,,85,10,335,39.6,1*7B
$GAGSV,1,1,00,7*73
$GBGSV,3,1,12,09,01,184,,01,38,147,,10,32,215,,02,30,229,,1*74
$GBGSV,3,2,12,08,27,167,,04,27,125,,06,19,165,,07,17,190,39.8,1*67
$GBGSV,3,3,12,05,16,249,39.3,11,08,040,,13,06,040,39.7,03,45,191,38.6,1*68
$GNRMC,202216.000,A,3900.0030,N,11613.9815,E,0.04,323.73,280612,,,A,V*0A
$GNVTG,323.73,T,,M,0.04,N,0.07,K,A*26
$GNZDA,202216.000,28,06,2012,,*40
$GNGGA,202217.000,3900.0030,N,11613.9815,E,1,10,0.74,-14.3,M,-6.8,M,,*74
$PAIRACC,3.32,9.40*44
$GNGLL,3900.0030,N,11613.9815,E,202217.000,A,A*4B
$GNGSA,A,3,24,18,02,16,,,,,,,,,1.38,0.74,1.16,1*04
$GNGSA,A,3,68,85,,,,,,,,,,,1.38,0.74,1.16,2*0E
$GNGSA,A,3,,,,,,,,,,,,,1.38,0.74,1.16,3*0C
$GNGSA,A,3,07,05,13,03,,,,,,,,,1.38,0.74,1.16,4*08
$GPGSV,3,1,12,08,02,052,,24,73,022,39.8,15,57,136,,26,54,098,,1*70
$GPGSV,3,2,12,21,41,306,,10,35,051,,18,26,247,39.5,02,09,107,39.8,1*6A
$GPGSV,3,3,12,27,09,080,,16,08,310,39.8,30,03,216,,29,67,218,,1*76
$GLGSV,1,1,04,84,37,287,,68,44,049,40.1,79,23,152,,85,10,335,39.5,1*70
$GAGSV,1,1,00,7*73
$GBGSV,3,1,11,09,01,184,,01,38,147,,10,32,215,,02,30,229,,1*77
$GBGSV,3,2,11,08,27,167,,04,27,125,,06,19,165,,07,17,190,38.9,1*64
$GBGSV,3,3,11,05,16,249,39.0,13,06,040,39.6,03,45,191,39.1,1*53
$GNRMC,202217.000,A,3900.0030,N,11613.9815,E,0.04,321.20,280612,,,A,V*0F
$GNVTG,321.20,T,,M,0.04,N,0.07,K,A*22
$GNZDA,202217.000,28,06,2012,,*41
$GNGGA,202218.000,3900.0030,N,11613.9815,E,1,10,0.74,-14.3,M,-6.8,M,,*7B
$PAIRACC,3.32,8.98*40
$GNGLL,3900.0030,N,11613.9815,E,202218.000,A,A*44
$GNGSA,A,3,24,18,02,16,,,,,,,,,1.38,0.74,1.16,1*04
$GNGSA,A,3,68,85,,,,,,,,,,,1.38,0.74,1.16,2*0E
$GNGSA,A,3,,,,,,,,,,,,,1.38,0.74,1.16,3*0C
$GNGSA,A,3,07,05,13,03,,,,,,,,,1.38,0.74,1.16,4*08
$GPGSV,3,1,12,08,02,052,,15,58,135,,24,73,022,39.9,26,54,098,,1*7D
$GPGSV,3,2,12,21,41,306,,10,35,051,,18,26,247,39.5,02,09,107,39.8,1*6A
$GPGSV,3,3,12,27,09,080,,16,08,310,40.0,30,03,216,,29,67,218,,1*70
$GLGSV,1,1,04,79,23,152,,68,44,049,40.0,84,37,287,,85,10,335,39.6,1*72
$GAGSV,1,1,00,7*73
$GBGSV,3,1,12,09,01,184,,01,38,147,,10,32,215,,02,30,229,,1*74
$GBGSV,3,2,12,08,27,167,,04,27,125,,06,19,165,,07,17,190,39.6,1*69
$GBGSV,3,3,12,05,16,249,39.2,11,08,040,,13,06,040,39.6,03,45,191,38.8,1*66
$GNRMC,202218.000,A,3900.0030,N,11613.9815,E,0.04,320.77,280612,,,A,V*03
$GNVTG,320.77,T,,M,0.04,N,0.07,K,A*21
$GNZDA,202218.000,28,06,2012,,*4E
$GNGGA,202219.000,3900.0030,N,11613.9814,E,1,10,0.74,-14.3,M,-6.8,M,,*7B
$PAIRACC,3.32,8.90*48
$GNGLL,3900.0030,N,11613.9814,E,202219.000,A,A*44
$GNGSA,A,3,24,18,02,16,,,,,,,,,1.38,0.74,1.16,1*04
$GNGSA,A,3,68,85,,,,,,,,,,,1.38,0.74,1.16,2*0E
$GNGSA,A,3,,,,,,,,,,,,,1.38,0.74,1.16,3*0C
$GNGSA,A,3,07,05,13,03,,,,,,,,,1.38,0.74,1.16,4*08
$GPGSV,3,1,11,08,02,052,,26,54,098,,24,73,022,40.0,21,41,306,,1*74
$GPGSV,3,2,11,10,35,051,,18,26,247,39.3,02,09,107,39.7,27,09,080,,1*67
$GPGSV,3,3,11,16,08,309,39.8,30,03,216,,15,58,135,,1*46
$GLGSV,1,1,04,79,23,152,,68,44,049,39.6,84,37,287,,85,10,335,39.6,1*7A
$GAGSV,1,1,00,7*73
$GBGSV,3,1,12,09,01,184,,01,38,147,,10,32,215,,02,30,229,,1*74
$GBGSV,3,2,12,08,27,167,,04,27,125,,06,19,165,,07,17,190,38.7,1*69
$GBGSV,3,3,12,05,16,249,39.2,11,08,040,,13,06,040,39.8,03,45,191,38.6,1*66
$GNRMC,202219.000,A,3900.0030,N,11613.9814,E,0.03,319.33,280612,,,A,V*0E
$GNVTG,319.33,T,,M,0.03,N,0.06,K,A*2D
$GNZDA,202219.000,28,06,2012,,*4F
$GNGGA,202220.000,3900.0030,N,11613.9814,E,1,10,0.74,-14.3,M,-6.8,M,,*71
$PAIRACC,3.34,9.02*44
$GNGLL,3900.0030,N,11613.9814,E,202220.000,A,A*4E
$GNGSA,A,3,24,18,02,16,,,,,,,,,1.38,0.74,1.16,1*04
$GNGSA,A,3,68,85,,,,,,,,,,,1.38,0.74,1.16,2*0E
$GNGSA,A,3,,,,,,,,,,,,,1.38,0.74,1.16,3*0C
$GNGSA,A,3,07,05,13,03,,,,,,,,,1.38,0.74,1.16,4*08
$GPGSV,3,1,11,08,02,052,,15,58,135,,24,73,022,39.8,26,54,098,,1*7F
$GPGSV,3,2,11,21,41,306,,10,35,051,,18,26,247,39.6,02,09,107,40.2,1*6E
$GPGSV,3,3,11,16,08,309,39.6,30,03,216,,29,67,218,,1*47
$GLGSV,1,1,04,79,23,152,,68,44,049,39.7,84,37,287,,85,10,335,39.0,1*7D
$GAGSV,1,1,00,7*73
$GBGSV,3,1,12,09,01,184,,01,38,147,,10,32,215,,02,30,229,,1*74
$GBGSV,3,2,12,08,27,167,,04,27,125,,06,19,165,,07,17,190,40.1,1*60
$GBGSV,3,3,12,05,16,249,39.4,11,08,040,,13,06,040,39.9,03,45,191,39.4,1*62
$GNRMC,202220.000,A,3900.0030,N,11613.9814,E,0.03,320.83,280612,,,A,V*05
$GNVTG,320.83,T,,M,0.03,N,0.06,K,A*2C
$GNZDA,202220.000,28,06,2012,,*45
$GNGGA,202221.000,3900.0030,N,11613.9814,E,1,10,0.74,-14.3,M,-6.8,M,,*70
$PAIRACC,3.36,9.41*41
$GNGLL,3900.0030,N,11613.9814,E,202221.000,A,A*4F
$GNGSA,A,3,24,18,02,16,,,,,,,,,1.38,0.74,1.16,1*04
$GNGSA,A,3,68,85,,,,,,,,,,,1.38,0.74,1.16,2*0E
$GNGSA,A,3,,,,,,,,,,,,,1.38,0.74,1.16,3*0C
$GNGSA,A,3,07,05,13,03,,,,,,,,,1.38,0.74,1.16,4*08
$GPGSV,3,1,12,08,02,052,,15,58,135,,24,73,022,39.9,26,54,098,,1*7D
$GPGSV,3,2,12,21,41,306,,10,35,051,,18,27,248,39.5,02,09,107,40.0,1*62
$GPGSV,3,3,12,27,09,080,,16,08,309,39.7,30,03,216,,29,67,218,,1*71
$GLGSV,1,1,04,79,23,152,,68,44,049,39.9,84,37,287,,85,10,335,39.5,1*76
$GAGSV,1,1,00,7*73
$GBGSV,3,1,12,09,01,184,,01,38,147,,10,32,215,,02,30,229,,1*74
$GBGSV,3,2,12,08,27,167,,04,27,125,,06,19,165,,07,17,190,39.2,1*6D
$GBGSV,3,3,12,05,16,249,39.2,11,08,040,,13,06,040,39.6,03,45,191,38.5,1*6B
$GNRMC,202221.000,A,3900.0030,N,11613.9814,E,0.03,318.21,280612,,,A,V*07
$GNVTG,318.21,T,,M,0.03,N,0.06,K,A*2F
$GNZDA,202221.000,28,06,2012,,*44
$GNGGA,202222.000,3900.0030,N,11613.9814,E,1,10,0.74,-14.3,M,-6.8,M,,*73
$PAIRACC,3.34,9.02*44
$GNGLL,3900.0030,N,11613.9814,E,202222.000,A,A*4C
$GNGSA,A,3,24,18,02,16,,,,,,,,,1.38,0.74,1.16,1*04
$GNGSA,A,3,68,85,,,,,,,,,,,1.38,0.74,1.16,2*0E
$GNGSA,A,3,,,,,,,,,,,,,1.38,0.74,1.16,3*0C
$GNGSA,A,3,07,05,13,03,,,,,,,,,1.38,0.74,1.16,4*08
$GPGSV,3,1,12,08,02,052,,15,58,135,,24,73,022,40.1,26,54,098,,1*7B
$GPGSV,3,2,12,21,41,306,,10,35,051,,18,27,248,39.4,02,09,107,39.5,1*68
$GPGSV,3,3,12,27,09,080,,16,08,309,40.2,30,03,216,,29,67,218,,1*7A
$GLGSV,1,1,04,79,23,152,,68,44,049,40.1,84,37,287,,85,10,335,39.0,1*75
$GAGSV,1,1,00,7*73
$GBGSV,3,1,12,09,01,184,,01,38,147,,10,32,215,,02,30,229,,1*74
$GBGSV,3,2,12,08,27,167,,04,27,125,,06,19,165,,07,17,190,39.9,1*66
$GBGSV,3,3,12,05,16,249,39.3,11,08,040,,13,06,040,39.4,03,45,191,38.5,1*68
$GNRMC,202222.000,A,3900.0030,N,11613.9814,E,0.03,322.60,280612,,,A,V*08
$GNVTG,322.60,T,,M,0.03,N,0.05,K,A*20
$GNZDA,202222.000,28,06,2012,,*47
$GNGGA,202223.000,3900.0030,N,11613.9814,E,1,10,0.74,-14.3,M,-6.8,M,,*72
$PAIRACC,3.32,8.90*48
$GNGLL,3900.0030,N,11613.9814,E,202223.000,A,A*4D
$GNGSA,A,3,24,18,02,16,,,,,,,,,1.38,0.74,1.16,1*04
$GNGSA,A,3,68,85,,,,,,,,,,,1.38,0.74,1.16,2*0E
$GNGSA,A,3,,,,,,,,,,,,,1.38,0.74,1.16,3*0C
$GNGSA,A,3,07,05,13,03,,,,,,,,,1.38,0.74,1.16,4*08
$GPGSV,3,1,12,08,02,052,,15,58,135,,24,73,022,39.8,26,54,098,,1*7C
$GPGSV,3,2,12,21,41,306,,10,35,051,,18,27,248,39.8,02,09,107,40.0,1*6F
$GPGSV,3,3,12,27,09,080,,16,08,309,39.6,30,03,216,,29,67,218,,1*70
$GLGSV,1,1,04,79,23,152,,68,44,049,39.3,84,37,287,,85,10,335,39.4,1*7D
$GAGSV,1,1,00,7*73
$GBGSV,3,1,12,09,01,184,,01,38,147,,10,32,215,,02,30,229,,1*74
$GBGSV,3,2,12,08,27,167,,04,27,125,,06,19,165,,07,17,190,39.8,1*67
$GBGSV,3,3,12,05,16,249,39.7,11,08,040,,13,06,040,39.7,03,45,191,39.3,1*68
$GNRMC,202223.000,A,3900.0030,N,11613.9814,E,0.02,320.56,280612,,,A,V*0F
$GNVTG,320.56,T,,M,0.02,N,0.04,K,A*27
$GNZDA,202223.000,28,06,2012,,*46
$GNGGA,202224.000,3900.0030,N,11613.9815,E,1,10,0.74,-14.3,M,-6.8,M,,*74
$PAIRACC,3.32,8.98*40
$GNGLL,3900.0030,N,11613.9815,E,202224.000,A,A*4B
$GNGSA,A,3,24,18,02,16,,,,,,,,,1.38,0.74,1.16,1*04
$GNGSA,A,3,68,85,,,,,,,,,,,1.38,0.74,1.16,2*0E
$GNGSA,A,3,,,,,,,,,,,,,1.38,0.74,1.16,3*0C
$GNGSA,A,3,07,05,13,03,,,,,,,,,1.38,0.74,1.16,4*08
$GPGSV,3,1,12,08,02,052,,15,58,135,,24,73,022,39.6,26,54,098,,1*72
$GPGSV,3,2,12,21,42,307,,10,35,051,,18,27,248,39.6,02,09,107,39.4,1*69
$GPGSV,3,3,12,27,09,080,,16,08,309,39.5,30,03,216,,29,67,218,,1*73
$GLGSV,1,1,04,79,23,152,,68,44,049,40.0,84,37,287,,85,10,335,39.7,1*73
$GAGSV,1,1,00,7*73
$GBGSV,3,1,12,09,01,184,,01,38,147,,10,32,215,,02,30,229,,1*74
$GBGSV,3,2,12,08,27,167,,04,27,125,,06,19,165,,07,17,190,39.7,1*68
$GBGSV,3,3,12,05,16,249,39.3,11,08,040,,13,06,040,39.8,03,45,191,38.8,1*69
$GNRMC,202224.000,A,3900.0030,N,11613.9815,E,0.02,337.11,280612,,,A,V*0C
$GNVTG,337.11,T,,M,0.02,N,0.04,K,A*22
$GNZDA,202224.000,28,06,2012,,*41
$GNGGA,202225.000,3900.0030,N,11613.9814,E,1,10,0.74,-14.3,M,-6.8,M,,*74
$PAIRACC,3.32,8.90*48
$GNGLL,3900.0030,N,11613.9814,E,202225.000,A,A*4B
$GNGSA,A,3,24,18,02,16,,,,,,,,,1.38,0.74,1.16,1*04
$GNGSA,A,3,68,85,,,,,,,,,,,1.38,0.74,1.16,2*0E
$GNGSA,A,3,,,,,,,,,,,,,1.38,0.74,1.16,3*0C
$GNGSA,A,3,07,05,13,03,,,,,,,,,1.38,0.74,1.16,4*08
$GPGSV,3,1,12,08,02,052,,15,58,135,,24,73,022,40.1,26,54,098,,1*7B
$GPGSV,3,2,12,21,42,307,,10,35,051,,18,27,248,39.4,02,09,107,40.1,1*60
$GPGSV,3,3,12,27,09,080,,16,08,309,39.9,30,03,216,,29,67,218,,1*7F
$GLGSV,1,1,04,79,23,152,,68,44,049,39.8,84,37,287,,85,10,335,39.6,1*74
$GAGSV,1,1,00,7*73
$GBGSV,3,1,12,09,01,184,,01,38,147,,10,32,215,,02,30,229,,1*74
$GBGSV,3,2,12,08,27,167,,04,27,125,,06,19,165,,07,17,190,40.5,1*64
$GBGSV,3,3,12,05,16,249,39.3,11,08,040,,13,06,040,39.9,03,45,191,38.6,1*66
$GNRMC,202225.000,A,3900.0030,N,11613.9814,E,0.02,322.67,280612,,,A,V*09
$GNVTG,322.67,T,,M,0.02,N,0.03,K,A*20
$GNZDA,202225.000,28,06,2012,,*40
$GNGGA,202226.000,3900.0030,N,11613.9814,E,1,10,0.74,-14.3,M,-6.8,M,,*77
$PAIRACC,3.33,9.01*40
$GNGLL,3900.0030,N,11613.9814,E,202226.000,A,A*48
$GNGSA,A,3,24,18,02,16,,,,,,,,,1.38,0.74,1.16,1*04
$GNGSA,A,3,68,85,,,,,,,,,,,1.38,0.74,1.16,2*0E
$GNGSA,A,3,,,,,,,,,,,,,1.38,0.74,1.16,3*0C
$GNGSA,A,3,07,05,13,03,,,,,,,,,1.38,0.74,1.16,4*08
$GPGSV,3,1,12,08,02,052,,15,58,135,,24,73,022,39.5,26,54,098,,1*71
$GPGSV,3,2,12,21,42,307,,10,35,051,,18,27,248,39.6,02,09,107,39.3,1*6E
$GPGSV,3,3,12,27,09,080,,16,08,309,39.1,30,03,216,,29,67,218,,1*77
$GLGSV,1,1,04,79,23,152,,68,44,049,39.8,84,37,287,,85,10,335,39.7,1*75
$GAGSV,1,1,00,7*73
$GBGSV,3,1,12,09,01,184,,01,38,147,,10,32,215,,02,30,229,,1*74
$GBGSV,3,2,12,08,27,167,,04,27,125,,06,19,165,,07,17,190,39.7,1*68
$GBGSV,3,3,12,05,16,249,39.5,11,08,040,,13,06,040,39.8,03,45,191,39.5,1*63
$GNRMC,202226.000,A,3900.0030,N,11613.9814,E,0.01,316.52,280612,,,A,V*08
$GNVTG,316.52,T,,M,0.01,N,0.03,K,A*22
$GNZDA,202226.000,28,06,2012,,*43
$GNGGA,202227.000,3900.0030,N,11613.9814,E,1,10,0.74,-14.3,M,-6.8,M,,*76
$PAIRACC,3.39,8.94*47
$GNGLL,3900.0030,N,11613.9814,E,202227.000,A,A*49
$GNGSA,A,3,24,18,02,16,,,,,,,,,1.38,0.74,1.16,1*04
$GNGSA,A,3,68,85,,,,,,,,,,,1.38,0.74,1.16,2*0E
$GNGSA,A,3,,,,,,,,,,,,,1.38,0.74,1.16,3*0C
$GNGSA,A,3,07,05,13,03,,,,,,,,,1.38,0.74,1.16,4*08
$GPGSV,3,1,12,08,02,052,,15,58,135,,24,73,026,39.6,26,54,098,,1*76
$GPGSV,3,2,12,21,42,307,,10,35,051,,18,27,248,39.0,02,09,107,39.3,1*68
$GPGSV,3,3,12,27,09,080,,16,08,309,39.3,30,03,216,,29,67,218,,1*75
$GLGSV,1,1,04,79,23,152,,68,44,049,39.8,84,37,287,,85,10,335,39.5,1*77
$GAGSV,1,1,00,7*73
$GBGSV,3,1,12,09,01,184,,01,38,147,,10,32,215,,02,30,229,,1*74
$GBGSV,3,2,12,08,27,167,,04,27,125,,06,19,165,,07,17,190,40.0,1*61
$GBGSV,3,3,12,05,16,249,39.2,11,08,040,,13,06,040,39.3,03,45,191,38.6,1*6D
$GNRMC,202227.000,A,3900.0030,N,11613.9814,E,0.01,311.64,280612,,,A,V*0B
$GNVTG,311.64,T,,M,0.01,N,0.02,K,A*21
$GNZDA,202227.000,28,06,2012,,*42
$GNGGA,202228.000,3900.0030,N,11613.9814,E,1,10,0.74,-14.3,M,-6.8,M,,*79
$PAIRACC,3.33,9.44*41
$GNGLL,3900.0030,N,11613.9814,E,202228.000,A,A*46
$GNGSA,A,3,24,18,02,16,,,,,,,,,1.38,0.74,1.16,1*04
$GNGSA,A,3,68,85,,,,,,,,,,,1.38,0.74,1.16,2*0E
$GNGSA,A,3,,,,,,,,,,,,,1.38,0.74,1.16,3*0C
$GNGSA,A,3,07,05,13,03,,,,,,,,,1.38,0.74,1.16,4*08
$GPGSV,3,1,12,08,02,052,,15,58,135,,24,73,026,40.0,26,54,098,,1*7E
$GPGSV,3,2,12,21,42,307,,10,35,051,,18,27,248,39.1,02,09,107,39.8,1*62
$GPGSV,3,3,12,27,09,080,,16,08,309,40.0,30,03,216,,29,67,218,,1*78
$GLGSV,1,1,04,79,23,152,,68,44,049,39.9,84,37,287,,85,10,335,39.9,1*7A
$GAGSV,1,1,00,7*73
$GBGSV,3,1,12,09,01,184,,01,38,147,,10,32,215,,02,30,229,,1*74
$GBGSV,3,2,12,08,27,167,,04,27,125,,06,19,165,,07,17,190,40.0,1*61
$GBGSV,3,3,12,05,16,249,39.0,11,08,040,,13,06,040,39.8,03,45,191,38.8,1*6A
$GNRMC,202228.000,A,3900.0030,N,11613.9814,E,0.01,325.53,280612,,,A,V*07
$GNVTG,325.53,T,,M,0.01,N,0.01,K,A*21
$GNZDA,202228.000,28,06,2012,,*4D
$GNGGA,202229.000,3900.0030,N,11613.9814,E,1,10,0.74,-14.3,M,-6.8,M,,*78
$PAIRACC,3.34,8.93*4D
$GNGLL,3900.0030,N,11613.9814,E,202229.000,A,A*47
$GNGSA,A,3,24,18,02,16,,,,,,,,,1.38,0.74,1.16,1*04
$GNGSA,A,3,68,85,,,,,,,,,,,1.38,0.74,1.16,2*0E
$GNGSA,A,3,,,,,,,,,,,,,1.38,0.74,1.16,3*0C
$GNGSA,A,3,07,05,13,03,,,,,,,,,1.38,0.74,1.16,4*08
$GPGSV,3,1,11,08,02,052,,15,58,135,,24,73,026,39.7,21,42,307,,1*71
$GPGSV,3,2,11,10,35,051,,18,27,248,39.4,02,09,107,39.4,27,09,080,,1*6D
$GPGSV,3,3,11,16,08,309,40.1,30,03,216,,29,67,218,,1*4E
$GLGSV,1,1,04,79,23,152,,68,44,049,40.2,84,37,287,,85,10,335,39.9,1*7F
$GAGSV,1,1,00,7*73
$GBGSV,3,1,12,09,01,184,,01,38,147,,10,32,215,,02,30,229,,1*74
$GBGSV,3,2,12,08,27,167,,04,27,125,,06,19,165,,07,17,190,40.2,1*63
$GBGSV,3,3,12,05,16,249,39.5,11,08,040,,13,06,040,39.4,03,45,191,39.6,1*6C
$GNRMC,202229.000,A,3900.0030,N,11613.9814,E,0.01,337.55,280612,,,A,V*03
$GNVTG,337.55,T,,M,0.01,N,0.01,K,A*24
$GNZDA,202229.000,28,06,2012,,*4C
$GNGGA,202230.000,3900.0030,N,11613.9815,E,1,10,0.74,-14.3,M,-6.8,M,,*71
$PAIRACC,3.41,9.50*41
$GNGLL,3900.0030,N,11613.9815,E,202230.000,A,A*4E
$GNGSA,A,3,24,18,02,16,,,,,,,,,1.38,0.74,1.16,1*04
$GNGSA,A,3,68,85,,,,,,,,,,,1.38,0.74,1.16,2*0E
$GNGSA,A,3,,,,,,,,,,,,,1.38,0.74,1.16,3*0C
$GNGSA,A,3,07,05,13,03,,,,,,,,,1.38,0.74,1.16,4*08
$GPGSV,3,1,12,08,02,052,,15,58,135,,24,73,026,40.1,26,55,096,,1*70
$GPGSV,3,2,12,21,42,307,,10,35,051,,18,27,248,39.8,02,09,107,39.6,1*65
$GPGSV,3,3,12,27,09,078,,16,08,309,39.8,30,03,216,,29,67,218,,1*79
$GLGSV,1,1,04,79,23,152,,68,44,049,39.9,84,37,287,,85,10,335,40.0,1*7D
$GAGSV,1,1,00,7*73
$GBGSV,3,1,12,09,01,184,,01,38,147,,10,32,215,,02,30,229,,1*74
$GBGSV,3,2,12,08,27,167,,04,27,125,,06,19,165,,07,17,190,39.7,1*68
$GBGSV,3,3,12,05,16,249,39.4,11,08,040,,13,06,040,39.1,03,45,191,38.6,1*69
$GNRMC,202230.000,A,3900.0030,N,11613.9815,E,0.01,333.04,280612,,,A,V*0A
$GNVTG,333.04,T,,M,0.01,N,0.01,K,A*24
$GNZDA,202230.000,28,06,2012,,*44
$GNGGA,202231.000,3900.0030,N,11613.9815,E,1,10,0.74,-14.3,M,-6.8,M,,*70
$PAIRACC,3.32,8.90*48
$GNGLL,3900.0030,N,11613.9815,E,202231.000,A,A*4F
$GNGSA,A,3,24,18,02,16,,,,,,,,,1.38,0.74,1.16,1*04
$GNGSA,A,3,68,85,,,,,,,,,,,1.38,0.74,1.16,2*0E
$GNGSA,A,3,,,,,,,,,,,,,1.38,0.74,1.16,3*0C
$GNGSA,A,3,07,05,13,03,,,,,,,,,1.38,0.74,1.16,4*08
$GPGSV,3,1,12,08,02,052,,15,58,135,,24,73,026,39.9,26,55,096,,1*76
$GPGSV,3,2,12,21,42,307,,10,35,051,,18,27,248,39.6,02,09,107,40.1,1*62
$GPGSV,3,3,12,27,09,078,,16,08,309,40.3,30,03,216,,29,67,218,,1*7C
$GLGSV,1,1,04,79,23,152,,68,44,049,40.0,84,37,287,,85,10,335,40.0,1*7A
$GAGSV,1,1,00,7*73
$GBGSV,3,1,12,09,01,184,,01,38,147,,10,32,215,,02,30,229,,1*74
$GBGSV,3,2,12,08,27,167,,04,27,125,,06,19,165,,07,17,190,39.7,1*68
$GBGSV,3,3,12,05,16,249,39.4,11,08,040,,13,06,040,39.3,03,45,191,38.5,1*68
$GNRMC,202231.000,A,3900.0030,N,11613.9815,E,0.01,346.55,280612,,,A,V*0D
$GNVTG,346.55,T,,M,0.01,N,0.01,K,A*22
$GNZDA,202231.000,28,06,2012,,*45
$GNGGA,202232.000,3900.0030,N,11613.9815,E,1,10,0.74,-14.3,M,-6.8,M,,*73
$PAIRACC,3.43,9.54*47
$GNGLL,3900.0030,N,11613.9815,E,202232.000,A,A*4C
$GNGSA,A,3,24,18,02,16,,,,,,,,,1.38,0.74,1.16,1*04
$GNGSA,A,3,68,85,,,,,,,,,,,1.38,0.74,1.16,2*0E
$GNGSA,A,3,,,,,,,,,,,,,1.38,0.74,1.16,3*0C
$GNGSA,A,3,07,05,13,03,,,,,,,,,1.38,0.74,1.16,4*08
$GPGSV,3,1,11,08,02,052,,26,55,096,,24,73,026,40.2,21,42,307,,1*7F
$GPGSV,3,2,11,10,35,051,,18,27,248,39.7,02,09,107,39.5,27,09,078,,1*68
$GPGSV,3,3,11,16,08,309,39.7,30,03,216,,15,58,135,,1*49
$GLGSV,1,1,04,79,23,152,,68,44,049,39.6,84,37,287,,85,10,335,40.0,1*72
$GAGSV,1,1,00,7*73
$GBGSV,3,1,12,09,01,184,,01,38,147,,10,32,215,,02,30,229,,1*74
$GBGSV,3,2,12,08,27,167,,04,27,125,,06,19,165,,07,17,190,39.2,1*6D
$GBGSV,3,3,12,05,16,249,39.5,11,08,040,,13,06,040,39.0,03,45,191,39.5,1*6B
$GNRMC,202232.000,A,3900.0030,N,11613.9815,E,0.01,339.13,280612,,,A,V*04
$GNVTG,339.13,T,,M,0.01,N,0.01,K,A*28
$GNZDA,202232.000,28,06,2012,,*46
$GNGGA,202233.000,3900.0030,N,11613.9815,E,1,10,0.74,-14.3,M,-6.8,M,,*72
$PAIRACC,3.32,8.90*48
$GNGLL,3900.0030,N,11613.9815,E,202233.000,A,A*4D
$GNGSA,A,3,24,18,02,16,,,,,,,,,1.38,0.74,1.16,1*04
$GNGSA,A,3,68,85,,,,,,,,,,,1.38,0.74,1.16,2*0E
$GNGSA,A,3,,,,,,,,,,,,,1.38,0.74,1.16,3*0C
$GNGSA,A,3,07,05,13,03,,,,,,,,,1.38,0.74,1.16,4*08
$GPGSV,3,1,11,08,02,052,,15,58,135,,24,73,026,39.7,26,55,096,,1*7B
$GPGSV,3,2,11,21,42,307,,10,35,051,,18,27,248,39.5,02,09,107,39.8,1*65
$GPGSV,3,3,11,16,08,309,40.0,30,02,215,,29,66,216,,1*42
$GLGSV,1,1,04,79,23,152,,68,44,049,40.1,84,37,287,,85,10,335,39.6,1*73
$GAGSV,1,1,00,7*73
$GBGSV,3,1,12,09,01,184,,01,38,147,,10,32,215,,02,30,229,,1*74
$GBGSV,3,2,12,08,27,167,,04,27,125,,06,19,165,,07,17,190,39.6,1*69
$GBGSV,3,3,12,05,16,249,38.8,11,08,040,,13,06,040,39.2,03,45,191,38.5,1*64
$GNRMC,202233.000,A,3900.0030,N,11613.9815,E,0.01,344.83,280612,,,A,V*06
$GNVTG,344.83,T,,M,0.01,N,0.01,K,A*2B
$GNZDA,202233.000,28,06,2012,,*47
$GNGGA,202234.000,3900.0030,N,11613.9815,E,1,10,0.74,-14.3,M,-6.8,M,,*75
$PAIRACC,3.43,9.55*46
$GNGLL,3900.0030,N,11613.9815,E,202234.000,A,A*4A
$GNGSA,A,3,24,18,02,16,,,,,,,,,1.38,0.74,1.16,1*04
$GNGSA,A,3,68,85,,,,,,,,,,,1.38,0.74,1.16,2*0E
$GNGSA,A,3,,,,,,,,,,,,,1.38,0.74,1.16,3*0C
$GNGSA,A,3,07,05,13,03,,,,,,,,,1.38,0.74,1.16,4*08
$GPGSV,3,1,12,08,02,052,,24,73,026,40.3,15,58,135,,26,55,096,,1*72
$GPGSV,3,2,12,21,42,307,,10,35,051,,18,27,248,39.6,02,09,107,39.3,1*6E
$GPGSV,3,3,12,27,09,078,,16,08,309,39.7,30,02,215,,29,66,216,,1*7B
$GLGSV,1,1,04,84,37,287,,68,44,049,39.5,79,23,152,,85,10,335,39.4,1*7B
$GAGSV,1,1,00,7*73
$GBGSV,3,1,11,09,01,184,,10,32,215,,02,30,229,,08,27,167,,1*72
$GBGSV,3,2,11,04,27,125,,06,19,165,,07,17,190,39.1,05,16,249,39.4,1*7D
$GBGSV,3,3,11,11,08,040,,13,06,040,39.3,03,45,191,38.5,1*46
$GNRMC,202234.000,A,3900.0030,N,11613.9815,E,0.01,353.12,280612,,,A,V*0F
$GNVTG,353.12,T,,M,0.01,N,0.01,K,A*25
$GNZDA,202234.000,28,06,2012,,*40
$GNGGA,202235.000,3900.0030,N,11613.9815,E,1,10,0.74,-14.3,M,-6.8,M,,*74
$PAIRACC,3.29,8.90*42
$GNGLL,3900.0030,N,11613.9815,E,202235.000,A,A*4B
$GNGSA,A,3,24,18,02,16,,,,,,,,,1.38,0.74,1.16,1*04
$GNGSA,A,3,68,85,,,,,,,,,,,1.38,0.74,1.16,2*0E
$GNGSA,A,3,,,,,,,,,,,,,1.38,0.74,1.16,3*0C
$GNGSA,A,3,07,05,13,03,,,,,,,,,1.38,0.74,1.16,4*08
$GPGSV,3,1,12,08,02,052,,15,58,135,,24,73,026,39.7,26,55,096,,1*78
$GPGSV,3,2,12,21,42,307,,10,35,051,,18,27,248,39.0,02,09,107,39.7,1*6C
$GPGSV,3,3,12,27,09,078,,16,08,309,39.7,30,02,215,,29,66,216,,1*7B
$GLGSV,1,1,04,79,23,152,,68,44,049,39.8,84,37,287,,85,10,335,39.6,1*74
$GAGSV,1,1,00,7*73
$GBGSV,3,1,12,09,01,184,,01,38,147,,10,32,215,,02,30,229,,1*74
$GBGSV,3,2,12,08,27,167,,04,27,125,,06,19,165,,07,17,190,40.1,1*60
$GBGSV,3,3,12,05,16,249,39.1,11,08,040,,13,06,040,39.0,03,45,191,39.1,1*6B
$GNRMC,202235.000,A,3900.0030,N,11613.9815,E,0.01,338.03,280612,,,A,V*03
$GNVTG,338.03,T,,M,0.01,N,0.01,K,A*28
$GNZDA,202235.000,28,06,2012,,*41
$GNGGA,202236.000,3900.0030,N,11613.9815,E,1,10,0.74,-14.3,M,-6.8,M,,*77
$PAIRACC,3.46,9.52*44
$GNGLL,3900.0030,N,11613.9815,E,202236.000,A,A*48
$GNGSA,A,3,24,18,02,16,,,,,,,,,1.38,0.74,1.16,1*04
$GNGSA,A,3,68,85,,,,,,,,,,,1.38,0.74,1.16,2*0E
$GNGSA,A,3,,,,,,,,,,,,,1.38,0.74,1.16,3*0C
$GNGSA,A,3,07,05,13,03,,,,,,,,,1.38,0.74,1.16,4*08
$GPGSV,3,1,12,08,02,052,,15,58,135,,24,73,026,39.7,26,55,096,,1*78
$GPGSV,3,2,12,21,42,307,,10,35,051,,18,27,248,39.1,02,09,107,39.8,1*62
$GPGSV,3,3,12,27,09,078,,16,08,309,40.1,30,02,215,,29,66,216,,1*73
$GLGSV,1,1,04,79,23,152,,68,44,049,39.8,84,37,287,,85,10,335,39.9,1*7B
$GAGSV,1,1,00,7*73
$GBGSV,3,1,12,09,01,184,,01,38,147,,10,32,215,,02,30,229,,1*74
$GBGSV,3,2,12,08,27,167,,04,27,125,,06,19,165,,07,17,190,39.0,1*6F
$GBGSV,3,3,12,05,16,249,39.4,11,08,040,,13,06,040,39.6,03,45,191,39.0,1*69
$GNRMC,202236.000,A,3900.0030,N,11613.9815,E,0.01,320.44,280612,,,A,V*0A
$GNVTG,320.44,T,,M,0.01,N,0.01,K,A*22
$GNZDA,202236.000,28,06,2012,,*42
$GNGGA,202237.000,3900.0030,N,11613.9815,E,1,10,0.74,-14.3,M,-6.8,M,,*76
$PAIRACC,3.30,8.94*4E
$GNGLL,3900.0030,N,11613.9815,E,202237.000,A,A*49
$GNGSA,A,3,24,18,02,16,,,,,,,,,1.38,0.74,1.16,1*04
$GNGSA,A,3,68,85,,,,,,,,,,,1.38,0.74,1.16,2*0E
$GNGSA,A,3,,,,,,,,,,,,,1.38,0.74,1.16,3*0C
$GNGSA,A,3,07,05,13,03,,,,,,,,,1.38,0.74,1.16,4*08
$GPGSV,3,1,12,08,02,052,,15,58,135,,24,73,026,39.7,26,55,096,,1*78
$GPGSV,3,2,12,21,42,307,,10,35,051,,18,27,248,38.9,02,09,107,39.5,1*66
$GPGSV,3,3,12,27,09,078,,16,08,309,39.8,30,02,215,,29,66,216,,1*74
$GLGSV,1,1,04,79,23,152,,68,44,049,40.1,84,37,287,,85,10,335,40.0,1*7B
$GAGSV,1,1,00,7*73
$GBGSV,3,1,12,09,01,184,,01,38,147,,10,32,215,,02,30,229,,1*74
$GBGSV,3,2,12,08,27,167,,04,27,125,,06,19,165,,07,17,190,39.9,1*66
$GBGSV,3,3,12,05,16,249,39.3,11,08,040,,13,06,040,39.3,03,45,191,38.7,1*6D
$GNRMC,202237.000,A,3900.0030,N,11613.9815,E,0.01,322.53,280612,,,A,V*0F
$GNVTG,322.53,T,,M,0.01,N,0.01,K,A*26
$GNZDA,202237.000,28,06,2012,,*43
$GNGGA,202238.000,3900.0030,N,11613.9815,E,1,10,0.74,-14.3,M,-6.8,M,,*79
$PAIRACC,3.35,8.96*49
$GNGLL,3900.0030,N,11613.9815,E,202238.000,A,A*46
$GNGSA,A,3,24,18,02,16,,,,,,,,,1.38,0.74,1.16,1*04
$GNGSA,A,3,68,85,,,,,,,,,,,1.38,0.74,1.16,2*0E
$GNGSA,A,3,,,,,,,,,,,,,1.38,0.74,1.16,3*0C
$GNGSA,A,3,07,05,13,03,,,,,,,,,1.38,0.74,1.16,4*08
$GPGSV,3,1,12,08,02,052,,15,58,135,,24,73,026,39.9,26,55,096,,1*76
$GPGSV,3,2,12,21,42,307,,10,35,051,,18,27,248,39.6,02,09,107,39.7,1*6A
$GPGSV,3,3,12,27,09,078,,16,08,309,39.6,30,02,215,,29,66,216,,1*7A
$GLGSV,1,1,04,79,23,152,,68,44,049,40.1,84,37,287,,85,10,335,39.7,1*72
$GAGSV,1,1,00,7*73
$GBGSV,3,1,12,09,01,184,,01,38,147,,10,32,215,,02,30,229,,1*74
$GBGSV,3,2,12,08,27,167,,04,27,125,,06,19,165,,07,17,190,39.3,1*6C
$GBGSV,3,3,12,05,16,249,39.2,11,08,040,,13,06,040,39.7,03,45,191,39.3,1*6D
$GNRMC,202238.000,A,3900.0030,N,11613.9815,E,0.01,309.31,280612,,,A,V*0D
$GNVTG,309.31,T,,M,0.01,N,0.01,K,A*2B
$GNZDA,202238.000,28,06,2012,,*4C
$GNGGA,202239.000,3900.0030,N,11613.9815,E,1,10,0.74,-14.3,M,-6.8,M,,*78
$PAIRACC,3.35,8.95*4A
$GNGLL,3900.0030,N,11613.9815,E,202239.000,A,A*47
$GNGSA,A,3,24,18,02,16,,,,,,,,,1.38,0.74,1.16,1*04
$GNGSA,A,3,68,85,,,,,,,,,,,1.38,0.74,1.16,2*0E
$GNGSA,A,3,,,,,,,,,,,,,1.38,0.74,1.16,3*0C
$GNGSA,A,3,07,05,13,03,,,,,,,,,1.38,0.74,1.16,4*08
$GPGSV,3,1,12,08,02,052,,15,58,135,,24,73,026,39.7,26,55,096,,1*78
$GPGSV,3,2,12,21,42,307,,10,35,051,,18,27,248,39.1,02,09,107,39.8,1*62
$GPGSV,3,3,12,27,09,078,,16,08,309,39.6,30,02,215,,29,66,216,,1*7A
$GLGSV,1,1,04,79,23,152,,68,44,049,40.0,84,37,287,,85,10,335,39.4,1*70
$GAGSV,1,1,00,7*73
$GBGSV,3,1,12,09,01,184,,01,38,147,,10,32,215,,02,30,229,,1*74
$GBGSV,3,2,12,08,27,167,,04,27,125,,06,19,165,,07,17,190,40.1,1*60
$GBGSV,3,3,12,05,16,249,39.3,11,08,040,,13,06,040,39.7,03,45,191,38.9,1*67
$GNRMC,202239.000,A,3900.0030,N,11613.9815,E,0.01,316.81,280612,,,A,V*09
$GNVTG,316.81,T,,M,0.01,N,0.01,K,A*2E
$GNZDA,202239.000,28,06,2012,,*4D
$GNGGA,202240.000,3900.0030,N,11613.9815,E,1,10,0.74,-14.3,M,-6.8,M,,*76
$PAIRACC,3.43,8.99*47
$GNGLL,3900.0030,N,11613.9815,E,202240.000,A,A*49
$GNGSA,A,3,24,18,02,16,,,,,,,,,1.38,0.74,1.16,1*04
$GNGSA,A,3,68,85,,,,,,,,,,,1.38,0.74,1.16,2*0E
$GNGSA,A,3,,,,,,,,,,,,,1.38,0.74,1.16,3*0C
$GNGSA,A,3,07,05,13,03,,,,,,,,,1.38,0.74,1.16,4*08
$GPGSV,3,1,12,08,02,052,,15,58,135,,24,73,026,39.9,26,55,096,,1*76
$GPGSV,3,2,12,21,42,307,,10,35,051,,18,27,248,39.7,02,09,107,39.8,1*64
$GPGSV,3,3,12,27,09,078,,16,08,309,39.6,30,02,215,,29,66,216,,1*7A
$GLGSV,1,1,04,79,23,152,,68,44,049,39.9,84,37,287,,85,10,335,39.5,1*76
$GAGSV,1,1,00,7*73
$GBGSV,3,1,12,09,01,184,,01,38,147,,10,32,215,,02,30,229,,1*74
$GBGSV,3,2,12,08,27,167,,04,27,125,,06,19,165,,07,17,190,39.4,1*6B
$GBGSV,3,3,12,05,16,249,39.2,11,08,040,,13,06,040,39.9,03,45,191,38.7,1*66
$GNRMC,202240.000,A,3900.0030,N,11613.9815,E,0.01,314.05,280612,,,A,V*09
$GNVTG,314.05,T,,M,0.01,N,0.01,K,A*20
$GNZDA,202240.000,28,06,2012,,*43
$GNGGA,202241.000,3900.0030,N,11613.9815,E,1,10,0.74,-14.3,M,-6.8,M,,*77
$PAIRACC,3.41,8.97*4B
$GNGLL,3900.0030,N,11613.9815,E,202241.000,A,A*48
$GNGSA,A,3,24,18,02,16,,,,,,,,,1.38,0.74,1.16,1*04
$GNGSA,A,3,68,85,,,,,,,,,,,1.38,0.74,1.16,2*0E
$GNGSA,A,3,,,,,,,,,,,,,1.38,0.74,1.16,3*0C
$GNGSA,A,3,07,05,13,03,,,,,,,,,1.38,0.74,1.16,4*08
$GPGSV,3,1,12,08,02,052,,15,58,135,,24,73,026,40.2,26,55,096,,1*73
$GPGSV,3,2,12,21,42,307,,10,35,051,,18,27,248,39.2,02,09,107,39.8,1*61
$GPGSV,3,3,12,27,09,078,,16,08,309,39.6,30,02,215,,29,66,216,,1*7A
$GLGSV,1,1,04,79,23,152,,68,44,049,39.5,84,37,287,,85,10,335,39.5,1*7A
$GAGSV,1,1,00,7*73
$GBGSV,3,1,12,09,01,184,,01,38,147,,10,32,215,,02,30,229,,1*74
$GBGSV,3,2,12,08,27,167,,04,27,125,,06,19,165,,07,17,190,39.7,1*68
$GBGSV,3,3,12,05,16,249,39.1,11,08,040,,13,06,040,39.5,03,45,191,39.5,1*6A
$GNRMC,202241.000,A,3900.0030,N,11613.9815,E,0.01,309.59,280612,,,A,V*0D
$GNVTG,309.59,T,,M,0.01,N,0.01,K,A*25
$GNZDA,202241.000,28,06,2012,,*42
$GNGGA,202242.000,3900.0030,N,11613.9815,E,1,10,0.74,-14.3,M,-6.8,M,,*74
$PAIRACC,3.43,8.99*47
$GNGLL,3900.0030,N,11613.9815,E,202242.000,A,A*4B
$GNGSA,A,3,24,18,02,16,,,,,,,,,1.38,0.74,1.16,1*04
$GNGSA,A,3,68,85,,,,,,,,,,,1.38,0.74,1.16,2*0E
$GNGSA,A,3,,,,,,,,,,,,,1.38,0.74,1.16,3*0C
$GNGSA,A,3,07,05,13,03,,,,,,,,,1.38,0.74,1.16,4*08
$GPGSV,3,1,12,08,02,052,,15,58,135,,24,73,026,39.8,26,55,096,,1*77
$GPGSV,3,2,12,21,42,307,,10,35,051,,18,27,248,39.9,02,09,107,39.9,1*6B
$GPGSV,3,3,12,27,09,078,,16,08,309,40.0,30,02,215,,29,66,216,,1*72
$GLGSV,1,1,04,79,23,152,,68,44,049,40.0,84,37,287,,85,10,335,39.4,1*70
$GAGSV,1,1,00,7*73
$GBGSV,3,1,12,09,01,184,,01,38,147,,10,32,215,,02,30,229,,1*74
$GBGSV,3,2,12,08,27,167,,04,27,125,,06,19,165,,07,17,190,40.3,1*62
$GBGSV,3,3,12,05,16,249,39.0,11,08,040,,13,06,040,39.3,03,45,191,38.6,1*6F
$GNRMC,202242.000,A,3900.0030,N,11613.9815,E,0.01,318.86,280612,,,A,V*0C
$GNVTG,318.86,T,,M,0.01,N,0.01,K,A*27
$GNZDA,202242.000,28,06,2012,,*41
$GNGGA,202243.000,3900.0029,N,11613.9815,E,1,10,0.74,-14.3,M,-6.8,M,,*7D
$PAIRACC,3.46,8.99*42
$GNGLL,3900.0029,N,11613.9815,E,202243.000,A,A*42
$GNGSA,A,3,24,18,02,16,,,,,,,,,1.38,0.74,1.16,1*04
$GNGSA,A,3,68,85,,,,,,,,,,,1.38,0.74,1.16,2*0E
$GNGSA,A,3,,,,,,,,,,,,,1.38,0.74,1.16,3*0C
$GNGSA,A,3,07,05,13,03,,,,,,,,,1.38,0.74,1.16,4*08
$GPGSV,3,1,12,08,02,052,,15,58,135,,24,73,026,39.4,26,55,096,,1*7B
$GPGSV,3,2,12,21,42,307,,10,35,051,,18,27,248,39.6,02,09,107,39.9,1*64
$GPGSV,3,3,12,27,09,078,,16,08,309,39.7,30,02,215,,29,66,216,,1*7B
$GLGSV,1,1,04,79,23,152,,68,44,049,39.7,84,37,287,,85,10,335,39.7,1*7A
$GAGSV,1,1,00,7*73
$GBGSV,3,1,12,09,01,184,,01,38,147,,10,32,215,,02,30,229,,1*74
$GBGSV,3,2,12,08,27,167,,04,27,125,,06,19,165,,07,17,190,39.2,1*6D
$GBGSV,3,3,12,05,16,249,39.3,11,08,040,,13,06,040,39.2,03,45,191,38.2,1*69
$GNRMC,202243.000,A,3900.0029,N,11613.9815,E,0.01,314.76,280612,,,A,V*06
$GNVTG,314.76,T,,M,0.01,N,0.01,K,A*24
$GNZDA,202243.000,28,06,2012,,*40
$GNGGA,202244.000,3900.0029,N,11613.9815,E,1,10,0.74,-14.3,M,-6.8,M,,*7A
$PAIRACC,3.43,8.98*46
$GNGLL,3900.0029,N,11613.9815,E,202244.000,A,A*45
$GNGSA,A,3,24,18,02,16,,,,,,,,,1.38,0.74,1.16,1*04
$GNGSA,A,3,68,85,,,,,,,,,,,1.38,0.74,1.16,2*0E
$GNGSA,A,3,,,,,,,,,,,,,1.38,0.74,1.16,3*0C
$GNGSA,A,3,07,05,13,03,,,,,,,,,1.38,0.74,1.16,4*08
$GPGSV,3,1,12,08,02,052,,15,58,135,,24,73,026,39.5,26,55,096,,1*7A
$GPGSV,3,2,12,21,42,307,,10,35,051,,18,27,248,39.5,02,09,107,39.7,1*69
$GPGSV,3,3,12,27,09,078,,16,08,309,40.0,30,02,215,,29,66,216,,1*72
$GLGSV,1,1,04,79,23,152,,68,44,049,39.8,84,37,287,,85,10,335,39.9,1*7B
$GAGSV,1,1,00,7*73
$GBGSV,3,1,12,09,01,184,,01,38,147,,10,32,215,,02,30,229,,1*74
$GBGSV,3,2,12,08,27,167,,04,27,125,,06,19,165,,07,17,190,40.0,1*61
$GBGSV,3,3,12,05,16,249,39.2,11,08,040,,13,06,040,39.6,03,45,191,39.1,1*6E
$GNRMC,202244.000,A,3900.0029,N,11613.9815,E,0.01,324.23,280612,,,A,V*02
$GNVTG,324.23,T,,M,0.01,N,0.01,K,A*27
$GNZDA,202244.000,28,06,2012,,*47
$GNGGA,202245.000,3900.0029,N,11613.9815,E,1,10,0.74,-14.3,M,-6.8,M,,*7B
$PAIRACC,3.41,8.96*4A
$GNGLL,3900.0029,N,11613.9815,E,202245.000,A,A*44
$GNGSA,A,3,24,18,02,16,,,,,,,,,1.38,0.74,1.16,1*04
$GNGSA,A,3,68,85,,,,,,,,,,,1.38,0.74,1.16,2*0E
$GNGSA,A,3,,,,,,,,,,,,,1.38,0.74,1.16,3*0C
$GNGSA,A,3,07,05,13,03,,,,,,,,,1.38,0.74,1.16,4*08
$GPGSV,3,1,12,08,02,052,,15,58,135,,24,73,026,40.3,26,55,096,,1*72
$GPGSV,3,2,12,21,42,307,,10,35,051,,18,27,248,39.6,02,09,107,40.1,1*62
$GPGSV,3,3,12,27,09,078,,16,08,309,40.1,30,02,215,,29,66,216,,1*73
$GLGSV,1,1,04,79,23,152,,68,44,049,40.2,84,37,287,,85,10,335,39.8,1*7E
$GAGSV,1,1,00,7*73
$GBGSV,3,1,12,09,01,184,,01,38,147,,10,32,215,,02,30,229,,1*74
$GBGSV,3,2,12,08,27,167,,04,27,125,,06,19,165,,07,17,190,39.3,1*6C
$GBGSV,3,3,12,05,16,249,39.5,11,08,040,,13,06,040,39.5,03,45,191,38.8,1*62
$GNRMC,202245.000,A,3900.0029,N,11613.9815,E,0.01,329.44,280612,,,A,V*0F
$GNVTG,329.44,T,,M,0.01,N,0.01,K,A*2B
$GNZDA,202245.000,28,06,2012,,*46
$GNGGA,202246.000,3900.0029,N,11613.9815,E,1,10,0.74,-14.3,M,-6.8,M,,*78
$PAIRACC,3.43,8.98*46
$GNGLL,3900.0029,N,11613.9815,E,202246.000,A,A*47
$GNGSA,A,3,24,18,02,16,,,,,,,,,1.38,0.74,1.16,1*04
$GNGSA,A,3,68,85,,,,,,,,,,,1.38,0.74,1.16,2*0E
$GNGSA,A,3,,,,,,,,,,,,,1.38,0.74,1.16,3*0C
$GNGSA,A,3,07,05,13,03,,,,,,,,,1.38,0.74,1.16,4*08
$GPGSV,3,1,12,08,02,052,,15,58,135,,24,73,026,39.9,26,55,096,,1*76
$GPGSV,3,2,12,21,42,307,,10,35,051,,18,27,248,39.7,02,09,107,39.8,1*64
$GPGSV,3,3,12,27,09,078,,16,08,309,40.0,30,02,215,,29,66,216,,1*72
$GLGSV,1,1,04,79,23,152,,68,44,049,40.3,84,37,287,,85,10,335,39.6,1*71
$GAGSV,1,1,00,7*73
$GBGSV,3,1,12,09,01,184,,01,38,147,,10,32,215,,02,30,229,,1*74
$GBGSV,3,2,12,08,27,167,,04,27,125,,06,19,165,,07,17,190,39.9,1*66
$GBGSV,3,3,12,05,16,249,39.2,11,08,040,,13,06,040,39.7,03,45,191,38.1,1*6E
$GNRMC,202246.000,A,3900.0029,N,11613.9815,E,0.01,345.43,280612,,,A,V*01
$GNVTG,345.43,T,,M,0.01,N,0.01,K,A*26
$GNZDA,202246.000,28,06,2012,,*45
$GNGGA,202247.000,3900.0029,N,11613.9815,E,1,10,0.74,-14.3,M,-6.8,M,,*79
$PAIRACC,3.46,8.98*43
$GNGLL,3900.0029,N,11613.9815,E,202247.000,A,A*46
$GNGSA,A,3,24,18,02,16,,,,,,,,,1.38,0.74,1.16,1*04
$GNGSA,A,3,68,85,,,,,,,,,,,1.38,0.74,1.16,2*0E
$GNGSA,A,3,,,,,,,,,,,,,1.38,0.74,1.16,3*0C
$GNGSA,A,3,07,05,13,03,,,,,,,,,1.38,0.74,1.16,4*08
$GPGSV,3,1,12,08,02,052,,15,58,135,,24,73,026,39.7,26,55,096,,1*78
$GPGSV,3,2,12,21,42,307,,10,35,051,,18,27,248,39.4,02,09,107,39.7,1*68
$GPGSV,3,3,12,27,09,078,,16,08,309,39.9,30,02,215,,29,66,216,,1*75
$GLGSV,1,1,04,79,23,152,,68,44,049,40.1,84,37,287,,85,10,335,39.2,1*77
$GAGSV,1,1,00,7*73
$GBGSV,3,1,12,09,01,184,,01,38,147,,10,32,215,,02,30,229,,1*74
$GBGSV,3,2,12,08,27,167,,04,27,125,,06,19,165,,07,17,190,39.5,1*6A
$GBGSV,3,3,12,05,16,249,39.6,11,08,040,,13,06,040,39.1,03,45,191,39.2,1*6E
$GNRMC,202247.000,A,3900.0029,N,11613.9815,E,0.01,322.16,280612,,,A,V*01
$GNVTG,322.16,T,,M,0.01,N,0.01,K,A*27
$GNZDA,202247.000,28,06,2012,,*44
$GNGGA,202248.000,3900.0029,N,11613.9815,E,1,10,0.74,-14.3,M,-6.8,M,,*76
$PAIRACC,3.43,8.98*46
$GNGLL,3900.0029,N,11613.9815,E,202248.000,A,A*49
$GNGSA,A,3,24,18,02,16,,,,,,,,,1.38,0.74,1.16,1*04
$GNGSA,A,3,68,85,,,,,,,,,,,1.38,0.74,1.16,2*0E
$GNGSA,A,3,,,,,,,,,,,,,1.38,0.74,1.16,3*0C
$GNGSA,A,3,07,05,13,03,,,,,,,,,1.38,0.74,1.16,4*08
$GPGSV,3,1,12,08,02,052,,15,58,135,,24,73,026,39.6,26,55,096,,1*79
$GPGSV,3,2,12,21,42,307,,10,35,051,,18,27,248,39.3,02,09,107,39.3,1*6B
$GPGSV,3,3,12,27,09,078,,16,08,309,39.7,30,02,215,,29,66,216,,1*7B
$GLGSV,1,1,04,79,23,152,,68,44,049,40.2,84,37,287,,85,10,335,40.1,1*79
$GAGSV,1,1,00,7*73
$GBGSV,3,1,12,09,01,184,,01,38,147,,10,32,215,,02,30,229,,1*74
$GBGSV,3,2,12,08,27,167,,04,27,125,,06,19,165,,07,17,190,40.2,1*63
$GBGSV,3,3,12,05,16,249,39.2,11,08,040,,13,06,040,39.5,03,45,191,38.6,1*6B
$GNRMC,202248.000,A,3900.0029,N,11613.9815,E,0.01,333.22,280612,,,A,V*09
$GNVTG,333.22,T,,M,0.01,N,0.01,K,A*20
$GNZDA,202248.000,28,06,2012,,*4B
$GNGGA,202249.000,3900.0029,N,11613.9815,E,1,10,0.74,-14.3,M,-6.8,M,,*77
$PAIRACC,3.46,8.97*4C
$GNGLL,3900.0029,N,11613.9815,E,202249.000,A,A*48
$GNGSA,A,3,24,18,02,16,,,,,,,,,1.38,0.74,1.16,1*04
$GNGSA,A,3,68,85,,,,,,,,,,,1.38,0.74,1.16,2*0E
$GNGSA,A,3,,,,,,,,,,,,,1.38,0.74,1.16,3*0C
$GNGSA,A,3,07,05,13,03,,,,,,,,,1.38,0.74,1.16,4*08
$GPGSV,3,1,12,08,02,052,,15,58,135,,24,73,026,39.9,26,55,096,,1*76
$GPGSV,3,2,12,21,42,307,,10,35,051,,18,27,248,39.1,02,09,107,39.2,1*68
$GPGSV,3,3,12,27,09,078,,16,08,309,39.5,30,02,215,,29,66,216,,1*79
$GLGSV,1,1,04,79,23,152,,68,44,049,39.9,84,37,287,,85,10,335,39.6,1*75
$GAGSV,1,1,00,7*73
$GBGSV,3,1,12,09,01,184,,01,38,147,,10,32,215,,02,30,229,,1*74
$GBGSV,3,2,12,08,27,167,,04,27,125,,06,19,165,,07,17,190,39.5,1*6A
$GBGSV,3,3,12,05,16,249,39.3,11,08,040,,13,06,040,39.8,03,45,191,38.6,1*67
$GNRMC,202249.000,A,3900.0029,N,11613.9815,E,0.01,334.68,280612,,,A,V*01
$GNVTG,334.68,T,,M,0.01,N,0.01,K,A*29
$GNZDA,202249.000,28,06,2012,,*4A
$GNGGA,202250.000,3900.0029,N,11613.9815,E,1,10,0.74,-14.3,M,-6.8,M,,*7F
$PAIRACC,3.43,8.98*46
$GNGLL,3900.0029,N,11613.9815,E,202250.000,A,A*40
$GNGSA,A,3,24,18,02,16,,,,,,,,,1.38,0.74,1.16,1*04
$GNGSA,A,3,68,85,,,,,,,,,,,1.38,0.74,1.16,2*0E
$GNGSA,A,3,,,,,,,,,,,,,1.38,0.74,1.16,3*0C
$GNGSA,A,3,07,05,13,03,,,,,,,,,1.38,0.74,1.16,4*08
$GPGSV,3,1,12,08,02,052,,15,58,135,,24,73,026,40.2,26,55,096,,1*73
$GPGSV,3,2,12,21,42,307,,10,35,051,,18,27,248,38.9,02,09,107,39.7,1*64
$GPGSV,3,3,12,27,09,078,,16,08,309,39.8,30,02,215,,29,66,216,,1*74
$GLGSV,1,1,04,79,23,152,,68,44,049,40.5,84,37,287,,85,10,335,39.7,1*76
$GAGSV,1,1,00,7*73
$GBGSV,3,1,12,09,01,184,,01,38,147,,10,32,215,,02,30,229,,1*74
$GBGSV,3,2,12,08,27,167,,04,27,125,,06,19,165,,07,17,190,39.7,1*68
$GBGSV,3,3,12,05,16,249,39.1,11,08,040,,13,06,040,39.6,03,45,191,39.4,1*68
$GNRMC,202250.000,A,3900.0029,N,11613.9815,E,0.01,336.21,280612,,,A,V*06
$GNVTG,336.21,T,,M,0.01,N,0.01,K,A*26
$GNZDA,202250.000,28,06,2012,,*42
$GNGGA,202251.000,3900.0029,N,11613.9815,E,1,10,0.74,-14.3,M,-6.8,M,,*7E
$PAIRACC,3.41,8.96*4A
$GNGLL,3900.0029,N,11613.9815,E,202251.000,A,A*41
$GNGSA,A,3,24,18,02,16,,,,,,,,,1.38,0.74,1.16,1*04
$GNGSA,A,3,68,85,,,,,,,,,,,1.38,0.74,1.16,2*0E
$GNGSA,A,3,,,,,,,,,,,,,1.38,0.74,1.16,3*0C
$GNGSA,A,3,07,05,13,03,,,,,,,,,1.38,0.74,1.16,4*08
$GPGSV,3,1,12,08,02,052,,15,58,135,,24,73,026,39.5,26,55,096,,1*7A
$GPGSV,3,2,12,21,42,307,,10,35,051,,18,27,248,39.3,02,09,107,39.4,1*6C
$GPGSV,3,3,12,27,09,078,,16,08,309,40.0,30,02,215,,29,66,216,,1*72
$GLGSV,1,1,04,79,23,152,,68,44,049,39.5,84,37,287,,85,10,335,39.3,1*7C
$GAGSV,1,1,00,7*73
$GBGSV,3,1,12,09,01,184,,01,38,147,,10,32,215,,02,30,229,,1*74
$GBGSV,3,2,12,08,27,167,,04,27,125,,06,19,165,,07,17,190,39.2,1*6D
$GBGSV,3,3,12,05,16,249,38.9,11,08,040,,13,06,040,39.7,03,45,191,38.6,1*63
$GNRMC,202251.000,A,3900.0029,N,11613.9815,E,0.01,352.98,280612,,,A,V*07
$GNVTG,352.98,T,,M,0.01,N,0.01,K,A*26
$GNZDA,202251.000,28,06,2012,,*43
$GNGGA,202252.000,3900.0029,N,11613.9815,E,1,10,0.74,-14.3,M,-6.8,M,,*7D
$PAIRACC,3.59,9.56*4E
$GNGLL,3900.0029,N,11613.9815,E,202252.000,A,A*42
$GNGSA,A,3,24,18,02,16,,,,,,,,,1.38,0.74,1.16,1*04
$GNGSA,A,3,68,85,,,,,,,,,,,1.38,0.74,1.16,2*0E
$GNGSA,A,3,,,,,,,,,,,,,1.38,0.74,1.16,3*0C
$GNGSA,A,3,07,05,13,03,,,,,,,,,1.38,0.74,1.16,4*08
$GPGSV,3,1,12,08,02,052,,15,58,135,,24,73,026,40.0,26,55,096,,1*71
$GPGSV,3,2,12,21,42,307,,10,35,051,,18,27,248,39.2,02,09,107,39.5,1*6C
$GPGSV,3,3,12,27,09,078,,16,08,309,39.9,30,02,215,,29,66,216,,1*75
$GLGSV,1,1,04,79,23,152,,68,44,049,40.1,84,37,287,,85,10,335,39.8,1*7D
$GAGSV,1,1,00,7*73
$GBGSV,3,1,12,09,01,184,,01,38,147,,10,32,215,,02,30,229,,1*74
$GBGSV,3,2,12,08,27,167,,04,27,125,,06,19,165,,07,17,190,39.8,1*67
$GBGSV,3,3,12,05,16,249,39.5,11,08,040,,13,06,040,39.9,03,45,191,38.2,1*64
$GNRMC,202252.000,A,3900.0029,N,11613.9815,E,0.01,339.04,280612,,,A,V*0C
$GNVTG,339.04,T,,M,0.01,N,0.01,K,A*2E
$GNZDA,202252.000,28,06,2012,,*40
$GNGGA,202253.000,3900.0029,N,11613.9816,E,1,10,0.74,-14.3,M,-6.8,M,,*7F
$PAIRACC,3.41,8.96*4A
$GNGLL,3900.0029,N,11613.9816,E,202253.000,A,A*40
$GNGSA,A,3,24,18,02,16,,,,,,,,,1.38,0.74,1.16,1*04
$GNGSA,A,3,68,85,,,,,,,,,,,1.38,0.74,1.16,2*0E
$GNGSA,A,3,,,,,,,,,,,,,1.38,0.74,1.16,3*0C
$GNGSA,A,3,07,05,13,03,,,,,,,,,1.38,0.74,1.16,4*08
$GPGSV,3,1,12,08,02,052,,15,58,135,,24,73,026,39.8,26,55,096,,1*77
$GPGSV,3,2,12,21,42,307,,10,35,051,,18,27,248,39.5,02,09,107,39.7,1*69
$GPGSV,3,3,12,27,09,078,,16,08,309,40.1,30,02,215,,29,66,216,,1*73
$GLGSV,1,1,04,79,23,152,,68,44,049,40.0,84,37,287,,85,10,335,39.2,1*76
$GAGSV,1,1,00,7*73
$GBGSV,3,1,12,09,01,184,,01,38,147,,10,32,215,,02,30,229,,1*74
$GBGSV,3,2,12,08,27,167,,04,27,125,,06,19,165,,07,17,190,39.3,1*6C
$GBGSV,3,3,12,05,16,249,39.4,11,08,040,,13,06,040,39.7,03,45,191,38.9,1*60
$GNRMC,202253.000,A,3900.0029,N,11613.9816,E,0.01,343.65,280612,,,A,V*04
$GNVTG,343.65,T,,M,0.01,N,0.01,K,A*24
$GNZDA,202253.000,28,06,2012,,*41
$GNGGA,202254.000,3900.0029,N,11613.9816,E,1,10,0.74,-14.3,M,-6.8,M,,*78
$PAIRACC,3.57,9.52*44
$GNGLL,3900.0029,N,11613.9816,E,202254.000,A,A*47
$GNGSA,A,3,24,18,02,16,,,,,,,,,1.38,0.74,1.16,1*04
$GNGSA,A,3,68,85,,,,,,,,,,,1.38,0.74,1.16,2*0E
$GNGSA,A,3,,,,,,,,,,,,,1.38,0.74,1.16,3*0C
$GNGSA,A,3,07,05,13,03,,,,,,,,,1.38,0.74,1.16,4*08
$GPGSV,3,1,12,08,02,052,,15,58,135,,24,73,026,39.6,26,55,096,,1*79
$GPGSV,3,2,12,21,42,307,,10,35,051,,18,27,248,39.6,02,09,107,39.7,1*6A
$GPGSV,3,3,12,27,09,078,,16,08,309,40.1,30,02,215,,29,66,216,,1*73
$GLGSV,1,1,04,79,23,152,,68,44,049,39.9,84,37,287,,85,10,335,39.7,1*74
$GAGSV,1,1,00,7*73
$GBGSV,3,1,12,09,01,184,,01,38,147,,10,32,215,,02,30,229,,1*74
$GBGSV,3,2,12,08,27,167,,04,27,125,,06,19,165,,07,17,190,39.7,1*68
$GBGSV,3,3,12,05,16,249,39.5,11,08,040,,13,06,040,40.1,03,45,191,38.7,1*67
$GNRMC,202254.000,A,3900.0029,N,11613.9816,E,0.01,346.72,280612,,,A,V*00
$GNVTG,346.72,T,,M,0.01,N,0.01,K,A*27
$GNZDA,202254.000,28,06,2012,,*46
$GNGGA,202255.000,3900.0029,N,11613.9816,E,1,10,0.74,-14.3,M,-6.8,M,,*79
$PAIRACC,3.44,9.01*40
$GNGLL,3900.0029,N,11613.9816,E,202255.000,A,A*46
$GNGSA,A,3,24,18,02,16,,,,,,,,,1.38,0.74,1.16,1*04
$GNGSA,A,3,68,85,,,,,,,,,,,1.38,0.74,1.16,2*0E
$GNGSA,A,3,,,,,,,,,,,,,1.38,0.74,1.16,3*0C
$GNGSA,A,3,07,05,13,03,,,,,,,,,1.38,0.74,1.16,4*08
$GPGSV,3,1,12,08,02,052,,15,58,135,,24,73,026,40.0,26,55,096,,1*71
$GPGSV,3,2,12,21,42,307,,10,35,051,,18,27,248,40.0,02,09,107,40.0,1*6B
$GPGSV,3,3,12,27,09,078,,16,08,309,40.2,30,02,215,,29,66,216,,1*70
$GLGSV,1,1,04,79,23,152,,68,44,049,39.9,84,37,287,,85,10,335,39.5,1*76
$GAGSV,1,1,00,7*73
$GBGSV,3,1,12,09,01,184,,01,38,147,,10,32,215,,02,30,229,,1*74
$GBGSV,3,2,12,08,27,167,,04,27,125,,06,19,165,,07,17,190,39.2,1*6D
$GBGSV,3,3,12,05,16,249,39.3,11,08,040,,13,06,040,39.9,03,45,191,38.2,1*62
$GNRMC,202255.000,A,3900.0029,N,11613.9816,E,0.01,338.29,280612,,,A,V*06
$GNVTG,338.29,T,,M,0.01,N,0.01,K,A*20
$GNZDA,202255.000,28,06,2012,,*47
$GNGGA,202256.000,3900.0029,N,11613.9816,E,1,10,0.74,-14.3,M,-6.8,M,,*7A
$PAIRACC,3.50,9.49*49
$GNGLL,3900.0029,N,11613.9816,E,202256.000,A,A*45
$GNGSA,A,3,24,18,02,16,,,,,,,,,1.38,0.74,1.16,1*04
$GNGSA,A,3,68,85,,,,,,,,,,,1.38,0.74,1.16,2*0E
$GNGSA,A,3,,,,,,,,,,,,,1.38,0.74,1.16,3*0C
$GNGSA,A,3,07,05,13,03,,,,,,,,,1.38,0.74,1.16,4*08
$GPGSV,3,1,12,08,02,052,,15,58,135,,24,73,026,39.8,26,55,096,,1*77
$GPGSV,3,2,12,21,42,307,,10,35,051,,18,27,248,39.7,02,09,107,40.0,1*62
$GPGSV,3,3,12,27,09,078,,16,08,309,39.7,30,02,215,,29,66,216,,1*7B
$GLGSV,1,1,04,79,23,152,,68,44,049,40.4,84,37,287,,85,10,335,39.7,1*77
$GAGSV,1,1,00,7*73
$GBGSV,3,1,12,09,01,184,,01,38,147,,10,32,215,,02,30,229,,1*74
$GBGSV,3,2,12,08,27,167,,04,27,125,,06,19,165,,07,17,190,40.1,1*60
$GBGSV,3,3,12,05,16,249,39.6,11,08,040,,13,06,040,39.8,03,45,191,39.5,1*60
$GNRMC,202256.000,A,3900.0029,N,11613.9816,E,0.01,325.07,280612,,,A,V*05
$GNVTG,325.07,T,,M,0.01,N,0.01,K,A*20
$GNZDA,202256.000,28,06,2012,,*44
$GNGGA,202257.000,3900.0029,N,11613.9816,E,1,10,0.74,-14.3,M,-6.8,M,,*7B
$PAIRACC,3.41,8.97*4B
$GNGLL,3900.0029,N,11613.9816,E,202257.000,A,A*44
$GNGSA,A,3,24,18,02,16,,,,,,,,,1.38,0.74,1.16,1*04
$GNGSA,A,3,68,85,,,,,,,,,,,1.38,0.74,1.16,2*0E
$GNGSA,A,3,,,,,,,,,,,,,1.38,0.74,1.16,3*0C
$GNGSA,A,3,07,05,13,03,,,,,,,,,1.38,0.74,1.16,4*08
$GPGSV,3,1,12,08,02,052,,15,58,135,,24,73,026,40.0,26,55,096,,1*71
$GPGSV,3,2,12,21,42,307,,10,35,051,,18,27,248,39.7,02,09,107,39.9,1*65
$GPGSV,3,3,12,27,09,078,,16,08,309,39.9,30,02,215,,29,66,216,,1*75
$GLGSV,1,1,04,79,23,152,,68,44,049,39.9,84,37,287,,85,10,335,39.4,1*77
$GAGSV,1,1,00,7*73
$GBGSV,3,1,12,09,01,184,,01,38,147,,10,32,215,,02,30,229,,1*74
$GBGSV,3,2,12,08,27,167,,04,27,125,,06,19,165,,07,17,190,39.1,1*6E
$GBGSV,3,3,12,05,16,249,39.2,11,08,040,,13,06,040,39.3,03,45,191,38.5,1*6E
$GNRMC,202257.000,A,3900.0029,N,11613.9816,E,0.01,319.06,280612,,,A,V*0A
$GNVTG,319.06,T,,M,0.01,N,0.01,K,A*2E
$GNZDA,202257.000,28,06,2012,,*45
$GNGGA,202258.000,3900.0029,N,11613.9816,E,1,10,0.74,-14.3,M,-6.8,M,,*74
$PAIRACC,3.43,8.98*46
$GNGLL,3900.0029,N,11613.9816,E,202258.000,A,A*4B
$GNGSA,A,3,24,18,02,16,,,,,,,,,1.38,0.74,1.16,1*04
$GNGSA,A,3,68,85,,,,,,,,,,,1.38,0.74,1.16,2*0E
$GNGSA,A,3,,,,,,,,,,,,,1.38,0.74,1.16,3*0C
$GNGSA,A,3,07,05,13,03,,,,,,,,,1.38,0.74,1.16,4*08
$GPGSV,3,1,12,08,02,052,,15,58,135,,24,73,026,39.8,26,55,096,,1*77
$GPGSV,3,2,12,21,42,307,,10,35,051,,18,27,248,39.4,02,09,107,39.9,1*66
$GPGSV,3,3,12,27,09,078,,16,08,309,39.8,30,02,215,,29,66,216,,1*74
$GLGSV,1,1,04,79,23,152,,68,44,049,39.8,84,37,287,,85,10,335,39.8,1*7A
$GAGSV,1,1,00,7*73
$GBGSV,3,1,12,09,01,184,,01,38,147,,10,32,215,,02,30,229,,1*74
$GBGSV,3,2,12,08,27,167,,04,27,125,,06,19,165,,07,17,190,39.8,1*67
$GBGSV,3,3,12,05,16,249,39.9,11,08,040,,13,06,040,40.0,03,45,191,38.5,1*68
$GNRMC,202258.000,A,3900.0029,N,11613.9816,E,0.01,329.79,280612,,,A,V*0E
$GNVTG,329.79,T,,M,0.01,N,0.01,K,A*25
$GNZDA,202258.000,28,06,2012,,*4A
$GNGGA,202259.000,3900.0029,N,11613.9816,E,1,10,0.74,-14.3,M,-6.8,M,,*75
$PAIRACC,3.46,8.98*43
$GNGLL,3900.0029,N,11613.9816,E,202259.000,A,A*4A
$GNGSA,A,3,24,18,02,16,,,,,,,,,1.38,0.74,1.16,1*04
$GNGSA,A,3,68,85,,,,,,,,,,,1.38,0.74,1.16,2*0E
$GNGSA,A,3,,,,,,,,,,,,,1.38,0.74,1.16,3*0C
$GNGSA,A,3,07,05,13,03,,,,,,,,,1.38,0.74,1.16,4*08
$GPGSV,3,1,12,08,02,052,,15,58,135,,24,73,026,40.0,26,55,096,,1*71
$GPGSV,3,2,12,21,42,307,,10,35,051,,18,27,248,39.3,02,09,107,39.6,1*6E
$GPGSV,3,3,12,27,09,078,,16,08,309,39.3,30,02,215,,29,66,216,,1*7F
$GLGSV,1,1,04,79,23,152,,68,44,049,40.2,84,37,287,,85,10,335,39.6,1*70
$GAGSV,1,1,00,7*73
$GBGSV,3,1,12,09,01,184,,01,38,147,,10,32,215,,02,30,229,,1*74
$GBGSV,3,2,12,08,27,167,,04,27,125,,06,19,165,,07,17,190,39.9,1*66
$GBGSV,3,3,12,05,16,249,39.6,11,08,040,,13,06,040,39.3,03,45,191,39.5,1*6B
$GNRMC,202259.000,A,3900.0029,N,11613.9816,E,0.01,331.00,280612,,,A,V*08
$GNVTG,331.00,T,,M,0.01,N,0.01,K,A*22
$GNZDA,202259.000,28,06,2012,,*4B
$GNGGA,202300.000,3900.0029,N,11613.9816,E,1,10,0.74,-14.3,M,-6.8,M,,*78
$PAIRACC,3.43,8.98*46
$GNGLL,3900.0029,N,11613.9816,E,202300.000,A,A*47
$GNGSA,A,3,24,18,02,16,,,,,,,,,1.38,0.74,1.16,1*04
$GNGSA,A,3,68,85,,,,,,,,,,,1.38,0.74,1.16,2*0E
$GNGSA,A,3,,,,,,,,,,,,,1.38,0.74,1.16,3*0C
$GNGSA,A,3,07,05,13,03,,,,,,,,,1.38,0.74,1.16,4*08
$GPGSV,3,1,12,08,02,052,,15,58,135,,24,73,026,40.1,26,55,096,,1*70
$GPGSV,3,2,12,21,42,307,,10,35,051,,18,27,248,39.6,02,09,107,39.7,1*6A
$GPGSV,3,3,12,27,09,078,,16,08,309,39.5,30,02,215,,29,66,216,,1*79
$GLGSV,1,1,04,79,23,152,,68,44,049,39.9,84,37,287,,85,10,335,39.5,1*76
$GAGSV,1,1,00,7*73
$GBGSV,3,1,12,09,01,184,,01,38,147,,10,32,215,,02,30,229,,1*74
$GBGSV,3,2,12,08,27,167,,04,27,125,,06,19,165,,07,17,190,39.5,1*6A
$GBGSV,3,3,12,05,16,249,39.0,11,08,040,,13,06,040,39.5,03,45,191,38.6,1*69
$GNRMC,202300.000,A,3900.0029,N,11613.9816,E,0.01,334.14,280612,,,A,V*05
$GNVTG,334.14,T,,M,0.01,N,0.01,K,A*22
$GNZDA,202300.000,28,06,2012,,*46
$GNGGA,202301.000,3900.0029,N,11613.9816,E,1,10,0.74,-14.3,M,-6.8,M,,*79
$PAIRACC,3.46,8.98*43
$GNGLL,3900.0029,N,11613.9816,E,202301.000,A,A*46
$GNGSA,A,3,24,18,02,16,,,,,,,,,1.38,0.74,1.16,1*04
$GNGSA,A,3,68,85,,,,,,,,,,,1.38,0.74,1.16,2*0E
$GNGSA,A,3,,,,,,,,,,,,,1.38,0.74,1.16,3*0C
$GNGSA,A,3,07,05,13,03,,,,,,,,,1.38,0.74,1.16,4*08
$GPGSV,3,1,12,08,02,052,,15,58,135,,24,73,026,39.8,26,55,096,,1*77
$GPGSV,3,2,12,21,42,307,,10,35,051,,18,27,248,39.8,02,09,107,39.8,1*6B
$GPGSV,3,3,12,27,09,078,,16,08,309,39.5,30,02,215,,29,66,216,,1*79
$GLGSV,1,1,04,79,23,152,,68,44,049,40.1,84,37,287,,85,10,335,40.0,1*7B
$GAGSV,1,1,00,7*73
$GBGSV,3,1,12,09,01,184,,01,38,147,,10,32,215,,02,30,229,,1*74
$GBGSV,3,2,12,08,27,167,,04,27,125,,06,19,165,,07,17,190,39.9,1*66
$GBGSV,3,3,12,05,16,249,39.5,11,08,040,,13,06,040,39.8,03,45,191,38.3,1*64
$GNRMC,202301.000,A,3900.0029,N,11613.9816,E,0.01,330.14,280612,,,A,V*00
$GNVTG,330.14,T,,M,0.01,N,0.01,K,A*26
$GNZDA,202301.000,28,06,2012,,*47
$GNGGA,202302.000,3900.0029,N,11613.9816,E,1,10,0.74,-14.3,M,-6.8,M,,*7A
$PAIRACC,3.45,9.01*41
$GNGLL,3900.0029,N,11613.9816,E,202302.000,A,A*45
$GNGSA,A,3,24,18,02,16,,,,,,,,,1.38,0.74,1.16,1*04
$GNGSA,A,3,68,85,,,,,,,,,,,1.38,0.74,1.16,2*0E
$GNGSA,A,3,,,,,,,,,,,,,1.38,0.74,1.16,3*0C
$GNGSA,A,3,07,05,13,03,,,,,,,,,1.38,0.74,1.16,4*08
$GPGSV,3,1,12,08,02,052,,15,58,135,,24,73,026,39.4,26,55,096,,1*7B
$GPGSV,3,2,12,21,42,307,,10,35,051,,18,27,248,39.7,02,09,107,40.1,1*63
$GPGSV,3,3,12,27,09,078,,16,08,309,39.9,30,02,215,,29,66,216,,1*75
$GLGSV,1,1,04,79,23,152,,68,44,049,39.8,84,37,287,,85,10,335,40.1,1*7D
$GAGSV,1,1,00,7*73
$GBGSV,3,1,12,09,01,184,,01,38,147,,10,32,215,,02,30,229,,1*74
$GBGSV,3,2,12,08,27,167,,04,27,125,,06,19,165,,07,17,190,39.3,1*6C
$GBGSV,3,3,12,05,16,249,38.9,11,08,040,,13,06,040,40.0,03,45,191,39.2,1*6F
$GNRMC,202302.000,A,3900.0029,N,11613.9816,E,0.01,334.37,280612,,,A,V*06
$GNVTG,334.37,T,,M,0.01,N,0.01,K,A*23
$GNZDA,202302.000,28,06,2012,,*44
$GNGGA,202303.000,3900.0029,N,11613.9816,E,1,10,0.74,-14.3,M,-6.8,M,,*7B
$PAIRACC,3.51,8.99*44
$GNGLL,3900.0029,N,11613.9816,E,202303.000,A,A*44
$GNGSA,A,3,24,18,02,16,,,,,,,,,1.38,0.74,1.16,1*04
$GNGSA,A,3,68,85,,,,,,,,,,,1.38,0.74,1.16,2*0E
$GNGSA,A,3,,,,,,,,,,,,,1.38,0.74,1.16,3*0C
$GNGSA,A,3,07,05,13,03,,,,,,,,,1.38,0.74,1.16,4*08
$GPGSV,3,1,12,08,02,052,,15,58,135,,24,73,026,39.7,26,55,096,,1*78
$GPGSV,3,2,12,21,42,307,,10,35,051,,18,27,248,39.1,02,09,107,39.5,1*6F
$GPGSV,3,3,12,27,09,078,,16,08,309,39.9,30,02,215,,29,66,216,,1*75
$GLGSV,1,1,04,79,23,152,,68,44,049,39.9,84,37,287,,85,10,335,39.4,1*77
$GAGSV,1,1,00,7*73
$GBGSV,3,1,12,09,01,184,,01,38,147,,10,32,215,,02,30,229,,1*74
$GBGSV,3,2,12,08,27,167,,04,27,125,,06,19,165,,07,17,190,39.6,1*69
$GBGSV,3,3,12,05,16,249,39.6,11,08,040,,13,06,040,39.9,03,45,191,38.5,1*60
$GNRMC,202303.000,A,3900.0029,N,11613.9816,E,0.01,328.00,280612,,,A,V*0E
$GNVTG,328.00,T,,M,0.01,N,0.01,K,A*2A
$GNZDA,202303.000,28,06,2012,,*45
$GNGGA,202304.000,3900.0029,N,11613.9816,E,1,10,0.74,-14.3,M,-6.8,M,,*7C
$PAIRACC,3.45,9.46*42
$GNGLL,3900.0029,N,11613.9816,E,202304.000,A,A*43
$GNGSA,A,3,24,18,02,16,,,,,,,,,1.38,0.74,1.16,1*04
$GNGSA,A,3,68,85,,,,,,,,,,,1.38,0.74,1.16,2*0E
$GNGSA,A,3,,,,,,,,,,,,,1.38,0.74,1.16,3*0C
$GNGSA,A,3,07,05,13,03,,,,,,,,,1.38,0.74,1.16,4*08
$GPGSV,3,1,12,08,02,052,,15,58,135,,24,73,026,39.8,26,55,096,,1*77
$GPGSV,3,2,12,21,42,307,,10,35,051,,18,27,248,39.3,02,09,107,40.0,1*66
$GPGSV,3,3,12,27,09,078,,16,08,309,40.0,30,02,215,,29,66,216,,1*72
$GLGSV,1,1,04,79,23,152,,68,44,049,40.4,84,37,287,,85,10,335,39.4,1*74
$GAGSV,1,1,00,7*73
$GBGSV,3,1,12,09,01,184,,01,38,147,,10,32,215,,02,30,229,,1*74
$GBGSV,3,2,12,08,27,167,,04,27,125,,06,19,165,,07,17,190,39.5,1*6A
$GBGSV,3,3,12,05,16,249,38.9,11,08,040,,13,06,040,39.4,03,45,191,38.0,1*66
$GNRMC,202304.000,A,3900.0029,N,11613.9816,E,0.01,317.01,280612,,,A,V*04
$GNVTG,317.01,T,,M,0.01,N,0.01,K,A*27
$GNZDA,202304.000,28,06,2012,,*42
$GNGGA,202305.000,3900.0029,N,11613.9816,E,1,10,0.74,-14.3,M,-6.8,M,,*7D
$PAIRACC,3.41,8.96*4A
$GNGLL,3900.0029,N,11613.9816,E,202305.000,A,A*42
$GNGSA,A,3,24,18,02,16,,,,,,,,,1.38,0.74,1.16,1*04
$GNGSA,A,3,68,85,,,,,,,,,,,1.38,0.74,1.16,2*0E
$GNGSA,A,3,,,,,,,,,,,,,1.38,0.74,1.16,3*0C
$GNGSA,A,3,07,05,13,03,,,,,,,,,1.38,0.74,1.16,4*08
$GPGSV,3,1,12,08,02,052,,15,58,135,,24,73,026,39.4,26,55,096,,1*7B
$GPGSV,3,2,12,21,42,307,,10,35,051,,18,27,248,39.5,02,09,107,39.8,1*66
$GPGSV,3,3,12,27,09,078,,16,08,309,39.7,30,02,215,,29,66,216,,1*7B
$GLGSV,1,1,04,79,23,152,,68,44,049,40.2,84,37,287,,85,10,335,39.5,1*73
$GAGSV,1,1,00,7*73
$GBGSV,3,1,12,09,01,184,,01,38,147,,10,32,215,,02,30,229,,1*74
$GBGSV,3,2,12,08,27,167,,04,27,125,,06,19,165,,07,17,190,40.1,1*60
$GBGSV,3,3,12,05,16,249,39.5,11,08,040,,13,06,040,39.4,03,45,191,38.8,1*63
$GNRMC,202305.000,A,3900.0029,N,11613.9816,E,0.01,337.39,280612,,,A,V*0C
$GNVTG,337.39,T,,M,0.01,N,0.01,K,A*2E
$GNZDA,202305.000,28,06,2012,,*43
$GNGGA,202306.000,3900.0029,N,11613.9816,E,1,10,0.74,-14.3,M,-6.8,M,,*7E
$PAIRACC,3.48,9.01*4C
$GNGLL,3900.0029,N,11613.9816,E,202306.000,A,A*41
$GNGSA,A,3,24,18,02,16,,,,,,,,,1.38,0.74,1.16,1*04
$GNGSA,A,3,68,85,,,,,,,,,,,1.38,0.74,1.16,2*0E
$GNGSA,A,3,,,,,,,,,,,,,1.38,0.74,1.16,3*0C
$GNGSA,A,3,07,05,13,03,,,,,,,,,1.38,0.74,1.16,4*08
$GPGSV,3,1,12,08,02,052,,15,58,135,,24,73,026,39.9,26,55,096,,1*76
$GPGSV,3,2,12,21,42,307,,10,35,051,,18,27,248,39.6,02,09,107,39.7,1*6A
$GPGSV,3,3,12,27,09,078,,16,08,309,39.9,30,02,215,,29,66,216,,1*75
$GLGSV,1,1,04,79,23,152,,68,44,049,40.0,84,37,287,,85,10,335,40.1,1*7B
$GAGSV,1,1,00,7*73
$GBGSV,3,1,12,09,01,184,,01,38,147,,10,32,215,,02,30,229,,1*74
$GBGSV,3,2,12,08,27,167,,04,27,125,,06,19,165,,07,17,190,39.0,1*6F
$GBGSV,3,3,12,05,16,249,39.2,11,08,040,,13,06,040,39.4,03,45,191,38.5,1*69
$GNRMC,202306.000,A,3900.0029,N,11613.9816,E,0.01,333.85,280612,,,A,V*0C
$GNVTG,333.85,T,,M,0.01,N,0.01,K,A*2D
$GNZDA,202306.000,28,06,2012,,*40
$GNGGA,202307.000,3900.0029,N,11613.9816,E,1,10,0.74,-14.3,M,-6.8,M,,*7F
$PAIRACC,3.52,9.52*41
$GNGLL,3900.0029,N,11613.9816,E,202307.000,A,A*40
$GNGSA,A,3,24,18,02,16,,,,,,,,,1.38,0.74,1.16,1*04
$GNGSA,A,3,68,85,,,,,,,,,,,1.38,0.74,1.16,2*0E
$GNGSA,A,3,,,,,,,,,,,,,1.38,0.74,1.16,3*0C
$GNGSA,A,3,07,05,13,03,,,,,,,,,1.38,0.74,1.16,4*08
$GPGSV,3,1,12,08,02,052,,15,58,135,,24,73,026,39.4,26,55,096,,1*7B
$GPGSV,3,2,12,21,42,307,,10,35,051,,18,27,248,39.3,02,09,107,39.6,1*6E
$GPGSV,3,3,12,27,09,078,,16,08,309,39.5,30,02,215,,29,66,216,,1*79
$GLGSV,1,1,04,79,23,152,,68,44,049,40.3,84,37,287,,85,10,335,39.1,1*76
$GAGSV,1,1,00,7*73
$GBGSV,3,1,12,09,01,184,,01,38,147,,10,32,215,,02,30,229,,1*74
$GBGSV,3,2,12,08,27,167,,04,27,125,,06,19,165,,07,17,190,39.4,1*6B
$GBGSV,3,3,12,05,16,249,39.5,11,08,040,,13,06,040,39.3,03,45,191,38.6,1*6A
$GNRMC,202307.000,A,3900.0029,N,11613.9816,E,0.01,340.08,280612,,,A,V*0C
$GNVTG,340.08,T,,M,0.01,N,0.01,K,A*2C
$GNZDA,202307.000,28,06,2012,,*41
$GNGGA,202308.000,3900.0029,N,11613.9816,E,1,10,0.74,-14.3,M,-6.8,M,,*70
$PAIRACC,3.48,9.01*4C
$GNGLL,3900.0029,N,11613.9816,E,202308.000,A,A*4F
$GNGSA,A,3,24,18,02,16,,,,,,,,,1.38,0.74,1.16,1*04
$GNGSA,A,3,68,85,,,,,,,,,,,1.38,0.74,1.16,2*0E
$GNGSA,A,3,,,,,,,,,,,,,1.38,0.74,1.16,3*0C
$GNGSA,A,3,07,05,13,03,,,,,,,,,1.38,0.74,1.16,4*08
$GPGSV,3,1,12,08,02,052,,15,58,135,,24,73,026,39.8,26,55,096,,1*77
$GPGSV,3,2,12,21,42,307,,10,35,051,,18,27,248,39.4,02,09,107,39.1,1*6E
$GPGSV,3,3,12,27,09,078,,16,08,309,39.9,30,02,215,,29,66,216,,1*75
$GLGSV,1,1,04,79,23,152,,68,44,049,40.0,84,37,287,,85,10,335,39.9,1*7D
$GAGSV,1,1,00,7*73
$GBGSV,3,1,12,09,01,184,,01,38,147,,10,32,215,,02,30,229,,1*74
$GBGSV,3,2,12,08,27,167,,04,27,125,,06,19,165,,07,17,190,39.1,1*6E
$GBGSV,3,3,12,05,16,249,39.5,11,08,040,,13,06,040,39.7,03,45,191,39.1,1*68
$GNRMC,202308.000,A,3900.0029,N,11613.9816,E,0.01,333.59,280612,,,A,V*03
$GNVTG,333.59,T,,M,0.01,N,0.01,K,A*2C
$GNZDA,202308.000,28,06,2012,,*4E
$GNGGA,202309.000,3900.0029,N,11613.9816,E,1,10,0.74,-14.3,M,-6.8,M,,*71
$PAIRACC,3.45,9.47*43
$GNGLL,3900.0029,N,11613.9816,E,202309.000,A,A*4E
$GNGSA,A,3,24,18,02,16,,,,,,,,,1.38,0.74,1.16,1*04
$GNGSA,A,3,68,85,,,,,,,,,,,1.38,0.74,1.16,2*0E
$GNGSA,A,3,,,,,,,,,,,,,1.38,0.74,1.16,3*0C
$GNGSA,A,3,07,05,13,03,,,,,,,,,1.38,0.74,1.16,4*08
$GPGSV,3,1,12,08,02,052,,15,58,135,,24,73,026,40.2,26,55,096,,1*73
$GPGSV,3,2,12,21,42,307,,10,35,051,,18,27,248,39.6,02,09,107,39.7,1*6A
$GPGSV,3,3,12,27,09,078,,16,08,309,40.0,30,02,215,,29,66,216,,1*72
$GLGSV,1,1,04,79,23,152,,68,44,049,39.9,84,37,287,,85,10,335,39.8,1*7B
$GAGSV,1,1,00,7*73
$GBGSV,3,1,12,09,01,184,,01,38,147,,10,32,215,,02,30,229,,1*74
$GBGSV,3,2,12,08,27,167,,04,27,125,,06,19,165,,07,17,190,40.3,1*62
$GBGSV,3,3,12,05,16,249,39.5,11,08,040,,13,06,040,39.8,03,45,191,38.5,1*62
$GNRMC,202309.000,A,3900.0029,N,11613.9816,E,0.01,331.67,280612,,,A,V*0D
$GNVTG,331.67,T,,M,0.01,N,0.03,K,A*21
$GNZDA,202309.000,28,06,2012,,*4F
$GNGGA,202310.000,3900.0029,N,11613.9816,E,1,10,0.74,-14.3,M,-6.8,M,,*79
$PAIRACC,3.55,9.06*47
$GNGLL,3900.0029,N,11613.9816,E,202310.000,A,A*46
$GNGSA,A,3,24,18,02,16,,,,,,,,,1.38,0.74,1.16,1*04
$GNGSA,A,3,68,85,,,,,,,,,,,1.38,0.74,1.16,2*0E
$GNGSA,A,3,,,,,,,,,,,,,1.38,0.74,1.16,3*0C
$GNGSA,A,3,07,05,13,03,,,,,,,,,1.38,0.74,1.16,4*08
$GPGSV,3,1,12,08,02,052,,15,58,135,,24,73,026,39.8,26,55,096,,1*77
$GPGSV,3,2,12,21,42,307,,10,35,051,,18,27,248,39.5,02,09,107,39.8,1*66
$GPGSV,3,3,12,27,09,078,,16,08,309,39.8,30,02,215,,29,66,216,,1*74
$GLGSV,1,1,04,79,23,152,,68,44,049,39.9,84,37,287,,85,10,335,39.9,1*7A
$GAGSV,1,1,00,7*73
$GBGSV,3,1,12,09,01,184,,01,38,147,,10,32,215,,02,30,229,,1*74
$GBGSV,3,2,12,08,27,167,,04,27,125,,06,19,165,,07,17,190,38.4,1*6A
$GBGSV,3,3,12,05,16,249,39.2,11,08,040,,13,06,040,39.5,03,45,191,38.5,1*68
$GNRMC,202310.000,A,3900.0029,N,11613.9816,E,0.02,325.50,280612,,,A,V*07
$GNVTG,325.50,T,,M,0.02,N,0.03,K,A*23
$GNZDA,202310.000,28,06,2012,,*47
$GNGGA,202311.000,3900.0029,N,11613.9816,E,1,10,0.74,-14.3,M,-6.8,M,,*78
$PAIRACC,3.45,9.48*4C
$GNGLL,3900.0029,N,11613.9816,E,202311.000,A,A*47
$GNGSA,A,3,24,18,02,16,,,,,,,,,1.38,0.74,1.16,1*04
$GNGSA,A,3,68,85,,,,,,,,,,,1.38,0.74,1.16,2*0E
$GNGSA,A,3,,,,,,,,,,,,,1.38,0.74,1.16,3*0C
$GNGSA,A,3,07,05,13,03,,,,,,,,,1.38,0.74,1.16,4*08
$GPGSV,3,1,12,08,02,052,,15,58,135,,24,73,026,39.8,26,55,096,,1*77
$GPGSV,3,2,12,21,42,307,,10,35,051,,18,27,248,39.4,02,09,107,40.0,1*61
$GPGSV,3,3,12,27,09,078,,16,08,309,39.6,30,02,215,,29,66,216,,1*7A
$GLGSV,1,1,04,79,23,152,,68,44,049,39.8,84,37,287,,85,10,335,39.8,1*7A
$GAGSV,1,1,00,7*73
$GBGSV,3,1,12,09,01,184,,01,38,147,,10,32,215,,02,30,229,,1*74
$GBGSV,3,2,12,08,27,167,,04,27,125,,06,19,165,,07,17,190,40.0,1*61
$GBGSV,3,3,12,05,16,249,39.0,11,08,040,,13,06,040,39.8,03,45,191,39.0,1*63
$GNRMC,202311.000,A,3900.0029,N,11613.9816,E,0.02,328.09,280612,,,A,V*07
$GNVTG,328.09,T,,M,0.02,N,0.04,K,A*25
$GNZDA,202311.000,28,06,2012,,*46
$GNGGA,202312.000,3900.0029,N,11613.9816,E,1,10,0.74,-14.3,M,-6.8,M,,*7B
$PAIRACC,3.56,9.08*4A
$GNGLL,3900.0029,N,11613.9816,E,202312.000,A,A*44
$GNGSA,A,3,24,18,02,16,,,,,,,,,1.38,0.74,1.16,1*04
$GNGSA,A,3,68,85,,,,,,,,,,,1.38,0.74,1.16,2*0E
$GNGSA,A,3,,,,,,,,,,,,,1.38,0.74,1.16,3*0C
$GNGSA,A,3,07,05,13,03,,,,,,,,,1.38,0.74,1.16,4*08
$GPGSV,3,1,12,08,02,052,,15,58,135,,24,73,026,40.0,26,55,096,,1*71
$GPGSV,3,2,12,21,42,307,,10,35,051,,18,27,248,39.3,02,09,107,39.9,1*61
$GPGSV,3,3,12,27,09,078,,16,08,309,39.9,30,02,215,,29,66,216,,1*75
$GLGSV,1,1,04,79,23,152,,68,44,049,40.0,84,37,287,,85,10,335,40.2,1*78
$GAGSV,1,1,00,7*73
$GBGSV,3,1,12,09,01,184,,01,38,147,,10,32,215,,02,30,229,,1*74
$GBGSV,3,2,12,08,27,167,,04,27,125,,06,19,165,,07,17,190,39.3,1*6C
$GBGSV,3,3,12,05,16,249,39.5,11,08,040,,13,06,040,39.1,03,45,191,38.8,1*66
$GNRMC,202312.000,A,3900.0029,N,11613.9816,E,0.02,327.77,280612,,,A,V*02
$GNVTG,327.77,T,,M,0.02,N,0.04,K,A*23
$GNZDA,202312.000,28,06,2012,,*45
$GNGGA,202313.000,3900.0030,N,11613.9816,E,1,10,0.74,-14.3,M,-6.8,M,,*72
$PAIRACC,3.41,8.95*49
$GNGLL,3900.0030,N,11613.9816,E,202313.000,A,A*4D
$GNGSA,A,3,24,18,02,16,,,,,,,,,1.38,0.74,1.16,1*04
$GNGSA,A,3,68,85,,,,,,,,,,,1.38,0.74,1.16,2*0E
$GNGSA,A,3,,,,,,,,,,,,,1.38,0.74,1.16,3*0C
$GNGSA,A,3,07,05,13,03,,,,,,,,,1.38,0.74,1.16,4*08
$GPGSV,3,1,12,08,02,052,,15,58,135,,24,73,026,39.9,26,55,096,,1*76
$GPGSV,3,2,12,21,42,307,,10,35,051,,18,27,248,39.5,02,09,107,39.6,1*68
$GPGSV,3,3,12,27,09,078,,16,08,309,39.6,30,02,215,,29,66,216,,1*7A
$GLGSV,1,1,04,79,23,152,,68,44,049,39.7,84,37,287,,85,10,335,39.5,1*78
$GAGSV,1,1,00,7*73
$GBGSV,3,1,12,09,01,184,,01,38,147,,10,32,215,,02,30,229,,1*74
$GBGSV,3,2,12,08,27,167,,04,27,125,,06,19,165,,07,17,190,39.9,1*66
$GBGSV,3,3,12,05,16,249,39.4,11,08,040,,13,06,040,39.3,03,45,191,38.0,1*6D
$GNRMC,202313.000,A,3900.0030,N,11613.9816,E,0.03,330.66,280612,,,A,V*0C
$GNVTG,330.66,T,,M,0.03,N,0.05,K,A*25
$GNZDA,202313.000,28,06,2012,,*44
$GNGGA,202314.000,3900.0030,N,11613.9816,E,1,10,0.74,-14.3,M,-6.8,M,,*75
$PAIRACC,3.50,9.07*43
$GNGLL,3900.0030,N,11613.9816,E,202314.000,A,A*4A
$GNGSA,A,3,24,18,02,16,,,,,,,,,1.38,0.74,1.16,1*04
$GNGSA,A,3,68,85,,,,,,,,,,,1.38,0.74,1.16,2*0E
$GNGSA,A,3,,,,,,,,,,,,,1.38,0.74,1.16,3*0C
$GNGSA,A,3,07,05,13,03,,,,,,,,,1.38,0.74,1.16,4*08
$GPGSV,3,1,12,08,02,052,,15,58,135,,24,73,026,39.7,26,55,096,,1*78
$GPGSV,3,2,12,21,42,307,,10,35,051,,18,27,248,39.2,02,09,107,39.7,1*6E
$GPGSV,3,3,12,27,09,078,,16,08,309,40.3,30,02,215,,29,66,216,,1*71
$GLGSV,1,1,04,79,23,152,,68,44,049,40.4,84,37,287,,85,10,335,39.8,1*78
$GAGSV,1,1,00,7*73
$GBGSV,3,1,12,09,01,184,,01,38,147,,10,32,215,,02,30,229,,1*74
$GBGSV,3,2,12,08,27,167,,04,27,125,,06,19,165,,07,17,190,40.2,1*63
$GBGSV,3,3,12,05,16,249,39.5,11,08,040,,13,06,040,39.5,03,45,191,39.5,1*6E
$GNRMC,202314.000,A,3900.0030,N,11613.9816,E,0.03,332.97,280612,,,A,V*07
$GNVTG,332.97,T,,M,0.03,N,0.06,K,A*2A
$GNZDA,202314.000,28,06,2012,,*43
$GNGGA,202315.000,3900.0030,N,11613.9816,E,1,10,0.74,-14.3,M,-6.8,M,,*74
$PAIRACC,3.52,9.50*43
$GNGLL,3900.0030,N,11613.9816,E,202315.000,A,A*4B
$GNGSA,A,3,24,18,02,16,,,,,,,,,1.38,0.74,1.16,1*04
$GNGSA,A,3,68,85,,,,,,,,,,,1.38,0.74,1.16,2*0E
$GNGSA,A,3,,,,,,,,,,,,,1.38,0.74,1.16,3*0C
$GNGSA,A,3,07,05,13,03,,,,,,,,,1.38,0.74,1.16,4*08
$GPGSV,3,1,12,08,02,052,,15,58,135,,24,73,026,39.7,26,55,096,,1*78
$GPGSV,3,2,12,21,42,307,,10,35,051,,18,27,248,39.6,02,09,107,40.3,1*60
$GPGSV,3,3,12,27,09,078,,16,08,309,40.3,30,02,215,,29,66,216,,1*71
$GLGSV,1,1,04,79,23,152,,68,44,049,40.2,84,37,287,,85,10,335,39.5,1*73
$GAGSV,1,1,00,7*73
$GBGSV,3,1,12,09,01,184,,01,38,147,,10,32,215,,02,30,229,,1*74
$GBGSV,3,2,12,08,27,167,,04,27,125,,06,19,165,,07,17,190,40.0,1*61
$GBGSV,3,3,12,05,16,249,39.4,11,08,040,,13,06,040,39.5,03,45,191,38.7,1*6C
$GNRMC,202315.000,A,3900.0030,N,11613.9816,E,0.03,333.08,280612,,,A,V*01
$GNVTG,333.08,T,,M,0.03,N,0.06,K,A*2D
$GNZDA,202315.000,28,06,2012,,*42
$GNGGA,202316.000,3900.0030,N,11613.9816,E,1,10,0.74,-14.3,M,-6.8,M,,*77
$PAIRACC,3.50,9.07*43
$GNGLL,3900.0030,N,11613.9816,E,202316.000,A,A*48
$GNGSA,A,3,24,18,02,16,,,,,,,,,1.38,0.74,1.16,1*04
$GNGSA,A,3,68,85,,,,,,,,,,,1.38,0.74,1.16,2*0E
$GNGSA,A,3,,,,,,,,,,,,,1.38,0.74,1.16,3*0C
$GNGSA,A,3,07,05,13,03,,,,,,,,,1.38,0.74,1.16,4*08
$GPGSV,3,1,12,08,02,052,,15,58,135,,24,73,026,40.1,26,55,096,,1*70
$GPGSV,3,2,12,21,42,307,,10,35,051,,18,27,248,39.6,02,09,107,39.7,1*6A
$GPGSV,3,3,12,27,09,078,,16,08,309,40.0,30,02,215,,29,66,216,,1*72
$GLGSV,1,1,04,79,23,152,,68,44,049,40.1,84,37,287,,85,10,335,40.0,1*7B
$GAGSV,1,1,00,7*73
$GBGSV,3,1,12,09,01,184,,01,38,147,,10,32,215,,02,30,229,,1*74
$GBGSV,3,2,12,08,27,167,,04,27,125,,06,19,165,,07,17,190,39.8,1*67
$GBGSV,3,3,12,05,16,249,39.2,11,08,040,,13,06,040,39.6,03,45,191,38.8,1*66
$GNRMC,202316.000,A,3900.0030,N,11613.9816,E,0.04,331.27,280612,,,A,V*0A
$GNVTG,331.27,T,,M,0.04,N,0.07,K,A*24
$GNZDA,202316.000,28,06,2012,,*41
$GNGGA,202317.000,3900.0030,N,11613.9816,E,1,10,0.74,-14.3,M,-6.8,M,,*76
$PAIRACC,3.43,9.43*41
$GNGLL,3900.0030,N,11613.9816,E,202317.000,A,A*49
$GNGSA,A,3,24,18,02,16,,,,,,,,,1.38,0.74,1.16,1*04
$GNGSA,A,3,68,85,,,,,,,,,,,1.38,0.74,1.16,2*0E
$GNGSA,A,3,,,,,,,,,,,,,1.38,0.74,1.16,3*0C
$GNGSA,A,3,07,05,13,03,,,,,,,,,1.38,0.74,1.16,4*08
$GPGSV,3,1,12,08,02,052,,15,58,135,,24,73,026,40.0,26,55,096,,1*71
$GPGSV,3,2,12,21,42,307,,10,35,051,,18,27,248,39.6,02,09,107,39.4,1*69
$GPGSV,3,3,12,27,09,078,,16,08,309,39.6,30,02,215,,29,66,216,,1*7A
$GLGSV,1,1,04,79,23,152,,68,44,049,40.1,84,37,287,,85,10,335,39.4,1*71
$GAGSV,1,1,00,7*73
$GBGSV,3,1,12,09,01,184,,01,38,147,,10,32,215,,02,30,229,,1*74
$GBGSV,3,2,12,08,27,167,,04,27,125,,06,19,165,,07,17,190,39.3,1*6C
$GBGSV,3,3,12,05,16,249,39.0,11,08,040,,13,06,040,39.3,03,45,191,38.8,1*61
$GNRMC,202317.000,A,3900.0030,N,11613.9816,E,0.03,327.20,280612,,,A,V*0C
$GNVTG,327.20,T,,M,0.03,N,0.06,K,A*22
$GNZDA,202317.000,28,06,2012,,*40
$GNGGA,202318.000,3900.0030,N,11613.9816,E,1,10,0.74,-14.3,M,-6.8,M,,*79
$PAIRACC,3.50,9.07*43
$GNGLL,3900.0030,N,11613.9816,E,202318.000,A,A*46
$GNGSA,A,3,24,18,02,16,,,,,,,,,1.38,0.74,1.16,1*04
$GNGSA,A,3,68,85,,,,,,,,,,,1.38,0.74,1.16,2*0E
$GNGSA,A,3,,,,,,,,,,,,,1.38,0.74,1.16,3*0C
$GNGSA,A,3,07,05,13,03,,,,,,,,,1.38,0.74,1.16,4*08
$GPGSV,3,1,12,08,02,052,,15,58,135,,24,73,026,39.9,26,55,096,,1*76
$GPGSV,3,2,12,21,42,307,,10,35,051,,18,27,248,39.5,02,09,107,39.4,1*6A
$GPGSV,3,3,12,27,09,078,,16,08,309,39.5,30,02,215,,29,66,216,,1*79
$GLGSV,1,1,04,79,23,152,,68,44,049,40.2,84,37,287,,85,10,335,39.9,1*7F
$GAGSV,1,1,00,7*73
$GBGSV,3,1,12,09,01,184,,01,38,147,,10,32,215,,02,30,229,,1*74
$GBGSV,3,2,12,08,27,167,,04,27,125,,06,19,165,,07,17,190,40.2,1*63
$GBGSV,3,3,12,05,16,249,39.5,11,08,040,,13,06,040,39.2,03,45,191,38.4,1*69
$GNRMC,202318.000,A,3900.0030,N,11613.9816,E,0.04,328.72,280612,,,A,V*0C
$GNVTG,328.72,T,,M,0.04,N,0.07,K,A*2C
$GNZDA,202318.000,28,06,2012,,*4F
$GNGGA,202319.000,3900.0030,N,11613.9816,E,1,10,0.74,-14.3,M,-6.8,M,,*78
$PAIRACC,3.46,8.96*4D
$GNGLL,3900.0030,N,11613.9816,E,202319.000,A,A*47
$GNGSA,A,3,24,18,02,16,,,,,,,,,1.38,0.74,1.16,1*04
$GNGSA,A,3,68,85,,,,,,,,,,,1.38,0.74,1.16,2*0E
$GNGSA,A,3,,,,,,,,,,,,,1.38,0.74,1.16,3*0C
$GNGSA,A,3,07,05,13,03,,,,,,,,,1.38,0.74,1.16,4*08
$GPGSV,3,1,12,08,02,052,,15,58,135,,24,73,026,40.0,26,55,096,,1*71
$GPGSV,3,2,12,21,42,307,,10,35,051,,18,27,248,38.8,02,09,107,39.4,1*66
$GPGSV,3,3,12,27,09,078,,16,08,309,39.7,30,02,215,,29,66,216,,1*7B
$GLGSV,1,1,04,79,23,152,,68,44,049,40.0,84,37,287,,85,10,335,39.9,1*7D
$GAGSV,1,1,00,7*73
$GBGSV,3,1,12,09,01,184,,01,38,147,,10,32,215,,02,30,229,,1*74
$GBGSV,3,2,12,08,27,167,,04,27,125,,06,19,165,,07,17,190,39.5,1*6A
$GBGSV,3,3,12,05,16,249,39.2,11,08,040,,13,06,040,39.6,03,45,191,38.4,1*6A
$GNRMC,202319.000,A,3900.0030,N,11613.9816,E,0.04,326.52,280612,,,A,V*01
$GNVTG,326.52,T,,M,0.04,N,0.07,K,A*20
$GNZDA,202319.000,28,06,2012,,*4E
$GNGGA,202320.000,3900.0030,N,11613.9816,E,1,10,0.74,-14.3,M,-6.8,M,,*72
$PAIRACC,3.49,9.07*4B
$GNGLL,3900.0030,N,11613.9816,E,202320.000,A,A*4D
$GNGSA,A,3,24,18,02,16,,,,,,,,,1.38,0.74,1.16,1*04
$GNGSA,A,3,68,85,,,,,,,,,,,1.38,0.74,1.16,2*0E
$GNGSA,A,3,,,,,,,,,,,,,1.38,0.74,1.16,3*0C
$GNGSA,A,3,07,05,13,03,,,,,,,,,1.38,0.74,1.16,4*08
$GPGSV,3,1,12,08,02,052,,15,58,135,,24,73,026,39.5,26,55,096,,1*7A
$GPGSV,3,2,12,21,42,307,,10,35,051,,18,27,248,39.3,02,09,107,39.9,1*61
$GPGSV,3,3,12,27,09,078,,16,08,309,39.9,30,02,215,,29,66,216,,1*75
$GLGSV,1,1,04,79,23,152,,68,44,049,40.0,84,37,287,,85,10,335,40.2,1*78
$GAGSV,1,1,00,7*73
$GBGSV,3,1,12,09,01,184,,01,38,147,,10,32,215,,02,30,229,,1*74
$GBGSV,3,2,12,08,27,167,,04,27,125,,06,19,165,,07,17,190,40.0,1*61
$GBGSV,3,3,12,05,16,249,39.5,11,08,040,,13,06,040,39.4,03,45,191,39.2,1*68
$GNRMC,202320.000,A,3900.0030,N,11613.9816,E,0.04,326.16,280612,,,A,V*0B
$GNVTG,326.16,T,,M,0.04,N,0.07,K,A*20
$GNZDA,202320.000,28,06,2012,,*44
$GNGGA,202321.000,3900.0030,N,11613.9816,E,1,10,0.74,-14.3,M,-6.8,M,,*73
$PAIRACC,3.43,9.43*41
$GNGLL,3900.0030,N,11613.9816,E,202321.000,A,A*4C
$GNGSA,A,3,24,18,02,16,,,,,,,,,1.38,0.74,1.16,1*04
$GNGSA,A,3,68,85,,,,,,,,,,,1.38,0.74,1.16,2*0E
$GNGSA,A,3,,,,,,,,,,,,,1.38,0.74,1.16,3*0C
$GNGSA,A,3,07,05,13,03,,,,,,,,,1.38,0.74,1.16,4*08
$GPGSV,3,1,12,08,02,052,,15,58,135,,24,73,026,40.4,26,55,096,,1*75
$GPGSV,3,2,12,21,42,307,,10,35,051,,18,27,248,39.5,02,09,107,39.8,1*66
$GPGSV,3,3,12,27,09,078,,16,08,309,39.8,30,02,215,,29,66,216,,1*74
$GLGSV,1,1,04,79,23,152,,68,44,049,39.9,84,37,287,,85,10,335,39.6,1*75
$GAGSV,1,1,00,7*73
$GBGSV,3,1,12,09,01,184,,01,38,147,,10,32,215,,02,30,229,,1*74
$GBGSV,3,2,12,08,27,167,,04,27,125,,06,19,165,,07,17,190,39.3,1*6C
$GBGSV,3,3,12,05,16,249,39.3,11,08,040,,13,06,040,39.4,03,45,191,38.6,1*6B
$GNRMC,202321.000,A,3900.0030,N,11613.9816,E,0.04,325.77,280612,,,A,V*0E
$GNVTG,325.77,T,,M,0.04,N,0.07,K,A*24
$GNZDA,202321.000,28,06,2012,,*45
$GNGGA,202322.000,3900.0030,N,11613.9816,E,1,10,0.74,-14.3,M,-6.8,M,,*70
$PAIRACC,3.49,9.07*4B
$GNGLL,3900.0030,N,11613.9816,E,202322.000,A,A*4F
$GNGSA,A,3,24,18,02,16,,,,,,,,,1.38,0.74,1.16,1*04
$GNGSA,A,3,68,85,,,,,,,,,,,1.38,0.74,1.16,2*0E
$GNGSA,A,3,,,,,,,,,,,,,1.38,0.74,1.16,3*0C
$GNGSA,A,3,07,05,13,03,,,,,,,,,1.38,0.74,1.16,4*08
$GPGSV,3,1,12,08,02,052,,15,58,135,,24,73,026,39.3,26,55,096,,1*7C
$GPGSV,3,2,12,21,42,307,,10,35,051,,18,27,248,39.4,02,09,107,39.7,1*68
$GPGSV,3,3,12,27,09,078,,16,08,309,39.7,30,02,215,,29,66,216,,1*7B
$GLGSV,1,1,04,79,23,152,,68,44,051,40.4,84,37,287,,85,10,335,39.6,1*7F
$GAGSV,1,1,00,7*73
$GBGSV,3,1,12,09,01,184,,01,38,147,,10,32,215,,02,30,229,,1*74
$GBGSV,3,2,12,08,27,167,,04,27,125,,06,19,165,,07,17,190,40.0,1*61
$GBGSV,3,3,12,05,16,249,39.1,11,08,040,,13,06,040,39.7,03,45,191,38.5,1*69
$GNRMC,202322.000,A,3900.0030,N,11613.9816,E,0.04,326.57,280612,,,A,V*0C
$GNVTG,326.57,T,,M,0.04,N,0.07,K,A*25
$GNZDA,202322.000,28,06,2012,,*46
$GNGGA,202323.000,3900.0030,N,11613.9816,E,1,10,0.74,-14.3,M,-6.8,M,,*71
$PAIRACC,3.45,9.45*41
$GNGLL,3900.0030,N,11613.9816,E,202323.000,A,A*4E
$GNGSA,A,3,24,18,02,16,,,,,,,,,1.38,0.74,1.16,1*04
$GNGSA,A,3,68,85,,,,,,,,,,,1.38,0.74,1.16,2*0E
$GNGSA,A,3,,,,,,,,,,,,,1.38,0.74,1.16,3*0C
$GNGSA,A,3,07,05,13,03,,,,,,,,,1.38,0.74,1.16,4*08
$GPGSV,3,1,12,08,02,052,,15,58,135,,24,73,026,39.9,26,55,096,,1*76
$GPGSV,3,2,12,21,42,307,,10,35,051,,18,27,248,39.6,02,09,107,39.8,1*65
$GPGSV,3,3,12,27,09,078,,16,08,309,40.1,30,02,215,,29,66,216,,1*73
$GLGSV,1,1,04,79,23,152,,68,44,051,40.2,84,37,287,,85,10,335,39.7,1*78
$GAGSV,1,1,00,7*73
$GBGSV,3,1,12,09,01,184,,01,38,147,,10,32,215,,02,30,229,,1*74
$GBGSV,3,2,12,08,27,167,,04,27,125,,06,19,165,,07,17,190,39.4,1*6B
$GBGSV,3,3,12,05,16,249,39.2,11,08,040,,13,06,040,40.0,03,45,191,39.3,1*64
$GNRMC,202323.000,A,3900.0030,N,11613.9816,E,0.03,335.63,280612,,,A,V*0F
$GNVTG,335.63,T,,M,0.03,N,0.06,K,A*26
$GNZDA,202323.000,28,06,2012,,*47
$GNGGA,202324.000,3900.0030,N,11613.9816,E,1,10,0.74,-14.3,M,-6.8,M,,*76
$PAIRACC,3.49,9.07*4B
$GNGLL,3900.0030,N,11613.9816,E,202324.000,A,A*49
$GNGSA,A,3,24,18,02,16,,,,,,,,,1.38,0.74,1.16,1*04
$GNGSA,A,3,68,85,,,,,,,,,,,1.38,0.74,1.16,2*0E
$GNGSA,A,3,,,,,,,,,,,,,1.38,0.74,1.16,3*0C
$GNGSA,A,3,07,05,13,03,,,,,,,,,1.38,0.74,1.16,4*08
$GPGSV,3,1,11,30,02,215,,15,58,135,,24,73,026,40.0,26,55,096,,1*78
$GPGSV,3,2,11,21,42,307,,10,35,051,,18,27,248,39.2,02,09,107,39.5,1*6F
$GPGSV,3,3,11,27,09,078,,16,08,309,39.7,29,66,216,,1*4F
$GLGSV,1,1,04,79,23,152,,68,44,051,40.3,84,37,287,,85,10,335,39.8,1*76
$GAGSV,1,1,00,7*73
$GBGSV,3,1,12,09,01,184,,01,38,147,,10,32,215,,02,30,229,,1*74
$GBGSV,3,2,12,08,27,167,,04,27,125,,06,19,165,,07,17,190,39.8,1*67
$GBGSV,3,3,12,05,16,249,39.0,11,08,040,,13,06,040,39.6,03,45,191,38.1,1*6D
$GNRMC,202324.000,A,3900.0030,N,11613.9816,E,0.03,329.71,280612,,,A,V*06
$GNVTG,329.71,T,,M,0.03,N,0.06,K,A*28
$GNZDA,202324.000,28,06,2012,,*40
$GNGGA,202325.000,3900.0030,N,11613.9816,E,1,10,0.74,-14.3,M,-6.8,M,,*77
$PAIRACC,3.43,9.43*41
$GNGLL,3900.0030,N,11613.9816,E,202325.000,A,A*48
$GNGSA,A,3,24,18,02,16,,,,,,,,,1.38,0.74,1.16,1*04
$GNGSA,A,3,68,85,,,,,,,,,,,1.38,0.74,1.16,2*0E
$GNGSA,A,3,,,,,,,,,,,,,1.38,0.74,1.16,3*0C
$GNGSA,A,3,07,05,13,03,,,,,,,,,1.38,0.74,1.16,4*08
$GPGSV,3,1,12,08,02,052,,15,58,135,,24,73,026,39.6,26,55,096,,1*79
$GPGSV,3,2,12,21,42,307,,10,35,051,,18,27,248,39.4,02,09,107,39.5,1*6A
$GPGSV,3,3,12,27,09,078,,16,08,309,40.1,30,02,215,,29,66,216,,1*73
$GLGSV,1,1,04,79,23,152,,68,44,051,40.0,84,37,287,,85,10,335,39.9,1*74
$GAGSV,1,1,00,7*73
$GBGSV,3,1,12,09,01,184,,01,38,147,,10,32,215,,02,30,229,,1*74
$GBGSV,3,2,12,08,27,167,,04,27,125,,06,19,165,,07,17,190,38.9,1*67
$GBGSV,3,3,12,05,16,249,39.4,11,08,040,,13,06,040,39.1,03,45,191,38.8,1*67
$GNRMC,202325.000,A,3900.0030,N,11613.9816,E,0.03,330.95,280612,,,A,V*05
$GNVTG,330.95,T,,M,0.03,N,0.05,K,A*29
$GNZDA,202325.000,28,06,2012,,*41
$GNGGA,202326.000,3900.0030,N,11613.9816,E,1,10,0.74,-14.3,M,-6.8,M,,*74
$PAIRACC,3.45,9.03*43
$GNGLL,3900.0030,N,11613.9816,E,202326.000,A,A*4B
$GNGSA,A,3,24,18,02,16,,,,,,,,,1.38,0.74,1.16,1*04
$GNGSA,A,3,68,85,,,,,,,,,,,1.38,0.74,1.16,2*0E
$GNGSA,A,3,,,,,,,,,,,,,1.38,0.74,1.16,3*0C
$GNGSA,A,3,07,05,13,03,,,,,,,,,1.38,0.74,1.16,4*08
$GPGSV,3,1,12,08,02,052,,15,58,135,,24,73,026,39.9,26,55,096,,1*76
$GPGSV,3,2,12,21,42,307,,10,35,051,,18,27,248,39.6,02,09,107,40.0,1*63
$GPGSV,3,3,12,27,09,078,,16,08,309,39.8,30,02,215,,29,66,216,,1*74
$GLGSV,1,1,04,79,23,152,,68,44,051,39.9,84,37,287,,85,10,335,40.2,1*76
$GAGSV,1,1,00,7*73
$GBGSV,3,1,12,09,01,184,,01,38,147,,10,32,215,,02,30,229,,1*74
$GBGSV,3,2,12,08,27,167,,04,27,125,,06,19,165,,07,17,190,39.5,1*6A
$GBGSV,3,3,12,05,16,249,39.3,11,08,040,,13,06,040,39.4,03,45,191,38.9,1*64
$GNRMC,202326.000,A,3900.0030,N,11613.9816,E,0.02,338.89,280612,,,A,V*02
$GNVTG,338.89,T,,M,0.02,N,0.04,K,A*2C
$GNZDA,202326.000,28,06,2012,,*42
$GNGGA,202327.000,3900.0030,N,11613.9816,E,1,10,0.74,-14.3,M,-6.8,M,,*75
$PAIRACC,3.56,9.53*44
$GNGLL,3900.0030,N,11613.9816,E,202327.000,A,A*4A
$GNGSA,A,3,24,18,02,16,,,,,,,,,1.38,0.74,1.16,1*04
$GNGSA,A,3,68,85,,,,,,,,,,,1.38,0.74,1.16,2*0E
$GNGSA,A,3,,,,,,,,,,,,,1.38,0.74,1.16,3*0C
$GNGSA,A,3,07,05,13,03,,,,,,,,,1.38,0.74,1.16,4*08
$GPGSV,3,1,12,08,02,052,,15,58,135,,24,73,026,40.3,26,55,096,,1*72
$GPGSV,3,2,12,21,42,307,,10,35,051,,18,27,248,39.4,02,09,107,39.6,1*69
$GPGSV,3,3,12,27,09,078,,16,08,309,40.0,30,02,215,,29,66,216,,1*72
$GLGSV,1,1,04,79,23,152,,68,44,051,40.0,84,37,287,,85,10,335,39.7,1*7A
$GAGSV,1,1,00,7*73
$GBGSV,3,1,12,09,01,184,,01,38,147,,10,32,215,,02,30,229,,1*74
$GBGSV,3,2,12,08,27,167,,04,27,125,,06,19,165,,07,17,190,40.2,1*63
$GBGSV,3,3,12,05,16,249,39.4,11,08,040,,13,06,040,39.4,03,45,191,38.9,1*63
$GNRMC,202327.000,A,3900.0030,N,11613.9816,E,0.02,341.71,280612,,,A,V*0A
$GNVTG,341.71,T,,M,0.02,N,0.04,K,A*25
$GNZDA,202327.000,28,06,2012,,*43
$GNGGA,202328.000,3900.0030,N,11613.9817,E,1,10,0.74,-14.3,M,-6.8,M,,*7B
$PAIRACC,3.45,9.03*43
$GNGLL,3900.0030,N,11613.9817,E,202328.000,A,A*44
$GNGSA,A,3,24,18,02,16,,,,,,,,,1.38,0.74,1.16,1*04
$GNGSA,A,3,68,85,,,,,,,,,,,1.38,0.74,1.16,2*0E
$GNGSA,A,3,,,,,,,,,,,,,1.38,0.74,1.16,3*0C
$GNGSA,A,3,07,05,13,03,,,,,,,,,1.38,0.74,1.16,4*08
$GPGSV,3,1,12,08,02,052,,15,58,135,,24,73,026,39.8,26,55,096,,1*77
$GPGSV,3,2,12,21,42,307,,10,35,051,,18,27,248,39.6,02,09,107,40.0,1*63
$GPGSV,3,3,12,27,09,078,,16,08,309,39.7,30,02,215,,29,66,216,,1*7B
$GLGSV,1,1,04,79,23,152,,68,44,051,39.5,84,37,287,,85,10,335,39.9,1*7F
$GAGSV,1,1,00,7*73
$GBGSV,3,1,12,09,01,184,,01,38,147,,10,32,215,,02,30,229,,1*74
$GBGSV,3,2,12,08,27,167,,04,27,125,,06,19,165,,07,17,190,39.6,1*69
$GBGSV,3,3,12,05,16,249,39.3,11,08,040,,13,06,040,40.0,03,45,191,38.7,1*60
$GNRMC,202328.000,A,3900.0030,N,11613.9817,E,0.02,340.27,280612,,,A,V*06
$GNVTG,340.27,T,,M,0.02,N,0.03,K,A*20
$GNZDA,202328.000,28,06,2012,,*4C
$GNGGA,202329.000,3900.0030,N,11613.9817,E,1,10,0.74,-14.3,M,-6.8,M,,*7A
$PAIRACC,3.57,9.54*42
$GNGLL,3900.0030,N,11613.9817,E,202329.000,A,A*45
$GNGSA,A,3,24,18,02,16,,,,,,,,,1.38,0.74,1.16,1*04
$GNGSA,A,3,68,85,,,,,,,,,,,1.38,0.74,1.16,2*0E
$GNGSA,A,3,,,,,,,,,,,,,1.38,0.74,1.16,3*0C
$GNGSA,A,3,07,05,13,03,,,,,,,,,1.38,0.74,1.16,4*08
$GPGSV,3,1,12,08,02,052,,15,58,135,,24,73,026,40.4,26,55,096,,1*75
$GPGSV,3,2,12,21,42,307,,10,35,051,,18,27,248,39.5,02,09,107,39.8,1*66
$GPGSV,3,3,12,27,09,078,,16,08,309,39.8,30,02,215,,29,66,216,,1*74
$GLGSV,1,1,04,79,23,152,,68,44,051,39.9,84,37,287,,85,10,335,39.4,1*7E
$GAGSV,1,1,00,7*73
$GBGSV,3,1,12,09,01,184,,01,38,147,,10,32,215,,02,30,229,,1*74
$GBGSV,3,2,12,08,27,167,,04,27,125,,06,19,165,,07,17,190,40.5,1*64
$GBGSV,3,3,12,05,16,249,39.2,11,08,040,,13,06,040,39.2,03,45,191,39.4,1*6F
$GNRMC,202329.000,A,3900.0030,N,11613.9817,E,0.02,319.81,280612,,,A,V*07
$GNVTG,319.81,T,,M,0.02,N,0.03,K,A*20
$GNZDA,202329.000,28,06,2012,,*4D
$GNGGA,202330.000,3900.0030,N,11613.9817,E,1,10,0.74,-14.3,M,-6.8,M,,*72
$PAIRACC,3.44,9.01*40
$GNGLL,3900.0030,N,11613.9817,E,202330.000,A,A*4D
$GNGSA,A,3,24,18,02,16,,,,,,,,,1.38,0.74,1.16,1*04
$GNGSA,A,3,68,85,,,,,,,,,,,1.38,0.74,1.16,2*0E
$GNGSA,A,3,,,,,,,,,,,,,1.38,0.74,1.16,3*0C
$GNGSA,A,3,07,05,13,03,,,,,,,,,1.38,0.74,1.16,4*08
$GPGSV,3,1,12,08,02,052,,15,58,135,,24,73,026,40.1,26,55,096,,1*70
$GPGSV,3,2,12,21,42,307,,10,35,051,,18,27,248,39.5,02,09,107,39.8,1*66
$GPGSV,3,3,12,27,09,078,,16,08,309,40.1,30,02,215,,29,66,216,,1*73
$GLGSV,1,1,04,79,23,152,,68,44,051,40.0,84,37,287,,85,10,335,39.9,1*74
$GAGSV,1,1,00,7*73
$GBGSV,3,1,12,09,01,184,,01,38,147,,10,32,215,,02,30,229,,1*74
$GBGSV,3,2,12,08,27,167,,04,27,125,,06,19,165,,07,17,190,39.5,1*6A
$GBGSV,3,3,12,05,16,249,39.5,11,08,040,,13,06,040,39.4,03,45,191,38.7,1*6C
$GNRMC,202330.000,A,3900.0030,N,11613.9817,E,0.01,325.95,280612,,,A,V*06
$GNVTG,325.95,T,,M,0.01,N,0.03,K,A*29
$GNZDA,202330.000,28,06,2012,,*45
$GNGGA,202331.000,3900.0030,N,11613.9817,E,1,10,0.74,-14.3,M,-6.8,M,,*73
$PAIRACC,3.47,9.02*40
$GNGLL,3900.0030,N,11613.9817,E,202331.000,A,A*4C
$GNGSA,A,3,24,18,02,16,,,,,,,,,1.38,0.74,1.16,1*04
$GNGSA,A,3,68,85,,,,,,,,,,,1.38,0.74,1.16,2*0E
$GNGSA,A,3,,,,,,,,,,,,,1.38,0.74,1.16,3*0C
$GNGSA,A,3,07,05,13,03,,,,,,,,,1.38,0.74,1.16,4*08
$GPGSV,3,1,12,08,02,052,,15,58,135,,24,73,026,39.9,26,55,096,,1*76
$GPGSV,3,2,12,21,42,307,,10,35,051,,18,27,248,39.8,02,09,107,39.8,1*6B
$GPGSV,3,3,12,27,09,078,,16,08,309,40.0,30,02,215,,29,66,216,,1*72
$GLGSV,1,1,04,79,23,152,,68,44,051,40.0,84,37,287,,85,10,335,39.8,1*75
$GAGSV,1,1,00,7*73
$GBGSV,3,1,12,09,01,184,,01,38,147,,10,32,215,,02,30,229,,1*74
$GBGSV,3,2,12,08,27,167,,04,27,125,,06,19,165,,07,17,190,40.1,1*60
$GBGSV,3,3,12,05,16,249,39.8,11,08,040,,13,06,040,39.3,03,45,191,38.1,1*60
$GNRMC,202331.000,A,3900.0030,N,11613.9817,E,0.02,329.51,280612,,,A,V*00
$GNVTG,329.51,T,,M,0.02,N,0.03,K,A*2E
$GNZDA,202331.000,28,06,2012,,*44
$GNGGA,202332.000,3900.0030,N,11613.9817,E,1,10,0.74,-14.3,M,-6.8,M,,*70
$PAIRACC,3.44,9.02*43
$GNGLL,3900.0030,N,11613.9817,E,202332.000,A,A*4F
$GNGSA,A,3,24,18,02,16,,,,,,,,,1.38,0.74,1.16,1*04
$GNGSA,A,3,68,85,,,,,,,,,,,1.38,0.74,1.16,2*0E
$GNGSA,A,3,,,,,,,,,,,,,1.38,0.74,1.16,3*0C
$GNGSA,A,3,07,05,13,03,,,,,,,,,1.38,0.74,1.16,4*08
$GPGSV,3,1,12,08,02,052,,15,58,135,,24,73,026,40.0,26,55,096,,1*71
$GPGSV,3,2,12,21,42,307,,10,35,051,,18,27,248,39.5,02,09,107,39.9,1*67
$GPGSV,3,3,12,27,09,078,,16,08,309,39.8,30,02,215,,29,66,216,,1*74
$GLGSV,1,1,04,79,23,152,,68,44,051,40.4,84,37,287,,85,10,335,39.7,1*7E
$GAGSV,1,1,00,7*73
$GBGSV,3,1,12,09,01,184,,01,38,147,,10,32,215,,02,30,229,,1*74
$GBGSV,3,2,12,08,27,167,,04,27,125,,06,19,165,,07,17,190,39.4,1*6B
$GBGSV,3,3,12,05,16,249,39.3,11,08,040,,13,06,040,39.3,03,45,191,39.2,1*69
$GNRMC,202332.000,A,3900.0030,N,11613.9817,E,0.02,333.32,280612,,,A,V*0D
$GNVTG,333.32,T,,M,0.02,N,0.04,K,A*27
$GNZDA,202332.000,28,06,2012,,*47
$GNGGA,202333.000,3900.0030,N,11613.9817,E,1,10,0.74,-14.3,M,-6.8,M,,*71
$PAIRACC,3.47,9.02*40
$GNGLL,3900.0030,N,11613.9817,E,202333.000,A,A*4E
$GNGSA,A,3,24,18,02,16,,,,,,,,,1.38,0.74,1.16,1*04
$GNGSA,A,3,68,85,,,,,,,,,,,1.38,0.74,1.16,2*0E
$GNGSA,A,3,,,,,,,,,,,,,1.38,0.74,1.16,3*0C
$GNGSA,A,3,07,05,13,03,,,,,,,,,1.38,0.74,1.16,4*08
$GPGSV,3,1,12,08,02,052,,24,73,026,39.7,15,58,135,,26,55,096,,1*78
$GPGSV,3,2,12,21,42,307,,10,35,051,,18,27,248,40.0,02,09,107,39.6,1*63
$GPGSV,3,3,12,27,09,078,,16,08,309,39.4,30,02,215,,29,66,216,,1*78
$GLGSV,1,1,04,84,37,287,,68,44,051,40.0,79,24,151,,85,10,335,39.8,1*71
$GAGSV,1,1,00,7*73
$GBGSV,3,1,11,09,01,184,,01,38,147,,10,32,215,,04,27,125,,1*78
$GBGSV,3,2,11,08,27,167,,06,19,165,,07,17,190,40.1,05,16,249,39.3,1*7E
$GBGSV,3,3,11,11,08,040,,13,06,040,39.6,03,45,191,38.5,1*43
$GNRMC,202333.000,A,3900.0030,N,11613.9817,E,0.02,332.88,280612,,,A,V*0C
$GNVTG,332.88,T,,M,0.02,N,0.04,K,A*27
$GNZDA,202333.000,28,06,2012,,*46
$GNGGA,202334.000,3900.0030,N,11613.9817,E,1,10,0.74,-14.3,M,-6.8,M,,*76
$PAIRACC,3.44,9.02*43
$GNGLL,3900.0030,N,11613.9817,E,202334.000,A,A*49
$GNGSA,A,3,24,18,02,16,,,,,,,,,1.38,0.74,1.16,1*04
$GNGSA,A,3,68,85,,,,,,,,,,,1.38,0.74,1.16,2*0E
$GNGSA,A,3,,,,,,,,,,,,,1.38,0.74,1.16,3*0C
$GNGSA,A,3,07,05,13,03,,,,,,,,,1.38,0.74,1.16,4*08
$GPGSV,3,1,12,08,02,052,,15,58,135,,24,73,026,39.9,26,55,096,,1*76
$GPGSV,3,2,12,21,42,307,,10,35,051,,18,27,248,39.9,02,09,107,39.3,1*61
$GPGSV,3,3,12,27,09,078,,16,08,309,40.1,30,02,215,,29,66,216,,1*73
$GLGSV,1,1,04,79,24,151,,68,44,051,40.0,84,37,287,,85,10,335,39.8,1*71
$GAGSV,1,1,00,7*73
$GBGSV,3,1,12,09,01,184,,01,38,147,,10,32,215,,02,30,229,,1*74
$GBGSV,3,2,12,08,27,167,,04,27,125,,06,19,165,,07,17,190,39.1,1*6E
$GBGSV,3,3,12,05,16,249,39.4,11,08,040,,13,06,040,39.3,03,45,191,38.5,1*68
$GNRMC,202334.000,A,3900.0030,N,11613.9817,E,0.03,333.21,280612,,,A,V*08
$GNVTG,333.21,T,,M,0.03,N,0.05,K,A*25
$GNZDA,202334.000,28,06,2012,,*41
$GNGGA,202335.000,3900.0030,N,11613.9817,E,1,10,0.74,-14.3,M,-6.8,M,,*77
$PAIRACC,3.42,9.00*47
$GNGLL,3900.0030,N,11613.9817,E,202335.000,A,A*48
$GNGSA,A,3,24,18,02,16,,,,,,,,,1.37,0.74,1.15,1*08
$GNGSA,A,3,68,85,,,,,,,,,,,1.37,0.74,1.15,2*02
$GNGSA,A,3,,,,,,,,,,,,,1.37,0.74,1.15,3*00
$GNGSA,A,3,07,05,13,03,,,,,,,,,1.37,0.74,1.15,4*04
$GPGSV,3,1,12,08,02,052,,15,58,135,,24,73,026,40.0,26,55,096,,1*71
$GPGSV,3,2,12,21,42,307,,10,35,051,,18,27,248,39.5,02,09,107,39.9,1*67
$GPGSV,3,3,12,27,09,078,,16,08,309,39.7,30,02,215,,29,66,216,,1*7B
$GLGSV,1,1,04,79,24,151,,68,44,051,39.8,84,37,287,,85,10,335,39.7,1*78
$GAGSV,1,1,00,7*73
$GBGSV,3,1,12,09,01,184,,01,38,147,,10,32,215,,02,30,229,,1*74
$GBGSV,3,2,12,08,27,167,,04,27,125,,06,19,165,,07,17,190,39.6,1*69
$GBGSV,3,3,12,05,16,249,38.9,11,08,040,,13,06,040,39.3,03,45,191,38.9,1*68
$GNRMC,202335.000,A,3900.0030,N,11613.9817,E,0.03,332.10,280612,,,A,V*0A
$GNVTG,332.10,T,,M,0.03,N,0.05,K,A*26
$GNZDA,202335.000,28,06,2012,,*40
$GNGGA,202336.000,3900.0030,N,11613.9817,E,1,10,0.74,-14.3,M,-6.8,M,,*74
$PAIRACC,3.49,9.04*48
$GNGLL,3900.0030,N,11613.9817,E,202336.000,A,A*4B
$GNGSA,A,3,24,18,02,16,,,,,,,,,1.38,0.74,1.16,1*04
$GNGSA,A,3,68,85,,,,,,,,,,,1.38,0.74,1.16,2*0E
$GNGSA,A,3,,,,,,,,,,,,,1.38,0.74,1.16,3*0C
$GNGSA,A,3,07,05,13,03,,,,,,,,,1.38,0.74,1.16,4*08
$GPGSV,3,1,11,08,02,052,,15,58,135,,24,73,026,39.9,21,42,307,,1*7F
$GPGSV,3,2,11,10,35,051,,18,27,248,39.3,02,09,107,39.8,27,09,078,,1*61
$GPGSV,3,3,11,16,08,309,39.3,30,02,215,,29,66,216,,1*4F
$GLGSV,1,1,04,79,24,151,,68,44,051,39.9,84,37,287,,85,10,335,39.7,1*79
$GAGSV,1,1,00,7*73
$GBGSV,3,1,12,09,01,184,,01,38,147,,10,32,215,,02,30,229,,1*74
$GBGSV,3,2,12,08,27,167,,04,27,125,,06,19,165,,07,17,190,39.1,1*6E
$GBGSV,3,3,12,05,16,249,39.6,11,08,040,,13,06,040,39.4,03,45,191,38.7,1*6F
$GNRMC,202336.000,A,3900.0030,N,11613.9817,E,0.03,333.46,280612,,,A,V*0B
$GNVTG,333.46,T,,M,0.03,N,0.06,K,A*27
$GNZDA,202336.000,28,06,2012,,*43
$GNGGA,202337.000,3900.0030,N,11613.9817,E,1,10,0.74,-14.3,M,-6.8,M,,*75
$PAIRACC,3.42,8.99*46
$GNGLL,3900.0030,N,11613.9817,E,202337.000,A,A*4A
$GNGSA,A,3,24,18,02,16,,,,,,,,,1.38,0.74,1.16,1*04
$GNGSA,A,3,68,85,,,,,,,,,,,1.38,0.74,1.16,2*0E
$GNGSA,A,3,,,,,,,,,,,,,1.38,0.74,1.16,3*0C
$GNGSA,A,3,07,05,13,03,,,,,,,,,1.38,0.74,1.16,4*08
$GPGSV,3,1,12,08,02,052,,15,58,135,,24,73,026,39.9,26,55,096,,1*76
$GPGSV,3,2,12,21,42,307,,10,35,051,,18,27,248,39.7,02,09,107,40.0,1*62
$GPGSV,3,3,12,27,09,078,,16,08,309,40.5,30,02,215,,29,66,216,,1*77
$GLGSV,1,1,04,79,24,151,,68,44,051,40.1,84,37,287,,85,10,335,39.8,1*70
$GAGSV,1,1,00,7*73
$GBGSV,3,1,12,09,01,184,,01,38,147,,10,32,215,,02,30,229,,1*74
$GBGSV,3,2,12,08,27,167,,04,27,125,,06,19,165,,07,17,190,39.8,1*67
$GBGSV,3,3,12,05,16,249,39.4,11,08,040,,13,06,040,39.8,03,45,191,38.2,1*64
$GNRMC,202337.000,A,3900.0030,N,11613.9817,E,0.03,330.48,280612,,,A,V*07
$GNVTG,330.48,T,,M,0.03,N,0.06,K,A*2A
$GNZDA,202337.000,28,06,2012,,*42
$GNGGA,202338.000,3900.0030,N,11613.9817,E,1,10,0.74,-14.3,M,-6.8,M,,*7A
$PAIRACC,3.49,9.04*48
$GNGLL,3900.0030,N,11613.9817,E,202338.000,A,A*45
$GNGSA,A,3,24,18,02,16,,,,,,,,,1.37,0.74,1.15,1*08
$GNGSA,A,3,68,85,,,,,,,,,,,1.37,0.74,1.15,2*02
$GNGSA,A,3,,,,,,,,,,,,,1.37,0.74,1.15,3*00
$GNGSA,A,3,07,05,13,03,,,,,,,,,1.37,0.74,1.15,4*04
$GPGSV,3,1,12,08,02,052,,15,58,135,,24,73,026,40.0,26,55,096,,1*71
$GPGSV,3,2,12,21,42,307,,10,35,051,,18,27,248,39.6,02,09,107,39.6,1*6B
$GPGSV,3,3,12,27,09,078,,16,08,309,39.6,30,02,215,,29,66,216,,1*7A
$GLGSV,1,1,04,79,24,151,,68,44,051,40.3,84,37,285,,85,10,335,40.4,1*72
$GAGSV,1,1,00,7*73
$GBGSV,3,1,12,09,01,184,,01,38,147,,10,32,215,,02,30,229,,1*74
$GBGSV,3,2,12,08,27,167,,04,27,125,,06,19,165,,07,17,190,38.8,1*66
$GBGSV,3,3,12,05,16,249,39.7,11,08,040,,13,06,040,39.3,03,45,191,39.4,1*6B
$GNRMC,202338.000,A,3900.0030,N,11613.9817,E,0.03,328.63,280612,,,A,V*08
$GNVTG,328.63,T,,M,0.03,N,0.06,K,A*2A
$GNZDA,202338.000,28,06,2012,,*4D
$GNGGA,202339.000,3900.0030,N,11613.9817,E,1,10,0.74,-14.3,M,-6.8,M,,*7B
$PAIRACC,3.42,8.99*46
$GNGLL,3900.0030,N,11613.9817,E,202339.000,A,A*44
$GNGSA,A,3,24,18,02,16,,,,,,,,,1.37,0.74,1.15,1*08
$GNGSA,A,3,68,85,,,,,,,,,,,1.37,0.74,1.15,2*02
$GNGSA,A,3,,,,,,,,,,,,,1.37,0.74,1.15,3*00
$GNGSA,A,3,07,05,13,03,,,,,,,,,1.37,0.74,1.15,4*04
$GPGSV,3,1,12,08,02,052,,15,58,135,,24,73,026,39.6,26,55,096,,1*79
$GPGSV,3,2,12,21,42,307,,10,35,051,,18,27,248,39.5,02,09,107,39.7,1*69
$GPGSV,3,3,12,27,09,078,,16,08,309,39.5,30,02,215,,29,66,216,,1*79
$GLGSV,1,1,04,79,24,151,,68,44,051,40.2,84,37,285,,85,11,334,39.3,1*7A
$GAGSV,1,1,00,7*73
$GBGSV,3,1,12,09,01,184,,01,38,147,,10,32,215,,02,30,229,,1*74
$GBGSV,3,2,12,08,27,167,,04,27,125,,06,19,165,,07,17,190,39.9,1*66
$GBGSV,3,3,12,05,16,249,39.1,11,08,040,,13,06,040,40.0,03,45,191,38.6,1*63
$GNRMC,202339.000,A,3900.0030,N,11613.9817,E,0.03,328.25,280612,,,A,V*0B
$GNVTG,328.25,T,,M,0.03,N,0.06,K,A*28
$GNZDA,202339.000,28,06,2012,,*4C
$GNGGA,202340.000,3900.0030,N,11613.9816,E,1,10,0.74,-14.4,M,-6.8,M,,*73
$PAIRACC,3.49,9.03*4F
$GNGLL,3900.0030,N,11613.9816,E,202340.000,A,A*4B
$GNGSA,A,3,24,18,02,16,,,,,,,,,1.37,0.74,1.15,1*08
$GNGSA,A,3,68,85,,,,,,,,,,,1.37,0.74,1.15,2*02
$GNGSA,A,3,,,,,,,,,,,,,1.37,0.74,1.15,3*00
$GNGSA,A,3,07,05,13,03,,,,,,,,,1.37,0.74,1.15,4*04
$GPGSV,3,1,12,08,02,052,,15,58,135,,24,73,026,39.7,26,55,096,,1*78
$GPGSV,3,2,12,21,42,307,,10,35,051,,18,27,248,39.7,02,09,107,39.5,1*69
$GPGSV,3,3,12,27,09,078,,16,08,309,39.9,30,02,215,,29,66,216,,1*75
$GLGSV,1,1,04,79,24,151,,68,44,051,40.2,84,37,285,,85,11,334,39.9,1*70
$GAGSV,1,1,00,7*73
$GBGSV,3,1,12,09,01,184,,01,38,147,,10,32,215,,02,30,229,,1*74
$GBGSV,3,2,12,08,27,167,,04,27,125,,06,19,165,,07,17,190,39.1,1*6E
$GBGSV,3,3,12,05,16,249,39.2,11,08,040,,13,06,040,39.6,03,45,191,38.6,1*68
$GNRMC,202340.000,A,3900.0030,N,11613.9816,E,0.03,328.72,280612,,,A,V*06
$GNVTG,328.72,T,,M,0.03,N,0.06,K,A*2A
$GNZDA,202340.000,28,06,2012,,*42
$GNGGA,202341.000,3900.0030,N,11613.9817,E,1,10,0.74,-14.4,M,-6.8,M,,*73
$PAIRACC,3.42,8.99*46
$GNGLL,3900.0030,N,11613.9817,E,202341.000,A,A*4B
$GNGSA,A,3,24,18,02,16,,,,,,,,,1.37,0.74,1.15,1*08
$GNGSA,A,3,68,85,,,,,,,,,,,1.37,0.74,1.15,2*02
$GNGSA,A,3,,,,,,,,,,,,,1.37,0.74,1.15,3*00
$GNGSA,A,3,07,05,13,03,,,,,,,,,1.37,0.74,1.15,4*04
$GPGSV,3,1,12,08,02,052,,15,58,135,,24,73,026,39.9,26,55,096,,1*76
$GPGSV,3,2,12,21,42,307,,10,35,051,,18,27,248,39.6,02,09,107,39.7,1*6A
$GPGSV,3,3,12,27,09,078,,16,08,309,40.0,30,02,215,,29,66,216,,1*72
$GLGSV,1,1,04,79,24,151,,68,44,051,40.1,84,37,285,,85,11,334,39.8,1*72
$GAGSV,1,1,00,7*73
$GBGSV,3,1,12,09,01,184,,01,38,147,,10,32,215,,02,30,229,,1*74
$GBGSV,3,2,12,08,27,167,,04,27,125,,06,19,165,,07,17,190,39.6,1*69
$GBGSV,3,3,12,05,16,249,39.0,11,08,040,,13,06,040,39.6,03,45,191,39.1,1*6C
$GNRMC,202341.000,A,3900.0030,N,11613.9817,E,0.04,331.85,280612,,,A,V*01
$GNVTG,331.85,T,,M,0.04,N,0.07,K,A*2C
$GNZDA,202341.000,28,06,2012,,*43
$GNGGA,202342.000,3900.0031,N,11613.9817,E,1,10,0.74,-14.4,M,-6.8,M,,*71
$PAIRACC,3.60,9.58*4A
$GNGLL,3900.0031,N,11613.9817,E,202342.000,A,A*49
$GNGSA,A,3,24,18,02,16,,,,,,,,,1.37,0.74,1.15,1*08
$GNGSA,A,3,68,85,,,,,,,,,,,1.37,0.74,1.15,2*02
$GNGSA,A,3,,,,,,,,,,,,,1.37,0.74,1.15,3*00
$GNGSA,A,3,07,05,13,03,,,,,,,,,1.37,0.74,1.15,4*04
$GPGSV,3,1,12,08,02,052,,15,58,135,,24,73,026,40.0,26,55,096,,1*71
$GPGSV,3,2,12,21,42,307,,10,35,051,,18,27,248,40.0,02,09,107,39.9,1*6C
$GPGSV,3,3,12,27,09,078,,16,08,309,39.7,30,02,215,,29,66,216,,1*7B
$GLGSV,1,1,04,79,24,151,,68,44,051,39.8,84,37,285,,85,11,334,39.7,1*7A
$GAGSV,1,1,00,7*73
$GBGSV,3,1,12,09,01,184,,01,38,147,,10,32,215,,02,30,229,,1*74
$GBGSV,3,2,12,08,27,167,,04,27,125,,06,19,165,,07,17,190,40.1,1*60
$GBGSV,3,3,12,05,16,249,39.4,11,08,040,,13,06,040,40.0,03,45,191,38.9,1*69
$GNRMC,202342.000,A,3900.0031,N,11613.9817,E,0.04,332.91,280612,,,A,V*05
$GNVTG,332.91,T,,M,0.04,N,0.07,K,A*2A
$GNZDA,202342.000,28,06,2012,,*40
$GNGGA,202343.000,3900.0031,N,11613.9817,E,1,10,0.74,-14.4,M,-6.8,M,,*70
$PAIRACC,3.42,8.99*46
$GNGLL,3900.0031,N,11613.9817,E,202343.000,A,A*48
$GNGSA,A,3,24,18,02,16,,,,,,,,,1.37,0.74,1.15,1*08
$GNGSA,A,3,68,85,,,,,,,,,,,1.37,0.74,1.15,2*02
$GNGSA,A,3,,,,,,,,,,,,,1.37,0.74,1.15,3*00
$GNGSA,A,3,07,05,13,03,,,,,,,,,1.37,0.74,1.15,4*04
$GPGSV,3,1,12,08,02,052,,15,58,135,,24,73,026,39.7,26,55,096,,1*78
$GPGSV,3,2,12,21,42,307,,10,35,051,,18,27,248,39.4,02,09,107,40.0,1*61
$GPGSV,3,3,12,27,09,078,,16,08,309,39.9,30,02,215,,29,66,216,,1*75
$GLGSV,1,1,04,79,24,151,,68,44,051,39.9,84,37,285,,85,11,334,40.0,1*72
$GAGSV,1,1,00,7*73
$GBGSV,3,1,12,09,01,184,,01,38,147,,10,32,215,,02,30,229,,1*74
$GBGSV,3,2,12,08,27,167,,04,27,125,,06,19,165,,07,17,190,39.3,1*6C
$GBGSV,3,3,12,05,16,249,39.2,11,08,040,,13,06,040,39.6,03,45,191,38.2,1*6C
$GNRMC,202343.000,A,3900.0031,N,11613.9817,E,0.03,337.17,280612,,,A,V*08
$GNVTG,337.17,T,,M,0.03,N,0.06,K,A*27
$GNZDA,202343.000,28,06,2012,,*41
$GNGGA,202344.000,3900.0031,N,11613.9817,E,1,10,0.74,-14.4,M,-6.8,M,,*77
$PAIRACC,3.60,9.59*4B
$GNGLL,3900.0031,N,11613.9817,E,202344.000,A,A*4F
$GNGSA,A,3,24,18,02,16,,,,,,,,,1.37,0.74,1.15,1*08
$GNGSA,A,3,68,85,,,,,,,,,,,1.37,0.74,1.15,2*02
$GNGSA,A,3,,,,,,,,,,,,,1.37,0.74,1.15,3*00
$GNGSA,A,3,07,05,13,03,,,,,,,,,1.37,0.74,1.15,4*04
$GPGSV,3,1,12,08,02,052,,15,58,135,,24,73,026,39.9,26,55,096,,1*76
$GPGSV,3,2,12,21,42,307,,10,35,051,,18,27,248,39.7,02,09,107,40.1,1*63
$GPGSV,3,3,12,27,09,078,,16,08,309,40.0,30,02,215,,29,66,216,,1*72
$GLGSV,1,1,04,79,24,151,,68,44,051,39.7,84,37,285,,85,11,334,39.8,1*7A
$GAGSV,1,1,00,7*73
$GBGSV,3,1,12,09,01,184,,01,38,147,,10,32,215,,02,30,229,,1*74
$GBGSV,3,2,12,08,27,167,,04,27,125,,06,19,165,,07,17,190,40.3,1*62
$GBGSV,3,3,12,05,16,249,39.2,11,08,040,,13,06,040,39.5,03,45,191,39.3,1*6F
$GNRMC,202344.000,A,3900.0031,N,11613.9817,E,0.03,339.73,280612,,,A,V*03
$GNVTG,339.73,T,,M,0.03,N,0.06,K,A*2B
$GNZDA,202344.000,28,06,2012,,*46
$GNGGA,202345.000,3900.0031,N,11613.9817,E,1,10,0.74,-14.4,M,-6.8,M,,*76
$PAIRACC,3.42,9.00*47
$GNGLL,3900.0031,N,11613.9817,E,202345.000,A,A*4E
$GNGSA,A,3,24,18,02,16,,,,,,,,,1.37,0.74,1.15,1*08
$GNGSA,A,3,68,85,,,,,,,,,,,1.37,0.74,1.15,2*02
$GNGSA,A,3,,,,,,,,,,,,,1.37,0.74,1.15,3*00
$GNGSA,A,3,07,05,13,03,,,,,,,,,1.37,0.74,1.15,4*04
$GPGSV,3,1,11,08,02,052,,26,55,096,,24,73,026,39.8,21,42,307,,1*7B
$GPGSV,3,2,11,10,35,051,,18,27,248,39.4,02,09,107,39.5,27,09,078,,1*6B
$GPGSV,3,3,11,16,08,309,40.2,30,02,215,,15,58,135,,1*40
$GLGSV,1,1,04,79,24,151,,68,44,051,39.8,84,37,285,,85,11,334,39.7,1*7A
$GAGSV,1,1,00,7*73
$GBGSV,3,1,12,09,01,184,,01,38,147,,10,32,215,,02,30,229,,1*74
$GBGSV,3,2,12,08,27,167,,04,27,125,,06,19,165,,07,17,190,39.5,1*6A
$GBGSV,3,3,12,05,16,249,39.2,11,08,040,,13,06,040,40.0,03,45,191,38.5,1*63
$GNRMC,202345.000,A,3900.0031,N,11613.9817,E,0.03,331.81,280612,,,A,V*07
$GNVTG,331.81,T,,M,0.03,N,0.05,K,A*2D
$GNZDA,202345.000,28,06,2012,,*47
$GNGGA,202346.000,3900.0031,N,11613.9817,E,1,10,0.74,-14.4,M,-6.8,M,,*75
$PAIRACC,3.44,9.02*43
$GNGLL,3900.0031,N,11613.9817,E,202346.000,A,A*4D
$GNGSA,A,3,24,18,02,16,,,,,,,,,1.37,0.74,1.15,1*08
$GNGSA,A,3,68,85,,,,,,,,,,,1.37,0.74,1.15,2*02
$GNGSA,A,3,,,,,,,,,,,,,1.37,0.74,1.15,3*00
$GNGSA,A,3,07,05,13,03,,,,,,,,,1.37,0.74,1.15,4*04
$GPGSV,3,1,12,08,02,052,,15,58,135,,24,73,026,39.9,26,55,096,,1*76
$GPGSV,3,2,12,21,42,307,,10,35,051,,18,27,248,39.6,02,09,107,40.0,1*63
$GPGSV,3,3,12,27,09,078,,16,08,309,39.5,30,02,215,,29,66,216,,1*79
$GLGSV,1,1,04,79,24,151,,68,44,051,40.1,84,37,285,,85,11,334,39.6,1*7C
$GAGSV,1,1,00,7*73
$GBGSV,3,1,12,09,01,184,,01,38,147,,10,32,215,,02,30,229,,1*74
$GBGSV,3,2,12,08,27,167,,04,27,125,,06,19,165,,07,17,190,40.0,1*61
$GBGSV,3,3,12,05,16,249,39.3,11,08,040,,13,06,040,39.5,03,45,191,38.5,1*69
$GNRMC,202346.000,A,3900.0031,N,11613.9817,E,0.03,332.72,280612,,,A,V*0B
$GNVTG,332.72,T,,M,0.03,N,0.05,K,A*22
$GNZDA,202346.000,28,06,2012,,*44
$GNGGA,202347.000,3900.0031,N,11613.9817,E,1,10,0.74,-14.4,M,-6.8,M,,*74
$PAIRACC,3.47,9.02*40
$GNGLL,3900.0031,N,11613.9817,E,202347.000,A,A*4C
$GNGSA,A,3,24,18,02,16,,,,,,,,,1.37,0.74,1.15,1*08
$GNGSA,A,3,68,85,,,,,,,,,,,1.37,0.74,1.15,2*02
$GNGSA,A,3,,,,,,,,,,,,,1.37,0.74,1.15,3*00
$GNGSA,A,3,07,05,13,03,,,,,,,,,1.37,0.74,1.15,4*04
$GPGSV,3,1,12,08,02,052,,15,58,135,,24,73,026,39.8,26,55,096,,1*77
$GPGSV,3,2,12,21,42,307,,10,35,051,,18,27,248,39.7,02,09,107,39.8,1*64
$GPGSV,3,3,12,27,09,078,,16,08,309,39.5,30,02,215,,29,66,216,,1*79
$GLGSV,1,1,04,79,24,151,,68,44,051,40.0,84,37,285,,85,11,334,39.7,1*7C
$GAGSV,1,1,00,7*73
$GBGSV,3,1,12,09,01,184,,01,38,147,,10,32,215,,02,30,229,,1*74
$GBGSV,3,2,12,08,27,167,,04,27,125,,06,19,165,,07,17,190,39.5,1*6A
$GBGSV,3,3,12,05,16,249,39.4,11,08,040,,13,06,040,39.8,03,45,191,39.5,1*62
$GNRMC,202347.000,A,3900.0031,N,11613.9817,E,0.02,318.95,280612,,,A,V*0A
$GNVTG,318.95,T,,M,0.02,N,0.04,K,A*23
$GNZDA,202347.000,28,06,2012,,*45
$GNGGA,202348.000,3900.0031,N,11613.9817,E,1,10,0.74,-14.4,M,-6.8,M,,*7B
$PAIRACC,3.44,9.01*40
$GNGLL,3900.0031,N,11613.9817,E,202348.000,A,A*43
$GNGSA,A,3,24,18,02,16,,,,,,,,,1.37,0.74,1.15,1*08
$GNGSA,A,3,68,85,,,,,,,,,,,1.37,0.74,1.15,2*02
$GNGSA,A,3,,,,,,,,,,,,,1.37,0.74,1.15,3*00
$GNGSA,A,3,07,05,13,03,,,,,,,,,1.37,0.74,1.15,4*04
$GPGSV,3,1,12,08,02,052,,15,58,135,,24,73,026,40.2,26,55,096,,1*73
$GPGSV,3,2,12,21,42,307,,10,35,051,,18,27,248,39.6,02,09,107,39.5,1*68
$GPGSV,3,3,12,27,09,078,,16,08,309,39.5,30,02,215,,29,66,216,,1*79
$GLGSV,1,1,04,79,24,151,,68,44,051,39.5,84,37,285,,85,11,334,39.5,1*75
$GAGSV,1,1,00,7*73
$GBGSV,3,1,12,09,01,184,,01,38,147,,10,32,215,,02,30,229,,1*74
$GBGSV,3,2,12,08,27,167,,04,27,125,,06,20,166,,07,17,190,39.9,1*6F
$GBGSV,3,3,12,05,16,249,39.1,11,08,040,,13,06,040,39.7,03,45,191,38.3,1*6F
$GNRMC,202348.000,A,3900.0031,N,11613.9817,E,0.02,329.54,280612,,,A,V*0A
$GNVTG,329.54,T,,M,0.02,N,0.03,K,A*2B
$GNZDA,202348.000,28,06,2012,,*4A
$GNGGA,202349.000,3900.0031,N,11613.9817,E,1,10,0.74,-14.4,M,-6.8,M,,*7A
$PAIRACC,3.42,9.00*47
$GNGLL,3900.0031,N,11613.9817,E,202349.000,A,A*42
$GNGSA,A,3,24,18,02,16,,,,,,,,,1.37,0.74,1.15,1*08
$GNGSA,A,3,68,85,,,,,,,,,,,1.37,0.74,1.15,2*02
$GNGSA,A,3,,,,,,,,,,,,,1.37,0.74,1.15,3*00
$GNGSA,A,3,05,07,13,03,,,,,,,,,1.37,0.74,1.15,4*04
$GPGSV,3,1,12,08,02,052,,15,58,135,,24,73,026,39.9,26,55,096,,1*76
$GPGSV,3,2,12,21,42,307,,10,35,051,,18,27,248,39.6,02,09,107,39.7,1*6A
$GPGSV,3,3,12,27,09,078,,16,08,309,39.4,30,02,215,,29,66,216,,1*78
$GLGSV,1,1,04,79,24,151,,68,44,051,39.9,84,37,285,,85,11,334,39.6,1*7A
$GAGSV,1,1,00,7*73
$GBGSV,3,1,12,09,01,184,,01,38,147,,10,32,215,,02,30,229,,1*74
$GBGSV,3,2,12,08,27,167,,04,27,125,,06,20,166,,05,16,249,39.5,1*67
$GBGSV,3,3,12,07,16,190,39.2,11,08,040,,13,06,040,39.1,03,45,191,38.9,1*65
$GNRMC,202349.000,A,3900.0031,N,11613.9817,E,0.01,321.04,280612,,,A,V*05
$GNVTG,321.04,T,,M,0.01,N,0.03,K,A*25
$GNZDA,202349.000,28,06,2012,,*4B
$GNGGA,202350.000,3900.0031,N,11613.9817,E,1,10,0.74,-14.4,M,-6.8,M,,*72
$PAIRACC,3.44,9.01*40
$GNGLL,3900.0031,N,11613.9817,E,202350.000,A,A*4A
$GNGSA,A,3,24,18,02,16,,,,,,,,,1.37,0.74,1.15,1*08
$GNGSA,A,3,68,85,,,,,,,,,,,1.37,0.74,1.15,2*02
$GNGSA,A,3,,,,,,,,,,,,,1.37,0.74,1.15,3*00
$GNGSA,A,3,05,07,13,03,,,,,,,,,1.37,0.74,1.15,4*04
$GPGSV,3,1,12,08,02,052,,15,58,135,,24,73,026,39.9,26,55,096,,1*76
$GPGSV,3,2,12,21,42,307,,10,35,051,,18,27,248,39.4,02,09,107,39.6,1*69
$GPGSV,3,3,12,27,09,078,,16,08,309,40.7,30,02,215,,29,66,216,,1*75
$GLGSV,1,1,04,79,24,151,,68,44,051,39.9,84,37,285,,85,11,334,40.1,1*73
$GAGSV,1,1,00,7*73
$GBGSV,3,1,12,09,01,184,,01,38,147,,10,32,215,,02,30,229,,1*74
$GBGSV,3,2,12,08,27,167,,04,27,125,,06,20,166,,05,16,249,39.2,1*60
$GBGSV,3,3,12,07,16,190,40.1,11,08,040,,13,06,040,39.8,03,45,191,39.1,1*68
$GNRMC,202350.000,A,3900.0031,N,11613.9817,E,0.01,323.51,280612,,,A,V*0F
$GNVTG,323.51,T,,M,0.01,N,0.01,K,A*25
$GNZDA,202350.000,28,06,2012,,*43
$GNGGA,202351.000,3900.0031,N,11613.9817,E,1,10,0.74,-14.4,M,-6.8,M,,*73
$PAIRACC,3.47,9.02*40
$GNGLL,3900.0031,N,11613.9817,E,202351.000,A,A*4B
$GNGSA,A,3,24,18,02,16,,,,,,,,,1.37,0.74,1.15,1*08
$GNGSA,A,3,68,85,,,,,,,,,,,1.37,0.74,1.15,2*02
$GNGSA,A,3,,,,,,,,,,,,,1.37,0.74,1.15,3*00
$GNGSA,A,3,05,07,13,03,,,,,,,,,1.37,0.74,1.15,4*04
$GPGSV,3,1,12,08,02,052,,15,58,135,,24,73,026,39.8,26,55,096,,1*77
$GPGSV,3,2,12,21,42,307,,10,35,051,,18,27,248,39.5,02,09,107,39.8,1*66
$GPGSV,3,3,12,27,09,078,,16,08,309,39.6,30,02,215,,29,66,216,,1*7A
$GLGSV,1,1,04,79,24,151,,68,44,051,39.7,84,37,285,,85,11,334,39.3,1*71
$GAGSV,1,1,00,7*73
$GBGSV,3,1,12,09,01,184,,01,38,147,,10,32,215,,02,30,229,,1*74
$GBGSV,3,2,12,08,27,167,,04,27,125,,06,20,166,,05,16,249,39.5,1*67
$GBGSV,3,3,12,07,16,190,39.5,11,08,040,,13,06,040,39.6,03,45,191,38.2,1*6E
$GNRMC,202351.000,A,3900.0031,N,11613.9817,E,0.01,324.13,280612,,,A,V*0F
$GNVTG,324.13,T,,M,0.01,N,0.01,K,A*24
$GNZDA,202351.000,28,06,2012,,*42
$GNGGA,202352.000,3900.0031,N,11613.9817,E,1,10,0.74,-14.4,M,-6.8,M,,*70
$PAIRACC,3.44,9.01*40
$GNGLL,3900.0031,N,11613.9817,E,202352.000,A,A*48
$GNGSA,A,3,24,18,02,16,,,,,,,,,1.37,0.74,1.15,1*08
$GNGSA,A,3,68,85,,,,,,,,,,,1.37,0.74,1.15,2*02
$GNGSA,A,3,,,,,,,,,,,,,1.37,0.74,1.15,3*00
$GNGSA,A,3,05,07,13,03,,,,,,,,,1.37,0.74,1.15,4*04
$GPGSV,3,1,12,08,02,052,,15,58,135,,24,73,026,40.0,26,55,096,,1*71
$GPGSV,3,2,12,21,42,307,,10,35,051,,18,27,248,39.7,02,09,107,39.6,1*6A
$GPGSV,3,3,12,27,09,078,,16,08,309,39.6,30,02,215,,29,66,216,,1*7A
$GLGSV,1,1,04,79,24,151,,68,44,051,39.6,84,37,285,,85,11,334,39.7,1*74
$GAGSV,1,1,00,7*73
$GBGSV,3,1,12,09,01,184,,01,38,147,,10,32,215,,02,30,229,,1*74
$GBGSV,3,2,12,08,27,167,,04,27,125,,06,20,166,,05,16,249,39.5,1*67
$GBGSV,3,3,12,07,16,190,40.1,11,08,040,,13,06,040,39.8,03,45,191,38.5,1*6D
$GNRMC,202352.000,A,3900.0031,N,11613.9817,E,0.01,331.13,280612,,,A,V*08
$GNVTG,331.13,T,,M,0.01,N,0.01,K,A*20
$GNZDA,202352.000,28,06,2012,,*41
$GNGGA,202353.000,3900.0031,N,11613.9817,E,1,10,0.74,-14.4,M,-6.8,M,,*71
$PAIRACC,3.58,9.57*4E
$GNGLL,3900.0031,N,11613.9817,E,202353.000,A,A*49
$GNGSA,A,3,24,18,02,16,,,,,,,,,1.37,0.74,1.15,1*08
$GNGSA,A,3,68,85,,,,,,,,,,,1.37,0.74,1.15,2*02
$GNGSA,A,3,,,,,,,,,,,,,1.37,0.74,1.15,3*00
$GNGSA,A,3,05,07,13,03,,,,,,,,,1.37,0.74,1.15,4*04
$GPGSV,3,1,12,08,02,052,,15,58,135,,24,73,026,39.8,26,55,096,,1*77
$GPGSV,3,2,12,21,42,307,,10,35,051,,18,27,248,39.3,02,09,107,39.6,1*6E
$GPGSV,3,3,12,27,09,078,,16,08,309,40.2,30,02,215,,29,66,216,,1*70
$GLGSV,1,1,04,79,24,151,,68,44,051,39.8,84,37,285,,85,11,334,39.5,1*78
$GAGSV,1,1,00,7*73
$GBGSV,3,1,12,09,01,184,,01,38,147,,10,32,215,,02,30,229,,1*74
$GBGSV,3,2,12,08,27,167,,04,27,125,,06,20,166,,05,16,249,39.6,1*64
$GBGSV,3,3,12,07,16,190,39.5,11,08,039,,13,06,040,39.0,03,45,191,39.0,1*65
$GNRMC,202353.000,A,3900.0031,N,11613.9817,E,0.01,328.16,280612,,,A,V*04
$GNVTG,328.16,T,,M,0.01,N,0.01,K,A*2D
$GNZDA,202353.000,28,06,2012,,*40
$GNGGA,202354.000,3900.0031,N,11613.9817,E,1,10,0.74,-14.4,M,-6.8,M,,*76
$PAIRACC,3.44,9.01*40
$GNGLL,3900.0031,N,11613.9817,E,202354.000,A,A*4E
$GNGSA,A,3,24,18,02,16,,,,,,,,,1.37,0.74,1.15,1*08
$GNGSA,A,3,68,85,,,,,,,,,,,1.37,0.74,1.15,2*02
$GNGSA,A,3,,,,,,,,,,,,,1.37,0.74,1.15,3*00
$GNGSA,A,3,05,07,13,03,,,,,,,,,1.37,0.74,1.15,4*04
$GPGSV,3,1,12,08,02,052,,15,58,135,,24,73,026,39.7,26,55,096,,1*78
$GPGSV,3,2,12,21,42,307,,10,35,051,,18,27,248,39.7,02,09,107,39.8,1*64
$GPGSV,3,3,12,27,09,078,,16,08,309,39.4,30,02,215,,29,66,216,,1*78
$GLGSV,1,1,04,79,24,151,,68,44,051,40.0,84,37,285,,85,11,334,39.7,1*7C
$GAGSV,1,1,00,7*73
$GBGSV,3,1,12,09,01,184,,01,38,147,,10,32,215,,02,30,229,,1*74
$GBGSV,3,2,12,08,27,167,,04,27,125,,06,20,166,,05,16,249,39.2,1*60
$GBGSV,3,3,12,07,16,190,39.8,11,08,039,,13,06,040,39.6,03,45,191,38.4,1*6B
$GNRMC,202354.000,A,3900.0031,N,11613.9817,E,0.01,319.37,280612,,,A,V*02
$GNVTG,319.37,T,,M,0.01,N,0.01,K,A*2C
$GNZDA,202354.000,28,06,2012,,*47
$GNGGA,202355.000,3900.0030,N,11613.9817,E,1,10,0.74,-14.4,M,-6.8,M,,*76
$PAIRACC,3.47,9.02*40
$GNGLL,3900.0030,N,11613.9817,E,202355.000,A,A*4E
$GNGSA,A,3,24,18,02,16,,,,,,,,,1.37,0.74,1.15,1*08
$GNGSA,A,3,68,85,,,,,,,,,,,1.37,0.74,1.15,2*02
$GNGSA,A,3,,,,,,,,,,,,,1.37,0.74,1.15,3*00
$GNGSA,A,3,05,07,13,03,,,,,,,,,1.37,0.74,1.15,4*04
$GPGSV,3,1,12,08,02,052,,15,58,135,,24,73,026,39.6,26,55,096,,1*79
$GPGSV,3,2,12,21,42,307,,10,35,051,,18,27,248,39.9,02,09,107,39.8,1*6A
$GPGSV,3,3,12,27,09,078,,16,08,309,39.2,30,02,215,,29,66,216,,1*7E
$GLGSV,1,1,04,79,24,151,,68,44,051,39.9,84,37,285,,85,11,334,39.4,1*78
$GAGSV,1,1,00,7*73
$GBGSV,3,1,12,09,01,184,,01,38,147,,10,32,215,,02,30,229,,1*74
$GBGSV,3,2,12,08,27,167,,04,27,125,,06,20,166,,05,16,249,39.1,1*63
$GBGSV,3,3,12,07,16,190,39.9,11,08,039,,13,06,039,39.8,03,45,191,38.8,1*66
$GNRMC,202355.000,A,3900.0030,N,11613.9817,E,0.01,308.54,280612,,,A,V*07
$GNVTG,308.54,T,,M,0.01,N,0.01,K,A*29
$GNZDA,202355.000,28,06,2012,,*46
$GNGGA,202356.000,3900.0030,N,11613.9817,E,1,10,0.74,-14.4,M,-6.8,M,,*75
$PAIRACC,3.48,9.52*4A
$GNGLL,3900.0030,N,11613.9817,E,202356.000,A,A*4D
$GNGSA,A,3,24,18,02,16,,,,,,,,,1.37,0.74,1.15,1*08
$GNGSA,A,3,68,85,,,,,,,,,,,1.37,0.74,1.15,2*02
$GNGSA,A,3,,,,,,,,,,,,,1.37,0.74,1.15,3*00
$GNGSA,A,3,05,07,13,03,,,,,,,,,1.37,0.74,1.15,4*04
$GPGSV,3,1,12,08,02,052,,15,58,135,,24,73,026,39.8,26,55,096,,1*77
$GPGSV,3,2,12,21,42,307,,10,35,051,,18,27,248,39.8,02,09,107,39.8,1*6B
$GPGSV,3,3,12,27,09,078,,16,08,309,39.6,30,02,215,,29,66,216,,1*7A
$GLGSV,1,1,04,79,24,151,,68,44,051,39.8,84,37,285,,85,11,334,39.6,1*7B
$GAGSV,1,1,00,7*73
$GBGSV,3,1,12,09,01,184,,01,38,147,,10,32,215,,02,30,229,,1*74
$GBGSV,3,2,12,08,27,167,,04,27,125,,06,20,166,,05,16,249,39.2,1*60
$GBGSV,3,3,12,07,16,190,39.7,11,08,039,,13,06,039,40.0,03,45,191,39.3,1*64
$GNRMC,202356.000,A,3900.0030,N,11613.9817,E,0.01,312.12,280612,,,A,V*0D
$GNVTG,312.12,T,,M,0.01,N,0.01,K,A*20
$GNZDA,202356.000,28,06,2012,,*45
$GNGGA,202357.000,3900.0030,N,11613.9817,E,1,10,0.74,-14.4,M,-6.8,M,,*74
$PAIRACC,3.54,9.07*47
$GNGLL,3900.0030,N,11613.9817,E,202357.000,A,A*4C
$GNGSA,A,3,24,18,02,16,,,,,,,,,1.37,0.74,1.15,1*08
$GNGSA,A,3,68,85,,,,,,,,,,,1.37,0.74,1.15,2*02
$GNGSA,A,3,,,,,,,,,,,,,1.37,0.74,1.15,3*00
$GNGSA,A,3,05,07,13,03,,,,,,,,,1.37,0.74,1.15,4*04
$GPGSV,3,1,12,08,02,052,,15,58,135,,24,73,026,40.1,26,55,096,,1*70
$GPGSV,3,2,12,21,42,307,,10,35,051,,18,27,248,39.6,02,09,107,39.4,1*69
$GPGSV,3,3,12,27,09,078,,16,08,309,39.6,30,02,215,,29,66,216,,1*7A
$GLGSV,1,1,04,79,24,151,,68,44,051,39.6,84,37,285,,85,11,334,39.8,1*7B
$GAGSV,1,1,00,7*73
$GBGSV,3,1,12,09,01,184,,01,38,147,,10,32,215,,02,30,229,,1*74
$GBGSV,3,2,12,08,27,167,,04,27,125,,06,20,166,,05,16,249,39.2,1*60
$GBGSV,3,3,12,07,16,190,40.2,11,08,039,,13,06,039,39.2,03,45,191,38.2,1*63
$GNRMC,202357.000,A,3900.0030,N,11613.9817,E,0.01,317.93,280612,,,A,V*00
$GNVTG,317.93,T,,M,0.01,N,0.01,K,A*2C
$GNZDA,202357.000,28,06,2012,,*44
$GNGGA,202358.000,3900.0030,N,11613.9817,E,1,10,0.74,-14.4,M,-6.8,M,,*7B
$PAIRACC,3.48,9.52*4A
$GNGLL,3900.0030,N,11613.9817,E,202358.000,A,A*43
$GNGSA,A,3,24,18,02,16,,,,,,,,,1.37,0.74,1.15,1*08
$GNGSA,A,3,68,85,,,,,,,,,,,1.37,0.74,1.15,2*02
$GNGSA,A,3,,,,,,,,,,,,,1.37,0.74,1.15,3*00
$GNGSA,A,3,05,07,13,03,,,,,,,,,1.37,0.74,1.15,4*04
$GPGSV,3,1,12,08,02,052,,15,58,135,,24,73,026,39.9,26,55,096,,1*76
$GPGSV,3,2,12,21,42,307,,10,35,051,,18,27,248,39.5,02,09,107,40.0,1*60
$GPGSV,3,3,12,27,09,078,,16,08,309,39.8,30,02,215,,29,66,216,,1*74
$GLGSV,1,1,04,79,24,151,,68,44,051,39.8,84,37,285,,85,11,334,39.7,1*7A
$GAGSV,1,1,00,7*73
$GBGSV,3,1,12,09,01,184,,01,38,147,,10,32,215,,02,30,229,,1*74
$GBGSV,3,2,12,08,27,167,,04,27,125,,06,20,166,,05,16,249,39.1,1*63
$GBGSV,3,3,12,07,16,190,39.6,11,08,039,,13,06,039,39.4,03,45,191,38.8,1*65
$GNRMC,202358.000,A,3900.0030,N,11613.9817,E,0.01,317.34,280612,,,A,V*02
$GNVTG,317.34,T,,M,0.01,N,0.01,K,A*21
$GNZDA,202358.000,28,06,2012,,*4B
$GNGGA,202359.000,3900.0030,N,11613.9817,E,1,10,0.74,-14.4,M,-6.8,M,,*7A
$PAIRACC,3.50,9.06*42
$GNGLL,3900.0030,N,11613.9817,E,202359.000,A,A*42
$GNGSA,A,3,24,18,02,16,,,,,,,,,1.37,0.74,1.15,1*08
$GNGSA,A,3,68,85,,,,,,,,,,,1.37,0.74,1.15,2*02
$GNGSA,A,3,,,,,,,,,,,,,1.37,0.74,1.15,3*00
$GNGSA,A,3,05,07,13,03,,,,,,,,,1.37,0.74,1.15,4*04
$GPGSV,3,1,12,08,02,052,,15,58,135,,24,73,026,40.0,26,55,096,,1*71
$GPGSV,3,2,12,21,42,307,,10,35,051,,18,27,248,39.2,02,09,107,39.8,1*61
$GPGSV,3,3,12,27,09,078,,16,08,309,39.7,30,02,215,,29,66,216,,1*7B
$GLGSV,1,1,04,79,24,151,,68,44,051,39.8,84,37,285,,85,11,334,39.1,1*7C
$GAGSV,1,1,00,7*73
$GBGSV,3,1,12,09,01,184,,01,38,147,,10,32,215,,02,30,229,,1*74
$GBGSV,3,2,12,08,27,167,,04,27,125,,06,20,166,,05,16,249,39.5,1*67
$GBGSV,3,3,12,07,16,190,40.0,11,08,039,,13,06,039,39.8,03,45,191,38.8,1*61
$GNRMC,202359.000,A,3900.0030,N,11613.9817,E,0.01,322.87,280612,,,A,V*0D
$GNVTG,322.87,T,,M,0.01,N,0.01,K,A*2F
$GNZDA,202359.000,28,06,2012,,*4A
$GNGGA,202400.000,3900.0030,N,11613.9817,E,1,10,0.74,-14.5,M,-6.8,M,,*70
$PAIRACC,3.48,9.52*4A
$GNGLL,3900.0030,N,11613.9817,E,202400.000,A,A*49
$GNGSA,A,3,24,18,02,16,,,,,,,,,1.37,0.74,1.15,1*08
$GNGSA,A,3,68,85,,,,,,,,,,,1.37,0.74,1.15,2*02
$GNGSA,A,3,,,,,,,,,,,,,1.37,0.74,1.15,3*00
$GNGSA,A,3,05,07,13,03,,,,,,,,,1.37,0.74,1.15,4*04
$GPGSV,3,1,12,08,02,052,,15,58,135,,24,73,026,39.5,26,55,096,,1*7A
$GPGSV,3,2,12,21,42,307,,10,35,051,,18,27,248,39.2,02,09,107,39.6,1*6F
$GPGSV,3,3,12,27,09,078,,16,08,309,39.8,30,02,215,,29,66,216,,1*74
$GLGSV,1,1,04,79,24,151,,68,44,051,40.0,84,37,285,,85,11,334,39.9,1*72
$GAGSV,1,1,00,7*73
$GBGSV,3,1,12,09,01,184,,01,38,147,,10,32,215,,02,30,229,,1*74
$GBGSV,3,2,12,08,27,167,,04,27,125,,06,20,166,,05,16,249,39.8,1*6A
$GBGSV,3,3,12,07,16,190,39.1,11,08,039,,13,06,039,39.8,03,45,191,39.0,1*67
$GNRMC,202400.000,A,3900.0030,N,11613.9817,E,0.01,305.33,280612,,,A,V*0C
$GNVTG,305.33,T,,M,0.01,N,0.01,K,A*25
$GNZDA,202400.000,28,06,2012,,*41
$GNGGA,202401.000,3900.0030,N,11613.9817,E,1,10,0.74,-14.5,M,-6.8,M,,*71
$PAIRACC,3.49,9.05*49
$GNGLL,3900.0030,N,11613.9817,E,202401.000,A,A*48
$GNGSA,A,3,24,18,02,16,,,,,,,,,1.37,0.74,1.15,1*08
$GNGSA,A,3,68,85,,,,,,,,,,,1.37,0.74,1.15,2*02
$GNGSA,A,3,,,,,,,,,,,,,1.37,0.74,1.15,3*00
$GNGSA,A,3,05,07,13,03,,,,,,,,,1.37,0.74,1.15,4*04
$GPGSV,3,1,12,08,02,052,,15,58,135,,24,73,026,39.7,26,55,096,,1*78
$GPGSV,3,2,12,21,42,307,,10,35,051,,18,27,248,39.6,02,09,107,40.2,1*61
$GPGSV,3,3,12,27,09,078,,16,08,309,40.1,30,02,215,,29,66,216,,1*73
$GLGSV,1,1,04,79,24,151,,68,44,051,40.2,84,37,285,,85,11,334,39.6,1*7F
$GAGSV,1,1,00,7*73
$GBGSV,3,1,12,09,01,184,,01,38,147,,10,32,215,,02,30,229,,1*74
$GBGSV,3,2,12,08,27,167,,04,27,125,,06,20,166,,05,16,249,39.5,1*67
$GBGSV,3,3,12,07,16,190,40.0,11,08,039,,13,06,039,39.3,03,45,191,38.5,1*67
$GNRMC,202401.000,A,3900.0030,N,11613.9817,E,0.01,312.30,280612,,,A,V*08
$GNVTG,312.30,T,,M,0.01,N,0.01,K,A*20
$GNZDA,202401.000,28,06,2012,,*40
$GNGGA,202402.000,3900.0030,N,11613.9817,E,1,10,0.74,-14.4,M,-6.8,M,,*73
$PAIRACC,3.49,9.04*48
$GNGLL,3900.0030,N,11613.9817,E,202402.000,A,A*4B
$GNGSA,A,3,24,18,02,16,,,,,,,,,1.37,0.74,1.15,1*08
$GNGSA,A,3,68,85,,,,,,,,,,,1.37,0.74,1.15,2*02
$GNGSA,A,3,,,,,,,,,,,,,1.37,0.74,1.15,3*00
$GNGSA,A,3,05,07,13,03,,,,,,,,,1.37,0.74,1.15,4*04
$GPGSV,3,1,12,08,02,052,,15,58,135,,24,73,026,39.9,26,55,096,,1*76
$GPGSV,3,2,12,21,42,307,,10,35,051,,18,27,248,39.5,02,09,107,39.6,1*68
$GPGSV,3,3,12,27,09,078,,16,08,309,40.4,30,02,215,,29,66,216,,1*76
$GLGSV,1,1,04,79,24,151,,68,44,051,40.2,84,37,285,,85,11,334,39.9,1*70
$GAGSV,1,1,00,7*73
$GBGSV,3,1,12,09,01,184,,01,38,147,,10,32,215,,02,30,229,,1*74
$GBGSV,3,2,12,08,27,167,,04,27,125,,06,20,166,,05,16,249,39.3,1*61
$GBGSV,3,3,12,07,16,190,39.2,11,08,039,,13,06,039,39.8,03,45,191,39.1,1*65
$GNRMC,202402.000,A,3900.0030,N,11613.9817,E,0.01,318.25,280612,,,A,V*05
$GNVTG,318.25,T,,M,0.01,N,0.01,K,A*2E
$GNZDA,202402.000,28,06,2012,,*43
$GNGGA,202403.000,3900.0030,N,11613.9817,E,1,10,0.74,-14.4,M,-6.8,M,,*72
$PAIRACC,3.42,9.00*47
$GNGLL,3900.0030,N,11613.9817,E,202403.000,A,A*4A
$GNGSA,A,3,24,18,02,16,,,,,,,,,1.37,0.74,1.15,1*08
$GNGSA,A,3,68,85,,,,,,,,,,,1.37,0.74,1.15,2*02
$GNGSA,A,3,,,,,,,,,,,,,1.37,0.74,1.15,3*00
$GNGSA,A,3,05,07,13,03,,,,,,,,,1.37,0.74,1.15,4*04
$GPGSV,3,1,12,08,02,052,,15,58,135,,24,73,026,39.9,26,55,096,,1*76
$GPGSV,3,2,12,21,42,307,,10,35,051,,18,27,248,39.7,02,09,107,39.8,1*64
$GPGSV,3,3,12,27,09,078,,16,08,309,39.6,30,02,215,,29,66,216,,1*7A
$GLGSV,1,1,04,79,24,151,,68,44,051,39.9,84,37,285,,85,11,334,39.3,1*7F
$GAGSV,1,1,00,7*73
$GBGSV,3,1,12,09,01,184,,01,38,147,,10,32,215,,02,30,229,,1*74
$GBGSV,3,2,12,08,27,167,,04,27,125,,06,20,166,,05,16,249,39.2,1*60
$GBGSV,3,3,12,07,16,190,39.7,11,08,039,,13,06,039,39.8,03,45,191,38.6,1*66
$GNRMC,202403.000,A,3900.0030,N,11613.9817,E,0.01,305.29,280612,,,A,V*04
$GNVTG,305.29,T,,M,0.01,N,0.01,K,A*2E
$GNZDA,202403.000,28,06,2012,,*42
$GNGGA,202404.000,3900.0030,N,11613.9817,E,1,10,0.74,-14.4,M,-6.8,M,,*75
$PAIRACC,3.49,9.05*49
$GNGLL,3900.0030,N,11613.9817,E,202404.000,A,A*4D
$GNGSA,A,3,24,18,02,16,,,,,,,,,1.37,0.74,1.15,1*08
$GNGSA,A,3,68,85,,,,,,,,,,,1.37,0.74,1.15,2*02
$GNGSA,A,3,,,,,,,,,,,,,1.37,0.74,1.15,3*00
$GNGSA,A,3,05,07,13,03,,,,,,,,,1.37,0.74,1.15,4*04
$GPGSV,3,1,12,08,02,052,,15,58,135,,24,73,026,40.0,26,55,096,,1*71
$GPGSV,3,2,12,21,42,307,,10,35,051,,18,27,248,39.6,02,09,107,39.7,1*6A
$GPGSV,3,3,12,27,09,078,,16,08,309,40.0,30,02,215,,29,66,216,,1*72
$GLGSV,1,1,04,79,24,151,,68,44,051,40.0,84,37,285,,85,11,334,40.0,1*75
$GAGSV,1,1,00,7*73
$GBGSV,3,1,12,09,01,184,,01,38,147,,10,32,215,,02,30,229,,1*74
$GBGSV,3,2,12,08,27,167,,04,27,125,,06,20,166,,05,16,249,39.3,1*61
$GBGSV,3,3,12,07,16,190,39.0,11,08,039,,13,06,039,39.5,03,45,191,38.2,1*68
$GNRMC,202404.000,A,3900.0030,N,11613.9817,E,0.01,313.65,280612,,,A,V*0C
$GNVTG,313.65,T,,M,0.01,N,0.01,K,A*21
$GNZDA,202404.000,28,06,2012,,*45
$GNGGA,202405.000,3900.0030,N,11613.9817,E,1,10,0.74,-14.4,M,-6.8,M,,*74
$PAIRACC,3.42,9.00*47
$GNGLL,3900.0030,N,11613.9817,E,202405.000,A,A*4C
$GNGSA,A,3,24,18,02,16,,,,,,,,,1.37,0.74,1.15,1*08
$GNGSA,A,3,68,85,,,,,,,,,,,1.37,0.74,1.15,2*02
$GNGSA,A,3,,,,,,,,,,,,,1.37,0.74,1.15,3*00
$GNGSA,A,3,05,07,13,03,,,,,,,,,1.37,0.74,1.15,4*04
$GPGSV,3,1,12,08,02,052,,15,58,135,,24,73,026,39.9,26,55,096,,1*76
$GPGSV,3,2,12,21,42,307,,10,35,051,,18,27,248,39.4,02,09,107,39.8,1*67
$GPGSV,3,3,12,27,09,078,,16,08,309,39.2,30,02,215,,29,66,216,,1*7E
$GLGSV,1,1,04,79,24,151,,68,44,051,39.6,84,37,285,,85,11,334,39.7,1*74
$GAGSV,1,1,00,7*73
$GBGSV,3,1,12,09,01,184,,01,38,147,,10,32,215,,02,30,229,,1*74
$GBGSV,3,2,12,08,27,167,,04,27,125,,06,20,166,,05,16,249,39.4,1*66
$GBGSV,3,3,12,07,16,190,40.2,11,08,039,,13,06,039,39.3,03,45,191,39.0,1*61
$GNRMC,202405.000,A,3900.0030,N,11613.9817,E,0.01,318.27,280612,,,A,V*00
$GNVTG,318.27,T,,M,0.01,N,0.01,K,A*2C
$GNZDA,202405.000,28,06,2012,,*44
$GNGGA,202406.000,3900.0030,N,11613.9817,E,1,10,0.74,-14.4,M,-6.8,M,,*77
$PAIRACC,3.49,9.04*48
$GNGLL,3900.0030,N,11613.9817,E,202406.000,A,A*4F
$GNGSA,A,3,24,18,02,16,,,,,,,,,1.37,0.74,1.15,1*08
$GNGSA,A,3,68,85,,,,,,,,,,,1.37,0.74,1.15,2*02
$GNGSA,A,3,,,,,,,,,,,,,1.37,0.74,1.15,3*00
$GNGSA,A,3,05,07,13,03,,,,,,,,,1.37,0.74,1.15,4*04
$GPGSV,3,1,12,08,02,052,,15,58,135,,24,73,026,39.5,26,55,096,,1*7A
$GPGSV,3,2,12,21,42,307,,10,35,051,,18,27,248,39.8,02,09,107,39.7,1*64
$GPGSV,3,3,12,27,09,078,,16,08,309,39.5,30,02,215,,29,66,216,,1*79
$GLGSV,1,1,04,79,24,151,,68,44,051,40.2,84,37,285,,85,11,334,39.7,1*7E
$GAGSV,1,1,00,7*73
$GBGSV,3,1,12,09,01,184,,01,38,147,,10,32,215,,02,30,229,,1*74
$GBGSV,3,2,12,08,27,167,,04,27,125,,06,20,166,,05,16,249,39.3,1*61
$GBGSV,3,3,12,07,16,190,39.6,11,08,039,,13,06,039,40.0,03,45,191,38.5,1*62
$GNRMC,202406.000,A,3900.0030,N,11613.9817,E,0.01,331.97,280612,,,A,V*03
$GNVTG,331.97,T,,M,0.01,N,0.03,K,A*2E
$GNZDA,202406.000,28,06,2012,,*47
$GNGGA,202407.000,3900.0030,N,11613.9817,E,1,10,0.74,-14.4,M,-6.8,M,,*76
$PAIRACC,3.46,9.51*47
$GNGLL,3900.0030,N,11613.9817,E,202407.000,A,A*4E
$GNGSA,A,3,24,18,02,16,,,,,,,,,1.37,0.74,1.15,1*08
$GNGSA,A,3,68,85,,,,,,,,,,,1.37,0.74,1.15,2*02
$GNGSA,A,3,,,,,,,,,,,,,1.37,0.74,1.15,3*00
$GNGSA,A,3,05,07,13,03,,,,,,,,,1.37,0.74,1.15,4*04
$GPGSV,3,1,12,08,02,052,,15,58,135,,24,73,026,39.7,26,55,096,,1*78
$GPGSV,3,2,12,21,42,307,,10,35,051,,18,27,248,39.4,02,09,107,39.7,1*68
$GPGSV,3,3,12,27,09,078,,16,08,309,39.6,30,02,215,,29,66,216,,1*7A
$GLGSV,1,1,04,79,24,151,,68,44,051,39.8,84,37,285,,85,11,334,39.2,1*7F
$GAGSV,1,1,00,7*73
$GBGSV,3,1,12,09,01,184,,01,38,147,,10,32,215,,02,30,229,,1*74
$GBGSV,3,2,12,08,27,167,,04,27,125,,06,20,166,,05,16,249,39.2,1*60
$GBGSV,3,3,12,07,16,190,39.3,11,08,039,,13,06,039,39.9,03,45,191,38.8,1*6D
$GNRMC,202407.000,A,3900.0030,N,11613.9817,E,0.02,326.58,280612,,,A,V*04
$GNVTG,326.58,T,,M,0.02,N,0.03,K,A*28
$GNZDA,202407.000,28,06,2012,,*46
$GNGGA,202408.000,3900.0030,N,11613.9817,E,1,10,0.74,-14.5,M,-6.8,M,,*78
$PAIRACC,3.49,9.05*49
$GNGLL,3900.0030,N,11613.9817,E,202408.000,A,A*41
$GNGSA,A,3,24,18,02,16,,,,,,,,,1.37,0.74,1.15,1*08
$GNGSA,A,3,68,85,,,,,,,,,,,1.37,0.74,1.15,2*02
$GNGSA,A,3,,,,,,,,,,,,,1.37,0.74,1.15,3*00
$GNGSA,A,3,05,07,13,03,,,,,,,,,1.37,0.74,1.15,4*04
$GPGSV,3,1,12,08,02,052,,15,58,135,,24,73,026,39.7,26,55,096,,1*78
$GPGSV,3,2,12,21,42,307,,10,35,051,,18,27,248,39.5,02,09,107,39.7,1*69
$GPGSV,3,3,12,27,09,078,,16,08,309,39.4,30,02,215,,29,66,216,,1*78
$GLGSV,1,1,04,79,24,151,,68,44,051,40.0,84,37,285,,85,11,334,39.8,1*73
$GAGSV,1,1,00,7*73
$GBGSV,3,1,12,09,01,184,,01,38,147,,10,32,215,,02,30,229,,1*74
$GBGSV,3,2,12,08,27,167,,04,27,125,,06,20,166,,05,16,249,39.1,1*63
$GBGSV,3,3,12,07,16,190,39.9,11,08,039,,13,06,039,39.4,03,45,191,39.3,1*60
$GNRMC,202408.000,A,3900.0030,N,11613.9817,E,0.02,321.99,280612,,,A,V*01
$GNVTG,321.99,T,,M,0.02,N,0.04,K,A*25
$GNZDA,202408.000,28,06,2012,,*49
$GNGGA,202409.000,3900.0030,N,11613.9817,E,1,10,0.74,-14.5,M,-6.8,M,,*79
$PAIRACC,3.42,9.01*46
$GNGLL,3900.0030,N,11613.9817,E,202409.000,A,A*40
$GNGSA,A,3,24,18,02,16,,,,,,,,,1.37,0.74,1.15,1*08
$GNGSA,A,3,68,85,,,,,,,,,,,1.37,0.74,1.15,2*02
$GNGSA,A,3,,,,,,,,,,,,,1.37,0.74,1.15,3*00
$GNGSA,A,3,05,07,13,03,,,,,,,,,1.37,0.74,1.15,4*04
$GPGSV,3,1,12,08,02,052,,15,58,135,,24,73,026,39.9,26,55,096,,1*76
$GPGSV,3,2,12,21,42,307,,10,35,051,,18,27,248,39.5,02,09,107,39.8,1*66
$GPGSV,3,3,12,27,09,078,,16,08,309,39.7,30,02,215,,29,66,216,,1*7B
$GLGSV,1,1,04,79,24,151,,68,44,051,40.0,84,37,285,,85,11,334,39.5,1*7E
$GAGSV,1,1,00,7*73
$GBGSV,3,1,12,09,01,184,,01,38,147,,10,32,215,,02,30,229,,1*74
$GBGSV,3,2,12,08,27,167,,04,27,125,,06,20,166,,05,16,249,39.3,1*61
$GBGSV,3,3,12,07,16,190,39.8,11,08,039,,13,06,039,39.5,03,45,191,38.6,1*64
$GNRMC,202409.000,A,3900.0030,N,11613.9817,E,0.02,320.65,280612,,,A,V*02
$GNVTG,320.65,T,,M,0.02,N,0.04,K,A*27
$GNZDA,202409.000,28,06,2012,,*48
$GNGGA,202410.000,3900.0030,N,11613.9817,E,1,10,0.74,-14.5,M,-6.8,M,,*71
$PAIRACC,3.49,9.04*48
$GNGLL,3900.0030,N,11613.9817,E,202410.000,A,A*48
$GNGSA,A,3,24,18,02,16,,,,,,,,,1.37,0.74,1.15,1*08
$GNGSA,A,3,68,85,,,,,,,,,,,1.37,0.74,1.15,2*02
$GNGSA,A,3,,,,,,,,,,,,,1.37,0.74,1.15,3*00
$GNGSA,A,3,05,07,13,03,,,,,,,,,1.37,0.74,1.15,4*04
$GPGSV,3,1,12,08,02,052,,15,58,135,,24,73,026,39.8,26,55,096,,1*77
$GPGSV,3,2,12,21,42,307,,10,35,051,,18,27,248,39.1,02,09,107,39.4,1*6E
$GPGSV,3,3,12,27,09,078,,16,08,309,39.2,30,02,215,,29,66,216,,1*7E
$GLGSV,1,1,04,79,24,151,,68,44,051,39.8,84,37,285,,85,11,334,39.9,1*74
$GAGSV,1,1,00,7*73
$GBGSV,3,1,12,09,01,184,,01,38,147,,10,32,215,,02,30,229,,1*74
$GBGSV,3,2,12,08,27,167,,04,27,125,,06,20,166,,05,16,249,39.3,1*61
$GBGSV,3,3,12,07,16,190,40.0,11,08,039,,13,06,039,39.9,03,45,191,38.9,1*61
$GNRMC,202410.000,A,3900.0030,N,11613.9817,E,0.03,317.40,280612,,,A,V*08
$GNVTG,317.40,T,,M,0.03,N,0.05,K,A*24
$GNZDA,202410.000,28,06,2012,,*40
$GNGGA,202411.000,3900.0030,N,11613.9817,E,1,10,0.74,-14.5,M,-6.8,M,,*70
$PAIRACC,3.48,9.03*4E
$GNGLL,3900.0030,N,11613.9817,E,202411.000,A,A*49
$GNGSA,A,3,24,18,02,16,,,,,,,,,1.37,0.74,1.15,1*08
$GNGSA,A,3,68,85,,,,,,,,,,,1.37,0.74,1.15,2*02
$GNGSA,A,3,,,,,,,,,,,,,1.37,0.74,1.15,3*00
$GNGSA,A,3,05,07,13,03,,,,,,,,,1.37,0.74,1.15,4*04
$GPGSV,3,1,12,08,02,052,,15,58,135,,24,73,026,39.9,26,55,096,,1*76
$GPGSV,3,2,12,21,42,307,,10,35,051,,18,27,248,39.4,02,09,107,39.6,1*69
$GPGSV,3,3,12,27,09,078,,16,08,309,39.5,30,02,215,,29,66,216,,1*79
$GLGSV,1,1,04,79,24,151,,68,44,051,39.4,84,37,285,,85,11,334,39.5,1*74
$GAGSV,1,1,00,7*73
$GBGSV,3,1,12,09,01,184,,01,38,147,,10,32,215,,02,30,229,,1*74
$GBGSV,3,2,12,08,27,167,,04,27,125,,06,20,166,,05,16,249,39.8,1*6A
$GBGSV,3,3,12,07,16,190,39.1,11,08,039,,13,06,039,39.4,03,45,191,39.5,1*6E
$GNRMC,202411.000,A,3900.0030,N,11613.9817,E,0.03,331.24,280612,,,A,V*0F
$GNVTG,331.24,T,,M,0.03,N,0.06,K,A*21
$GNZDA,202411.000,28,06,2012,,*41
$GNGGA,202412.000,3900.0030,N,11613.9817,E,1,10,0.74,-14.5,M,-6.8,M,,*73
$PAIRACC,3.53,9.54*46
$GNGLL,3900.0030,N,11613.9817,E,202412.000,A,A*4A
$GNGSA,A,3,24,18,02,16,,,,,,,,,1.37,0.74,1.15,1*08
$GNGSA,A,3,68,85,,,,,,,,,,,1.37,0.74,1.15,2*02
$GNGSA,A,3,,,,,,,,,,,,,1.37,0.74,1.15,3*00
$GNGSA,A,3,05,07,13,03,,,,,,,,,1.37,0.74,1.15,4*04
$GPGSV,3,1,12,08,02,052,,15,58,135,,24,73,026,40.1,26,55,096,,1*70
$GPGSV,3,2,12,21,42,307,,10,35,051,,18,27,248,39.5,02,09,107,39.8,1*66
$GPGSV,3,3,12,27,09,078,,16,08,309,40.2,30,02,215,,29,66,216,,1*70
$GLGSV,1,1,04,79,24,151,,68,44,051,39.4,84,37,285,,85,11,334,39.9,1*78
$GAGSV,1,1,00,7*73
$GBGSV,3,1,12,09,01,184,,01,38,147,,10,32,215,,02,30,229,,1*74
$GBGSV,3,2,12,08,27,167,,04,27,125,,06,20,166,,05,16,249,38.9,1*6A
$GBGSV,3,3,12,07,16,190,40.3,11,08,039,,13,06,039,39.5,03,45,191,38.2,1*65
$GNRMC,202412.000,A,3900.0030,N,11613.9817,E,0.04,328.58,280612,,,A,V*08
$GNVTG,328.58,T,,M,0.04,N,0.07,K,A*24
$GNZDA,202412.000,28,06,2012,,*42
$GNGGA,202413.000,3900.0030,N,11613.9817,E,1,10,0.74,-14.5,M,-6.8,M,,*72
$PAIRACC,3.47,9.03*41
$GNGLL,3900.0030,N,11613.9817,E,202413.000,A,A*4B
$GNGSA,A,3,24,18,02,16,,,,,,,,,1.37,0.74,1.15,1*08
$GNGSA,A,3,68,85,,,,,,,,,,,1.37,0.74,1.15,2*02
$GNGSA,A,3,,,,,,,,,,,,,1.37,0.74,1.15,3*00
$GNGSA,A,3,05,07,13,03,,,,,,,,,1.37,0.74,1.15,4*04
$GPGSV,3,1,12,08,02,052,,15,58,135,,24,73,026,39.9,26,55,096,,1*76
$GPGSV,3,2,12,21,42,307,,10,35,051,,18,27,248,39.3,02,09,107,39.6,1*6E
$GPGSV,3,3,12,27,09,078,,16,08,309,39.8,30,02,215,,29,66,216,,1*74
$GLGSV,1,1,04,79,24,151,,68,44,051,39.7,84,37,285,,85,11,334,39.6,1*74
$GAGSV,1,1,00,7*73
$GBGSV,3,1,12,09,01,184,,01,38,147,,10,32,215,,02,30,229,,1*74
$GBGSV,3,2,12,08,27,167,,04,27,125,,06,20,166,,05,16,249,39.2,1*60
$GBGSV,3,3,12,07,16,190,39.2,11,08,039,,13,06,039,40.0,03,45,191,38.5,1*66
$GNRMC,202413.000,A,3900.0030,N,11613.9817,E,0.04,330.30,280612,,,A,V*0E
$GNVTG,330.30,T,,M,0.04,N,0.08,K,A*2C
$GNZDA,202413.000,28,06,2012,,*43
$GNGGA,202414.000,3900.0030,N,11613.9817,E,1,10,0.74,-14.5,M,-6.8,M,,*75
$PAIRACC,3.56,9.58*4F
$GNGLL,3900.0030,N,11613.9817,E,202414.000,A,A*4C
$GNGSA,A,3,24,18,02,16,,,,,,,,,1.37,0.74,1.15,1*08
$GNGSA,A,3,68,85,,,,,,,,,,,1.37,0.74,1.15,2*02
$GNGSA,A,3,,,,,,,,,,,,,1.37,0.74,1.15,3*00
$GNGSA,A,3,05,07,13,03,,,,,,,,,1.37,0.74,1.15,4*04
$GPGSV,3,1,12,08,02,052,,15,58,135,,24,73,026,39.7,26,55,096,,1*78
$GPGSV,3,2,12,21,42,307,,10,35,051,,18,27,248,39.3,02,09,107,40.0,1*66
$GPGSV,3,3,12,27,09,078,,16,08,309,39.6,30,02,215,,29,66,216,,1*7A
$GLGSV,1,1,04,79,24,151,,68,44,051,40.0,84,37,285,,85,11,334,39.4,1*7F
$GAGSV,1,1,00,7*73
$GBGSV,3,1,12,09,01,184,,01,38,147,,10,32,215,,02,30,229,,1*74
$GBGSV,3,2,12,08,27,167,,04,27,125,,06,20,166,,05,16,249,39.0,1*62
$GBGSV,3,3,12,07,16,190,40.0,11,08,039,,13,06,039,39.6,03,45,191,39.0,1*66
$GNRMC,202414.000,A,3900.0030,N,11613.9817,E,0.04,329.11,280612,,,A,V*02
$GNVTG,329.11,T,,M,0.04,N,0.08,K,A*27
$GNZDA,202414.000,28,06,2012,,*44
$GNGGA,202415.000,3900.0030,N,11613.9817,E,1,10,0.74,-14.5,M,-6.8,M,,*74
$PAIRACC,3.48,9.04*49
$GNGLL,3900.0030,N,11613.9817,E,202415.000,A,A*4D
$GNGSA,A,3,24,18,02,16,,,,,,,,,1.37,0.74,1.15,1*08
$GNGSA,A,3,68,85,,,,,,,,,,,1.37,0.74,1.15,2*02
$GNGSA,A,3,,,,,,,,,,,,,1.37,0.74,1.15,3*00
$GNGSA,A,3,05,07,13,03,,,,,,,,,1.37,0.74,1.15,4*04
$GPGSV,3,1,12,08,02,052,,15,58,135,,24,73,026,39.8,26,55,096,,1*77
$GPGSV,3,2,12,21,42,307,,10,35,051,,18,27,248,39.7,02,09,107,40.0,1*62
$GPGSV,3,3,12,27,09,078,,16,08,309,39.8,30,02,215,,29,66,216,,1*74
$GLGSV,1,1,04,79,24,151,,68,44,051,40.2,84,37,285,,85,11,334,39.6,1*7F
$GAGSV,1,1,00,7*73
$GBGSV,3,1,12,09,01,184,,01,38,147,,10,32,215,,02,30,229,,1*74
$GBGSV,3,2,12,08,27,167,,04,27,125,,06,20,166,,05,16,249,39.3,1*61
$GBGSV,3,3,12,07,16,190,39.3,11,08,039,,13,06,039,39.4,03,45,191,38.8,1*60
$GNRMC,202415.000,A,3900.0030,N,11613.9817,E,0.04,328.36,280612,,,A,V*07
$GNVTG,328.36,T,,M,0.04,N,0.08,K,A*23
$GNZDA,202415.000,28,06,2012,,*45
$GNGGA,202416.000,3900.0030,N,11613.9817,E,1,10,0.74,-14.5,M,-6.8,M,,*77
$PAIRACC,3.56,9.59*4E
$GNGLL,3900.0030,N,11613.9817,E,202416.000,A,A*4E
$GNGSA,A,3,24,18,02,16,,,,,,,,,1.37,0.74,1.15,1*08
$GNGSA,A,3,68,85,,,,,,,,,,,1.37,0.74,1.15,2*02
$GNGSA,A,3,,,,,,,,,,,,,1.37,0.74,1.15,3*00
$GNGSA,A,3,05,07,13,03,,,,,,,,,1.37,0.74,1.15,4*04
$GPGSV,3,1,12,08,02,052,,15,58,135,,24,73,026,39.4,26,55,096,,1*7B
$GPGSV,3,2,12,21,42,307,,10,35,051,,18,27,248,39.4,02,09,107,39.7,1*68
$GPGSV,3,3,12,27,09,078,,16,08,309,39.8,30,02,215,,29,66,216,,1*74
$GLGSV,1,1,04,79,24,151,,68,44,051,39.7,84,37,285,,85,11,334,39.6,1*74
$GAGSV,1,1,00,7*73
$GBGSV,3,1,12,09,01,184,,01,38,147,,10,32,215,,02,30,229,,1*74
$GBGSV,3,2,12,08,27,167,,04,27,125,,06,20,166,,05,16,249,39.2,1*60
$GBGSV,3,3,12,07,16,190,39.8,11,08,039,,13,06,039,39.9,03,45,191,38.3,1*6D
$GNRMC,202416.000,A,3900.0030,N,11613.9817,E,0.04,326.68,280612,,,A,V*01
$GNVTG,326.68,T,,M,0.04,N,0.08,K,A*26
$GNZDA,202416.000,28,06,2012,,*46
$GNGGA,202417.000,3900.0030,N,11613.9817,E,1,10,0.74,-14.5,M,-6.8,M,,*76
$PAIRACC,3.48,9.04*49
$GNGLL,3900.0030,N,11613.9817,E,202417.000,A,A*4F
$GNGSA,A,3,24,18,02,16,,,,,,,,,1.37,0.74,1.15,1*08
$GNGSA,A,3,68,85,,,,,,,,,,,1.37,0.74,1.15,2*02
$GNGSA,A,3,,,,,,,,,,,,,1.37,0.74,1.15,3*00
$GNGSA,A,3,05,07,13,03,,,,,,,,,1.37,0.74,1.15,4*04
$GPGSV,3,1,12,08,02,052,,15,58,135,,24,73,026,39.5,26,55,096,,1*7A
$GPGSV,3,2,12,21,42,307,,10,35,051,,18,27,248,39.8,02,09,107,39.9,1*6A
$GPGSV,3,3,12,27,09,078,,16,08,309,39.5,30,02,215,,29,66,216,,1*79
$GLGSV,1,1,04,79,24,151,,68,44,051,39.5,84,37,285,,85,11,334,39.6,1*76
$GAGSV,1,1,00,7*73
$GBGSV,3,1,12,09,01,184,,01,38,147,,10,32,215,,02,30,229,,1*74
$GBGSV,3,2,12,08,27,167,,04,27,125,,06,20,166,,05,16,249,39.2,1*60
$GBGSV,3,3,12,07,16,190,39.5,11,08,039,,13,06,039,39.6,03,45,191,39.5,1*68
$GNRMC,202417.000,A,3900.0030,N,11613.9817,E,0.04,324.24,280612,,,A,V*0A
$GNVTG,324.24,T,,M,0.04,N,0.08,K,A*2C
$GNZDA,202417.000,28,06,2012,,*47
$GNGGA,202418.000,3900.0029,N,11613.9817,E,1,10,0.74,-14.5,M,-6.8,M,,*71
$PAIRACC,3.56,9.59*4E
$GNGLL,3900.0029,N,11613.9817,E,202418.000,A,A*48
$GNGSA,A,3,24,18,02,16,,,,,,,,,1.37,0.74,1.15,1*08
$GNGSA,A,3,68,85,,,,,,,,,,,1.37,0.74,1.15,2*02
$GNGSA,A,3,,,,,,,,,,,,,1.37,0.74,1.15,3*00
$GNGSA,A,3,05,07,13,03,,,,,,,,,1.37,0.74,1.15,4*04
$GPGSV,3,1,12,08,02,052,,15,58,135,,24,73,026,39.7,26,55,096,,1*78
$GPGSV,3,2,12,21,42,307,,10,35,051,,18,27,248,39.8,02,09,107,39.9,1*6A
$GPGSV,3,3,12,27,09,078,,16,08,309,40.1,30,02,215,,29,66,216,,1*73
$GLGSV,1,1,04,79,24,151,,68,44,051,39.7,84,37,285,,85,11,334,39.8,1*7A
$GAGSV,1,1,00,7*73
$GBGSV,3,1,12,09,01,184,,01,38,147,,10,32,215,,02,30,229,,1*74
$GBGSV,3,2,12,08,27,167,,04,27,125,,06,20,166,,05,16,249,39.3,1*61
$GBGSV,3,3,12,07,16,190,40.0,11,08,039,,13,06,039,39.3,03,45,191,38.8,1*6A
$GNRMC,202418.000,A,3900.0029,N,11613.9817,E,0.04,323.28,280612,,,A,V*06
$GNVTG,323.28,T,,M,0.04,N,0.08,K,A*27
$GNZDA,202418.000,28,06,2012,,*48
$GNGGA,202419.000,3900.0029,N,11613.9817,E,1,10,0.74,-14.5,M,-6.8,M,,*70
$PAIRACC,3.48,9.04*49
$GNGLL,3900.0029,N,11613.9817,E,202419.000,A,A*49
$GNGSA,A,3,24,18,02,16,,,,,,,,,1.37,0.74,1.15,1*08
$GNGSA,A,3,68,85,,,,,,,,,,,1.37,0.74,1.15,2*02
$GNGSA,A,3,,,,,,,,,,,,,1.37,0.74,1.15,3*00
$GNGSA,A,3,05,07,13,03,,,,,,,,,1.37,0.74,1.15,4*04
$GPGSV,3,1,12,08,02,052,,15,58,135,,24,73,026,39.8,26,55,096,,1*77
$GPGSV,3,2,12,21,42,307,,10,35,051,,18,27,248,39.6,02,09,107,39.7,1*6A
$GPGSV,3,3,12,27,09,078,,16,08,309,39.7,30,02,215,,29,66,216,,1*7B
$GLGSV,1,1,04,79,24,151,,68,44,051,39.6,84,37,285,,85,11,334,39.7,1*74
$GAGSV,1,1,00,7*73
$GBGSV,3,1,12,09,01,184,,01,38,147,,10,32,215,,02,30,229,,1*74
$GBGSV,3,2,12,08,27,167,,04,27,125,,06,20,166,,05,16,249,39.2,1*60
$GBGSV,3,3,12,07,16,190,39.9,11,08,039,,13,06,039,39.4,03,45,191,38.8,1*6A
$GNRMC,202419.000,A,3900.0029,N,11613.9817,E,0.04,324.03,280612,,,A,V*09
$GNVTG,324.03,T,,M,0.04,N,0.07,K,A*26
$GNZDA,202419.000,28,06,2012,,*49
$GNGGA,202420.000,3900.0029,N,11613.9817,E,1,10,0.74,-14.5,M,-6.8,M,,*7A
$PAIRACC,3.56,9.59*4E
$GNGLL,3900.0029,N,11613.9817,E,202420.000,A,A*43
$GNGSA,A,3,24,18,02,16,,,,,,,,,1.37,0.74,1.15,1*08
$GNGSA,A,3,68,85,,,,,,,,,,,1.37,0.74,1.15,2*02
$GNGSA,A,3,,,,,,,,,,,,,1.37,0.74,1.15,3*00
$GNGSA,A,3,05,07,13,03,,,,,,,,,1.37,0.74,1.15,4*04
$GPGSV,3,1,12,08,02,052,,15,58,135,,24,73,026,39.6,26,55,096,,1*79
$GPGSV,3,2,12,21,42,307,,10,35,051,,18,27,248,39.3,02,09,107,40.1,1*67
$GPGSV,3,3,12,27,09,078,,16,08,309,39.9,30,02,215,,29,66,216,,1*75
$GLGSV,1,1,04,79,24,151,,68,44,051,40.0,84,37,285,,85,11,334,39.4,1*7F
$GAGSV,1,1,00,7*73
$GBGSV,3,1,12,09,01,184,,01,38,147,,10,32,215,,02,30,229,,1*74
$GBGSV,3,2,12,08,27,167,,04,27,125,,06,20,166,,05,16,249,39.0,1*62
$GBGSV,3,3,12,07,16,190,39.7,11,08,039,,13,06,039,39.5,03,45,191,38.9,1*64
$GNRMC,202420.000,A,3900.0029,N,11613.9817,E,0.03,319.64,280612,,,A,V*0B
$GNVTG,319.64,T,,M,0.03,N,0.06,K,A*2F
$GNZDA,202420.000,28,06,2012,,*43
$GNGGA,202421.000,3900.0029,N,11613.9817,E,1,10,0.74,-14.5,M,-6.8,M,,*7B
$PAIRACC,3.48,9.04*49
$GNGLL,3900.0029,N,11613.9817,E,202421.000,A,A*42
$GNGSA,A,3,24,18,02,16,,,,,,,,,1.37,0.74,1.15,1*08
$GNGSA,A,3,68,85,,,,,,,,,,,1.37,0.74,1.15,2*02
$GNGSA,A,3,,,,,,,,,,,,,1.37,0.74,1.15,3*00
$GNGSA,A,3,05,07,13,03,,,,,,,,,1.37,0.74,1.15,4*04
$GPGSV,3,1,12,08,02,052,,15,58,135,,24,73,026,39.7,26,55,096,,1*78
$GPGSV,3,2,12,21,42,307,,10,35,051,,18,27,248,40.0,02,09,107,39.6,1*63
$GPGSV,3,3,12,27,09,078,,16,08,309,39.7,30,02,215,,29,66,216,,1*7B
$GLGSV,1,1,04,79,24,151,,68,44,051,39.9,84,37,285,,85,11,334,39.4,1*78
$GAGSV,1,1,00,7*73
$GBGSV,3,1,12,09,01,184,,01,38,147,,10,32,215,,02,30,229,,1*74
$GBGSV,3,2,12,08,27,167,,04,27,125,,06,20,166,,05,16,249,39.3,1*61
$GBGSV,3,3,12,07,16,190,39.8,11,08,039,,13,06,039,38.9,03,45,191,38.7,1*68
$GNRMC,202421.000,A,3900.0029,N,11613.9817,E,0.03,314.74,280612,,,A,V*06
$GNVTG,314.74,T,,M,0.03,N,0.06,K,A*23
$GNZDA,202421.000,28,06,2012,,*42
$GNGGA,202422.000,3900.0029,N,11613.9817,E,1,10,0.74,-14.5,M,-6.8,M,,*78
$PAIRACC,3.45,9.04*44
$GNGLL,3900.0029,N,11613.9817,E,202422.000,A,A*41
$GNGSA,A,3,24,18,02,16,,,,,,,,,1.37,0.74,1.15,1*08
$GNGSA,A,3,68,85,,,,,,,,,,,1.37,0.74,1.15,2*02
$GNGSA,A,3,,,,,,,,,,,,,1.37,0.74,1.15,3*00
$GNGSA,A,3,05,07,13,03,,,,,,,,,1.37,0.74,1.15,4*04
$GPGSV,3,1,12,08,02,052,,15,58,135,,24,73,026,40.1,26,55,096,,1*70
$GPGSV,3,2,12,21,42,307,,10,35,051,,18,27,248,39.8,02,09,107,40.2,1*6F
$GPGSV,3,3,12,27,09,078,,16,08,309,39.8,30,02,215,,29,66,216,,1*74
$GLGSV,1,1,04,79,24,151,,68,44,051,40.2,84,37,285,,85,11,334,39.8,1*71
$GAGSV,1,1,00,7*73
$GBGSV,3,1,12,09,01,184,,01,38,147,,10,32,215,,02,30,229,,1*74
$GBGSV,3,2,12,08,27,167,,04,27,125,,06,20,166,,05,16,249,39.1,1*63
$GBGSV,3,3,12,07,16,190,39.5,11,08,039,,13,06,039,39.9,03,45,191,38.5,1*66
$GNRMC,202422.000,A,3900.0029,N,11613.9817,E,0.03,313.60,280612,,,A,V*07
$GNVTG,313.60,T,,M,0.03,N,0.06,K,A*21
$GNZDA,202422.000,28,06,2012,,*41
$GNGGA,202423.000,3900.0029,N,11613.9817,E,1,10,0.74,-14.5,M,-6.8,M,,*79
$PAIRACC,3.48,9.04*49
$GNGLL,3900.0029,N,11613.9817,E,202423.000,A,A*40
$GNGSA,A,3,24,18,02,16,,,,,,,,,1.37,0.74,1.15,1*08
$GNGSA,A,3,68,85,,,,,,,,,,,1.37,0.74,1.15,2*02
$GNGSA,A,3,,,,,,,,,,,,,1.37,0.74,1.15,3*00
$GNGSA,A,3,05,07,13,03,,,,,,,,,1.37,0.74,1.15,4*04
$GPGSV,3,1,12,08,02,052,,15,58,135,,24,73,026,39.5,26,55,096,,1*7A
$GPGSV,3,2,12,21,42,307,,10,35,051,,18,27,248,39.4,02,09,107,39.6,1*69
$GPGSV,3,3,12,27,09,078,,16,08,309,39.5,30,02,215,,29,66,216,,1*79
$GLGSV,1,1,04,79,24,151,,68,44,051,40.0,84,37,285,,85,11,334,39.6,1*7D
$GAGSV,1,1,00,7*73
$GBGSV,3,1,12,09,01,184,,01,38,147,,10,32,215,,02,30,229,,1*74
$GBGSV,3,2,12,08,27,167,,04,27,125,,06,20,166,,05,16,249,39.0,1*62
$GBGSV,3,3,12,07,16,190,39.9,11,08,039,,13,06,039,39.4,03,45,191,39.2,1*61
$GNRMC,202423.000,A,3900.0029,N,11613.9817,E,0.03,316.39,280612,,,A,V*0F
$GNVTG,316.39,T,,M,0.03,N,0.06,K,A*28
$GNZDA,202423.000,28,06,2012,,*40
$GNGGA,202424.000,3900.0029,N,11613.9817,E,1,10,0.74,-14.5,M,-6.8,M,,*7E
$PAIRACC,3.48,9.54*4C
$GNGLL,3900.0029,N,11613.9817,E,202424.000,A,A*47
$GNGSA,A,3,24,18,02,16,,,,,,,,,1.37,0.74,1.15,1*08
$GNGSA,A,3,68,85,,,,,,,,,,,1.37,0.74,1.15,2*02
$GNGSA,A,3,,,,,,,,,,,,,1.37,0.74,1.15,3*00
$GNGSA,A,3,05,07,13,03,,,,,,,,,1.37,0.74,1.15,4*04
$GPGSV,3,1,12,08,02,052,,15,58,135,,24,73,026,40.1,26,55,096,,1*70
$GPGSV,3,2,12,21,42,307,,10,35,051,,18,27,248,39.5,02,09,107,39.8,1*66
$GPGSV,3,3,12,27,09,078,,16,08,309,39.4,30,02,215,,29,66,216,,1*78
$GLGSV,1,1,04,79,24,151,,68,44,051,40.2,84,37,285,,85,11,334,39.5,1*7C
$GAGSV,1,1,00,7*73
$GBGSV,3,1,12,09,01,184,,01,38,147,,10,32,215,,02,30,229,,1*74
$GBGSV,3,2,12,08,27,167,,04,27,125,,06,20,166,,05,16,249,38.8,1*6B
$GBGSV,3,3,12,07,16,190,39.4,11,08,039,,13,06,039,39.2,03,45,191,39.0,1*68
$GNRMC,202424.000,A,3900.0029,N,11613.9817,E,0.03,317.19,280612,,,A,V*0B
$GNVTG,317.19,T,,M,0.03,N,0.06,K,A*2B
$GNZDA,202424.000,28,06,2012,,*47
$GNGGA,202425.000,3900.0029,N,11613.9817,E,1,10,0.74,-14.5,M,-6.8,M,,*7F
$PAIRACC,3.48,9.04*49
$GNGLL,3900.0029,N,11613.9817,E,202425.000,A,A*46
$GNGSA,A,3,24,18,02,16,,,,,,,,,1.37,0.74,1.15,1*08
$GNGSA,A,3,68,85,,,,,,,,,,,1.37,0.74,1.15,2*02
$GNGSA,A,3,,,,,,,,,,,,,1.37,0.74,1.15,3*00
$GNGSA,A,3,05,07,13,03,,,,,,,,,1.37,0.74,1.15,4*04
$GPGSV,3,1,12,08,02,052,,15,58,135,,24,73,026,40.3,26,55,096,,1*72
$GPGSV,3,2,12,21,42,307,,10,35,051,,18,27,248,39.5,02,09,107,39.9,1*67
$GPGSV,3,3,12,27,09,078,,16,08,309,39.9,30,02,215,,29,66,216,,1*75
$GLGSV,1,1,04,79,24,151,,68,44,051,39.7,84,37,285,,85,11,334,39.7,1*75
$GAGSV,1,1,00,7*73
$GBGSV,3,1,12,09,01,184,,01,38,147,,10,32,215,,02,30,229,,1*74
$GBGSV,3,2,12,08,27,167,,04,27,125,,06,20,166,,05,16,249,39.3,1*61
$GBGSV,3,3,12,07,16,190,40.2,11,08,039,,13,06,039,39.8,03,45,191,38.2,1*69
$GNRMC,202425.000,A,3900.0029,N,11613.9817,E,0.03,331.48,280612,,,A,V*0A
$GNVTG,331.48,T,,M,0.03,N,0.05,K,A*28
$GNZDA,202425.000,28,06,2012,,*46
$GNGGA,202426.000,3900.0029,N,11613.9817,E,1,10,0.74,-14.5,M,-6.8,M,,*7C
$PAIRACC,3.49,9.54*4D
$GNGLL,3900.0029,N,11613.9817,E,202426.000,A,A*45
$GNGSA,A,3,24,18,02,16,,,,,,,,,1.37,0.74,1.15,1*08
$GNGSA,A,3,68,85,,,,,,,,,,,1.37,0.74,1.15,2*02
$GNGSA,A,3,,,,,,,,,,,,,1.37,0.74,1.15,3*00
$GNGSA,A,3,05,07,13,03,,,,,,,,,1.37,0.74,1.15,4*04
$GPGSV,3,1,12,08,02,052,,15,58,135,,24,73,026,40.0,26,55,096,,1*71
$GPGSV,3,2,12,21,42,307,,10,35,051,,18,27,248,39.4,02,09,107,39.8,1*67
$GPGSV,3,3,12,27,09,078,,16,08,309,39.2,30,02,215,,29,66,216,,1*7E
$GLGSV,1,1,04,79,24,151,,68,44,051,39.9,84,37,285,,85,11,334,39.8,1*74
$GAGSV,1,1,00,7*73
$GBGSV,3,1,12,09,01,184,,01,38,147,,10,32,215,,02,30,229,,1*74
$GBGSV,3,2,12,08,27,167,,04,27,125,,06,20,166,,05,16,249,39.4,1*66
$GBGSV,3,3,12,07,16,190,39.0,11,08,039,,13,06,039,39.5,03,45,191,39.5,1*6E
$GNRMC,202426.000,A,3900.0029,N,11613.9817,E,0.03,318.71,280612,,,A,V*08
$GNVTG,318.71,T,,M,0.03,N,0.05,K,A*29
$GNZDA,202426.000,28,06,2012,,*45
$GNGGA,202427.000,3900.0029,N,11613.9817,E,1,10,0.74,-14.5,M,-6.8,M,,*7D
$PAIRACC,3.43,9.02*44
$GNGLL,3900.0029,N,11613.9817,E,202427.000,A,A*44
$GNGSA,A,3,24,18,02,16,,,,,,,,,1.37,0.74,1.15,1*08
$GNGSA,A,3,68,85,,,,,,,,,,,1.37,0.74,1.15,2*02
$GNGSA,A,3,,,,,,,,,,,,,1.37,0.74,1.15,3*00
$GNGSA,A,3,05,07,13,03,,,,,,,,,1.37,0.74,1.15,4*04
$GPGSV,3,1,12,08,02,052,,15,58,135,,24,73,026,39.4,26,55,096,,1*7B
$GPGSV,3,2,12,21,42,307,,10,35,051,,18,27,248,39.6,02,09,107,39.6,1*6B
$GPGSV,3,3,12,27,09,078,,16,08,309,39.8,30,02,215,,29,66,216,,1*74
$GLGSV,1,1,04,79,24,151,,68,44,051,40.1,84,37,285,,85,11,334,39.7,1*7D
$GAGSV,1,1,00,7*73
$GBGSV,3,1,12,09,01,184,,01,38,147,,10,32,215,,02,30,229,,1*74
$GBGSV,3,2,12,08,27,167,,04,27,125,,06,20,166,,05,16,249,38.8,1*6B
$GBGSV,3,3,12,07,16,190,39.9,11,08,039,,13,06,039,39.2,03,45,191,38.4,1*60
$GNRMC,202427.000,A,3900.0029,N,11613.9817,E,0.02,332.14,280612,,,A,V*03
$GNVTG,332.14,T,,M,0.02,N,0.04,K,A*22
$GNZDA,202427.000,28,06,2012,,*44
$GNGGA,202428.000,3900.0029,N,11613.9817,E,1,10,0.74,-14.5,M,-6.8,M,,*72
$PAIRACC,3.61,9.62*42
$GNGLL,3900.0029,N,11613.9817,E,202428.000,A,A*4B
$GNGSA,A,3,24,18,02,16,,,,,,,,,1.37,0.74,1.15,1*08
$GNGSA,A,3,68,85,,,,,,,,,,,1.37,0.74,1.15,2*02
$GNGSA,A,3,,,,,,,,,,,,,1.37,0.74,1.15,3*00
$GNGSA,A,3,05,07,13,03,,,,,,,,,1.37,0.74,1.15,4*04
$GPGSV,3,1,11,08,02,052,,15,58,135,,24,73,026,39.3,26,55,096,,1*7F
$GPGSV,3,2,11,21,42,307,,10,35,051,,18,27,248,39.4,02,09,107,39.7,1*6B
$GPGSV,3,3,11,27,09,078,,16,08,309,39.7,29,66,216,,1*4F
$GLGSV,1,1,04,79,24,151,,68,44,051,40.0,84,37,285,,85,11,334,39.6,1*7D
$GAGSV,1,1,00,7*73
$GBGSV,3,1,12,09,01,184,,01,38,147,,10,32,215,,02,30,229,,1*74
$GBGSV,3,2,12,04,27,125,,08,27,167,,06,20,166,,05,16,249,39.5,1*67
$GBGSV,3,3,12,07,16,190,39.1,11,08,039,,13,06,039,39.6,03,45,191,38.6,1*6E
$GNRMC,202428.000,A,3900.0029,N,11613.9817,E,0.02,338.17,280612,,,A,V*05
$GNVTG,338.17,T,,M,0.02,N,0.03,K,A*2C
$GNZDA,202428.000,28,06,2012,,*4B
$GNGGA,202429.000,3900.0029,N,11613.9817,E,1,10,0.74,-14.5,M,-6.8,M,,*73
$PAIRACC,3.43,9.02*44
$GNGLL,3900.0029,N,11613.9817,E,202429.000,A,A*4A
$GNGSA,A,3,24,18,02,16,,,,,,,,,1.37,0.74,1.15,1*08
$GNGSA,A,3,68,85,,,,,,,,,,,1.37,0.74,1.15,2*02
$GNGSA,A,3,,,,,,,,,,,,,1.37,0.74,1.15,3*00
$GNGSA,A,3,05,07,13,03,,,,,,,,,1.37,0.74,1.15,4*04
$GPGSV,3,1,12,08,02,052,,15,58,135,,24,73,026,39.8,26,55,096,,1*77
$GPGSV,3,2,12,21,42,307,,10,35,051,,18,27,248,39.4,02,09,107,39.7,1*68
$GPGSV,3,3,12,27,09,078,,16,08,309,39.8,30,02,215,,29,66,216,,1*74
$GLGSV,1,1,04,79,24,151,,68,44,051,40.2,84,37,285,,85,11,334,39.9,1*70
$GAGSV,1,1,00,7*73
$GBGSV,3,1,12,09,01,184,,01,38,147,,10,32,215,,02,30,229,,1*74
$GBGSV,3,2,12,08,27,167,,04,27,125,,06,20,166,,05,16,249,39.2,1*60
$GBGSV,3,3,12,07,16,190,39.9,11,08,039,,13,06,039,39.4,03,45,191,39.1,1*62
$GNRMC,202429.000,A,3900.0029,N,11613.9817,E,0.02,312.44,280612,,,A,V*0A
$GNVTG,312.44,T,,M,0.02,N,0.03,K,A*22
$GNZDA,202429.000,28,06,2012,,*4A
$GNGGA,202430.000,3900.0029,N,11613.9817,E,1,10,0.74,-14.5,M,-6.8,M,,*7B
$PAIRACC,3.52,9.54*47
$GNGLL,3900.0029,N,11613.9817,E,202430.000,A,A*42
$GNGSA,A,3,24,18,02,16,,,,,,,,,1.37,0.74,1.15,1*08
$GNGSA,A,3,68,85,,,,,,,,,,,1.37,0.74,1.15,2*02
$GNGSA,A,3,,,,,,,,,,,,,1.37,0.74,1.15,3*00
$GNGSA,A,3,05,07,13,03,,,,,,,,,1.37,0.74,1.15,4*04
$GPGSV,3,1,12,08,02,052,,15,58,135,,24,73,026,39.7,26,55,096,,1*78
$GPGSV,3,2,12,21,42,307,,10,35,051,,18,27,248,39.9,02,09,107,40.2,1*6E
$GPGSV,3,3,12,27,09,078,,16,08,309,39.8,30,02,215,,29,66,216,,1*74
$GLGSV,1,1,04,79,24,151,,68,44,051,40.0,84,37,285,,85,11,334,39.9,1*72
$GAGSV,1,1,00,7*73
$GBGSV,3,1,12,09,01,184,,01,38,147,,10,32,215,,02,30,229,,1*74
$GBGSV,3,2,12,08,27,167,,04,27,125,,06,20,166,,05,16,249,39.6,1*64
$GBGSV,3,3,12,07,16,190,39.9,11,08,039,,13,06,039,39.8,03,45,191,38.7,1*69
$GNRMC,202430.000,A,3900.0029,N,11613.9817,E,0.01,327.99,280612,,,A,V*07
$GNVTG,327.99,T,,M,0.01,N,0.02,K,A*26
$GNZDA,202430.000,28,06,2012,,*42
$GNGGA,202431.000,3900.0029,N,11613.9817,E,1,10,0.74,-14.5,M,-6.8,M,,*7A
$PAIRACC,3.43,9.03*45
$GNGLL,3900.0029,N,11613.9817,E,202431.000,A,A*43
$GNGSA,A,3,24,18,02,16,,,,,,,,,1.37,0.74,1.15,1*08
$GNGSA,A,3,68,85,,,,,,,,,,,1.37,0.74,1.15,2*02
$GNGSA,A,3,,,,,,,,,,,,,1.37,0.74,1.15,3*00
$GNGSA,A,3,05,07,13,03,,,,,,,,,1.37,0.74,1.15,4*04
$GPGSV,3,1,12,08,02,052,,15,58,135,,24,73,026,40.0,26,55,096,,1*71
$GPGSV,3,2,12,21,42,307,,10,35,051,,18,27,248,39.8,02,09,107,39.8,1*6B
$GPGSV,3,3,12,27,09,078,,16,08,309,40.1,30,02,215,,29,66,216,,1*73
$GLGSV,1,1,04,79,24,151,,68,44,051,39.6,84,37,285,,85,11,334,39.7,1*74
$GAGSV,1,1,00,7*73
$GBGSV,3,1,12,09,01,184,,01,38,147,,10,32,215,,02,30,229,,1*74
$GBGSV,3,2,12,08,27,167,,04,27,125,,06,20,166,,05,16,249,39.1,1*63
$GBGSV,3,3,12,07,16,190,39.6,11,08,039,,13,06,039,39.9,03,45,191,38.1,1*61
$GNRMC,202431.000,A,3900.0029,N,11613.9817,E,0.01,326.90,280612,,,A,V*0E
$GNVTG,326.90,T,,M,0.01,N,0.02,K,A*2E
$GNZDA,202431.000,28,06,2012,,*43
$GNGGA,202432.000,3900.0029,N,11613.9817,E,1,10,0.74,-14.5,M,-6.8,M,,*79
$PAIRACC,3.50,9.07*43
$GNGLL,3900.0029,N,11613.9817,E,202432.000,A,A*40
$GNGSA,A,3,24,18,02,16,,,,,,,,,1.37,0.74,1.15,1*08
$GNGSA,A,3,68,85,,,,,,,,,,,1.37,0.74,1.15,2*02
$GNGSA,A,3,,,,,,,,,,,,,1.37,0.74,1.15,3*00
$GNGSA,A,3,05,07,13,03,,,,,,,,,1.37,0.74,1.15,4*04
$GPGSV,3,1,12,08,02,052,,15,58,135,,24,73,026,39.7,26,55,096,,1*78
$GPGSV,3,2,12,21,42,307,,10,35,051,,18,27,248,39.4,02,09,107,39.9,1*66
$GPGSV,3,3,12,27,09,078,,16,08,309,39.8,30,02,215,,29,66,216,,1*74
$GLGSV,1,1,04,79,24,151,,68,44,051,39.5,84,37,285,,85,11,334,39.5,1*75
$GAGSV,1,1,00,7*73
$GBGSV,3,1,12,09,01,184,,01,38,147,,10,32,215,,02,30,229,,1*74
$GBGSV,3,2,12,08,27,167,,04,27,125,,06,20,166,,05,16,249,39.4,1*66
$GBGSV,3,3,12,07,16,190,40.2,11,08,039,,13,06,039,39.7,03,45,191,39.3,1*66
$GNRMC,202432.000,A,3900.0029,N,11613.9817,E,0.01,327.72,280612,,,A,V*00
$GNVTG,327.72,T,,M,0.01,N,0.01,K,A*20
$GNZDA,202432.000,28,06,2012,,*40
$GNGGA,202433.000,3900.0029,N,11613.9817,E,1,10,0.74,-14.5,M,-6.8,M,,*78
$PAIRACC,3.43,9.03*45
$GNGLL,3900.0029,N,11613.9817,E,202433.000,A,A*41
$GNGSA,A,3,24,18,02,16,,,,,,,,,1.37,0.74,1.15,1*08
$GNGSA,A,3,68,85,,,,,,,,,,,1.37,0.74,1.15,2*02
$GNGSA,A,3,,,,,,,,,,,,,1.37,0.74,1.15,3*00
$GNGSA,A,3,05,07,13,03,,,,,,,,,1.37,0.74,1.15,4*04
$GPGSV,3,1,12,08,02,052,,15,58,135,,24,73,026,39.5,26,55,096,,1*7A
$GPGSV,3,2,12,21,42,307,,10,35,051,,18,27,248,39.6,02,09,107,40.0,1*63
$GPGSV,3,3,12,27,09,078,,16,08,309,39.9,30,02,215,,29,66,216,,1*75
$GLGSV,1,1,04,79,24,151,,68,44,051,40.0,84,37,285,,85,11,334,39.5,1*7E
$GAGSV,1,1,00,7*73
$GBGSV,3,1,12,09,01,184,,01,38,147,,10,32,215,,02,30,229,,1*74
$GBGSV,3,2,12,08,27,167,,04,27,125,,06,20,166,,05,16,249,39.2,1*60
$GBGSV,3,3,12,07,16,190,39.2,11,08,039,,13,06,039,39.4,03,45,191,38.9,1*60
$GNRMC,202433.000,A,3900.0029,N,11613.9817,E,0.01,330.39,280612,,,A,V*08
$GNVTG,330.39,T,,M,0.01,N,0.01,K,A*29
$GNZDA,202433.000,28,06,2012,,*41
$GNGGA,202434.000,3900.0029,N,11613.9817,E,1,10,0.74,-14.5,M,-6.8,M,,*7F
$PAIRACC,3.52,9.54*47
$GNGLL,3900.0029,N,11613.9817,E,202434.000,A,A*46
$GNGSA,A,3,24,18,02,16,,,,,,,,,1.37,0.74,1.15,1*08
$GNGSA,A,3,68,85,,,,,,,,,,,1.37,0.74,1.15,2*02
$GNGSA,A,3,,,,,,,,,,,,,1.37,0.74,1.15,3*00
$GNGSA,A,3,05,07,13,03,,,,,,,,,1.37,0.74,1.15,4*04
$GPGSV,3,1,12,08,02,052,,15,58,135,,24,73,026,39.9,26,55,096,,1*76
$GPGSV,3,2,12,21,42,307,,10,35,051,,18,27,248,39.7,02,09,107,39.9,1*65
$GPGSV,3,3,12,27,09,078,,16,08,309,39.7,30,02,215,,29,66,216,,1*7B
$GLGSV,1,1,04,79,24,151,,68,44,051,39.9,84,37,285,,85,11,334,39.6,1*7A
$GAGSV,1,1,00,7*73
$GBGSV,3,1,12,09,01,184,,01,38,147,,10,32,215,,02,30,229,,1*74
$GBGSV,3,2,12,08,27,167,,04,27,125,,06,20,166,,05,16,249,39.7,1*65
$GBGSV,3,3,12,07,16,190,40.3,11,08,039,,13,06,039,39.5,03,45,191,38.6,1*61
$GNRMC,202434.000,A,3900.0029,N,11613.9817,E,0.01,311.44,280612,,,A,V*06
$GNVTG,311.44,T,,M,0.01,N,0.01,K,A*20
$GNZDA,202434.000,28,06,2012,,*46
$GNGGA,202435.000,3900.0029,N,11613.9817,E,1,10,0.74,-14.5,M,-6.8,M,,*7E
$PAIRACC,3.43,9.03*45
$GNGLL,3900.0029,N,11613.9817,E,202435.000,A,A*47
$GNGSA,A,3,24,18,02,16,,,,,,,,,1.37,0.74,1.15,1*08
$GNGSA,A,3,68,85,,,,,,,,,,,1.37,0.74,1.15,2*02
$GNGSA,A,3,,,,,,,,,,,,,1.37,0.74,1.15,3*00
$GNGSA,A,3,05,07,13,03,,,,,,,,,1.37,0.74,1.15,4*04
$GPGSV,3,1,12,08,02,052,,15,58,135,,24,73,026,39.8,26,55,096,,1*77
$GPGSV,3,2,12,21,42,307,,10,35,051,,18,27,248,39.9,02,09,107,39.8,1*6A
$GPGSV,3,3,12,27,09,078,,16,08,309,39.3,30,02,215,,29,66,216,,1*7F
$GLGSV,1,1,04,79,24,151,,68,44,051,40.4,84,37,285,,85,11,334,39.9,1*76
$GAGSV,1,1,00,7*73
$GBGSV,3,1,12,09,01,184,,01,38,147,,10,32,215,,02,30,229,,1*74
$GBGSV,3,2,12,08,27,167,,04,27,125,,06,20,166,,05,16,249,39.4,1*66
$GBGSV,3,3,12,07,16,190,39.2,11,08,039,,13,06,039,39.7,03,45,191,39.0,1*6B
$GNRMC,202435.000,A,3900.0029,N,11613.9817,E,0.01,316.67,280612,,,A,V*01
$GNVTG,316.67,T,,M,0.01,N,0.01,K,A*26
$GNZDA,202435.000,28,06,2012,,*47
$GNGGA,202436.000,3900.0029,N,11613.9817,E,1,10,0.74,-14.5,M,-6.8,M,,*7D
$PAIRACC,3.50,9.07*43
$GNGLL,3900.0029,N,11613.9817,E,202436.000,A,A*44
$GNGSA,A,3,24,18,02,16,,,,,,,,,1.37,0.74,1.15,1*08
$GNGSA,A,3,68,85,,,,,,,,,,,1.37,0.74,1.15,2*02
$GNGSA,A,3,,,,,,,,,,,,,1.37,0.74,1.15,3*00
$GNGSA,A,3,05,07,13,03,,,,,,,,,1.37,0.74,1.15,4*04
$GPGSV,3,1,12,08,02,052,,15,58,135,,24,73,026,39.7,26,55,096,,1*78
$GPGSV,3,2,12,21,42,307,,10,35,051,,18,27,248,39.4,02,09,107,40.0,1*61
$GPGSV,3,3,12,27,09,078,,16,08,309,39.9,30,02,215,,29,66,216,,1*75
$GLGSV,1,1,04,79,24,151,,68,44,051,40.0,84,37,285,,85,11,334,40.1,1*74
$GAGSV,1,1,00,7*73
$GBGSV,3,1,12,09,01,184,,01,38,147,,10,32,215,,02,30,229,,1*74
$GBGSV,3,2,12,08,27,167,,04,27,125,,06,20,166,,05,16,249,39.3,1*61
$GBGSV,3,3,12,07,16,190,39.5,11,08,039,,13,06,039,39.4,03,45,191,38.8,1*66
$GNRMC,202436.000,A,3900.0029,N,11613.9817,E,0.01,318.11,280612,,,A,V*0D
$GNVTG,318.11,T,,M,0.01,N,0.01,K,A*29
$GNZDA,202436.000,28,06,2012,,*44
$GNGGA,202437.000,3900.0029,N,11613.9817,E,1,10,0.74,-14.5,M,-6.8,M,,*7C
$PAIRACC,3.47,9.53*44
$GNGLL,3900.0029,N,11613.9817,E,202437.000,A,A*45
$GNGSA,A,3,24,18,02,16,,,,,,,,,1.37,0.74,1.15,1*08
$GNGSA,A,3,68,85,,,,,,,,,,,1.37,0.74,1.15,2*02
$GNGSA,A,3,,,,,,,,,,,,,1.37,0.74,1.15,3*00
$GNGSA,A,3,05,07,13,03,,,,,,,,,1.37,0.74,1.15,4*04
$GPGSV,3,1,12,08,02,052,,15,58,135,,24,73,026,39.8,26,55,096,,1*77
$GPGSV,3,2,12,21,42,307,,10,35,051,,18,27,248,39.5,02,09,107,40.0,1*60
$GPGSV,3,3,12,27,09,078,,16,08,309,39.7,30,02,215,,29,66,216,,1*7B
$GLGSV,1,1,04,79,24,151,,68,44,051,39.7,84,37,285,,85,11,334,39.6,1*74
$GAGSV,1,1,00,7*73
$GBGSV,3,1,12,09,01,184,,01,38,147,,10,32,215,,02,30,229,,1*74
$GBGSV,3,2,12,08,27,167,,04,27,125,,06,20,166,,05,16,249,38.9,1*6A
$GBGSV,3,3,12,07,16,190,39.2,11,08,039,,13,06,039,39.7,03,45,191,38.5,1*6F
$GNRMC,202437.000,A,3900.0029,N,11613.9817,E,0.01,316.77,280612,,,A,V*02
$GNVTG,316.77,T,,M,0.01,N,0.01,K,A*27
$GNZDA,202437.000,28,06,2012,,*45
$GNGGA,202438.000,3900.0029,N,11613.9817,E,1,10,0.74,-14.5,M,-6.8,M,,*73
$PAIRACC,3.55,9.08*49
$GNGLL,3900.0029,N,11613.9817,E,202438.000,A,A*4A
$GNGSA,A,3,24,18,02,16,,,,,,,,,1.37,0.74,1.15,1*08
$GNGSA,A,3,68,85,,,,,,,,,,,1.37,0.74,1.15,2*02
$GNGSA,A,3,,,,,,,,,,,,,1.37,0.74,1.15,3*00
$GNGSA,A,3,05,07,13,03,,,,,,,,,1.37,0.74,1.15,4*04
$GPGSV,3,1,12,08,02,052,,15,58,135,,24,73,026,39.9,26,55,096,,1*76
$GPGSV,3,2,12,21,42,307,,10,35,051,,18,27,248,39.2,02,09,107,39.9,1*60
$GPGSV,3,3,12,27,09,078,,16,08,309,39.4,30,02,215,,29,66,216,,1*78
$GLGSV,1,1,04,79,24,151,,68,44,051,40.1,84,37,285,,85,11,334,39.7,1*7D
$GAGSV,1,1,00,7*73
$GBGSV,3,1,12,09,01,184,,01,38,147,,10,32,215,,02,30,229,,1*74
$GBGSV,3,2,12,08,27,167,,04,27,125,,06,20,166,,05,16,249,39.1,1*63
$GBGSV,3,3,12,07,16,190,39.7,11,08,039,,13,06,039,39.4,03,45,191,39.3,1*6E
$GNRMC,202438.000,A,3900.0029,N,11613.9817,E,0.01,324.17,280612,,,A,V*0A
$GNVTG,324.17,T,,M,0.01,N,0.01,K,A*20
$GNZDA,202438.000,28,06,2012,,*4A
$GNGGA,202439.000,3900.0029,N,11613.9817,E,1,10,0.74,-14.5,M,-6.8,M,,*72
$PAIRACC,3.47,9.53*44
$GNGLL,3900.0029,N,11613.9817,E,202439.000,A,A*4B
$GNGSA,A,3,24,18,02,16,,,,,,,,,1.37,0.74,1.15,1*08
$GNGSA,A,3,68,85,,,,,,,,,,,1.37,0.74,1.15,2*02
$GNGSA,A,3,,,,,,,,,,,,,1.37,0.74,1.15,3*00
$GNGSA,A,3,05,07,13,03,,,,,,,,,1.37,0.74,1.15,4*04
$GPGSV,3,1,12,08,02,052,,15,58,135,,24,73,026,39.7,26,55,096,,1*78
$GPGSV,3,2,12,21,42,307,,10,35,051,,18,27,248,39.8,02,09,107,39.6,1*65
$GPGSV,3,3,12,27,09,078,,16,08,309,39.8,30,02,215,,29,66,216,,1*74
$GLGSV,1,1,04,79,24,151,,68,44,051,39.9,84,37,285,,85,11,334,39.5,1*79
$GAGSV,1,1,00,7*73
$GBGSV,3,1,12,09,01,184,,01,38,147,,10,32,215,,02,30,229,,1*74
$GBGSV,3,2,12,08,27,167,,04,27,125,,06,20,166,,05,16,249,39.1,1*63
$GBGSV,3,3,12,07,16,190,38.9,11,08,039,,13,06,039,39.3,03,45,191,38.8,1*6C
$GNRMC,202439.000,A,3900.0029,N,11613.9817,E,0.01,322.19,280612,,,A,V*03
$GNVTG,322.19,T,,M,0.01,N,0.01,K,A*28
$GNZDA,202439.000,28,06,2012,,*4B
$GNGGA,202440.000,3900.0029,N,11613.9817,E,1,10,0.74,-14.5,M,-6.8,M,,*7C
$PAIRACC,3.45,9.04*44
$GNGLL,3900.0029,N,11613.9817,E,202440.000,A,A*45
$GNGSA,A,3,24,18,02,16,,,,,,,,,1.37,0.74,1.15,1*08
$GNGSA,A,3,68,85,,,,,,,,,,,1.37,0.74,1.15,2*02
$GNGSA,A,3,,,,,,,,,,,,,1.37,0.74,1.15,3*00
$GNGSA,A,3,05,07,13,03,,,,,,,,,1.37,0.74,1.15,4*04
$GPGSV,3,1,12,08,02,052,,24,73,026,39.8,15,58,135,,26,55,096,,1*77
$GPGSV,3,2,12,21,42,307,,10,35,051,,18,27,248,39.4,02,09,107,39.8,1*67
$GPGSV,3,3,12,27,09,078,,16,08,309,39.9,30,02,215,,29,66,216,,1*75
$GLGSV,1,1,04,84,37,285,,68,44,051,40.3,79,24,151,,85,11,334,39.8,1*70
$GAGSV,1,1,00,7*73
$GBGSV,3,1,11,09,01,184,,01,38,147,,02,30,229,,08,27,167,,1*7C
$GBGSV,3,2,11,04,27,125,,06,20,166,,05,16,249,39.4,07,16,190,39.7,1*73
$GBGSV,3,3,11,11,08,039,,13,06,039,39.8,03,45,191,38.7,1*4F
$GNRMC,202440.000,A,3900.0029,N,11613.9817,E,0.01,323.15,280612,,,A,V*00
$GNVTG,323.15,T,,M,0.01,N,0.01,K,A*25
$GNZDA,202440.000,28,06,2012,,*45
$GNGGA,202441.000,3900.0029,N,11613.9817,E,1,10,0.74,-14.5,M,-6.8,M,,*7D
$PAIRACC,3.50,9.52*43
$GNGLL,3900.0029,N,11613.9817,E,202441.000,A,A*44
$GNGSA,A,3,24,18,02,16,,,,,,,,,1.37,0.74,1.15,1*08
$GNGSA,A,3,68,85,,,,,,,,,,,1.37,0.74,1.15,2*02
$GNGSA,A,3,,,,,,,,,,,,,1.37,0.74,1.15,3*00
$GNGSA,A,3,05,07,13,03,,,,,,,,,1.37,0.74,1.15,4*04
$GPGSV,3,1,11,08,02,052,,15,58,135,,24,73,026,39.6,26,55,096,,1*7A
$GPGSV,3,2,11,21,42,307,,10,35,051,,18,27,248,39.7,02,09,107,39.8,1*67
$GPGSV,3,3,11,27,09,078,,16,08,309,39.5,29,66,216,,1*4D
$GLGSV,1,1,04,79,24,151,,68,44,051,40.1,84,37,285,,85,11,334,39.3,1*79
$GAGSV,1,1,00,7*73
$GBGSV,3,1,12,09,01,184,,01,38,147,,10,32,215,,02,30,229,,1*74
$GBGSV,3,2,12,04,27,125,,08,27,167,,06,20,166,,05,16,249,39.5,1*67
$GBGSV,3,3,12,07,16,190,39.0,11,08,039,,13,06,039,39.5,03,45,191,39.3,1*68
$GNRMC,202441.000,A,3900.0029,N,11613.9817,E,0.01,317.05,280612,,,A,V*07
$GNVTG,317.05,T,,M,0.01,N,0.01,K,A*23
$GNZDA,202441.000,28,06,2012,,*44
$GNGGA,202442.000,3900.0029,N,11613.9817,E,1,10,0.74,-14.5,M,-6.8,M,,*7E
$PAIRACC,3.51,9.08*4D
$GNGLL,3900.0029,N,11613.9817,E,202442.000,A,A*47
$GNGSA,A,3,24,18,02,16,,,,,,,,,1.37,0.74,1.15,1*08
$GNGSA,A,3,68,85,,,,,,,,,,,1.37,0.74,1.15,2*02
$GNGSA,A,3,,,,,,,,,,,,,1.37,0.74,1.15,3*00
$GNGSA,A,3,05,07,13,03,,,,,,,,,1.37,0.74,1.15,4*04
$GPGSV,3,1,12,08,02,052,,15,58,135,,24,73,026,39.8,26,55,096,,1*77
$GPGSV,3,2,12,21,42,307,,10,35,051,,18,27,248,39.7,02,09,107,39.8,1*64
$GPGSV,3,3,12,27,09,078,,16,08,309,40.1,30,02,215,,29,66,216,,1*73
$GLGSV,1,1,04,79,24,151,,68,44,051,39.7,84,37,285,,85,11,334,39.8,1*7A
$GAGSV,1,1,00,7*73
$GBGSV,3,1,12,09,01,184,,01,38,147,,10,32,215,,02,30,229,,1*74
$GBGSV,3,2,12,08,27,167,,04,27,125,,06,20,166,,05,16,249,39.3,1*61
$GBGSV,3,3,12,07,16,190,39.6,11,08,039,,13,06,039,39.5,03,45,191,38.4,1*68
$GNRMC,202442.000,A,3900.0029,N,11613.9817,E,0.01,333.72,280612,,,A,V*02
$GNVTG,333.72,T,,M,0.01,N,0.01,K,A*25
$GNZDA,202442.000,28,06,2012,,*47
$GNGGA,202443.000,3900.0029,N,11613.9817,E,1,10,0.74,-14.6,M,-6.8,M,,*7C
$PAIRACC,3.53,9.56*44
$GNGLL,3900.0029,N,11613.9817,E,202443.000,A,A*46
$GNGSA,A,3,24,18,02,16,,,,,,,,,1.37,0.74,1.15,1*08
$GNGSA,A,3,68,85,,,,,,,,,,,1.37,0.74,1.15,2*02
$GNGSA,A,3,,,,,,,,,,,,,1.37,0.74,1.15,3*00
$GNGSA,A,3,05,07,13,03,,,,,,,,,1.37,0.74,1.15,4*04
$GPGSV,3,1,12,08,02,052,,15,58,135,,24,73,026,39.6,26,55,096,,1*79
$GPGSV,3,2,12,21,42,307,,10,35,051,,18,27,248,39.4,02,09,107,39.8,1*67
$GPGSV,3,3,12,27,09,078,,16,08,309,40.0,30,02,215,,29,66,216,,1*72
$GLGSV,1,1,04,79,24,151,,68,44,051,40.0,84,37,285,,85,11,334,39.8,1*73
$GAGSV,1,1,00,7*73
$GBGSV,3,1,12,09,01,184,,01,38,147,,10,32,215,,02,30,229,,1*74
$GBGSV,3,2,12,08,27,167,,04,27,125,,06,20,166,,05,16,249,39.1,1*63
$GBGSV,3,3,12,07,16,190,39.4,11,08,039,,13,06,039,40.3,03,45,191,38.7,1*61
$GNRMC,202443.000,A,3900.0029,N,11613.9817,E,0.01,339.00,280612,,,A,V*0C
$GNVTG,339.00,T,,M,0.01,N,0.01,K,A*2A
$GNZDA,202443.000,28,06,2012,,*46
$GNGGA,202444.000,3900.0028,N,11613.9817,E,1,10,0.74,-14.6,M,-6.8,M,,*7A
$PAIRACC,3.51,9.09*4C
$GNGLL,3900.0028,N,11613.9817,E,202444.000,A,A*40
$GNGSA,A,3,24,18,02,16,,,,,,,,,1.37,0.74,1.15,1*08
$GNGSA,A,3,68,85,,,,,,,,,,,1.37,0.74,1.15,2*02
$GNGSA,A,3,,,,,,,,,,,,,1.37,0.74,1.15,3*00
$GNGSA,A,3,05,07,13,03,,,,,,,,,1.37,0.74,1.15,4*04
$GPGSV,3,1,12,08,02,052,,15,58,135,,24,73,026,39.2,26,55,096,,1*7D
$GPGSV,3,2,12,21,42,307,,10,35,051,,18,27,248,39.5,02,09,107,39.7,1*69
$GPGSV,3,3,12,27,09,078,,16,08,309,39.5,30,02,215,,29,66,216,,1*79
$GLGSV,1,1,04,79,24,151,,68,44,051,39.2,84,37,285,,85,11,334,39.7,1*70
$GAGSV,1,1,00,7*73
$GBGSV,3,1,12,09,01,184,,01,38,147,,10,32,215,,02,30,229,,1*74
$GBGSV,3,2,12,08,27,167,,04,27,125,,06,20,166,,05,16,249,39.3,1*61
$GBGSV,3,3,12,07,16,190,39.8,11,08,039,,13,06,039,39.2,03,45,191,39.6,1*62
$GNRMC,202444.000,A,3900.0028,N,11613.9817,E,0.01,330.56,280612,,,A,V*00
$GNVTG,330.56,T,,M,0.01,N,0.01,K,A*20
$GNZDA,202444.000,28,06,2012,,*41
$GNGGA,202445.000,3900.0028,N,11613.9817,E,1,10,0.74,-14.6,M,-6.8,M,,*7B
$PAIRACC,3.53,9.57*45
$GNGLL,3900.0028,N,11613.9817,E,202445.000,A,A*41
$GNGSA,A,3,24,18,02,16,,,,,,,,,1.37,0.74,1.15,1*08
$GNGSA,A,3,68,85,,,,,,,,,,,1.37,0.74,1.15,2*02
$GNGSA,A,3,,,,,,,,,,,,,1.37,0.74,1.15,3*00
$GNGSA,A,3,05,07,13,03,,,,,,,,,1.37,0.74,1.15,4*04
$GPGSV,3,1,12,08,02,052,,15,58,135,,24,73,026,39.8,26,55,096,,1*77
$GPGSV,3,2,12,21,42,307,,10,35,051,,18,27,248,39.6,02,09,107,40.0,1*63
$GPGSV,3,3,12,27,09,078,,16,08,309,39.8,30,02,215,,29,66,216,,1*74
$GLGSV,1,1,04,79,24,151,,68,44,051,39.7,84,37,285,,85,11,334,39.9,1*7B
$GAGSV,1,1,00,7*73
$GBGSV,3,1,12,09,01,184,,01,38,147,,10,32,215,,02,30,229,,1*74
$GBGSV,3,2,12,08,27,167,,04,27,125,,06,20,166,,05,16,249,39.4,1*66
$GBGSV,3,3,12,07,16,190,39.9,11,08,039,,13,06,039,39.8,03,45,191,38.7,1*69
$GNRMC,202445.000,A,3900.0028,N,11613.9817,E,0.01,343.35,280612,,,A,V*00
$GNVTG,343.35,T,,M,0.01,N,0.01,K,A*21
$GNZDA,202445.000,28,06,2012,,*40
$GNGGA,202446.000,3900.0028,N,11613.9818,E,1,10,0.74,-14.6,M,-6.8,M,,*77
$PAIRACC,3.52,9.09*4F
$GNGLL,3900.0028,N,11613.9818,E,202446.000,A,A*4D
$GNGSA,A,3,24,18,02,16,,,,,,,,,1.37,0.74,1.15,1*08
$GNGSA,A,3,68,85,,,,,,,,,,,1.37,0.74,1.15,2*02
$GNGSA,A,3,,,,,,,,,,,,,1.37,0.74,1.15,3*00
$GNGSA,A,3,05,07,13,03,,,,,,,,,1.37,0.74,1.15,4*04
$GPGSV,3,1,12,08,02,052,,24,73,026,39.7,15,58,135,,26,55,096,,1*78
$GPGSV,3,2,12,21,42,307,,10,35,051,,18,27,248,39.5,02,09,107,39.5,1*6B
$GPGSV,3,3,12,27,09,078,,16,08,309,40.0,30,02,215,,29,66,216,,1*72
$GLGSV,1,1,04,84,37,285,,68,44,051,40.0,79,24,151,,85,11,334,39.7,1*7C
$GAGSV,1,1,00,7*73
$GBGSV,3,1,11,09,01,184,,01,38,147,,10,32,215,,02,30,229,,1*77
$GBGSV,3,2,11,08,27,167,,06,20,166,,05,16,249,39.4,07,16,190,39.2,1*7C
$GBGSV,3,3,11,11,08,039,,13,06,039,39.8,03,45,191,38.9,1*41
$GNRMC,202446.000,A,3900.0028,N,11613.9818,E,0.01,340.37,280612,,,A,V*0D
$GNVTG,340.37,T,,M,0.01,N,0.01,K,A*20
$GNZDA,202446.000,28,06,2012,,*43
$GNGGA,202447.000,3900.0028,N,11613.9818,E,1,10,0.74,-14.6,M,-6.8,M,,*76
$PAIRACC,3.54,9.58*4D
$GNGLL,3900.0028,N,11613.9818,E,202447.000,A,A*4C
$GNGSA,A,3,24,18,02,16,,,,,,,,,1.37,0.74,1.15,1*08
$GNGSA,A,3,68,85,,,,,,,,,,,1.37,0.74,1.15,2*02
$GNGSA,A,3,,,,,,,,,,,,,1.37,0.74,1.15,3*00
$GNGSA,A,3,05,07,13,03,,,,,,,,,1.37,0.74,1.15,4*04
$GPGSV,3,1,12,08,02,052,,15,58,135,,24,73,026,39.6,26,55,096,,1*79
$GPGSV,3,2,12,21,42,307,,10,35,051,,18,27,248,39.1,02,09,107,39.6,1*6C
$GPGSV,3,3,12,27,09,078,,16,08,309,39.8,30,02,215,,29,66,216,,1*74
$GLGSV,1,1,04,79,24,151,,68,44,051,40.0,84,37,285,,85,11,334,39.6,1*7D
$GAGSV,1,1,00,7*73
$GBGSV,3,1,12,09,01,184,,01,38,147,,10,32,215,,02,30,229,,1*74
$GBGSV,3,2,12,08,27,167,,04,27,125,,06,20,166,,05,16,249,39.5,1*67
$GBGSV,3,3,12,07,16,190,39.6,11,08,039,,13,06,039,40.0,03,45,191,39.5,1*63
$GNRMC,202447.000,A,3900.0028,N,11613.9818,E,0.01,332.15,280612,,,A,V*09
$GNVTG,332.15,T,,M,0.01,N,0.01,K,A*25
$GNZDA,202447.000,28,06,2012,,*42
$GNGGA,202448.000,3900.0028,N,11613.9818,E,1,10,0.74,-14.6,M,-6.8,M,,*79
$PAIRACC,3.47,9.09*4B
$GNGLL,3900.0028,N,11613.9818,E,202448.000,A,A*43
$GNGSA,A,3,24,18,02,16,,,,,,,,,1.37,0.74,1.15,1*08
$GNGSA,A,3,68,85,,,,,,,,,,,1.37,0.74,1.15,2*02
$GNGSA,A,3,,,,,,,,,,,,,1.37,0.74,1.15,3*00
$GNGSA,A,3,05,07,13,03,,,,,,,,,1.37,0.74,1.15,4*04
$GPGSV,3,1,12,08,02,052,,15,58,135,,24,73,026,39.8,26,55,096,,1*77
$GPGSV,3,2,12,21,42,307,,10,35,051,,18,27,248,39.5,02,09,107,39.5,1*6B
$GPGSV,3,3,12,27,09,078,,16,08,309,39.7,30,02,215,,29,66,216,,1*7B
$GLGSV,1,1,04,79,24,151,,68,44,051,39.9,84,37,285,,85,11,334,39.7,1*7B
$GAGSV,1,1,00,7*73
$GBGSV,3,1,12,09,01,184,,01,38,147,,10,32,215,,02,30,229,,1*74
$GBGSV,3,2,12,08,27,167,,04,27,125,,06,20,166,,05,16,249,38.8,1*6B
$GBGSV,3,3,12,07,16,190,39.3,11,08,039,,13,06,039,39.2,03,45,191,38.5,1*6B
$GNRMC,202448.000,A,3900.0028,N,11613.9818,E,0.01,331.74,280612,,,A,V*02
$GNVTG,331.74,T,,M,0.01,N,0.01,K,A*21
$GNZDA,202448.000,28,06,2012,,*4D
$GNGGA,202449.000,3900.0028,N,11613.9818,E,1,10,0.74,-14.6,M,-6.8,M,,*78
$PAIRACC,3.59,9.59*41
$GNGLL,3900.0028,N,11613.9818,E,202449.000,A,A*42
$GNGSA,A,3,24,18,02,16,,,,,,,,,1.37,0.74,1.15,1*08
$GNGSA,A,3,68,85,,,,,,,,,,,1.37,0.74,1.15,2*02
$GNGSA,A,3,,,,,,,,,,,,,1.37,0.74,1.15,3*00
$GNGSA,A,3,05,07,13,03,,,,,,,,,1.37,0.74,1.15,4*04
$GPGSV,3,1,12,08,02,052,,15,58,135,,24,73,026,39.8,26,55,096,,1*77
$GPGSV,3,2,12,21,42,307,,10,35,051,,18,27,248,39.5,02,09,107,40.0,1*60
$GPGSV,3,3,12,27,09,078,,16,08,309,40.0,30,02,215,,29,66,216,,1*72
$GLGSV,1,1,04,79,24,151,,68,44,051,40.1,84,37,285,,85,11,334,39.9,1*73
$GAGSV,1,1,00,7*73
$GBGSV,3,1,12,09,01,184,,01,38,147,,10,32,215,,02,30,229,,1*74
$GBGSV,3,2,12,08,27,167,,04,27,125,,06,20,166,,05,16,249,38.8,1*6B
$GBGSV,3,3,12,07,16,190,39.8,11,08,039,,13,06,039,39.2,03,45,191,38.8,1*6D
$GNRMC,202449.000,A,3900.0028,N,11613.9818,E,0.01,314.83,280612,,,A,V*0C
$GNVTG,314.83,T,,M,0.01,N,0.01,K,A*2E
$GNZDA,202449.000,28,06,2012,,*4C
$GNGGA,202450.000,3900.0028,N,11613.9818,E,1,10,0.74,-14.6,M,-6.8,M,,*70
$PAIRACC,3.48,9.09*44
$GNGLL,3900.0028,N,11613.9818,E,202450.000,A,A*4A
$GNGSA,A,3,24,18,02,16,,,,,,,,,1.37,0.74,1.15,1*08
$GNGSA,A,3,68,85,,,,,,,,,,,1.37,0.74,1.15,2*02
$GNGSA,A,3,,,,,,,,,,,,,1.37,0.74,1.15,3*00
$GNGSA,A,3,05,07,13,03,,,,,,,,,1.37,0.74,1.15,4*04
$GPGSV,3,1,12,08,02,052,,15,58,135,,24,73,026,39.6,26,55,096,,1*79
$GPGSV,3,2,12,21,42,307,,10,35,051,,18,27,248,39.8,02,09,107,39.7,1*64
$GPGSV,3,3,12,27,09,078,,16,08,309,40.0,30,02,215,,29,66,216,,1*72
$GLGSV,1,1,04,79,24,151,,68,44,051,39.8,84,37,285,,85,11,334,40.4,1*77
$GAGSV,1,1,00,7*73
$GBGSV,3,1,12,09,01,184,,01,38,147,,10,32,215,,02,30,229,,1*74
$GBGSV,3,2,12,08,27,167,,04,27,125,,06,20,166,,05,16,249,39.2,1*60
$GBGSV,3,3,12,07,16,190,38.7,11,08,039,,13,06,039,39.7,03,45,191,39.0,1*6F
$GNRMC,202450.000,A,3900.0028,N,11613.9818,E,0.01,312.24,280612,,,A,V*0F
$GNVTG,312.24,T,,M,0.01,N,0.01,K,A*25
$GNZDA,202450.000,28,06,2012,,*44
$GNGGA,202451.000,3900.0028,N,11613.9818,E,1,10,0.74,-14.6,M,-6.8,M,,*71
$PAIRACC,3.51,9.54*44
$GNGLL,3900.0028,N,11613.9818,E,202451.000,A,A*4B
$GNGSA,A,3,24,18,02,16,,,,,,,,,1.37,0.74,1.15,1*08
$GNGSA,A,3,68,85,,,,,,,,,,,1.37,0.74,1.15,2*02
$GNGSA,A,3,,,,,,,,,,,,,1.37,0.74,1.15,3*00
$GNGSA,A,3,05,07,13,03,,,,,,,,,1.37,0.74,1.15,4*04
$GPGSV,3,1,11,08,02,052,,15,58,135,,24,73,026,40.0,21,42,307,,1*78
$GPGSV,3,2,11,10,35,051,,18,27,248,39.6,02,09,107,39.8,27,09,078,,1*64
$GPGSV,3,3,11,16,08,309,39.8,30,02,215,,29,66,216,,1*44
$GLGSV,1,1,04,79,24,151,,68,44,051,39.5,84,37,285,,85,11,334,39.5,1*75
$GAGSV,1,1,00,7*73
$GBGSV,3,1,12,09,01,184,,01,38,147,,10,32,215,,02,30,229,,1*74
$GBGSV,3,2,12,08,27,167,,04,27,125,,06,20,166,,05,16,249,39.6,1*64
$GBGSV,3,3,12,07,16,190,39.2,11,08,039,,13,06,039,39.9,03,45,191,38.5,1*61
$GNRMC,202451.000,A,3900.0028,N,11613.9818,E,0.01,310.88,280612,,,A,V*0A
$GNVTG,310.88,T,,M,0.01,N,0.01,K,A*21
$GNZDA,202451.000,28,06,2012,,*45
$GNGGA,202452.000,3900.0028,N,11613.9817,E,1,10,0.74,-14.6,M,-6.8,M,,*7D
$PAIRACC,3.51,9.09*4C
$GNGLL,3900.0028,N,11613.9817,E,202452.000,A,A*47
$GNGSA,A,3,24,18,02,16,,,,,,,,,1.37,0.74,1.15,1*08
$GNGSA,A,3,68,85,,,,,,,,,,,1.37,0.74,1.15,2*02
$GNGSA,A,3,,,,,,,,,,,,,1.37,0.74,1.15,3*00
$GNGSA,A,3,05,07,13,03,,,,,,,,,1.37,0.74,1.15,4*04
$GPGSV,3,1,12,08,02,052,,15,58,135,,24,73,026,39.7,26,55,096,,1*78
$GPGSV,3,2,12,21,42,307,,10,35,051,,18,27,248,39.8,27,09,078,,1*79
$GPGSV,3,3,12,02,08,108,39.9,16,08,309,39.6,30,02,215,,29,66,216,,1*67
$GLGSV,1,1,04,79,24,151,,68,44,051,39.9,84,37,285,,85,11,334,39.8,1*74
$GAGSV,1,1,00,7*73
$GBGSV,3,1,12,09,01,184,,01,38,147,,10,32,215,,02,30,229,,1*74
$GBGSV,3,2,12,08,27,167,,04,27,125,,06,20,166,,05,16,249,39.3,1*61
$GBGSV,3,3,12,07,16,190,38.4,11,08,039,,13,06,039,39.1,03,45,191,38.2,1*69
$GNRMC,202452.000,A,3900.0028,N,11613.9817,E,0.01,290.85,280612,,,A,V*02
$GNVTG,290.85,T,,M,0.01,N,0.01,K,A*25
$GNZDA,202452.000,28,06,2012,,*46
$GNGGA,202453.000,3900.0028,N,11613.9818,E,1,10,0.74,-14.6,M,-6.8,M,,*73
$PAIRACC,3.43,9.01*47
$GNGLL,3900.0028,N,11613.9818,E,202453.000,A,A*49
$GNGSA,A,3,24,18,02,16,,,,,,,,,1.37,0.74,1.15,1*08
$GNGSA,A,3,68,85,,,,,,,,,,,1.37,0.74,1.15,2*02
$GNGSA,A,3,,,,,,,,,,,,,1.37,0.74,1.15,3*00
$GNGSA,A,3,05,07,13,03,,,,,,,,,1.37,0.74,1.15,4*04
$GPGSV,3,1,12,08,02,052,,15,58,135,,24,73,026,40.6,26,55,096,,1*77
$GPGSV,3,2,12,21,42,307,,10,35,051,,18,27,248,39.6,27,09,078,,1*77
$GPGSV,3,3,12,02,08,108,39.9,16,08,309,40.1,30,02,215,,29,66,216,,1*6E
$GLGSV,1,1,04,79,24,151,,68,44,051,39.9,84,37,285,,85,11,334,39.8,1*74
$GAGSV,1,1,00,7*73
$GBGSV,3,1,12,09,01,184,,01,38,147,,10,32,215,,02,30,229,,1*74
$GBGSV,3,2,12,08,27,167,,04,27,125,,06,20,166,,05,16,249,39.5,1*67
$GBGSV,3,3,12,07,16,190,39.3,11,08,039,,13,06,039,39.8,03,45,191,39.3,1*66
$GNRMC,202453.000,A,3900.0028,N,11613.9818,E,0.01,318.07,280612,,,A,V*07
$GNVTG,318.07,T,,M,0.01,N,0.01,K,A*2E
$GNZDA,202453.000,28,06,2012,,*47
$GNGGA,202454.000,3900.0028,N,11613.9818,E,1,10,0.74,-14.6,M,-6.8,M,,*74
$PAIRACC,3.52,9.13*44
$GNGLL,3900.0028,N,11613.9818,E,202454.000,A,A*4E
$GNGSA,A,3,24,18,02,16,,,,,,,,,1.37,0.74,1.15,1*08
$GNGSA,A,3,68,85,,,,,,,,,,,1.37,0.74,1.15,2*02
$GNGSA,A,3,,,,,,,,,,,,,1.37,0.74,1.15,3*00
$GNGSA,A,3,05,07,13,03,,,,,,,,,1.37,0.74,1.15,4*04
$GPGSV,3,1,12,08,02,052,,15,58,135,,24,73,026,40.0,26,55,096,,1*71
$GPGSV,3,2,12,21,42,307,,10,35,051,,18,27,248,39.6,27,09,078,,1*77
$GPGSV,3,3,12,02,08,108,39.9,16,08,309,39.5,30,02,215,,29,66,216,,1*64
$GLGSV,1,1,04,79,24,151,,68,44,051,40.2,84,37,285,,85,11,334,39.9,1*70
$GAGSV,1,1,00,7*73
$GBGSV,3,1,12,09,01,184,,01,38,147,,10,32,215,,02,30,229,,1*74
$GBGSV,3,2,12,08,27,167,,04,27,125,,06,20,166,,05,16,249,39.1,1*63
$GBGSV,3,3,12,07,16,190,39.9,11,08,039,,13,06,039,39.3,03,45,191,38.6,1*63
$GNRMC,202454.000,A,3900.0028,N,11613.9818,E,0.01,321.21,280612,,,A,V*0E
$GNVTG,321.21,T,,M,0.01,N,0.01,K,A*20
$GNZDA,202454.000,28,06,2012,,*40
$GNGGA,202455.000,3900.0028,N,11613.9818,E,1,10,0.74,-14.6,M,-6.8,M,,*75
$PAIRACC,3.43,9.01*47
$GNGLL,3900.0028,N,11613.9818,E,202455.000,A,A*4F
$GNGSA,A,3,24,18,02,16,,,,,,,,,1.37,0.74,1.15,1*08
$GNGSA,A,3,68,85,,,,,,,,,,,1.37,0.74,1.15,2*02
$GNGSA,A,3,,,,,,,,,,,,,1.37,0.74,1.15,3*00
$GNGSA,A,3,05,07,13,03,,,,,,,,,1.37,0.74,1.15,4*04
$GPGSV,3,1,12,08,02,052,,15,58,135,,24,73,026,40.0,26,55,096,,1*71
$GPGSV,3,2,12,21,42,307,,10,35,051,,18,27,248,39.9,27,09,078,,1*78
$GPGSV,3,3,12,02,08,108,40.0,16,08,309,39.8,30,02,215,,29,66,216,,1*6E
$GLGSV,1,1,04,79,24,151,,68,44,051,39.9,84,37,285,,85,11,334,39.8,1*74
$GAGSV,1,1,00,7*73
$GBGSV,3,1,12,09,01,184,,01,38,147,,10,32,215,,02,30,229,,1*74
$GBGSV,3,2,12,08,27,167,,04,27,125,,06,20,166,,05,16,249,39.3,1*61
$GBGSV,3,3,12,07,16,190,39.2,11,08,039,,13,06,039,39.6,03,45,191,38.8,1*63
$GNRMC,202455.000,A,3900.0028,N,11613.9818,E,0.01,326.43,280612,,,A,V*0C
$GNVTG,326.43,T,,M,0.01,N,0.01,K,A*23
$GNZDA,202455.000,28,06,2012,,*41
$GNGGA,202456.000,3900.0028,N,11613.9818,E,1,10,0.74,-14.6,M,-6.8,M,,*76
$PAIRACC,3.46,9.10*42
$GNGLL,3900.0028,N,11613.9818,E,202456.000,A,A*4C
$GNGSA,A,3,24,18,02,16,,,,,,,,,1.37,0.74,1.15,1*08
$GNGSA,A,3,68,85,,,,,,,,,,,1.37,0.74,1.15,2*02
$GNGSA,A,3,,,,,,,,,,,,,1.37,0.74,1.15,3*00
$GNGSA,A,3,05,07,13,03,,,,,,,,,1.37,0.74,1.15,4*04
$GPGSV,3,1,11,08,02,052,,15,58,135,,24,73,026,39.6,26,55,096,,1*7A
$GPGSV,3,2,11,21,42,307,,10,35,051,,18,27,248,39.7,02,08,108,39.6,1*67
$GPGSV,3,3,11,16,08,309,39.6,30,02,215,,29,66,216,,1*4A
$GLGSV,1,1,04,79,24,151,,68,44,051,39.7,84,37,285,,85,11,334,39.8,1*7A
$GAGSV,1,1,00,7*73
$GBGSV,3,1,12,09,01,184,,01,38,147,,10,32,215,,02,30,229,,1*74
$GBGSV,3,2,12,08,27,167,,04,27,125,,06,20,166,,05,16,249,39.0,1*62
$GBGSV,3,3,12,07,16,190,39.8,11,08,039,,13,06,039,39.3,03,45,191,39.0,1*65
$GNRMC,202456.000,A,3900.0028,N,11613.9818,E,0.01,324.25,280612,,,A,V*0D
$GNVTG,324.25,T,,M,0.01,N,0.01,K,A*21
$GNZDA,202456.000,28,06,2012,,*42
$GNGGA,202457.000,3900.0028,N,11613.9818,E,1,10,0.74,-14.6,M,-6.8,M,,*77
$PAIRACC,3.48,9.03*4E
$GNGLL,3900.0028,N,11613.9818,E,202457.000,A,A*4D
$GNGSA,A,3,24,18,02,16,,,,,,,,,1.37,0.74,1.15,1*08
$GNGSA,A,3,68,85,,,,,,,,,,,1.37,0.74,1.15,2*02
$GNGSA,A,3,,,,,,,,,,,,,1.37,0.74,1.15,3*00
$GNGSA,A,3,05,07,13,03,,,,,,,,,1.37,0.74,1.15,4*04
$GPGSV,3,1,12,08,02,052,,15,58,135,,24,73,026,40.2,26,55,096,,1*73
$GPGSV,3,2,12,21,42,307,,10,35,051,,18,27,248,39.8,27,09,078,,1*79
$GPGSV,3,3,12,02,08,108,39.7,16,08,309,39.8,30,02,215,,29,66,216,,1*67
$GLGSV,1,1,04,79,24,151,,68,44,051,39.8,84,37,285,,85,11,334,40.1,1*72
$GAGSV,1,1,00,7*73
$GBGSV,3,1,12,09,01,184,,01,38,147,,10,32,215,,02,30,229,,1*74
$GBGSV,3,2,12,08,27,167,,04,27,125,,06,20,166,,05,16,249,39.2,1*60
$GBGSV,3,3,12,07,16,190,39.5,11,08,039,,13,06,039,39.7,03,45,191,38.8,1*65
$GNRMC,202457.000,A,3900.0028,N,11613.9818,E,0.01,335.76,280612,,,A,V*0A
$GNVTG,335.76,T,,M,0.01,N,0.01,K,A*27
$GNZDA,202457.000,28,06,2012,,*43
$GNGGA,202458.000,3900.0028,N,11613.9818,E,1,10,0.74,-14.6,M,-6.8,M,,*78
$PAIRACC,3.58,9.66*4C
$GNGLL,3900.0028,N,11613.9818,E,202458.000,A,A*42
$GNGSA,A,3,24,18,02,16,,,,,,,,,1.37,0.74,1.15,1*08
$GNGSA,A,3,68,85,,,,,,,,,,,1.37,0.74,1.15,2*02
$GNGSA,A,3,,,,,,,,,,,,,1.37,0.74,1.15,3*00
$GNGSA,A,3,05,07,13,03,,,,,,,,,1.37,0.74,1.15,4*04
$GPGSV,3,1,12,08,02,051,,15,58,135,,24,73,026,39.3,26,55,096,,1*7F
$GPGSV,3,2,12,21,42,307,,10,35,051,,18,27,248,39.5,27,09,078,,1*74
$GPGSV,3,3,12,02,08,108,39.9,16,08,309,39.3,30,02,215,,29,66,216,,1*62
$GLGSV,1,1,04,79,24,151,,68,44,051,40.0,84,37,285,,85,11,334,40.0,1*75
$GAGSV,1,1,00,7*73
$GBGSV,3,1,12,09,01,184,,01,38,147,,10,32,215,,02,30,229,,1*74
$GBGSV,3,2,12,08,27,167,,04,27,125,,06,20,166,,05,16,249,39.0,1*62
$GBGSV,3,3,12,07,16,190,39.4,11,08,039,,13,06,039,39.5,03,45,191,38.6,1*68
$GNRMC,202458.000,A,3900.0028,N,11613.9818,E,0.01,326.75,280612,,,A,V*04
$GNVTG,326.75,T,,M,0.01,N,0.01,K,A*26
$GNZDA,202458.000,28,06,2012,,*4C
$GNGGA,202459.000,3900.0028,N,11613.9818,E,1,10,0.74,-14.6,M,-6.8,M,,*79
$PAIRACC,3.48,9.04*49
$GNGLL,3900.0028,N,11613.9818,E,202459.000,A,A*43
$GNGSA,A,3,24,18,02,16,,,,,,,,,1.37,0.74,1.15,1*08
$GNGSA,A,3,68,85,,,,,,,,,,,1.37,0.74,1.15,2*02
$GNGSA,A,3,,,,,,,,,,,,,1.37,0.74,1.15,3*00
$GNGSA,A,3,05,07,13,03,,,,,,,,,1.37,0.74,1.15,4*04
$GPGSV,3,1,12,08,02,051,,15,58,135,,24,73,026,40.0,26,55,096,,1*72
$GPGSV,3,2,12,21,42,307,,10,35,051,,18,27,248,39.4,27,09,078,,1*75
$GPGSV,3,3,12,02,08,108,39.9,16,08,309,39.4,30,02,215,,29,66,216,,1*65
$GLGSV,1,1,04,79,24,151,,68,44,051,40.3,84,37,285,,85,11,334,39.7,1*7F
$GAGSV,1,1,00,7*73
$GBGSV,3,1,12,09,01,184,,01,38,147,,10,32,215,,02,30,229,,1*74
$GBGSV,3,2,12,08,27,167,,04,27,125,,06,20,166,,05,16,249,39.5,1*67
$GBGSV,3,3,12,07,16,190,39.4,11,08,039,,13,06,039,39.1,03,45,191,39.3,1*68
$GNRMC,202459.000,A,3900.0028,N,11613.9818,E,0.01,314.43,280612,,,A,V*01
$GNVTG,314.43,T,,M,0.01,N,0.01,K,A*22
$GNZDA,202459.000,28,06,2012,,*4D
$GNGGA,202500.000,3900.0028,N,11613.9818,E,1,10,0.74,-14.6,M,-6.8,M,,*74
$PAIRACC,3.50,9.57*46
$GNGLL,3900.0028,N,11613.9818,E,202500.000,A,A*4E
$GNGSA,A,3,24,18,02,16,,,,,,,,,1.37,0.74,1.15,1*08
$GNGSA,A,3,68,85,,,,,,,,,,,1.37,0.74,1.15,2*02
$GNGSA,A,3,,,,,,,,,,,,,1.37,0.74,1.15,3*00
$GNGSA,A,3,05,07,13,03,,,,,,,,,1.37,0.74,1.15,4*04
$GPGSV,3,1,12,08,02,051,,15,58,135,,24,73,026,39.6,26,55,096,,1*7A
$GPGSV,3,2,12,21,42,307,,10,34,052,,18,27,248,39.6,27,09,078,,1*75
$GPGSV,3,3,12,02,08,108,39.7,16,08,309,39.4,30,02,215,,29,66,216,,1*6B
$GLGSV,1,1,04,79,24,151,,68,44,051,40.2,84,37,285,,85,11,334,39.3,1*7A
$GAGSV,1,1,00,7*73
$GBGSV,3,1,12,09,01,184,,01,38,147,,10,32,215,,02,30,229,,1*74
$GBGSV,3,2,12,08,27,167,,04,27,125,,06,20,166,,05,16,249,39.0,1*62
$GBGSV,3,3,12,07,16,190,39.4,11,08,039,,13,06,039,39.6,03,45,191,38.6,1*6B
$GNRMC,202500.000,A,3900.0028,N,11613.9818,E,0.01,318.55,280612,,,A,V*07
$GNVTG,318.55,T,,M,0.01,N,0.01,K,A*29
$GNZDA,202500.000,28,06,2012,,*40
$GNGGA,202501.000,3900.0028,N,11613.9818,E,1,10,0.74,-14.6,M,-6.8,M,,*75
$PAIRACC,3.49,9.07*4B
$GNGLL,3900.0028,N,11613.9818,E,202501.000,A,A*4F
$GNGSA,A,3,24,18,02,16,,,,,,,,,1.37,0.74,1.15,1*08
$GNGSA,A,3,68,85,,,,,,,,,,,1.37,0.74,1.15,2*02
$GNGSA,A,3,,,,,,,,,,,,,1.37,0.74,1.15,3*00
$GNGSA,A,3,05,07,13,03,,,,,,,,,1.37,0.74,1.15,4*04
$GPGSV,3,1,12,08,02,051,,15,58,135,,24,73,026,39.3,26,55,096,,1*7F
$GPGSV,3,2,12,21,42,307,,10,34,052,,18,27,248,39.6,27,09,078,,1*75
$GPGSV,3,3,12,02,08,108,39.9,16,08,309,40.1,30,02,215,,29,66,216,,1*6E
$GLGSV,1,1,04,79,24,151,,68,44,051,40.2,84,37,285,,85,11,334,39.3,1*7A
$GAGSV,1,1,00,7*73
$GBGSV,3,1,12,09,01,184,,01,38,147,,10,32,215,,02,30,229,,1*74
$GBGSV,3,2,12,08,27,167,,04,27,125,,06,20,166,,05,16,249,39.2,1*60
$GBGSV,3,3,12,07,16,190,38.7,11,08,039,,13,06,039,39.3,03,45,191,38.5,1*6F
$GNRMC,202501.000,A,3900.0028,N,11613.9818,E,0.01,320.79,280612,,,A,V*03
$GNVTG,320.79,T,,M,0.01,N,0.01,K,A*2C
$GNZDA,202501.000,28,06,2012,,*41
$GNGGA,202502.000,3900.0028,N,11613.9818,E,1,10,0.74,-14.6,M,-6.8,M,,*76
$PAIRACC,3.46,9.07*44
$GNGLL,3900.0028,N,11613.9818,E,202502.000,A,A*4C
$GNGSA,A,3,24,18,02,16,,,,,,,,,1.37,0.74,1.15,1*08
$GNGSA,A,3,68,85,,,,,,,,,,,1.37,0.74,1.15,2*02
$GNGSA,A,3,,,,,,,,,,,,,1.37,0.74,1.15,3*00
$GNGSA,A,3,05,07,13,03,,,,,,,,,1.37,0.74,1.15,4*04
$GPGSV,3,1,12,08,02,051,,15,58,135,,24,73,026,39.8,26,55,096,,1*74
$GPGSV,3,2,12,21,42,307,,10,34,052,,18,27,248,39.8,27,09,078,,1*7B
$GPGSV,3,3,12,02,08,108,40.2,16,08,309,39.7,30,02,215,,29,66,216,,1*63
$GLGSV,1,1,04,79,24,151,,68,44,051,39.7,84,37,285,,85,11,334,40.0,1*7C
$GAGSV,1,1,00,7*73
$GBGSV,3,1,12,09,01,184,,01,38,147,,10,32,215,,02,30,229,,1*74
$GBGSV,3,2,12,08,27,167,,04,27,125,,06,20,166,,05,16,249,39.1,1*63
$GBGSV,3,3,12,07,16,190,39.3,11,08,039,,13,06,039,39.8,03,45,191,39.3,1*66
$GNRMC,202502.000,A,3900.0028,N,11613.9818,E,0.01,350.60,280612,,,A,V*0F
$GNVTG,350.60,T,,M,0.01,N,0.01,K,A*23
$GNZDA,202502.000,28,06,2012,,*42
$GNGGA,202503.000,3900.0028,N,11613.9818,E,1,10,0.74,-14.6,M,-6.8,M,,*77
$PAIRACC,3.60,9.62*43
$GNGLL,3900.0028,N,11613.9818,E,202503.000,A,A*4D
$GNGSA,A,3,24,18,02,16,,,,,,,,,1.37,0.74,1.15,1*08
$GNGSA,A,3,68,85,,,,,,,,,,,1.37,0.74,1.15,2*02
$GNGSA,A,3,,,,,,,,,,,,,1.37,0.74,1.15,3*00
$GNGSA,A,3,05,07,13,03,,,,,,,,,1.37,0.74,1.15,4*04
$GPGSV,3,1,11,08,02,051,,15,58,135,,24,73,026,39.7,26,55,096,,1*78
$GPGSV,3,2,11,21,42,307,,10,34,052,,18,27,248,39.6,02,08,108,39.7,1*65
$GPGSV,3,3,11,16,08,309,39.7,30,02,215,,29,66,216,,1*4B
$GLGSV,1,1,04,79,24,151,,68,44,051,39.8,84,37,285,,85,11,334,40.0,1*73
$GAGSV,1,1,00,7*73
$GBGSV,3,1,12,09,01,184,,01,38,147,,10,32,215,,02,30,229,,1*74
$GBGSV,3,2,12,08,27,167,,04,27,125,,06,20,166,,05,16,249,39.2,1*60
$GBGSV,3,3,12,07,16,190,39.0,11,08,039,,13,06,039,39.5,03,45,191,38.5,1*6F
$GNRMC,202503.000,A,3900.0028,N,11613.9818,E,0.01,325.69,280612,,,A,V*05
$GNVTG,325.69,T,,M,0.01,N,0.01,K,A*28
$GNZDA,202503.000,28,06,2012,,*43
$GNGGA,202504.000,3900.0028,N,11613.9818,E,1,10,0.74,-14.6,M,-6.8,M,,*70
$PAIRACC,3.46,9.07*44
$GNGLL,3900.0028,N,11613.9818,E,202504.000,A,A*4A
$GNGSA,A,3,24,18,02,16,,,,,,,,,1.37,0.74,1.15,1*08
$GNGSA,A,3,68,85,,,,,,,,,,,1.37,0.74,1.15,2*02
$GNGSA,A,3,,,,,,,,,,,,,1.37,0.74,1.15,3*00
$GNGSA,A,3,05,07,13,03,,,,,,,,,1.37,0.74,1.15,4*04
$GPGSV,3,1,12,08,02,051,,15,58,135,,24,73,026,40.3,26,55,096,,1*71
$GPGSV,3,2,12,21,42,307,,10,34,052,,18,27,248,39.5,27,09,078,,1*76
$GPGSV,3,3,12,02,08,108,40.1,16,08,309,40.0,30,02,215,,29,66,216,,1*69
$GLGSV,1,1,04,79,24,151,,68,44,051,40.3,84,37,285,,85,11,334,39.8,1*70
$GAGSV,1,1,00,7*73
$GBGSV,3,1,12,09,01,184,,01,38,147,,10,32,215,,02,30,229,,1*74
$GBGSV,3,2,12,08,27,167,,04,27,125,,06,20,166,,05,16,249,39.2,1*60
$GBGSV,3,3,12,07,16,190,39.2,11,08,039,,13,06,039,39.4,03,45,191,38.6,1*6F
$GNRMC,202504.000,A,3900.0028,N,11613.9818,E,0.01,334.01,280612,,,A,V*0C
$GNVTG,334.01,T,,M,0.01,N,0.01,K,A*26
$GNZDA,202504.000,28,06,2012,,*44
$GNGGA,202505.000,3900.0028,N,11613.9818,E,1,10,0.74,-14.6,M,-6.8,M,,*71
$PAIRACC,3.61,9.63*43
$GNGLL,3900.0028,N,11613.9818,E,202505.000,A,A*4B
$GNGSA,A,3,24,18,02,16,,,,,,,,,1.37,0.74,1.15,1*08
$GNGSA,A,3,68,85,,,,,,,,,,,1.37,0.74,1.15,2*02
$GNGSA,A,3,,,,,,,,,,,,,1.37,0.74,1.15,3*00
$GNGSA,A,3,05,07,13,03,,,,,,,,,1.37,0.74,1.15,4*04
$GPGSV,3,1,12,08,02,051,,15,59,133,,24,73,026,39.5,26,55,096,,1*7E
$GPGSV,3,2,12,21,42,307,,10,34,052,,18,27,248,39.2,27,09,078,,1*71
$GPGSV,3,3,12,02,08,108,39.5,16,08,309,39.7,30,02,215,,29,66,216,,1*6A
$GLGSV,1,1,04,79,24,151,,68,44,051,39.8,84,37,285,,85,11,334,39.7,1*7A
$GAGSV,1,1,00,7*73
$GBGSV,3,1,12,09,01,184,,01,38,147,,10,32,215,,02,30,229,,1*74
$GBGSV,3,2,12,08,27,167,,04,27,125,,06,20,166,,05,16,249,39.1,1*63
$GBGSV,3,3,12,07,16,190,39.7,11,08,039,,13,06,039,39.5,03,45,191,39.1,1*6D
$GNRMC,202505.000,A,3900.0028,N,11613.9818,E,0.01,322.89,280612,,,A,V*0A
$GNVTG,322.89,T,,M,0.01,N,0.01,K,A*21
$GNZDA,202505.000,28,06,2012,,*45
$GNGGA,202506.000,3900.0028,N,11613.9818,E,1,10,0.74,-14.6,M,-6.8,M,,*72
$PAIRACC,3.46,9.07*44
$GNGLL,3900.0028,N,11613.9818,E,202506.000,A,A*48
$GNGSA,A,3,24,18,02,16,,,,,,,,,1.37,0.74,1.15,1*08
$GNGSA,A,3,68,85,,,,,,,,,,,1.37,0.74,1.15,2*02
$GNGSA,A,3,,,,,,,,,,,,,1.37,0.74,1.15,3*00
$GNGSA,A,3,05,07,13,03,,,,,,,,,1.37,0.74,1.15,4*04
$GPGSV,3,1,12,08,02,051,,15,59,133,,24,73,026,39.5,26,55,096,,1*7E
$GPGSV,3,2,12,21,42,307,,10,34,052,,18,27,248,39.6,27,09,078,,1*75
$GPGSV,3,3,12,02,08,108,40.0,16,08,308,39.1,30,02,215,,29,66,216,,1*66
$GLGSV,1,1,04,79,24,151,,68,44,051,39.5,84,37,285,,85,11,334,39.6,1*76
$GAGSV,1,1,00,7*73
$GBGSV,3,1,12,09,01,184,,01,38,147,,10,32,215,,02,30,229,,1*74
$GBGSV,3,2,12,08,27,167,,04,27,125,,06,20,166,,05,16,249,39.5,1*67
$GBGSV,3,3,12,07,16,190,39.2,11,08,039,,13,06,039,39.1,03,45,191,38.9,1*65
$GNRMC,202506.000,A,3900.0028,N,11613.9818,E,0.01,315.91,280612,,,A,V*04
$GNVTG,315.91,T,,M,0.01,N,0.01,K,A*2C
$GNZDA,202506.000,28,06,2012,,*46
$GNGGA,202507.000,3900.0028,N,11613.9818,E,1,10,0.74,-14.6,M,-6.8,M,,*73
$PAIRACC,3.44,9.05*44
$GNGLL,3900.0028,N,11613.9818,E,202507.000,A,A*49
$GNGSA,A,3,24,18,02,16,,,,,,,,,1.37,0.74,1.15,1*08
$GNGSA,A,3,68,85,,,,,,,,,,,1.37,0.74,1.15,2*02
$GNGSA,A,3,,,,,,,,,,,,,1.37,0.74,1.15,3*00
$GNGSA,A,3,05,07,13,03,,,,,,,,,1.37,0.74,1.15,4*04
$GPGSV,3,1,12,08,02,051,,15,59,133,,24,73,026,39.5,26,55,096,,1*7E
$GPGSV,3,2,12,21,42,307,,10,34,052,,18,27,248,39.7,27,09,078,,1*74
$GPGSV,3,3,12,02,08,108,40.0,16,08,308,39.5,30,02,215,,29,66,216,,1*62
$GLGSV,1,1,04,79,24,151,,68,44,051,39.9,84,37,285,,85,11,334,40.0,1*72
$GAGSV,1,1,00,7*73
$GBGSV,3,1,12,09,01,184,,01,38,147,,10,32,215,,02,30,229,,1*74
$GBGSV,3,2,12,08,27,167,,04,27,125,,06,20,166,,05,16,249,39.0,1*62
$GBGSV,3,3,12,07,16,190,39.7,11,08,039,,13,06,039,39.6,03,45,191,38.5,1*6B
$GNRMC,202507.000,A,3900.0028,N,11613.9818,E,0.01,318.43,280612,,,A,V*07
$GNVTG,318.43,T,,M,0.01,N,0.01,K,A*2E
$GNZDA,202507.000,28,06,2012,,*47
$GNGGA,202508.000,3900.0028,N,11613.9818,E,1,10,0.74,-14.6,M,-6.8,M,,*7C
$PAIRACC,3.46,9.07*44
$GNGLL,3900.0028,N,11613.9818,E,202508.000,A,A*46
$GNGSA,A,3,24,18,02,16,,,,,,,,,1.37,0.74,1.15,1*08
$GNGSA,A,3,68,85,,,,,,,,,,,1.37,0.74,1.15,2*02
$GNGSA,A,3,,,,,,,,,,,,,1.37,0.74,1.15,3*00
$GNGSA,A,3,05,07,13,03,,,,,,,,,1.37,0.74,1.15,4*04
$GPGSV,3,1,12,08,02,051,,15,59,133,,24,73,026,39.5,26,55,096,,1*7E
$GPGSV,3,2,12,21,42,307,,10,34,052,,18,28,249,39.7,27,09,078,,1*7A
$GPGSV,3,3,12,02,08,108,39.7,16,08,308,39.5,30,02,215,,29,66,216,,1*6B
$GLGSV,1,1,04,79,24,151,,68,44,051,39.5,84,37,285,,85,11,334,39.6,1*76
$GAGSV,1,1,00,7*73
$GBGSV,3,1,12,09,01,184,,01,38,147,,10,32,215,,02,30,229,,1*74
$GBGSV,3,2,12,08,27,167,,04,27,125,,06,20,166,,05,16,249,39.4,1*66
$GBGSV,3,3,12,07,16,190,39.3,11,08,039,,13,06,039,39.3,03,45,191,39.4,1*6A
$GNRMC,202508.000,A,3900.0028,N,11613.9818,E,0.01,331.79,280612,,,A,V*0A
$GNVTG,331.79,T,,M,0.01,N,0.03,K,A*2E
$GNZDA,202508.000,28,06,2012,,*48
$GNGGA,202509.000,3900.0028,N,11613.9818,E,1,10,0.74,-14.6,M,-6.8,M,,*7D
$PAIRACC,3.44,9.05*44
$GNGLL,3900.0028,N,11613.9818,E,202509.000,A,A*47
$GNGSA,A,3,24,18,02,16,,,,,,,,,1.37,0.74,1.15,1*08
$GNGSA,A,3,68,85,,,,,,,,,,,1.37,0.74,1.15,2*02
$GNGSA,A,3,,,,,,,,,,,,,1.37,0.74,1.15,3*00
$GNGSA,A,3,05,07,13,03,,,,,,,,,1.37,0.74,1.15,4*04
$GPGSV,3,1,12,08,02,051,,15,59,133,,24,73,026,39.6,26,55,096,,1*7D
$GPGSV,3,2,12,21,42,307,,10,34,052,,18,28,249,39.6,27,09,078,,1*7B
$GPGSV,3,3,12,02,08,108,39.8,16,08,308,39.8,30,02,215,,29,66,216,,1*69
$GLGSV,1,1,04,79,24,151,,68,44,051,39.8,84,37,285,,85,11,334,39.6,1*7B
$GAGSV,1,1,00,7*73
$GBGSV,3,1,12,09,01,184,,01,38,147,,10,32,215,,02,30,229,,1*74
$GBGSV,3,2,12,08,27,167,,04,27,125,,06,20,166,,05,16,249,38.8,1*6B
$GBGSV,3,3,12,07,16,190,40.1,11,08,039,,13,06,039,39.5,03,45,191,38.5,1*60
$GNRMC,202509.000,A,3900.0028,N,11613.9818,E,0.02,323.50,280612,,,A,V*00
$GNVTG,323.50,T,,M,0.02,N,0.03,K,A*25
$GNZDA,202509.000,28,06,2012,,*49
$GNGGA,202510.000,3900.0028,N,11613.9818,E,1,10,0.74,-14.6,M,-6.8,M,,*75
$PAIRACC,3.51,9.10*44
$GNGLL,3900.0028,N,11613.9818,E,202510.000,A,A*4F
$GNGSA,A,3,24,18,02,16,,,,,,,,,1.37,0.74,1.15,1*08
$GNGSA,A,3,68,85,,,,,,,,,,,1.37,0.74,1.15,2*02
$GNGSA,A,3,,,,,,,,,,,,,1.37,0.74,1.15,3*00
$GNGSA,A,3,05,07,13,03,,,,,,,,,1.37,0.74,1.15,4*04
$GPGSV,3,1,12,08,02,051,,15,59,133,,24,73,026,39.8,26,55,096,,1*73
$GPGSV,3,2,12,21,42,307,,10,34,052,,18,28,249,39.9,27,09,078,,1*74
$GPGSV,3,3,12,02,08,108,39.9,16,08,308,39.7,30,02,215,,29,66,216,,1*67
$GLGSV,1,1,04,79,24,151,,68,44,051,39.8,84,37,285,,85,11,334,39.7,1*7A
$GAGSV,1,1,00,7*73
$GBGSV,3,1,12,09,01,184,,01,38,147,,10,32,215,,02,30,229,,1*74
$GBGSV,3,2,12,08,27,167,,04,27,125,,06,20,166,,05,16,249,39.4,1*66
$GBGSV,3,3,12,07,16,190,39.0,11,08,039,,13,06,039,39.7,03,45,191,38.6,1*6E
$GNRMC,202510.000,A,3900.0028,N,11613.9818,E,0.02,324.54,280612,,,A,V*0B
$GNVTG,324.54,T,,M,0.02,N,0.04,K,A*21
$GNZDA,202510.000,28,06,2012,,*41
$GNGGA,202511.000,3900.0028,N,11613.9818,E,1,10,0.74,-14.7,M,-6.8,M,,*75
$PAIRACC,3.44,9.06*47
$GNGLL,3900.0028,N,11613.9818,E,202511.000,A,A*4E
$GNGSA,A,3,24,18,02,16,,,,,,,,,1.37,0.74,1.15,1*08
$GNGSA,A,3,68,85,,,,,,,,,,,1.37,0.74,1.15,2*02
$GNGSA,A,3,,,,,,,,,,,,,1.37,0.74,1.15,3*00
$GNGSA,A,3,05,07,13,03,,,,,,,,,1.37,0.74,1.15,4*04
$GPGSV,3,1,12,08,02,051,,15,59,133,,24,73,026,39.9,26,55,096,,1*72
$GPGSV,3,2,12,21,43,308,,10,34,052,,18,28,249,39.9,27,09,078,,1*7A
$GPGSV,3,3,12,02,08,108,39.9,16,08,308,39.4,30,02,215,,29,66,216,,1*64
$GLGSV,1,1,04,79,24,151,,68,44,051,39.9,84,37,285,,85,11,334,39.7,1*7B
$GAGSV,1,1,00,7*73
$GBGSV,3,1,12,09,01,184,,01,38,147,,10,32,215,,02,30,229,,1*74
$GBGSV,3,2,12,08,27,167,,04,27,125,,06,20,166,,05,16,249,39.1,1*63
$GBGSV,3,3,12,07,16,190,39.8,11,08,039,,13,06,039,39.4,03,45,191,39.1,1*63
$GNRMC,202511.000,A,3900.0028,N,11613.9818,E,0.02,328.94,280612,,,A,V*0A
$GNVTG,328.94,T,,M,0.02,N,0.04,K,A*21
$GNZDA,202511.000,28,06,2012,,*40
$GNGGA,202512.000,3900.0028,N,11613.9818,E,1,10,0.74,-14.7,M,-6.8,M,,*76
$PAIRACC,3.63,9.65*47
$GNGLL,3900.0028,N,11613.9818,E,202512.000,A,A*4D
$GNGSA,A,3,24,18,02,16,,,,,,,,,1.37,0.74,1.15,1*08
$GNGSA,A,3,68,85,,,,,,,,,,,1.37,0.74,1.15,2*02
$GNGSA,A,3,,,,,,,,,,,,,1.37,0.74,1.15,3*00
$GNGSA,A,3,05,07,13,03,,,,,,,,,1.37,0.74,1.15,4*04
$GPGSV,3,1,12,08,02,051,,15,59,133,,24,73,026,39.6,26,55,096,,1*7D
$GPGSV,3,2,12,21,43,308,,10,34,052,,18,28,249,40.0,27,09,078,,1*7D
$GPGSV,3,3,12,02,08,108,40.0,16,08,308,39.8,30,02,215,,29,66,216,,1*6F
$GLGSV,1,1,04,79,24,151,,68,44,051,39.8,84,37,285,,85,11,334,40.1,1*72
$GAGSV,1,1,00,7*73
$GBGSV,3,1,12,09,01,184,,01,38,147,,10,32,215,,02,30,229,,1*74
$GBGSV,3,2,12,08,27,167,,04,27,125,,06,20,166,,05,16,249,39.2,1*60
$GBGSV,3,3,12,07,16,190,38.8,11,08,039,,13,06,039,39.3,03,45,191,38.9,1*6C
$GNRMC,202512.000,A,3900.0028,N,11613.9818,E,0.03,327.13,280612,,,A,V*08
$GNVTG,327.13,T,,M,0.03,N,0.05,K,A*21
$GNZDA,202512.000,28,06,2012,,*43
$GNGGA,202513.000,3900.0028,N,11613.9818,E,1,10,0.74,-14.7,M,-6.8,M,,*77
$PAIRACC,3.45,9.06*46
$GNGLL,3900.0028,N,11613.9818,E,202513.000,A,A*4C
$GNGSA,A,3,24,18,02,16,,,,,,,,,1.37,0.74,1.15,1*08
$GNGSA,A,3,68,85,,,,,,,,,,,1.37,0.74,1.15,2*02
$GNGSA,A,3,,,,,,,,,,,,,1.37,0.74,1.15,3*00
$GNGSA,A,3,05,07,13,03,,,,,,,,,1.37,0.74,1.15,4*04
$GPGSV,3,1,12,08,02,051,,15,59,133,,24,73,026,39.7,26,55,096,,1*7C
$GPGSV,3,2,12,21,43,308,,10,34,052,,18,28,249,39.4,27,09,078,,1*77
$GPGSV,3,3,12,02,08,108,39.6,16,08,308,39.5,30,02,215,,29,66,216,,1*6A
$GLGSV,1,1,04,79,24,151,,68,44,051,39.7,84,37,285,,85,11,334,40.1,1*7D
$GAGSV,1,1,00,7*73
$GBGSV,3,1,12,09,01,184,,01,38,147,,10,32,215,,02,30,229,,1*74
$GBGSV,3,2,12,08,27,167,,04,27,125,,06,20,166,,05,16,249,39.0,1*62
$GBGSV,3,3,12,07,16,190,39.2,11,08,039,,13,06,039,38.7,03,45,191,38.5,1*6E
$GNRMC,202513.000,A,3900.0028,N,11613.9818,E,0.03,324.16,280612,,,A,V*0F
$GNVTG,324.16,T,,M,0.03,N,0.06,K,A*24
$GNZDA,202513.000,28,06,2012,,*42
$GNGGA,202514.000,3900.0028,N,11613.9818,E,1,10,0.74,-14.7,M,-6.8,M,,*70
$PAIRACC,3.63,9.65*47
$GNGLL,3900.0028,N,11613.9818,E,202514.000,A,A*4B
$GNGSA,A,3,24,18,02,16,,,,,,,,,1.37,0.74,1.15,1*08
$GNGSA,A,3,68,85,,,,,,,,,,,1.37,0.74,1.15,2*02
$GNGSA,A,3,,,,,,,,,,,,,1.37,0.74,1.15,3*00
$GNGSA,A,3,05,07,13,03,,,,,,,,,1.37,0.74,1.15,4*04
$GPGSV,3,1,12,08,02,051,,15,59,133,,24,73,031,39.4,26,55,096,,1*79
$GPGSV,3,2,12,21,43,308,,10,34,052,,18,28,249,39.5,27,09,078,,1*76
$GPGSV,3,3,12,02,08,108,40.0,16,08,308,39.3,30,02,215,,29,66,216,,1*64
$GLGSV,1,1,04,79,24,151,,68,44,051,39.8,84,37,285,,85,11,334,39.3,1*7E
$GAGSV,1,1,00,7*73
$GBGSV,3,1,12,09,01,184,,01,38,147,,10,32,215,,02,30,229,,1*74
$GBGSV,3,2,12,08,27,167,,04,27,125,,06,20,166,,05,16,249,39.5,1*67
$GBGSV,3,3,12,07,16,190,39.1,11,08,039,,13,06,039,39.7,03,45,191,39.5,1*6D
$GNRMC,202514.000,A,3900.0028,N,11613.9818,E,0.04,330.20,280612,,,A,V*0F
$GNVTG,330.20,T,,M,0.04,N,0.07,K,A*22
$GNZDA,202514.000,28,06,2012,,*45
$GNGGA,202515.000,3900.0028,N,11613.9818,E,1,10,0.74,-14.7,M,-6.8,M,,*71
$PAIRACC,3.44,9.06*47
$GNGLL,3900.0028,N,11613.9818,E,202515.000,A,A*4A
$GNGSA,A,3,24,18,02,16,,,,,,,,,1.37,0.74,1.15,1*08
$GNGSA,A,3,68,85,,,,,,,,,,,1.37,0.74,1.15,2*02
$GNGSA,A,3,,,,,,,,,,,,,1.37,0.74,1.15,3*00
$GNGSA,A,3,05,07,13,03,,,,,,,,,1.37,0.74,1.15,4*04
$GPGSV,3,1,12,08,02,051,,15,59,133,,24,73,031,39.5,26,55,096,,1*78
$GPGSV,3,2,12,21,43,308,,10,34,052,,18,28,249,39.7,27,09,078,,1*74
$GPGSV,3,3,12,02,08,108,39.9,16,08,308,39.9,30,02,215,,29,66,216,,1*69
$GLGSV,1,1,04,79,24,151,,68,44,051,40.2,84,37,285,,85,11,334,39.9,1*70
$GAGSV,1,1,00,7*73
$GBGSV,3,1,12,09,01,184,,01,38,147,,10,32,215,,02,30,229,,1*74
$GBGSV,3,2,12,08,27,167,,04,27,125,,06,20,166,,05,16,249,38.8,1*6B
$GBGSV,3,3,12,07,16,190,39.5,11,08,039,,13,06,039,39.3,03,45,191,38.5,1*6C
$GNRMC,202515.000,A,3900.0028,N,11613.9818,E,0.04,330.73,280612,,,A,V*08
$GNVTG,330.73,T,,M,0.04,N,0.08,K,A*2B
$GNZDA,202515.000,28,06,2012,,*44
$GNGGA,202516.000,3900.0028,N,11613.9818,E,1,10,0.74,-14.7,M,-6.8,M,,*72
$PAIRACC,3.55,9.61*46
$GNGLL,3900.0028,N,11613.9818,E,202516.000,A,A*49
$GNGSA,A,3,24,18,02,16,,,,,,,,,1.37,0.74,1.15,1*08
$GNGSA,A,3,68,85,,,,,,,,,,,1.37,0.74,1.15,2*02
$GNGSA,A,3,,,,,,,,,,,,,1.37,0.74,1.15,3*00
$GNGSA,A,3,05,07,13,03,,,,,,,,,1.37,0.74,1.15,4*04
$GPGSV,3,1,11,08,02,051,,15,59,133,,24,73,031,40.1,26,55,094,,1*73
$GPGSV,3,2,11,21,43,308,,10,34,052,,18,28,249,39.9,02,08,108,40.2,1*61
$GPGSV,3,3,11,16,08,308,40.3,30,02,215,,29,66,216,,1*40
$GLGSV,1,1,04,79,24,151,,68,44,051,40.1,84,37,285,,85,11,334,39.7,1*7D
$GAGSV,1,1,00,7*73
$GBGSV,3,1,12,09,01,184,,01,38,147,,10,32,215,,02,30,229,,1*74
$GBGSV,3,2,12,08,27,167,,04,27,125,,06,20,166,,05,16,249,39.2,1*60
$GBGSV,3,3,12,07,16,190,39.6,11,08,039,,13,06,039,39.4,03,45,191,38.6,1*6B
$GNRMC,202516.000,A,3900.0028,N,11613.9818,E,0.04,331.18,280612,,,A,V*07
$GNVTG,331.18,T,,M,0.04,N,0.08,K,A*27
$GNZDA,202516.000,28,06,2012,,*47
$GNGGA,202517.000,3900.0028,N,11613.9818,E,1,10,0.74,-14.7,M,-6.8,M,,*73
$PAIRACC,3.45,9.07*47
$GNGLL,3900.0028,N,11613.9818,E,202517.000,A,A*48
$GNGSA,A,3,24,18,02,16,,,,,,,,,1.37,0.74,1.15,1*08
$GNGSA,A,3,68,85,,,,,,,,,,,1.37,0.74,1.15,2*02
$GNGSA,A,3,,,,,,,,,,,,,1.37,0.74,1.15,3*00
$GNGSA,A,3,05,07,13,03,,,,,,,,,1.37,0.74,1.15,4*04
$GPGSV,3,1,12,08,02,051,,15,59,133,,24,73,031,39.3,26,55,094,,1*7C
$GPGSV,3,2,12,21,43,308,,10,34,052,,18,28,249,39.6,27,10,077,,1*72
$GPGSV,3,3,12,02,08,108,40.4,16,08,308,39.5,30,02,215,,29,66,216,,1*66
$GLGSV,1,1,04,79,24,151,,68,44,051,39.8,84,37,285,,85,11,334,39.8,1*75
$GAGSV,1,1,00,7*73
$GBGSV,3,1,12,09,01,184,,01,38,147,,10,32,215,,02,30,229,,1*74
$GBGSV,3,2,12,08,27,167,,04,27,125,,06,20,166,,05,16,249,39.0,1*62
$GBGSV,3,3,12,07,16,190,38.9,11,08,039,,13,06,039,39.3,03,45,191,39.3,1*66
$GNRMC,202517.000,A,3900.0028,N,11613.9818,E,0.04,330.21,280612,,,A,V*0D
$GNVTG,330.21,T,,M,0.04,N,0.08,K,A*2C
$GNZDA,202517.000,28,06,2012,,*46
$GNGGA,202518.000,3900.0028,N,11613.9818,E,1,10,0.74,-14.7,M,-6.8,M,,*7C
$PAIRACC,3.46,9.08*4B
$GNGLL,3900.0028,N,11613.9818,E,202518.000,A,A*47
$GNGSA,A,3,24,18,02,16,,,,,,,,,1.37,0.74,1.15,1*08
$GNGSA,A,3,68,85,,,,,,,,,,,1.37,0.74,1.15,2*02
$GNGSA,A,3,,,,,,,,,,,,,1.37,0.74,1.15,3*00
$GNGSA,A,3,05,07,13,03,,,,,,,,,1.37,0.74,1.15,4*04
$GPGSV,3,1,12,08,02,051,,15,59,133,,24,73,031,39.4,26,55,094,,1*7B
$GPGSV,3,2,12,21,43,308,,10,34,052,,18,28,249,39.4,27,10,077,,1*70
$GPGSV,3,3,12,02,08,108,39.5,16,08,308,39.7,30,02,215,,29,66,216,,1*6B
$GLGSV,1,1,04,79,24,151,,68,44,051,40.0,84,37,285,,85,11,334,39.8,1*73
$GAGSV,1,1,00,7*73
$GBGSV,3,1,12,09,01,184,,01,38,147,,10,32,215,,02,30,229,,1*74
$GBGSV,3,2,12,08,27,167,,04,27,125,,06,20,166,,05,16,249,39.0,1*62
$GBGSV,3,3,12,07,16,190,39.9,11,08,039,,13,06,039,39.4,03,45,191,38.5,1*67
$GNRMC,202518.000,A,3900.0028,N,11613.9818,E,0.04,326.83,280612,,,A,V*0D
$GNVTG,326.83,T,,M,0.04,N,0.08,K,A*23
$GNZDA,202518.000,28,06,2012,,*49
$GNGGA,202519.000,3900.0028,N,11613.9818,E,1,10,0.74,-14.7,M,-6.8,M,,*7D
$PAIRACC,3.44,9.06*47
$GNGLL,3900.0028,N,11613.9818,E,202519.000,A,A*46
$GNGSA,A,3,24,18,02,16,,,,,,,,,1.37,0.74,1.15,1*08
$GNGSA,A,3,68,85,,,,,,,,,,,1.37,0.74,1.15,2*02
$GNGSA,A,3,,,,,,,,,,,,,1.37,0.74,1.15,3*00
$GNGSA,A,3,05,07,13,03,,,,,,,,,1.37,0.74,1.15,4*04
$GPGSV,3,1,12,08,02,051,,15,59,133,,24,73,031,39.6,26,55,094,,1*79
$GPGSV,3,2,12,21,43,308,,10,34,052,,18,28,249,39.8,27,10,077,,1*7C
$GPGSV,3,3,12,02,08,108,39.4,16,08,308,39.5,30,02,215,,29,64,214,,1*68
$GLGSV,1,1,04,79,24,151,,68,44,051,39.3,84,37,285,,85,11,334,39.8,1*7E
$GAGSV,1,1,00,7*73
$GBGSV,3,1,12,09,01,184,,01,38,147,,10,32,215,,02,30,229,,1*74
$GBGSV,3,2,12,08,27,167,,04,27,125,,06,20,166,,05,16,249,38.6,1*65
$GBGSV,3,3,12,07,16,190,39.3,11,08,039,,13,06,039,39.7,03,45,191,38.4,1*6F
$GNRMC,202519.000,A,3900.0028,N,11613.9818,E,0.05,326.80,280612,,,A,V*0E
$GNVTG,326.80,T,,M,0.05,N,0.09,K,A*20
$GNZDA,202519.000,28,06,2012,,*48
$GNGGA,202520.000,3900.0028,N,11613.9818,E,1,10,0.74,-14.7,M,-6.8,M,,*77
$PAIRACC,3.46,9.08*4B
$GNGLL,3900.0028,N,11613.9818,E,202520.000,A,A*4C
$GNGSA,A,3,24,18,02,16,,,,,,,,,1.37,0.74,1.15,1*08
$GNGSA,A,3,68,85,,,,,,,,,,,1.37,0.74,1.15,2*02
$GNGSA,A,3,,,,,,,,,,,,,1.37,0.74,1.15,3*00
$GNGSA,A,3,05,07,13,03,,,,,,,,,1.37,0.74,1.15,4*04
$GPGSV,3,1,12,30,01,214,,15,59,133,,24,73,031,39.6,26,55,094,,1*72
$GPGSV,3,2,12,21,43,308,,10,34,052,,18,28,249,39.8,27,10,077,,1*7C
$GPGSV,3,3,12,02,08,108,39.9,16,08,308,39.8,08,02,051,,29,64,214,,1*61
$GLGSV,1,1,04,79,24,151,,68,44,051,39.8,84,37,285,,85,11,334,40.3,1*70
$GAGSV,1,1,00,7*73
$GBGSV,3,1,12,09,01,184,,01,38,147,,10,32,215,,02,30,229,,1*74
$GBGSV,3,2,12,08,27,167,,04,27,125,,06,20,166,,05,16,249,39.5,1*67
$GBGSV,3,3,12,07,16,190,39.7,11,08,039,,13,06,039,39.2,03,45,191,39.3,1*68
$GNRMC,202520.000,A,3900.0028,N,11613.9818,E,0.05,325.29,280612,,,A,V*04
$GNVTG,325.29,T,,M,0.05,N,0.09,K,A*20
$GNZDA,202520.000,28,06,2012,,*42
$GNGGA,202521.000,3900.0028,N,11613.9818,E,1,10,0.74,-14.7,M,-6.8,M,,*76
$PAIRACC,3.49,9.08*44
$GNGLL,3900.0028,N,11613.9818,E,202521.000,A,A*4D
$GNGSA,A,3,24,18,02,16,,,,,,,,,1.37,0.74,1.15,1*08
$GNGSA,A,3,68,85,,,,,,,,,,,1.37,0.74,1.15,2*02
$GNGSA,A,3,,,,,,,,,,,,,1.37,0.74,1.15,3*00
$GNGSA,A,3,05,07,13,03,,,,,,,,,1.37,0.74,1.15,4*04
$GPGSV,3,1,12,30,01,214,,15,59,133,,24,73,031,39.8,26,55,094,,1*7C
$GPGSV,3,2,12,21,43,308,,10,34,052,,18,28,249,39.4,27,10,077,,1*70
$GPGSV,3,3,12,02,08,108,40.0,16,08,308,39.3,08,02,051,,29,64,214,,1*6D
$GLGSV,1,1,04,79,24,151,,68,44,051,40.1,84,37,285,,85,11,334,39.8,1*72
$GAGSV,1,1,00,7*73
$GBGSV,3,1,12,09,01,184,,01,38,147,,10,32,215,,02,30,229,,1*74
$GBGSV,3,2,12,08,27,167,,04,27,125,,06,20,166,,05,16,249,39.2,1*60
$GBGSV,3,3,12,07,16,190,38.5,11,08,039,,13,06,039,39.3,03,45,191,38.9,1*61
$GNRMC,202521.000,A,3900.0028,N,11613.9818,E,0.05,324.94,280612,,,A,V*02
$GNVTG,324.94,T,,M,0.05,N,0.09,K,A*27
$GNZDA,202521.000,28,06,2012,,*43
$GNGGA,202522.000,3900.0028,N,11613.9818,E,1,10,0.74,-14.7,M,-6.8,M,,*75
$PAIRACC,3.46,9.07*44
$GNGLL,3900.0028,N,11613.9818,E,202522.000,A,A*4E
$GNGSA,A,3,24,18,02,16,,,,,,,,,1.37,0.74,1.15,1*08
$GNGSA,A,3,68,85,,,,,,,,,,,1.37,0.74,1.15,2*02
$GNGSA,A,3,,,,,,,,,,,,,1.37,0.74,1.15,3*00
$GNGSA,A,3,05,07,13,03,,,,,,,,,1.37,0.74,1.15,4*04
$GPGSV,3,1,12,30,01,214,,15,59,133,,24,73,031,39.2,26,55,094,,1*76
$GPGSV,3,2,12,21,43,308,,10,34,052,,18,28,249,39.9,27,10,077,,1*7D
$GPGSV,3,3,12,02,08,108,39.9,16,08,308,39.8,08,02,051,,29,64,214,,1*61
$GLGSV,1,1,04,79,24,151,,68,44,051,40.0,84,37,285,,85,11,334,39.8,1*73
$GAGSV,1,1,00,7*73
$GBGSV,3,1,12,09,01,184,,01,38,147,,10,32,215,,02,30,229,,1*74
$GBGSV,3,2,12,08,27,167,,04,27,125,,06,20,166,,05,16,249,39.3,1*61
$GBGSV,3,3,12,07,16,190,39.6,11,08,039,,13,06,039,39.4,03,45,191,38.8,1*65
$GNRMC,202522.000,A,3900.0028,N,11613.9818,E,0.04,326.02,280612,,,A,V*0D
$GNVTG,326.02,T,,M,0.04,N,0.08,K,A*2A
$GNZDA,202522.000,28,06,2012,,*40
$GNGGA,202523.000,3900.0028,N,11613.9818,E,1,10,0.74,-14.8,M,-6.8,M,,*7B
$PAIRACC,3.49,9.08*44
$GNGLL,3900.0028,N,11613.9818,E,202523.000,A,A*4F
$GNGSA,A,3,24,18,02,16,,,,,,,,,1.37,0.74,1.15,1*08
$GNGSA,A,3,68,85,,,,,,,,,,,1.37,0.74,1.15,2*02
$GNGSA,A,3,,,,,,,,,,,,,1.37,0.74,1.15,3*00
$GNGSA,A,3,05,07,13,03,,,,,,,,,1.37,0.74,1.15,4*04
$GPGSV,3,1,12,30,01,214,,15,59,133,,24,73,031,39.9,26,55,094,,1*7D
$GPGSV,3,2,12,21,43,308,,10,34,052,,18,28,249,39.5,27,10,077,,1*71
$GPGSV,3,3,12,02,08,108,40.2,16,08,308,39.9,08,02,051,,29,64,214,,1*65
$GLGSV,1,1,04,79,24,151,,68,44,051,40.0,84,37,285,,85,11,334,39.7,1*7C
$GAGSV,1,1,00,7*73
$GBGSV,3,1,12,09,01,184,,01,38,147,,10,32,215,,02,30,229,,1*74
$GBGSV,3,2,12,08,27,167,,04,27,125,,06,20,166,,05,16,249,39.5,1*67
$GBGSV,3,3,12,07,16,190,38.8,11,08,039,,13,06,039,39.5,03,45,191,39.4,1*66
$GNRMC,202523.000,A,3900.0028,N,11613.9818,E,0.04,327.74,280612,,,A,V*0C
$GNVTG,327.74,T,,M,0.04,N,0.08,K,A*2A
$GNZDA,202523.000,28,06,2012,,*41
$GNGGA,202524.000,3900.0028,N,11613.9818,E,1,10,0.74,-14.8,M,-6.8,M,,*7C
$PAIRACC,3.46,9.07*44
$GNGLL,3900.0028,N,11613.9818,E,202524.000,A,A*48
$GNGSA,A,3,24,18,02,16,,,,,,,,,1.37,0.74,1.15,1*08
$GNGSA,A,3,68,85,,,,,,,,,,,1.37,0.74,1.15,2*02
$GNGSA,A,3,,,,,,,,,,,,,1.37,0.74,1.15,3*00
$GNGSA,A,3,05,07,13,03,,,,,,,,,1.37,0.74,1.15,4*04
$GPGSV,3,1,12,30,01,214,,15,59,133,,24,73,031,39.7,26,55,094,,1*73
$GPGSV,3,2,12,21,43,308,,10,34,052,,18,28,249,39.5,27,10,077,,1*71
$GPGSV,3,3,12,02,08,108,39.9,16,08,308,39.8,08,02,051,,29,64,214,,1*61
$GLGSV,1,1,04,79,24,151,,68,44,051,39.8,84,37,285,,85,11,334,39.7,1*7A
$GAGSV,1,1,00,7*73
$GBGSV,3,1,12,09,01,184,,01,38,147,,10,32,215,,02,30,229,,1*74
$GBGSV,3,2,12,08,27,167,,04,27,125,,06,20,166,,05,16,249,39.1,1*63
$GBGSV,3,3,12,07,16,190,39.5,11,08,039,,13,06,039,39.5,03,45,191,38.5,1*6A
$GNRMC,202524.000,A,3900.0028,N,11613.9818,E,0.04,328.27,280612,,,A,V*02
$GNVTG,328.27,T,,M,0.04,N,0.08,K,A*23
$GNZDA,202524.000,28,06,2012,,*46
$GNGGA,202525.000,3900.0029,N,11613.9818,E,1,10,0.74,-14.8,M,-6.8,M,,*7C
$PAIRACC,3.44,9.05*44
$GNGLL,3900.0029,N,11613.9818,E,202525.000,A,A*48
$GNGSA,A,3,24,18,02,16,,,,,,,,,1.37,0.74,1.15,1*08
$GNGSA,A,3,68,85,,,,,,,,,,,1.37,0.74,1.15,2*02
$GNGSA,A,3,,,,,,,,,,,,,1.37,0.74,1.15,3*00
$GNGSA,A,3,05,07,13,03,,,,,,,,,1.37,0.74,1.15,4*04
$GPGSV,3,1,12,30,01,214,,15,59,133,,24,73,031,39.6,26,55,094,,1*72
$GPGSV,3,2,12,21,43,308,,10,34,052,,18,28,249,39.5,27,10,077,,1*71
$GPGSV,3,3,12,02,08,108,40.3,16,08,308,39.7,08,02,051,,29,64,214,,1*6A
$GLGSV,1,1,04,79,24,151,,68,44,051,39.7,84,37,285,,85,11,334,40.0,1*7C
$GAGSV,1,1,00,7*73
$GBGSV,3,1,12,09,01,184,,01,38,147,,10,32,215,,02,30,229,,1*74
$GBGSV,3,2,12,08,27,167,,04,27,125,,06,20,166,,05,16,249,38.9,1*6A
$GBGSV,3,3,12,07,16,190,39.9,11,08,039,,13,06,039,39.2,03,45,191,38.8,1*6C
$GNRMC,202525.000,A,3900.0029,N,11613.9818,E,0.04,328.96,280612,,,A,V*08
$GNVTG,328.96,T,,M,0.04,N,0.08,K,A*29
$GNZDA,202525.000,28,06,2012,,*47
$GNGGA,202526.000,3900.0029,N,11613.9818,E,1,10,0.74,-14.8,M,-6.8,M,,*7F
$PAIRACC,3.45,9.07*47
$GNGLL,3900.0029,N,11613.9818,E,202526.000,A,A*4B
$GNGSA,A,3,24,18,02,16,,,,,,,,,1.37,0.74,1.15,1*08
$GNGSA,A,3,68,85,,,,,,,,,,,1.37,0.74,1.15,2*02
$GNGSA,A,3,,,,,,,,,,,,,1.37,0.74,1.15,3*00
$GNGSA,A,3,05,07,13,03,,,,,,,,,1.37,0.74,1.15,4*04
$GPGSV,3,1,12,30,01,214,,15,59,133,,24,73,031,39.8,26,55,094,,1*7C
$GPGSV,3,2,12,21,43,308,,10,34,052,,18,28,249,39.7,27,10,077,,1*73
$GPGSV,3,3,12,02,08,108,40.3,16,08,308,39.8,08,02,051,,29,64,214,,1*65
$GLGSV,1,1,04,79,24,151,,68,44,051,40.0,84,37,285,,85,11,334,40.1,1*74
$GAGSV,1,1,00,7*73
$GBGSV,3,1,12,09,01,184,,01,38,147,,10,32,215,,02,30,229,,1*74
$GBGSV,3,2,12,08,27,167,,04,27,125,,06,20,166,,05,16,249,39.4,1*66
$GBGSV,3,3,12,07,16,190,39.4,11,08,039,,13,06,039,39.5,03,45,191,39.2,1*6D
$GNRMC,202526.000,A,3900.0029,N,11613.9818,E,0.04,330.76,280612,,,A,V*0C
$GNVTG,330.76,T,,M,0.04,N,0.08,K,A*2E
$GNZDA,202526.000,28,06,2012,,*44
$GNGGA,202527.000,3900.0029,N,11613.9818,E,1,10,0.74,-14.8,M,-6.8,M,,*7E
$PAIRACC,3.49,9.08*44
$GNGLL,3900.0029,N,11613.9818,E,202527.000,A,A*4A
$GNGSA,A,3,24,18,02,16,,,,,,,,,1.37,0.74,1.15,1*08
$GNGSA,A,3,68,85,,,,,,,,,,,1.37,0.74,1.15,2*02
$GNGSA,A,3,,,,,,,,,,,,,1.37,0.74,1.15,3*00
$GNGSA,A,3,05,07,13,03,,,,,,,,,1.37,0.74,1.15,4*04
$GPGSV,3,1,12,30,01,214,,15,59,133,,24,73,031,39.6,26,55,094,,1*72
$GPGSV,3,2,12,21,43,308,,10,34,052,,18,28,249,39.8,27,10,077,,1*7C
$GPGSV,3,3,12,02,08,108,40.1,16,08,308,39.7,08,02,051,,29,64,214,,1*68
$GLGSV,1,1,04,79,24,151,,68,44,051,39.7,84,37,285,,85,11,334,39.9,1*7B
$GAGSV,1,1,00,7*73
$GBGSV,3,1,12,09,01,184,,01,38,147,,10,32,215,,02,30,229,,1*74
$GBGSV,3,2,12,08,27,167,,04,27,125,,06,20,166,,05,16,249,38.9,1*6A
$GBGSV,3,3,12,07,16,190,40.1,11,08,039,,13,06,039,39.7,03,45,191,38.8,1*6F
$GNRMC,202527.000,A,3900.0029,N,11613.9818,E,0.04,340.96,280612,,,A,V*04
$GNVTG,340.96,T,,M,0.04,N,0.07,K,A*28
$GNZDA,202527.000,28,06,2012,,*45
$GNGGA,202528.000,3900.0029,N,11613.9818,E,1,10,0.74,-14.8,M,-6.8,M,,*71
$PAIRACC,3.46,9.07*44
$GNGLL,3900.0029,N,11613.9818,E,202528.000,A,A*45
$GNGSA,A,3,24,18,02,16,,,,,,,,,1.37,0.74,1.15,1*08
$GNGSA,A,3,68,85,,,,,,,,,,,1.37,0.74,1.15,2*02
$GNGSA,A,3,,,,,,,,,,,,,1.37,0.74,1.15,3*00
$GNGSA,A,3,05,07,13,03,,,,,,,,,1.37,0.74,1.15,4*04
$GPGSV,3,1,12,30,01,214,,15,59,133,,24,73,031,39.6,26,55,094,,1*72
$GPGSV,3,2,12,21,43,308,,10,34,052,,18,28,249,39.8,27,10,077,,1*7C
$GPGSV,3,3,12,02,08,108,39.9,16,08,308,39.6,08,02,051,,29,64,214,,1*6F
$GLGSV,1,1,04,79,24,151,,68,44,051,40.1,84,37,285,,85,11,334,39.6,1*7C
$GAGSV,1,1,00,7*73
$GBGSV,3,1,12,09,01,184,,01,38,147,,10,32,215,,02,30,229,,1*74
$GBGSV,3,2,12,08,27,167,,04,27,125,,06,20,166,,05,16,249,39.2,1*60
$GBGSV,3,3,12,07,16,190,39.0,11,08,039,,13,06,039,39.4,03,45,191,38.5,1*6E
$GNRMC,202528.000,A,3900.0029,N,11613.9818,E,0.03,331.72,280612,,,A,V*00
$GNVTG,331.72,T,,M,0.03,N,0.06,K,A*22
$GNZDA,202528.000,28,06,2012,,*4A
$GNGGA,202529.000,3900.0029,N,11613.9818,E,1,10,0.74,-14.8,M,-6.8,M,,*70
$PAIRACC,3.44,9.05*44
$GNGLL,3900.0029,N,11613.9818,E,202529.000,A,A*44
$GNGSA,A,3,24,18,02,16,,,,,,,,,1.37,0.74,1.15,1*08
$GNGSA,A,3,68,85,,,,,,,,,,,1.37,0.74,1.15,2*02
$GNGSA,A,3,,,,,,,,,,,,,1.37,0.74,1.15,3*00
$GNGSA,A,3,13,05,07,03,,,,,,,,,1.37,0.74,1.15,4*04
$GPGSV,3,1,11,30,01,214,,15,59,133,,24,73,031,39.9,26,55,094,,1*7E
$GPGSV,3,2,11,21,43,308,,10,34,052,,18,28,249,39.4,02,08,108,40.0,1*6E
$GPGSV,3,3,11,16,08,308,39.6,08,02,051,,29,64,214,,1*42
$GLGSV,1,1,04,79,24,151,,68,44,051,39.7,84,37,285,,85,11,334,39.6,1*74
$GAGSV,1,1,00,7*73
$GBGSV,3,1,11,13,06,039,40.1,01,38,147,,10,32,215,,02,30,229,,1*67
$GBGSV,3,2,11,08,27,167,,04,27,125,,06,20,166,,05,16,249,39.3,1*62
$GBGSV,3,3,11,07,16,190,39.8,11,08,039,,03,45,191,39.4,1*4B
$GNRMC,202529.000,A,3900.0029,N,11613.9818,E,0.03,338.38,280612,,,A,V*06
$GNVTG,338.38,T,,M,0.03,N,0.06,K,A*25
$GNZDA,202529.000,28,06,2012,,*4B
$GNGGA,202530.000,3900.0029,N,11613.9818,E,1,10,0.74,-14.8,M,-6.8,M,,*78
$PAIRACC,3.50,9.10*45
$GNGLL,3900.0029,N,11613.9818,E,202530.000,A,A*4C
$GNGSA,A,3,24,18,02,16,,,,,,,,,1.37,0.74,1.15,1*08
$GNGSA,A,3,68,85,,,,,,,,,,,1.37,0.74,1.15,2*02
$GNGSA,A,3,,,,,,,,,,,,,1.37,0.74,1.15,3*00
$GNGSA,A,3,05,07,13,03,,,,,,,,,1.37,0.74,1.15,4*04
$GPGSV,3,1,12,30,01,214,,15,59,133,,24,73,031,39.6,26,55,094,,1*72
$GPGSV,3,2,12,21,43,308,,10,34,052,,18,28,249,39.6,27,10,077,,1*72
$GPGSV,3,3,12,02,08,108,39.9,16,08,308,39.6,08,02,051,,29,64,214,,1*6F
$GLGSV,1,1,04,79,24,151,,68,44,051,39.6,84,37,285,,85,11,334,39.7,1*74
$GAGSV,1,1,00,7*73
$GBGSV,3,1,12,09,01,184,,01,38,147,,10,32,215,,02,30,229,,1*74
$GBGSV,3,2,12,08,27,167,,04,27,125,,06,20,166,,05,16,249,39.2,1*60
$GBGSV,3,3,12,07,16,190,38.9,11,08,039,,13,06,039,39.5,03,45,191,38.8,1*6A
$GNRMC,202530.000,A,3900.0029,N,11613.9818,E,0.03,340.47,280612,,,A,V*09
$GNVTG,340.47,T,,M,0.03,N,0.05,K,A*21
$GNZDA,202530.000,28,06,2012,,*43
$GNGGA,202531.000,3900.0029,N,11613.9818,E,1,10,0.74,-14.8,M,-6.8,M,,*79
$PAIRACC,3.44,9.05*44
$GNGLL,3900.0029,N,11613.9818,E,202531.000,A,A*4D
$GNGSA,A,3,24,18,02,16,,,,,,,,,1.37,0.74,1.15,1*08
$GNGSA,A,3,68,85,,,,,,,,,,,1.37,0.74,1.15,2*02
$GNGSA,A,3,,,,,,,,,,,,,1.37,0.74,1.15,3*00
$GNGSA,A,3,05,07,13,03,,,,,,,,,1.37,0.74,1.15,4*04
$GPGSV,3,1,12,30,01,214,,15,59,133,,24,73,031,40.4,26,55,094,,1*7E
$GPGSV,3,2,12,21,43,308,,10,34,052,,18,28,249,39.6,27,10,077,,1*72
$GPGSV,3,3,12,02,08,108,40.2,16,08,308,40.0,08,02,051,,29,64,214,,1*62
$GLGSV,1,1,04,79,24,151,,68,44,051,39.6,84,37,285,,85,11,334,39.4,1*77
$GAGSV,1,1,00,7*73
$GBGSV,3,1,12,09,01,184,,01,38,147,,10,32,215,,02,30,229,,1*74
$GBGSV,3,2,12,08,27,167,,04,27,125,,06,20,166,,05,16,249,39.1,1*63
$GBGSV,3,3,12,07,16,190,39.9,11,08,039,,13,06,039,39.4,03,45,191,39.0,1*63
$GNRMC,202531.000,A,3900.0029,N,11613.9818,E,0.02,333.07,280612,,,A,V*09
$GNVTG,333.07,T,,M,0.02,N,0.04,K,A*21
$GNZDA,202531.000,28,06,2012,,*42
$GNGGA,202532.000,3900.0029,N,11613.9818,E,1,10,0.74,-14.8,M,-6.8,M,,*7A
$PAIRACC,3.45,9.07*47
$GNGLL,3900.0029,N,11613.9818,E,202532.000,A,A*4E
$GNGSA,A,3,24,18,02,16,,,,,,,,,1.37,0.74,1.15,1*08
$GNGSA,A,3,68,85,,,,,,,,,,,1.37,0.74,1.15,2*02
$GNGSA,A,3,,,,,,,,,,,,,1.37,0.74,1.15,3*00
$GNGSA,A,3,05,07,13,03,,,,,,,,,1.37,0.74,1.15,4*04
$GPGSV,3,1,12,30,01,214,,15,59,133,,24,73,031,39.7,26,55,094,,1*73
$GPGSV,3,2,12,21,43,308,,10,34,052,,18,28,249,39.7,27,10,077,,1*73
$GPGSV,3,3,12,02,08,108,40.2,16,08,308,39.5,08,02,051,,29,64,214,,1*69
$GLGSV,1,1,04,79,24,151,,68,44,051,40.4,84,37,285,,85,11,334,40.1,1*70
$GAGSV,1,1,00,7*73
$GBGSV,3,1,12,09,01,184,,01,38,147,,10,32,215,,02,30,229,,1*74
$GBGSV,3,2,12,08,27,167,,04,27,125,,06,20,166,,05,16,249,39.2,1*60
$GBGSV,3,3,12,07,16,190,39.1,11,08,039,,13,06,039,39.4,03,45,191,39.3,1*68
$GNRMC,202532.000,A,3900.0029,N,11613.9818,E,0.02,337.37,280612,,,A,V*0D
$GNVTG,337.37,T,,M,0.02,N,0.03,K,A*21
$GNZDA,202532.000,28,06,2012,,*41
$GNGGA,202533.000,3900.0029,N,11613.9818,E,1,10,0.74,-14.8,M,-6.8,M,,*7B
$PAIRACC,3.49,9.08*44
$GNGLL,3900.0029,N,11613.9818,E,202533.000,A,A*4F
$GNGSA,A,3,24,18,02,16,,,,,,,,,1.37,0.74,1.15,1*08
$GNGSA,A,3,68,85,,,,,,,,,,,1.37,0.74,1.15,2*02
$GNGSA,A,3,,,,,,,,,,,,,1.37,0.74,1.15,3*00
$GNGSA,A,3,05,07,13,03,,,,,,,,,1.37,0.74,1.15,4*04
$GPGSV,3,1,12,30,01,214,,15,59,133,,24,73,031,39.6,26,55,094,,1*72
$GPGSV,3,2,12,21,43,308,,10,34,052,,18,28,249,39.8,27,10,077,,1*7C
$GPGSV,3,3,12,02,08,108,39.9,16,08,308,39.3,08,02,051,,29,64,214,,1*6A
$GLGSV,1,1,04,79,24,151,,68,44,051,40.2,84,37,285,,85,11,334,39.6,1*7F
$GAGSV,1,1,00,7*73
$GBGSV,3,1,12,09,01,184,,01,38,147,,10,32,215,,02,30,229,,1*74
$GBGSV,3,2,12,08,27,167,,04,27,125,,06,20,166,,05,16,249,39.2,1*60
$GBGSV,3,3,12,07,16,190,39.5,11,08,039,,13,06,039,39.5,03,45,191,39.0,1*6E
$GNRMC,202533.000,A,3900.0029,N,11613.9818,E,0.01,342.50,280612,,,A,V*0C
$GNVTG,342.50,T,,M,0.01,N,0.03,K,A*21
$GNZDA,202533.000,28,06,2012,,*40
$GNGGA,202534.000,3900.0029,N,11613.9818,E,1,10,0.74,-14.8,M,-6.8,M,,*7C
$PAIRACC,3.45,9.07*47
$GNGLL,3900.0029,N,11613.9818,E,202534.000,A,A*48
$GNGSA,A,3,24,18,02,16,,,,,,,,,1.37,0.74,1.15,1*08
$GNGSA,A,3,68,85,,,,,,,,,,,1.37,0.74,1.15,2*02
$GNGSA,A,3,,,,,,,,,,,,,1.37,0.74,1.15,3*00
$GNGSA,A,3,05,07,13,03,,,,,,,,,1.37,0.74,1.15,4*04
$GPGSV,3,1,12,30,01,214,,15,59,133,,24,73,031,39.9,26,55,094,,1*7D
$GPGSV,3,2,12,21,43,308,,10,34,052,,18,28,249,39.7,27,10,077,,1*73
$GPGSV,3,3,12,02,08,108,39.8,16,08,308,39.8,08,02,051,,29,64,214,,1*60
$GLGSV,1,1,04,79,24,151,,68,44,051,39.8,84,37,285,,85,11,334,39.8,1*75
$GAGSV,1,1,00,7*73
$GBGSV,3,1,12,09,01,184,,01,38,147,,10,32,215,,02,30,229,,1*74
$GBGSV,3,2,12,08,27,167,,04,27,125,,06,20,166,,05,16,249,38.9,1*6A
$GBGSV,3,3,12,07,16,190,40.2,11,08,039,,13,06,039,39.8,03,45,191,38.9,1*62
$GNRMC,202534.000,A,3900.0029,N,11613.9818,E,0.01,345.08,280612,,,A,V*01
$GNVTG,345.08,T,,M,0.01,N,0.02,K,A*2A
$GNZDA,202534.000,28,06,2012,,*47
$GNGGA,202535.000,3900.0029,N,11613.9818,E,1,10,0.74,-14.8,M,-6.8,M,,*7D
$PAIRACC,3.60,9.63*42
$GNGLL,3900.0029,N,11613.9818,E,202535.000,A,A*49
$GNGSA,A,3,24,18,02,16,,,,,,,,,1.37,0.74,1.15,1*08
$GNGSA,A,3,68,85,,,,,,,,,,,1.37,0.74,1.15,2*02
$GNGSA,A,3,,,,,,,,,,,,,1.37,0.74,1.15,3*00
$GNGSA,A,3,05,07,13,03,,,,,,,,,1.37,0.74,1.15,4*04
$GPGSV,3,1,12,30,01,214,,15,59,133,,24,73,031,39.8,26,55,094,,1*7C
$GPGSV,3,2,12,21,43,308,,10,34,052,,18,28,249,39.5,27,10,077,,1*71
$GPGSV,3,3,12,02,08,108,39.6,16,08,308,39.3,08,02,051,,29,64,214,,1*65
$GLGSV,1,1,04,79,24,151,,68,44,051,39.9,84,37,285,,85,11,334,39.7,1*7B
$GAGSV,1,1,00,7*73
$GBGSV,3,1,12,09,01,184,,01,38,147,,10,32,215,,02,30,229,,1*74
$GBGSV,3,2,12,08,27,167,,04,27,125,,06,20,166,,05,16,249,39.7,1*65
$GBGSV,3,3,12,07,16,190,39.5,11,08,039,,13,06,039,39.7,03,45,191,39.3,1*6F
$GNRMC,202535.000,A,3900.0029,N,11613.9818,E,0.01,335.18,280612,,,A,V*06
$GNVTG,335.18,T,,M,0.01,N,0.01,K,A*2F
$GNZDA,202535.000,28,06,2012,,*46
$GNGGA,202536.000,3900.0029,N,11613.9818,E,1,10,0.74,-14.8,M,-6.8,M,,*7E
$PAIRACC,3.45,9.07*47
$GNGLL,3900.0029,N,11613.9818,E,202536.000,A,A*4A
$GNGSA,A,3,24,18,02,16,,,,,,,,,1.37,0.74,1.15,1*08
$GNGSA,A,3,68,85,,,,,,,,,,,1.37,0.74,1.15,2*02
$GNGSA,A,3,,,,,,,,,,,,,1.37,0.74,1.15,3*00
$GNGSA,A,3,05,07,13,03,,,,,,,,,1.37,0.74,1.15,4*04
$GPGSV,3,1,12,30,01,214,,15,59,133,,24,73,031,40.0,26,55,094,,1*7A
$GPGSV,3,2,12,21,43,308,,10,34,052,,18,28,249,40.0,27,10,077,,1*7A
$GPGSV,3,3,12,02,08,108,39.9,16,08,308,39.2,08,02,051,,29,64,214,,1*6B
$GLGSV,1,1,04,79,24,151,,68,44,051,39.7,84,37,285,,85,11,334,39.5,1*77
$GAGSV,1,1,00,7*73
$GBGSV,3,1,12,09,01,184,,01,38,147,,10,32,215,,02,30,229,,1*74
$GBGSV,3,2,12,08,27,167,,04,27,125,,06,20,166,,05,16,249,39.0,1*62
$GBGSV,3,3,12,07,16,190,39.7,11,08,039,,13,06,039,39.5,03,45,191,38.8,1*65
$GNRMC,202536.000,A,3900.0029,N,11613.9818,E,0.01,345.60,280612,,,A,V*0D
$GNVTG,345.60,T,,M,0.01,N,0.01,K,A*27
$GNZDA,202536.000,28,06,2012,,*45
$GNGGA,202537.000,3900.0029,N,11613.9818,E,1,10,0.74,-14.8,M,-6.8,M,,*7F
$PAIRACC,3.60,9.63*42
$GNGLL,3900.0029,N,11613.9818,E,202537.000,A,A*4B
$GNGSA,A,3,24,18,02,16,,,,,,,,,1.37,0.74,1.15,1*08
$GNGSA,A,3,68,85,,,,,,,,,,,1.37,0.74,1.15,2*02
$GNGSA,A,3,,,,,,,,,,,,,1.37,0.74,1.15,3*00
$GNGSA,A,3,05,07,13,03,,,,,,,,,1.37,0.74,1.15,4*04
$GPGSV,3,1,12,30,01,214,,15,59,133,,24,73,031,39.4,26,55,094,,1*70
$GPGSV,3,2,12,21,43,308,,10,34,052,,18,28,249,39.8,27,10,077,,1*7C
$GPGSV,3,3,12,02,08,108,39.5,16,08,308,39.3,08,02,051,,29,64,214,,1*66
$GLGSV,1,1,04,79,24,151,,68,44,051,40.2,84,37,285,,85,11,334,40.2,1*75
$GAGSV,1,1,00,7*73
$GBGSV,3,1,12,09,01,184,,01,38,147,,10,32,215,,02,30,229,,1*74
$GBGSV,3,2,12,08,27,167,,04,27,125,,06,20,166,,05,16,249,39.0,1*62
$GBGSV,3,3,12,07,16,190,39.5,11,08,039,,13,06,039,39.3,03,45,191,39.0,1*68
$GNRMC,202537.000,A,3900.0029,N,11613.9818,E,0.01,324.69,280612,,,A,V*02
$GNVTG,324.69,T,,M,0.01,N,0.01,K,A*29
$GNZDA,202537.000,28,06,2012,,*44
$GNGGA,202538.000,3900.0029,N,11613.9818,E,1,10,0.74,-14.8,M,-6.8,M,,*70
$PAIRACC,3.46,9.07*44
$GNGLL,3900.0029,N,11613.9818,E,202538.000,A,A*44
$GNGSA,A,3,24,18,02,16,,,,,,,,,1.37,0.74,1.15,1*08
$GNGSA,A,3,68,85,,,,,,,,,,,1.37,0.74,1.15,2*02
$GNGSA,A,3,,,,,,,,,,,,,1.37,0.74,1.15,3*00
$GNGSA,A,3,05,07,13,03,,,,,,,,,1.37,0.74,1.15,4*04
$GPGSV,3,1,12,30,01,214,,15,59,133,,24,73,031,39.5,26,55,094,,1*71
$GPGSV,3,2,12,21,43,308,,10,34,052,,18,28,249,39.5,27,10,077,,1*71
$GPGSV,3,3,12,02,08,108,39.7,16,08,308,39.5,08,02,051,,29,64,214,,1*62
$GLGSV,1,1,04,79,24,151,,68,44,051,40.5,84,37,285,,85,11,334,40.0,1*70
$GAGSV,1,1,00,7*73
$GBGSV,3,1,12,09,01,184,,01,38,147,,10,32,215,,02,30,229,,1*74
$GBGSV,3,2,12,08,27,167,,04,27,125,,06,20,166,,05,16,249,38.8,1*6B
$GBGSV,3,3,12,07,16,190,39.7,11,08,039,,13,06,039,39.5,03,45,191,38.8,1*65
$GNRMC,202538.000,A,3900.0029,N,11613.9818,E,0.01,336.99,280612,,,A,V*01
$GNVTG,336.99,T,,M,0.01,N,0.01,K,A*25
$GNZDA,202538.000,28,06,2012,,*4B
$GNGGA,202539.000,3900.0029,N,11613.9818,E,1,10,0.74,-14.8,M,-6.8,M,,*71
$PAIRACC,3.61,9.63*43
$GNGLL,3900.0029,N,11613.9818,E,202539.000,A,A*45
$GNGSA,A,3,24,18,02,16,,,,,,,,,1.37,0.74,1.15,1*08
$GNGSA,A,3,68,85,,,,,,,,,,,1.37,0.74,1.15,2*02
$GNGSA,A,3,,,,,,,,,,,,,1.37,0.74,1.15,3*00
$GNGSA,A,3,05,07,13,03,,,,,,,,,1.37,0.74,1.15,4*04
$GPGSV,3,1,12,30,01,214,,15,59,133,,24,73,031,39.4,26,55,094,,1*70
$GPGSV,3,2,12,21,43,308,,10,34,052,,18,28,249,39.9,27,10,077,,1*7D
$GPGSV,3,3,12,02,08,108,39.4,16,08,308,40.1,08,02,051,,29,64,214,,1*6B
$GLGSV,1,1,04,79,24,151,,68,44,051,39.9,84,37,285,,85,11,334,39.5,1*79
$GAGSV,1,1,00,7*73
$GBGSV,3,1,12,09,01,184,,01,38,147,,10,32,215,,02,30,229,,1*74
$GBGSV,3,2,12,08,27,167,,04,27,125,,06,20,166,,05,16,249,39.3,1*61
$GBGSV,3,3,12,07,16,190,39.1,11,08,039,,13,06,039,39.6,03,45,191,39.0,1*69
$GNRMC,202539.000,A,3900.0029,N,11613.9818,E,0.01,337.68,280612,,,A,V*0F
$GNVTG,337.68,T,,M,0.01,N,0.01,K,A*2A
$GNZDA,202539.000,28,06,2012,,*4A
$GNGGA,202540.000,3900.0029,N,11613.9819,E,1,10,0.74,-14.8,M,-6.8,M,,*7E
$PAIRACC,3.46,9.08*4B
$GNGLL,3900.0029,N,11613.9819,E,202540.000,A,A*4A
$GNGSA,A,3,24,18,02,16,,,,,,,,,1.37,0.74,1.15,1*08
$GNGSA,A,3,68,85,,,,,,,,,,,1.37,0.74,1.15,2*02
$GNGSA,A,3,,,,,,,,,,,,,1.37,0.74,1.15,3*00
$GNGSA,A,3,05,07,13,03,,,,,,,,,1.37,0.74,1.15,4*04
$GPGSV,3,1,12,30,01,214,,15,59,133,,24,73,031,39.5,26,55,094,,1*71
$GPGSV,3,2,12,21,43,308,,10,34,052,,18,28,249,39.6,27,10,077,,1*72
$GPGSV,3,3,12,02,08,108,40.0,16,08,308,39.6,08,02,051,,29,64,214,,1*68
$GLGSV,1,1,04,79,24,151,,68,44,051,40.2,84,37,285,,85,11,334,40.0,1*77
$GAGSV,1,1,00,7*73
$GBGSV,3,1,12,09,01,184,,01,38,147,,10,32,215,,02,30,229,,1*74
$GBGSV,3,2,12,08,27,167,,04,27,125,,06,20,166,,05,16,249,38.8,1*6B
$GBGSV,3,3,12,07,16,190,39.8,11,08,039,,13,06,039,39.7,03,45,191,38.8,1*68
$GNRMC,202540.000,A,3900.0029,N,11613.9819,E,0.01,340.47,280612,,,A,V*0D
$GNVTG,340.47,T,,M,0.01,N,0.01,K,A*27
$GNZDA,202540.000,28,06,2012,,*44
$GNGGA,202541.000,3900.0029,N,11613.9819,E,1,10,0.74,-14.8,M,-6.8,M,,*7F
$PAIRACC,3.61,9.63*43
$GNGLL,3900.0029,N,11613.9819,E,202541.000,A,A*4B
$GNGSA,A,3,24,18,02,16,,,,,,,,,1.37,0.74,1.15,1*08
$GNGSA,A,3,68,85,,,,,,,,,,,1.37,0.74,1.15,2*02
$GNGSA,A,3,,,,,,,,,,,,,1.37,0.74,1.15,3*00
$GNGSA,A,3,07,05,13,03,,,,,,,,,1.37,0.74,1.15,4*04
$GPGSV,3,1,12,30,01,214,,24,73,031,39.5,15,59,133,,26,55,094,,1*71
$GPGSV,3,2,12,21,43,308,,10,34,052,,18,28,249,39.8,27,10,077,,1*7C
$GPGSV,3,3,12,02,08,108,39.8,16,08,308,39.6,08,02,051,,29,64,214,,1*6E
$GLGSV,1,1,04,84,37,285,,68,44,051,39.9,79,24,151,,85,11,334,40.0,1*72
$GAGSV,1,1,00,7*73
$GBGSV,3,1,11,09,01,184,,10,32,215,,02,30,229,,04,27,125,,1*78
$GBGSV,3,2,11,08,27,167,,06,20,166,,07,16,190,39.1,05,16,249,39.5,1*7E
$GBGSV,3,3,11,11,08,039,,13,06,039,39.5,03,45,191,39.3,1*47
$GNRMC,202541.000,A,3900.0029,N,11613.9819,E,0.01,335.02,280612,,,A,V*0F
$GNVTG,335.02,T,,M,0.01,N,0.01,K,A*24
$GNZDA,202541.000,28,06,2012,,*45
$GNGGA,202542.000,3900.0029,N,11613.9819,E,1,10,0.74,-14.8,M,-6.8,M,,*7C
$PAIRACC,3.46,9.08*4B
$GNGLL,3900.0029,N,11613.9819,E,202542.000,A,A*48
$GNGSA,A,3,24,18,02,16,,,,,,,,,1.37,0.74,1.15,1*08
$GNGSA,A,3,68,85,,,,,,,,,,,1.37,0.74,1.15,2*02
$GNGSA,A,3,,,,,,,,,,,,,1.37,0.74,1.15,3*00
$GNGSA,A,3,05,07,13,03,,,,,,,,,1.37,0.74,1.15,4*04
$GPGSV,3,1,12,30,01,214,,15,59,133,,24,73,031,39.7,26,55,094,,1*73
$GPGSV,3,2,12,21,43,308,,10,34,052,,18,28,249,39.4,27,10,077,,1*70
$GPGSV,3,3,12,02,08,108,39.7,16,08,308,39.7,08,02,051,,29,64,214,,1*60
$GLGSV,1,1,04,79,24,151,,68,44,051,39.5,84,37,285,,85,11,334,39.9,1*79
$GAGSV,1,1,00,7*73
$GBGSV,3,1,12,09,01,184,,01,38,147,,10,32,215,,02,30,229,,1*74
$GBGSV,3,2,12,08,27,167,,04,27,125,,06,20,166,,05,16,249,39.0,1*62
$GBGSV,3,3,12,07,16,190,39.5,11,08,039,,13,06,039,39.6,03,45,191,38.6,1*6A
$GNRMC,202542.000,A,3900.0029,N,11613.9819,E,0.01,332.69,280612,,,A,V*06
$GNVTG,332.69,T,,M,0.01,N,0.01,K,A*2E
$GNZDA,202542.000,28,06,2012,,*46
$GNGGA,202543.000,3900.0029,N,11613.9819,E,1,10,0.74,-14.8,M,-6.8,M,,*7D
$PAIRACC,3.53,9.59*4B
$GNGLL,3900.0029,N,11613.9819,E,202543.000,A,A*49
$GNGSA,A,3,24,18,02,16,,,,,,,,,1.37,0.74,1.15,1*08
$GNGSA,A,3,68,85,,,,,,,,,,,1.37,0.74,1.15,2*02
$GNGSA,A,3,,,,,,,,,,,,,1.37,0.74,1.15,3*00
$GNGSA,A,3,05,07,13,03,,,,,,,,,1.37,0.74,1.15,4*04
$GPGSV,3,1,11,08,02,051,,15,59,133,,24,73,031,39.8,26,55,094,,1*74
$GPGSV,3,2,11,21,43,308,,10,34,052,,18,28,249,40.1,27,10,077,,1*78
$GPGSV,3,3,11,02,08,108,39.7,16,08,308,39.9,29,64,214,,1*53
$GLGSV,1,1,04,79,24,151,,68,44,051,39.9,84,37,285,,85,11,334,39.7,1*7B
$GAGSV,1,1,00,7*73
$GBGSV,3,1,12,09,01,184,,01,38,147,,10,32,215,,02,30,229,,1*74
$GBGSV,3,2,12,04,27,125,,08,27,167,,06,20,166,,05,16,249,39.2,1*60
$GBGSV,3,3,12,07,16,190,38.8,11,08,039,,13,06,039,39.6,03,45,191,38.8,1*68
$GNRMC,202543.000,A,3900.0029,N,11613.9819,E,0.01,325.66,280612,,,A,V*0E
$GNVTG,325.66,T,,M,0.01,N,0.01,K,A*27
$GNZDA,202543.000,28,06,2012,,*47
$GNGGA,202544.000,3900.0029,N,11613.9819,E,1,10,0.74,-14.8,M,-6.8,M,,*7A
$PAIRACC,3.46,9.08*4B
$GNGLL,3900.0029,N,11613.9819,E,202544.000,A,A*4E
$GNGSA,A,3,24,18,02,16,,,,,,,,,1.37,0.74,1.15,1*08
$GNGSA,A,3,68,85,,,,,,,,,,,1.37,0.74,1.15,2*02
$GNGSA,A,3,,,,,,,,,,,,,1.37,0.74,1.15,3*00
$GNGSA,A,3,05,07,13,03,,,,,,,,,1.37,0.74,1.15,4*04
$GPGSV,3,1,12,30,01,214,,15,59,133,,24,73,031,39.8,26,55,094,,1*7C
$GPGSV,3,2,12,21,43,308,,10,34,052,,18,28,249,39.3,27,10,077,,1*77
$GPGSV,3,3,12,02,08,108,39.6,16,08,308,39.6,08,02,051,,29,64,214,,1*60
$GLGSV,1,1,04,79,24,151,,68,44,051,40.0,84,37,285,,85,11,334,40.1,1*74
$GAGSV,1,1,00,7*73
$GBGSV,3,1,12,09,01,184,,01,38,147,,10,32,215,,02,30,229,,1*74
$GBGSV,3,2,12,08,27,167,,04,27,125,,06,20,166,,05,16,249,39.1,1*63
$GBGSV,3,3,12,07,16,190,39.8,11,08,039,,13,06,039,40.0,03,45,191,38.9,1*60
$GNRMC,202544.000,A,3900.0029,N,11613.9819,E,0.01,337.39,280612,,,A,V*00
$GNVTG,337.39,T,,M,0.01,N,0.01,K,A*2E
$GNZDA,202544.000,28,06,2012,,*40
$GNGGA,202545.000,3900.0029,N,11613.9819,E,1,10,0.74,-14.8,M,-6.8,M,,*7B
$PAIRACC,3.61,9.64*44
$GNGLL,3900.0029,N,11613.9819,E,202545.000,A,A*4F
$GNGSA,A,3,24,18,02,16,,,,,,,,,1.37,0.74,1.15,1*08
$GNGSA,A,3,68,85,,,,,,,,,,,1.37,0.74,1.15,2*02
$GNGSA,A,3,,,,,,,,,,,,,1.37,0.74,1.15,3*00
$GNGSA,A,3,05,07,13,03,,,,,,,,,1.37,0.74,1.15,4*04
$GPGSV,3,1,12,30,01,214,,15,59,133,,24,73,031,39.7,26,55,094,,1*73
$GPGSV,3,2,12,21,43,308,,10,34,052,,18,28,249,39.8,27,10,077,,1*7C
$GPGSV,3,3,12,02,08,108,40.1,16,08,308,39.8,08,02,051,,29,64,214,,1*67
$GLGSV,1,1,04,79,24,151,,68,44,051,39.5,84,37,285,,85,11,334,39.8,1*78
$GAGSV,1,1,00,7*73
$GBGSV,3,1,12,09,01,184,,01,38,147,,10,32,215,,02,30,229,,1*74
$GBGSV,3,2,12,08,27,167,,04,27,125,,06,20,166,,05,16,249,39.3,1*61
$GBGSV,3,3,12,07,16,190,40.2,11,08,039,,13,06,039,39.5,03,45,191,38.5,1*63
$GNRMC,202545.000,A,3900.0029,N,11613.9819,E,0.01,336.80,280612,,,A,V*02
$GNVTG,336.80,T,,M,0.01,N,0.01,K,A*2D
$GNZDA,202545.000,28,06,2012,,*41
$GNGGA,202546.000,3900.0029,N,11613.9819,E,1,10,0.74,-14.8,M,-6.8,M,,*78
$PAIRACC,3.46,9.08*4B
$GNGLL,3900.0029,N,11613.9819,E,202546.000,A,A*4C
$GNGSA,A,3,24,18,02,16,,,,,,,,,1.37,0.74,1.15,1*08
$GNGSA,A,3,68,85,,,,,,,,,,,1.37,0.74,1.15,2*02
$GNGSA,A,3,,,,,,,,,,,,,1.37,0.74,1.15,3*00
$GNGSA,A,3,05,07,13,03,,,,,,,,,1.37,0.74,1.15,4*04
$GPGSV,3,1,12,30,01,214,,15,59,133,,24,73,031,39.3,26,55,094,,1*77
$GPGSV,3,2,12,21,43,308,,10,34,052,,18,28,249,39.8,27,10,077,,1*7C
$GPGSV,3,3,12,02,08,108,39.7,16,08,308,39.6,08,02,051,,29,64,214,,1*61
$GLGSV,1,1,04,79,24,151,,68,44,051,39.3,84,37,285,,85,11,334,39.9,1*7F
$GAGSV,1,1,00,7*73
$GBGSV,3,1,12,09,01,184,,01,38,147,,10,32,215,,02,30,229,,1*74
$GBGSV,3,2,12,08,27,167,,04,27,125,,06,20,166,,05,16,249,38.9,1*6A
$GBGSV,3,3,12,07,16,190,39.3,11,08,039,,13,06,039,39.8,03,45,191,38.8,1*6C
$GNRMC,202546.000,A,3900.0029,N,11613.9819,E,0.01,332.72,280612,,,A,V*08
$GNVTG,332.72,T,,M,0.01,N,0.01,K,A*24
$GNZDA,202546.000,28,06,2012,,*42
$GNGGA,202547.000,3900.0029,N,11613.9819,E,1,10,0.74,-14.8,M,-6.8,M,,*79
$PAIRACC,3.58,9.60*4A
$GNGLL,3900.0029,N,11613.9819,E,202547.000,A,A*4D
$GNGSA,A,3,24,18,02,16,,,,,,,,,1.37,0.74,1.15,1*08
$GNGSA,A,3,68,85,,,,,,,,,,,1.37,0.74,1.15,2*02
$GNGSA,A,3,,,,,,,,,,,,,1.37,0.74,1.15,3*00
$GNGSA,A,3,05,07,13,03,,,,,,,,,1.37,0.74,1.15,4*04
$GPGSV,3,1,12,30,01,214,,15,59,133,,24,73,031,39.8,26,55,094,,1*7C
$GPGSV,3,2,12,21,43,308,,10,34,052,,18,28,249,39.8,27,10,077,,1*7C
$GPGSV,3,3,12,02,08,108,39.6,16,08,308,39.5,08,02,051,,29,64,214,,1*63
$GLGSV,1,1,04,79,24,151,,68,44,051,39.7,84,37,285,,85,11,334,39.7,1*75
$GAGSV,1,1,00,7*73
$GBGSV,3,1,12,09,01,184,,01,38,147,,10,32,215,,02,30,229,,1*74
$GBGSV,3,2,12,08,27,167,,04,27,125,,06,20,166,,05,16,249,38.7,1*64
$GBGSV,3,3,12,07,16,190,39.6,11,08,039,,13,06,039,39.4,03,45,191,38.3,1*6E
$GNRMC,202547.000,A,3900.0029,N,11613.9819,E,0.01,331.64,280612,,,A,V*0D
$GNVTG,331.64,T,,M,0.01,N,0.01,K,A*20
$GNZDA,202547.000,28,06,2012,,*43
$GNGGA,202548.000,3900.0029,N,11613.9819,E,1,10,0.74,-14.8,M,-6.8,M,,*76
$PAIRACC,3.46,9.08*4B
$GNGLL,3900.0029,N,11613.9819,E,202548.000,A,A*42
$GNGSA,A,3,24,18,02,16,,,,,,,,,1.37,0.74,1.15,1*08
$GNGSA,A,3,68,85,,,,,,,,,,,1.37,0.74,1.15,2*02
$GNGSA,A,3,,,,,,,,,,,,,1.37,0.74,1.15,3*00
$GNGSA,A,3,05,07,13,03,,,,,,,,,1.37,0.74,1.15,4*04
$GPGSV,3,1,12,30,01,214,,15,59,133,,24,73,031,39.4,26,55,094,,1*70
$GPGSV,3,2,12,21,43,308,,10,34,052,,18,28,249,39.7,27,10,077,,1*73
$GPGSV,3,3,12,02,08,108,39.8,16,08,308,39.6,08,02,051,,29,64,214,,1*6E
$GLGSV,1,1,04,79,24,151,,68,44,051,40.0,84,37,285,,85,11,334,39.8,1*73
$GAGSV,1,1,00,7*73
$GBGSV,3,1,12,09,01,184,,01,38,147,,10,32,215,,02,30,229,,1*74
$GBGSV,3,2,12,08,27,167,,04,27,125,,06,20,166,,05,16,249,38.7,1*64
$GBGSV,3,3,12,07,16,190,39.4,11,08,039,,13,06,039,39.4,03,45,191,38.6,1*69
$GNRMC,202548.000,A,3900.0029,N,11613.9819,E,0.01,334.90,280612,,,A,V*0C
$GNVTG,334.90,T,,M,0.01,N,0.01,K,A*2E
$GNZDA,202548.000,28,06,2012,,*4C
$GNGGA,202549.000,3900.0029,N,11613.9819,E,1,10,0.74,-14.8,M,-6.8,M,,*77
$PAIRACC,3.53,9.59*4B
$GNGLL,3900.0029,N,11613.9819,E,202549.000,A,A*43
$GNGSA,A,3,24,18,02,16,,,,,,,,,1.37,0.74,1.15,1*08
$GNGSA,A,3,68,85,,,,,,,,,,,1.37,0.74,1.15,2*02
$GNGSA,A,3,,,,,,,,,,,,,1.37,0.74,1.15,3*00
$GNGSA,A,3,05,07,13,03,,,,,,,,,1.37,0.74,1.15,4*04
$GPGSV,3,1,12,30,01,214,,15,59,133,,24,73,031,39.5,26,55,094,,1*71
$GPGSV,3,2,12,21,43,308,,10,34,052,,18,28,249,39.5,27,10,077,,1*71
$GPGSV,3,3,12,02,08,108,39.7,16,08,308,39.6,08,02,051,,29,64,214,,1*61
$GLGSV,1,1,04,79,24,151,,68,44,051,40.2,84,37,285,,85,11,334,39.5,1*7C
$GAGSV,1,1,00,7*73
$GBGSV,3,1,12,09,01,184,,01,38,147,,10,32,215,,02,30,229,,1*74
$GBGSV,3,2,12,08,27,167,,04,27,125,,06,20,166,,05,16,249,39.3,1*61
$GBGSV,3,3,12,07,16,190,39.9,11,08,039,,13,06,039,39.2,03,45,191,39.0,1*65
$GNRMC,202549.000,A,3900.0029,N,11613.9819,E,0.01,334.08,280612,,,A,V*0C
$GNVTG,334.08,T,,M,0.01,N,0.01,K,A*2F
$GNZDA,202549.000,28,06,2012,,*4D
$GNGGA,202550.000,3900.0029,N,11613.9819,E,1,10,0.74,-14.8,M,-6.8,M,,*7F
$PAIRACC,3.46,9.08*4B
$GNGLL,3900.0029,N,11613.9819,E,202550.000,A,A*4B
$GNGSA,A,3,24,18,02,16,,,,,,,,,1.37,0.74,1.15,1*08
$GNGSA,A,3,68,85,,,,,,,,,,,1.37,0.74,1.15,2*02
$GNGSA,A,3,,,,,,,,,,,,,1.37,0.74,1.15,3*00
$GNGSA,A,3,05,07,13,03,,,,,,,,,1.37,0.74,1.15,4*04
$GPGSV,3,1,12,30,01,214,,15,59,133,,24,73,031,39.8,26,55,094,,1*7C
$GPGSV,3,2,12,21,43,308,,10,34,052,,18,28,249,39.8,27,10,077,,1*7C
$GPGSV,3,3,12,02,08,108,40.0,16,08,308,39.8,08,02,051,,29,64,214,,1*66
$GLGSV,1,1,04,79,24,151,,68,44,051,39.7,84,37,285,,85,11,334,40.1,1*7D
$GAGSV,1,1,00,7*73
$GBGSV,3,1,12,09,01,184,,01,38,147,,10,32,215,,02,30,229,,1*74
$GBGSV,3,2,12,08,27,167,,04,27,125,,06,20,166,,05,16,249,38.6,1*65
$GBGSV,3,3,12,07,16,190,39.1,11,08,039,,13,06,039,39.9,03,45,191,38.0,1*67
$GNRMC,202550.000,A,3900.0029,N,11613.9819,E,0.01,319.18,280612,,,A,V*0A
$GNVTG,319.18,T,,M,0.01,N,0.01,K,A*21
$GNZDA,202550.000,28,06,2012,,*45
$GNGGA,202551.000,3900.0029,N,11613.9819,E,1,10,0.74,-14.8,M,-6.8,M,,*7E
$PAIRACC,3.44,9.07*46
$GNGLL,3900.0029,N,11613.9819,E,202551.000,A,A*4A
$GNGSA,A,3,24,18,02,16,,,,,,,,,1.37,0.74,1.15,1*08
$GNGSA,A,3,68,85,,,,,,,,,,,1.37,0.74,1.15,2*02
$GNGSA,A,3,,,,,,,,,,,,,1.37,0.74,1.15,3*00
$GNGSA,A,3,05,07,13,03,,,,,,,,,1.37,0.74,1.15,4*04
$GPGSV,3,1,12,30,01,214,,15,59,133,,24,73,031,39.8,26,55,094,,1*7C
$GPGSV,3,2,12,21,43,308,,10,34,052,,18,28,249,39.5,27,10,077,,1*71
$GPGSV,3,3,12,02,08,108,39.6,16,08,308,40.0,08,02,051,,29,64,214,,1*68
$GLGSV,1,1,04,79,24,151,,68,44,051,39.4,84,37,285,,85,11,334,40.1,1*7E
$GAGSV,1,1,00,7*73
$GBGSV,3,1,12,09,01,184,,01,38,147,,10,32,215,,02,30,229,,1*74
$GBGSV,3,2,12,08,27,167,,04,27,125,,06,20,166,,05,16,249,39.1,1*63
$GBGSV,3,3,12,07,16,190,39.7,11,08,039,,13,06,039,39.0,03,45,191,38.7,1*6F
$GNRMC,202551.000,A,3900.0029,N,11613.9819,E,0.01,320.27,280612,,,A,V*0D
$GNVTG,320.27,T,,M,0.01,N,0.01,K,A*27
$GNZDA,202551.000,28,06,2012,,*44
$GNGGA,202552.000,3900.0029,N,11613.9819,E,1,10,0.74,-14.9,M,-6.8,M,,*7C
$PAIRACC,3.51,9.11*45
$GNGLL,3900.0029,N,11613.9819,E,202552.000,A,A*49
$GNGSA,A,3,24,18,02,16,,,,,,,,,1.37,0.74,1.15,1*08
$GNGSA,A,3,68,85,,,,,,,,,,,1.37,0.74,1.15,2*02
$GNGSA,A,3,,,,,,,,,,,,,1.37,0.74,1.15,3*00
$GNGSA,A,3,05,07,13,03,,,,,,,,,1.37,0.74,1.15,4*04
$GPGSV,3,1,11,30,01,214,,26,55,094,,24,73,031,39.9,21,43,308,,1*78
$GPGSV,3,2,11,10,34,052,,18,28,249,39.8,27,10,077,,02,08,108,39.3,1*64
$GPGSV,3,3,11,16,08,308,39.5,08,02,051,,15,59,133,,1*46
$GLGSV,1,1,04,79,24,151,,68,44,051,39.9,84,37,285,,85,11,334,39.9,1*75
$GAGSV,1,1,00,7*73
$GBGSV,3,1,12,09,01,184,,01,38,147,,10,32,215,,02,30,229,,1*74
$GBGSV,3,2,12,08,27,167,,04,27,125,,06,20,166,,05,16,249,39.0,1*62
$GBGSV,3,3,12,07,16,190,38.6,11,08,039,,13,06,039,39.9,03,45,191,38.4,1*65
$GNRMC,202552.000,A,3900.0029,N,11613.9819,E,0.01,308.18,280612,,,A,V*08
$GNVTG,308.18,T,,M,0.01,N,0.01,K,A*21
$GNZDA,202552.000,28,06,2012,,*47
$GNGGA,202553.000,3900.0029,N,11613.9819,E,1,10,0.74,-14.9,M,-6.8,M,,*7D
$PAIRACC,3.44,9.07*46
$GNGLL,3900.0029,N,11613.9819,E,202553.000,A,A*48
$GNGSA,A,3,24,18,02,16,,,,,,,,,1.37,0.74,1.15,1*08
$GNGSA,A,3,68,85,,,,,,,,,,,1.37,0.74,1.15,2*02
$GNGSA,A,3,,,,,,,,,,,,,1.37,0.74,1.15,3*00
$GNGSA,A,3,05,07,13,03,,,,,,,,,1.37,0.74,1.15,4*04
$GPGSV,3,1,12,30,01,214,,15,59,133,,24,73,031,39.8,26,55,094,,1*7C
$GPGSV,3,2,12,21,43,308,,10,34,052,,18,28,249,39.7,27,10,077,,1*73
$GPGSV,3,3,12,02,08,108,39.7,16,08,308,40.0,08,02,051,,29,64,214,,1*69
$GLGSV,1,1,04,79,24,151,,68,44,051,39.6,84,37,285,,85,11,334,39.9,1*7A
$GAGSV,1,1,00,7*73
$GBGSV,3,1,12,09,01,184,,01,38,147,,10,32,215,,02,30,229,,1*74
$GBGSV,3,2,12,08,27,167,,04,27,125,,06,20,166,,05,16,249,38.6,1*65
$GBGSV,3,3,12,07,16,190,39.4,11,08,039,,13,06,039,39.5,03,45,191,38.1,1*6F
$GNRMC,202553.000,A,3900.0029,N,11613.9819,E,0.01,318.36,280612,,,A,V*04
$GNVTG,318.36,T,,M,0.01,N,0.01,K,A*2C
$GNZDA,202553.000,28,06,2012,,*46
$GNGGA,202554.000,3900.0029,N,11613.9819,E,1,10,0.74,-14.9,M,-6.8,M,,*7A
$PAIRACC,3.51,9.11*45
$GNGLL,3900.0029,N,11613.9819,E,202554.000,A,A*4F
$GNGSA,A,3,24,18,02,16,,,,,,,,,1.37,0.74,1.15,1*08
$GNGSA,A,3,68,85,,,,,,,,,,,1.37,0.74,1.15,2*02
$GNGSA,A,3,,,,,,,,,,,,,1.37,0.74,1.15,3*00
$GNGSA,A,3,05,07,13,03,,,,,,,,,1.37,0.74,1.15,4*04
$GPGSV,3,1,12,30,01,214,,15,59,133,,24,73,031,40.0,26,55,094,,1*7A
$GPGSV,3,2,12,21,43,308,,10,34,052,,18,28,249,39.6,27,10,077,,1*72
$GPGSV,3,3,12,02,08,108,39.8,16,08,308,39.4,08,02,051,,29,64,214,,1*6C
$GLGSV,1,1,04,79,24,151,,68,44,051,40.1,84,37,285,,85,11,334,39.7,1*7D
$GAGSV,1,1,00,7*73
$GBGSV,3,1,12,09,01,184,,01,38,147,,10,32,215,,02,30,229,,1*74
$GBGSV,3,2,12,08,27,167,,04,27,125,,06,20,166,,05,16,249,39.3,1*61
$GBGSV,3,3,12,07,16,190,39.7,11,08,039,,13,06,039,39.7,03,45,191,38.8,1*67
$GNRMC,202554.000,A,3900.0029,N,11613.9819,E,0.01,321.83,280612,,,A,V*07
$GNVTG,321.83,T,,M,0.01,N,0.01,K,A*28
$GNZDA,202554.000,28,06,2012,,*41
$GNGGA,202555.000,3900.0029,N,11613.9819,E,1,10,0.74,-14.9,M,-6.8,M,,*7B
$PAIRACC,3.44,9.06*47
$GNGLL,3900.0029,N,11613.9819,E,202555.000,A,A*4E
$GNGSA,A,3,24,18,02,16,,,,,,,,,1.37,0.74,1.15,1*08
$GNGSA,A,3,68,85,,,,,,,,,,,1.37,0.74,1.15,2*02
$GNGSA,A,3,,,,,,,,,,,,,1.37,0.74,1.15,3*00
$GNGSA,A,3,05,07,13,03,,,,,,,,,1.37,0.74,1.15,4*04
$GPGSV,3,1,12,30,01,214,,15,59,133,,24,73,031,40.3,26,55,094,,1*79
$GPGSV,3,2,12,21,43,308,,10,34,052,,18,28,249,39.6,27,10,077,,1*72
$GPGSV,3,3,12,02,08,108,39.9,16,08,308,40.1,08,02,051,,29,64,214,,1*66
$GLGSV,1,1,04,79,24,151,,68,44,051,39.9,84,37,285,,85,11,334,39.3,1*7F
$GAGSV,1,1,00,7*73
$GBGSV,3,1,12,09,01,184,,01,38,147,,10,32,215,,02,30,229,,1*74
$GBGSV,3,2,12,08,27,167,,04,27,125,,06,20,166,,05,16,249,39.0,1*62
$GBGSV,3,3,12,07,16,190,39.7,11,08,039,,13,06,039,39.4,03,45,191,38.8,1*64
$GNRMC,202555.000,A,3900.0029,N,11613.9819,E,0.01,334.27,280612,,,A,V*0C
$GNVTG,334.27,T,,M,0.01,N,0.01,K,A*22
$GNZDA,202555.000,28,06,2012,,*40
$GNGGA,202556.000,3900.0029,N,11613.9819,E,1,10,0.74,-14.9,M,-6.8,M,,*78
$PAIRACC,3.51,9.11*45
$GNGLL,3900.0029,N,11613.9819,E,202556.000,A,A*4D
$GNGSA,A,3,24,18,02,16,,,,,,,,,1.37,0.74,1.15,1*08
$GNGSA,A,3,68,85,,,,,,,,,,,1.37,0.74,1.15,2*02
$GNGSA,A,3,,,,,,,,,,,,,1.37,0.74,1.15,3*00
$GNGSA,A,3,05,07,13,03,,,,,,,,,1.37,0.74,1.15,4*04
$GPGSV,3,1,11,08,02,051,,15,59,133,,24,73,031,39.7,26,55,094,,1*7B
$GPGSV,3,2,11,21,43,308,,10,34,052,,18,28,249,39.6,27,10,077,,1*71
$GPGSV,3,3,11,02,08,108,39.7,16,08,308,39.9,29,64,214,,1*53
$GLGSV,1,1,04,79,24,151,,68,44,051,39.5,84,37,285,,85,11,334,39.5,1*75
$GAGSV,1,1,00,7*73
$GBGSV,3,1,12,09,01,184,,01,38,147,,10,32,215,,02,30,229,,1*74
$GBGSV,3,2,12,04,27,125,,08,27,167,,06,20,166,,05,16,249,38.4,1*67
$GBGSV,3,3,12,07,16,190,39.8,11,08,039,,13,06,039,39.7,03,45,191,37.8,1*67
$GNRMC,202556.000,A,3900.0029,N,11613.9819,E,0.01,332.56,280612,,,A,V*0F
$GNVTG,332.56,T,,M,0.01,N,0.01,K,A*22
$GNZDA,202556.000,28,06,2012,,*43
$GNGGA,202557.000,3900.0029,N,11613.9819,E,1,10,0.74,-14.9,M,-6.8,M,,*79
$PAIRACC,3.44,9.06*47
$GNGLL,3900.0029,N,11613.9819,E,202557.000,A,A*4C
$GNGSA,A,3,24,18,02,16,,,,,,,,,1.37,0.74,1.15,1*08
$GNGSA,A,3,68,85,,,,,,,,,,,1.37,0.74,1.15,2*02
$GNGSA,A,3,,,,,,,,,,,,,1.37,0.74,1.15,3*00
$GNGSA,A,3,05,07,13,03,,,,,,,,,1.37,0.74,1.15,4*04
$GPGSV,3,1,12,30,01,214,,15,59,133,,24,73,031,39.6,26,55,094,,1*72
$GPGSV,3,2,12,21,43,308,,10,34,052,,18,28,249,39.7,27,10,077,,1*73
$GPGSV,3,3,12,02,08,108,39.8,16,08,308,39.3,08,02,051,,29,64,214,,1*6B
$GLGSV,1,1,04,79,24,151,,68,44,051,39.9,84,37,285,,85,11,334,39.8,1*74
$GAGSV,1,1,00,7*73
$GBGSV,3,1,12,09,01,184,,01,38,147,,10,32,215,,02,30,229,,1*74
$GBGSV,3,2,12,08,27,167,,04,27,125,,06,20,166,,05,16,249,39.1,1*63
$GBGSV,3,3,12,07,16,190,39.6,11,08,039,,13,06,039,39.6,03,45,191,38.6,1*69
$GNRMC,202557.000,A,3900.0029,N,11613.9819,E,0.01,337.69,280612,,,A,V*07
$GNVTG,337.69,T,,M,0.01,N,0.01,K,A*2B
$GNZDA,202557.000,28,06,2012,,*42
$GNGGA,202558.000,3900.0029,N,11613.9819,E,1,10,0.74,-14.9,M,-6.8,M,,*76
$PAIRACC,3.55,9.61*46
$GNGLL,3900.0029,N,11613.9819,E,202558.000,A,A*43
$GNGSA,A,3,24,18,02,16,,,,,,,,,1.37,0.74,1.15,1*08
$GNGSA,A,3,68,85,,,,,,,,,,,1.37,0.74,1.15,2*02
$GNGSA,A,3,,,,,,,,,,,,,1.37,0.74,1.15,3*00
$GNGSA,A,3,05,07,13,03,,,,,,,,,1.37,0.74,1.15,4*04
$GPGSV,3,1,12,30,01,214,,15,59,133,,24,73,031,40.2,26,55,094,,1*78
$GPGSV,3,2,12,21,43,308,,10,34,052,,18,28,249,39.3,27,10,077,,1*77
$GPGSV,3,3,12,02,08,108,39.8,16,08,308,39.8,08,02,051,,29,64,214,,1*60
$GLGSV,1,1,04,79,24,151,,68,44,051,40.0,84,37,285,,85,11,334,39.8,1*73
$GAGSV,1,1,00,7*73
$GBGSV,3,1,12,09,01,184,,01,38,147,,10,32,215,,02,30,229,,1*74
$GBGSV,3,2,12,08,27,167,,04,27,125,,06,20,166,,05,16,249,38.8,1*6B
$GBGSV,3,3,12,07,16,190,40.2,11,08,039,,13,06,039,39.0,03,45,191,38.6,1*65
$GNRMC,202558.000,A,3900.0029,N,11613.9819,E,0.01,324.35,280612,,,A,V*03
$GNVTG,324.35,T,,M,0.01,N,0.01,K,A*20
$GNZDA,202558.000,28,06,2012,,*4D
$GNGGA,202559.000,3900.0029,N,11613.9819,E,1,10,0.74,-14.9,M,-6.8,M,,*77
$PAIRACC,3.44,9.03*42
$GNGLL,3900.0029,N,11613.9819,E,202559.000,A,A*42
$GNGSA,A,3,24,18,02,16,,,,,,,,,1.37,0.74,1.15,1*08
$GNGSA,A,3,68,85,,,,,,,,,,,1.37,0.74,1.15,2*02
$GNGSA,A,3,,,,,,,,,,,,,1.37,0.74,1.15,3*00
$GNGSA,A,3,05,07,13,03,,,,,,,,,1.37,0.74,1.15,4*04
$GPGSV,3,1,12,30,01,214,,15,59,133,,24,73,031,39.9,26,55,094,,1*7D
$GPGSV,3,2,12,21,43,308,,10,34,052,,18,28,249,39.4,27,10,077,,1*70
$GPGSV,3,3,12,02,08,108,39.8,16,08,308,39.8,08,02,051,,29,64,214,,1*60
$GLGSV,1,1,04,79,24,151,,68,44,051,39.9,84,37,285,,85,11,334,39.6,1*7A
$GAGSV,1,1,00,7*73
$GBGSV,3,1,12,09,01,184,,01,38,147,,10,32,215,,02,30,229,,1*74
$GBGSV,3,2,12,08,27,167,,04,27,125,,06,20,166,,05,16,249,38.3,1*60
$GBGSV,3,3,12,07,16,190,39.0,11,08,039,,13,06,039,40.3,03,45,191,38.2,1*60
$GNRMC,202559.000,A,3900.0029,N,11613.9819,E,0.01,316.58,280612,,,A,V*08
$GNVTG,316.58,T,,M,0.01,N,0.01,K,A*2A
$GNZDA,202559.000,28,06,2012,,*4C
$GNGGA,202600.000,3900.0029,N,11613.9819,E,1,10,0.74,-14.9,M,-6.8,M,,*78
$PAIRACC,3.58,9.67*4D
$GNGLL,3900.0029,N,11613.9819,E,202600.000,A,A*4D
$GNGSA,A,3,24,18,02,16,,,,,,,,,1.37,0.74,1.15,1*08
$GNGSA,A,3,68,85,,,,,,,,,,,1.37,0.74,1.15,2*02
$GNGSA,A,3,,,,,,,,,,,,,1.37,0.74,1.15,3*00
$GNGSA,A,3,05,07,13,03,,,,,,,,,1.37,0.74,1.15,4*04
$GPGSV,3,1,12,30,01,214,,15,59,133,,24,73,031,39.6,26,55,094,,1*72
$GPGSV,3,2,12,21,43,308,,10,34,052,,18,28,249,39.6,27,10,077,,1*72
$GPGSV,3,3,12,02,08,108,39.7,16,08,308,39.6,08,02,051,,29,64,214,,1*61
$GLGSV,1,1,04,79,24,151,,68,44,051,40.0,84,37,285,,85,11,334,39.6,1*7D
$GAGSV,1,1,00,7*73
$GBGSV,3,1,12,09,01,184,,01,38,147,,10,32,215,,02,30,229,,1*74
$GBGSV,3,2,12,08,27,167,,04,27,125,,06,20,166,,05,16,249,39.2,1*60
$GBGSV,3,3,12,07,16,190,39.8,11,08,039,,13,06,039,39.2,03,45,191,39.2,1*66
$GNRMC,202600.000,A,3900.0029,N,11613.9819,E,0.01,326.57,280612,,,A,V*0B
$GNVTG,326.57,T,,M,0.01,N,0.01,K,A*26
$GNZDA,202600.000,28,06,2012,,*43
$GNGGA,202601.000,3900.0029,N,11613.9819,E,1,10,0.74,-14.9,M,-6.8,M,,*79
$PAIRACC,3.49,9.06*4A
$GNGLL,3900.0029,N,11613.9819,E,202601.000,A,A*4C
$GNGSA,A,3,24,18,02,16,,,,,,,,,1.37,0.74,1.15,1*08
$GNGSA,A,3,68,85,,,,,,,,,,,1.37,0.74,1.15,2*02
$GNGSA,A,3,,,,,,,,,,,,,1.37,0.74,1.15,3*00
$GNGSA,A,3,05,07,13,03,,,,,,,,,1.37,0.74,1.15,4*04
$GPGSV,3,1,12,30,01,214,,15,59,133,,24,73,031,39.9,26,55,094,,1*7D
$GPGSV,3,2,12,21,43,308,,10,34,052,,18,28,249,39.8,27,10,077,,1*7C
$GPGSV,3,3,12,02,08,108,39.5,16,08,308,39.7,08,02,051,,29,64,214,,1*62
$GLGSV,1,1,04,79,24,151,,68,44,051,39.6,84,37,285,,85,11,334,39.7,1*74
$GAGSV,1,1,00,7*73
$GBGSV,3,1,12,09,01,184,,01,38,147,,10,32,215,,02,30,229,,1*74
$GBGSV,3,2,12,08,27,167,,04,27,125,,06,20,166,,05,16,249,39.4,1*66
$GBGSV,3,3,12,07,16,190,38.3,11,08,039,,13,06,039,39.0,03,45,191,39.0,1*6C
$GNRMC,202601.000,A,3900.0029,N,11613.9819,E,0.01,295.01,280612,,,A,V*00
$GNVTG,295.01,T,,M,0.01,N,0.01,K,A*2C
$GNZDA,202601.000,28,06,2012,,*42
$GNGGA,202602.000,3900.0029,N,11613.9819,E,1,10,0.74,-14.9,M,-6.8,M,,*7A
$PAIRACC,3.48,9.11*4D
$GNGLL,3900.0029,N,11613.9819,E,202602.000,A,A*4F
$GNGSA,A,3,24,18,02,16,,,,,,,,,1.37,0.74,1.15,1*08
$GNGSA,A,3,68,85,,,,,,,,,,,1.37,0.74,1.15,2*02
$GNGSA,A,3,,,,,,,,,,,,,1.37,0.74,1.15,3*00
$GNGSA,A,3,05,07,13,03,,,,,,,,,1.37,0.74,1.15,4*04
$GPGSV,3,1,12,30,01,214,,15,59,133,,24,73,031,39.6,26,55,094,,1*72
$GPGSV,3,2,12,21,43,308,,10,34,052,,18,28,249,39.6,27,10,077,,1*72
$GPGSV,3,3,12,02,08,108,39.9,16,08,308,39.6,08,02,051,,29,64,214,,1*6F
$GLGSV,1,1,04,79,24,151,,68,44,051,39.0,84,37,285,,85,11,334,39.7,1*72
$GAGSV,1,1,00,7*73
$GBGSV,3,1,12,09,01,184,,01,38,147,,10,32,215,,02,30,229,,1*74
$GBGSV,3,2,12,08,27,167,,04,27,125,,06,20,166,,05,16,249,38.8,1*6B
$GBGSV,3,3,12,07,16,190,39.3,11,08,039,,13,06,039,39.7,03,45,191,38.0,1*6B
$GNRMC,202602.000,A,3900.0029,N,11613.9819,E,0.01,337.95,280612,,,A,V*07
$GNVTG,337.95,T,,M,0.01,N,0.01,K,A*28
$GNZDA,202602.000,28,06,2012,,*41
$GNGGA,202603.000,3900.0029,N,11613.9819,E,1,10,0.74,-14.9,M,-6.8,M,,*7B
$PAIRACC,3.49,9.10*4D
$GNGLL,3900.0029,N,11613.9819,E,202603.000,A,A*4E
$GNGSA,A,3,24,18,02,16,,,,,,,,,1.37,0.74,1.15,1*08
$GNGSA,A,3,68,85,,,,,,,,,,,1.37,0.74,1.15,2*02
$GNGSA,A,3,,,,,,,,,,,,,1.37,0.74,1.15,3*00
$GNGSA,A,3,05,07,13,03,,,,,,,,,1.37,0.74,1.15,4*04
$GPGSV,3,1,12,30,01,214,,15,59,133,,24,73,031,39.6,26,55,094,,1*72
$GPGSV,3,2,12,21,43,308,,10,34,052,,18,28,249,39.8,27,10,077,,1*7C
$GPGSV,3,3,12,02,08,108,39.9,16,08,308,39.7,08,02,051,,29,64,214,,1*6E
$GLGSV,1,1,04,79,24,151,,68,44,051,40.2,84,37,285,,85,11,334,39.8,1*71
$GAGSV,1,1,00,7*73
$GBGSV,3,1,12,09,01,184,,01,38,147,,10,32,215,,02,30,229,,1*74
$GBGSV,3,2,12,08,27,167,,04,27,125,,06,20,166,,05,16,249,38.8,1*6B
$GBGSV,3,3,12,07,16,190,39.9,11,08,039,,13,06,039,39.1,03,45,191,38.4,1*63
$GNRMC,202603.000,A,3900.0029,N,11613.9819,E,0.01,317.58,280612,,,A,V*05
$GNVTG,317.58,T,,M,0.01,N,0.01,K,A*2B
$GNZDA,202603.000,28,06,2012,,*40
$GNGGA,202604.000,3900.0029,N,11613.9819,E,1,10,0.74,-14.9,M,-6.8,M,,*7C
$PAIRACC,3.46,9.09*4A
$GNGLL,3900.0029,N,11613.9819,E,202604.000,A,A*49
$GNGSA,A,3,24,18,02,16,,,,,,,,,1.37,0.74,1.15,1*08
$GNGSA,A,3,68,85,,,,,,,,,,,1.37,0.74,1.15,2*02
$GNGSA,A,3,,,,,,,,,,,,,1.37,0.74,1.15,3*00
$GNGSA,A,3,05,07,13,03,,,,,,,,,1.37,0.74,1.15,4*04
$GPGSV,3,1,12,30,01,214,,15,59,133,,24,73,031,39.8,26,55,094,,1*7C
$GPGSV,3,2,12,21,43,308,,10,34,052,,18,28,249,39.8,27,10,077,,1*7C
$GPGSV,3,3,12,02,08,108,39.8,16,08,308,40.0,08,02,051,,29,64,214,,1*66
$GLGSV,1,1,04,79,24,151,,68,44,051,39.8,84,37,285,,85,11,334,39.6,1*7B
$GAGSV,1,1,00,7*73
$GBGSV,3,1,12,09,01,184,,01,38,147,,10,32,215,,02,30,229,,1*74
$GBGSV,3,2,12,08,27,167,,04,27,125,,06,20,166,,05,16,249,38.8,1*6B
$GBGSV,3,3,12,07,16,190,39.8,11,08,039,,13,06,039,39.4,03,45,191,38.4,1*67
$GNRMC,202604.000,A,3900.0029,N,11613.9819,E,0.01,327.53,280612,,,A,V*0A
$GNVTG,327.53,T,,M,0.01,N,0.01,K,A*23
$GNZDA,202604.000,28,06,2012,,*47
$GNGGA,202605.000,3900.0029,N,11613.9819,E,1,10,0.74,-14.9,M,-6.8,M,,*7D
$PAIRACC,3.53,9.59*4B
$GNGLL,3900.0029,N,11613.9819,E,202605.000,A,A*48
$GNGSA,A,3,24,18,02,16,,,,,,,,,1.37,0.74,1.15,1*08
$GNGSA,A,3,68,85,,,,,,,,,,,1.37,0.74,1.15,2*02
$GNGSA,A,3,,,,,,,,,,,,,1.37,0.74,1.15,3*00
$GNGSA,A,3,05,07,13,03,,,,,,,,,1.37,0.74,1.15,4*04
$GPGSV,3,1,12,30,01,214,,15,59,133,,24,73,031,39.7,26,55,094,,1*73
$GPGSV,3,2,12,21,43,308,,10,34,052,,18,28,249,39.7,27,10,077,,1*73
$GPGSV,3,3,12,02,08,108,39.7,16,08,308,39.3,08,02,051,,29,64,214,,1*64
$GLGSV,1,1,04,79,24,151,,68,44,051,40.0,84,37,285,,85,11,334,39.6,1*7D
$GAGSV,1,1,00,7*73
$GBGSV,3,1,12,09,01,184,,01,38,147,,10,32,215,,02,30,229,,1*74
$GBGSV,3,2,12,08,27,167,,04,27,125,,06,20,166,,05,16,249,38.9,1*6A
$GBGSV,3,3,12,07,16,190,39.9,11,08,039,,13,06,039,39.1,03,45,191,38.0,1*67
$GNRMC,202605.000,A,3900.0029,N,11613.9819,E,0.01,330.40,280612,,,A,V*0F
$GNVTG,330.40,T,,M,0.01,N,0.01,K,A*27
$GNZDA,202605.000,28,06,2012,,*46
$GNGGA,202606.000,3900.0029,N,11613.9819,E,1,10,0.74,-14.9,M,-6.8,M,,*7E
$PAIRACC,3.53,9.14*42
$GNGLL,3900.0029,N,11613.9819,E,202606.000,A,A*4B
$GNGSA,A,3,24,18,02,16,,,,,,,,,1.37,0.74,1.15,1*08
$GNGSA,A,3,68,85,,,,,,,,,,,1.37,0.74,1.15,2*02
$GNGSA,A,3,,,,,,,,,,,,,1.37,0.74,1.15,3*00
$GNGSA,A,3,07,05,13,03,,,,,,,,,1.37,0.74,1.15,4*04
$GPGSV,3,1,12,30,01,214,,24,73,031,39.5,15,59,133,,26,55,094,,1*71
$GPGSV,3,2,12,21,43,308,,10,34,052,,18,28,249,39.5,27,10,077,,1*71
$GPGSV,3,3,12,02,08,108,40.1,16,08,308,39.4,08,02,051,,29,64,214,,1*6B
$GLGSV,1,1,04,84,37,285,,68,44,051,39.8,79,24,151,,85,11,334,39.4,1*79
$GAGSV,1,1,00,7*73
$GBGSV,3,1,11,09,01,184,,01,38,147,,10,32,215,,02,30,229,,1*77
$GBGSV,3,2,11,08,27,167,,04,27,125,,06,20,166,,07,16,190,39.3,1*67
$GBGSV,3,3,11,05,16,249,38.8,13,06,039,39.3,03,45,191,39.2,1*52
$GNRMC,202606.000,A,3900.0029,N,11613.9819,E,0.01,328.80,280612,,,A,V*09
$GNVTG,328.80,T,,M,0.01,N,0.01,K,A*22
$GNZDA,202606.000,28,06,2012,,*45
$GNGGA,202607.000,3900.0029,N,11613.9819,E,1,10,0.74,-14.9,M,-6.8,M,,*7F
$PAIRACC,3.51,9.12*46
$GNGLL,3900.0029,N,11613.9819,E,202607.000,A,A*4A
$GNGSA,A,3,24,18,02,16,,,,,,,,,1.37,0.74,1.15,1*08
$GNGSA,A,3,68,85,,,,,,,,,,,1.37,0.74,1.15,2*02
$GNGSA,A,3,,,,,,,,,,,,,1.37,0.74,1.15,3*00
$GNGSA,A,3,05,07,13,03,,,,,,,,,1.37,0.74,1.15,4*04
$GPGSV,3,1,12,30,01,214,,15,59,133,,24,73,031,39.4,26,55,094,,1*70
$GPGSV,3,2,12,21,43,308,,10,34,052,,18,28,249,39.5,27,10,077,,1*71
$GPGSV,3,3,12,02,08,108,39.4,16,08,308,39.5,08,02,051,,29,64,214,,1*61
$GLGSV,1,1,04,79,24,151,,68,44,051,39.2,84,37,285,,85,11,334,39.9,1*7E
$GAGSV,1,1,00,7*73
$GBGSV,3,1,12,09,01,184,,01,38,147,,10,32,215,,02,30,229,,1*74
$GBGSV,3,2,12,08,27,167,,04,27,125,,06,20,166,,05,16,249,39.0,1*62
$GBGSV,3,3,12,07,16,190,39.7,11,08,039,,13,06,039,39.3,03,45,191,38.8,1*63
$GNRMC,202607.000,A,3900.0029,N,11613.9819,E,0.01,326.90,280612,,,A,V*07
$GNVTG,326.90,T,,M,0.01,N,0.01,K,A*2D
$GNZDA,202607.000,28,06,2012,,*44
$GNGGA,202608.000,3900.0029,N,11613.9819,E,1,10,0.74,-14.9,M,-6.8,M,,*70
$PAIRACC,3.46,9.09*4A
$GNGLL,3900.0029,N,11613.9819,E,202608.000,A,A*45
$GNGSA,A,3,24,18,02,16,,,,,,,,,1.37,0.74,1.15,1*08
$GNGSA,A,3,68,85,,,,,,,,,,,1.37,0.74,1.15,2*02
$GNGSA,A,3,,,,,,,,,,,,,1.37,0.74,1.15,3*00
$GNGSA,A,3,05,07,13,03,,,,,,,,,1.37,0.74,1.15,4*04
$GPGSV,3,1,12,30,01,214,,15,59,133,,24,73,031,39.2,26,55,094,,1*76
$GPGSV,3,2,12,21,43,308,,10,34,052,,18,28,249,39.4,27,10,077,,1*70
$GPGSV,3,3,12,02,08,108,39.4,16,08,308,39.6,08,02,051,,29,64,214,,1*62
$GLGSV,1,1,04,79,24,151,,68,44,051,40.0,84,37,285,,85,11,334,39.7,1*7C
$GAGSV,1,1,00,7*73
$GBGSV,3,1,12,09,01,184,,01,38,147,,10,32,215,,02,30,229,,1*74
$GBGSV,3,2,12,08,27,167,,04,27,125,,06,20,166,,05,16,249,38.7,1*64
$GBGSV,3,3,12,07,16,190,39.0,11,08,039,,13,06,039,39.4,03,45,191,38.8,1*63
$GNRMC,202608.000,A,3900.0029,N,11613.9819,E,0.01,328.60,280612,,,A,V*09
$GNVTG,328.60,T,,M,0.01,N,0.01,K,A*2C
$GNZDA,202608.000,28,06,2012,,*4B
$GNGGA,202609.000,3900.0029,N,11613.9819,E,1,10,0.74,-14.9,M,-6.8,M,,*71
$PAIRACC,3.53,9.58*4A
$GNGLL,3900.0029,N,11613.9819,E,202609.000,A,A*44
$GNGSA,A,3,24,18,02,16,,,,,,,,,1.37,0.74,1.15,1*08
$GNGSA,A,3,68,85,,,,,,,,,,,1.37,0.74,1.15,2*02
$GNGSA,A,3,,,,,,,,,,,,,1.37,0.74,1.15,3*00
$GNGSA,A,3,05,07,13,03,,,,,,,,,1.37,0.74,1.15,4*04
$GPGSV,3,1,11,08,02,051,,15,59,133,,24,73,031,39.4,26,55,094,,1*78
$GPGSV,3,2,11,21,43,308,,10,34,052,,18,28,249,40.1,27,10,077,,1*78
$GPGSV,3,3,11,02,08,108,39.5,16,08,308,39.9,29,64,214,,1*51
$GLGSV,1,1,04,79,24,151,,68,43,053,40.1,84,37,285,,85,11,334,39.3,1*7C
$GAGSV,1,1,00,7*73
$GBGSV,3,1,12,09,01,184,,01,38,147,,10,32,215,,02,30,229,,1*74
$GBGSV,3,2,12,04,27,125,,08,27,167,,06,20,166,,05,16,249,39.0,1*62
$GBGSV,3,3,12,07,16,190,40.1,11,08,039,,13,06,039,39.8,03,45,191,38.7,1*6F
$GNRMC,202609.000,A,3900.0029,N,11613.9819,E,0.01,330.47,280612,,,A,V*04
$GNVTG,330.47,T,,M,0.01,N,0.01,K,A*20
$GNZDA,202609.000,28,06,2012,,*4A
