$GNGGA,024106.000,3859.9990,N,11613.9788,E,1,12,0.74,-16.9,M,-6.8,M,,*77
$PAIRACC,5.37,10.20*79
$GNGLL,3859.9990,N,11613.9788,E,024106.000,A,A*42
$GNGSA,A,3,20,05,31,18,,,,,,,,,1.21,0.74,0.95,1*00
$GNGSA,A,3,72,65,82,74,,,,,,,,,1.21,0.74,0.95,2*00
$GNGSA,A,3,,,,,,,,,,,,,1.21,0.74,0.95,3*0E
$GNGSA,A,3,08,03,04,05,,,,,,,,,1.21,0.74,0.95,4*03
$GPGSV,2,1,08,20,06,315,38.8,30,35,083,,05,25,055,39.5,31,70,214,39.2,1*78
$GPGSV,2,2,08,11,23,289,,12,17,048,,18,08,134,39.3,14,60,046,,1*76
$GLGSV,1,1,04,72,10,334,39.1,65,63,263,39.3,82,19,091,39.5,74,13,259,39.9,1*76
$GAGSV,1,1,00,7*73
$GBGSV,3,1,10,14,02,236,,08,73,343,38.6,09,56,266,,03,43,190,38.1,1*7E
$GBGSV,3,2,10,01,38,147,,02,30,229,,04,27,124,38.7,12,18,243,,1*6D
$GBGSV,3,3,10,05,15,248,38.4,06,75,326,,1*6A
$GNRMC,024106.000,A,3859.9990,N,11613.9788,E,0.00,118.88,280612,,,A,V*08
$GNVTG,118.88,T,,M,0.00,N,0.01,K,A*2A
$GNZDA,024106.000,28,06,2012,,*44
$GNGGA,024107.000,3859.9990,N,11613.9788,E,1,12,0.74,-16.9,M,-6.8,M,,*76
$PAIRACC,5.42,10.25*7E
$GNGLL,3859.9990,N,11613.9788,E,024107.000,A,A*43
$GNGSA,A,3,20,31,05,18,,,,,,,,,1.21,0.74,0.95,1*00
$GNGSA,A,3,74,65,82,72,,,,,,,,,1.21,0.74,0.95,2*00
$GNGSA,A,3,,,,,,,,,,,,,1.21,0.74,0.95,3*0E
$GNGSA,A,3,08,03,04,05,,,,,,,,,1.21,0.74,0.95,4*03
$GPGSV,2,1,08,20,06,315,39.0,30,35,083,,31,70,214,38.8,05,25,055,38.8,1*76
$GPGSV,2,2,08,11,23,289,,12,17,048,,18,08,134,39.2,14,60,046,,1*77
$GLGSV,1,1,04,74,13,259,39.4,65,63,263,38.8,82,19,091,39.5,72,10,334,39.2,1*72
$GAGSV,1,1,00,7*73
$GBGSV,3,1,09,14,02,236,,08,73,343,38.7,09,56,266,,03,43,190,37.4,1*7D
$GBGSV,3,2,09,01,38,147,,04,27,124,38.6,12,18,243,,05,15,248,38.3,1*75
$GBGSV,3,3,09,06,75,326,,1*4C
$GNRMC,024107.000,A,3859.9990,N,11613.9788,E,0.01,101.38,280612,,,A,V*0B
$GNVTG,101.38,T,,M,0.01,N,0.01,K,A*28
$GNZDA,024107.000,28,06,2012,,*45
$GNGGA,024108.000,3859.9990,N,11613.9788,E,1,12,0.74,-16.9,M,-6.8,M,,*79
$PAIRACC,5.41,10.42*7C
$GNGLL,3859.9990,N,11613.9788,E,024108.000,A,A*4C
$GNGSA,A,3,20,05,31,18,,,,,,,,,1.21,0.74,0.95,1*00
$GNGSA,A,3,72,65,82,74,,,,,,,,,1.21,0.74,0.95,2*00
$GNGSA,A,3,,,,,,,,,,,,,1.21,0.74,0.95,3*0E
$GNGSA,A,3,08,03,04,05,,,,,,,,,1.21,0.74,0.95,4*03
$GPGSV,2,1,08,20,06,315,38.8,30,35,083,,05,25,055,39.7,31,70,214,39.3,1*7B
$GPGSV,2,2,08,11,23,289,,12,17,048,,18,08,134,39.6,14,60,046,,1*73
$GLGSV,1,1,04,72,10,334,39.3,65,63,263,39.5,82,19,091,39.4,74,13,259,39.3,1*79
$GAGSV,1,1,00,7*73
$GBGSV,3,1,10,14,02,236,,08,73,343,38.6,09,56,266,,03,43,190,38.7,1*78
$GBGSV,3,2,10,01,38,147,,02,30,229,,04,27,124,38.9,12,18,243,,1*63
$GBGSV,3,3,10,05,15,248,38.6,06,75,326,,1*68
$GNRMC,024108.000,A,3859.9990,N,11613.9788,E,0.01,115.26,280612,,,A,V*0E
$GNVTG,115.26,T,,M,0.01,N,0.01,K,A*22
$GNZDA,024108.000,28,06,2012,,*4A
$GNGGA,024109.000,3859.9990,N,11613.9788,E,1,12,0.74,-17.0,M,-6.8,M,,*70
$PAIRACC,5.45,10.23*7F
$GNGLL,3859.9990,N,11613.9788,E,024109.000,A,A*4D
$GNGSA,A,3,20,05,31,18,,,,,,,,,1.21,0.74,0.95,1*00
$GNGSA,A,3,72,65,82,74,,,,,,,,,1.21,0.74,0.95,2*00
$GNGSA,A,3,,,,,,,,,,,,,1.21,0.74,0.95,3*0E
$GNGSA,A,3,08,03,04,05,,,,,,,,,1.21,0.74,0.95,4*03
$GPGSV,2,1,08,20,06,315,38.8,30,35,083,,05,25,055,39.2,31,70,214,39.3,1*7E
$GPGSV,2,2,08,11,23,289,,12,17,048,,18,08,134,39.3,14,60,046,,1*76
$GLGSV,1,1,04,72,10,334,38.7,65,63,263,17.3,82,19,091,39.5,74,13,259,39.2,1*76
$GAGSV,1,1,00,7*73
$GBGSV,3,1,10,14,02,236,,08,73,343,39.4,09,56,266,,03,43,190,38.0,1*7C
$GBGSV,3,2,10,01,38,147,,02,30,229,,04,27,124,38.8,12,18,243,,1*62
$GBGSV,3,3,10,05,15,248,38.8,06,75,326,,1*66
$GNRMC,024109.000,A,3859.9990,N,11613.9788,E,0.01,101.95,280612,,,A,V*02
$GNVTG,101.95,T,,M,0.01,N,0.01,K,A*2F
$GNZDA,024109.000,28,06,2012,,*4B
$GNGGA,024110.000,3859.9990,N,11613.9788,E,1,12,0.74,-17.0,M,-6.8,M,,*78
$PAIRACC,4.44,9.02*44
$GNGLL,3859.9990,N,11613.9788,E,024110.000,A,A*45
$GNGSA,A,3,20,05,31,18,,,,,,,,,1.21,0.74,0.95,1*00
$GNGSA,A,3,72,65,82,74,,,,,,,,,1.21,0.74,0.95,2*00
$GNGSA,A,3,,,,,,,,,,,,,1.21,0.74,0.95,3*0E
$GNGSA,A,3,08,03,04,05,,,,,,,,,1.21,0.74,0.95,4*03
$GPGSV,2,1,08,20,06,315,38.8,30,35,083,,05,25,055,39.6,31,70,214,39.2,1*7B
$GPGSV,2,2,08,11,23,289,,12,17,048,,18,08,134,39.6,14,60,046,,1*73
$GLGSV,1,1,04,72,10,334,39.0,65,63,263,12.5,82,19,091,38.8,74,13,259,38.9,1*75
$GAGSV,1,1,00,7*73
$GBGSV,3,1,10,14,02,236,,08,73,343,38.5,09,56,266,,03,43,190,38.0,1*7C
$GBGSV,3,2,10,01,38,147,,02,30,229,,04,27,124,39.2,12,18,243,,1*69
$GBGSV,3,3,10,05,15,248,38.9,06,75,326,,1*67
$GNRMC,024110.000,A,3859.9990,N,11613.9788,E,0.01,145.72,280612,,,A,V*03
$GNVTG,145.72,T,,M,0.01,N,0.01,K,A*26
$GNZDA,024110.000,28,06,2012,,*43
$GNGGA,024111.000,3859.9989,N,11613.9787,E,1,11,0.75,-17.0,M,-6.8,M,,*7C
$PAIRACC,4.59,9.06*4C
$GNGLL,3859.9989,N,11613.9787,E,024111.000,A,A*43
$GNGSA,A,3,20,05,31,18,,,,,,,,,1.29,0.75,1.05,1*01
$GNGSA,A,3,72,82,74,,,,,,,,,,1.29,0.75,1.05,2*02
$GNGSA,A,3,,,,,,,,,,,,,1.29,0.75,1.05,3*0F
$GNGSA,A,3,08,03,04,05,,,,,,,,,1.29,0.75,1.05,4*02
$GPGSV,2,1,08,20,06,315,39.0,30,35,083,,05,25,055,39.6,31,70,214,39.2,1*72
$GPGSV,2,2,08,11,23,289,,12,17,048,,18,08,134,39.0,14,60,046,,1*75
$GLGSV,1,1,04,72,10,334,38.8,65,63,263,,82,19,091,39.7,74,13,259,39.0,1*62
$GAGSV,1,1,00,7*73
$GBGSV,3,1,10,14,02,236,,08,73,343,39.1,09,56,266,,03,43,190,38.7,1*7E
$GBGSV,3,2,10,01,38,147,,02,30,229,,04,27,124,38.8,12,18,243,,1*62
$GBGSV,3,3,10,05,15,248,39.0,06,75,326,,1*6F
$GNRMC,024111.000,A,3859.9989,N,11613.9787,E,0.01,175.10,280612,,,A,V*02
$GNVTG,175.10,T,,M,0.01,N,0.01,K,A*21
$GNZDA,024111.000,28,06,2012,,*42
$GNGGA,024112.000,3859.9989,N,11613.9787,E,1,11,0.75,-17.0,M,-6.8,M,,*7F
$PAIRACC,4.52,9.11*41
$GNGLL,3859.9989,N,11613.9787,E,024112.000,A,A*40
$GNGSA,A,3,20,05,31,18,,,,,,,,,1.29,0.75,1.05,1*01
$GNGSA,A,3,72,82,74,,,,,,,,,,1.29,0.75,1.05,2*02
$GNGSA,A,3,,,,,,,,,,,,,1.29,0.75,1.05,3*0F
$GNGSA,A,3,08,03,04,05,,,,,,,,,1.29,0.75,1.05,4*02
$GPGSV,2,1,08,20,06,315,39.3,30,35,083,,05,25,055,39.7,31,70,214,38.9,1*7A
$GPGSV,2,2,08,11,23,289,,12,17,048,,18,08,134,39.2,14,60,046,,1*77
$GLGSV,1,1,04,72,10,334,39.0,65,63,263,,82,19,091,38.7,74,13,259,39.0,1*6A
$GAGSV,1,1,00,7*73
$GBGSV,3,1,10,14,02,236,,08,73,343,38.8,09,56,266,,03,43,190,37.8,1*76
$GBGSV,3,2,10,01,38,147,,02,30,229,,04,27,124,38.5,12,18,243,,1*6F
$GBGSV,3,3,10,05,15,248,39.1,06,75,326,,1*6E
$GNRMC,024112.000,A,3859.9989,N,11613.9787,E,0.01,181.60,280612,,,A,V*0D
$GNVTG,181.60,T,,M,0.01,N,0.01,K,A*2D
$GNZDA,024112.000,28,06,2012,,*41
$GNGGA,024113.000,3859.9989,N,11613.9787,E,1,11,0.75,-17.0,M,-6.8,M,,*7E
$PAIRACC,4.59,9.02*48
$GNGLL,3859.9989,N,11613.9787,E,024113.000,A,A*41
$GNGSA,A,3,20,05,31,18,,,,,,,,,1.29,0.75,1.05,1*01
$GNGSA,A,3,72,82,74,,,,,,,,,,1.29,0.75,1.05,2*02
$GNGSA,A,3,,,,,,,,,,,,,1.29,0.75,1.05,3*0F
$GNGSA,A,3,08,03,04,05,,,,,,,,,1.29,0.75,1.05,4*02
$GPGSV,2,1,08,20,06,315,38.8,30,35,083,,05,25,055,39.6,31,70,214,39.2,1*7B
$GPGSV,2,2,08,11,23,289,,12,17,048,,18,08,134,39.4,14,60,046,,1*71
$GLGSV,1,1,04,72,10,334,39.4,65,63,263,,82,19,091,39.3,74,13,259,39.3,1*68
$GAGSV,1,1,00,7*73
$GBGSV,3,1,10,14,02,236,,08,73,343,38.5,09,56,266,,03,43,190,38.0,1*7C
$GBGSV,3,2,10,01,38,147,,02,30,229,,04,27,124,39.4,12,18,243,,1*6F
$GBGSV,3,3,10,05,15,248,39.1,06,75,326,,1*6E
$GNRMC,024113.000,A,3859.9989,N,11613.9787,E,0.01,172.67,280612,,,A,V*07
$GNVTG,172.67,T,,M,0.01,N,0.01,K,A*26
$GNZDA,024113.000,28,06,2012,,*40
$GNGGA,024114.000,3859.9988,N,11613.9787,E,1,11,0.75,-17.0,M,-6.8,M,,*78
$PAIRACC,4.61,9.33*41
$GNGLL,3859.9988,N,11613.9787,E,024114.000,A,A*47
$GNGSA,A,3,20,05,31,18,,,,,,,,,1.29,0.75,1.05,1*01
$GNGSA,A,3,72,82,74,,,,,,,,,,1.29,0.75,1.05,2*02
$GNGSA,A,3,,,,,,,,,,,,,1.29,0.75,1.05,3*0F
$GNGSA,A,3,08,03,04,05,,,,,,,,,1.29,0.75,1.05,4*02
$GPGSV,2,1,08,20,06,315,38.8,30,35,083,,05,25,055,39.9,31,70,214,39.2,1*74
$GPGSV,2,2,08,11,23,289,,12,17,048,,18,08,134,39.8,14,60,046,,1*7D
$GLGSV,1,1,04,72,10,334,38.8,65,63,263,,82,19,091,39.3,74,13,259,39.3,1*65
$GAGSV,1,1,00,7*73
$GBGSV,3,1,10,14,02,236,,08,73,343,39.0,09,56,266,,03,43,190,38.5,1*7D
$GBGSV,3,2,10,01,38,147,,02,30,229,,04,27,124,39.0,12,18,243,,1*6B
$GBGSV,3,3,10,05,15,248,39.2,06,75,326,,1*6D
$GNRMC,024114.000,A,3859.9988,N,11613.9787,E,0.01,184.14,280612,,,A,V*0C
$GNVTG,184.14,T,,M,0.01,N,0.01,K,A*2B
$GNZDA,024114.000,28,06,2012,,*47
$GNGGA,024115.000,3859.9988,N,11613.9786,E,1,11,0.75,-17.0,M,-6.8,M,,*78
$PAIRACC,4.64,8.96*4A
$GNGLL,3859.9988,N,11613.9786,E,024115.000,A,A*47
$GNGSA,A,3,20,05,31,18,,,,,,,,,1.29,0.75,1.05,1*01
$GNGSA,A,3,72,82,74,,,,,,,,,,1.29,0.75,1.05,2*02
$GNGSA,A,3,,,,,,,,,,,,,1.29,0.75,1.05,3*0F
$GNGSA,A,3,08,03,04,05,,,,,,,,,1.29,0.75,1.05,4*02
$GPGSV,2,1,08,20,06,315,39.2,30,35,083,,05,25,055,39.2,31,70,214,39.6,1*70
$GPGSV,2,2,08,11,23,289,,12,17,048,,18,08,134,39.1,14,60,046,,1*74
$GLGSV,1,1,04,72,10,334,39.0,65,63,263,,82,19,091,39.0,74,13,259,38.9,1*64
$GAGSV,1,1,00,7*73
$GBGSV,3,1,10,14,02,236,,08,73,343,39.5,09,56,266,,03,43,190,38.0,1*7D
$GBGSV,3,2,10,01,38,147,,02,30,229,,04,27,124,38.9,12,18,243,,1*63
$GBGSV,3,3,10,05,15,248,38.8,06,75,326,,1*66
$GNRMC,024115.000,A,3859.9988,N,11613.9786,E,0.01,153.87,280612,,,A,V*0C
$GNVTG,153.87,T,,M,0.01,N,0.01,K,A*2B
$GNZDA,024115.000,28,06,2012,,*46
$GNGGA,024116.000,3859.9988,N,11613.9786,E,1,11,0.75,-17.0,M,-6.8,M,,*7B
$PAIRACC,4.67,9.34*40
$GNGLL,3859.9988,N,11613.9786,E,024116.000,A,A*44
$GNGSA,A,3,20,05,31,18,,,,,,,,,1.29,0.75,1.05,1*01
$GNGSA,A,3,72,82,74,,,,,,,,,,1.29,0.75,1.05,2*02
$GNGSA,A,3,,,,,,,,,,,,,1.29,0.75,1.05,3*0F
$GNGSA,A,3,08,03,04,05,,,,,,,,,1.29,0.75,1.05,4*02
$GPGSV,2,1,08,20,06,315,39.0,30,35,083,,05,25,055,39.7,31,70,214,39.4,1*75
$GPGSV,2,2,08,11,23,289,,12,17,048,,18,08,134,39.0,14,60,046,,1*75
$GLGSV,1,1,04,72,10,334,38.9,65,63,263,,82,19,091,39.4,74,13,259,38.9,1*68
$GAGSV,1,1,00,7*73
$GBGSV,3,1,10,14,02,236,,08,73,343,39.0,09,56,266,,03,43,190,37.7,1*70
$GBGSV,3,2,10,01,38,147,,02,30,229,,04,27,124,38.8,12,18,243,,1*62
$GBGSV,3,3,10,05,15,248,38.8,06,75,326,,1*66
$GNRMC,024116.000,A,3859.9988,N,11613.9786,E,0.01,0.00,280612,,,A,V*07
$GNVTG,0.00,T,,M,0.01,N,0.01,K,A*23
$GNZDA,024116.000,28,06,2012,,*45
$GNGGA,024117.000,3859.9988,N,11613.9786,E,1,11,0.75,-17.0,M,-6.8,M,,*7A
$PAIRACC,4.71,9.14*45
$GNGLL,3859.9988,N,11613.9786,E,024117.000,A,A*45
$GNGSA,A,3,20,05,31,18,,,,,,,,,1.29,0.75,1.05,1*01
$GNGSA,A,3,72,82,74,,,,,,,,,,1.29,0.75,1.05,2*02
$GNGSA,A,3,,,,,,,,,,,,,1.29,0.75,1.05,3*0F
$GNGSA,A,3,08,03,04,05,,,,,,,,,1.29,0.75,1.05,4*02
$GPGSV,2,1,08,20,06,315,38.9,30,35,083,,05,25,055,40.0,31,70,214,38.7,1*76
$GPGSV,2,2,08,11,23,289,,12,17,048,,18,08,134,39.0,14,60,046,,1*75
$GLGSV,1,1,04,72,10,334,39.0,65,63,263,,82,19,091,39.1,74,13,259,38.8,1*64
$GAGSV,1,1,00,7*73
$GBGSV,3,1,10,14,02,236,,08,73,343,38.7,09,56,266,,03,43,190,38.6,1*78
$GBGSV,3,2,10,01,38,147,,02,30,229,,04,27,124,38.9,12,18,243,,1*63
$GBGSV,3,3,10,05,15,248,38.5,06,75,326,,1*6B
$GNRMC,024117.000,A,3859.9988,N,11613.9786,E,0.00,204.11,280612,,,A,V*01
$GNVTG,204.11,T,,M,0.00,N,0.01,K,A*24
$GNZDA,024117.000,28,06,2012,,*44
$GNGGA,024118.000,3859.9988,N,11613.9785,E,1,11,0.75,-17.0,M,-6.8,M,,*76
$PAIRACC,4.69,9.37*4D
$GNGLL,3859.9988,N,11613.9785,E,024118.000,A,A*49
$GNGSA,A,3,20,05,31,18,,,,,,,,,1.29,0.75,1.05,1*01
$GNGSA,A,3,72,82,74,,,,,,,,,,1.29,0.75,1.05,2*02
$GNGSA,A,3,,,,,,,,,,,,,1.29,0.75,1.05,3*0F
$GNGSA,A,3,08,03,04,05,,,,,,,,,1.29,0.75,1.05,4*02
$GPGSV,2,1,08,20,06,315,38.8,30,35,083,,05,25,055,39.1,31,70,214,38.6,1*79
$GPGSV,2,2,08,11,23,289,,12,17,048,,18,08,134,38.8,14,60,046,,1*7C
$GLGSV,1,1,04,72,10,334,39.2,65,63,263,,82,19,091,39.4,74,13,259,39.2,1*68
$GAGSV,1,1,00,7*73
$GBGSV,3,1,10,14,02,236,,08,73,343,38.9,09,56,266,,03,43,190,37.8,1*77
$GBGSV,3,2,10,01,38,147,,02,30,229,,04,27,124,38.8,12,18,243,,1*62
$GBGSV,3,3,10,05,15,248,38.6,06,75,326,,1*68
$GNRMC,024118.000,A,3859.9988,N,11613.9785,E,0.00,75.59,280612,,,A,V*35
$GNVTG,75.59,T,,M,0.00,N,0.01,K,A*1C
$GNZDA,024118.000,28,06,2012,,*4B
$GNGGA,024119.000,3859.9987,N,11613.9785,E,1,11,0.75,-17.0,M,-6.8,M,,*78
$PAIRACC,4.72,9.19*4B
$GNGLL,3859.9987,N,11613.9785,E,024119.000,A,A*47
$GNGSA,A,3,20,05,31,18,,,,,,,,,1.29,0.75,1.05,1*01
$GNGSA,A,3,72,82,74,,,,,,,,,,1.29,0.75,1.05,2*02
$GNGSA,A,3,,,,,,,,,,,,,1.29,0.75,1.05,3*0F
$GNGSA,A,3,08,03,04,05,,,,,,,,,1.29,0.75,1.05,4*02
$GPGSV,2,1,08,20,06,315,38.0,30,35,083,,05,24,054,39.1,31,70,214,39.1,1*77
$GPGSV,2,2,08,11,23,289,,12,17,048,,18,08,134,38.7,14,60,046,,1*73
$GLGSV,1,1,04,72,10,334,39.0,65,63,263,,82,19,091,39.1,74,13,259,39.1,1*6C
$GAGSV,1,1,00,7*73
$GBGSV,3,1,10,14,02,236,,08,73,343,38.8,09,56,266,,03,43,190,38.0,1*71
$GBGSV,3,2,10,01,38,147,,02,30,229,,04,27,124,39.0,12,18,243,,1*6B
$GBGSV,3,3,10,05,15,248,38.9,06,75,326,,1*67
$GNRMC,024119.000,A,3859.9987,N,11613.9785,E,0.01,205.31,280612,,,A,V*01
$GNVTG,205.31,T,,M,0.01,N,0.01,K,A*26
$GNZDA,024119.000,28,06,2012,,*4A
$GNGGA,024120.000,3859.9987,N,11613.9785,E,1,11,0.75,-17.0,M,-6.8,M,,*72
$PAIRACC,4.73,9.09*4B
$GNGLL,3859.9987,N,11613.9785,E,024120.000,A,A*4D
$GNGSA,A,3,31,05,18,20,,,,,,,,,1.29,0.75,1.05,1*01
$GNGSA,A,3,72,82,74,,,,,,,,,,1.29,0.75,1.05,2*02
$GNGSA,A,3,,,,,,,,,,,,,1.29,0.75,1.05,3*0F
$GNGSA,A,3,08,03,04,05,,,,,,,,,1.29,0.75,1.05,4*02
$GPGSV,2,1,07,31,70,214,38.7,05,24,054,39.0,11,23,289,,30,35,083,,1*6A
$GPGSV,2,2,07,12,17,048,,18,08,134,38.7,20,06,315,38.6,1*5F
$GLGSV,1,1,04,72,10,334,39.0,65,63,263,,82,19,091,39.1,74,13,259,39.3,1*6E
$GAGSV,1,1,00,7*73
$GBGSV,3,1,10,14,02,236,,08,73,343,39.2,09,56,266,,03,43,190,39.1,1*7A
$GBGSV,3,2,10,01,38,147,,02,30,229,,04,27,124,39.2,12,18,243,,1*69
$GBGSV,3,3,10,05,15,248,38.7,06,75,326,,1*69
$GNRMC,024120.000,A,3859.9987,N,11613.9785,E,0.01,180.08,280612,,,A,V*0F
$GNVTG,180.08,T,,M,0.01,N,0.01,K,A*22
$GNZDA,024120.000,28,06,2012,,*40
$GNGGA,024121.000,3859.9986,N,11613.9784,E,1,11,0.75,-17.0,M,-6.8,M,,*73
$PAIRACC,4.76,9.31*45
$GNGLL,3859.9986,N,11613.9784,E,024121.000,A,A*4C
$GNGSA,A,3,20,05,31,18,,,,,,,,,1.29,0.75,1.05,1*01
$GNGSA,A,3,72,82,74,,,,,,,,,,1.29,0.75,1.05,2*02
$GNGSA,A,3,,,,,,,,,,,,,1.29,0.75,1.05,3*0F
$GNGSA,A,3,08,03,04,05,,,,,,,,,1.29,0.75,1.05,4*02
$GPGSV,2,1,08,20,06,315,38.5,30,35,083,,05,24,054,39.0,31,70,214,38.7,1*74
$GPGSV,2,2,08,11,23,289,,12,17,048,,18,08,134,38.9,14,60,046,,1*7D
$GLGSV,1,1,04,72,10,334,39.3,65,63,263,,82,19,091,39.0,74,13,259,38.9,1*67
$GAGSV,1,1,00,7*73
$GBGSV,3,1,10,14,02,236,,08,73,343,39.1,09,56,266,,03,43,190,38.2,1*7B
$GBGSV,3,2,10,01,38,147,,02,30,229,,04,27,124,38.6,12,18,243,,1*6C
$GBGSV,3,3,10,05,15,248,39.2,06,75,326,,1*6D
$GNRMC,024121.000,A,3859.9986,N,11613.9784,E,0.01,188.42,280612,,,A,V*08
$GNVTG,188.42,T,,M,0.01,N,0.01,K,A*24
$GNZDA,024121.000,28,06,2012,,*41
$GNGGA,024122.000,3859.9986,N,11613.9784,E,1,11,0.75,-17.0,M,-6.8,M,,*70
$PAIRACC,4.80,9.22*4E
$GNGLL,3859.9986,N,11613.9784,E,024122.000,A,A*4F
$GNGSA,A,3,20,05,31,18,,,,,,,,,1.29,0.75,1.05,1*01
$GNGSA,A,3,72,82,74,,,,,,,,,,1.29,0.75,1.05,2*02
$GNGSA,A,3,,,,,,,,,,,,,1.29,0.75,1.05,3*0F
$GNGSA,A,3,08,03,04,05,,,,,,,,,1.29,0.75,1.05,4*02
$GPGSV,2,1,08,20,06,315,38.0,30,35,083,,05,24,054,38.9,31,70,214,39.1,1*7E
$GPGSV,2,2,08,11,23,289,,12,17,048,,18,08,134,38.6,14,60,046,,1*72
$GLGSV,1,1,04,72,10,334,38.7,65,63,263,,82,19,091,39.1,74,13,259,39.0,1*6B
$GAGSV,1,1,00,7*73
$GBGSV,3,1,10,14,02,236,,08,73,343,39.0,09,56,266,,03,43,190,37.8,1*7F
$GBGSV,3,2,10,01,38,147,,02,30,229,,04,27,124,39.1,12,18,243,,1*6A
$GBGSV,3,3,10,05,15,248,38.3,06,75,326,,1*6D
$GNRMC,024122.000,A,3859.9986,N,11613.9784,E,0.01,173.58,280612,,,A,V*04
$GNVTG,173.58,T,,M,0.01,N,0.01,K,A*2B
$GNZDA,024122.000,28,06,2012,,*42
$GNGGA,024123.000,3859.9986,N,11613.9784,E,1,11,0.75,-16.9,M,-6.8,M,,*79
$PAIRACC,4.81,9.42*49
$GNGLL,3859.9986,N,11613.9784,E,024123.000,A,A*4E
$GNGSA,A,3,20,05,31,18,,,,,,,,,1.29,0.75,1.05,1*01
$GNGSA,A,3,72,82,74,,,,,,,,,,1.29,0.75,1.05,2*02
$GNGSA,A,3,,,,,,,,,,,,,1.29,0.75,1.05,3*0F
$GNGSA,A,3,08,03,04,05,,,,,,,,,1.29,0.75,1.05,4*02
$GPGSV,2,1,08,20,06,315,38.7,30,35,083,,05,24,054,39.0,31,70,214,39.0,1*70
$GPGSV,2,2,08,11,23,289,,12,17,048,,18,08,134,38.7,14,60,046,,1*73
$GLGSV,1,1,04,72,10,334,38.6,65,63,263,,82,19,091,38.7,74,13,259,38.5,1*69
$GAGSV,1,1,00,7*73
$GBGSV,3,1,10,14,02,236,,08,73,343,38.8,09,56,266,,03,43,190,38.8,1*79
$GBGSV,3,2,10,01,38,147,,02,30,229,,04,27,124,39.0,12,18,243,,1*6B
$GBGSV,3,3,10,05,15,248,39.2,06,75,326,,1*6D
$GNRMC,024123.000,A,3859.9986,N,11613.9784,E,0.01,172.74,280612,,,A,V*0A
$GNVTG,172.74,T,,M,0.01,N,0.01,K,A*24
$GNZDA,024123.000,28,06,2012,,*43
$GNGGA,024124.000,3859.9986,N,11613.9784,E,1,11,0.75,-16.9,M,-6.8,M,,*7E
$PAIRACC,4.59,9.00*4A
$GNGLL,3859.9986,N,11613.9784,E,024124.000,A,A*49
$GNGSA,A,3,20,05,31,18,,,,,,,,,1.29,0.75,1.05,1*01
$GNGSA,A,3,72,82,74,,,,,,,,,,1.29,0.75,1.05,2*02
$GNGSA,A,3,,,,,,,,,,,,,1.29,0.75,1.05,3*0F
$GNGSA,A,3,08,03,04,05,,,,,,,,,1.29,0.75,1.05,4*02
$GPGSV,2,1,08,20,06,315,38.7,30,35,083,,05,24,054,39.1,31,70,214,38.9,1*79
$GPGSV,2,2,08,11,23,289,,12,17,048,,18,08,134,38.7,14,60,046,,1*73
$GLGSV,1,1,04,72,10,334,39.1,65,63,263,,82,19,091,39.3,74,13,259,39.1,1*6F
$GAGSV,1,1,00,7*73
$GBGSV,3,1,10,14,02,236,,08,73,343,39.1,09,56,266,,03,43,190,37.8,1*7E
$GBGSV,3,2,10,01,38,147,,02,30,229,,04,27,124,38.7,12,18,243,,1*6D
$GBGSV,3,3,10,05,15,248,38.9,06,75,326,,1*67
$GNRMC,024124.000,A,3859.9986,N,11613.9784,E,0.01,57.76,280612,,,A,V*39
$GNVTG,57.76,T,,M,0.01,N,0.01,K,A*10
$GNZDA,024124.000,28,06,2012,,*44
$GNGGA,024125.000,3859.9986,N,11613.9784,E,1,11,0.75,-16.9,M,-6.8,M,,*7F
$PAIRACC,4.59,9.19*42
$GNGLL,3859.9986,N,11613.9784,E,024125.000,A,A*48
$GNGSA,A,3,20,05,31,18,,,,,,,,,1.29,0.75,1.05,1*01
$GNGSA,A,3,72,82,74,,,,,,,,,,1.29,0.75,1.05,2*02
$GNGSA,A,3,,,,,,,,,,,,,1.29,0.75,1.05,3*0F
$GNGSA,A,3,08,03,04,05,,,,,,,,,1.29,0.75,1.05,4*02
$GPGSV,2,1,08,20,06,315,38.3,30,35,083,,05,24,054,39.0,31,70,214,39.5,1*71
$GPGSV,2,2,08,11,22,288,,12,17,048,,18,08,134,39.2,14,60,046,,1*77
$GLGSV,1,1,04,72,10,334,39.0,65,63,263,,82,19,091,38.7,74,13,259,38.5,1*6E
$GAGSV,1,1,00,7*73
$GBGSV,3,1,10,14,02,236,,08,73,343,38.7,09,56,266,,03,43,190,37.6,1*77
$GBGSV,3,2,10,01,38,147,,02,30,229,,04,27,124,38.6,12,18,243,,1*6C
$GBGSV,3,3,10,05,15,248,38.4,06,75,326,,1*6A
$GNRMC,024125.000,A,3859.9986,N,11613.9784,E,0.01,95.86,280612,,,A,V*39
$GNVTG,95.86,T,,M,0.01,N,0.01,K,A*11
$GNZDA,024125.000,28,06,2012,,*45
$GNGGA,024126.000,3859.9986,N,11613.9784,E,1,11,0.75,-16.9,M,-6.8,M,,*7C
$PAIRACC,4.57,9.15*40
$GNGLL,3859.9986,N,11613.9784,E,024126.000,A,A*4B
$GNGSA,A,3,20,05,31,18,,,,,,,,,1.29,0.75,1.05,1*01
$GNGSA,A,3,72,82,74,,,,,,,,,,1.29,0.75,1.05,2*02
$GNGSA,A,3,,,,,,,,,,,,,1.29,0.75,1.05,3*0F
$GNGSA,A,3,08,03,04,05,,,,,,,,,1.29,0.75,1.05,4*02
$GPGSV,2,1,08,20,06,315,38.4,30,35,083,,05,24,054,39.1,31,70,214,38.8,1*7B
$GPGSV,2,2,08,11,22,288,,12,16,047,,18,08,134,39.0,14,60,046,,1*7B
$GLGSV,1,1,04,72,10,334,39.2,65,63,263,,82,19,091,39.2,74,13,259,39.1,1*6D
$GAGSV,1,1,00,7*73
$GBGSV,3,1,10,14,02,236,,08,73,343,38.9,09,56,266,,03,43,190,38.4,1*74
$GBGSV,3,2,10,01,38,147,,02,30,229,,04,27,124,38.6,12,18,243,,1*6C
$GBGSV,3,3,10,05,15,248,38.9,06,75,326,,1*67
$GNRMC,024126.000,A,3859.9986,N,11613.9784,E,0.01,70.92,280612,,,A,V*34
$GNVTG,70.92,T,,M,0.01,N,0.01,K,A*1F
$GNZDA,024126.000,28,06,2012,,*46
$GNGGA,024127.000,3859.9986,N,11613.9784,E,1,11,0.75,-16.9,M,-6.8,M,,*7D
$PAIRACC,4.56,9.13*47
$GNGLL,3859.9986,N,11613.9784,E,024127.000,A,A*4A
$GNGSA,A,3,20,05,31,18,,,,,,,,,1.29,0.75,1.05,1*01
$GNGSA,A,3,72,82,74,,,,,,,,,,1.29,0.75,1.05,2*02
$GNGSA,A,3,,,,,,,,,,,,,1.29,0.75,1.05,3*0F
$GNGSA,A,3,08,03,04,05,,,,,,,,,1.29,0.75,1.05,4*02
$GPGSV,2,1,08,20,06,315,38.6,30,35,083,,05,24,054,39.2,31,70,214,38.8,1*7A
$GPGSV,2,2,08,11,22,288,,12,16,047,,18,08,134,39.0,14,60,046,,1*7B
$GLGSV,1,1,04,72,10,334,38.8,65,63,263,,82,19,091,38.5,74,13,259,39.0,1*61
$GAGSV,1,1,00,7*73
$GBGSV,3,1,10,14,02,236,,08,73,343,38.8,09,56,266,,03,43,190,37.6,1*78
$GBGSV,3,2,10,01,38,147,,02,30,229,,04,27,124,38.5,12,18,243,,1*6F
$GBGSV,3,3,10,05,15,248,38.6,06,75,326,,1*68
$GNRMC,024127.000,A,3859.9986,N,11613.9784,E,0.01,90.91,280612,,,A,V*38
$GNVTG,90.91,T,,M,0.01,N,0.01,K,A*12
$GNZDA,024127.000,28,06,2012,,*47
$GNGGA,024128.000,3859.9985,N,11613.9784,E,1,11,0.75,-16.9,M,-6.8,M,,*71
$PAIRACC,4.60,9.12*43
$GNGLL,3859.9985,N,11613.9784,E,024128.000,A,A*46
$GNGSA,A,3,20,05,31,18,,,,,,,,,1.29,0.75,1.05,1*01
$GNGSA,A,3,72,82,74,,,,,,,,,,1.29,0.75,1.05,2*02
$GNGSA,A,3,,,,,,,,,,,,,1.29,0.75,1.05,3*0F
$GNGSA,A,3,08,03,04,05,,,,,,,,,1.29,0.75,1.05,4*02
$GPGSV,2,1,08,20,06,315,38.0,30,35,083,,05,24,054,39.0,31,70,214,38.8,1*7E
$GPGSV,2,2,08,11,22,288,,12,16,047,,18,08,134,38.4,14,59,048,,1*7A
$GLGSV,1,1,04,72,10,334,38.8,65,63,263,,82,19,091,39.2,74,13,259,38.7,1*61
$GAGSV,1,1,00,7*73
$GBGSV,3,1,10,14,02,236,,08,73,343,39.0,09,56,266,,03,43,190,38.0,1*78
$GBGSV,3,2,10,01,38,147,,02,30,229,,04,27,124,38.3,12,18,243,,1*69
$GBGSV,3,3,10,05,15,248,38.5,06,75,326,,1*6B
$GNRMC,024128.000,A,3859.9985,N,11613.9784,E,0.01,76.48,280612,,,A,V*38
$GNVTG,76.48,T,,M,0.01,N,0.01,K,A*1E
$GNZDA,024128.000,28,06,2012,,*48
$GNGGA,024129.000,3859.9986,N,11613.9784,E,1,11,0.75,-16.9,M,-6.8,M,,*73
$PAIRACC,4.55,9.08*4E
$GNGLL,3859.9986,N,11613.9784,E,024129.000,A,A*44
$GNGSA,A,3,20,05,31,18,,,,,,,,,1.29,0.75,1.05,1*01
$GNGSA,A,3,72,82,74,,,,,,,,,,1.29,0.75,1.05,2*02
$GNGSA,A,3,,,,,,,,,,,,,1.29,0.75,1.05,3*0F
$GNGSA,A,3,08,03,04,05,,,,,,,,,1.29,0.75,1.05,4*02
$GPGSV,2,1,08,20,06,315,38.4,30,35,083,,05,24,054,38.9,31,70,214,38.4,1*7E
$GPGSV,2,2,08,11,22,288,,12,16,047,,18,08,134,38.6,14,59,048,,1*78
$GLGSV,1,1,04,72,10,334,39.0,65,63,263,,82,19,091,39.0,74,13,259,39.1,1*6D
$GAGSV,1,1,00,7*73
$GBGSV,3,1,10,14,02,236,,08,73,343,38.8,09,56,266,,03,43,190,38.3,1*72
$GBGSV,3,2,10,01,38,147,,02,30,229,,04,27,124,38.7,12,18,243,,1*6D
$GBGSV,3,3,10,05,15,248,38.6,06,75,326,,1*68
$GNRMC,024129.000,A,3859.9986,N,11613.9784,E,0.00,58.99,280612,,,A,V*3B
$GNVTG,58.99,T,,M,0.00,N,0.01,K,A*1F
$GNZDA,024129.000,28,06,2012,,*49
$GNGGA,024130.000,3859.9985,N,11613.9783,E,1,11,0.75,-16.9,M,-6.8,M,,*7F
$PAIRACC,4.53,9.09*49
$GNGLL,3859.9985,N,11613.9783,E,024130.000,A,A*48
$GNGSA,A,3,20,05,31,18,,,,,,,,,1.29,0.75,1.05,1*01
$GNGSA,A,3,72,82,74,,,,,,,,,,1.29,0.75,1.05,2*02
$GNGSA,A,3,,,,,,,,,,,,,1.29,0.75,1.05,3*0F
$GNGSA,A,3,08,03,04,05,,,,,,,,,1.29,0.75,1.05,4*02
$GPGSV,2,1,08,20,06,315,38.4,30,35,083,,05,24,054,39.3,31,70,214,38.8,1*79
$GPGSV,2,2,08,11,22,288,,12,16,047,,18,08,134,38.5,14,59,048,,1*7B
$GLGSV,1,1,04,72,10,334,39.1,65,63,263,,82,19,091,39.4,74,13,259,39.5,1*6C
$GAGSV,1,1,00,7*73
$GBGSV,3,1,10,14,02,236,,08,73,343,38.5,09,56,266,,03,43,190,37.5,1*76
$GBGSV,3,2,10,01,38,147,,02,30,229,,04,27,124,38.3,12,18,243,,1*69
$GBGSV,3,3,10,05,15,248,38.4,06,75,326,,1*6A
$GNRMC,024130.000,A,3859.9985,N,11613.9783,E,0.00,69.79,280612,,,A,V*3B
$GNVTG,69.79,T,,M,0.00,N,0.01,K,A*13
$GNZDA,024130.000,28,06,2012,,*41
$GNGGA,024131.000,3859.9985,N,11613.9783,E,1,11,0.75,-16.9,M,-6.8,M,,*7E
$PAIRACC,4.57,9.08*4C
$GNGLL,3859.9985,N,11613.9783,E,024131.000,A,A*49
$GNGSA,A,3,20,05,31,18,,,,,,,,,1.29,0.75,1.05,1*01
$GNGSA,A,3,72,82,74,,,,,,,,,,1.29,0.75,1.05,2*02
$GNGSA,A,3,,,,,,,,,,,,,1.29,0.75,1.05,3*0F
$GNGSA,A,3,08,03,04,05,,,,,,,,,1.29,0.75,1.05,4*02
$GPGSV,2,1,08,20,06,315,38.7,30,35,083,,05,24,054,39.1,31,70,214,38.7,1*77
$GPGSV,2,2,08,11,22,288,,12,16,047,,18,08,134,39.4,14,59,048,,1*7B
$GLGSV,1,1,04,72,10,334,39.0,65,63,263,,82,19,091,38.9,74,13,259,38.7,1*62
$GAGSV,1,1,00,7*73
$GBGSV,3,1,10,14,02,236,,08,73,343,38.2,09,56,266,,03,43,190,37.5,1*71
$GBGSV,3,2,10,01,38,147,,02,30,229,,04,27,124,38.3,12,18,243,,1*69
$GBGSV,3,3,10,05,15,248,38.4,06,75,326,,1*6A
$GNRMC,024131.000,A,3859.9985,N,11613.9783,E,0.00,86.26,280612,,,A,V*31
$GNVTG,86.26,T,,M,0.00,N,0.01,K,A*18
$GNZDA,024131.000,28,06,2012,,*40
$GNGGA,024132.000,3859.9985,N,11613.9783,E,1,11,0.75,-16.9,M,-6.8,M,,*7D
$PAIRACC,4.53,9.04*44
$GNGLL,3859.9985,N,11613.9783,E,024132.000,A,A*4A
$GNGSA,A,3,20,05,31,18,,,,,,,,,1.29,0.75,1.05,1*01
$GNGSA,A,3,72,82,74,,,,,,,,,,1.29,0.75,1.05,2*02
$GNGSA,A,3,,,,,,,,,,,,,1.29,0.75,1.05,3*0F
$GNGSA,A,3,08,03,04,05,,,,,,,,,1.29,0.75,1.05,4*02
$GPGSV,2,1,08,20,06,315,38.0,30,35,083,,05,24,054,39.0,31,70,214,39.4,1*73
$GPGSV,2,2,08,11,22,288,,12,16,047,,18,07,134,39.0,14,59,048,,1*70
$GLGSV,1,1,04,72,10,334,39.0,65,63,263,,82,19,091,39.3,74,13,259,39.0,1*6F
$GAGSV,1,1,00,7*73
$GBGSV,3,1,10,14,02,236,,08,73,343,38.4,09,56,266,,03,43,190,38.3,1*7E
$GBGSV,3,2,10,01,38,147,,02,30,229,,04,27,124,38.6,12,18,243,,1*6C
$GBGSV,3,3,10,05,15,248,38.5,06,75,326,,1*6B
$GNRMC,024132.000,A,3859.9985,N,11613.9783,E,0.00,80.49,280612,,,A,V*3D
$GNVTG,80.49,T,,M,0.00,N,0.01,K,A*17
$GNZDA,024132.000,28,06,2012,,*43
$GNGGA,024133.000,3859.9985,N,11613.9783,E,1,11,0.75,-16.9,M,-6.8,M,,*7C
$PAIRACC,4.53,9.10*41
$GNGLL,3859.9985,N,11613.9783,E,024133.000,A,A*4B
$GNGSA,A,3,20,05,31,18,,,,,,,,,1.29,0.75,1.05,1*01
$GNGSA,A,3,72,82,74,,,,,,,,,,1.29,0.75,1.05,2*02
$GNGSA,A,3,,,,,,,,,,,,,1.29,0.75,1.05,3*0F
$GNGSA,A,3,08,03,04,05,,,,,,,,,1.29,0.75,1.05,4*02
$GPGSV,2,1,08,20,06,315,38.5,30,35,083,,05,24,054,39.0,31,70,214,38.5,1*76
$GPGSV,2,2,08,11,22,288,,12,16,047,,18,07,134,38.7,14,59,048,,1*76
$GLGSV,1,1,04,72,10,334,38.9,65,63,263,,82,19,091,39.2,74,13,259,38.8,1*6F
$GAGSV,1,1,00,7*73
$GBGSV,3,1,10,14,02,236,,08,73,343,38.6,09,56,266,,03,43,190,37.6,1*76
$GBGSV,3,2,10,01,38,147,,02,30,229,,04,27,124,38.7,12,18,243,,1*6D
$GBGSV,3,3,10,05,15,248,38.4,06,75,326,,1*6A
$GNRMC,024133.000,A,3859.9985,N,11613.9783,E,0.00,80.65,280612,,,A,V*32
$GNVTG,80.65,T,,M,0.00,N,0.01,K,A*19
$GNZDA,024133.000,28,06,2012,,*42
$GNGGA,024134.000,3859.9985,N,11613.9783,E,1,11,0.75,-16.9,M,-6.8,M,,*7B
$PAIRACC,4.53,8.99*41
$GNGLL,3859.9985,N,11613.9783,E,024134.000,A,A*4C
$GNGSA,A,3,18,31,05,20,,,,,,,,,1.29,0.75,1.05,1*01
$GNGSA,A,3,74,82,72,,,,,,,,,,1.29,0.75,1.05,2*02
$GNGSA,A,3,,,,,,,,,,,,,1.29,0.75,1.05,3*0F
$GNGSA,A,3,08,03,04,05,,,,,,,,,1.29,0.75,1.05,4*02
$GPGSV,2,1,08,18,07,134,38.2,30,35,083,,31,70,214,38.5,05,24,054,39.1,1*7B
$GPGSV,2,2,08,11,22,288,,12,16,047,,20,07,315,38.3,14,59,048,,1*78
$GLGSV,1,1,04,74,13,259,38.8,65,63,263,,82,19,091,39.6,72,10,334,38.8,1*6A
$GAGSV,1,1,00,7*73
$GBGSV,3,1,09,14,02,236,,08,73,343,39.1,09,56,266,,03,43,190,37.8,1*76
$GBGSV,3,2,09,02,30,229,,04,27,124,38.6,12,18,243,,05,15,248,38.4,1*72
$GBGSV,3,3,09,06,75,326,,1*4C
$GNRMC,024134.000,A,3859.9985,N,11613.9783,E,0.00,89.11,280612,,,A,V*3F
$GNVTG,89.11,T,,M,0.00,N,0.01,K,A*13
$GNZDA,024134.000,28,06,2012,,*45
$GNGGA,024135.000,3859.9985,N,11613.9783,E,1,11,0.75,-16.9,M,-6.8,M,,*7A
$PAIRACC,4.51,8.94*4E
$GNGLL,3859.9985,N,11613.9783,E,024135.000,A,A*4D
$GNGSA,A,3,18,05,31,20,,,,,,,,,1.29,0.75,1.05,1*01
$GNGSA,A,3,72,82,74,,,,,,,,,,1.29,0.75,1.05,2*02
$GNGSA,A,3,,,,,,,,,,,,,1.29,0.75,1.05,3*0F
$GNGSA,A,3,08,03,04,05,,,,,,,,,1.29,0.75,1.05,4*02
$GPGSV,2,1,08,18,07,134,38.7,30,35,083,,05,24,054,39.1,31,70,214,38.6,1*7D
$GPGSV,2,2,08,11,22,288,,12,16,047,,20,07,315,38.1,14,59,048,,1*7A
$GLGSV,1,1,04,72,10,334,39.0,65,63,263,,82,19,091,39.1,74,13,259,39.1,1*6C
$GAGSV,1,1,00,7*73
$GBGSV,3,1,10,14,02,236,,08,73,343,39.1,09,56,266,,03,43,190,38.5,1*7C
$GBGSV,3,2,10,01,38,147,,02,30,229,,04,27,124,38.5,12,18,243,,1*6F
$GBGSV,3,3,10,05,15,248,38.4,06,75,326,,1*6A
$GNRMC,024135.000,A,3859.9985,N,11613.9783,E,0.00,85.65,280612,,,A,V*31
$GNVTG,85.65,T,,M,0.00,N,0.01,K,A*1C
$GNZDA,024135.000,28,06,2012,,*44
$GNGGA,024136.000,3859.9985,N,11613.9783,E,1,11,0.75,-16.9,M,-6.8,M,,*79
$PAIRACC,4.57,9.23*45
$GNGLL,3859.9985,N,11613.9783,E,024136.000,A,A*4E
$GNGSA,A,3,18,05,31,20,,,,,,,,,1.29,0.75,1.05,1*01
$GNGSA,A,3,72,82,74,,,,,,,,,,1.29,0.75,1.05,2*02
$GNGSA,A,3,,,,,,,,,,,,,1.29,0.75,1.05,3*0F
$GNGSA,A,3,08,03,04,05,,,,,,,,,1.29,0.75,1.05,4*02
$GPGSV,2,1,08,18,07,134,38.3,30,35,083,,05,24,054,38.8,31,70,214,38.2,1*75
$GPGSV,2,2,08,11,22,288,,12,16,047,,20,07,315,37.9,14,59,048,,1*7D
$GLGSV,1,1,04,72,10,334,38.5,65,63,263,,82,19,091,38.6,74,13,259,38.4,1*6A
$GAGSV,1,1,00,7*73
$GBGSV,3,1,10,14,02,236,,08,73,343,38.6,09,56,266,,03,43,190,37.7,1*77
$GBGSV,3,2,10,01,38,147,,02,30,229,,04,27,124,38.3,12,18,243,,1*69
$GBGSV,3,3,10,05,15,248,38.6,06,75,326,,1*68
$GNRMC,024136.000,A,3859.9985,N,11613.9783,E,0.00,95.68,280612,,,A,V*3E
$GNVTG,95.68,T,,M,0.00,N,0.01,K,A*10
$GNZDA,024136.000,28,06,2012,,*47
$GNGGA,024137.000,3859.9985,N,11613.9783,E,1,11,0.75,-16.9,M,-6.8,M,,*78
$PAIRACC,4.51,9.02*40
$GNGLL,3859.9985,N,11613.9783,E,024137.000,A,A*4F
$GNGSA,A,3,18,05,31,20,,,,,,,,,1.29,0.75,1.05,1*01
$GNGSA,A,3,72,82,74,,,,,,,,,,1.29,0.75,1.05,2*02
$GNGSA,A,3,,,,,,,,,,,,,1.29,0.75,1.05,3*0F
$GNGSA,A,3,08,03,04,05,,,,,,,,,1.29,0.75,1.05,4*02
$GPGSV,2,1,08,18,07,134,38.6,30,35,083,,05,24,054,38.8,31,70,214,38.5,1*77
$GPGSV,2,2,08,11,22,288,,12,16,047,,20,07,315,38.1,14,59,048,,1*7A
$GLGSV,1,1,04,72,10,334,39.1,65,63,263,,82,19,091,39.1,74,13,259,39.0,1*6C
$GAGSV,1,1,00,7*73
$GBGSV,3,1,10,14,02,236,,08,73,343,38.5,09,56,266,,03,43,190,37.3,1*70
$GBGSV,3,2,10,01,38,147,,02,30,229,,04,27,124,38.3,12,18,243,,1*69
$GBGSV,3,3,10,05,15,248,38.4,06,75,326,,1*6A
$GNRMC,024137.000,A,3859.9985,N,11613.9783,E,0.00,73.20,280612,,,A,V*3B
$GNVTG,73.20,T,,M,0.00,N,0.01,K,A*14
$GNZDA,024137.000,28,06,2012,,*46
$GNGGA,024138.000,3859.9985,N,11613.9783,E,1,11,0.75,-16.9,M,-6.8,M,,*77
$PAIRACC,4.53,9.06*46
$GNGLL,3859.9985,N,11613.9783,E,024138.000,A,A*40
$GNGSA,A,3,18,05,31,20,,,,,,,,,1.29,0.75,1.05,1*01
$GNGSA,A,3,72,82,74,,,,,,,,,,1.29,0.75,1.05,2*02
$GNGSA,A,3,,,,,,,,,,,,,1.29,0.75,1.05,3*0F
$GNGSA,A,3,08,03,04,05,,,,,,,,,1.29,0.75,1.05,4*02
$GPGSV,2,1,08,18,07,134,38.4,30,35,083,,05,24,054,38.7,31,70,214,38.2,1*7D
$GPGSV,2,2,08,11,22,288,,12,16,047,,20,07,315,38.1,14,59,048,,1*7A
$GLGSV,1,1,04,72,10,334,39.0,65,63,263,,82,19,091,39.3,74,13,259,39.0,1*6F
$GAGSV,1,1,00,7*73
$GBGSV,3,1,10,14,02,236,,08,73,343,38.4,09,56,266,,03,43,190,38.2,1*7F
$GBGSV,3,2,10,01,38,147,,02,30,229,,04,27,124,38.6,12,18,243,,1*6C
$GBGSV,3,3,10,05,15,248,38.7,06,75,326,,1*69
$GNRMC,024138.000,A,3859.9985,N,11613.9783,E,0.00,83.28,280612,,,A,V*33
$GNVTG,83.28,T,,M,0.00,N,0.01,K,A*13
$GNZDA,024138.000,28,06,2012,,*49
$GNGGA,024139.000,3859.9985,N,11613.9783,E,1,11,0.75,-16.9,M,-6.8,M,,*76
$PAIRACC,4.50,8.99*42
$GNGLL,3859.9985,N,11613.9783,E,024139.000,A,A*41
$GNGSA,A,3,18,05,31,20,,,,,,,,,1.29,0.75,1.05,1*01
$GNGSA,A,3,72,82,74,,,,,,,,,,1.29,0.75,1.05,2*02
$GNGSA,A,3,,,,,,,,,,,,,1.29,0.75,1.05,3*0F
$GNGSA,A,3,08,03,04,05,,,,,,,,,1.29,0.75,1.05,4*02
$GPGSV,2,1,08,18,07,134,38.6,30,35,083,,05,24,054,38.9,31,70,214,39.0,1*72
$GPGSV,2,2,08,11,22,288,,12,16,047,,20,07,315,38.4,14,59,048,,1*7F
$GLGSV,1,1,04,72,10,334,39.2,65,63,263,,82,19,091,38.9,74,13,259,39.4,1*62
$GAGSV,1,1,00,7*73
$GBGSV,3,1,10,14,02,236,,08,73,343,38.7,09,56,266,,03,43,190,37.9,1*78
$GBGSV,3,2,10,01,38,147,,02,30,229,,04,27,124,38.6,12,18,243,,1*6C
$GBGSV,3,3,10,05,15,248,38.3,06,75,326,,1*6D
$GNRMC,024139.000,A,3859.9985,N,11613.9783,E,0.00,81.91,280612,,,A,V*32
$GNVTG,81.91,T,,M,0.00,N,0.01,K,A*13
$GNZDA,024139.000,28,06,2012,,*48
$GNGGA,024140.000,3859.9985,N,11613.9783,E,1,11,0.75,-16.8,M,-6.8,M,,*79
$PAIRACC,4.54,9.07*40
$GNGLL,3859.9985,N,11613.9783,E,024140.000,A,A*4F
$GNGSA,A,3,18,05,31,20,,,,,,,,,1.29,0.75,1.05,1*01
$GNGSA,A,3,72,82,74,,,,,,,,,,1.29,0.75,1.05,2*02
$GNGSA,A,3,,,,,,,,,,,,,1.29,0.75,1.05,3*0F
$GNGSA,A,3,08,03,04,05,,,,,,,,,1.29,0.75,1.05,4*02
$GPGSV,2,1,08,18,07,134,38.9,30,35,083,,05,24,054,38.8,31,70,214,38.4,1*79
$GPGSV,2,2,08,11,22,288,,12,16,047,,20,07,315,37.9,14,59,048,,1*7D
$GLGSV,1,1,04,72,10,334,39.2,65,63,263,,82,19,091,39.2,74,13,259,38.9,1*64
$GAGSV,1,1,00,7*73
$GBGSV,3,1,10,14,02,236,,08,73,343,38.8,09,56,266,,03,43,190,37.4,1*7A
$GBGSV,3,2,10,01,38,147,,02,30,229,,04,27,124,38.3,12,18,243,,1*69
$GBGSV,3,3,10,05,15,248,38.5,06,75,326,,1*6B
$GNRMC,024140.000,A,3859.9985,N,11613.9783,E,0.00,78.19,280612,,,A,V*3A
$GNVTG,78.19,T,,M,0.00,N,0.01,K,A*15
$GNZDA,024140.000,28,06,2012,,*46
$GNGGA,024141.000,3859.9985,N,11613.9783,E,1,11,0.75,-16.8,M,-6.8,M,,*78
$PAIRACC,4.48,9.00*4A
$GNGLL,3859.9985,N,11613.9783,E,024141.000,A,A*4E
$GNGSA,A,3,18,05,31,20,,,,,,,,,1.29,0.75,1.05,1*01
$GNGSA,A,3,72,82,74,,,,,,,,,,1.29,0.75,1.05,2*02
$GNGSA,A,3,,,,,,,,,,,,,1.29,0.75,1.05,3*0F
$GNGSA,A,3,08,03,04,05,,,,,,,,,1.29,0.75,1.05,4*02
$GPGSV,2,1,08,18,07,134,39.1,30,35,083,,05,24,054,39.2,31,70,214,38.7,1*78
$GPGSV,2,2,08,11,22,288,,12,16,047,,20,07,315,38.2,14,59,048,,1*79
$GLGSV,1,1,04,72,10,334,39.2,65,63,263,,82,19,091,39.0,74,13,259,38.5,1*6A
$GAGSV,1,1,00,7*73
$GBGSV,3,1,10,14,02,236,,08,73,343,38.9,09,56,266,,03,43,190,38.8,1*78
$GBGSV,3,2,10,01,38,147,,02,30,229,,04,27,124,38.5,12,18,243,,1*6F
$GBGSV,3,3,10,05,15,248,38.8,06,75,326,,1*66
$GNRMC,024141.000,A,3859.9985,N,11613.9783,E,0.00,84.71,280612,,,A,V*36
$GNVTG,84.71,T,,M,0.00,N,0.01,K,A*18
$GNZDA,024141.000,28,06,2012,,*47
$GNGGA,024142.000,3859.9985,N,11613.9783,E,1,11,0.75,-16.8,M,-6.8,M,,*7B
$PAIRACC,4.51,9.03*41
$GNGLL,3859.9985,N,11613.9783,E,024142.000,A,A*4D
$GNGSA,A,3,18,05,31,20,,,,,,,,,1.29,0.75,1.05,1*01
$GNGSA,A,3,72,82,74,,,,,,,,,,1.29,0.75,1.05,2*02
$GNGSA,A,3,,,,,,,,,,,,,1.29,0.75,1.05,3*0F
$GNGSA,A,3,08,03,04,05,,,,,,,,,1.29,0.75,1.05,4*02
$GPGSV,2,1,08,18,07,134,39.1,30,35,083,,05,24,054,39.2,31,70,214,38.8,1*77
$GPGSV,2,2,08,11,22,288,,12,16,047,,20,07,315,38.5,14,59,048,,1*7E
$GLGSV,1,1,04,72,10,334,38.9,65,63,263,,82,19,091,39.2,74,13,259,39.2,1*64
$GAGSV,1,1,00,7*73
$GBGSV,3,1,10,14,02,236,,08,73,343,38.7,09,56,266,,03,43,190,37.8,1*79
$GBGSV,3,2,10,01,38,147,,02,30,229,,04,27,124,38.7,12,18,243,,1*6D
$GBGSV,3,3,10,05,15,248,38.7,06,75,326,,1*69
$GNRMC,024142.000,A,3859.9985,N,11613.9783,E,0.01,74.26,280612,,,A,V*39
$GNVTG,74.26,T,,M,0.01,N,0.01,K,A*14
$GNZDA,024142.000,28,06,2012,,*44
$GNGGA,024143.000,3859.9985,N,11613.9783,E,1,11,0.75,-16.8,M,-6.8,M,,*7A
$PAIRACC,4.50,9.03*40
$GNGLL,3859.9985,N,11613.9783,E,024143.000,A,A*4C
$GNGSA,A,3,18,05,31,20,,,,,,,,,1.29,0.75,1.05,1*01
$GNGSA,A,3,72,82,74,,,,,,,,,,1.29,0.75,1.05,2*02
$GNGSA,A,3,,,,,,,,,,,,,1.29,0.75,1.05,3*0F
$GNGSA,A,3,08,03,04,05,,,,,,,,,1.29,0.75,1.05,4*02
$GPGSV,2,1,08,18,07,134,38.6,30,35,083,,05,24,054,39.2,31,70,214,38.8,1*71
$GPGSV,2,2,08,11,22,288,,12,16,047,,20,07,315,38.2,14,59,048,,1*79
$GLGSV,1,1,04,72,10,334,38.8,65,63,263,,82,19,091,38.8,74,13,259,38.3,1*6E
$GAGSV,1,1,00,7*73
$GBGSV,3,1,10,14,02,236,,08,73,343,38.5,09,56,266,,03,43,190,37.5,1*76
$GBGSV,3,2,10,01,38,147,,02,30,229,,04,27,124,38.5,12,18,243,,1*6F
$GBGSV,3,3,10,05,15,248,38.2,06,75,326,,1*6C
$GNRMC,024143.000,A,3859.9985,N,11613.9783,E,0.01,79.21,280612,,,A,V*32
$GNVTG,79.21,T,,M,0.01,N,0.01,K,A*1E
$GNZDA,024143.000,28,06,2012,,*45
$GNGGA,024144.000,3859.9985,N,11613.9784,E,1,11,0.75,-16.8,M,-6.8,M,,*7A
$PAIRACC,4.49,9.01*4A
$GNGLL,3859.9985,N,11613.9784,E,024144.000,A,A*4C
$GNGSA,A,3,18,05,31,20,,,,,,,,,1.29,0.75,1.05,1*01
$GNGSA,A,3,72,82,74,,,,,,,,,,1.29,0.75,1.05,2*02
$GNGSA,A,3,,,,,,,,,,,,,1.29,0.75,1.05,3*0F
$GNGSA,A,3,08,03,04,05,,,,,,,,,1.29,0.75,1.05,4*02
$GPGSV,2,1,08,18,07,134,39.1,30,35,081,,05,24,054,39.2,31,70,214,38.9,1*74
$GPGSV,2,2,08,11,22,288,,12,16,047,,20,07,315,38.2,14,59,048,,1*79
$GLGSV,1,1,04,72,10,334,39.0,65,63,263,,82,19,091,39.2,74,13,259,39.2,1*6C
$GAGSV,1,1,00,7*73
$GBGSV,3,1,10,14,02,236,,08,73,343,38.9,09,56,266,,03,43,190,38.5,1*75
$GBGSV,3,2,10,01,38,147,,02,30,229,,04,27,124,38.4,12,18,243,,1*6E
$GBGSV,3,3,10,05,15,248,38.2,06,75,326,,1*6C
$GNRMC,024144.000,A,3859.9985,N,11613.9784,E,0.01,73.36,280612,,,A,V*3E
$GNVTG,73.36,T,,M,0.01,N,0.01,K,A*12
$GNZDA,024144.000,28,06,2012,,*42
$GNGGA,024145.000,3859.9985,N,11613.9784,E,1,11,0.75,-16.8,M,-6.8,M,,*7B
$PAIRACC,4.49,8.90*43
$GNGLL,3859.9985,N,11613.9784,E,024145.000,A,A*4D
$GNGSA,A,3,18,05,31,20,,,,,,,,,1.29,0.75,1.05,1*01
$GNGSA,A,3,72,82,74,,,,,,,,,,1.29,0.75,1.05,2*02
$GNGSA,A,3,,,,,,,,,,,,,1.29,0.75,1.05,3*0F
$GNGSA,A,3,08,03,04,05,,,,,,,,,1.29,0.75,1.05,4*02
$GPGSV,2,1,08,18,07,134,39.4,30,35,081,,05,24,054,38.8,31,72,215,39.2,1*73
$GPGSV,2,2,08,11,22,288,,12,16,047,,20,07,315,38.5,14,59,048,,1*7E
$GLGSV,1,1,04,72,10,334,39.0,65,63,263,,82,19,091,39.3,74,13,259,39.3,1*6C
$GAGSV,1,1,00,7*73
$GBGSV,3,1,10,14,02,236,,08,73,343,38.8,09,56,266,,03,43,190,37.8,1*76
$GBGSV,3,2,10,01,38,147,,02,30,229,,04,27,124,38.5,12,18,243,,1*6F
$GBGSV,3,3,10,05,15,248,38.2,06,75,326,,1*6C
$GNRMC,024145.000,A,3859.9985,N,11613.9784,E,0.01,78.74,280612,,,A,V*32
$GNVTG,78.74,T,,M,0.01,N,0.01,K,A*1F
$GNZDA,024145.000,28,06,2012,,*43
$GNGGA,024146.000,3859.9985,N,11613.9784,E,1,11,0.75,-16.8,M,-6.8,M,,*78
$PAIRACC,4.53,9.09*49
$GNGLL,3859.9985,N,11613.9784,E,024146.000,A,A*4E
$GNGSA,A,3,18,05,31,20,,,,,,,,,1.29,0.75,1.05,1*01
$GNGSA,A,3,72,82,74,,,,,,,,,,1.29,0.75,1.05,2*02
$GNGSA,A,3,,,,,,,,,,,,,1.29,0.75,1.05,3*0F
$GNGSA,A,3,08,03,04,05,,,,,,,,,1.29,0.75,1.05,4*02
$GPGSV,2,1,08,18,07,134,39.0,30,35,081,,05,24,054,38.7,31,72,215,38.7,1*7C
$GPGSV,2,2,08,11,22,288,,12,16,047,,20,07,315,38.4,14,59,048,,1*7F
$GLGSV,2,1,05,72,10,334,39.2,65,63,263,,82,19,091,39.2,74,13,259,38.9,1*66
$GLGSV,2,2,05,79,01,060,,1*44
$GAGSV,1,1,00,7*73
$GBGSV,3,1,09,14,02,236,,08,73,343,38.8,09,56,266,,03,43,190,37.8,1*7E
$GBGSV,3,2,09,02,30,229,,04,27,124,38.2,12,18,243,,05,15,248,38.1,1*73
$GBGSV,3,3,09,06,75,326,,1*4C
$GNRMC,024146.000,A,3859.9985,N,11613.9784,E,0.01,83.17,280612,,,A,V*30
$GNVTG,83.17,T,,M,0.01,N,0.01,K,A*1E
$GNZDA,024146.000,28,06,2012,,*40
$GNGGA,024147.000,3859.9985,N,11613.9784,E,1,11,0.75,-16.8,M,-6.8,M,,*79
$PAIRACC,4.48,8.98*4A
$GNGLL,3859.9985,N,11613.9784,E,024147.000,A,A*4F
$GNGSA,A,3,18,05,31,20,,,,,,,,,1.29,0.75,1.05,1*01
$GNGSA,A,3,72,82,74,,,,,,,,,,1.29,0.75,1.05,2*02
$GNGSA,A,3,,,,,,,,,,,,,1.29,0.75,1.05,3*0F
$GNGSA,A,3,08,03,04,05,,,,,,,,,1.29,0.75,1.05,4*02
$GPGSV,2,1,08,18,07,134,38.9,30,35,081,,05,24,054,39.2,31,72,215,38.6,1*71
$GPGSV,2,2,08,11,22,288,,12,16,047,,20,07,315,38.2,14,59,048,,1*79
$GLGSV,1,1,04,72,10,334,39.1,65,63,263,,82,19,091,39.0,74,13,259,39.0,1*6D
$GAGSV,1,1,00,7*73
$GBGSV,3,1,10,14,02,236,,08,73,343,38.9,09,56,266,,03,43,190,38.4,1*74
$GBGSV,3,2,10,01,38,147,,02,30,229,,04,27,124,38.6,12,18,243,,1*6C
$GBGSV,3,3,10,05,15,248,38.5,06,75,326,,1*6B
$GNRMC,024147.000,A,3859.9985,N,11613.9784,E,0.01,76.08,280612,,,A,V*35
$GNVTG,76.08,T,,M,0.01,N,0.01,K,A*1A
$GNZDA,024147.000,28,06,2012,,*41
$GNGGA,024148.000,3859.9985,N,11613.9784,E,1,11,0.75,-16.8,M,-6.8,M,,*76
$PAIRACC,4.48,8.99*4B
$GNGLL,3859.9985,N,11613.9784,E,024148.000,A,A*40
$GNGSA,A,3,18,05,31,20,,,,,,,,,1.29,0.75,1.05,1*01
$GNGSA,A,3,72,82,74,,,,,,,,,,1.29,0.75,1.05,2*02
$GNGSA,A,3,,,,,,,,,,,,,1.29,0.75,1.05,3*0F
$GNGSA,A,3,08,03,04,05,,,,,,,,,1.29,0.75,1.05,4*02
$GPGSV,2,1,08,18,07,134,38.8,30,35,081,,05,24,054,39.2,31,72,215,38.7,1*71
$GPGSV,2,2,08,11,22,288,,12,16,047,,20,07,315,38.2,14,59,048,,1*79
$GLGSV,1,1,04,72,10,334,38.9,65,63,263,,82,19,091,39.1,74,13,259,39.4,1*61
$GAGSV,1,1,00,7*73
$GBGSV,3,1,10,14,02,236,,08,73,343,38.4,09,56,266,,03,43,190,37.7,1*75
$GBGSV,3,2,10,01,38,147,,02,30,229,,04,27,124,38.1,12,18,243,,1*6B
$GBGSV,3,3,10,05,15,248,38.0,06,75,326,,1*6E
$GNRMC,024148.000,A,3859.9985,N,11613.9784,E,0.01,80.22,280612,,,A,V*3B
$GNVTG,80.22,T,,M,0.01,N,0.01,K,A*1B
$GNZDA,024148.000,28,06,2012,,*4E
$GNGGA,024149.000,3859.9985,N,11613.9784,E,1,11,0.75,-16.8,M,-6.8,M,,*77
$PAIRACC,4.50,8.94*4F
$GNGLL,3859.9985,N,11613.9784,E,024149.000,A,A*41
$GNGSA,A,3,18,05,31,20,,,,,,,,,1.29,0.75,1.05,1*01
$GNGSA,A,3,72,82,74,,,,,,,,,,1.29,0.75,1.05,2*02
$GNGSA,A,3,,,,,,,,,,,,,1.29,0.75,1.05,3*0F
$GNGSA,A,3,08,03,04,05,,,,,,,,,1.29,0.75,1.05,4*02
$GPGSV,2,1,08,18,07,134,38.3,30,35,081,,05,24,054,39.0,31,72,215,38.5,1*7A
$GPGSV,2,2,08,11,22,288,,12,16,047,,20,07,315,37.8,14,59,048,,1*7C
$GLGSV,1,1,04,72,10,334,38.7,65,63,263,,82,19,091,39.1,74,13,259,39.1,1*6A
$GAGSV,1,1,00,7*73
$GBGSV,3,1,10,14,02,236,,08,73,343,38.6,09,56,266,,03,43,190,37.4,1*74
$GBGSV,3,2,10,01,38,147,,02,30,229,,04,27,124,38.5,12,18,243,,1*6F
$GBGSV,3,3,10,05,15,248,38.5,06,75,326,,1*6B
$GNRMC,024149.000,A,3859.9985,N,11613.9784,E,0.01,88.60,280612,,,A,V*34
$GNVTG,88.60,T,,M,0.01,N,0.01,K,A*15
$GNZDA,024149.000,28,06,2012,,*4F
$GNGGA,024150.000,3859.9985,N,11613.9784,E,1,11,0.75,-16.8,M,-6.8,M,,*7F
$PAIRACC,4.52,9.03*42
$GNGLL,3859.9985,N,11613.9784,E,024150.000,A,A*49
$GNGSA,A,3,18,05,31,20,,,,,,,,,1.29,0.75,1.05,1*01
$GNGSA,A,3,72,82,74,,,,,,,,,,1.29,0.75,1.05,2*02
$GNGSA,A,3,,,,,,,,,,,,,1.29,0.75,1.05,3*0F
$GNGSA,A,3,08,03,04,05,,,,,,,,,1.29,0.75,1.05,4*02
$GPGSV,2,1,08,18,07,134,38.9,30,35,081,,05,24,054,38.7,31,72,215,38.7,1*74
$GPGSV,2,2,08,11,22,288,,12,16,047,,20,07,315,38.6,14,59,048,,1*7D
$GLGSV,1,1,04,72,10,334,38.8,65,63,263,,82,19,091,39.3,74,13,259,39.0,1*66
$GAGSV,1,1,00,7*73
$GBGSV,3,1,10,14,02,236,,08,73,343,38.9,09,56,266,,03,43,190,38.7,1*77
$GBGSV,3,2,10,01,38,147,,02,30,229,,04,27,124,38.6,12,18,243,,1*6C
$GBGSV,3,3,10,05,15,248,38.3,06,75,326,,1*6D
$GNRMC,024150.000,A,3859.9985,N,11613.9784,E,0.01,97.64,280612,,,A,V*36
$GNVTG,97.64,T,,M,0.01,N,0.01,K,A*1F
$GNZDA,024150.000,28,06,2012,,*47
$GNGGA,024151.000,3859.9985,N,11613.9784,E,1,11,0.75,-16.8,M,-6.8,M,,*7E
$PAIRACC,4.46,8.91*4D
$GNGLL,3859.9985,N,11613.9784,E,024151.000,A,A*48
$GNGSA,A,3,18,05,31,20,,,,,,,,,1.29,0.75,1.05,1*01
$GNGSA,A,3,72,82,74,,,,,,,,,,1.29,0.75,1.05,2*02
$GNGSA,A,3,,,,,,,,,,,,,1.29,0.75,1.05,3*0F
$GNGSA,A,3,08,03,04,05,,,,,,,,,1.29,0.75,1.05,4*02
$GPGSV,2,1,08,18,07,134,39.4,30,35,081,,05,24,054,39.1,31,72,215,38.7,1*7F
$GPGSV,2,2,08,11,22,288,,12,16,047,,20,07,315,38.8,14,59,048,,1*73
$GLGSV,1,1,04,72,10,334,39.1,65,63,263,,82,19,091,38.8,74,13,259,39.5,1*61
$GAGSV,1,1,00,7*73
$GBGSV,3,1,10,14,02,236,,08,73,343,38.7,09,56,266,,03,43,190,37.4,1*75
$GBGSV,3,2,10,01,38,147,,02,30,229,,04,27,124,38.6,12,18,243,,1*6C
$GBGSV,3,3,10,05,15,248,38.4,06,75,326,,1*6A
$GNRMC,024151.000,A,3859.9985,N,11613.9784,E,0.01,98.16,280612,,,A,V*3D
$GNVTG,98.16,T,,M,0.01,N,0.01,K,A*15
$GNZDA,024151.000,28,06,2012,,*46
$GNGGA,024152.000,3859.9985,N,11613.9784,E,1,11,0.75,-16.8,M,-6.8,M,,*7D
$PAIRACC,4.47,8.89*45
$GNGLL,3859.9985,N,11613.9784,E,024152.000,A,A*4B
$GNGSA,A,3,18,05,31,20,,,,,,,,,1.29,0.75,1.05,1*01
$GNGSA,A,3,72,82,74,,,,,,,,,,1.29,0.75,1.05,2*02
$GNGSA,A,3,,,,,,,,,,,,,1.29,0.75,1.05,3*0F
$GNGSA,A,3,08,03,04,05,,,,,,,,,1.29,0.75,1.05,4*02
$GPGSV,2,1,08,18,07,134,38.7,30,35,081,,05,24,054,39.4,31,72,215,38.9,1*76
$GPGSV,2,2,08,11,22,288,,12,16,047,,20,07,315,38.5,14,59,048,,1*7E
$GLGSV,1,1,04,72,10,334,38.9,65,63,263,,82,19,091,38.9,74,13,259,39.4,1*68
$GAGSV,1,1,00,7*73
$GBGSV,3,1,10,14,02,236,,08,73,343,39.2,09,56,266,,03,43,190,37.8,1*7D
$GBGSV,3,2,10,01,38,147,,02,30,229,,04,27,124,38.5,12,18,243,,1*6F
$GBGSV,3,3,10,05,15,248,38.6,06,75,326,,1*68
$GNRMC,024152.000,A,3859.9985,N,11613.9784,E,0.01,90.56,280612,,,A,V*32
$GNVTG,90.56,T,,M,0.01,N,0.01,K,A*19
$GNZDA,024152.000,28,06,2012,,*45
$GNGGA,024153.000,3859.9985,N,11613.9784,E,1,11,0.75,-16.8,M,-6.8,M,,*7C
$PAIRACC,4.51,9.09*4B
$GNGLL,3859.9985,N,11613.9784,E,024153.000,A,A*4A
$GNGSA,A,3,18,05,31,20,,,,,,,,,1.29,0.75,1.05,1*01
$GNGSA,A,3,72,82,74,,,,,,,,,,1.29,0.75,1.05,2*02
$GNGSA,A,3,,,,,,,,,,,,,1.29,0.75,1.05,3*0F
$GNGSA,A,3,08,03,04,05,,,,,,,,,1.29,0.75,1.05,4*02
$GPGSV,2,1,08,18,07,134,39.2,30,35,081,,05,24,054,38.9,31,72,215,38.7,1*70
$GPGSV,2,2,08,11,22,288,,12,16,047,,20,07,315,38.8,14,59,048,,1*73
$GLGSV,1,1,04,72,10,334,39.2,65,63,263,,82,19,091,39.3,74,13,259,38.9,1*65
$GAGSV,1,1,00,7*73
$GBGSV,3,1,10,14,02,236,,08,73,343,38.4,09,56,266,,03,43,190,38.0,1*7D
$GBGSV,3,2,10,01,38,147,,02,30,229,,04,27,124,38.3,12,18,243,,1*69
$GBGSV,3,3,10,05,15,248,38.5,06,75,326,,1*6B
$GNRMC,024153.000,A,3859.9985,N,11613.9784,E,0.01,99.94,280612,,,A,V*34
$GNVTG,99.94,T,,M,0.01,N,0.01,K,A*1E
$GNZDA,024153.000,28,06,2012,,*44
$GNGGA,024154.000,3859.9985,N,11613.9785,E,1,11,0.75,-16.8,M,-6.8,M,,*7A
$PAIRACC,4.46,8.95*49
$GNGLL,3859.9985,N,11613.9785,E,024154.000,A,A*4C
$GNGSA,A,3,18,05,31,20,,,,,,,,,1.29,0.75,1.05,1*01
$GNGSA,A,3,72,82,74,,,,,,,,,,1.29,0.75,1.05,2*02
$GNGSA,A,3,,,,,,,,,,,,,1.29,0.75,1.05,3*0F
$GNGSA,A,3,08,03,04,05,,,,,,,,,1.29,0.75,1.05,4*02
$GPGSV,2,1,08,18,07,134,39.1,30,35,081,,05,24,054,39.5,31,72,215,39.0,1*78
$GPGSV,2,2,08,11,22,288,,12,16,047,,20,07,315,38.3,14,59,048,,1*78
$GLGSV,1,1,04,72,10,334,39.2,65,63,263,,82,19,091,39.0,74,13,259,39.4,1*6A
$GAGSV,1,1,00,7*73
$GBGSV,3,1,10,14,02,236,,08,73,343,38.7,09,56,266,,03,43,190,37.7,1*76
$GBGSV,3,2,10,01,38,147,,02,30,229,,04,27,124,38.7,12,18,243,,1*6D
$GBGSV,3,3,10,05,15,248,38.6,06,75,326,,1*68
$GNRMC,024154.000,A,3859.9985,N,11613.9785,E,0.01,85.93,280612,,,A,V*38
$GNVTG,85.93,T,,M,0.01,N,0.01,K,A*14
$GNZDA,024154.000,28,06,2012,,*43
$GNGGA,024155.000,3859.9985,N,11613.9785,E,1,11,0.75,-16.8,M,-6.8,M,,*7B
$PAIRACC,4.52,8.94*4D
$GNGLL,3859.9985,N,11613.9785,E,024155.000,A,A*4D
$GNGSA,A,3,18,05,31,20,,,,,,,,,1.29,0.75,1.05,1*01
$GNGSA,A,3,72,82,74,,,,,,,,,,1.29,0.75,1.05,2*02
$GNGSA,A,3,,,,,,,,,,,,,1.29,0.75,1.05,3*0F
$GNGSA,A,3,08,03,04,05,,,,,,,,,1.29,0.75,1.05,4*02
$GPGSV,2,1,08,18,07,134,38.9,30,35,081,,05,24,054,39.1,31,72,215,39.2,1*77
$GPGSV,2,2,08,11,22,288,,12,16,047,,20,07,315,38.9,14,59,048,,1*72
$GLGSV,1,1,04,72,10,334,39.0,65,63,263,,82,19,091,38.7,74,13,259,39.0,1*6A
$GAGSV,1,1,00,7*73
$GBGSV,3,1,10,14,02,236,,08,73,343,39.1,09,56,266,,03,43,190,37.7,1*71
$GBGSV,3,2,10,01,38,147,,02,30,229,,04,27,124,38.4,12,18,243,,1*6E
$GBGSV,3,3,10,05,15,248,38.6,06,75,326,,1*68
$GNRMC,024155.000,A,3859.9985,N,11613.9785,E,0.01,103.31,280612,,,A,V*0E
$GNVTG,103.31,T,,M,0.01,N,0.01,K,A*23
$GNZDA,024155.000,28,06,2012,,*42
$GNGGA,024156.000,3859.9985,N,11613.9785,E,1,11,0.75,-16.8,M,-6.8,M,,*78
$PAIRACC,4.46,8.93*4F
$GNGLL,3859.9985,N,11613.9785,E,024156.000,A,A*4E
$GNGSA,A,3,18,05,31,20,,,,,,,,,1.29,0.75,1.05,1*01
$GNGSA,A,3,72,82,74,,,,,,,,,,1.29,0.75,1.05,2*02
$GNGSA,A,3,,,,,,,,,,,,,1.29,0.75,1.05,3*0F
$GNGSA,A,3,08,03,04,05,,,,,,,,,1.29,0.75,1.05,4*02
$GPGSV,2,1,08,18,07,134,38.7,30,35,081,,05,24,054,39.3,31,72,215,39.2,1*7B
$GPGSV,2,2,08,11,22,288,,12,16,047,,20,07,315,38.5,14,59,048,,1*7E
$GLGSV,1,1,04,72,10,334,39.3,65,63,263,,82,19,091,39.2,74,13,259,38.7,1*6B
$GAGSV,1,1,00,7*73
$GBGSV,3,1,10,14,02,236,,08,73,343,38.6,09,56,266,,03,43,190,38.6,1*79
$GBGSV,3,2,10,01,38,147,,02,30,229,,04,27,124,38.6,12,18,243,,1*6C
$GBGSV,3,3,10,05,15,248,38.8,06,75,326,,1*66
$GNRMC,024156.000,A,3859.9985,N,11613.9785,E,0.01,112.85,280612,,,A,V*02
$GNVTG,112.85,T,,M,0.01,N,0.01,K,A*2C
$GNZDA,024156.000,28,06,2012,,*41
$GNGGA,024157.000,3859.9985,N,11613.9785,E,1,11,0.75,-16.8,M,-6.8,M,,*79
$PAIRACC,4.51,8.99*43
$GNGLL,3859.9985,N,11613.9785,E,024157.000,A,A*4F
$GNGSA,A,3,18,05,31,20,,,,,,,,,1.29,0.75,1.05,1*01
$GNGSA,A,3,72,82,74,,,,,,,,,,1.29,0.75,1.05,2*02
$GNGSA,A,3,,,,,,,,,,,,,1.29,0.75,1.05,3*0F
$GNGSA,A,3,08,03,04,05,,,,,,,,,1.29,0.75,1.05,4*02
$GPGSV,2,1,08,18,07,134,39.1,30,35,081,,05,24,054,39.1,31,72,215,38.8,1*75
$GPGSV,2,2,08,11,22,288,,12,16,047,,20,07,315,38.8,14,59,048,,1*73
$GLGSV,1,1,04,72,10,334,39.1,65,63,263,,82,19,091,38.9,74,13,259,39.0,1*65
$GAGSV,1,1,00,7*73
$GBGSV,3,1,10,14,02,236,,08,73,343,38.5,09,56,266,,03,43,190,37.7,1*74
$GBGSV,3,2,10,01,38,147,,02,30,229,,04,27,124,38.7,12,18,243,,1*6D
$GBGSV,3,3,10,05,15,248,38.1,06,75,326,,1*6F
$GNRMC,024157.000,A,3859.9985,N,11613.9785,E,0.01,106.87,280612,,,A,V*04
$GNVTG,106.87,T,,M,0.01,N,0.01,K,A*2B
$GNZDA,024157.000,28,06,2012,,*40
$GNGGA,024158.000,3859.9985,N,11613.9785,E,1,11,0.75,-16.8,M,-6.8,M,,*76
$PAIRACC,4.48,8.95*47
$GNGLL,3859.9985,N,11613.9785,E,024158.000,A,A*40
$GNGSA,A,3,18,05,31,20,,,,,,,,,1.29,0.75,1.05,1*01
$GNGSA,A,3,72,82,74,,,,,,,,,,1.29,0.75,1.05,2*02
$GNGSA,A,3,,,,,,,,,,,,,1.29,0.75,1.05,3*0F
$GNGSA,A,3,08,03,04,05,,,,,,,,,1.29,0.75,1.05,4*02
$GPGSV,2,1,08,18,07,134,38.8,30,35,081,,05,24,054,38.7,31,72,215,39.0,1*73
$GPGSV,2,2,08,11,22,288,,12,16,047,,20,07,315,38.5,14,59,048,,1*7E
$GLGSV,1,1,04,72,10,334,39.2,65,63,263,,82,19,091,39.2,74,13,259,39.1,1*6D
$GAGSV,1,1,00,7*73
$GBGSV,3,1,10,14,02,236,,08,73,343,39.0,09,56,266,,03,43,190,37.7,1*70
$GBGSV,3,2,10,01,38,147,,02,30,229,,04,27,124,38.3,12,18,243,,1*69
$GBGSV,3,3,10,05,15,248,38.2,06,75,326,,1*6C
$GNRMC,024158.000,A,3859.9985,N,11613.9785,E,0.01,90.62,280612,,,A,V*3E
$GNVTG,90.62,T,,M,0.01,N,0.01,K,A*1E
$GNZDA,024158.000,28,06,2012,,*4F
$GNGGA,024159.000,3859.9985,N,11613.9785,E,1,11,0.75,-16.8,M,-6.8,M,,*77
$PAIRACC,4.48,8.93*41
$GNGLL,3859.9985,N,11613.9785,E,024159.000,A,A*41
$GNGSA,A,3,18,05,31,20,,,,,,,,,1.29,0.75,1.05,1*01
$GNGSA,A,3,72,82,74,,,,,,,,,,1.29,0.75,1.05,2*02
$GNGSA,A,3,,,,,,,,,,,,,1.29,0.75,1.05,3*0F
$GNGSA,A,3,08,03,04,05,,,,,,,,,1.29,0.75,1.05,4*02
$GPGSV,2,1,08,18,07,134,39.0,30,35,081,,05,24,054,39.0,31,72,215,39.0,1*7C
$GPGSV,2,2,08,11,22,288,,12,16,047,,20,07,315,38.0,14,59,048,,1*7B
$GLGSV,1,1,04,72,10,334,39.1,65,63,263,,82,19,091,38.7,74,13,259,39.0,1*6B
$GAGSV,1,1,00,7*73
$GBGSV,3,1,10,14,02,236,,08,73,343,38.9,09,56,266,,03,43,190,38.3,1*73
$GBGSV,3,2,10,01,38,147,,02,30,229,,04,27,124,38.4,12,18,243,,1*6E
$GBGSV,3,3,10,05,15,248,38.2,06,75,326,,1*6C
$GNRMC,024159.000,A,3859.9985,N,11613.9785,E,0.01,88.60,280612,,,A,V*34
$GNVTG,88.60,T,,M,0.01,N,0.01,K,A*15
$GNZDA,024159.000,28,06,2012,,*4E
$GNGGA,024200.000,3859.9985,N,11613.9785,E,1,11,0.75,-16.8,M,-6.8,M,,*78
$PAIRACC,4.48,8.94*46
$GNGLL,3859.9985,N,11613.9785,E,024200.000,A,A*4E
$GNGSA,A,3,18,05,31,20,,,,,,,,,1.29,0.75,1.05,1*01
$GNGSA,A,3,72,82,74,,,,,,,,,,1.29,0.75,1.05,2*02
$GNGSA,A,3,,,,,,,,,,,,,1.29,0.75,1.05,3*0F
$GNGSA,A,3,08,03,04,05,,,,,,,,,1.29,0.75,1.05,4*02
$GPGSV,2,1,08,18,07,134,38.7,30,35,081,,05,24,054,38.8,31,72,215,39.0,1*73
$GPGSV,2,2,08,11,22,288,,12,16,047,,20,07,315,38.6,14,59,048,,1*7D
$GLGSV,1,1,04,72,10,334,39.2,65,63,263,,82,19,091,38.9,74,13,259,39.1,1*67
$GAGSV,1,1,00,7*73
$GBGSV,3,1,10,14,02,236,,08,73,343,38.5,09,56,266,,03,43,190,37.9,1*7A
$GBGSV,3,2,10,01,38,147,,02,30,229,,04,27,124,38.4,12,18,243,,1*6E
$GBGSV,3,3,10,05,15,248,38.3,06,75,326,,1*6D
$GNRMC,024200.000,A,3859.9985,N,11613.9785,E,0.01,93.84,280612,,,A,V*3B
$GNVTG,93.84,T,,M,0.01,N,0.01,K,A*15
$GNZDA,024200.000,28,06,2012,,*41
$GNGGA,024201.000,3859.9985,N,11613.9785,E,1,11,0.75,-16.8,M,-6.8,M,,*79
$PAIRACC,4.43,8.89*41
$GNGLL,3859.9985,N,11613.9785,E,024201.000,A,A*4F
$GNGSA,A,3,18,05,31,20,,,,,,,,,1.29,0.75,1.05,1*01
$GNGSA,A,3,72,82,74,,,,,,,,,,1.29,0.75,1.05,2*02
$GNGSA,A,3,,,,,,,,,,,,,1.29,0.75,1.05,3*0F
$GNGSA,A,3,08,03,04,05,,,,,,,,,1.29,0.75,1.05,4*02
$GPGSV,2,1,08,18,07,134,39.1,30,35,081,,05,24,054,39.4,31,72,215,38.8,1*70
$GPGSV,2,2,08,11,22,288,,12,16,047,,20,07,315,38.7,14,59,048,,1*7C
$GLGSV,1,1,04,72,10,334,39.3,65,63,263,,82,19,091,38.9,74,13,259,39.0,1*67
$GAGSV,1,1,00,7*73
$GBGSV,3,1,10,14,02,236,,08,73,343,38.6,09,56,266,,03,43,190,37.8,1*78
$GBGSV,3,2,10,01,38,147,,02,30,229,,04,27,124,38.3,12,18,243,,1*69
$GBGSV,3,3,10,05,15,248,38.3,06,75,326,,1*6D
$GNRMC,024201.000,A,3859.9985,N,11613.9785,E,0.01,92.14,280612,,,A,V*32
$GNVTG,92.14,T,,M,0.01,N,0.01,K,A*1D
$GNZDA,024201.000,28,06,2012,,*40
$GNGGA,024202.000,3859.9985,N,11613.9785,E,1,11,0.75,-16.8,M,-6.8,M,,*7A
$PAIRACC,4.49,8.92*41
$GNGLL,3859.9985,N,11613.9785,E,024202.000,A,A*4C
$GNGSA,A,3,18,05,31,20,,,,,,,,,1.29,0.75,1.05,1*01
$GNGSA,A,3,72,82,74,,,,,,,,,,1.29,0.75,1.05,2*02
$GNGSA,A,3,,,,,,,,,,,,,1.29,0.75,1.05,3*0F
$GNGSA,A,3,08,03,04,05,,,,,,,,,1.29,0.75,1.05,4*02
$GPGSV,2,1,08,18,07,134,39.0,30,35,081,,05,24,054,39.0,31,72,215,38.9,1*74
$GPGSV,2,2,08,11,22,288,,12,16,047,,20,07,315,38.7,14,59,048,,1*7C
$GLGSV,1,1,04,72,10,334,39.4,65,63,263,,82,19,091,39.0,74,13,259,39.2,1*6A
$GAGSV,1,1,00,7*73
$GBGSV,3,1,10,14,02,236,,08,73,343,38.8,09,56,266,,03,43,190,38.5,1*74
$GBGSV,3,2,10,01,38,147,,02,30,229,,04,27,124,38.5,12,18,243,,1*6F
$GBGSV,3,3,10,05,15,248,38.4,06,75,326,,1*6A
$GNRMC,024202.000,A,3859.9985,N,11613.9785,E,0.01,82.67,280612,,,A,V*34
$GNVTG,82.67,T,,M,0.01,N,0.01,K,A*18
$GNZDA,024202.000,28,06,2012,,*43
$GNGGA,024203.000,3859.9985,N,11613.9785,E,1,11,0.75,-16.8,M,-6.8,M,,*7B
$PAIRACC,4.44,8.91*4F
$GNGLL,3859.9985,N,11613.9785,E,024203.000,A,A*4D
$GNGSA,A,3,18,05,31,20,,,,,,,,,1.29,0.75,1.05,1*01
$GNGSA,A,3,72,82,74,,,,,,,,,,1.29,0.75,1.05,2*02
$GNGSA,A,3,,,,,,,,,,,,,1.29,0.75,1.05,3*0F
$GNGSA,A,3,08,03,04,05,,,,,,,,,1.29,0.75,1.05,4*02
$GPGSV,2,1,08,18,07,134,38.4,30,35,081,,05,24,054,39.5,31,72,215,38.9,1*74
$GPGSV,2,2,08,11,22,288,,12,16,047,,20,07,315,38.8,14,59,048,,1*73
$GLGSV,1,1,04,72,10,334,39.5,65,63,263,,82,19,091,39.2,74,13,259,39.0,1*6B
$GAGSV,1,1,00,7*73
$GBGSV,3,1,10,14,02,236,,08,73,343,38.9,09,56,266,,03,43,190,37.7,1*78
$GBGSV,3,2,10,01,38,147,,02,30,229,,04,27,124,38.8,12,18,243,,1*62
$GBGSV,3,3,10,05,15,248,38.6,06,75,326,,1*68
$GNRMC,024203.000,A,3859.9985,N,11613.9785,E,0.01,111.85,280612,,,A,V*02
$GNVTG,111.85,T,,M,0.01,N,0.01,K,A*2F
$GNZDA,024203.000,28,06,2012,,*42
$GNGGA,024204.000,3859.9984,N,11613.9785,E,1,11,0.75,-16.8,M,-6.8,M,,*7D
$PAIRACC,4.47,8.87*4B
$GNGLL,3859.9984,N,11613.9785,E,024204.000,A,A*4B
$GNGSA,A,3,18,05,31,20,,,,,,,,,1.29,0.75,1.05,1*01
$GNGSA,A,3,72,82,74,,,,,,,,,,1.29,0.75,1.05,2*02
$GNGSA,A,3,,,,,,,,,,,,,1.29,0.75,1.05,3*0F
$GNGSA,A,3,08,03,04,05,,,,,,,,,1.29,0.75,1.05,4*02
$GPGSV,2,1,08,18,07,134,39.2,30,35,081,,05,24,054,39.0,31,72,215,38.3,1*7C
$GPGSV,2,2,08,11,22,288,,12,16,047,,20,07,315,38.6,14,59,048,,1*7D
$GLGSV,1,1,04,72,10,334,39.3,65,63,263,,82,19,091,39.0,74,13,259,38.6,1*68
$GAGSV,1,1,00,7*73
$GBGSV,3,1,10,14,02,236,,08,73,343,38.5,09,56,266,,03,43,190,37.6,1*75
$GBGSV,3,2,10,01,38,147,,02,30,229,,04,27,124,38.3,12,18,243,,1*69
$GBGSV,3,3,10,05,15,248,38.0,06,75,326,,1*6E
$GNRMC,024204.000,A,3859.9984,N,11613.9785,E,0.01,97.36,280612,,,A,V*33
$GNVTG,97.36,T,,M,0.01,N,0.01,K,A*18
$GNZDA,024204.000,28,06,2012,,*45
$GNGGA,024205.000,3859.9984,N,11613.9785,E,1,11,0.75,-16.8,M,-6.8,M,,*7C
$PAIRACC,4.46,8.90*4C
$GNGLL,3859.9984,N,11613.9785,E,024205.000,A,A*4A
$GNGSA,A,3,18,05,31,20,,,,,,,,,1.29,0.75,1.05,1*01
$GNGSA,A,3,72,82,74,,,,,,,,,,1.29,0.75,1.05,2*02
$GNGSA,A,3,,,,,,,,,,,,,1.29,0.75,1.05,3*0F
$GNGSA,A,3,08,03,04,05,,,,,,,,,1.29,0.75,1.05,4*02
$GPGSV,2,1,08,18,07,134,38.5,30,35,081,,05,24,054,39.0,31,72,215,38.6,1*7F
$GPGSV,2,2,08,11,22,288,,12,16,047,,20,07,315,38.2,14,59,048,,1*79
$GLGSV,1,1,04,72,10,334,37.3,65,63,263,,82,19,091,39.2,74,13,259,39.2,1*61
$GAGSV,1,1,00,7*73
$GBGSV,3,1,10,14,02,236,,08,73,343,38.5,09,56,266,,03,43,190,38.6,1*7A
$GBGSV,3,2,10,01,38,147,,02,30,229,,04,27,124,38.7,12,18,243,,1*6D
$GBGSV,3,3,10,05,15,248,38.6,06,75,326,,1*68
$GNRMC,024205.000,A,3859.9984,N,11613.9785,E,0.01,99.63,280612,,,A,V*3C
$GNVTG,99.63,T,,M,0.01,N,0.01,K,A*16
$GNZDA,024205.000,28,06,2012,,*44
$GNGGA,024206.000,3859.9984,N,11613.9785,E,1,11,0.75,-16.8,M,-6.8,M,,*7F
$PAIRACC,4.46,8.91*4D
$GNGLL,3859.9984,N,11613.9785,E,024206.000,A,A*49
$GNGSA,A,3,18,05,31,20,,,,,,,,,1.29,0.75,1.05,1*01
$GNGSA,A,3,72,82,74,,,,,,,,,,1.29,0.75,1.05,2*02
$GNGSA,A,3,,,,,,,,,,,,,1.29,0.75,1.05,3*0F
$GNGSA,A,3,08,03,04,05,,,,,,,,,1.29,0.75,1.05,4*02
$GPGSV,2,1,08,18,07,134,39.0,30,35,081,,05,24,054,39.0,31,72,215,38.8,1*75
$GPGSV,2,2,08,11,22,288,,12,16,047,,20,07,315,38.0,14,59,048,,1*7B
$GLGSV,1,1,04,72,10,334,38.2,65,63,263,,82,19,091,39.3,74,13,259,38.7,1*6A
$GAGSV,1,1,00,7*73
$GBGSV,3,1,10,14,02,236,,08,73,343,38.4,09,56,266,,03,43,190,38.1,1*7C
$GBGSV,3,2,10,01,38,147,,02,30,229,,04,27,124,38.4,12,18,243,,1*6E
$GBGSV,3,3,10,05,15,248,38.3,06,75,326,,1*6D
$GNRMC,024206.000,A,3859.9984,N,11613.9785,E,0.01,74.40,280612,,,A,V*3D
$GNVTG,74.40,T,,M,0.01,N,0.01,K,A*14
$GNZDA,024206.000,28,06,2012,,*47
$GNGGA,024207.000,3859.9984,N,11613.9785,E,1,11,0.75,-16.8,M,-6.8,M,,*7E
$PAIRACC,4.45,8.90*4F
$GNGLL,3859.9984,N,11613.9785,E,024207.000,A,A*48
$GNGSA,A,3,18,05,31,20,,,,,,,,,1.29,0.75,1.05,1*01
$GNGSA,A,3,72,82,74,,,,,,,,,,1.29,0.75,1.05,2*02
$GNGSA,A,3,,,,,,,,,,,,,1.29,0.75,1.05,3*0F
$GNGSA,A,3,08,03,04,05,,,,,,,,,1.29,0.75,1.05,4*02
$GPGSV,2,1,08,18,07,134,38.8,30,35,081,,05,24,054,39.0,31,72,215,38.6,1*72
$GPGSV,2,2,08,11,22,288,,12,16,047,,20,07,315,38.5,14,59,048,,1*7E
$GLGSV,1,1,04,72,10,334,37.8,65,63,263,,82,19,091,39.2,74,13,259,39.3,1*6B
$GAGSV,1,1,00,7*73
$GBGSV,3,1,10,14,02,236,,08,73,343,38.6,09,56,266,,03,43,190,37.8,1*78
$GBGSV,3,2,10,01,38,147,,02,30,229,,04,27,124,38.3,12,18,243,,1*69
$GBGSV,3,3,10,05,15,248,38.4,06,75,326,,1*6A
$GNRMC,024207.000,A,3859.9984,N,11613.9785,E,0.01,93.59,280612,,,A,V*3D
$GNVTG,93.59,T,,M,0.01,N,0.01,K,A*15
$GNZDA,024207.000,28,06,2012,,*46
$GNGGA,024208.000,3859.9984,N,11613.9785,E,1,11,0.75,-16.8,M,-6.8,M,,*71
$PAIRACC,4.47,8.92*4F
$GNGLL,3859.9984,N,11613.9785,E,024208.000,A,A*47
$GNGSA,A,3,18,05,31,20,,,,,,,,,1.29,0.75,1.05,1*01
$GNGSA,A,3,72,82,74,,,,,,,,,,1.29,0.75,1.05,2*02
$GNGSA,A,3,,,,,,,,,,,,,1.29,0.75,1.05,3*0F
$GNGSA,A,3,08,03,04,05,,,,,,,,,1.29,0.75,1.05,4*02
$GPGSV,2,1,08,18,07,134,38.9,30,35,081,,05,24,054,39.1,31,72,215,38.7,1*73
$GPGSV,2,2,08,11,22,288,,12,16,047,,20,07,315,38.4,14,59,048,,1*7F
$GLGSV,1,1,04,72,10,334,37.8,65,63,263,,82,19,091,39.0,74,13,259,39.1,1*6B
$GAGSV,1,1,00,7*73
$GBGSV,3,1,10,14,02,236,,08,73,343,38.8,09,56,266,,03,43,190,38.4,1*75
$GBGSV,3,2,10,01,38,147,,02,30,229,,04,27,124,38.4,12,18,243,,1*6E
$GBGSV,3,3,10,05,15,248,38.6,06,75,326,,1*68
$GNRMC,024208.000,A,3859.9984,N,11613.9785,E,0.01,87.86,280612,,,A,V*35
$GNVTG,87.86,T,,M,0.01,N,0.01,K,A*12
$GNZDA,024208.000,28,06,2012,,*49
$GNGGA,024209.000,3859.9984,N,11613.9785,E,1,11,0.75,-16.8,M,-6.8,M,,*70
$PAIRACC,4.47,8.92*4F
$GNGLL,3859.9984,N,11613.9785,E,024209.000,A,A*46
$GNGSA,A,3,18,05,31,20,,,,,,,,,1.29,0.75,1.05,1*01
$GNGSA,A,3,72,82,74,,,,,,,,,,1.29,0.75,1.05,2*02
$GNGSA,A,3,,,,,,,,,,,,,1.29,0.75,1.05,3*0F
$GNGSA,A,3,08,03,04,05,,,,,,,,,1.29,0.75,1.05,4*02
$GPGSV,2,1,08,18,07,134,39.1,30,35,081,,05,24,054,39.1,31,72,215,38.8,1*75
$GPGSV,2,2,08,11,22,288,,12,16,047,,20,07,315,38.6,14,59,048,,1*7D
$GLGSV,1,1,04,72,10,334,37.2,65,63,263,,82,19,091,39.0,74,13,259,39.1,1*61
$GAGSV,1,1,00,7*73
$GBGSV,3,1,10,14,02,236,,08,73,343,38.8,09,56,266,,03,43,190,38.2,1*73
$GBGSV,3,2,10,01,38,147,,02,30,229,,04,27,124,38.3,12,18,243,,1*69
$GBGSV,3,3,10,05,15,248,38.7,06,75,326,,1*69
$GNRMC,024209.000,A,3859.9984,N,11613.9785,E,0.00,96.50,280612,,,A,V*3E
$GNVTG,96.50,T,,M,0.00,N,0.01,K,A*18
$GNZDA,024209.000,28,06,2012,,*48
$GNGGA,024210.000,3859.9984,N,11613.9785,E,1,11,0.75,-16.8,M,-6.8,M,,*78
$PAIRACC,4.43,8.87*4F
$GNGLL,3859.9984,N,11613.9785,E,024210.000,A,A*4E
$GNGSA,A,3,18,05,31,20,,,,,,,,,1.29,0.75,1.05,1*01
$GNGSA,A,3,72,82,74,,,,,,,,,,1.29,0.75,1.05,2*02
$GNGSA,A,3,,,,,,,,,,,,,1.29,0.75,1.05,3*0F
$GNGSA,A,3,08,03,04,05,,,,,,,,,1.29,0.75,1.05,4*02
$GPGSV,2,1,08,18,07,134,38.7,30,35,081,,05,24,054,39.0,31,72,215,38.9,1*72
$GPGSV,2,2,08,11,22,288,,12,16,047,,20,07,315,38.0,14,59,048,,1*7B
$GLGSV,1,1,04,72,10,334,39.0,65,63,263,,82,19,091,39.4,74,13,259,39.0,1*68
$GAGSV,1,1,00,7*73
$GBGSV,3,1,10,14,02,236,,08,73,343,38.7,09,56,266,,03,43,190,37.9,1*78
$GBGSV,3,2,10,01,38,147,,02,30,229,,04,27,124,38.7,12,18,243,,1*6D
$GBGSV,3,3,10,05,15,248,38.8,06,75,326,,1*66
$GNRMC,024210.000,A,3859.9984,N,11613.9785,E,0.00,88.54,280612,,,A,V*3D
$GNVTG,88.54,T,,M,0.00,N,0.01,K,A*13
$GNZDA,024210.000,28,06,2012,,*40
$GNGGA,024211.000,3859.9984,N,11613.9785,E,1,11,0.75,-16.8,M,-6.8,M,,*79
$PAIRACC,4.46,8.92*4E
$GNGLL,3859.9984,N,11613.9785,E,024211.000,A,A*4F
$GNGSA,A,3,18,05,31,20,,,,,,,,,1.29,0.75,1.05,1*01
$GNGSA,A,3,72,82,74,,,,,,,,,,1.29,0.75,1.05,2*02
$GNGSA,A,3,,,,,,,,,,,,,1.29,0.75,1.05,3*0F
$GNGSA,A,3,08,03,04,05,,,,,,,,,1.29,0.75,1.05,4*02
$GPGSV,2,1,08,18,07,134,38.8,30,35,081,,05,24,054,39.3,31,72,215,38.7,1*70
$GPGSV,2,2,08,11,22,288,,12,16,047,,20,07,315,38.0,14,59,048,,1*7B
$GLGSV,1,1,04,72,10,334,39.0,65,63,263,,82,19,091,39.0,74,13,259,38.9,1*64
$GAGSV,1,1,00,7*73
$GBGSV,3,1,10,14,02,236,,08,73,343,38.9,09,56,266,,03,43,190,38.3,1*73
$GBGSV,3,2,10,01,38,147,,02,30,229,,04,27,124,38.6,12,18,243,,1*6C
$GBGSV,3,3,10,05,15,248,38.5,06,75,326,,1*6B
$GNRMC,024211.000,A,3859.9984,N,11613.9785,E,0.00,91.79,280612,,,A,V*3B
$GNVTG,91.79,T,,M,0.00,N,0.01,K,A*14
$GNZDA,024211.000,28,06,2012,,*41
$GNGGA,024212.000,3859.9984,N,11613.9785,E,1,11,0.75,-16.8,M,-6.8,M,,*7A
$PAIRACC,4.41,8.85*4F
$GNGLL,3859.9984,N,11613.9785,E,024212.000,A,A*4C
$GNGSA,A,3,05,18,20,31,,,,,,,,,1.29,0.75,1.05,1*01
$GNGSA,A,3,82,74,72,,,,,,,,,,1.29,0.75,1.05,2*02
$GNGSA,A,3,,,,,,,,,,,,,1.29,0.75,1.05,3*0F
$GNGSA,A,3,08,03,04,05,,,,,,,,,1.29,0.75,1.05,4*02
$GPGSV,2,1,06,05,24,054,39.2,11,22,288,,12,16,047,,18,07,134,39.2,1*6E
$GPGSV,2,2,06,20,07,315,38.7,31,72,215,39.1,1*66
$GLGSV,1,1,04,82,19,091,39.1,74,13,259,38.9,72,10,334,39.5,65,63,263,,1*60
$GAGSV,1,1,00,7*73
$GBGSV,3,1,10,14,02,236,,06,75,326,,08,73,343,38.8,09,56,266,,1*6B
$GBGSV,3,2,10,03,43,190,38.1,01,38,147,,02,30,229,,04,27,124,38.3,1*7E
$GBGSV,3,3,10,12,18,243,,05,15,248,38.1,1*63
$GNRMC,024212.000,A,3859.9984,N,11613.9785,E,0.00,95.24,280612,,,A,V*34
$GNVTG,95.24,T,,M,0.00,N,0.01,K,A*18
$GNZDA,024212.000,28,06,2012,,*42
$GNGGA,024213.000,3859.9984,N,11613.9785,E,1,11,0.75,-16.8,M,-6.8,M,,*7B
$PAIRACC,4.44,8.90*4E
$GNGLL,3859.9984,N,11613.9785,E,024213.000,A,A*4D
$GNGSA,A,3,18,05,31,20,,,,,,,,,1.29,0.75,1.05,1*01
$GNGSA,A,3,72,82,74,,,,,,,,,,1.29,0.75,1.05,2*02
$GNGSA,A,3,,,,,,,,,,,,,1.29,0.75,1.05,3*0F
$GNGSA,A,3,08,03,04,05,,,,,,,,,1.29,0.75,1.05,4*02
$GPGSV,2,1,08,18,07,134,38.7,30,35,081,,05,24,054,39.2,31,72,215,38.7,1*7E
$GPGSV,2,2,08,11,22,288,,12,16,047,,20,07,315,38.2,14,59,048,,1*79
$GLGSV,1,1,04,72,10,334,38.8,65,63,263,,82,19,091,39.1,74,13,259,39.1,1*65
$GAGSV,1,1,00,7*73
$GBGSV,3,1,10,14,02,236,,08,73,343,38.5,09,56,266,,03,43,190,37.9,1*7A
$GBGSV,3,2,10,01,38,147,,02,30,229,,04,27,124,38.4,12,18,243,,1*6E
$GBGSV,3,3,10,05,15,248,38.4,06,75,326,,1*6A
$GNRMC,024213.000,A,3859.9984,N,11613.9785,E,0.00,94.39,280612,,,A,V*38
$GNVTG,94.39,T,,M,0.00,N,0.01,K,A*15
$GNZDA,024213.000,28,06,2012,,*43
$GNGGA,024214.000,3859.9984,N,11613.9785,E,1,11,0.75,-16.8,M,-6.8,M,,*7C
$PAIRACC,4.43,8.87*4F
$GNGLL,3859.9984,N,11613.9785,E,024214.000,A,A*4A
$GNGSA,A,3,05,18,20,31,,,,,,,,,1.29,0.75,1.05,1*01
$GNGSA,A,3,82,74,72,,,,,,,,,,1.29,0.75,1.05,2*02
$GNGSA,A,3,,,,,,,,,,,,,1.29,0.75,1.05,3*0F
$GNGSA,A,3,08,03,04,05,,,,,,,,,1.29,0.75,1.05,4*02
$GPGSV,2,1,06,14,59,048,,30,35,081,,05,24,054,39.2,18,07,134,38.8,1*69
$GPGSV,2,2,06,20,07,315,38.8,31,72,215,39.0,1*68
$GLGSV,1,1,04,82,19,091,38.8,74,13,259,39.0,72,10,334,39.1,65,63,263,,1*64
$GAGSV,1,1,00,7*73
$GBGSV,3,1,10,14,02,236,,06,75,326,,08,73,343,39.0,09,56,266,,1*62
$GBGSV,3,2,10,03,43,190,38.6,01,38,147,,02,30,229,,04,27,124,38.8,1*72
$GBGSV,3,3,10,12,18,243,,05,15,248,38.7,1*65
$GNRMC,024214.000,A,3859.9984,N,11613.9785,E,0.00,84.57,280612,,,A,V*36
$GNVTG,84.57,T,,M,0.00,N,0.01,K,A*1C
$GNZDA,024214.000,28,06,2012,,*44
$GNGGA,024215.000,3859.9984,N,11613.9785,E,1,11,0.75,-16.8,M,-6.8,M,,*7D
$PAIRACC,4.49,8.90*43
$GNGLL,3859.9984,N,11613.9785,E,024215.000,A,A*4B
$GNGSA,A,3,18,05,31,20,,,,,,,,,1.29,0.75,1.05,1*01
$GNGSA,A,3,72,82,74,,,,,,,,,,1.29,0.75,1.05,2*02
$GNGSA,A,3,,,,,,,,,,,,,1.29,0.75,1.05,3*0F
$GNGSA,A,3,08,03,04,05,,,,,,,,,1.29,0.75,1.05,4*02
$GPGSV,2,1,08,18,07,134,39.0,30,35,081,,05,24,054,38.6,31,72,215,38.6,1*7C
$GPGSV,2,2,08,11,22,288,,12,16,047,,20,07,315,39.0,14,59,048,,1*7A
$GLGSV,1,1,04,72,10,334,39.1,65,63,263,,82,19,091,39.0,74,13,259,38.8,1*64
$GAGSV,1,1,00,7*73
$GBGSV,3,1,10,14,02,236,,08,73,343,39.1,09,56,266,,03,43,190,38.3,1*7A
$GBGSV,3,2,10,01,38,147,,02,30,229,,04,27,124,38.2,12,18,243,,1*68
$GBGSV,3,3,10,05,15,248,38.3,06,75,326,,1*6D
$GNRMC,024215.000,A,3859.9984,N,11613.9785,E,0.00,103.55,280612,,,A,V*0B
$GNVTG,103.55,T,,M,0.00,N,0.01,K,A*20
$GNZDA,024215.000,28,06,2012,,*45
$GNGGA,024216.000,3859.9984,N,11613.9785,E,1,11,0.75,-16.8,M,-6.8,M,,*7E
$PAIRACC,4.41,8.85*4F
$GNGLL,3859.9984,N,11613.9785,E,024216.000,A,A*48
$GNGSA,A,3,18,05,31,20,,,,,,,,,1.29,0.75,1.05,1*01
$GNGSA,A,3,72,82,74,,,,,,,,,,1.29,0.75,1.05,2*02
$GNGSA,A,3,,,,,,,,,,,,,1.29,0.75,1.05,3*0F
$GNGSA,A,3,08,03,04,05,,,,,,,,,1.29,0.75,1.05,4*02
$GPGSV,2,1,08,18,07,134,38.5,30,35,081,,05,24,054,39.5,31,72,215,39.0,1*7D
$GPGSV,2,2,08,11,22,288,,12,16,047,,20,07,315,38.4,14,59,048,,1*7F
$GLGSV,1,1,04,72,10,334,39.0,65,63,263,,82,19,091,39.6,74,13,259,39.0,1*6A
$GAGSV,1,1,00,7*73
$GBGSV,3,1,10,14,02,236,,08,73,343,38.5,09,56,266,,03,43,190,37.5,1*76
$GBGSV,3,2,10,01,38,147,,02,30,229,,04,27,124,38.4,12,18,243,,1*6E
$GBGSV,3,3,10,05,15,248,38.5,06,75,326,,1*6B
$GNRMC,024216.000,A,3859.9984,N,11613.9785,E,0.00,86.56,280612,,,A,V*37
$GNVTG,86.56,T,,M,0.00,N,0.01,K,A*1F
$GNZDA,024216.000,28,06,2012,,*46
$GNGGA,024217.000,3859.9984,N,11613.9785,E,1,11,0.75,-16.8,M,-6.8,M,,*7F
$PAIRACC,4.49,8.90*43
$GNGLL,3859.9984,N,11613.9785,E,024217.000,A,A*49
$GNGSA,A,3,18,05,31,20,,,,,,,,,1.29,0.75,1.05,1*01
$GNGSA,A,3,72,82,74,,,,,,,,,,1.29,0.75,1.05,2*02
$GNGSA,A,3,,,,,,,,,,,,,1.29,0.75,1.05,3*0F
$GNGSA,A,3,08,03,04,05,,,,,,,,,1.29,0.75,1.05,4*02
$GPGSV,2,1,08,18,07,134,38.7,30,35,081,,05,24,054,38.9,31,72,215,38.3,1*70
$GPGSV,2,2,08,11,22,288,,12,16,047,,20,07,315,38.1,14,59,048,,1*7A
$GLGSV,1,1,04,72,10,334,39.6,65,63,263,,82,19,091,39.1,74,13,259,39.1,1*6A
$GAGSV,1,1,00,7*73
$GBGSV,3,1,10,14,02,236,,08,73,343,38.6,09,56,266,,03,43,190,38.5,1*7A
$GBGSV,3,2,10,01,38,147,,02,30,229,,04,27,124,38.8,12,18,243,,1*62
$GBGSV,3,3,10,05,15,248,38.6,06,75,326,,1*68
$GNRMC,024217.000,A,3859.9984,N,11613.9785,E,0.00,99.44,280612,,,A,V*3B
$GNVTG,99.44,T,,M,0.00,N,0.01,K,A*12
$GNZDA,024217.000,28,06,2012,,*47
$GNGGA,024218.000,3859.9984,N,11613.9785,E,1,11,0.75,-16.8,M,-6.8,M,,*70
$PAIRACC,4.40,8.84*4F
$GNGLL,3859.9984,N,11613.9785,E,024218.000,A,A*46
$GNGSA,A,3,18,05,31,20,,,,,,,,,1.29,0.75,1.05,1*01
$GNGSA,A,3,72,82,74,,,,,,,,,,1.29,0.75,1.05,2*02
$GNGSA,A,3,,,,,,,,,,,,,1.29,0.75,1.05,3*0F
$GNGSA,A,3,08,03,04,05,,,,,,,,,1.29,0.75,1.05,4*02
$GPGSV,2,1,08,18,07,134,38.8,30,35,081,,05,24,054,39.2,31,72,215,38.7,1*71
$GPGSV,2,2,08,11,22,288,,12,16,047,,20,07,315,38.3,14,59,048,,1*78
$GLGSV,1,1,04,72,10,334,39.2,65,63,263,,82,19,091,39.4,74,13,259,39.0,1*6A
$GAGSV,1,1,00,7*73
$GBGSV,3,1,10,14,02,236,,08,73,343,38.7,09,56,266,,03,43,190,37.9,1*78
$GBGSV,3,2,10,01,38,147,,02,30,229,,04,27,124,38.6,12,18,243,,1*6C
$GBGSV,3,3,10,05,15,248,38.6,06,75,326,,1*68
$GNRMC,024218.000,A,3859.9984,N,11613.9785,E,0.00,94.38,280612,,,A,V*32
$GNVTG,94.38,T,,M,0.00,N,0.01,K,A*14
$GNZDA,024218.000,28,06,2012,,*48
$GNGGA,024219.000,3859.9984,N,11613.9784,E,1,11,0.74,-16.8,M,-6.8,M,,*71
$PAIRACC,4.44,8.89*46
$GNGLL,3859.9984,N,11613.9784,E,024219.000,A,A*46
$GNGSA,A,3,18,05,31,20,,,,,,,,,1.28,0.74,1.05,1*01
$GNGSA,A,3,72,82,74,,,,,,,,,,1.28,0.74,1.05,2*02
$GNGSA,A,3,,,,,,,,,,,,,1.28,0.74,1.05,3*0F
$GNGSA,A,3,08,03,04,05,,,,,,,,,1.28,0.74,1.05,4*02
$GPGSV,2,1,08,18,07,134,38.6,30,35,081,,05,24,054,39.2,31,72,215,38.6,1*7E
$GPGSV,2,2,08,11,22,288,,12,16,047,,20,07,315,38.1,14,59,048,,1*7A
$GLGSV,1,1,04,72,10,334,38.8,65,63,263,,82,19,091,39.3,74,13,259,38.8,1*6F
$GAGSV,1,1,00,7*73
$GBGSV,3,1,10,14,02,236,,08,73,343,38.8,09,56,266,,03,43,190,37.8,1*76
$GBGSV,3,2,10,01,38,147,,02,30,229,,04,27,124,38.4,12,18,243,,1*6E
$GBGSV,3,3,10,05,15,248,38.4,06,75,326,,1*6A
$GNRMC,024219.000,A,3859.9984,N,11613.9784,E,0.00,65.01,280612,,,A,V*36
$GNVTG,65.01,T,,M,0.00,N,0.01,K,A*10
$GNZDA,024219.000,28,06,2012,,*49
$GNGGA,024220.000,3859.9984,N,11613.9784,E,1,11,0.74,-16.8,M,-6.8,M,,*7B
$PAIRACC,4.43,8.72*45
$GNGLL,3859.9984,N,11613.9784,E,024220.000,A,A*4C
$GNGSA,A,3,18,05,31,20,,,,,,,,,1.28,0.74,1.05,1*01
$GNGSA,A,3,72,82,74,,,,,,,,,,1.28,0.74,1.05,2*02
$GNGSA,A,3,,,,,,,,,,,,,1.28,0.74,1.05,3*0F
$GNGSA,A,3,08,03,04,05,,,,,,,,,1.28,0.74,1.05,4*02
$GPGSV,2,1,08,18,07,134,38.8,30,35,081,,05,24,054,39.1,31,72,215,39.2,1*76
$GPGSV,2,2,08,11,22,288,,12,16,047,,20,07,315,38.6,14,59,048,,1*7D
$GLGSV,1,1,04,72,10,334,39.2,65,63,263,,82,19,091,39.5,74,13,259,39.5,1*6E
$GAGSV,1,1,00,7*73
$GBGSV,3,1,10,14,02,236,,08,73,343,39.2,09,56,266,,03,43,190,38.3,1*79
$GBGSV,3,2,10,01,38,147,,02,30,229,,04,27,124,38.7,12,18,243,,1*6D
$GBGSV,3,3,10,05,15,248,38.8,06,75,326,,1*66
$GNRMC,024220.000,A,3859.9984,N,11613.9784,E,0.00,93.20,280612,,,A,V*36
$GNVTG,93.20,T,,M,0.00,N,0.01,K,A*1A
$GNZDA,024220.000,28,06,2012,,*43
$GNGGA,024221.000,3859.9984,N,11613.9784,E,1,11,0.75,-16.8,M,-6.8,M,,*7B
$PAIRACC,4.47,9.09*4C
$GNGLL,3859.9984,N,11613.9784,E,024221.000,A,A*4D
$GNGSA,A,3,18,05,31,20,,,,,,,,,1.29,0.75,1.05,1*01
$GNGSA,A,3,72,82,74,,,,,,,,,,1.29,0.75,1.05,2*02
$GNGSA,A,3,,,,,,,,,,,,,1.29,0.75,1.05,3*0F
$GNGSA,A,3,08,03,04,05,,,,,,,,,1.29,0.75,1.05,4*02
$GPGSV,2,1,08,18,07,134,39.4,30,35,081,,05,24,054,38.9,31,72,215,39.1,1*71
$GPGSV,2,2,08,11,22,288,,12,16,047,,20,07,315,38.7,14,59,048,,1*7C
$GLGSV,1,1,04,72,10,334,39.1,65,63,263,,82,19,091,39.4,74,13,259,38.9,1*61
$GAGSV,1,1,00,7*73
$GBGSV,3,1,10,14,02,236,,08,73,343,38.3,09,56,266,,03,43,190,38.1,1*7B
$GBGSV,3,2,10,01,38,147,,02,30,229,,04,27,124,38.6,12,18,243,,1*6C
$GBGSV,3,3,10,05,15,248,38.3,06,75,326,,1*6D
$GNRMC,024221.000,A,3859.9984,N,11613.9784,E,0.00,80.46,280612,,,A,V*35
$GNVTG,80.46,T,,M,0.00,N,0.01,K,A*18
$GNZDA,024221.000,28,06,2012,,*42
$GNGGA,024222.000,3859.9984,N,11613.9784,E,1,11,0.75,-16.8,M,-6.8,M,,*78
$PAIRACC,4.43,8.86*4E
$GNGLL,3859.9984,N,11613.9784,E,024222.000,A,A*4E
$GNGSA,A,3,18,05,31,20,,,,,,,,,1.29,0.75,1.05,1*01
$GNGSA,A,3,72,82,74,,,,,,,,,,1.29,0.75,1.05,2*02
$GNGSA,A,3,,,,,,,,,,,,,1.29,0.75,1.05,3*0F
$GNGSA,A,3,08,03,04,05,,,,,,,,,1.29,0.75,1.05,4*02
$GPGSV,2,1,08,18,07,134,39.0,30,35,081,,05,24,054,38.9,31,72,215,38.8,1*7D
$GPGSV,2,2,08,11,22,288,,12,16,047,,20,07,315,38.8,14,59,048,,1*73
$GLGSV,1,1,04,72,10,334,39.2,65,63,263,,82,19,091,39.5,74,13,259,38.9,1*63
$GAGSV,1,1,00,7*73
$GBGSV,3,1,10,14,02,236,,08,73,343,38.6,09,56,266,,03,43,190,37.7,1*77
$GBGSV,3,2,10,01,38,147,,02,30,229,,04,27,124,38.3,12,18,243,,1*69
$GBGSV,3,3,10,05,15,248,38.5,06,75,326,,1*6B
$GNRMC,024222.000,A,3859.9984,N,11613.9784,E,0.00,112.53,280612,,,A,V*08
$GNVTG,112.53,T,,M,0.00,N,0.01,K,A*26
$GNZDA,024222.000,28,06,2012,,*41
$GNGGA,024223.000,3859.9984,N,11613.9784,E,1,11,0.74,-16.8,M,-6.8,M,,*78
$PAIRACC,4.44,8.82*4D
$GNGLL,3859.9984,N,11613.9784,E,024223.000,A,A*4F
$GNGSA,A,3,18,05,31,20,,,,,,,,,1.28,0.74,1.05,1*01
$GNGSA,A,3,72,82,74,,,,,,,,,,1.28,0.74,1.05,2*02
$GNGSA,A,3,,,,,,,,,,,,,1.28,0.74,1.05,3*0F
$GNGSA,A,3,08,03,04,05,,,,,,,,,1.28,0.74,1.05,4*02
$GPGSV,2,1,08,18,07,134,38.6,30,35,081,,05,24,054,38.9,31,72,215,39.2,1*71
$GPGSV,2,2,08,11,22,288,,12,16,047,,20,07,315,38.3,14,59,048,,1*78
$GLGSV,1,1,04,72,10,334,39.1,65,63,263,,82,19,091,38.9,74,13,259,38.9,1*6D
$GAGSV,1,1,00,7*73
$GBGSV,3,1,10,14,02,236,,08,73,343,39.0,09,56,266,,03,43,190,38.5,1*7D
$GBGSV,3,2,10,01,38,147,,02,30,229,,04,27,124,38.7,12,18,243,,1*6D
$GBGSV,3,3,10,05,15,248,38.3,06,75,326,,1*6D
$GNRMC,024223.000,A,3859.9984,N,11613.9784,E,0.00,125.88,280612,,,A,V*0B
$GNVTG,125.88,T,,M,0.00,N,0.01,K,A*24
$GNZDA,024223.000,28,06,2012,,*40
$GNGGA,024224.000,3859.9984,N,11613.9784,E,1,11,0.74,-16.8,M,-6.8,M,,*7F
$PAIRACC,4.45,8.93*4C
$GNGLL,3859.9984,N,11613.9784,E,024224.000,A,A*48
$GNGSA,A,3,18,05,31,20,,,,,,,,,1.28,0.74,1.05,1*01
$GNGSA,A,3,72,82,74,,,,,,,,,,1.28,0.74,1.05,2*02
$GNGSA,A,3,,,,,,,,,,,,,1.28,0.74,1.05,3*0F
$GNGSA,A,3,08,03,04,05,,,,,,,,,1.28,0.74,1.05,4*02
$GPGSV,2,1,08,18,07,134,38.7,30,35,081,,05,24,054,39.0,31,72,215,38.8,1*73
$GPGSV,2,2,08,11,22,288,,12,16,047,,20,07,315,38.5,14,59,048,,1*7E
$GLGSV,1,1,04,72,10,334,39.0,65,63,263,,82,19,091,39.5,74,13,259,39.1,1*68
$GAGSV,1,1,00,7*73
$GBGSV,3,1,10,14,02,236,,08,73,343,38.7,09,56,266,,03,43,190,38.0,1*7E
$GBGSV,3,2,10,01,38,147,,02,30,229,,04,27,124,38.6,12,18,243,,1*6C
$GBGSV,3,3,10,05,15,248,38.4,06,75,326,,1*6A
$GNRMC,024224.000,A,3859.9984,N,11613.9784,E,0.00,95.66,280612,,,A,V*36
$GNVTG,95.66,T,,M,0.00,N,0.01,K,A*1E
$GNZDA,024224.000,28,06,2012,,*47
$GNGGA,024225.000,3859.9984,N,11613.9784,E,1,11,0.75,-16.8,M,-6.8,M,,*7F
$PAIRACC,4.43,8.79*4E
$GNGLL,3859.9984,N,11613.9784,E,024225.000,A,A*49
$GNGSA,A,3,18,05,31,20,,,,,,,,,1.29,0.75,1.05,1*01
$GNGSA,A,3,72,82,74,,,,,,,,,,1.29,0.75,1.05,2*02
$GNGSA,A,3,,,,,,,,,,,,,1.29,0.75,1.05,3*0F
$GNGSA,A,3,08,03,04,05,,,,,,,,,1.29,0.75,1.05,4*02
$GPGSV,2,1,08,18,07,134,39.1,30,35,081,,05,24,054,39.0,31,72,215,38.7,1*7B
$GPGSV,2,2,08,11,22,288,,12,16,047,,20,07,315,39.0,14,59,048,,1*7A
$GLGSV,1,1,04,72,10,334,39.3,65,63,263,,82,19,091,39.5,74,13,259,39.1,1*6B
$GAGSV,1,1,00,7*73
$GBGSV,3,1,10,14,02,236,,08,73,343,39.2,09,56,266,,03,43,190,37.6,1*73
$GBGSV,3,2,10,01,38,147,,02,30,229,,04,27,124,38.7,12,18,243,,1*6D
$GBGSV,3,3,10,05,15,248,38.0,06,75,326,,1*6E
$GNRMC,024225.000,A,3859.9984,N,11613.9784,E,0.00,115.86,280612,,,A,V*00
$GNVTG,115.86,T,,M,0.00,N,0.01,K,A*29
$GNZDA,024225.000,28,06,2012,,*46
$GNGGA,024226.000,3859.9984,N,11613.9784,E,1,11,0.75,-16.7,M,-6.8,M,,*73
$PAIRACC,4.44,9.01*47
$GNGLL,3859.9984,N,11613.9784,E,024226.000,A,A*4A
$GNGSA,A,3,18,05,31,20,,,,,,,,,1.29,0.75,1.05,1*01
$GNGSA,A,3,72,82,74,,,,,,,,,,1.29,0.75,1.05,2*02
$GNGSA,A,3,,,,,,,,,,,,,1.29,0.75,1.05,3*0F
$GNGSA,A,3,08,03,04,05,,,,,,,,,1.29,0.75,1.05,4*02
$GPGSV,2,1,08,18,07,134,38.7,30,35,081,,05,24,054,39.3,31,72,215,38.8,1*70
$GPGSV,2,2,08,11,22,288,,12,16,047,,20,07,315,38.3,14,59,048,,1*78
$GLGSV,1,1,04,72,10,334,39.0,65,63,263,,82,19,091,39.3,74,13,259,39.2,1*6D
$GAGSV,1,1,00,7*73
$GBGSV,3,1,10,14,02,236,,08,73,343,38.5,09,56,266,,03,43,190,38.4,1*78
$GBGSV,3,2,10,01,38,147,,02,30,229,,04,27,124,38.7,12,18,243,,1*6D
$GBGSV,3,3,10,05,15,248,38.3,06,75,326,,1*6D
$GNRMC,024226.000,A,3859.9984,N,11613.9784,E,0.00,89.11,280612,,,A,V*39
$GNVTG,89.11,T,,M,0.00,N,0.01,K,A*13
$GNZDA,024226.000,28,06,2012,,*45
$GNGGA,024227.000,3859.9984,N,11613.9784,E,1,11,0.74,-16.7,M,-6.8,M,,*73
$PAIRACC,4.41,8.86*4C
$GNGLL,3859.9984,N,11613.9784,E,024227.000,A,A*4B
$GNGSA,A,3,18,05,31,20,,,,,,,,,1.28,0.74,1.05,1*01
$GNGSA,A,3,72,82,74,,,,,,,,,,1.28,0.74,1.05,2*02
$GNGSA,A,3,,,,,,,,,,,,,1.28,0.74,1.05,3*0F
$GNGSA,A,3,08,03,04,05,,,,,,,,,1.28,0.74,1.05,4*02
$GPGSV,2,1,08,18,07,134,38.8,30,35,081,,05,24,054,39.2,31,72,215,38.5,1*73
$GPGSV,2,2,08,11,22,288,,12,16,047,,20,07,315,38.7,14,59,048,,1*7C
$GLGSV,1,1,04,72,10,334,39.2,65,63,263,,82,19,091,39.4,74,13,259,39.1,1*6B
$GAGSV,1,1,00,7*73
$GBGSV,3,1,10,14,02,236,,08,73,343,38.4,09,56,266,,03,43,190,37.8,1*7A
$GBGSV,3,2,10,01,38,147,,02,30,229,,04,27,124,38.7,12,18,243,,1*6D
$GBGSV,3,3,10,05,15,248,38.4,06,75,326,,1*6A
$GNRMC,024227.000,A,3859.9984,N,11613.9784,E,0.00,109.16,280612,,,A,V*06
$GNVTG,109.16,T,,M,0.00,N,0.01,K,A*2D
$GNZDA,024227.000,28,06,2012,,*44
$GNGGA,024228.000,3859.9984,N,11613.9784,E,1,11,0.74,-16.7,M,-6.8,M,,*7C
$PAIRACC,4.43,8.80*48
$GNGLL,3859.9984,N,11613.9784,E,024228.000,A,A*44
$GNGSA,A,3,18,05,31,20,,,,,,,,,1.28,0.74,1.05,1*01
$GNGSA,A,3,72,82,74,,,,,,,,,,1.28,0.74,1.05,2*02
$GNGSA,A,3,,,,,,,,,,,,,1.28,0.74,1.05,3*0F
$GNGSA,A,3,08,03,04,05,,,,,,,,,1.28,0.74,1.05,4*02
$GPGSV,2,1,08,18,07,134,38.7,30,35,081,,05,24,054,39.2,31,72,215,38.5,1*7C
$GPGSV,2,2,08,11,22,288,,12,16,047,,20,07,315,38.3,14,59,048,,1*78
$GLGSV,1,1,04,72,10,334,38.8,65,63,263,,82,19,091,39.1,74,13,259,39.1,1*65
$GAGSV,1,1,00,7*73
$GBGSV,3,1,10,14,02,236,,08,73,343,39.1,09,56,266,,03,43,190,37.9,1*7F
$GBGSV,3,2,10,01,38,147,,02,30,229,,04,27,124,38.6,12,18,243,,1*6C
$GBGSV,3,3,10,05,15,248,38.6,06,75,326,,1*68
$GNRMC,024228.000,A,3859.9984,N,11613.9784,E,0.00,76.18,280612,,,A,V*3E
$GNVTG,76.18,T,,M,0.00,N,0.01,K,A*1A
$GNZDA,024228.000,28,06,2012,,*4B
$GNGGA,024229.000,3859.9984,N,11613.9784,E,1,11,0.74,-16.7,M,-6.8,M,,*7D
$PAIRACC,4.42,9.00*40
$GNGLL,3859.9984,N,11613.9784,E,024229.000,A,A*45
$GNGSA,A,3,18,05,31,20,,,,,,,,,1.28,0.74,1.05,1*01
$GNGSA,A,3,72,82,74,,,,,,,,,,1.28,0.74,1.05,2*02
$GNGSA,A,3,,,,,,,,,,,,,1.28,0.74,1.05,3*0F
$GNGSA,A,3,08,03,04,05,,,,,,,,,1.28,0.74,1.05,4*02
$GPGSV,2,1,08,18,07,134,38.8,30,35,081,,05,24,054,39.3,31,72,215,38.9,1*7E
$GPGSV,2,2,08,11,22,288,,12,16,047,,20,07,315,38.3,14,59,048,,1*78
$GLGSV,1,1,04,72,10,334,38.7,65,63,263,,82,19,091,39.9,74,13,259,39.1,1*62
$GAGSV,1,1,00,7*73
$GBGSV,3,1,10,14,02,236,,08,73,343,38.8,09,56,266,,03,43,190,38.6,1*77
$GBGSV,3,2,10,01,38,147,,02,30,229,,04,27,124,38.6,12,18,243,,1*6C
$GBGSV,3,3,10,05,15,248,38.5,06,75,326,,1*6B
$GNRMC,024229.000,A,3859.9984,N,11613.9784,E,0.00,93.29,280612,,,A,V*36
$GNVTG,93.29,T,,M,0.00,N,0.01,K,A*13
$GNZDA,024229.000,28,06,2012,,*4A
$GNGGA,024230.000,3859.9983,N,11613.9784,E,1,11,0.75,-16.7,M,-6.8,M,,*73
$PAIRACC,4.43,8.80*48
$GNGLL,3859.9983,N,11613.9784,E,024230.000,A,A*4A
$GNGSA,A,3,18,05,31,20,,,,,,,,,1.29,0.75,1.05,1*01
$GNGSA,A,3,72,82,74,,,,,,,,,,1.29,0.75,1.05,2*02
$GNGSA,A,3,,,,,,,,,,,,,1.29,0.75,1.05,3*0F
$GNGSA,A,3,08,03,04,05,,,,,,,,,1.29,0.75,1.05,4*02
$GPGSV,2,1,08,18,07,134,39.2,30,35,081,,05,24,054,39.1,31,72,215,38.8,1*76
$GPGSV,2,2,08,11,22,288,,12,16,047,,20,07,315,38.4,14,59,048,,1*7F
$GLGSV,1,1,04,72,10,334,38.9,65,63,259,,82,19,091,39.5,74,13,259,38.9,1*60
$GAGSV,1,1,00,7*73
$GBGSV,3,1,10,14,02,236,,08,73,343,38.7,09,56,266,,03,43,190,37.7,1*76
$GBGSV,3,2,10,01,38,147,,02,30,229,,04,27,124,38.3,12,18,243,,1*69
$GBGSV,3,3,10,05,15,248,38.6,06,75,326,,1*68
$GNRMC,024230.000,A,3859.9983,N,11613.9784,E,0.01,103.93,280612,,,A,V*01
$GNVTG,103.93,T,,M,0.01,N,0.01,K,A*2B
$GNZDA,024230.000,28,06,2012,,*42
$GNGGA,024231.000,3859.9983,N,11613.9784,E,1,11,0.74,-16.7,M,-6.8,M,,*73
$PAIRACC,4.44,8.85*4A
$GNGLL,3859.9983,N,11613.9784,E,024231.000,A,A*4B
$GNGSA,A,3,18,05,31,20,,,,,,,,,1.28,0.74,1.05,1*01
$GNGSA,A,3,72,82,74,,,,,,,,,,1.28,0.74,1.05,2*02
$GNGSA,A,3,,,,,,,,,,,,,1.28,0.74,1.05,3*0F
$GNGSA,A,3,08,03,04,05,,,,,,,,,1.28,0.74,1.05,4*02
$GPGSV,2,1,08,18,07,134,38.8,30,35,081,,05,24,054,39.1,31,72,215,38.7,1*72
$GPGSV,2,2,08,11,22,288,,12,16,047,,20,07,315,38.3,14,59,048,,1*78
$GLGSV,1,1,04,72,10,334,38.7,65,63,259,,82,19,091,38.9,74,13,259,39.0,1*6B
$GAGSV,1,1,00,7*73
$GBGSV,3,1,10,14,02,236,,08,73,343,38.7,09,56,266,,03,43,190,38.0,1*7E
$GBGSV,3,2,10,01,38,147,,02,30,229,,04,27,124,38.4,12,18,243,,1*6E
$GBGSV,3,3,10,05,15,248,38.5,06,75,326,,1*6B
$GNRMC,024231.000,A,3859.9983,N,11613.9784,E,0.01,101.72,280612,,,A,V*0D
$GNVTG,101.72,T,,M,0.01,N,0.01,K,A*26
$GNZDA,024231.000,28,06,2012,,*43
$GNGGA,024232.000,3859.9983,N,11613.9784,E,1,11,0.74,-16.7,M,-6.8,M,,*70
$PAIRACC,4.39,8.80*45
$GNGLL,3859.9983,N,11613.9784,E,024232.000,A,A*48
$GNGSA,A,3,18,05,31,20,,,,,,,,,1.28,0.74,1.05,1*01
$GNGSA,A,3,72,82,74,,,,,,,,,,1.28,0.74,1.05,2*02
$GNGSA,A,3,,,,,,,,,,,,,1.28,0.74,1.05,3*0F
$GNGSA,A,3,08,03,04,05,,,,,,,,,1.28,0.74,1.05,4*02
$GPGSV,2,1,08,18,07,134,39.1,30,35,081,,05,24,054,39.2,31,72,215,38.9,1*77
$GPGSV,2,2,08,11,22,288,,12,16,047,,20,07,315,38.8,14,59,048,,1*73
$GLGSV,1,1,04,72,10,334,39.2,65,63,259,,82,19,091,39.5,74,13,259,38.9,1*6A
$GAGSV,1,1,00,7*73
$GBGSV,3,1,10,14,02,236,,08,73,343,38.8,09,56,266,,03,43,190,38.7,1*76
$GBGSV,3,2,10,01,38,147,,02,30,229,,04,27,124,38.7,12,18,243,,1*6D
$GBGSV,3,3,10,05,15,248,38.6,06,75,326,,1*68
$GNRMC,024232.000,A,3859.9983,N,11613.9784,E,0.01,113.67,280612,,,A,V*09
$GNVTG,113.67,T,,M,0.01,N,0.01,K,A*21
$GNZDA,024232.000,28,06,2012,,*40
$GNGGA,024233.000,3859.9983,N,11613.9784,E,1,11,0.74,-16.7,M,-6.8,M,,*71
$PAIRACC,4.36,8.70*45
$GNGLL,3859.9983,N,11613.9784,E,024233.000,A,A*49
$GNGSA,A,3,18,05,31,20,,,,,,,,,1.28,0.74,1.05,1*01
$GNGSA,A,3,72,82,74,,,,,,,,,,1.28,0.74,1.05,2*02
$GNGSA,A,3,,,,,,,,,,,,,1.28,0.74,1.05,3*0F
$GNGSA,A,3,08,03,04,05,,,,,,,,,1.28,0.74,1.05,4*02
$GPGSV,2,1,08,18,07,134,39.2,30,35,081,,05,24,054,39.2,31,72,215,38.7,1*7A
$GPGSV,2,2,08,11,22,288,,12,16,047,,20,07,315,38.7,14,59,048,,1*7C
$GLGSV,1,1,04,72,10,334,39.3,65,63,259,,82,19,091,39.7,74,13,259,39.1,1*60
$GAGSV,1,1,00,7*73
$GBGSV,3,1,10,14,02,236,,08,73,343,39.2,09,56,266,,03,43,190,38.4,1*7E
$GBGSV,3,2,10,01,38,147,,02,30,229,,04,27,124,38.4,12,18,243,,1*6E
$GBGSV,3,3,10,05,15,248,38.2,06,75,326,,1*6C
$GNRMC,024233.000,A,3859.9983,N,11613.9784,E,0.01,105.69,280612,,,A,V*01
$GNVTG,105.69,T,,M,0.01,N,0.01,K,A*28
$GNZDA,024233.000,28,06,2012,,*41
$GNGGA,024234.000,3859.9983,N,11613.9784,E,1,11,0.74,-16.7,M,-6.8,M,,*76
$PAIRACC,4.50,9.03*40
$GNGLL,3859.9983,N,11613.9784,E,024234.000,A,A*4E
$GNGSA,A,3,18,05,31,20,,,,,,,,,1.28,0.74,1.05,1*01
$GNGSA,A,3,72,82,74,,,,,,,,,,1.28,0.74,1.05,2*02
$GNGSA,A,3,,,,,,,,,,,,,1.28,0.74,1.05,3*0F
$GNGSA,A,3,08,03,04,05,,,,,,,,,1.28,0.74,1.05,4*02
$GPGSV,2,1,08,18,07,134,39.5,30,35,081,,05,24,054,39.1,31,72,215,38.8,1*71
$GPGSV,2,2,08,11,22,288,,12,16,047,,20,07,315,38.6,14,59,048,,1*7D
$GLGSV,1,1,04,72,10,334,39.0,65,63,259,,82,19,091,39.3,74,13,259,39.0,1*66
$GAGSV,1,1,00,7*73
$GBGSV,3,1,10,14,02,236,,08,73,343,38.9,09,56,266,,03,43,190,37.8,1*77
$GBGSV,3,2,10,01,38,147,,02,30,229,,04,27,124,38.6,12,18,243,,1*6C
$GBGSV,3,3,10,05,15,248,38.5,06,75,326,,1*6B
$GNRMC,024234.000,A,3859.9983,N,11613.9784,E,0.01,90.36,280612,,,A,V*31
$GNVTG,90.36,T,,M,0.01,N,0.01,K,A*1F
$GNZDA,024234.000,28,06,2012,,*46
$GNGGA,024235.000,3859.9983,N,11613.9784,E,1,11,0.74,-16.7,M,-6.8,M,,*77
$PAIRACC,4.39,8.72*48
$GNGLL,3859.9983,N,11613.9784,E,024235.000,A,A*4F
$GNGSA,A,3,18,05,31,20,,,,,,,,,1.28,0.74,1.05,1*01
$GNGSA,A,3,72,82,74,,,,,,,,,,1.28,0.74,1.05,2*02
$GNGSA,A,3,,,,,,,,,,,,,1.28,0.74,1.05,3*0F
$GNGSA,A,3,08,03,04,05,,,,,,,,,1.28,0.74,1.05,4*02
$GPGSV,2,1,08,18,07,134,38.8,30,35,081,,05,24,054,38.9,31,72,215,38.8,1*74
$GPGSV,2,2,08,11,22,288,,12,16,047,,20,07,315,37.7,14,59,048,,1*73
$GLGSV,1,1,04,72,10,334,38.9,65,63,259,,82,19,091,39.3,74,13,259,39.4,1*6A
$GAGSV,1,1,00,7*73
$GBGSV,3,1,10,14,02,236,,08,73,343,39.2,09,56,266,,03,43,190,38.7,1*7D
$GBGSV,3,2,10,01,38,147,,02,30,229,,04,27,124,38.4,12,18,243,,1*6E
$GBGSV,3,3,10,05,15,248,39.0,06,75,326,,1*6F
$GNRMC,024235.000,A,3859.9983,N,11613.9784,E,0.01,66.98,280612,,,A,V*3D
$GNVTG,66.98,T,,M,0.01,N,0.01,K,A*12
$GNZDA,024235.000,28,06,2012,,*47
$GNGGA,024236.000,3859.9983,N,11613.9784,E,1,11,0.74,-16.7,M,-6.8,M,,*74
$PAIRACC,4.45,9.03*44
$GNGLL,3859.9983,N,11613.9784,E,024236.000,A,A*4C
$GNGSA,A,3,18,05,31,20,,,,,,,,,1.28,0.74,1.05,1*01
$GNGSA,A,3,72,82,74,,,,,,,,,,1.28,0.74,1.05,2*02
$GNGSA,A,3,,,,,,,,,,,,,1.28,0.74,1.05,3*0F
$GNGSA,A,3,08,03,04,05,,,,,,,,,1.28,0.74,1.05,4*02
$GPGSV,2,1,08,18,07,134,38.9,30,35,081,,05,24,054,38.9,31,72,215,38.8,1*75
$GPGSV,2,2,08,11,22,288,,12,16,047,,20,07,315,38.5,14,59,048,,1*7E
$GLGSV,1,1,04,72,10,334,39.7,65,63,259,,82,19,091,39.5,74,13,259,39.0,1*67
$GAGSV,1,1,00,7*73
$GBGSV,3,1,10,14,02,236,,08,73,343,38.2,09,56,266,,03,43,190,37.8,1*7C
$GBGSV,3,2,10,01,38,147,,02,30,229,,04,27,124,38.2,12,18,243,,1*68
$GBGSV,3,3,10,05,15,248,38.6,06,75,326,,1*68
$GNRMC,024236.000,A,3859.9983,N,11613.9784,E,0.01,77.26,280612,,,A,V*3B
$GNVTG,77.26,T,,M,0.01,N,0.01,K,A*17
$GNZDA,024236.000,28,06,2012,,*44
$GNGGA,024237.000,3859.9983,N,11613.9784,E,1,11,0.74,-16.8,M,-6.8,M,,*7A
$PAIRACC,4.38,8.77*4C
$GNGLL,3859.9983,N,11613.9784,E,024237.000,A,A*4D
$GNGSA,A,3,18,05,31,20,,,,,,,,,1.28,0.74,1.05,1*01
$GNGSA,A,3,72,82,74,,,,,,,,,,1.28,0.74,1.05,2*02
$GNGSA,A,3,,,,,,,,,,,,,1.28,0.74,1.05,3*0F
$GNGSA,A,3,08,03,04,05,,,,,,,,,1.28,0.74,1.05,4*02
$GPGSV,2,1,08,18,07,134,39.0,30,35,081,,05,24,054,38.7,31,72,215,38.4,1*7F
$GPGSV,2,2,08,11,22,288,,12,16,047,,20,07,315,38.5,14,59,048,,1*7E
$GLGSV,1,1,04,72,12,333,39.5,65,63,259,,82,19,091,39.5,74,13,259,39.3,1*63
$GAGSV,1,1,00,7*73
$GBGSV,3,1,10,14,02,236,,08,73,343,38.7,09,56,266,,03,43,190,37.7,1*76
$GBGSV,3,2,10,01,38,147,,02,30,229,,04,27,124,38.5,12,18,243,,1*6F
$GBGSV,3,3,10,05,15,248,38.2,06,75,326,,1*6C
$GNRMC,024237.000,A,3859.9983,N,11613.9784,E,0.01,61.39,280612,,,A,V*33
$GNVTG,61.39,T,,M,0.01,N,0.01,K,A*1E
$GNZDA,024237.000,28,06,2012,,*45
$GNGGA,024238.000,3859.9983,N,11613.9784,E,1,11,0.74,-16.8,M,-6.8,M,,*75
$PAIRACC,4.40,8.80*4B
$GNGLL,3859.9983,N,11613.9784,E,024238.000,A,A*42
$GNGSA,A,3,18,05,31,20,,,,,,,,,1.28,0.74,1.05,1*01
$GNGSA,A,3,72,82,74,,,,,,,,,,1.28,0.74,1.05,2*02
$GNGSA,A,3,,,,,,,,,,,,,1.28,0.74,1.05,3*0F
$GNGSA,A,3,08,03,04,05,,,,,,,,,1.28,0.74,1.05,4*02
$GPGSV,2,1,08,18,07,134,38.6,30,35,081,,05,24,054,39.1,31,72,215,38.6,1*7D
$GPGSV,2,2,08,11,22,288,,12,16,047,,20,07,315,37.9,14,59,048,,1*7D
$GLGSV,1,1,04,72,12,333,39.4,65,63,259,,82,19,091,39.5,74,13,259,39.7,1*66
$GAGSV,1,1,00,7*73
$GBGSV,3,1,10,14,02,236,,08,73,343,38.5,09,56,266,,03,43,190,38.5,1*79
$GBGSV,3,2,10,01,38,147,,02,30,229,,04,27,124,38.5,12,18,243,,1*6F
$GBGSV,3,3,10,05,15,248,38.8,06,75,326,,1*66
$GNRMC,024238.000,A,3859.9983,N,11613.9784,E,0.01,65.37,280612,,,A,V*36
$GNVTG,65.37,T,,M,0.01,N,0.01,K,A*14
$GNZDA,024238.000,28,06,2012,,*4A
$GNGGA,024239.000,3859.9983,N,11613.9784,E,1,11,0.74,-16.8,M,-6.8,M,,*74
$PAIRACC,4.38,8.76*4D
$GNGLL,3859.9983,N,11613.9784,E,024239.000,A,A*43
$GNGSA,A,3,18,05,31,20,,,,,,,,,1.28,0.74,1.05,1*01
$GNGSA,A,3,72,82,74,,,,,,,,,,1.28,0.74,1.05,2*02
$GNGSA,A,3,,,,,,,,,,,,,1.28,0.74,1.05,3*0F
$GNGSA,A,3,08,03,04,05,,,,,,,,,1.28,0.74,1.05,4*02
$GPGSV,2,1,08,18,07,134,38.6,30,35,081,,05,24,054,38.7,31,72,215,38.6,1*7A
$GPGSV,2,2,08,11,22,288,,12,16,047,,20,07,315,38.5,14,59,048,,1*7E
$GLGSV,1,1,04,72,12,333,39.3,65,63,259,,82,19,091,39.1,74,14,260,39.2,1*6D
$GAGSV,1,1,00,7*73
$GBGSV,3,1,10,14,02,236,,08,73,343,39.0,09,56,266,,03,43,190,38.1,1*79
$GBGSV,3,2,10,01,38,147,,02,30,229,,04,27,124,38.4,12,18,243,,1*6E
$GBGSV,3,3,10,05,15,248,38.3,06,75,326,,1*6D
$GNRMC,024239.000,A,3859.9983,N,11613.9784,E,0.01,62.63,280612,,,A,V*31
$GNVTG,62.63,T,,M,0.01,N,0.01,K,A*12
$GNZDA,024239.000,28,06,2012,,*4B
$GNGGA,024240.000,3859.9983,N,11613.9784,E,1,11,0.74,-16.8,M,-6.8,M,,*7A
$PAIRACC,4.36,8.71*44
$GNGLL,3859.9983,N,11613.9784,E,024240.000,A,A*4D
$GNGSA,A,3,18,05,31,20,,,,,,,,,1.28,0.74,1.05,1*01
$GNGSA,A,3,72,82,74,,,,,,,,,,1.28,0.74,1.05,2*02
$GNGSA,A,3,,,,,,,,,,,,,1.28,0.74,1.05,3*0F
$GNGSA,A,3,08,03,04,05,,,,,,,,,1.28,0.74,1.05,4*02
$GPGSV,2,1,08,18,07,134,39.2,30,35,081,,05,24,054,38.8,31,72,215,39.3,1*74
$GPGSV,2,2,08,11,22,288,,12,16,047,,20,07,315,38.4,14,59,048,,1*7F
$GLGSV,1,1,04,72,12,333,39.2,65,63,259,,82,19,091,39.4,74,14,260,39.3,1*68
$GAGSV,1,1,00,7*73
$GBGSV,3,1,10,14,02,236,,08,73,343,38.5,09,56,266,,03,43,190,37.6,1*75
$GBGSV,3,2,10,01,38,147,,02,30,229,,04,27,124,38.3,12,18,243,,1*69
$GBGSV,3,3,10,05,15,248,38.2,06,75,326,,1*6C
$GNRMC,024240.000,A,3859.9983,N,11613.9784,E,0.01,71.70,280612,,,A,V*3F
$GNVTG,71.70,T,,M,0.01,N,0.01,K,A*12
$GNZDA,024240.000,28,06,2012,,*45
$GNGGA,024241.000,3859.9983,N,11613.9784,E,1,11,0.74,-16.8,M,-6.8,M,,*7B
$PAIRACC,4.42,8.87*4E
$GNGLL,3859.9983,N,11613.9784,E,024241.000,A,A*4C
$GNGSA,A,3,18,05,31,20,,,,,,,,,1.28,0.74,1.05,1*01
$GNGSA,A,3,72,82,74,,,,,,,,,,1.28,0.74,1.05,2*02
$GNGSA,A,3,,,,,,,,,,,,,1.28,0.74,1.05,3*0F
$GNGSA,A,3,08,03,04,05,,,,,,,,,1.28,0.74,1.05,4*02
$GPGSV,2,1,08,18,07,134,38.7,30,35,081,,05,24,054,39.0,31,72,215,38.8,1*73
$GPGSV,2,2,08,11,22,288,,12,16,047,,20,07,315,38.1,14,59,048,,1*7A
$GLGSV,1,1,04,72,12,333,39.3,65,63,259,,82,19,091,39.0,74,14,260,39.4,1*6A
$GAGSV,1,1,00,7*73
$GBGSV,3,1,10,14,02,236,,08,73,343,39.1,09,56,266,,03,43,190,38.8,1*71
$GBGSV,3,2,10,01,38,147,,02,30,229,,04,27,124,38.6,12,18,243,,1*6C
$GBGSV,3,3,10,05,15,248,38.3,06,75,326,,1*6D
$GNRMC,024241.000,A,3859.9983,N,11613.9784,E,0.01,85.44,280612,,,A,V*32
$GNVTG,85.44,T,,M,0.01,N,0.01,K,A*1E
$GNZDA,024241.000,28,06,2012,,*44
$GNGGA,024242.000,3859.9983,N,11613.9784,E,1,11,0.74,-16.8,M,-6.8,M,,*78
$PAIRACC,4.40,8.81*4A
$GNGLL,3859.9983,N,11613.9784,E,024242.000,A,A*4F
$GNGSA,A,3,18,05,31,20,,,,,,,,,1.28,0.74,1.05,1*01
$GNGSA,A,3,72,82,74,,,,,,,,,,1.28,0.74,1.05,2*02
$GNGSA,A,3,,,,,,,,,,,,,1.28,0.74,1.05,3*0F
$GNGSA,A,3,08,03,04,05,,,,,,,,,1.28,0.74,1.05,4*02
$GPGSV,2,1,08,18,07,134,39.2,30,35,081,,05,24,054,39.2,31,72,215,39.0,1*7C
$GPGSV,2,2,08,11,22,288,,12,16,047,,20,07,315,38.6,14,59,048,,1*7D
$GLGSV,1,1,04,72,12,333,39.0,65,63,259,,82,19,091,39.3,74,14,260,39.0,1*6E
$GAGSV,1,1,00,7*73
$GBGSV,3,1,10,14,02,236,,08,73,343,39.0,09,56,266,,03,43,190,37.7,1*70
$GBGSV,3,2,10,01,38,147,,02,30,229,,04,27,124,38.8,12,18,243,,1*62
$GBGSV,3,3,10,05,15,248,38.3,06,75,326,,1*6D
$GNRMC,024242.000,A,3859.9983,N,11613.9784,E,0.01,106.85,280612,,,A,V*06
$GNVTG,106.85,T,,M,0.01,N,0.01,K,A*29
$GNZDA,024242.000,28,06,2012,,*47
$GNGGA,024243.000,3859.9983,N,11613.9784,E,1,11,0.74,-16.8,M,-6.8,M,,*79
$PAIRACC,4.49,9.13*49
$GNGLL,3859.9983,N,11613.9784,E,024243.000,A,A*4E
$GNGSA,A,3,18,05,31,20,,,,,,,,,1.28,0.74,1.05,1*01
$GNGSA,A,3,72,82,74,,,,,,,,,,1.28,0.74,1.05,2*02
$GNGSA,A,3,,,,,,,,,,,,,1.28,0.74,1.05,3*0F
$GNGSA,A,3,08,03,04,05,,,,,,,,,1.28,0.74,1.05,4*02
$GPGSV,2,1,08,18,07,134,38.8,30,35,081,,05,24,054,39.1,31,72,215,38.9,1*7C
$GPGSV,2,2,08,11,22,288,,12,16,047,,20,07,315,38.1,14,59,048,,1*7A
$GLGSV,1,1,04,72,12,333,39.2,65,63,259,,82,19,091,39.9,74,14,260,39.0,1*66
$GAGSV,1,1,00,7*73
$GBGSV,3,1,10,14,02,236,,08,73,343,38.7,09,56,266,,03,43,190,37.8,1*79
$GBGSV,3,2,10,01,38,147,,02,30,229,,04,27,124,38.1,12,18,243,,1*6B
$GBGSV,3,3,10,05,15,248,38.4,06,75,326,,1*6A
$GNRMC,024243.000,A,3859.9983,N,11613.9784,E,0.01,91.19,280612,,,A,V*3D
$GNVTG,91.19,T,,M,0.01,N,0.01,K,A*13
$GNZDA,024243.000,28,06,2012,,*46
$GNGGA,024244.000,3859.9983,N,11613.9785,E,1,11,0.74,-16.8,M,-6.8,M,,*7F
$PAIRACC,4.38,8.71*4A
$GNGLL,3859.9983,N,11613.9785,E,024244.000,A,A*48
$GNGSA,A,3,18,05,31,20,,,,,,,,,1.28,0.74,1.05,1*01
$GNGSA,A,3,72,82,74,,,,,,,,,,1.28,0.74,1.05,2*02
$GNGSA,A,3,,,,,,,,,,,,,1.28,0.74,1.05,3*0F
$GNGSA,A,3,08,03,04,05,,,,,,,,,1.28,0.74,1.05,4*02
$GPGSV,2,1,08,18,07,134,38.5,30,35,081,,05,24,054,38.9,31,72,215,39.1,1*71
$GPGSV,2,2,08,11,22,288,,12,16,047,,20,07,315,38.0,14,59,048,,1*7B
$GLGSV,1,1,04,72,12,333,39.4,65,63,259,,82,19,091,39.6,74,14,260,39.1,1*6E
$GAGSV,1,1,00,7*73
$GBGSV,3,1,10,14,02,236,,08,73,343,39.5,09,56,266,,03,43,190,38.3,1*7E
$GBGSV,3,2,10,01,38,147,,02,30,229,,04,27,124,38.5,12,18,243,,1*6F
$GBGSV,3,3,10,05,15,248,38.8,06,75,326,,1*66
$GNRMC,024244.000,A,3859.9983,N,11613.9785,E,0.01,92.02,280612,,,A,V*32
$GNVTG,92.02,T,,M,0.01,N,0.01,K,A*1A
$GNZDA,024244.000,28,06,2012,,*41
$GNGGA,024245.000,3859.9983,N,11613.9785,E,1,11,0.74,-16.8,M,-6.8,M,,*7E
$PAIRACC,4.42,8.76*40
$GNGLL,3859.9983,N,11613.9785,E,024245.000,A,A*49
$GNGSA,A,3,18,05,31,20,,,,,,,,,1.28,0.74,1.05,1*01
$GNGSA,A,3,72,82,74,,,,,,,,,,1.28,0.74,1.05,2*02
$GNGSA,A,3,,,,,,,,,,,,,1.28,0.74,1.05,3*0F
$GNGSA,A,3,08,03,04,05,,,,,,,,,1.28,0.74,1.05,4*02
$GPGSV,2,1,08,18,07,134,39.1,30,35,081,,05,24,054,38.9,31,72,215,39.0,1*75
$GPGSV,2,2,08,11,22,288,,12,16,047,,20,07,315,38.1,14,59,048,,1*7A
$GLGSV,1,1,04,72,12,333,39.0,65,63,259,,82,19,091,39.4,74,14,260,39.1,1*68
$GAGSV,1,1,00,7*73
$GBGSV,3,1,10,14,02,236,,08,73,343,39.1,09,56,266,,03,43,190,38.2,1*7B
$GBGSV,3,2,10,01,38,147,,02,30,229,,04,27,124,38.3,12,18,243,,1*69
$GBGSV,3,3,10,05,15,248,38.1,06,75,326,,1*6F
$GNRMC,024245.000,A,3859.9983,N,11613.9785,E,0.01,95.28,280612,,,A,V*3C
$GNVTG,95.28,T,,M,0.01,N,0.01,K,A*15
$GNZDA,024245.000,28,06,2012,,*40
$GNGGA,024246.000,3859.9983,N,11613.9785,E,1,11,0.74,-16.8,M,-6.8,M,,*7D
$PAIRACC,4.48,9.05*4F
$GNGLL,3859.9983,N,11613.9785,E,024246.000,A,A*4A
$GNGSA,A,3,18,05,31,20,,,,,,,,,1.28,0.74,1.05,1*01
$GNGSA,A,3,72,82,74,,,,,,,,,,1.28,0.74,1.05,2*02
$GNGSA,A,3,,,,,,,,,,,,,1.28,0.74,1.05,3*0F
$GNGSA,A,3,08,03,04,05,,,,,,,,,1.28,0.74,1.05,4*02
$GPGSV,2,1,08,18,07,134,38.4,30,35,081,,05,24,054,38.9,31,72,215,38.8,1*78
$GPGSV,2,2,08,11,22,288,,12,16,047,,20,07,315,38.1,14,59,048,,1*7A
$GLGSV,1,1,04,72,12,333,39.2,65,63,259,,82,19,091,38.8,74,14,260,38.7,1*60
$GAGSV,1,1,00,7*73
$GBGSV,3,1,10,14,02,236,,08,73,343,39.1,09,56,266,,03,43,190,38.1,1*78
$GBGSV,3,2,10,01,38,147,,02,30,229,,04,27,124,38.6,12,18,243,,1*6C
$GBGSV,3,3,10,05,15,248,38.4,06,75,326,,1*6A
$GNRMC,024246.000,A,3859.9983,N,11613.9785,E,0.01,95.66,280612,,,A,V*35
$GNVTG,95.66,T,,M,0.01,N,0.01,K,A*1F
$GNZDA,024246.000,28,06,2012,,*43
$GNGGA,024247.000,3859.9983,N,11613.9785,E,1,11,0.74,-16.8,M,-6.8,M,,*7C
$PAIRACC,4.40,8.80*4B
$GNGLL,3859.9983,N,11613.9785,E,024247.000,A,A*4B
$GNGSA,A,3,18,05,31,20,,,,,,,,,1.28,0.74,1.05,1*01
$GNGSA,A,3,72,82,74,,,,,,,,,,1.28,0.74,1.05,2*02
$GNGSA,A,3,,,,,,,,,,,,,1.28,0.74,1.05,3*0F
$GNGSA,A,3,08,03,04,05,,,,,,,,,1.28,0.74,1.05,4*02
$GPGSV,2,1,08,18,07,134,38.9,30,35,081,,05,24,054,39.1,31,72,215,38.6,1*72
$GPGSV,2,2,08,11,22,288,,12,16,047,,20,07,315,38.2,14,59,048,,1*79
$GLGSV,1,1,04,72,12,333,39.3,65,63,259,,82,20,089,39.4,74,14,260,39.3,1*6A
$GAGSV,1,1,00,7*73
$GBGSV,3,1,10,14,02,236,,08,73,343,39.0,09,56,266,,03,43,190,38.5,1*7D
$GBGSV,3,2,10,01,38,147,,02,30,229,,04,27,124,38.4,12,18,243,,1*6E
$GBGSV,3,3,10,05,15,248,38.4,06,75,326,,1*6A
$GNRMC,024247.000,A,3859.9983,N,11613.9785,E,0.01,95.11,280612,,,A,V*34
$GNVTG,95.11,T,,M,0.01,N,0.01,K,A*1F
$GNZDA,024247.000,28,06,2012,,*42
$GNGGA,024248.000,3859.9983,N,11613.9785,E,1,11,0.74,-16.8,M,-6.8,M,,*73
$PAIRACC,4.40,8.82*49
$GNGLL,3859.9983,N,11613.9785,E,024248.000,A,A*44
$GNGSA,A,3,18,05,31,20,,,,,,,,,1.28,0.74,1.05,1*01
$GNGSA,A,3,72,82,74,,,,,,,,,,1.28,0.74,1.05,2*02
$GNGSA,A,3,,,,,,,,,,,,,1.28,0.74,1.05,3*0F
$GNGSA,A,3,08,03,04,05,,,,,,,,,1.28,0.74,1.05,4*02
$GPGSV,2,1,08,18,07,134,38.3,30,35,081,,05,24,054,39.2,31,72,215,38.8,1*75
$GPGSV,2,2,08,11,22,288,,12,16,047,,20,07,315,38.4,14,59,048,,1*7F
$GLGSV,1,1,04,72,12,333,38.5,65,63,259,,82,20,089,39.3,74,14,260,38.8,1*60
$GAGSV,1,1,00,7*73
$GBGSV,3,1,10,14,02,236,,08,73,343,39.0,09,56,266,,03,43,190,38.1,1*79
$GBGSV,3,2,10,01,38,147,,02,30,229,,04,27,124,38.6,12,18,243,,1*6C
$GBGSV,3,3,10,05,15,248,38.2,06,75,326,,1*6C
$GNRMC,024248.000,A,3859.9983,N,11613.9785,E,0.01,99.03,280612,,,A,V*34
$GNVTG,99.03,T,,M,0.01,N,0.01,K,A*10
$GNZDA,024248.000,28,06,2012,,*4D
$GNGGA,024249.000,3859.9983,N,11613.9785,E,1,11,0.74,-16.8,M,-6.8,M,,*72
$PAIRACC,4.44,8.81*4E
$GNGLL,3859.9983,N,11613.9785,E,024249.000,A,A*45
$GNGSA,A,3,18,05,31,20,,,,,,,,,1.28,0.74,1.05,1*01
$GNGSA,A,3,72,82,74,,,,,,,,,,1.28,0.74,1.05,2*02
$GNGSA,A,3,,,,,,,,,,,,,1.28,0.74,1.05,3*0F
$GNGSA,A,3,08,03,04,05,,,,,,,,,1.28,0.74,1.05,4*02
$GPGSV,2,1,08,18,07,134,38.5,30,35,081,,05,24,054,38.8,31,72,215,38.8,1*78
$GPGSV,2,2,08,11,22,288,,12,16,047,,20,07,315,38.2,14,59,048,,1*79
$GLGSV,1,1,04,72,12,333,39.1,65,63,259,,82,20,089,39.7,74,14,260,38.9,1*60
$GAGSV,1,1,00,7*73
$GBGSV,3,1,10,14,02,236,,08,73,343,39.0,09,56,266,,03,43,190,38.1,1*79
$GBGSV,3,2,10,01,38,147,,02,30,229,,04,27,124,38.6,12,18,243,,1*6C
$GBGSV,3,3,10,05,15,248,38.3,06,75,326,,1*6D
$GNRMC,024249.000,A,3859.9983,N,11613.9785,E,0.01,105.21,280612,,,A,V*01
$GNVTG,105.21,T,,M,0.01,N,0.01,K,A*24
$GNZDA,024249.000,28,06,2012,,*4C
$GNGGA,024250.000,3859.9983,N,11613.9785,E,1,11,0.74,-16.8,M,-6.8,M,,*7A
$PAIRACC,4.36,8.72*47
$GNGLL,3859.9983,N,11613.9785,E,024250.000,A,A*4D
$GNGSA,A,3,18,05,31,20,,,,,,,,,1.28,0.74,1.05,1*01
$GNGSA,A,3,72,82,74,,,,,,,,,,1.28,0.74,1.05,2*02
$GNGSA,A,3,,,,,,,,,,,,,1.28,0.74,1.05,3*0F
$GNGSA,A,3,08,03,04,05,,,,,,,,,1.28,0.74,1.05,4*02
$GPGSV,2,1,08,18,07,134,39.5,30,35,081,,05,24,054,39.2,31,72,215,39.1,1*7A
$GPGSV,2,2,08,11,22,288,,12,16,047,,20,07,315,39.0,14,59,048,,1*7A
$GLGSV,1,1,04,72,12,333,39.3,65,63,259,,82,20,089,39.0,74,14,260,39.2,1*6F
$GAGSV,1,1,00,7*73
$GBGSV,3,1,10,14,02,236,,08,73,343,38.9,09,56,266,,03,43,190,38.6,1*76
$GBGSV,3,2,10,01,38,147,,02,30,229,,04,27,124,38.5,12,18,243,,1*6F
$GBGSV,3,3,10,05,15,248,39.0,06,75,326,,1*6F
$GNRMC,024250.000,A,3859.9983,N,11613.9785,E,0.01,118.87,280612,,,A,V*09
$GNVTG,118.87,T,,M,0.01,N,0.01,K,A*24
$GNZDA,024250.000,28,06,2012,,*44
$GNGGA,024251.000,3859.9983,N,11613.9785,E,1,11,0.74,-16.8,M,-6.8,M,,*7B
$PAIRACC,4.51,9.14*47
$GNGLL,3859.9983,N,11613.9785,E,024251.000,A,A*4C
$GNGSA,A,3,18,05,31,20,,,,,,,,,1.28,0.74,1.05,1*01
$GNGSA,A,3,72,82,74,,,,,,,,,,1.28,0.74,1.05,2*02
$GNGSA,A,3,,,,,,,,,,,,,1.28,0.74,1.05,3*0F
$GNGSA,A,3,08,03,04,05,,,,,,,,,1.28,0.74,1.05,4*02
$GPGSV,2,1,08,18,07,134,39.3,30,35,081,,05,24,054,39.2,31,72,215,39.0,1*7D
$GPGSV,2,2,08,11,22,288,,12,16,047,,20,07,315,39.1,14,59,048,,1*7B
$GLGSV,1,1,04,72,12,333,39.3,65,63,259,,82,20,089,38.6,74,14,260,39.4,1*6E
$GAGSV,1,1,00,7*73
$GBGSV,3,1,10,14,02,236,,08,73,343,38.8,09,56,266,,03,43,190,38.2,1*73
$GBGSV,3,2,10,01,38,147,,02,30,229,,04,27,124,38.5,12,18,243,,1*6F
$GBGSV,3,3,10,05,15,248,38.3,06,75,326,,1*6D
$GNRMC,024251.000,A,3859.9983,N,11613.9785,E,0.01,94.59,280612,,,A,V*3E
$GNVTG,94.59,T,,M,0.01,N,0.01,K,A*12
$GNZDA,024251.000,28,06,2012,,*45
$GNGGA,024252.000,3859.9983,N,11613.9785,E,1,11,0.74,-16.8,M,-6.8,M,,*78
$PAIRACC,4.42,8.81*48
$GNGLL,3859.9983,N,11613.9785,E,024252.000,A,A*4F
$GNGSA,A,3,18,05,31,20,,,,,,,,,1.28,0.74,1.05,1*01
$GNGSA,A,3,72,82,74,,,,,,,,,,1.28,0.74,1.05,2*02
$GNGSA,A,3,,,,,,,,,,,,,1.28,0.74,1.05,3*0F
$GNGSA,A,3,08,03,04,05,,,,,,,,,1.28,0.74,1.05,4*02
$GPGSV,2,1,08,18,07,134,38.9,30,35,081,,05,24,054,39.1,31,72,215,38.9,1*7D
$GPGSV,2,2,08,11,22,288,,12,16,047,,20,07,315,38.8,14,59,048,,1*73
$GLGSV,1,1,04,72,12,333,39.1,65,63,259,,82,20,089,39.1,74,14,260,38.8,1*67
$GAGSV,1,1,00,7*73
$GBGSV,3,1,10,14,02,236,,08,73,343,38.6,09,56,266,,03,43,190,37.6,1*76
$GBGSV,3,2,10,01,38,147,,02,30,229,,04,27,124,38.2,12,18,243,,1*68
$GBGSV,3,3,10,05,15,248,38.3,06,75,326,,1*6D
$GNRMC,024252.000,A,3859.9983,N,11613.9785,E,0.01,97.20,280612,,,A,V*30
$GNVTG,97.20,T,,M,0.01,N,0.01,K,A*1F
$GNZDA,024252.000,28,06,2012,,*46
$GNGGA,024253.000,3859.9983,N,11613.9785,E,1,11,0.74,-16.8,M,-6.8,M,,*79
$PAIRACC,4.39,8.77*4D
$GNGLL,3859.9983,N,11613.9785,E,024253.000,A,A*4E
$GNGSA,A,3,18,05,31,20,,,,,,,,,1.28,0.74,1.05,1*01
$GNGSA,A,3,72,82,74,,,,,,,,,,1.28,0.74,1.05,2*02
$GNGSA,A,3,,,,,,,,,,,,,1.28,0.74,1.05,3*0F
$GNGSA,A,3,08,03,04,05,,,,,,,,,1.28,0.74,1.05,4*02
$GPGSV,2,1,08,18,07,134,38.7,30,35,081,,05,24,054,39.1,31,72,215,39.2,1*79
$GPGSV,2,2,08,11,22,288,,12,16,047,,20,07,315,38.4,14,59,048,,1*7F
$GLGSV,1,1,04,72,12,333,39.3,65,63,259,,82,20,089,39.5,74,14,260,39.4,1*6C
$GAGSV,1,1,00,7*73
$GBGSV,3,1,10,14,02,236,,08,73,343,38.9,09,56,266,,03,43,190,38.8,1*78
$GBGSV,3,2,10,01,38,147,,02,30,229,,04,27,124,38.6,12,18,243,,1*6C
$GBGSV,3,3,10,05,15,248,38.8,06,75,326,,1*66
$GNRMC,024253.000,A,3859.9983,N,11613.9785,E,0.01,94.49,280612,,,A,V*3D
$GNVTG,94.49,T,,M,0.01,N,0.01,K,A*13
$GNZDA,024253.000,28,06,2012,,*47
$GNGGA,024254.000,3859.9983,N,11613.9785,E,1,11,0.74,-16.8,M,-6.8,M,,*7E
$PAIRACC,4.38,8.83*47
$GNGLL,3859.9983,N,11613.9785,E,024254.000,A,A*49
$GNGSA,A,3,18,05,31,20,,,,,,,,,1.28,0.74,1.05,1*01
$GNGSA,A,3,72,82,74,,,,,,,,,,1.28,0.74,1.05,2*02
$GNGSA,A,3,,,,,,,,,,,,,1.28,0.74,1.05,3*0F
$GNGSA,A,3,08,03,04,05,,,,,,,,,1.28,0.74,1.05,4*02
$GPGSV,2,1,08,18,07,134,38.9,30,35,081,,05,24,054,39.2,31,72,215,39.0,1*76
$GPGSV,2,2,08,11,22,288,,12,16,047,,20,07,315,38.7,14,59,048,,1*7C
$GLGSV,1,1,04,72,12,333,39.3,65,63,259,,82,20,089,39.2,74,14,260,39.6,1*69
$GAGSV,1,1,00,7*73
$GBGSV,3,1,10,14,02,236,,08,73,343,38.9,09,56,266,,03,43,190,38.5,1*75
$GBGSV,3,2,10,01,38,147,,02,30,229,,04,27,124,38.6,12,18,243,,1*6C
$GBGSV,3,3,10,05,15,248,38.4,06,75,326,,1*6A
$GNRMC,024254.000,A,3859.9983,N,11613.9785,E,0.01,86.59,280612,,,A,V*38
$GNVTG,86.59,T,,M,0.01,N,0.01,K,A*11
$GNZDA,024254.000,28,06,2012,,*40
$GNGGA,024255.000,3859.9983,N,11613.9786,E,1,11,0.74,-16.8,M,-6.8,M,,*7C
$PAIRACC,4.43,8.70*47
$GNGLL,3859.9983,N,11613.9786,E,024255.000,A,A*4B
$GNGSA,A,3,18,05,31,20,,,,,,,,,1.28,0.74,1.05,1*01
$GNGSA,A,3,72,82,74,,,,,,,,,,1.28,0.74,1.05,2*02
$GNGSA,A,3,,,,,,,,,,,,,1.28,0.74,1.05,3*0F
$GNGSA,A,3,08,03,04,05,,,,,,,,,1.28,0.74,1.05,4*02
$GPGSV,2,1,08,18,07,134,39.2,30,35,081,,05,24,054,39.0,31,72,215,38.5,1*7A
$GPGSV,2,2,08,11,22,288,,12,16,047,,20,07,315,38.9,14,59,048,,1*72
$GLGSV,1,1,04,72,12,333,39.1,65,63,259,,82,20,089,39.1,74,14,260,39.7,1*69
$GAGSV,1,1,00,7*73
$GBGSV,3,1,10,14,02,236,,08,73,343,39.5,09,56,266,,03,43,190,37.9,1*7B
$GBGSV,3,2,10,01,38,147,,02,30,229,,04,27,124,38.4,12,18,243,,1*6E
$GBGSV,3,3,10,05,15,248,38.5,06,75,326,,1*6B
$GNRMC,024255.000,A,3859.9983,N,11613.9786,E,0.01,85.36,280612,,,A,V*30
$GNVTG,85.36,T,,M,0.01,N,0.01,K,A*1B
$GNZDA,024255.000,28,06,2012,,*41
$GNGGA,024256.000,3859.9983,N,11613.9786,E,1,11,0.74,-16.8,M,-6.8,M,,*7F
$PAIRACC,4.42,8.94*4C
$GNGLL,3859.9983,N,11613.9786,E,024256.000,A,A*48
$GNGSA,A,3,18,05,31,20,,,,,,,,,1.28,0.74,1.05,1*01
$GNGSA,A,3,72,82,74,,,,,,,,,,1.28,0.74,1.05,2*02
$GNGSA,A,3,,,,,,,,,,,,,1.28,0.74,1.05,3*0F
$GNGSA,A,3,08,03,04,05,,,,,,,,,1.28,0.74,1.05,4*02
$GPGSV,2,1,08,18,07,134,39.0,30,35,081,,05,24,054,38.6,31,72,215,38.8,1*72
$GPGSV,2,2,08,11,22,288,,12,16,047,,20,07,315,38.4,14,59,048,,1*7F
$GLGSV,1,1,04,72,12,333,39.0,65,63,259,,82,20,089,39.0,74,14,260,39.5,1*6B
$GAGSV,1,1,00,7*73
$GBGSV,3,1,10,14,02,236,,08,73,343,38.6,09,56,266,,03,43,190,38.7,1*78
$GBGSV,3,2,10,01,38,147,,02,30,229,,04,27,124,38.6,12,18,243,,1*6C
$GBGSV,3,3,10,05,15,248,38.6,06,75,326,,1*68
$GNRMC,024256.000,A,3859.9983,N,11613.9786,E,0.01,66.33,280612,,,A,V*3B
$GNVTG,66.33,T,,M,0.01,N,0.01,K,A*13
$GNZDA,024256.000,28,06,2012,,*42
$GNGGA,024257.000,3859.9983,N,11613.9786,E,1,11,0.74,-16.8,M,-6.8,M,,*7E
$PAIRACC,4.38,8.75*4E
$GNGLL,3859.9983,N,11613.9786,E,024257.000,A,A*49
$GNGSA,A,3,18,05,31,20,,,,,,,,,1.28,0.74,1.05,1*01
$GNGSA,A,3,72,82,74,,,,,,,,,,1.28,0.74,1.05,2*02
$GNGSA,A,3,,,,,,,,,,,,,1.28,0.74,1.05,3*0F
$GNGSA,A,3,08,03,04,05,,,,,,,,,1.28,0.74,1.05,4*02
$GPGSV,2,1,08,18,07,134,38.9,30,35,081,,05,24,054,38.8,31,72,215,38.9,1*75
$GPGSV,2,2,08,11,22,288,,12,16,047,,20,07,315,38.4,14,59,048,,1*7F
$GLGSV,1,1,04,72,12,333,39.2,65,63,259,,82,20,089,38.8,74,14,260,39.2,1*67
$GAGSV,1,1,00,7*73
$GBGSV,3,1,10,14,02,236,,08,73,343,38.7,09,56,266,,03,43,190,37.9,1*78
$GBGSV,3,2,10,01,38,147,,02,30,229,,04,27,124,38.1,12,18,243,,1*6B
$GBGSV,3,3,10,05,15,248,38.6,06,75,326,,1*68
$GNRMC,024257.000,A,3859.9983,N,11613.9786,E,0.01,71.84,280612,,,A,V*30
$GNVTG,71.84,T,,M,0.01,N,0.01,K,A*19
$GNZDA,024257.000,28,06,2012,,*43
$GNGGA,024258.000,3859.9983,N,11613.9786,E,1,11,0.74,-16.8,M,-6.8,M,,*71
$PAIRACC,4.40,8.80*4B
$GNGLL,3859.9983,N,11613.9786,E,024258.000,A,A*46
$GNGSA,A,3,18,05,31,20,,,,,,,,,1.28,0.74,1.05,1*01
$GNGSA,A,3,72,82,74,,,,,,,,,,1.28,0.74,1.05,2*02
$GNGSA,A,3,,,,,,,,,,,,,1.28,0.74,1.05,3*0F
$GNGSA,A,3,08,03,04,05,,,,,,,,,1.28,0.74,1.05,4*02
$GPGSV,2,1,08,18,07,134,39.0,30,35,081,,05,24,054,39.2,31,72,215,38.9,1*76
$GPGSV,2,2,08,11,22,288,,12,16,047,,20,07,315,39.0,14,59,048,,1*7A
$GLGSV,1,1,04,72,12,333,38.9,65,63,259,,82,20,089,39.1,74,14,260,39.3,1*64
$GAGSV,1,1,00,7*73
$GBGSV,3,1,10,14,02,236,,08,73,343,38.9,09,56,266,,03,43,190,37.4,1*7B
$GBGSV,3,2,10,01,38,147,,02,30,229,,04,27,124,38.5,12,18,243,,1*6F
$GBGSV,3,3,10,05,15,248,38.1,06,75,326,,1*6F
$GNRMC,024258.000,A,3859.9983,N,11613.9786,E,0.01,75.67,280612,,,A,V*36
$GNVTG,75.67,T,,M,0.01,N,0.01,K,A*10
$GNZDA,024258.000,28,06,2012,,*4C
$GNGGA,024259.000,3859.9983,N,11613.9786,E,1,11,0.74,-16.8,M,-6.8,M,,*70
$PAIRACC,4.40,8.81*4A
$GNGLL,3859.9983,N,11613.9786,E,024259.000,A,A*47
$GNGSA,A,3,18,05,31,20,,,,,,,,,1.28,0.74,1.05,1*01
$GNGSA,A,3,72,82,74,,,,,,,,,,1.28,0.74,1.05,2*02
$GNGSA,A,3,,,,,,,,,,,,,1.28,0.74,1.05,3*0F
$GNGSA,A,3,08,03,04,05,,,,,,,,,1.28,0.74,1.05,4*02
$GPGSV,2,1,08,18,07,134,39.0,30,35,081,,05,24,054,39.2,31,72,215,39.1,1*7F
$GPGSV,2,2,08,11,22,288,,12,16,047,,20,07,315,38.4,14,59,048,,1*7F
$GLGSV,1,1,04,72,12,333,39.3,65,63,259,,82,20,089,38.8,74,14,260,39.0,1*64
$GAGSV,1,1,00,7*73
$GBGSV,3,1,10,14,02,236,,08,73,343,38.6,09,56,266,,03,43,190,38.7,1*78
$GBGSV,3,2,10,01,38,147,,02,30,229,,04,27,124,38.6,12,18,243,,1*6C
$GBGSV,3,3,10,05,15,248,38.9,06,75,327,,1*66
$GNRMC,024259.000,A,3859.9983,N,11613.9786,E,0.01,98.37,280612,,,A,V*31
$GNVTG,98.37,T,,M,0.01,N,0.01,K,A*16
$GNZDA,024259.000,28,06,2012,,*4D
$GNGGA,024300.000,3859.9983,N,11613.9786,E,1,11,0.74,-16.8,M,-6.8,M,,*7D
$PAIRACC,4.45,8.79*48
$GNGLL,3859.9983,N,11613.9786,E,024300.000,A,A*4A
$GNGSA,A,3,18,05,31,20,,,,,,,,,1.28,0.74,1.05,1*01
$GNGSA,A,3,72,82,74,,,,,,,,,,1.28,0.74,1.05,2*02
$GNGSA,A,3,,,,,,,,,,,,,1.28,0.74,1.05,3*0F
$GNGSA,A,3,08,03,04,05,,,,,,,,,1.28,0.74,1.05,4*02
$GPGSV,2,1,08,18,07,134,38.6,30,35,081,,05,24,054,39.0,31,72,215,38.8,1*72
$GPGSV,2,2,08,11,22,288,,12,16,047,,20,07,315,39.0,14,59,048,,1*7A
$GLGSV,1,1,04,72,12,333,38.8,65,63,259,,82,20,089,39.2,74,14,260,39.5,1*60
$GAGSV,1,1,00,7*73
$GBGSV,3,1,10,14,02,236,,08,73,343,38.9,09,56,266,,03,43,190,38.1,1*71
$GBGSV,3,2,10,01,38,147,,02,30,229,,04,27,124,38.6,12,18,243,,1*6C
$GBGSV,3,3,10,05,15,248,38.6,06,75,327,,1*69
$GNRMC,024300.000,A,3859.9983,N,11613.9786,E,0.01,80.68,280612,,,A,V*3F
$GNVTG,80.68,T,,M,0.01,N,0.01,K,A*15
$GNZDA,024300.000,28,06,2012,,*40
$GNGGA,024301.000,3859.9983,N,11613.9786,E,1,11,0.74,-16.8,M,-6.8,M,,*7C
$PAIRACC,4.35,8.73*45
$GNGLL,3859.9983,N,11613.9786,E,024301.000,A,A*4B
$GNGSA,A,3,18,05,31,20,,,,,,,,,1.28,0.74,1.05,1*01
$GNGSA,A,3,72,82,74,,,,,,,,,,1.28,0.74,1.05,2*02
$GNGSA,A,3,,,,,,,,,,,,,1.28,0.74,1.05,3*0F
$GNGSA,A,3,08,03,04,05,,,,,,,,,1.28,0.74,1.05,4*02
$GPGSV,2,1,08,18,07,134,38.6,30,35,081,,05,24,054,39.2,31,72,215,39.0,1*79
$GPGSV,2,2,08,11,22,288,,12,16,047,,20,07,315,38.7,14,59,048,,1*7C
$GLGSV,1,1,04,72,12,333,39.3,65,63,259,,82,20,089,39.4,74,14,260,39.5,1*6C
$GAGSV,1,1,00,7*73
$GBGSV,3,1,10,14,02,236,,08,73,344,38.4,09,56,266,,03,43,190,37.9,1*7C
$GBGSV,3,2,10,01,38,147,,02,30,229,,04,27,124,38.3,12,18,243,,1*69
$GBGSV,3,3,10,05,15,248,38.3,06,75,327,,1*6C
$GNRMC,024301.000,A,3859.9983,N,11613.9786,E,0.01,77.78,280612,,,A,V*37
$GNVTG,77.78,T,,M,0.01,N,0.01,K,A*1C
$GNZDA,024301.000,28,06,2012,,*41
$GNGGA,024302.000,3859.9982,N,11613.9786,E,1,11,0.74,-16.8,M,-6.8,M,,*7E
$PAIRACC,4.37,8.73*47
$GNGLL,3859.9982,N,11613.9786,E,024302.000,A,A*49
$GNGSA,A,3,18,05,31,20,,,,,,,,,1.28,0.74,1.05,1*01
$GNGSA,A,3,72,82,74,,,,,,,,,,1.28,0.74,1.05,2*02
$GNGSA,A,3,,,,,,,,,,,,,1.28,0.74,1.05,3*0F
$GNGSA,A,3,08,03,04,05,,,,,,,,,1.28,0.74,1.05,4*02
$GPGSV,2,1,08,18,07,134,39.1,30,35,081,,05,24,054,39.2,31,72,215,39.2,1*7D
$GPGSV,2,2,08,11,22,288,,12,16,047,,20,07,315,39.2,14,59,048,,1*78
$GLGSV,1,1,04,72,12,333,39.5,65,63,259,,82,20,089,39.3,74,14,260,39.2,1*6A
$GAGSV,1,1,00,7*73
$GBGSV,3,1,10,14,02,236,,08,73,344,38.6,09,56,267,,03,43,190,38.5,1*7C
$GBGSV,3,2,10,01,38,147,,02,30,229,,04,27,124,38.8,12,18,243,,1*62
$GBGSV,3,3,10,05,15,248,38.8,06,75,327,,1*67
$GNRMC,024302.000,A,3859.9982,N,11613.9786,E,0.01,91.64,280612,,,A,V*30
$GNVTG,91.64,T,,M,0.01,N,0.01,K,A*19
$GNZDA,024302.000,28,06,2012,,*42
$GNGGA,024303.000,3859.9982,N,11613.9786,E,1,11,0.74,-16.8,M,-6.8,M,,*7F
$PAIRACC,4.40,8.88*43
$GNGLL,3859.9982,N,11613.9786,E,024303.000,A,A*48
$GNGSA,A,3,18,05,31,20,,,,,,,,,1.28,0.74,1.05,1*01
$GNGSA,A,3,72,82,74,,,,,,,,,,1.28,0.74,1.05,2*02
$GNGSA,A,3,,,,,,,,,,,,,1.28,0.74,1.05,3*0F
$GNGSA,A,3,08,03,04,05,,,,,,,,,1.28,0.74,1.05,4*02
$GPGSV,2,1,08,18,07,134,38.5,30,35,081,,05,24,054,39.4,31,72,215,38.4,1*79
$GPGSV,2,2,08,11,22,288,,12,16,047,,20,07,315,38.3,14,59,048,,1*78
$GLGSV,1,1,04,72,12,333,39.3,65,63,259,,82,20,089,39.2,74,14,260,39.1,1*6E
$GAGSV,1,1,00,7*73
$GBGSV,3,1,10,14,02,236,,08,73,344,38.6,09,56,267,,03,43,190,38.3,1*7A
$GBGSV,3,2,10,01,38,147,,02,30,229,,04,27,124,38.5,12,18,243,,1*6F
$GBGSV,3,3,10,05,15,248,38.2,06,75,327,,1*6D
$GNRMC,024303.000,A,3859.9982,N,11613.9786,E,0.01,93.12,280612,,,A,V*32
$GNVTG,93.12,T,,M,0.01,N,0.01,K,A*1A
$GNZDA,024303.000,28,06,2012,,*43
$GNGGA,024304.000,3859.9982,N,11613.9786,E,1,11,0.74,-16.8,M,-6.8,M,,*78
$PAIRACC,4.40,8.80*4B
$GNGLL,3859.9982,N,11613.9786,E,024304.000,A,A*4F
$GNGSA,A,3,18,05,31,20,,,,,,,,,1.28,0.74,1.05,1*01
$GNGSA,A,3,72,82,74,,,,,,,,,,1.28,0.74,1.05,2*02
$GNGSA,A,3,,,,,,,,,,,,,1.28,0.74,1.05,3*0F
$GNGSA,A,3,08,03,04,05,,,,,,,,,1.28,0.74,1.05,4*02
$GPGSV,2,1,08,18,07,134,39.0,30,35,081,,05,24,054,39.3,31,72,215,38.6,1*78
$GPGSV,2,2,08,11,22,288,,12,16,047,,20,07,315,38.8,14,59,048,,1*73
$GLGSV,1,1,04,72,12,333,39.1,65,63,259,,82,20,089,39.1,74,14,260,39.0,1*6E
$GAGSV,1,1,00,7*73
$GBGSV,3,1,10,14,02,236,,08,73,344,38.4,09,56,267,,03,43,190,38.3,1*78
$GBGSV,3,2,10,01,38,147,,02,30,229,,04,27,124,38.5,12,18,243,,1*6F
$GBGSV,3,3,10,05,15,248,38.2,06,75,327,,1*6D
$GNRMC,024304.000,A,3859.9982,N,11613.9786,E,0.01,98.19,280612,,,A,V*35
$GNVTG,98.19,T,,M,0.01,N,0.01,K,A*1A
$GNZDA,024304.000,28,06,2012,,*44
$GNGGA,024305.000,3859.9982,N,11613.9786,E,1,11,0.74,-16.8,M,-6.8,M,,*79
$PAIRACC,4.45,9.06*41
$GNGLL,3859.9982,N,11613.9786,E,024305.000,A,A*4E
$GNGSA,A,3,18,05,31,20,,,,,,,,,1.28,0.74,1.05,1*01
$GNGSA,A,3,72,82,74,,,,,,,,,,1.28,0.74,1.05,2*02
$GNGSA,A,3,,,,,,,,,,,,,1.28,0.74,1.05,3*0F
$GNGSA,A,3,08,03,04,05,,,,,,,,,1.28,0.74,1.05,4*02
$GPGSV,2,1,08,18,07,134,38.6,30,35,081,,05,24,054,38.9,31,72,215,39.0,1*73
$GPGSV,2,2,08,11,22,288,,12,16,047,,20,07,315,38.0,14,59,048,,1*7B
$GLGSV,1,1,04,72,12,333,39.4,65,63,259,,82,20,089,39.3,74,14,260,39.3,1*6A
$GAGSV,1,1,00,7*73
$GBGSV,3,1,10,14,02,236,,08,73,344,38.8,09,56,267,,03,43,190,38.7,1*70
$GBGSV,3,2,10,01,38,147,,02,30,229,,04,27,124,38.5,12,19,244,,1*69
$GBGSV,3,3,10,05,15,248,38.8,06,75,327,,1*67
$GNRMC,024305.000,A,3859.9982,N,11613.9786,E,0.01,97.46,280612,,,A,V*31
$GNVTG,97.46,T,,M,0.01,N,0.01,K,A*1F
$GNZDA,024305.000,28,06,2012,,*45
$GNGGA,024306.000,3859.9982,N,11613.9786,E,1,11,0.74,-16.8,M,-6.8,M,,*7A
$PAIRACC,4.38,8.77*4C
$GNGLL,3859.9982,N,11613.9786,E,024306.000,A,A*4D
$GNGSA,A,3,18,05,31,20,,,,,,,,,1.28,0.74,1.05,1*01
$GNGSA,A,3,72,82,74,,,,,,,,,,1.28,0.74,1.05,2*02
$GNGSA,A,3,,,,,,,,,,,,,1.28,0.74,1.05,3*0F
$GNGSA,A,3,08,03,04,05,,,,,,,,,1.28,0.74,1.05,4*02
$GPGSV,2,1,08,18,07,134,38.7,30,35,081,,05,24,054,39.2,31,72,215,38.9,1*70
$GPGSV,2,2,08,11,22,288,,12,16,047,,20,07,315,38.6,14,59,048,,1*7D
$GLGSV,1,1,04,72,12,333,39.3,65,63,259,,82,20,089,38.5,74,14,260,39.2,1*6B
$GAGSV,1,1,00,7*73
$GBGSV,3,1,10,14,02,236,,08,73,344,39.0,09,56,267,,03,43,190,38.2,1*7C
$GBGSV,3,2,10,01,38,147,,02,30,229,,04,27,124,38.7,12,19,244,,1*6B
$GBGSV,3,3,10,05,15,248,38.6,06,75,327,,1*69
$GNRMC,024306.000,A,3859.9982,N,11613.9786,E,0.01,92.57,280612,,,A,V*37
$GNVTG,92.57,T,,M,0.01,N,0.01,K,A*1A
$GNZDA,024306.000,28,06,2012,,*46
$GNGGA,024307.000,3859.9982,N,11613.9786,E,1,11,0.74,-16.8,M,-6.8,M,,*7B
$PAIRACC,4.50,9.13*41
$GNGLL,3859.9982,N,11613.9786,E,024307.000,A,A*4C
$GNGSA,A,3,18,05,31,20,,,,,,,,,1.28,0.74,1.05,1*01
$GNGSA,A,3,72,82,74,,,,,,,,,,1.28,0.74,1.05,2*02
$GNGSA,A,3,,,,,,,,,,,,,1.28,0.74,1.05,3*0F
$GNGSA,A,3,08,03,04,05,,,,,,,,,1.28,0.74,1.05,4*02
$GPGSV,2,1,08,18,07,134,38.5,30,35,081,,05,24,054,39.2,31,72,215,38.9,1*72
$GPGSV,2,2,08,11,22,288,,12,16,047,,20,07,315,38.5,14,59,048,,1*7E
$GLGSV,1,1,04,72,12,333,39.0,65,63,259,,82,20,089,39.0,74,14,260,39.4,1*6A
$GAGSV,1,1,00,7*73
$GBGSV,3,1,10,14,02,237,,08,73,344,38.2,09,56,267,,03,43,190,38.1,1*7D
$GBGSV,3,2,10,01,38,147,,02,30,229,,04,27,124,38.1,12,19,244,,1*6D
$GBGSV,3,3,10,05,15,248,38.4,06,75,327,,1*6B
$GNRMC,024307.000,A,3859.9982,N,11613.9786,E,0.01,87.71,280612,,,A,V*36
$GNVTG,87.71,T,,M,0.01,N,0.01,K,A*1A
$GNZDA,024307.000,28,06,2012,,*47
$GNGGA,024308.000,3859.9982,N,11613.9786,E,1,11,0.74,-16.8,M,-6.8,M,,*74
$PAIRACC,4.38,8.77*4C
$GNGLL,3859.9982,N,11613.9786,E,024308.000,A,A*43
$GNGSA,A,3,18,05,31,20,,,,,,,,,1.28,0.74,1.05,1*01
$GNGSA,A,3,72,82,74,,,,,,,,,,1.28,0.74,1.05,2*02
$GNGSA,A,3,,,,,,,,,,,,,1.28,0.74,1.05,3*0F
$GNGSA,A,3,08,03,04,05,,,,,,,,,1.28,0.74,1.05,4*02
$GPGSV,2,1,08,18,07,134,39.0,30,35,081,,05,24,054,39.4,31,72,215,39.0,1*78
$GPGSV,2,2,08,11,22,288,,12,16,047,,20,07,315,38.2,14,59,048,,1*79
$GLGSV,1,1,04,72,12,333,39.2,65,63,259,,82,20,089,39.3,74,14,260,39.4,1*6B
$GAGSV,1,1,00,7*73
$GBGSV,3,1,10,14,02,237,,08,73,344,38.5,09,56,267,,03,43,190,38.6,1*7D
$GBGSV,3,2,10,01,38,147,,02,30,229,,04,27,124,38.5,12,19,244,,1*69
$GBGSV,3,3,10,05,15,248,38.7,06,75,327,,1*68
$GNRMC,024308.000,A,3859.9982,N,11613.9786,E,0.01,74.57,280612,,,A,V*31
$GNVTG,74.57,T,,M,0.01,N,0.01,K,A*12
$GNZDA,024308.000,28,06,2012,,*48
$GNGGA,024309.000,3859.9982,N,11613.9786,E,1,11,0.74,-16.8,M,-6.8,M,,*75
$PAIRACC,4.40,8.73*47
$GNGLL,3859.9982,N,11613.9786,E,024309.000,A,A*42
$GNGSA,A,3,18,05,31,20,,,,,,,,,1.28,0.74,1.05,1*01
$GNGSA,A,3,72,82,74,,,,,,,,,,1.28,0.74,1.05,2*02
$GNGSA,A,3,,,,,,,,,,,,,1.28,0.74,1.05,3*0F
$GNGSA,A,3,08,03,04,05,,,,,,,,,1.28,0.74,1.05,4*02
$GPGSV,2,1,08,18,07,134,38.1,30,35,081,,05,24,054,39.0,31,72,215,39.0,1*7C
$GPGSV,2,2,08,11,22,288,,12,16,047,,20,07,315,38.2,14,59,048,,1*79
$GLGSV,1,1,04,72,12,333,39.3,65,63,259,,82,20,089,39.2,74,14,260,39.3,1*6C
$GAGSV,1,1,00,7*73
$GBGSV,3,1,10,14,02,237,,08,73,344,39.0,09,56,267,,03,43,190,37.8,1*78
$GBGSV,3,2,10,01,38,147,,02,30,229,,04,27,124,38.3,12,19,244,,1*6F
$GBGSV,3,3,10,05,15,248,38.8,06,75,327,,1*67
$GNRMC,024309.000,A,3859.9982,N,11613.9786,E,0.01,83.46,280612,,,A,V*38
$GNVTG,83.46,T,,M,0.01,N,0.01,K,A*1A
$GNZDA,024309.000,28,06,2012,,*49
$GNGGA,024310.000,3859.9982,N,11613.9787,E,1,11,0.74,-16.8,M,-6.8,M,,*7C
$PAIRACC,4.41,8.78*4D
$GNGLL,3859.9982,N,11613.9787,E,024310.000,A,A*4B
$GNGSA,A,3,18,05,31,20,,,,,,,,,1.28,0.74,1.05,1*01
$GNGSA,A,3,72,82,74,,,,,,,,,,1.28,0.74,1.05,2*02
$GNGSA,A,3,,,,,,,,,,,,,1.28,0.74,1.05,3*0F
$GNGSA,A,3,08,03,04,05,,,,,,,,,1.28,0.74,1.05,4*02
$GPGSV,2,1,08,18,07,134,38.5,30,35,081,,05,24,054,38.8,31,72,215,38.8,1*78
$GPGSV,2,2,08,11,22,288,,12,16,047,,20,07,315,38.4,14,59,048,,1*7F
$GLGSV,1,1,04,72,12,333,39.0,65,63,259,,82,20,089,39.2,74,14,260,39.3,1*6F
$GAGSV,1,1,00,7*73
$GBGSV,3,1,10,14,02,237,,08,73,344,38.7,09,56,267,,03,43,190,38.0,1*79
$GBGSV,3,2,10,01,38,147,,02,30,229,,04,27,124,38.2,12,19,244,,1*6E
$GBGSV,3,3,10,05,15,248,38.6,06,75,327,,1*69
$GNRMC,024310.000,A,3859.9982,N,11613.9787,E,0.01,75.52,280612,,,A,V*3D
$GNVTG,75.52,T,,M,0.01,N,0.01,K,A*16
$GNZDA,024310.000,28,06,2012,,*41
$GNGGA,024311.000,3859.9982,N,11613.9787,E,1,11,0.74,-16.8,M,-6.8,M,,*7D
$PAIRACC,4.40,8.73*47
$GNGLL,3859.9982,N,11613.9787,E,024311.000,A,A*4A
$GNGSA,A,3,18,05,31,20,,,,,,,,,1.28,0.74,1.05,1*01
$GNGSA,A,3,72,82,74,,,,,,,,,,1.28,0.74,1.05,2*02
$GNGSA,A,3,,,,,,,,,,,,,1.28,0.74,1.05,3*0F
$GNGSA,A,3,08,03,04,05,,,,,,,,,1.28,0.74,1.05,4*02
$GPGSV,2,1,08,18,07,134,38.4,30,35,081,,05,24,054,38.8,31,72,215,39.1,1*71
$GPGSV,2,2,08,11,22,288,,12,16,047,,20,07,315,38.1,14,59,048,,1*7A
$GLGSV,1,1,04,72,12,333,39.3,65,63,259,,82,20,089,38.9,74,14,260,39.0,1*65
$GAGSV,1,1,00,7*73
$GBGSV,3,1,10,14,02,237,,08,73,344,39.2,09,56,267,,03,43,190,38.6,1*7B
$GBGSV,3,2,10,01,38,147,,02,30,229,,04,27,124,38.7,12,19,244,,1*6B
$GBGSV,3,3,10,05,15,248,38.5,06,75,327,,1*6A
$GNRMC,024311.000,A,3859.9982,N,11613.9787,E,0.01,86.20,280612,,,A,V*35
$GNVTG,86.20,T,,M,0.01,N,0.01,K,A*1F
$GNZDA,024311.000,28,06,2012,,*40
$GNGGA,024312.000,3859.9982,N,11613.9787,E,1,11,0.74,-16.8,M,-6.8,M,,*7E
$PAIRACC,4.41,8.91*4A
$GNGLL,3859.9982,N,11613.9787,E,024312.000,A,A*49
$GNGSA,A,3,18,05,31,20,,,,,,,,,1.28,0.74,1.05,1*01
$GNGSA,A,3,72,82,74,,,,,,,,,,1.28,0.74,1.05,2*02
$GNGSA,A,3,,,,,,,,,,,,,1.28,0.74,1.05,3*0F
$GNGSA,A,3,08,03,04,05,,,,,,,,,1.28,0.74,1.05,4*02
$GPGSV,2,1,08,18,07,134,38.8,30,35,081,,05,24,054,38.6,31,72,215,39.2,1*70
$GPGSV,2,2,08,11,22,288,,12,16,047,,20,07,315,38.9,14,59,048,,1*72
$GLGSV,1,1,04,72,12,333,39.1,65,63,259,,82,20,089,39.4,74,14,260,39.1,1*6A
$GAGSV,1,1,00,7*73
$GBGSV,3,1,10,14,02,237,,08,73,344,38.8,09,56,267,,03,43,190,37.9,1*70
$GBGSV,3,2,10,01,38,147,,02,30,229,,04,27,124,38.1,12,19,244,,1*6D
$GBGSV,3,3,10,05,15,248,38.4,06,75,327,,1*6B
$GNRMC,024312.000,A,3859.9982,N,11613.9787,E,0.01,87.91,280612,,,A,V*3D
$GNVTG,87.91,T,,M,0.01,N,0.01,K,A*14
$GNZDA,024312.000,28,06,2012,,*43
$GNGGA,024313.000,3859.9982,N,11613.9787,E,1,11,0.74,-16.8,M,-6.8,M,,*7F
$PAIRACC,4.40,8.86*4D
$GNGLL,3859.9982,N,11613.9787,E,024313.000,A,A*48
$GNGSA,A,3,18,05,31,20,,,,,,,,,1.28,0.74,1.05,1*01
$GNGSA,A,3,72,82,74,,,,,,,,,,1.28,0.74,1.05,2*02
$GNGSA,A,3,,,,,,,,,,,,,1.28,0.74,1.05,3*0F
$GNGSA,A,3,08,03,04,05,,,,,,,,,1.28,0.74,1.05,4*02
$GPGSV,2,1,08,18,07,134,38.9,30,35,081,,05,24,054,39.1,31,72,215,39.1,1*74
$GPGSV,2,2,08,11,22,288,,12,16,047,,20,07,315,38.4,14,59,048,,1*7F
$GLGSV,1,1,04,72,12,333,39.0,65,63,259,,82,20,089,39.2,74,14,260,38.8,1*65
$GAGSV,1,1,00,7*73
$GBGSV,3,1,10,14,02,237,,08,73,344,38.7,09,56,267,,03,43,190,38.1,1*78
$GBGSV,3,2,10,01,38,147,,02,30,229,,04,27,124,38.2,12,19,244,,1*6E
$GBGSV,3,3,10,05,15,248,38.2,06,75,327,,1*6D
$GNRMC,024313.000,A,3859.9982,N,11613.9787,E,0.01,80.19,280612,,,A,V*3B
$GNVTG,80.19,T,,M,0.01,N,0.01,K,A*13
$GNZDA,024313.000,28,06,2012,,*42
$GNGGA,024314.000,3859.9982,N,11613.9787,E,1,11,0.74,-16.8,M,-6.8,M,,*78
$PAIRACC,4.43,8.78*4F
$GNGLL,3859.9982,N,11613.9787,E,024314.000,A,A*4F
$GNGSA,A,3,18,05,31,20,,,,,,,,,1.28,0.74,1.05,1*01
$GNGSA,A,3,72,82,74,,,,,,,,,,1.28,0.74,1.05,2*02
$GNGSA,A,3,,,,,,,,,,,,,1.28,0.74,1.05,3*0F
$GNGSA,A,3,08,03,04,05,,,,,,,,,1.28,0.74,1.05,4*02
$GPGSV,2,1,08,18,07,134,38.6,30,35,081,,05,24,054,39.1,31,72,215,39.0,1*7A
$GPGSV,2,2,08,11,22,288,,12,16,047,,20,07,315,38.2,14,59,048,,1*79
$GLGSV,1,1,04,72,12,333,39.2,65,63,259,,82,20,089,39.2,74,14,260,38.8,1*67
$GAGSV,1,1,00,7*73
$GBGSV,3,1,10,14,02,237,,08,73,344,39.1,09,56,267,,03,43,190,38.2,1*7C
$GBGSV,3,2,10,01,38,147,,02,30,229,,04,27,124,38.6,12,19,244,,1*6A
$GBGSV,3,3,10,05,15,248,38.5,06,75,327,,1*6A
$GNRMC,024314.000,A,3859.9982,N,11613.9787,E,0.01,71.71,280612,,,A,V*3C
$GNVTG,71.71,T,,M,0.01,N,0.01,K,A*13
$GNZDA,024314.000,28,06,2012,,*45
$GNGGA,024315.000,3859.9982,N,11613.9787,E,1,11,0.74,-16.8,M,-6.8,M,,*79
$PAIRACC,4.39,9.06*4A
$GNGLL,3859.9982,N,11613.9787,E,024315.000,A,A*4E
$GNGSA,A,3,18,05,31,20,,,,,,,,,1.28,0.74,1.05,1*01
$GNGSA,A,3,72,82,74,,,,,,,,,,1.28,0.74,1.05,2*02
$GNGSA,A,3,,,,,,,,,,,,,1.28,0.74,1.05,3*0F
$GNGSA,A,3,08,03,04,05,,,,,,,,,1.28,0.74,1.05,4*02
$GPGSV,2,1,08,18,07,134,39.0,30,35,081,,05,24,054,39.2,31,72,215,38.5,1*7A
$GPGSV,2,2,08,11,22,288,,12,16,047,,20,07,315,38.4,14,59,048,,1*7F
$GLGSV,1,1,04,72,12,333,39.3,65,63,259,,82,20,089,39.2,74,14,260,39.0,1*6F
$GAGSV,1,1,00,7*73
$GBGSV,3,1,10,14,02,237,,08,73,344,38.8,09,56,267,,03,43,190,38.3,1*75
$GBGSV,3,2,10,01,38,147,,02,30,229,,04,27,124,38.4,12,19,244,,1*68
$GBGSV,3,3,10,05,15,248,38.5,06,75,327,,1*6A
$GNRMC,024315.000,A,3859.9982,N,11613.9787,E,0.01,88.65,280612,,,A,V*3E
$GNVTG,88.65,T,,M,0.01,N,0.01,K,A*10
$GNZDA,024315.000,28,06,2012,,*44
$GNGGA,024316.000,3859.9982,N,11613.9787,E,1,11,0.74,-16.8,M,-6.8,M,,*7A
$PAIRACC,4.43,8.78*4F
$GNGLL,3859.9982,N,11613.9787,E,024316.000,A,A*4D
$GNGSA,A,3,18,05,31,20,,,,,,,,,1.28,0.74,1.05,1*01
$GNGSA,A,3,72,82,74,,,,,,,,,,1.28,0.74,1.05,2*02
$GNGSA,A,3,,,,,,,,,,,,,1.28,0.74,1.05,3*0F
$GNGSA,A,3,08,03,04,05,,,,,,,,,1.28,0.74,1.05,4*02
$GPGSV,2,1,08,18,07,134,39.1,30,35,081,,05,24,054,38.6,31,72,215,38.7,1*7C
$GPGSV,2,2,08,11,22,288,,12,16,047,,20,07,315,38.7,14,59,048,,1*7C
$GLGSV,1,1,04,72,12,333,39.3,65,63,259,,82,20,089,39.1,74,14,260,39.2,1*6E
$GAGSV,1,1,00,7*73
$GBGSV,3,1,10,14,02,237,,08,73,344,39.0,09,56,267,,03,43,190,38.1,1*7E
$GBGSV,3,2,10,01,38,147,,02,30,229,,04,27,124,38.6,12,19,244,,1*6A
$GBGSV,3,3,10,05,15,248,38.5,06,75,327,,1*6A
$GNRMC,024316.000,A,3859.9982,N,11613.9787,E,0.01,65.80,280612,,,A,V*35
$GNVTG,65.80,T,,M,0.01,N,0.01,K,A*18
$GNZDA,024316.000,28,06,2012,,*47
$GNGGA,024317.000,3859.9982,N,11613.9787,E,1,11,0.74,-16.8,M,-6.8,M,,*7B
$PAIRACC,4.35,8.72*44
$GNGLL,3859.9982,N,11613.9787,E,024317.000,A,A*4C
$GNGSA,A,3,20,31,05,18,,,,,,,,,1.28,0.74,1.05,1*01
$GNGSA,A,3,74,82,72,,,,,,,,,,1.28,0.74,1.05,2*02
$GNGSA,A,3,,,,,,,,,,,,,1.28,0.74,1.05,3*0F
$GNGSA,A,3,08,03,04,05,,,,,,,,,1.28,0.74,1.05,4*02
$GPGSV,3,1,09,20,07,315,38.4,22,38,136,,31,72,215,39.1,30,35,081,,1*6B
$GPGSV,3,2,09,05,24,054,39.4,11,22,288,,12,16,047,,18,07,134,38.7,1*61
$GPGSV,3,3,09,14,59,048,,1*58
$GLGSV,1,1,04,74,14,260,39.3,65,63,259,,82,20,089,39.3,72,12,333,39.4,1*6A
$GAGSV,1,1,00,7*73
$GBGSV,3,1,10,14,02,237,,08,73,344,39.1,09,56,267,,03,43,190,38.3,1*7D
$GBGSV,3,2,10,01,38,147,,02,30,229,,04,27,124,38.8,12,19,244,,1*64
$GBGSV,3,3,10,05,15,248,38.6,06,75,327,,1*69
$GNRMC,024317.000,A,3859.9982,N,11613.9787,E,0.01,74.10,280612,,,A,V*3D
$GNVTG,74.10,T,,M,0.01,N,0.01,K,A*11
$GNZDA,024317.000,28,06,2012,,*46
$GNGGA,024318.000,3859.9982,N,11613.9787,E,1,11,0.74,-16.8,M,-6.8,M,,*74
$PAIRACC,4.46,8.83*4E
$GNGLL,3859.9982,N,11613.9787,E,024318.000,A,A*43
$GNGSA,A,3,20,31,05,18,,,,,,,,,1.28,0.74,1.05,1*01
$GNGSA,A,3,74,82,72,,,,,,,,,,1.28,0.74,1.05,2*02
$GNGSA,A,3,,,,,,,,,,,,,1.28,0.74,1.05,3*0F
$GNGSA,A,3,08,03,04,05,,,,,,,,,1.28,0.74,1.05,4*02
$GPGSV,3,1,09,20,07,315,38.3,22,38,136,,31,72,215,38.9,30,35,081,,1*65
$GPGSV,3,2,09,05,24,054,38.9,11,22,288,,12,16,047,,18,07,134,38.4,1*6E
$GPGSV,3,3,09,14,59,048,,1*58
$GLGSV,1,1,04,74,14,260,39.0,65,63,259,,82,20,089,39.0,72,12,333,39.4,1*6A
$GAGSV,1,1,00,7*73
$GBGSV,3,1,10,14,02,237,,08,73,344,38.6,09,56,267,,03,43,190,38.0,1*78
$GBGSV,3,2,10,01,38,147,,02,30,229,,04,27,124,38.2,12,19,244,,1*6E
$GBGSV,3,3,10,05,15,248,38.1,06,75,327,,1*6E
$GNRMC,024318.000,A,3859.9982,N,11613.9787,E,0.01,65.18,280612,,,A,V*3A
$GNVTG,65.18,T,,M,0.01,N,0.01,K,A*19
$GNZDA,024318.000,28,06,2012,,*49
$GNGGA,024319.000,3859.9982,N,11613.9787,E,1,11,0.74,-16.8,M,-6.8,M,,*75
$PAIRACC,4.36,8.66*42
$GNGLL,3859.9982,N,11613.9787,E,024319.000,A,A*42
$GNGSA,A,3,20,31,05,18,,,,,,,,,1.28,0.74,1.05,1*01
$GNGSA,A,3,74,82,72,,,,,,,,,,1.28,0.74,1.05,2*02
$GNGSA,A,3,,,,,,,,,,,,,1.28,0.74,1.05,3*0F
$GNGSA,A,3,08,03,04,05,,,,,,,,,1.28,0.74,1.05,4*02
$GPGSV,3,1,09,20,07,315,38.7,22,38,136,,31,72,215,38.5,30,35,081,,1*6D
$GPGSV,3,2,09,05,24,054,39.0,11,22,288,,12,16,047,,18,07,134,38.7,1*65
$GPGSV,3,3,09,14,59,048,,1*58
$GLGSV,1,1,04,74,14,260,39.3,65,63,259,,82,20,089,39.0,72,12,333,39.5,1*68
$GAGSV,1,1,00,7*73
$GBGSV,3,1,10,14,02,237,,08,73,344,39.2,09,56,267,,03,43,190,38.1,1*7C
$GBGSV,3,2,10,01,38,147,,02,30,229,,04,27,124,38.5,12,19,244,,1*69
$GBGSV,3,3,10,05,15,248,38.5,06,75,327,,1*6A
$GNRMC,024319.000,A,3859.9982,N,11613.9787,E,0.01,84.09,280612,,,A,V*34
$GNVTG,84.09,T,,M,0.01,N,0.01,K,A*16
$GNZDA,024319.000,28,06,2012,,*48
$GNGGA,024320.000,3859.9982,N,11613.9787,E,1,11,0.74,-16.8,M,-6.8,M,,*7F
$PAIRACC,4.40,8.90*4A
$GNGLL,3859.9982,N,11613.9787,E,024320.000,A,A*48
$GNGSA,A,3,20,31,05,18,,,,,,,,,1.28,0.74,1.05,1*01
$GNGSA,A,3,74,82,72,,,,,,,,,,1.28,0.74,1.05,2*02
$GNGSA,A,3,,,,,,,,,,,,,1.28,0.74,1.05,3*0F
$GNGSA,A,3,08,03,04,05,,,,,,,,,1.28,0.74,1.05,4*02
$GPGSV,3,1,09,20,07,315,38.6,22,38,136,,31,72,215,39.4,30,35,081,,1*6C
$GPGSV,3,2,09,05,24,054,39.2,11,22,288,,12,16,047,,18,07,134,39.0,1*61
$GPGSV,3,3,09,14,59,048,,1*58
$GLGSV,1,1,04,74,14,260,39.5,65,63,259,,82,20,089,39.1,72,12,333,39.1,1*6B
$GAGSV,1,1,00,7*73
$GBGSV,3,1,10,14,02,237,,08,73,344,39.1,09,56,267,,03,43,190,39.0,1*7F
$GBGSV,3,2,10,01,38,147,,02,30,229,,04,27,124,38.6,12,19,244,,1*6A
$GBGSV,3,3,10,05,15,248,38.8,06,75,327,,1*67
$GNRMC,024320.000,A,3859.9982,N,11613.9787,E,0.01,81.97,280612,,,A,V*3C
$GNVTG,81.97,T,,M,0.01,N,0.01,K,A*14
$GNZDA,024320.000,28,06,2012,,*42
$GNGGA,024321.000,3859.9982,N,11613.9787,E,1,11,0.74,-16.8,M,-6.8,M,,*7E
$PAIRACC,4.40,8.79*4D
$GNGLL,3859.9982,N,11613.9787,E,024321.000,A,A*49
$GNGSA,A,3,20,31,05,18,,,,,,,,,1.28,0.74,1.05,1*01
$GNGSA,A,3,74,82,72,,,,,,,,,,1.28,0.74,1.05,2*02
$GNGSA,A,3,,,,,,,,,,,,,1.28,0.74,1.05,3*0F
$GNGSA,A,3,08,03,04,05,,,,,,,,,1.28,0.74,1.05,4*02
$GPGSV,3,1,09,20,07,315,38.4,22,38,136,,31,72,215,38.6,30,35,081,,1*6D
$GPGSV,3,2,09,05,24,054,39.0,11,22,288,,12,16,047,,18,07,134,38.9,1*6B
$GPGSV,3,3,09,14,59,048,,1*58
$GLGSV,1,1,04,74,14,260,39.2,65,63,259,,82,20,089,39.2,72,12,333,39.6,1*68
$GAGSV,1,1,00,7*73
$GBGSV,3,1,10,14,02,237,,08,73,344,39.0,09,56,267,,03,43,190,38.3,1*7C
$GBGSV,3,2,10,01,38,147,,02,30,229,,04,27,124,38.4,12,19,244,,1*68
$GBGSV,3,3,10,05,15,248,38.1,06,75,327,,1*6E
$GNRMC,024321.000,A,3859.9982,N,11613.9787,E,0.01,78.20,280612,,,A,V*37
$GNVTG,78.20,T,,M,0.01,N,0.01,K,A*1E
$GNZDA,024321.000,28,06,2012,,*43
$GNGGA,024322.000,3859.9982,N,11613.9787,E,1,11,0.74,-16.8,M,-6.8,M,,*7D
$PAIRACC,4.36,8.74*41
$GNGLL,3859.9982,N,11613.9787,E,024322.000,A,A*4A
$GNGSA,A,3,20,31,05,18,,,,,,,,,1.28,0.74,1.05,1*01
$GNGSA,A,3,74,82,72,,,,,,,,,,1.28,0.74,1.05,2*02
$GNGSA,A,3,,,,,,,,,,,,,1.28,0.74,1.05,3*0F
$GNGSA,A,3,08,03,04,05,,,,,,,,,1.28,0.74,1.05,4*02
$GPGSV,3,1,09,20,07,315,38.8,22,38,136,,31,72,215,38.7,30,35,081,,1*60
$GPGSV,3,2,09,05,24,054,39.2,11,22,288,,12,16,047,,18,07,134,39.1,1*60
$GPGSV,3,3,09,14,59,048,,1*58
$GLGSV,1,1,04,74,14,260,39.3,65,63,259,,82,20,089,39.1,72,12,333,39.2,1*6E
$GAGSV,1,1,00,7*73
$GBGSV,3,1,10,14,02,237,,08,73,344,39.0,09,56,267,,03,43,190,38.2,1*7D
$GBGSV,3,2,10,01,38,147,,02,30,229,,04,27,124,38.0,12,19,244,,1*6C
$GBGSV,3,3,10,05,15,248,38.2,06,75,327,,1*6D
$GNRMC,024322.000,A,3859.9982,N,11613.9787,E,0.01,77.55,280612,,,A,V*39
$GNVTG,77.55,T,,M,0.01,N,0.01,K,A*13
$GNZDA,024322.000,28,06,2012,,*40
$GNGGA,024323.000,3859.9982,N,11613.9787,E,1,11,0.74,-16.8,M,-6.8,M,,*7C
$PAIRACC,4.45,8.79*48
$GNGLL,3859.9982,N,11613.9787,E,024323.000,A,A*4B
$GNGSA,A,3,20,31,05,18,,,,,,,,,1.28,0.74,1.05,1*01
$GNGSA,A,3,74,82,72,,,,,,,,,,1.28,0.74,1.05,2*02
$GNGSA,A,3,,,,,,,,,,,,,1.28,0.74,1.05,3*0F
$GNGSA,A,3,08,03,04,05,,,,,,,,,1.28,0.74,1.05,4*02
$GPGSV,3,1,09,20,07,315,38.8,22,38,136,,31,72,215,38.8,30,35,081,,1*6F
$GPGSV,3,2,09,05,24,054,38.8,11,22,288,,12,16,047,,18,07,134,39.1,1*6B
$GPGSV,3,3,09,14,59,048,,1*58
$GLGSV,1,1,04,74,14,260,38.7,65,63,259,,82,20,089,39.1,72,12,333,39.1,1*68
$GAGSV,1,1,00,7*73
$GBGSV,3,1,10,14,02,237,,08,73,344,38.0,09,56,267,,03,43,190,38.7,1*79
$GBGSV,3,2,10,01,38,147,,02,30,229,,04,27,124,38.7,12,19,244,,1*6B
$GBGSV,3,3,10,05,15,248,38.6,06,75,327,,1*69
$GNRMC,024323.000,A,3859.9982,N,11613.9787,E,0.01,73.91,280612,,,A,V*34
$GNVTG,73.91,T,,M,0.01,N,0.01,K,A*1F
$GNZDA,024323.000,28,06,2012,,*41
$GNGGA,024324.000,3859.9982,N,11613.9787,E,1,11,0.74,-16.8,M,-6.8,M,,*7B
$PAIRACC,4.39,8.76*4C
$GNGLL,3859.9982,N,11613.9787,E,024324.000,A,A*4C
$GNGSA,A,3,20,31,05,18,,,,,,,,,1.28,0.74,1.05,1*01
$GNGSA,A,3,74,82,72,,,,,,,,,,1.28,0.74,1.05,2*02
$GNGSA,A,3,,,,,,,,,,,,,1.28,0.74,1.05,3*0F
$GNGSA,A,3,08,03,04,05,,,,,,,,,1.28,0.74,1.05,4*02
$GPGSV,3,1,09,20,07,315,39.0,22,38,136,,31,72,215,38.7,30,35,081,,1*69
$GPGSV,3,2,09,05,24,054,39.0,11,22,288,,12,16,047,,18,07,134,38.5,1*67
$GPGSV,3,3,09,14,59,048,,1*58
$GLGSV,1,1,04,74,14,260,38.9,65,63,259,,82,20,089,39.2,72,12,333,39.1,1*65
$GAGSV,1,1,00,7*73
$GBGSV,3,1,10,14,02,237,,08,73,344,38.7,09,56,267,,03,43,190,38.1,1*78
$GBGSV,3,2,10,01,38,147,,02,30,229,,04,27,124,38.5,12,19,244,,1*69
$GBGSV,3,3,10,05,15,248,38.2,06,75,327,,1*6D
$GNRMC,024324.000,A,3859.9982,N,11613.9787,E,0.01,83.22,280612,,,A,V*34
$GNVTG,83.22,T,,M,0.01,N,0.01,K,A*18
$GNZDA,024324.000,28,06,2012,,*46
$GNGGA,024325.000,3859.9982,N,11613.9786,E,1,11,0.74,-16.8,M,-6.8,M,,*7B
$PAIRACC,4.42,9.05*45
$GNGLL,3859.9982,N,11613.9786,E,024325.000,A,A*4C
$GNGSA,A,3,20,31,05,18,,,,,,,,,1.28,0.74,1.05,1*01
$GNGSA,A,3,74,82,72,,,,,,,,,,1.28,0.74,1.05,2*02
$GNGSA,A,3,,,,,,,,,,,,,1.28,0.74,1.05,3*0F
$GNGSA,A,3,08,03,04,05,,,,,,,,,1.28,0.74,1.05,4*02
$GPGSV,3,1,09,20,07,315,38.5,22,38,136,,31,72,215,39.1,30,35,081,,1*6A
$GPGSV,3,2,09,05,24,054,39.1,11,22,288,,12,16,047,,18,07,134,39.0,1*62
$GPGSV,3,3,09,14,59,048,,1*58
$GLGSV,1,1,04,74,14,260,39.4,65,63,259,,82,20,089,38.9,72,12,333,39.0,1*62
$GAGSV,1,1,00,7*73
$GBGSV,3,1,10,14,02,237,,08,73,344,38.9,09,56,267,,03,43,190,38.2,1*75
$GBGSV,3,2,10,01,38,147,,02,30,229,,04,27,124,38.4,12,19,244,,1*68
$GBGSV,3,3,10,05,15,248,38.4,06,75,327,,1*6B
$GNRMC,024325.000,A,3859.9982,N,11613.9786,E,0.01,74.89,280612,,,A,V*3D
$GNVTG,74.89,T,,M,0.01,N,0.01,K,A*11
$GNZDA,024325.000,28,06,2012,,*47
$GNGGA,024326.000,3859.9982,N,11613.9787,E,1,11,0.74,-16.8,M,-6.8,M,,*79
$PAIRACC,4.41,8.75*40
$GNGLL,3859.9982,N,11613.9787,E,024326.000,A,A*4E
$GNGSA,A,3,20,31,05,18,,,,,,,,,1.28,0.74,1.05,1*01
$GNGSA,A,3,74,82,72,,,,,,,,,,1.28,0.74,1.05,2*02
$GNGSA,A,3,,,,,,,,,,,,,1.28,0.74,1.05,3*0F
$GNGSA,A,3,08,03,04,05,,,,,,,,,1.28,0.74,1.05,4*02
$GPGSV,3,1,09,20,07,315,38.7,22,38,136,,31,72,215,38.8,30,35,081,,1*60
$GPGSV,3,2,09,05,24,054,39.0,11,22,288,,12,16,047,,18,07,134,38.9,1*6B
$GPGSV,3,3,09,14,59,048,,1*58
$GLGSV,1,1,04,74,14,260,39.5,65,63,259,,82,20,089,39.1,72,12,333,39.3,1*69
$GAGSV,1,1,00,7*73
$GBGSV,3,1,10,14,02,237,,08,73,344,39.0,09,56,267,,03,43,190,38.7,1*78
$GBGSV,3,2,10,01,38,147,,02,30,229,,04,27,124,38.7,12,19,244,,1*6B
$GBGSV,3,3,10,05,15,248,39.0,06,75,327,,1*6E
$GNRMC,024326.000,A,3859.9982,N,11613.9787,E,0.01,82.54,280612,,,A,V*36
$GNVTG,82.54,T,,M,0.01,N,0.01,K,A*18
$GNZDA,024326.000,28,06,2012,,*44
$GNGGA,024327.000,3859.9982,N,11613.9787,E,1,11,0.74,-16.8,M,-6.8,M,,*78
$PAIRACC,4.36,8.71*44
$GNGLL,3859.9982,N,11613.9787,E,024327.000,A,A*4F
$GNGSA,A,3,20,31,05,18,,,,,,,,,1.28,0.74,1.05,1*01
$GNGSA,A,3,74,82,72,,,,,,,,,,1.28,0.74,1.05,2*02
$GNGSA,A,3,,,,,,,,,,,,,1.28,0.74,1.05,3*0F
$GNGSA,A,3,08,03,04,05,,,,,,,,,1.28,0.74,1.05,4*02
$GPGSV,3,1,09,20,07,315,38.1,22,38,136,,31,72,215,38.9,30,35,081,,1*67
$GPGSV,3,2,09,05,24,054,39.1,11,22,288,,12,16,047,,18,07,134,39.0,1*62
$GPGSV,3,3,09,14,59,048,,1*58
$GLGSV,1,1,04,74,14,260,39.4,65,63,259,,82,20,089,39.5,72,12,333,39.0,1*6F
$GAGSV,1,1,00,7*73
$GBGSV,3,1,10,14,02,237,,08,73,344,38.6,09,56,267,,03,43,190,37.8,1*7F
$GBGSV,3,2,10,01,38,147,,02,30,229,,04,27,124,38.1,12,19,244,,1*6D
$GBGSV,3,3,10,05,15,248,38.4,06,75,327,,1*6B
$GNRMC,024327.000,A,3859.9982,N,11613.9787,E,0.01,94.80,280612,,,A,V*39
$GNVTG,94.80,T,,M,0.01,N,0.01,K,A*16
$GNZDA,024327.000,28,06,2012,,*45
$GNGGA,024328.000,3859.9982,N,11613.9787,E,1,11,0.74,-16.8,M,-6.8,M,,*77
$PAIRACC,4.44,8.80*4F
$GNGLL,3859.9982,N,11613.9787,E,024328.000,A,A*40
$GNGSA,A,3,20,31,05,18,,,,,,,,,1.28,0.74,1.05,1*01
$GNGSA,A,3,74,82,72,,,,,,,,,,1.28,0.74,1.05,2*02
$GNGSA,A,3,,,,,,,,,,,,,1.28,0.74,1.05,3*0F
$GNGSA,A,3,08,03,04,05,,,,,,,,,1.28,0.74,1.05,4*02
$GPGSV,3,1,09,20,07,315,38.5,22,38,136,,31,72,215,38.8,30,35,081,,1*62
$GPGSV,3,2,09,05,24,054,39.1,11,22,288,,12,16,047,,18,07,134,39.0,1*62
$GPGSV,3,3,09,14,59,048,,1*58
$GLGSV,1,1,04,74,14,260,38.3,65,63,259,,82,20,089,39.2,72,12,333,39.3,1*6D
$GAGSV,1,1,00,7*73
$GBGSV,3,1,10,14,02,237,,08,73,344,38.0,09,56,267,,03,43,190,37.9,1*78
$GBGSV,3,2,10,01,38,147,,02,30,229,,04,27,124,38.3,12,19,244,,1*6F
$GBGSV,3,3,10,05,15,248,38.4,06,75,327,,1*6B
$GNRMC,024328.000,A,3859.9982,N,11613.9787,E,0.01,111.16,280612,,,A,V*05
$GNVTG,111.16,T,,M,0.01,N,0.01,K,A*25
$GNZDA,024328.000,28,06,2012,,*4A
$GNGGA,024329.000,3859.9982,N,11613.9787,E,1,11,0.74,-16.8,M,-6.8,M,,*76
$PAIRACC,4.34,8.63*45
$GNGLL,3859.9982,N,11613.9787,E,024329.000,A,A*41
$GNGSA,A,3,20,31,05,18,,,,,,,,,1.28,0.74,1.05,1*01
$GNGSA,A,3,74,82,72,,,,,,,,,,1.28,0.74,1.05,2*02
$GNGSA,A,3,,,,,,,,,,,,,1.28,0.74,1.05,3*0F
$GNGSA,A,3,08,03,04,05,,,,,,,,,1.28,0.74,1.05,4*02
$GPGSV,3,1,09,20,07,315,38.3,22,38,136,,31,72,215,39.3,30,35,081,,1*6E
$GPGSV,3,2,09,05,24,054,39.3,11,22,288,,12,16,047,,18,07,134,38.8,1*69
$GPGSV,3,3,09,14,59,048,,1*58
$GLGSV,1,1,04,74,14,260,37.6,65,63,259,,82,20,089,39.3,72,12,333,39.1,1*64
$GAGSV,1,1,00,7*73
$GBGSV,3,1,10,14,02,237,,08,73,344,39.2,09,56,267,,03,43,190,38.5,1*78
$GBGSV,3,2,10,01,38,147,,02,30,229,,04,27,124,38.5,12,19,244,,1*69
$GBGSV,3,3,10,05,15,248,38.8,06,75,327,,1*67
$GNRMC,024329.000,A,3859.9982,N,11613.9787,E,0.01,124.43,280612,,,A,V*02
$GNVTG,124.43,T,,M,0.01,N,0.01,K,A*23
$GNZDA,024329.000,28,06,2012,,*4B
$GNGGA,024330.000,3859.9982,N,11613.9787,E,1,11,0.74,-16.7,M,-6.8,M,,*71
$PAIRACC,4.48,9.03*49
$GNGLL,3859.9982,N,11613.9787,E,024330.000,A,A*49
$GNGSA,A,3,20,31,05,18,,,,,,,,,1.28,0.74,1.05,1*01
$GNGSA,A,3,74,82,72,,,,,,,,,,1.28,0.74,1.05,2*02
$GNGSA,A,3,,,,,,,,,,,,,1.28,0.74,1.05,3*0F
$GNGSA,A,3,08,03,04,05,,,,,,,,,1.28,0.74,1.05,4*02
$GPGSV,3,1,09,20,07,315,38.7,22,38,136,,31,72,215,38.9,30,35,081,,1*61
$GPGSV,3,2,09,05,24,054,38.8,11,22,288,,12,16,047,,18,07,134,39.2,1*68
$GPGSV,3,3,09,14,59,048,,1*58
$GLGSV,1,1,04,74,14,260,38.2,65,63,259,,82,20,089,39.4,72,12,333,39.3,1*6A
$GAGSV,1,1,00,7*73
$GBGSV,3,1,10,14,02,237,,08,73,344,38.6,09,56,267,,03,43,190,38.1,1*79
$GBGSV,3,2,10,01,38,147,,02,30,229,,04,27,124,38.4,12,19,244,,1*68
$GBGSV,3,3,10,05,15,248,38.4,06,75,327,,1*6B
$GNRMC,024330.000,A,3859.9982,N,11613.9787,E,0.01,104.94,280612,,,A,V*02
$GNVTG,104.94,T,,M,0.01,N,0.01,K,A*2B
$GNZDA,024330.000,28,06,2012,,*43
$GNGGA,024331.000,3859.9982,N,11613.9787,E,1,11,0.74,-16.7,M,-6.8,M,,*70
$PAIRACC,4.36,8.75*40
$GNGLL,3859.9982,N,11613.9787,E,024331.000,A,A*48
$GNGSA,A,3,20,31,05,18,,,,,,,,,1.28,0.74,1.05,1*01
$GNGSA,A,3,74,82,72,,,,,,,,,,1.28,0.74,1.05,2*02
$GNGSA,A,3,,,,,,,,,,,,,1.28,0.74,1.05,3*0F
$GNGSA,A,3,08,03,04,05,,,,,,,,,1.28,0.74,1.05,4*02
$GPGSV,3,1,09,20,07,315,38.8,22,38,136,,31,72,215,39.1,30,35,081,,1*67
$GPGSV,3,2,09,05,24,054,39.3,11,22,288,,12,16,047,,18,07,134,39.0,1*60
$GPGSV,3,3,09,14,59,048,,1*58
$GLGSV,1,1,04,74,14,260,37.3,65,63,259,,82,20,089,39.2,72,12,333,39.4,1*65
$GAGSV,1,1,00,7*73
$GBGSV,3,1,10,14,02,237,,08,73,344,38.6,09,56,267,,03,43,190,38.1,1*79
$GBGSV,3,2,10,01,38,147,,02,30,229,,04,27,124,38.1,12,19,244,,1*6D
$GBGSV,3,3,10,05,15,248,38.0,06,75,327,,1*6F
$GNRMC,024331.000,A,3859.9982,N,11613.9787,E,0.01,116.69,280612,,,A,V*02
$GNVTG,116.69,T,,M,0.01,N,0.01,K,A*2A
$GNZDA,024331.000,28,06,2012,,*42
$GNGGA,024332.000,3859.9982,N,11613.9787,E,1,11,0.74,-16.7,M,-6.8,M,,*73
$PAIRACC,4.49,9.11*4B
$GNGLL,3859.9982,N,11613.9787,E,024332.000,A,A*4B
$GNGSA,A,3,20,31,05,18,,,,,,,,,1.28,0.74,1.05,1*01
$GNGSA,A,3,74,82,72,,,,,,,,,,1.28,0.74,1.05,2*02
$GNGSA,A,3,,,,,,,,,,,,,1.28,0.74,1.05,3*0F
$GNGSA,A,3,08,03,04,05,,,,,,,,,1.28,0.74,1.05,4*02
$GPGSV,3,1,09,20,07,315,38.5,22,38,136,,31,72,215,38.8,30,35,081,,1*62
$GPGSV,3,2,09,05,24,054,38.8,11,22,288,,12,16,047,,18,07,134,39.3,1*69
$GPGSV,3,3,09,14,59,048,,1*58
$GLGSV,1,1,04,74,14,260,38.5,65,63,259,,82,20,089,39.3,72,12,333,39.2,1*6B
$GAGSV,1,1,00,7*73
$GBGSV,3,1,10,14,02,237,,08,73,344,38.9,09,56,267,,03,43,190,38.6,1*71
$GBGSV,3,2,10,01,38,147,,02,30,229,,04,27,124,38.5,12,19,244,,1*69
$GBGSV,3,3,10,05,15,248,38.7,06,75,327,,1*68
$GNRMC,024332.000,A,3859.9982,N,11613.9787,E,0.01,118.86,280612,,,A,V*0E
$GNVTG,118.86,T,,M,0.01,N,0.01,K,A*25
$GNZDA,024332.000,28,06,2012,,*41
$GNGGA,024333.000,3859.9981,N,11613.9787,E,1,11,0.74,-16.7,M,-6.8,M,,*71
$PAIRACC,4.39,8.76*4C
$GNGLL,3859.9981,N,11613.9787,E,024333.000,A,A*49
$GNGSA,A,3,20,31,05,18,,,,,,,,,1.28,0.74,1.05,1*01
$GNGSA,A,3,74,82,72,,,,,,,,,,1.28,0.74,1.05,2*02
$GNGSA,A,3,,,,,,,,,,,,,1.28,0.74,1.05,3*0F
$GNGSA,A,3,08,03,04,05,,,,,,,,,1.28,0.74,1.05,4*02
$GPGSV,3,1,09,20,07,315,38.4,22,38,136,,31,72,215,39.0,30,35,081,,1*6A
$GPGSV,3,2,09,05,24,054,39.1,11,22,288,,12,16,047,,18,07,134,38.9,1*6A
$GPGSV,3,3,09,14,59,048,,1*58
$GLGSV,1,1,04,74,14,260,37.1,65,63,259,,82,20,089,39.0,72,12,333,38.8,1*68
$GAGSV,1,1,00,7*73
$GBGSV,3,1,10,14,02,237,,08,73,344,38.9,09,56,267,,03,43,190,37.9,1*71
$GBGSV,3,2,10,01,38,147,,02,30,229,,04,27,124,38.0,12,19,244,,1*6C
$GBGSV,3,3,10,05,15,248,38.1,06,75,327,,1*6E
$GNRMC,024333.000,A,3859.9981,N,11613.9787,E,0.01,129.18,280612,,,A,V*09
$GNVTG,129.18,T,,M,0.01,N,0.01,K,A*20
$GNZDA,024333.000,28,06,2012,,*40
$GNGGA,024334.000,3859.9981,N,11613.9787,E,1,11,0.74,-16.7,M,-6.8,M,,*76
$PAIRACC,4.44,8.90*4E
$GNGLL,3859.9981,N,11613.9787,E,024334.000,A,A*4E
$GNGSA,A,3,20,31,05,18,,,,,,,,,1.28,0.74,1.05,1*01
$GNGSA,A,3,74,82,72,,,,,,,,,,1.28,0.74,1.05,2*02
$GNGSA,A,3,,,,,,,,,,,,,1.28,0.74,1.05,3*0F
$GNGSA,A,3,08,03,04,05,,,,,,,,,1.28,0.74,1.05,4*02
$GPGSV,3,1,09,20,07,315,38.9,22,38,136,,31,72,215,39.4,30,35,081,,1*63
$GPGSV,3,2,09,05,24,054,38.8,11,22,288,,12,16,047,,18,07,134,38.6,1*6D
$GPGSV,3,3,09,14,59,048,,1*58
$GLGSV,1,1,04,74,14,260,39.2,65,63,259,,82,20,089,38.9,72,12,333,39.7,1*63
$GAGSV,1,1,00,7*73
$GBGSV,3,1,10,14,02,237,,08,73,344,38.8,09,56,267,,03,43,190,38.3,1*75
$GBGSV,3,2,10,01,38,147,,02,30,229,,04,27,124,38.4,12,19,244,,1*68
$GBGSV,3,3,10,05,15,248,37.7,06,75,327,,1*67
$GNRMC,024334.000,A,3859.9981,N,11613.9787,E,0.01,103.01,280612,,,A,V*0E
$GNVTG,103.01,T,,M,0.01,N,0.01,K,A*20
$GNZDA,024334.000,28,06,2012,,*47
$GNGGA,024335.000,3859.9981,N,11613.9787,E,1,11,0.74,-16.7,M,-6.8,M,,*77
$PAIRACC,4.42,8.84*4D
$GNGLL,3859.9981,N,11613.9787,E,024335.000,A,A*4F
$GNGSA,A,3,20,31,05,18,,,,,,,,,1.28,0.74,1.05,1*01
$GNGSA,A,3,74,82,72,,,,,,,,,,1.28,0.74,1.05,2*02
$GNGSA,A,3,,,,,,,,,,,,,1.28,0.74,1.05,3*0F
$GNGSA,A,3,08,03,04,05,,,,,,,,,1.28,0.74,1.05,4*02
$GPGSV,3,1,09,20,07,315,38.5,22,38,136,,31,72,215,38.8,30,35,081,,1*62
$GPGSV,3,2,09,05,24,054,38.9,11,22,288,,12,16,047,,18,07,134,39.0,1*6B
$GPGSV,3,3,09,14,59,048,,1*58
$GLGSV,1,1,04,74,14,260,39.4,65,63,259,,82,20,089,38.8,72,12,333,39.0,1*63
$GAGSV,1,1,00,7*73
$GBGSV,3,1,09,14,02,237,,08,73,344,38.9,09,56,267,,03,43,190,39.0,1*7E
$GBGSV,3,2,09,02,30,229,,04,27,124,38.7,12,19,244,,05,15,248,39.0,1*70
$GBGSV,3,3,09,06,75,327,,1*4D
$GNRMC,024335.000,A,3859.9981,N,11613.9787,E,0.01,89.75,280612,,,A,V*3F
$GNVTG,89.75,T,,M,0.01,N,0.01,K,A*10
$GNZDA,024335.000,28,06,2012,,*46
$GNGGA,024336.000,3859.9981,N,11613.9787,E,1,11,0.74,-16.7,M,-6.8,M,,*74
$PAIRACC,4.40,8.71*45
$GNGLL,3859.9981,N,11613.9787,E,024336.000,A,A*4C
$GNGSA,A,3,20,31,05,18,,,,,,,,,1.28,0.74,1.05,1*01
$GNGSA,A,3,74,82,72,,,,,,,,,,1.28,0.74,1.05,2*02
$GNGSA,A,3,,,,,,,,,,,,,1.28,0.74,1.05,3*0F
$GNGSA,A,3,08,03,04,05,,,,,,,,,1.28,0.74,1.05,4*02
$GPGSV,3,1,09,20,07,315,38.5,22,38,136,,31,72,215,38.6,30,35,081,,1*6C
$GPGSV,3,2,09,05,24,054,39.0,11,22,288,,12,16,047,,18,07,134,39.0,1*63
$GPGSV,3,3,09,14,59,048,,1*58
$GLGSV,1,1,04,74,14,260,39.4,65,63,259,,82,20,089,39.5,72,12,333,39.6,1*69
$GAGSV,1,1,00,7*73
$GBGSV,3,1,10,14,02,237,,08,73,344,38.8,09,56,267,,03,43,190,38.4,1*72
$GBGSV,3,2,10,01,38,147,,02,30,229,,04,27,124,38.3,12,19,244,,1*6F
$GBGSV,3,3,10,05,15,248,38.2,06,75,327,,1*6D
$GNRMC,024336.000,A,3859.9981,N,11613.9787,E,0.01,100.85,280612,,,A,V*03
$GNVTG,100.85,T,,M,0.01,N,0.01,K,A*2F
$GNZDA,024336.000,28,06,2012,,*45
$GNGGA,024337.000,3859.9981,N,11613.9787,E,1,11,0.74,-16.7,M,-6.8,M,,*75
$PAIRACC,4.35,8.64*43
$GNGLL,3859.9981,N,11613.9787,E,024337.000,A,A*4D
$GNGSA,A,3,20,31,05,18,,,,,,,,,1.28,0.74,1.05,1*01
$GNGSA,A,3,74,82,72,,,,,,,,,,1.28,0.74,1.05,2*02
$GNGSA,A,3,,,,,,,,,,,,,1.28,0.74,1.05,3*0F
$GNGSA,A,3,08,03,04,05,,,,,,,,,1.28,0.74,1.05,4*02
$GPGSV,3,1,09,20,07,315,38.3,22,38,136,,31,72,215,39.1,30,35,081,,1*6C
$GPGSV,3,2,09,05,24,054,38.9,11,22,288,,12,16,047,,18,07,134,39.2,1*69
$GPGSV,3,3,09,14,59,048,,1*58
$GLGSV,1,1,04,74,14,260,39.3,65,63,259,,82,20,089,39.5,72,12,333,39.4,1*6C
$GAGSV,1,1,00,7*73
$GBGSV,3,1,10,14,02,237,,08,73,344,39.2,09,56,267,,03,43,190,37.8,1*7A
$GBGSV,3,2,10,01,38,147,,02,30,229,,04,27,124,38.5,12,19,244,,1*69
$GBGSV,3,3,10,05,15,248,38.4,06,75,327,,1*6B
$GNRMC,024337.000,A,3859.9981,N,11613.9787,E,0.01,92.09,280612,,,A,V*3C
$GNVTG,92.09,T,,M,0.01,N,0.01,K,A*11
$GNZDA,024337.000,28,06,2012,,*44
$GNGGA,024338.000,3859.9981,N,11613.9787,E,1,11,0.74,-16.7,M,-6.8,M,,*7A
$PAIRACC,4.44,8.90*4E
$GNGLL,3859.9981,N,11613.9787,E,024338.000,A,A*42
$GNGSA,A,3,20,31,05,18,,,,,,,,,1.28,0.74,1.05,1*01
$GNGSA,A,3,74,82,72,,,,,,,,,,1.28,0.74,1.05,2*02
$GNGSA,A,3,,,,,,,,,,,,,1.28,0.74,1.05,3*0F
$GNGSA,A,3,08,03,04,05,,,,,,,,,1.28,0.74,1.05,4*02
$GPGSV,3,1,09,20,07,315,38.0,22,38,136,,31,72,215,38.8,30,35,081,,1*67
$GPGSV,3,2,09,05,24,054,39.0,11,22,288,,12,16,047,,18,07,134,39.1,1*62
$GPGSV,3,3,09,14,59,048,,1*58
$GLGSV,1,1,04,74,14,260,39.5,65,63,259,,82,20,089,39.6,72,12,333,39.1,1*6C
$GAGSV,1,1,00,7*73
$GBGSV,3,1,10,14,02,237,,08,73,344,38.5,09,56,267,,03,43,190,38.7,1*7C
$GBGSV,3,2,10,01,38,147,,02,30,229,,04,27,124,38.4,12,19,244,,1*68
$GBGSV,3,3,10,05,15,248,38.7,06,75,327,,1*68
$GNRMC,024338.000,A,3859.9981,N,11613.9787,E,0.01,95.67,280612,,,A,V*3C
$GNVTG,95.67,T,,M,0.01,N,0.01,K,A*1E
$GNZDA,024338.000,28,06,2012,,*4B
$GNGGA,024339.000,3859.9981,N,11613.9787,E,1,11,0.74,-16.7,M,-6.8,M,,*7B
$PAIRACC,4.38,8.65*4F
$GNGLL,3859.9981,N,11613.9787,E,024339.000,A,A*43
$GNGSA,A,3,20,31,05,18,,,,,,,,,1.28,0.74,1.05,1*01
$GNGSA,A,3,74,82,72,,,,,,,,,,1.28,0.74,1.05,2*02
$GNGSA,A,3,,,,,,,,,,,,,1.28,0.74,1.05,3*0F
$GNGSA,A,3,08,03,04,05,,,,,,,,,1.28,0.74,1.05,4*02
$GPGSV,3,1,09,20,07,315,38.4,22,38,136,,31,72,215,39.2,30,35,081,,1*68
$GPGSV,3,2,09,05,24,054,38.8,11,22,288,,12,16,047,,18,07,134,39.0,1*6A
$GPGSV,3,3,09,14,59,048,,1*58
$GLGSV,1,1,04,74,14,260,39.1,65,63,259,,82,20,089,39.1,72,12,333,38.7,1*68
$GAGSV,1,1,00,7*73
$GBGSV,3,1,10,14,02,237,,08,73,344,39.2,09,56,267,,03,43,190,37.9,1*7B
$GBGSV,3,2,10,01,38,147,,02,30,229,,04,27,124,38.4,12,19,244,,1*68
$GBGSV,3,3,10,05,15,248,38.2,06,75,327,,1*6D
$GNRMC,024339.000,A,3859.9981,N,11613.9787,E,0.01,98.04,280612,,,A,V*35
$GNVTG,98.04,T,,M,0.01,N,0.01,K,A*16
$GNZDA,024339.000,28,06,2012,,*4A
$GNGGA,024340.000,3859.9981,N,11613.9787,E,1,11,0.74,-16.7,M,-6.8,M,,*75
$PAIRACC,4.49,9.06*4D
$GNGLL,3859.9981,N,11613.9787,E,024340.000,A,A*4D
$GNGSA,A,3,20,31,05,18,,,,,,,,,1.28,0.74,1.05,1*01
$GNGSA,A,3,74,82,72,,,,,,,,,,1.28,0.74,1.05,2*02
$GNGSA,A,3,,,,,,,,,,,,,1.28,0.74,1.05,3*0F
$GNGSA,A,3,08,03,04,05,,,,,,,,,1.28,0.74,1.05,4*02
$GPGSV,3,1,09,20,07,315,38.4,22,38,136,,31,72,215,38.7,30,35,081,,1*6C
$GPGSV,3,2,09,05,24,054,39.0,11,22,288,,12,16,047,,18,07,134,38.6,1*64
$GPGSV,3,3,09,14,59,048,,1*58
$GLGSV,1,1,04,74,14,260,39.0,65,63,259,,82,20,089,39.5,72,12,333,39.1,1*6A
$GAGSV,1,1,00,7*73
$GBGSV,3,1,10,14,02,237,,08,73,344,39.3,09,56,267,,03,43,190,38.1,1*7D
$GBGSV,3,2,10,01,38,147,,02,30,229,,04,27,124,38.4,12,19,244,,1*68
$GBGSV,3,3,10,05,15,248,38.5,06,75,327,,1*6A
$GNRMC,024340.000,A,3859.9981,N,11613.9787,E,0.01,113.53,280612,,,A,V*0B
$GNVTG,113.53,T,,M,0.01,N,0.01,K,A*26
$GNZDA,024340.000,28,06,2012,,*44
$GNGGA,024341.000,3859.9981,N,11613.9787,E,1,11,0.74,-16.7,M,-6.8,M,,*74
$PAIRACC,4.38,8.74*4F
$GNGLL,3859.9981,N,11613.9787,E,024341.000,A,A*4C
$GNGSA,A,3,20,31,05,18,,,,,,,,,1.28,0.74,1.05,1*01
$GNGSA,A,3,74,82,72,,,,,,,,,,1.28,0.74,1.05,2*02
$GNGSA,A,3,,,,,,,,,,,,,1.28,0.74,1.05,3*0F
$GNGSA,A,3,08,03,04,05,,,,,,,,,1.28,0.74,1.05,4*02
$GPGSV,3,1,09,20,07,315,38.5,22,38,136,,31,72,215,38.9,30,35,081,,1*63
$GPGSV,3,2,09,05,24,054,39.2,11,22,288,,12,16,047,,18,07,134,39.0,1*61
$GPGSV,3,3,09,14,59,048,,1*58
$GLGSV,1,1,04,74,14,260,39.4,65,63,259,,82,20,089,39.5,72,12,333,39.3,1*6C
$GAGSV,1,1,00,7*73
$GBGSV,3,1,10,14,02,237,,08,73,344,38.9,09,56,267,,03,43,190,38.4,1*73
$GBGSV,3,2,10,01,38,147,,02,30,229,,04,27,124,39.2,12,19,244,,1*6F
$GBGSV,3,3,10,05,15,248,38.9,06,75,327,,1*66
$GNRMC,024341.000,A,3859.9981,N,11613.9787,E,0.01,98.53,280612,,,A,V*38
$GNVTG,98.53,T,,M,0.01,N,0.01,K,A*14
$GNZDA,024341.000,28,06,2012,,*45
$GNGGA,024342.000,3859.9981,N,11613.9787,E,1,11,0.74,-16.7,M,-6.8,M,,*77
$PAIRACC,4.44,8.94*4A
$GNGLL,3859.9981,N,11613.9787,E,024342.000,A,A*4F
$GNGSA,A,3,20,31,05,18,,,,,,,,,1.28,0.74,1.05,1*01
$GNGSA,A,3,74,82,72,,,,,,,,,,1.28,0.74,1.05,2*02
$GNGSA,A,3,,,,,,,,,,,,,1.28,0.74,1.05,3*0F
$GNGSA,A,3,08,03,04,05,,,,,,,,,1.28,0.74,1.05,4*02
$GPGSV,3,1,09,20,07,315,38.5,22,38,136,,31,72,215,39.5,30,35,081,,1*6E
$GPGSV,3,2,09,05,24,054,38.9,11,22,288,,12,16,047,,18,07,134,39.2,1*69
$GPGSV,3,3,09,14,59,048,,1*58
$GLGSV,1,1,04,74,14,260,39.9,65,63,259,,82,20,089,39.1,72,12,333,39.2,1*64
$GAGSV,1,1,00,7*73
$GBGSV,3,1,10,14,02,237,,08,73,344,38.9,09,56,267,,03,43,190,38.2,1*75
$GBGSV,3,2,10,01,38,147,,02,30,229,,04,27,124,38.6,12,19,244,,1*6A
$GBGSV,3,3,10,05,15,248,38.5,06,75,327,,1*6A
$GNRMC,024342.000,A,3859.9981,N,11613.9787,E,0.01,83.62,280612,,,A,V*33
$GNVTG,83.62,T,,M,0.01,N,0.01,K,A*1C
$GNZDA,024342.000,28,06,2012,,*46
$GNGGA,024343.000,3859.9981,N,11613.9787,E,1,11,0.74,-16.7,M,-6.8,M,,*76
$PAIRACC,4.39,8.73*49
$GNGLL,3859.9981,N,11613.9787,E,024343.000,A,A*4E
$GNGSA,A,3,20,31,05,18,,,,,,,,,1.28,0.74,1.05,1*01
$GNGSA,A,3,74,82,72,,,,,,,,,,1.28,0.74,1.05,2*02
$GNGSA,A,3,,,,,,,,,,,,,1.28,0.74,1.05,3*0F
$GNGSA,A,3,08,03,04,05,,,,,,,,,1.28,0.74,1.05,4*02
$GPGSV,3,1,09,20,07,315,38.3,22,38,136,,31,72,215,39.2,30,35,081,,1*6F
$GPGSV,3,2,09,05,24,054,38.7,11,22,288,,12,16,047,,18,07,134,39.0,1*65
$GPGSV,3,3,09,14,59,048,,1*58
$GLGSV,1,1,04,74,14,260,39.3,65,63,259,,82,20,089,38.5,72,12,333,39.0,1*69
$GAGSV,1,1,00,7*73
$GBGSV,3,1,10,14,02,237,,08,73,344,39.0,09,56,267,,03,43,190,37.5,1*75
$GBGSV,3,2,10,01,38,147,,02,30,229,,04,27,124,38.7,12,19,244,,1*6B
$GBGSV,3,3,10,05,15,248,38.3,06,75,327,,1*6C
$GNRMC,024343.000,A,3859.9981,N,11613.9787,E,0.01,92.47,280612,,,A,V*35
$GNVTG,92.47,T,,M,0.01,N,0.01,K,A*1B
$GNZDA,024343.000,28,06,2012,,*47
$GNGGA,024344.000,3859.9981,N,11613.9787,E,1,11,0.74,-16.7,M,-6.8,M,,*71
$PAIRACC,4.37,8.80*4B
$GNGLL,3859.9981,N,11613.9787,E,024344.000,A,A*49
$GNGSA,A,3,20,31,05,18,,,,,,,,,1.28,0.74,1.05,1*01
$GNGSA,A,3,74,82,72,,,,,,,,,,1.28,0.74,1.05,2*02
$GNGSA,A,3,,,,,,,,,,,,,1.28,0.74,1.05,3*0F
$GNGSA,A,3,08,03,04,05,,,,,,,,,1.28,0.74,1.05,4*02
$GPGSV,3,1,09,20,07,315,38.5,22,38,136,,31,72,215,39.0,30,35,081,,1*6B
$GPGSV,3,2,09,05,24,054,39.2,11,22,288,,12,16,047,,18,07,134,38.9,1*69
$GPGSV,3,3,09,14,59,048,,1*58
$GLGSV,1,1,04,74,14,260,39.1,65,63,259,,82,20,089,39.0,72,12,333,39.3,1*6C
$GAGSV,1,1,00,7*73
$GBGSV,3,1,10,14,02,237,,08,73,344,38.7,09,56,267,,03,43,190,38.4,1*7D
$GBGSV,3,2,10,01,38,147,,02,30,229,,04,27,124,38.8,12,19,244,,1*64
$GBGSV,3,3,10,05,15,248,38.7,06,75,327,,1*68
$GNRMC,024344.000,A,3859.9981,N,11613.9787,E,0.01,85.92,280612,,,A,V*3C
$GNVTG,85.92,T,,M,0.01,N,0.01,K,A*15
$GNZDA,024344.000,28,06,2012,,*40
$GNGGA,024345.000,3859.9981,N,11613.9787,E,1,11,0.74,-16.7,M,-6.8,M,,*70
$PAIRACC,4.40,8.79*4D
$GNGLL,3859.9981,N,11613.9787,E,024345.000,A,A*48
$GNGSA,A,3,20,31,05,18,,,,,,,,,1.28,0.74,1.05,1*01
$GNGSA,A,3,74,82,72,,,,,,,,,,1.28,0.74,1.05,2*02
$GNGSA,A,3,,,,,,,,,,,,,1.28,0.74,1.05,3*0F
$GNGSA,A,3,08,03,04,05,,,,,,,,,1.28,0.74,1.05,4*02
$GPGSV,3,1,09,20,07,315,38.6,22,38,136,,31,72,215,39.2,30,35,081,,1*6A
$GPGSV,3,2,09,05,24,054,39.3,11,22,288,,12,16,047,,18,07,134,39.1,1*61
$GPGSV,3,3,09,14,59,048,,1*58
$GLGSV,1,1,04,74,14,260,39.1,65,63,259,,82,20,089,38.9,72,12,333,39.4,1*63
$GAGSV,1,1,00,7*73
$GBGSV,3,1,10,14,02,237,,08,73,344,38.8,09,56,267,,03,43,190,37.8,1*71
$GBGSV,3,2,10,01,38,147,,02,30,229,,04,27,124,38.3,12,19,244,,1*6F
$GBGSV,3,3,10,05,15,248,38.4,06,75,327,,1*6B
$GNRMC,024345.000,A,3859.9981,N,11613.9787,E,0.01,103.05,280612,,,A,V*0C
$GNVTG,103.05,T,,M,0.01,N,0.01,K,A*24
$GNZDA,024345.000,28,06,2012,,*41
$GNGGA,024346.000,3859.9981,N,11613.9787,E,1,11,0.74,-16.7,M,-6.8,M,,*73
$PAIRACC,4.41,8.79*4C
$GNGLL,3859.9981,N,11613.9787,E,024346.000,A,A*4B
$GNGSA,A,3,20,31,05,18,,,,,,,,,1.28,0.74,1.05,1*01
$GNGSA,A,3,74,82,72,,,,,,,,,,1.28,0.74,1.05,2*02
$GNGSA,A,3,,,,,,,,,,,,,1.28,0.74,1.05,3*0F
$GNGSA,A,3,08,03,04,05,,,,,,,,,1.28,0.74,1.05,4*02
$GPGSV,3,1,09,20,07,315,38.6,22,38,136,,31,72,215,38.8,30,35,081,,1*61
$GPGSV,3,2,09,05,24,054,39.1,11,22,288,,12,16,047,,18,07,134,39.1,1*63
$GPGSV,3,3,09,14,59,048,,1*58
$GLGSV,1,1,04,74,14,260,39.3,65,63,259,,82,20,089,39.0,72,12,333,39.2,1*6F
$GAGSV,1,1,00,7*73
$GBGSV,3,1,10,14,02,237,,08,73,344,39.1,09,56,267,,03,43,190,38.0,1*7E
$GBGSV,3,2,10,01,38,147,,02,30,229,,04,27,124,38.4,12,19,244,,1*68
$GBGSV,3,3,10,05,15,248,38.3,06,75,327,,1*6C
$GNRMC,024346.000,A,3859.9981,N,11613.9787,E,0.01,81.75,280612,,,A,V*33
$GNVTG,81.75,T,,M,0.01,N,0.01,K,A*18
$GNZDA,024346.000,28,06,2012,,*42
$GNGGA,024347.000,3859.9981,N,11613.9787,E,1,11,0.74,-16.7,M,-6.8,M,,*72
$PAIRACC,4.40,8.76*42
$GNGLL,3859.9981,N,11613.9787,E,024347.000,A,A*4A
$GNGSA,A,3,20,31,05,18,,,,,,,,,1.28,0.74,1.05,1*01
$GNGSA,A,3,74,82,72,,,,,,,,,,1.28,0.74,1.05,2*02
$GNGSA,A,3,,,,,,,,,,,,,1.28,0.74,1.05,3*0F
$GNGSA,A,3,08,03,04,05,,,,,,,,,1.28,0.74,1.05,4*02
$GPGSV,3,1,09,20,07,315,38.5,22,38,136,,31,72,215,38.6,30,35,081,,1*6C
$GPGSV,3,2,09,05,24,054,39.0,11,22,288,,12,16,047,,18,07,134,39.2,1*61
$GPGSV,3,3,09,14,59,048,,1*58
$GLGSV,1,1,04,74,14,260,39.4,65,63,259,,82,20,089,37.1,72,12,333,38.7,1*63
$GAGSV,1,1,00,7*73
$GBGSV,3,1,10,14,02,237,,08,73,344,38.7,09,56,267,,03,43,190,37.8,1*7E
$GBGSV,3,2,10,01,38,147,,02,30,229,,04,27,124,38.3,12,19,244,,1*6F
$GBGSV,3,3,10,05,15,248,38.1,06,75,327,,1*6E
$GNRMC,024347.000,A,3859.9981,N,11613.9787,E,0.01,78.28,280612,,,A,V*3C
$GNVTG,78.28,T,,M,0.01,N,0.01,K,A*16
$GNZDA,024347.000,28,06,2012,,*43
$GNGGA,024348.000,3859.9981,N,11613.9787,E,1,11,0.74,-16.7,M,-6.8,M,,*7D
$PAIRACC,4.37,8.72*46
$GNGLL,3859.9981,N,11613.9787,E,024348.000,A,A*45
$GNGSA,A,3,20,31,05,18,,,,,,,,,1.28,0.74,1.05,1*01
$GNGSA,A,3,74,82,72,,,,,,,,,,1.28,0.74,1.05,2*02
$GNGSA,A,3,,,,,,,,,,,,,1.28,0.74,1.05,3*0F
$GNGSA,A,3,08,03,04,05,,,,,,,,,1.28,0.74,1.05,4*02
$GPGSV,3,1,09,20,07,315,38.7,22,38,136,,31,72,215,38.7,30,35,081,,1*6F
$GPGSV,3,2,09,05,24,054,39.1,11,22,288,,12,16,047,,18,07,134,39.0,1*62
$GPGSV,3,3,09,14,59,048,,1*58
$GLGSV,1,1,04,74,14,260,39.5,65,63,259,,82,20,089,38.4,72,12,333,38.9,1*66
$GAGSV,1,1,00,7*73
$GBGSV,3,1,10,14,02,237,,08,73,344,38.9,09,56,267,,03,43,190,38.4,1*73
$GBGSV,3,2,10,01,38,147,,02,30,229,,04,27,124,38.5,12,19,244,,1*69
$GBGSV,3,3,10,05,15,248,38.4,06,75,327,,1*6B
$GNRMC,024348.000,A,3859.9981,N,11613.9787,E,0.01,84.21,280612,,,A,V*39
$GNVTG,84.21,T,,M,0.01,N,0.01,K,A*1C
$GNZDA,024348.000,28,06,2012,,*4C
$GNGGA,024349.000,3859.9981,N,11613.9787,E,1,11,0.74,-16.7,M,-6.8,M,,*7C
$PAIRACC,4.34,8.71*46
$GNGLL,3859.9981,N,11613.9787,E,024349.000,A,A*44
$GNGSA,A,3,20,31,05,18,,,,,,,,,1.28,0.74,1.05,1*01
$GNGSA,A,3,74,82,72,,,,,,,,,,1.28,0.74,1.05,2*02
$GNGSA,A,3,,,,,,,,,,,,,1.28,0.74,1.05,3*0F
$GNGSA,A,3,08,03,04,05,,,,,,,,,1.28,0.74,1.05,4*02
$GPGSV,3,1,09,20,07,315,38.3,22,38,136,,31,72,215,39.0,30,35,081,,1*6D
$GPGSV,3,2,09,05,24,054,39.2,11,22,288,,12,16,047,,18,07,134,39.3,1*62
$GPGSV,3,3,09,14,59,048,,1*58
$GLGSV,1,1,04,74,14,260,39.5,65,63,259,,82,20,089,37.2,72,12,333,39.2,1*65
$GAGSV,1,1,00,7*73
$GBGSV,3,1,10,14,02,237,,08,73,344,38.9,09,56,267,,03,43,190,38.0,1*77
$GBGSV,3,2,10,01,38,147,,02,30,229,,04,27,124,38.5,12,19,244,,1*69
$GBGSV,3,3,10,05,15,248,38.2,06,75,327,,1*6D
$GNRMC,024349.000,A,3859.9981,N,11613.9787,E,0.01,90.93,280612,,,A,V*34
$GNVTG,90.93,T,,M,0.01,N,0.01,K,A*10
$GNZDA,024349.000,28,06,2012,,*4D
$GNGGA,024350.000,3859.9981,N,11613.9787,E,1,11,0.74,-16.7,M,-6.8,M,,*74
$PAIRACC,4.51,9.15*46
$GNGLL,3859.9981,N,11613.9787,E,024350.000,A,A*4C
$GNGSA,A,3,20,31,05,18,,,,,,,,,1.28,0.74,1.05,1*01
$GNGSA,A,3,74,82,72,,,,,,,,,,1.28,0.74,1.05,2*02
$GNGSA,A,3,,,,,,,,,,,,,1.28,0.74,1.05,3*0F
$GNGSA,A,3,08,03,04,05,,,,,,,,,1.28,0.74,1.05,4*02
$GPGSV,3,1,09,20,07,315,38.8,22,38,136,,31,72,215,38.8,30,35,081,,1*6F
$GPGSV,3,2,09,05,24,054,38.8,11,22,288,,12,16,047,,18,07,134,38.6,1*6D
$GPGSV,3,3,09,14,59,048,,1*58
$GLGSV,1,1,04,74,14,260,39.4,65,63,259,,82,20,089,38.2,72,12,333,38.8,1*60
$GAGSV,1,1,00,7*73
$GBGSV,3,1,10,14,02,237,,08,73,344,38.8,09,56,267,,03,43,190,37.7,1*7E
$GBGSV,3,2,10,01,38,147,,02,30,229,,04,27,124,38.5,12,19,244,,1*69
$GBGSV,3,3,10,05,15,248,37.5,06,75,327,,1*65
$GNRMC,024350.000,A,3859.9981,N,11613.9787,E,0.01,86.68,280612,,,A,V*3F
$GNVTG,86.68,T,,M,0.01,N,0.01,K,A*13
$GNZDA,024350.000,28,06,2012,,*45
$GNGGA,024351.000,3859.9981,N,11613.9788,E,1,11,0.74,-16.7,M,-6.8,M,,*7A
$PAIRACC,4.36,8.72*47
$GNGLL,3859.9981,N,11613.9788,E,024351.000,A,A*42
$GNGSA,A,3,20,31,05,18,,,,,,,,,1.28,0.74,1.05,1*01
$GNGSA,A,3,74,82,72,,,,,,,,,,1.28,0.74,1.05,2*02
$GNGSA,A,3,,,,,,,,,,,,,1.28,0.74,1.05,3*0F
$GNGSA,A,3,08,03,04,05,,,,,,,,,1.28,0.74,1.05,4*02
$GPGSV,3,1,09,20,07,315,38.7,22,38,136,,31,72,215,39.1,30,35,081,,1*68
$GPGSV,3,2,09,05,24,054,38.8,11,22,288,,12,16,047,,18,07,134,39.1,1*6B
$GPGSV,3,3,09,14,59,048,,1*58
$GLGSV,1,1,04,74,14,260,39.2,65,63,259,,82,20,089,37.0,72,12,333,39.2,1*60
$GAGSV,1,1,00,7*73
$GBGSV,3,1,10,14,02,237,,08,73,344,38.8,09,56,267,,03,43,190,38.5,1*73
$GBGSV,3,2,10,01,38,147,,02,30,229,,04,27,124,38.2,12,19,244,,1*6E
$GBGSV,3,3,10,05,15,248,38.1,06,75,327,,1*6E
$GNRMC,024351.000,A,3859.9981,N,11613.9788,E,0.01,81.33,280612,,,A,V*38
$GNVTG,81.33,T,,M,0.01,N,0.01,K,A*1A
$GNZDA,024351.000,28,06,2012,,*44
$GNGGA,024352.000,3859.9981,N,11613.9788,E,1,11,0.74,-16.7,M,-6.8,M,,*79
$PAIRACC,4.36,8.72*47
$GNGLL,3859.9981,N,11613.9788,E,024352.000,A,A*41
$GNGSA,A,3,20,31,05,18,,,,,,,,,1.28,0.74,1.05,1*01
$GNGSA,A,3,74,82,72,,,,,,,,,,1.28,0.74,1.05,2*02
$GNGSA,A,3,,,,,,,,,,,,,1.28,0.74,1.05,3*0F
$GNGSA,A,3,08,03,04,05,,,,,,,,,1.28,0.74,1.05,4*02
$GPGSV,3,1,09,20,07,315,38.8,22,38,136,,31,72,215,38.9,30,35,081,,1*6E
$GPGSV,3,2,09,05,24,054,39.2,11,22,288,,12,16,047,,18,07,134,39.2,1*63
$GPGSV,3,3,09,14,59,048,,1*58
$GLGSV,1,1,04,74,14,260,39.5,65,63,259,,82,20,089,38.3,72,12,333,39.0,1*69
$GAGSV,1,1,00,7*73
$GBGSV,3,1,10,14,02,237,,08,73,344,38.5,09,56,267,,03,43,190,38.4,1*7F
$GBGSV,3,2,10,01,38,147,,02,30,229,,04,27,124,38.3,12,19,244,,1*6F
$GBGSV,3,3,10,05,15,248,38.4,06,75,327,,1*6B
$GNRMC,024352.000,A,3859.9981,N,11613.9788,E,0.01,94.01,280612,,,A,V*3E
$GNVTG,94.01,T,,M,0.01,N,0.01,K,A*1F
$GNZDA,024352.000,28,06,2012,,*47
$GNGGA,024353.000,3859.9980,N,11613.9788,E,1,11,0.74,-16.8,M,-6.8,M,,*76
$PAIRACC,4.49,9.13*49
$GNGLL,3859.9980,N,11613.9788,E,024353.000,A,A*41
$GNGSA,A,3,20,31,05,18,,,,,,,,,1.28,0.74,1.05,1*01
$GNGSA,A,3,74,82,72,,,,,,,,,,1.28,0.74,1.05,2*02
$GNGSA,A,3,,,,,,,,,,,,,1.28,0.74,1.05,3*0F
$GNGSA,A,3,08,03,04,05,,,,,,,,,1.28,0.74,1.05,4*02
$GPGSV,3,1,09,20,07,315,38.9,22,38,136,,31,72,215,38.8,30,35,081,,1*6E
$GPGSV,3,2,09,05,24,054,39.0,11,22,288,,12,16,047,,18,07,134,39.2,1*61
$GPGSV,3,3,09,14,59,048,,1*58
$GLGSV,1,1,04,74,14,260,39.5,65,63,259,,82,20,089,39.2,72,12,333,38.6,1*6E
$GAGSV,1,1,00,7*73
$GBGSV,3,1,10,14,02,237,,08,73,344,38.9,09,56,267,,03,43,190,37.2,1*7A
$GBGSV,3,2,10,01,38,147,,02,30,229,,04,27,124,37.8,12,19,244,,1*6B
$GBGSV,3,3,10,05,15,248,37.5,06,75,327,,1*65
$GNRMC,024353.000,A,3859.9980,N,11613.9788,E,0.01,91.95,280612,,,A,V*36
$GNVTG,91.95,T,,M,0.01,N,0.01,K,A*17
$GNZDA,024353.000,28,06,2012,,*46
$GNGGA,024354.000,3859.9980,N,11613.9788,E,1,11,0.74,-16.8,M,-6.8,M,,*71
$PAIRACC,4.40,8.69*4C
$GNGLL,3859.9980,N,11613.9788,E,024354.000,A,A*46
$GNGSA,A,3,20,31,05,18,,,,,,,,,1.28,0.74,1.05,1*01
$GNGSA,A,3,74,82,72,,,,,,,,,,1.28,0.74,1.05,2*02
$GNGSA,A,3,,,,,,,,,,,,,1.28,0.74,1.05,3*0F
$GNGSA,A,3,08,03,04,05,,,,,,,,,1.28,0.74,1.05,4*02
$GPGSV,3,1,09,20,07,315,39.1,22,38,136,,31,72,215,38.7,30,35,081,,1*68
$GPGSV,3,2,09,05,24,054,38.9,11,22,288,,12,16,047,,18,07,134,39.0,1*6B
$GPGSV,3,3,09,14,59,048,,1*58
$GLGSV,1,1,04,74,14,260,39.5,65,63,259,,82,20,089,39.0,72,12,333,38.7,1*6D
$GAGSV,1,1,00,7*73
$GBGSV,3,1,10,14,02,237,,08,73,344,39.2,09,56,267,,03,43,190,38.1,1*7C
$GBGSV,3,2,10,01,38,147,,02,30,229,,04,27,124,38.7,12,19,244,,1*6B
$GBGSV,3,3,10,05,15,248,38.4,06,75,327,,1*6B
$GNRMC,024354.000,A,3859.9980,N,11613.9788,E,0.01,95.89,280612,,,A,V*38
$GNVTG,95.89,T,,M,0.01,N,0.01,K,A*1E
$GNZDA,024354.000,28,06,2012,,*41
$GNGGA,024355.000,3859.9980,N,11613.9788,E,1,11,0.74,-16.8,M,-6.8,M,,*70
$PAIRACC,4.48,8.96*44
$GNGLL,3859.9980,N,11613.9788,E,024355.000,A,A*47
$GNGSA,A,3,20,31,05,18,,,,,,,,,1.28,0.74,1.05,1*01
$GNGSA,A,3,74,82,72,,,,,,,,,,1.28,0.74,1.05,2*02
$GNGSA,A,3,,,,,,,,,,,,,1.28,0.74,1.05,3*0F
$GNGSA,A,3,08,03,04,05,,,,,,,,,1.28,0.74,1.05,4*02
$GPGSV,3,1,09,20,07,315,38.8,22,38,136,,31,72,215,39.1,30,35,081,,1*67
$GPGSV,3,2,09,05,24,054,38.8,11,22,288,,12,16,047,,18,07,134,38.8,1*63
$GPGSV,3,3,09,14,59,048,,1*58
$GLGSV,1,1,04,74,14,260,38.8,65,63,259,,82,20,089,39.3,72,12,333,38.7,1*62
$GAGSV,1,1,00,7*73
$GBGSV,3,1,10,14,02,237,,08,73,344,38.9,09,56,267,,03,43,190,37.9,1*71
$GBGSV,3,2,10,01,38,147,,02,30,229,,04,27,124,38.2,12,19,244,,1*6E
$GBGSV,3,3,10,05,15,248,38.2,06,75,327,,1*6D
$GNRMC,024355.000,A,3859.9980,N,11613.9788,E,0.01,106.33,280612,,,A,V*03
$GNVTG,106.33,T,,M,0.01,N,0.01,K,A*24
$GNZDA,024355.000,28,06,2012,,*40
$GNGGA,024356.000,3859.9980,N,11613.9788,E,1,11,0.74,-16.8,M,-6.8,M,,*73
$PAIRACC,4.38,8.81*45
$GNGLL,3859.9980,N,11613.9788,E,024356.000,A,A*44
$GNGSA,A,3,20,31,05,18,,,,,,,,,1.28,0.74,1.05,1*01
$GNGSA,A,3,74,82,72,,,,,,,,,,1.28,0.74,1.05,2*02
$GNGSA,A,3,,,,,,,,,,,,,1.28,0.74,1.05,3*0F
$GNGSA,A,3,08,03,04,05,,,,,,,,,1.28,0.74,1.05,4*02
$GPGSV,3,1,09,20,07,315,38.4,22,38,136,,31,72,215,38.9,30,35,081,,1*62
$GPGSV,3,2,09,05,24,054,39.0,11,22,288,,12,16,047,,18,07,134,38.9,1*6B
$GPGSV,3,3,09,14,59,048,,1*58
$GLGSV,1,1,04,74,14,260,39.2,65,63,259,,82,20,089,39.3,72,12,333,39.0,1*6F
$GAGSV,1,1,00,7*73
$GBGSV,3,1,10,14,02,237,,08,73,344,38.7,09,56,267,,03,43,190,37.3,1*75
$GBGSV,3,2,10,01,38,147,,02,30,229,,04,27,124,37.9,12,19,244,,1*6A
$GBGSV,3,3,10,05,15,248,37.8,06,75,327,,1*68
$GNRMC,024356.000,A,3859.9980,N,11613.9788,E,0.01,88.08,280612,,,A,V*3F
$GNVTG,88.08,T,,M,0.01,N,0.01,K,A*1B
$GNZDA,024356.000,28,06,2012,,*43
$GNGGA,024357.000,3859.9980,N,11613.9788,E,1,11,0.74,-16.8,M,-6.8,M,,*72
$PAIRACC,4.39,8.77*4D
$GNGLL,3859.9980,N,11613.9788,E,024357.000,A,A*45
$GNGSA,A,3,20,31,05,18,,,,,,,,,1.28,0.74,1.05,1*01
$GNGSA,A,3,74,82,72,,,,,,,,,,1.28,0.74,1.05,2*02
$GNGSA,A,3,,,,,,,,,,,,,1.28,0.74,1.05,3*0F
$GNGSA,A,3,08,03,04,05,,,,,,,,,1.28,0.74,1.05,4*02
$GPGSV,3,1,09,20,07,315,38.5,22,38,136,,31,72,215,39.1,30,35,081,,1*6A
$GPGSV,3,2,09,05,24,054,38.9,11,22,288,,12,16,047,,18,07,134,38.7,1*6D
$GPGSV,3,3,09,14,59,048,,1*58
$GLGSV,1,1,04,74,14,260,39.3,65,63,259,,82,20,089,39.3,72,12,333,38.9,1*66
$GAGSV,1,1,00,7*73
$GBGSV,3,1,10,14,02,237,,08,73,344,38.9,09,56,267,,03,43,190,37.8,1*70
$GBGSV,3,2,10,01,38,147,,02,30,229,,04,27,124,38.5,12,19,244,,1*69
$GBGSV,3,3,10,05,15,248,38.5,06,75,327,,1*6A
$GNRMC,024357.000,A,3859.9980,N,11613.9788,E,0.01,91.21,280612,,,A,V*3D
$GNVTG,91.21,T,,M,0.01,N,0.01,K,A*18
$GNZDA,024357.000,28,06,2012,,*42
$GNGGA,024358.000,3859.9980,N,11613.9788,E,1,11,0.74,-16.8,M,-6.8,M,,*7D
$PAIRACC,4.38,8.74*4F
$GNGLL,3859.9980,N,11613.9788,E,024358.000,A,A*4A
$GNGSA,A,3,20,31,05,18,,,,,,,,,1.28,0.74,1.05,1*01
$GNGSA,A,3,74,82,72,,,,,,,,,,1.28,0.74,1.05,2*02
$GNGSA,A,3,,,,,,,,,,,,,1.28,0.74,1.05,3*0F
$GNGSA,A,3,08,03,04,05,,,,,,,,,1.28,0.74,1.05,4*02
$GPGSV,3,1,09,20,07,315,38.3,22,38,136,,31,72,215,39.0,30,35,081,,1*6D
$GPGSV,3,2,09,05,24,054,39.0,11,22,288,,12,16,047,,18,07,134,38.8,1*6A
$GPGSV,3,3,09,14,59,048,,1*58
$GLGSV,1,1,04,74,14,260,39.2,65,63,259,,82,20,089,39.1,72,12,333,38.8,1*64
$GAGSV,1,1,00,7*73
$GBGSV,3,1,10,14,02,237,,08,73,344,38.7,09,56,267,,03,43,190,38.0,1*79
$GBGSV,3,2,10,01,38,147,,02,30,229,,04,27,124,38.5,12,19,244,,1*69
$GBGSV,3,3,10,05,15,248,38.3,06,75,327,,1*6C
$GNRMC,024358.000,A,3859.9980,N,11613.9788,E,0.01,91.93,280612,,,A,V*3B
$GNVTG,91.93,T,,M,0.01,N,0.01,K,A*11
$GNZDA,024358.000,28,06,2012,,*4D
$GNGGA,024359.000,3859.9980,N,11613.9788,E,1,11,0.74,-16.8,M,-6.8,M,,*7C
$PAIRACC,4.42,8.82*4B
$GNGLL,3859.9980,N,11613.9788,E,024359.000,A,A*4B
$GNGSA,A,3,20,31,05,18,,,,,,,,,1.28,0.74,1.05,1*01
$GNGSA,A,3,74,82,72,,,,,,,,,,1.28,0.74,1.05,2*02
$GNGSA,A,3,,,,,,,,,,,,,1.28,0.74,1.05,3*0F
$GNGSA,A,3,08,03,04,05,,,,,,,,,1.28,0.74,1.05,4*02
$GPGSV,3,1,09,20,07,315,38.8,22,38,136,,31,72,215,39.1,30,35,081,,1*67
$GPGSV,3,2,09,05,24,054,39.0,11,22,288,,12,16,047,,18,07,134,38.6,1*64
$GPGSV,3,3,09,14,59,048,,1*58
$GLGSV,1,1,04,74,14,260,39.0,65,63,259,,82,20,089,39.4,72,12,333,39.1,1*6B
$GAGSV,1,1,00,7*73
$GBGSV,3,1,10,14,02,237,,08,73,344,38.6,09,56,267,,03,43,190,37.6,1*71
$GBGSV,3,2,10,01,38,147,,02,30,229,,04,27,124,37.9,12,19,244,,1*6A
$GBGSV,3,3,10,05,15,248,37.7,06,75,327,,1*67
$GNRMC,024359.000,A,3859.9980,N,11613.9788,E,0.01,85.62,280612,,,A,V*31
$GNVTG,85.62,T,,M,0.01,N,0.01,K,A*1A
$GNZDA,024359.000,28,06,2012,,*4C
$GNGGA,024400.000,3859.9980,N,11613.9788,E,1,11,0.74,-16.7,M,-6.8,M,,*78
$PAIRACC,4.38,8.68*42
$GNGLL,3859.9980,N,11613.9788,E,024400.000,A,A*40
$GNGSA,A,3,20,31,05,18,,,,,,,,,1.28,0.74,1.05,1*01
$GNGSA,A,3,74,82,72,,,,,,,,,,1.28,0.74,1.05,2*02
$GNGSA,A,3,,,,,,,,,,,,,1.28,0.74,1.05,3*0F
$GNGSA,A,3,08,03,04,05,,,,,,,,,1.28,0.74,1.05,4*02
$GPGSV,3,1,09,20,07,315,38.7,22,38,136,,31,72,215,38.9,30,35,081,,1*61
$GPGSV,3,2,09,05,24,054,39.0,11,22,288,,12,16,047,,18,07,134,38.8,1*6A
$GPGSV,3,3,09,14,59,048,,1*58
$GLGSV,1,1,04,74,14,260,39.2,65,63,259,,82,20,089,38.9,72,12,333,38.7,1*62
$GAGSV,1,1,00,7*73
$GBGSV,3,1,10,14,02,237,,08,73,344,39.2,09,56,267,,03,43,190,38.4,1*79
$GBGSV,3,2,10,01,38,147,,02,30,229,,04,27,124,38.4,12,19,244,,1*68
$GBGSV,3,3,10,05,15,248,38.5,06,75,327,,1*6A
$GNRMC,024400.000,A,3859.9980,N,11613.9788,E,0.01,73.58,280612,,,A,V*3A
$GNVTG,73.58,T,,M,0.01,N,0.01,K,A*1A
$GNZDA,024400.000,28,06,2012,,*47
$GNGGA,024401.000,3859.9980,N,11613.9788,E,1,11,0.74,-16.7,M,-6.8,M,,*79
$PAIRACC,4.42,8.98*40
$GNGLL,3859.9980,N,11613.9788,E,024401.000,A,A*41
$GNGSA,A,3,20,31,05,18,,,,,,,,,1.28,0.74,1.05,1*01
$GNGSA,A,3,74,82,72,,,,,,,,,,1.28,0.74,1.05,2*02
$GNGSA,A,3,,,,,,,,,,,,,1.28,0.74,1.05,3*0F
$GNGSA,A,3,08,03,04,05,,,,,,,,,1.28,0.74,1.05,4*02
$GPGSV,3,1,09,20,07,315,39.4,22,38,136,,31,72,215,39.0,30,35,081,,1*6B
$GPGSV,3,2,09,05,24,054,39.2,11,22,288,,12,16,047,,18,07,134,38.8,1*68
$GPGSV,3,3,09,14,59,048,,1*58
$GLGSV,1,1,04,74,14,260,39.1,65,63,259,,82,20,089,39.2,72,12,333,39.0,1*6D
$GAGSV,1,1,00,7*73
$GBGSV,3,1,10,14,02,237,,08,73,344,38.7,09,56,267,,03,43,190,38.1,1*78
$GBGSV,3,2,10,01,38,147,,02,30,229,,04,27,124,38.2,12,19,244,,1*6E
$GBGSV,3,3,10,05,15,248,38.2,06,75,327,,1*6D
$GNRMC,024401.000,A,3859.9980,N,11613.9788,E,0.01,72.22,280612,,,A,V*37
$GNVTG,72.22,T,,M,0.01,N,0.01,K,A*16
$GNZDA,024401.000,28,06,2012,,*46
$GNGGA,024402.000,3859.9980,N,11613.9788,E,1,11,0.74,-16.7,M,-6.8,M,,*7A
$PAIRACC,4.41,8.75*40
$GNGLL,3859.9980,N,11613.9788,E,024402.000,A,A*42
$GNGSA,A,3,20,31,05,18,,,,,,,,,1.28,0.74,1.05,1*01
$GNGSA,A,3,74,82,72,,,,,,,,,,1.28,0.74,1.05,2*02
$GNGSA,A,3,,,,,,,,,,,,,1.28,0.74,1.05,3*0F
$GNGSA,A,3,08,03,04,05,,,,,,,,,1.28,0.74,1.05,4*02
$GPGSV,3,1,09,20,07,315,38.7,22,38,136,,31,72,215,38.8,30,35,081,,1*60
$GPGSV,3,2,09,05,24,054,39.1,11,22,288,,12,16,047,,18,07,134,39.1,1*63
$GPGSV,3,3,09,14,59,048,,1*58
$GLGSV,1,1,04,74,14,260,38.9,65,63,259,,82,20,089,39.2,72,12,333,39.5,1*61
$GAGSV,1,1,00,7*73
$GBGSV,3,1,10,14,02,237,,08,73,344,38.6,09,56,267,,03,43,190,37.2,1*75
$GBGSV,3,2,10,01,38,147,,02,30,229,,04,27,124,37.8,12,19,244,,1*6B
$GBGSV,3,3,10,05,15,248,37.5,06,75,327,,1*65
$GNRMC,024402.000,A,3859.9980,N,11613.9788,E,0.01,85.39,280612,,,A,V*36
$GNVTG,85.39,T,,M,0.01,N,0.01,K,A*14
$GNZDA,024402.000,28,06,2012,,*45
$GNGGA,024403.000,3859.9980,N,11613.9788,E,1,11,0.74,-16.7,M,-6.8,M,,*7B
$PAIRACC,4.41,8.78*4D
$GNGLL,3859.9980,N,11613.9788,E,024403.000,A,A*43
$GNGSA,A,3,20,31,05,18,,,,,,,,,1.28,0.74,1.05,1*01
$GNGSA,A,3,74,82,72,,,,,,,,,,1.28,0.74,1.05,2*02
$GNGSA,A,3,,,,,,,,,,,,,1.28,0.74,1.05,3*0F
$GNGSA,A,3,08,03,04,05,,,,,,,,,1.28,0.74,1.05,4*02
$GPGSV,3,1,09,20,07,315,38.4,22,38,136,,31,72,215,38.5,30,35,081,,1*6E
$GPGSV,3,2,09,05,24,054,38.8,11,22,288,,12,16,047,,18,07,134,38.4,1*6F
$GPGSV,3,3,09,14,59,048,,1*58
$GLGSV,1,1,04,74,14,260,38.9,65,63,259,,82,20,089,39.2,72,12,333,38.9,1*6C
$GAGSV,1,1,00,7*73
$GBGSV,3,1,10,14,02,237,,08,73,344,38.7,09,56,267,,03,43,190,38.4,1*7D
$GBGSV,3,2,10,01,38,147,,02,30,229,,04,27,124,38.4,12,19,244,,1*68
$GBGSV,3,3,10,05,15,248,38.4,06,75,327,,1*6B
$GNRMC,024403.000,A,3859.9980,N,11613.9788,E,0.01,93.97,280612,,,A,V*34
$GNVTG,93.97,T,,M,0.01,N,0.01,K,A*17
$GNZDA,024403.000,28,06,2012,,*44
$GNGGA,024404.000,3859.9980,N,11613.9788,E,1,11,0.74,-16.7,M,-6.8,M,,*7C
$PAIRACC,4.46,9.05*41
$GNGLL,3859.9980,N,11613.9788,E,024404.000,A,A*44
$GNGSA,A,3,20,31,05,18,,,,,,,,,1.28,0.74,1.05,1*01
$GNGSA,A,3,74,82,72,,,,,,,,,,1.28,0.74,1.05,2*02
$GNGSA,A,3,,,,,,,,,,,,,1.28,0.74,1.05,3*0F
$GNGSA,A,3,08,03,04,05,,,,,,,,,1.28,0.74,1.05,4*02
$GPGSV,3,1,09,20,07,315,38.8,22,38,136,,31,72,215,39.0,30,35,081,,1*66
$GPGSV,3,2,09,05,24,054,39.0,11,22,288,,12,16,047,,18,07,134,38.9,1*6B
$GPGSV,3,3,09,14,59,048,,1*58
$GLGSV,1,1,04,74,14,260,39.2,65,63,259,,82,20,089,39.3,72,12,333,39.3,1*6C
$GAGSV,1,1,00,7*73
$GBGSV,3,1,10,14,02,237,,08,73,344,38.7,09,56,267,,03,43,190,38.2,1*7B
$GBGSV,3,2,10,01,38,147,,02,30,229,,04,27,124,38.5,12,19,244,,1*69
$GBGSV,3,3,10,05,15,248,38.4,06,75,327,,1*6B
$GNRMC,024404.000,A,3859.9980,N,11613.9788,E,0.01,91.75,280612,,,A,V*3D
$GNVTG,91.75,T,,M,0.01,N,0.01,K,A*19
$GNZDA,024404.000,28,06,2012,,*43
$GNGGA,024405.000,3859.9980,N,11613.9788,E,1,11,0.74,-16.7,M,-6.8,M,,*7D
$PAIRACC,4.40,8.74*40
$GNGLL,3859.9980,N,11613.9788,E,024405.000,A,A*45
$GNGSA,A,3,20,31,05,18,,,,,,,,,1.28,0.74,1.05,1*01
$GNGSA,A,3,74,82,72,,,,,,,,,,1.28,0.74,1.05,2*02
$GNGSA,A,3,,,,,,,,,,,,,1.28,0.74,1.05,3*0F
$GNGSA,A,3,08,03,04,05,,,,,,,,,1.28,0.74,1.05,4*02
$GPGSV,3,1,09,20,07,315,38.8,22,38,136,,31,72,215,39.1,30,35,081,,1*67
$GPGSV,3,2,09,05,24,054,38.8,11,22,288,,12,16,047,,18,07,134,38.5,1*6E
$GPGSV,3,3,09,14,59,048,,1*58
$GLGSV,1,1,04,74,14,260,39.2,65,63,259,,82,20,089,39.3,72,12,333,38.3,1*6D
$GAGSV,1,1,00,7*73
$GBGSV,3,1,10,14,02,237,,08,73,344,38.7,09,56,267,,03,43,190,37.1,1*77
$GBGSV,3,2,10,01,38,147,,02,30,229,,04,27,124,38.1,12,19,244,,1*6D
$GBGSV,3,3,10,05,15,248,38.1,06,75,327,,1*6E
$GNRMC,024405.000,A,3859.9980,N,11613.9788,E,0.01,97.69,280612,,,A,V*37
$GNVTG,97.69,T,,M,0.01,N,0.01,K,A*12
$GNZDA,024405.000,28,06,2012,,*42
$GNGGA,024406.000,3859.9980,N,11613.9788,E,1,11,0.74,-16.7,M,-6.8,M,,*7E
$PAIRACC,4.43,9.09*48
$GNGLL,3859.9980,N,11613.9788,E,024406.000,A,A*46
$GNGSA,A,3,20,31,05,18,,,,,,,,,1.28,0.74,1.05,1*01
$GNGSA,A,3,74,82,72,,,,,,,,,,1.28,0.74,1.05,2*02
$GNGSA,A,3,,,,,,,,,,,,,1.28,0.74,1.05,3*0F
$GNGSA,A,3,08,03,04,05,,,,,,,,,1.28,0.74,1.05,4*02
$GPGSV,3,1,09,20,07,315,38.6,22,38,136,,31,72,215,38.8,30,35,081,,1*61
$GPGSV,3,2,09,05,24,053,39.2,11,22,288,,12,16,047,,18,07,134,38.8,1*6F
$GPGSV,3,3,09,14,59,048,,1*58
$GLGSV,1,1,04,74,14,260,39.1,65,63,259,,82,20,089,38.7,72,12,333,39.1,1*68
$GAGSV,1,1,00,7*73
$GBGSV,3,1,10,14,02,237,,08,73,344,38.7,09,56,267,,03,43,190,38.1,1*78
$GBGSV,3,2,10,01,38,147,,02,30,229,,04,27,124,38.6,12,19,244,,1*6A
$GBGSV,3,3,10,05,15,248,38.2,06,75,327,,1*6D
$GNRMC,024406.000,A,3859.9980,N,11613.9788,E,0.01,78.99,280612,,,A,V*3A
$GNVTG,78.99,T,,M,0.01,N,0.01,K,A*1C
$GNZDA,024406.000,28,06,2012,,*41
$GNGGA,024407.000,3859.9980,N,11613.9788,E,1,11,0.74,-16.7,M,-6.8,M,,*7F
$PAIRACC,4.35,8.72*44
$GNGLL,3859.9980,N,11613.9788,E,024407.000,A,A*47
$GNGSA,A,3,20,31,05,18,,,,,,,,,1.28,0.74,1.05,1*01
$GNGSA,A,3,74,82,72,,,,,,,,,,1.28,0.74,1.05,2*02
$GNGSA,A,3,,,,,,,,,,,,,1.28,0.74,1.05,3*0F
$GNGSA,A,3,08,03,04,05,,,,,,,,,1.28,0.74,1.05,4*02
$GPGSV,3,1,09,20,07,315,38.6,22,38,136,,31,72,215,38.8,30,35,081,,1*61
$GPGSV,3,2,09,05,24,053,39.0,11,22,288,,12,16,047,,18,07,134,38.8,1*6D
$GPGSV,3,3,09,14,59,048,,1*58
$GLGSV,1,1,04,74,14,260,39.5,65,63,259,,82,20,089,38.9,72,12,333,39.2,1*61
$GAGSV,1,1,00,7*73
$GBGSV,3,1,10,14,02,237,,08,73,344,39.1,09,56,267,,03,43,190,38.1,1*7F
$GBGSV,3,2,10,01,38,147,,02,30,229,,04,27,124,38.5,12,19,244,,1*69
$GBGSV,3,3,10,05,15,248,38.3,06,75,327,,1*6C
$GNRMC,024407.000,A,3859.9980,N,11613.9788,E,0.01,80.26,280612,,,A,V*38
$GNVTG,80.26,T,,M,0.01,N,0.01,K,A*1F
$GNZDA,024407.000,28,06,2012,,*40
$GNGGA,024408.000,3859.9980,N,11613.9788,E,1,11,0.74,-16.7,M,-6.8,M,,*70
$PAIRACC,4.42,8.75*43
$GNGLL,3859.9980,N,11613.9788,E,024408.000,A,A*48
$GNGSA,A,3,20,31,05,18,,,,,,,,,1.28,0.74,1.05,1*01
$GNGSA,A,3,74,82,72,,,,,,,,,,1.28,0.74,1.05,2*02
$GNGSA,A,3,,,,,,,,,,,,,1.28,0.74,1.05,3*0F
$GNGSA,A,3,08,03,04,05,,,,,,,,,1.28,0.74,1.05,4*02
$GPGSV,3,1,09,20,07,315,38.7,22,38,136,,31,72,215,38.6,30,35,081,,1*6E
$GPGSV,3,2,09,05,24,053,38.4,11,22,288,,12,16,047,,18,07,134,38.8,1*68
$GPGSV,3,3,09,14,59,048,,1*58
$GLGSV,1,1,04,74,14,260,39.4,65,63,259,,82,20,089,39.5,72,12,333,39.3,1*6C
$GAGSV,1,1,00,7*73
$GBGSV,3,1,10,14,02,237,,08,73,344,38.5,09,56,267,,03,43,190,37.6,1*72
$GBGSV,3,2,10,01,38,147,,02,30,229,,04,27,124,38.2,12,19,244,,1*6E
$GBGSV,3,3,10,05,15,248,37.9,06,75,327,,1*69
$GNRMC,024408.000,A,3859.9980,N,11613.9788,E,0.01,76.87,280612,,,A,V*35
$GNVTG,76.87,T,,M,0.01,N,0.01,K,A*1D
$GNZDA,024408.000,28,06,2012,,*4F
$GNGGA,024409.000,3859.9980,N,11613.9788,E,1,11,0.74,-16.7,M,-6.8,M,,*71
$PAIRACC,4.43,8.83*4B
$GNGLL,3859.9980,N,11613.9788,E,024409.000,A,A*49
$GNGSA,A,3,20,31,05,18,,,,,,,,,1.28,0.74,1.05,1*01
$GNGSA,A,3,74,82,72,,,,,,,,,,1.28,0.74,1.05,2*02
$GNGSA,A,3,,,,,,,,,,,,,1.28,0.74,1.05,3*0F
$GNGSA,A,3,08,03,04,05,,,,,,,,,1.28,0.74,1.05,4*02
$GPGSV,3,1,09,20,07,315,38.8,22,38,136,,31,72,215,38.8,30,35,081,,1*6F
$GPGSV,3,2,09,05,24,053,39.5,11,22,288,,12,16,047,,18,07,134,38.9,1*69
$GPGSV,3,3,09,14,59,048,,1*58
$GLGSV,1,1,04,74,14,260,38.8,65,63,259,,82,20,089,39.4,72,12,333,39.0,1*63
$GAGSV,1,1,00,7*73
$GBGSV,3,1,10,14,02,237,,08,73,344,39.2,09,56,267,,03,43,190,38.3,1*7E
$GBGSV,3,2,10,01,38,147,,02,30,229,,04,27,124,38.0,12,19,244,,1*6C
$GBGSV,3,3,10,05,15,248,38.1,06,75,327,,1*6E
$GNRMC,024409.000,A,3859.9980,N,11613.9788,E,0.01,78.95,280612,,,A,V*39
$GNVTG,78.95,T,,M,0.01,N,0.01,K,A*10
$GNZDA,024409.000,28,06,2012,,*4E
$GNGGA,024410.000,3859.9980,N,11613.9788,E,1,11,0.74,-16.8,M,-6.8,M,,*76
$PAIRACC,4.47,9.14*40
$GNGLL,3859.9980,N,11613.9788,E,024410.000,A,A*41
$GNGSA,A,3,20,31,05,18,,,,,,,,,1.28,0.74,1.05,1*01
$GNGSA,A,3,74,82,72,,,,,,,,,,1.28,0.74,1.05,2*02
$GNGSA,A,3,,,,,,,,,,,,,1.28,0.74,1.05,3*0F
$GNGSA,A,3,08,03,04,05,,,,,,,,,1.28,0.74,1.05,4*02
$GPGSV,3,1,09,20,07,315,39.0,22,38,136,,31,72,215,39.1,30,35,081,,1*6E
$GPGSV,3,2,09,05,24,053,38.7,11,22,288,,12,16,047,,18,07,134,38.5,1*66
$GPGSV,3,3,09,14,59,048,,1*58
$GLGSV,1,1,04,74,14,260,39.2,65,63,259,,82,20,089,39.1,72,12,333,39.2,1*6F
$GAGSV,1,1,00,7*73
$GBGSV,3,1,10,14,02,237,,08,73,344,39.0,09,56,267,,03,43,190,38.0,1*7F
$GBGSV,3,2,10,01,38,147,,02,30,229,,04,27,124,38.5,12,19,244,,1*69
$GBGSV,3,3,10,05,15,248,38.0,06,75,327,,1*6F
$GNRMC,024410.000,A,3859.9980,N,11613.9788,E,0.01,75.71,280612,,,A,V*36
$GNVTG,75.71,T,,M,0.01,N,0.01,K,A*17
$GNZDA,024410.000,28,06,2012,,*46
$GNGGA,024411.000,3859.9980,N,11613.9788,E,1,11,0.74,-16.8,M,-6.8,M,,*77
$PAIRACC,4.45,9.06*41
$GNGLL,3859.9980,N,11613.9788,E,024411.000,A,A*40
$GNGSA,A,3,20,31,05,18,,,,,,,,,1.28,0.74,1.05,1*01
$GNGSA,A,3,74,82,72,,,,,,,,,,1.28,0.74,1.05,2*02
$GNGSA,A,3,,,,,,,,,,,,,1.28,0.74,1.05,3*0F
$GNGSA,A,3,08,03,04,05,,,,,,,,,1.28,0.74,1.05,4*02
$GPGSV,3,1,09,20,07,315,38.8,22,38,136,,31,72,215,38.3,30,35,081,,1*64
$GPGSV,3,2,09,05,24,053,39.1,11,22,288,,12,16,047,,18,07,134,38.4,1*60
$GPGSV,3,3,09,14,59,048,,1*58
$GLGSV,1,1,04,74,14,260,39.1,65,63,259,,82,20,089,39.0,72,12,333,38.9,1*67
$GAGSV,1,1,00,7*73
$GBGSV,3,1,10,14,02,237,,08,73,344,39.1,09,56,267,,03,43,190,37.4,1*75
$GBGSV,3,2,10,01,38,147,,02,30,229,,04,27,124,38.0,12,19,244,,1*6C
$GBGSV,3,3,10,05,15,248,37.6,06,75,327,,1*66
$GNRMC,024411.000,A,3859.9980,N,11613.9788,E,0.01,90.79,280612,,,A,V*34
$GNVTG,90.79,T,,M,0.01,N,0.01,K,A*14
$GNZDA,024411.000,28,06,2012,,*47
$GNGGA,024412.000,3859.9980,N,11613.9788,E,1,11,0.74,-16.8,M,-6.8,M,,*74
$PAIRACC,4.46,8.94*48
$GNGLL,3859.9980,N,11613.9788,E,024412.000,A,A*43
$GNGSA,A,3,20,31,05,18,,,,,,,,,1.28,0.74,1.05,1*01
$GNGSA,A,3,74,82,72,,,,,,,,,,1.28,0.74,1.05,2*02
$GNGSA,A,3,,,,,,,,,,,,,1.28,0.74,1.05,3*0F
$GNGSA,A,3,08,03,04,05,,,,,,,,,1.28,0.74,1.05,4*02
$GPGSV,3,1,09,20,07,315,38.6,22,38,136,,31,72,215,38.6,30,35,081,,1*6F
$GPGSV,3,2,09,05,24,053,39.1,11,22,286,,12,16,047,,18,07,134,38.9,1*63
$GPGSV,3,3,09,14,59,048,,1*58
$GLGSV,1,1,04,74,14,260,38.7,65,63,259,,82,20,089,39.1,72,12,333,39.2,1*6B
$GAGSV,1,1,00,7*73
$GBGSV,3,1,10,14,02,237,,08,73,344,39.1,09,56,267,,03,43,190,38.4,1*7A
$GBGSV,3,2,10,01,38,147,,02,30,229,,04,27,124,38.6,12,19,244,,1*6A
$GBGSV,3,3,10,05,15,248,38.2,06,75,327,,1*6D
$GNRMC,024412.000,A,3859.9980,N,11613.9788,E,0.01,79.52,280612,,,A,V*39
$GNVTG,79.52,T,,M,0.01,N,0.01,K,A*1A
$GNZDA,024412.000,28,06,2012,,*44
$GNGGA,024413.000,3859.9980,N,11613.9788,E,1,11,0.74,-16.8,M,-6.8,M,,*75
$PAIRACC,4.50,9.27*46
$GNGLL,3859.9980,N,11613.9788,E,024413.000,A,A*42
$GNGSA,A,3,20,31,05,18,,,,,,,,,1.28,0.74,1.05,1*01
$GNGSA,A,3,74,82,72,,,,,,,,,,1.28,0.74,1.05,2*02
$GNGSA,A,3,,,,,,,,,,,,,1.28,0.74,1.05,3*0F
$GNGSA,A,3,08,03,04,05,,,,,,,,,1.28,0.74,1.05,4*02
$GPGSV,3,1,09,20,07,315,38.7,22,38,136,,31,72,215,39.0,30,35,081,,1*69
$GPGSV,3,2,09,05,24,053,38.7,11,22,286,,12,16,046,,18,07,134,38.4,1*68
$GPGSV,3,3,09,14,59,048,,1*58
$GLGSV,1,1,04,74,14,260,39.4,65,63,259,,82,20,089,38.8,72,12,333,39.2,1*61
$GAGSV,1,1,00,7*73
$GBGSV,3,1,10,14,02,237,,08,73,344,38.7,09,56,267,,03,43,190,38.2,1*7B
$GBGSV,3,2,10,01,38,147,,02,30,229,,04,27,124,38.2,12,19,244,,1*6E
$GBGSV,3,3,10,05,15,248,38.2,06,75,327,,1*6D
$GNRMC,024413.000,A,3859.9980,N,11613.9788,E,0.01,89.96,280612,,,A,V*3F
$GNVTG,89.96,T,,M,0.01,N,0.01,K,A*1D
$GNZDA,024413.000,28,06,2012,,*45
$GNGGA,024414.000,3859.9980,N,11613.9788,E,1,11,0.74,-16.8,M,-6.8,M,,*72
$PAIRACC,4.45,9.00*47
$GNGLL,3859.9980,N,11613.9788,E,024414.000,A,A*45
$GNGSA,A,3,20,31,05,18,,,,,,,,,1.28,0.74,1.05,1*01
$GNGSA,A,3,74,82,72,,,,,,,,,,1.28,0.74,1.05,2*02
$GNGSA,A,3,,,,,,,,,,,,,1.28,0.74,1.05,3*0F
$GNGSA,A,3,08,03,04,05,,,,,,,,,1.28,0.74,1.05,4*02
$GPGSV,3,1,09,20,07,315,38.5,22,38,136,,31,72,215,39.0,30,35,081,,1*6B
$GPGSV,3,2,09,05,24,053,39.2,11,22,286,,12,16,046,,18,07,134,38.9,1*61
$GPGSV,3,3,09,14,59,048,,1*58
$GLGSV,1,1,04,74,14,260,39.4,65,63,259,,82,20,089,39.2,72,12,333,39.2,1*6A
$GAGSV,1,1,00,7*73
$GBGSV,3,1,10,14,02,237,,08,73,344,39.0,09,56,267,,03,43,190,37.5,1*75
$GBGSV,3,2,10,01,38,147,,02,30,229,,04,27,124,37.5,12,19,244,,1*66
$GBGSV,3,3,10,05,15,248,37.5,06,75,327,,1*65
$GNRMC,024414.000,A,3859.9980,N,11613.9788,E,0.01,84.42,280612,,,A,V*3C
$GNVTG,84.42,T,,M,0.01,N,0.01,K,A*19
$GNZDA,024414.000,28,06,2012,,*42
$GNGGA,024415.000,3859.9980,N,11613.9788,E,1,11,0.74,-16.8,M,-6.8,M,,*73
$PAIRACC,4.44,8.92*4C
$GNGLL,3859.9980,N,11613.9788,E,024415.000,A,A*44
$GNGSA,A,3,20,31,05,18,,,,,,,,,1.28,0.74,1.05,1*01
$GNGSA,A,3,74,82,72,,,,,,,,,,1.28,0.74,1.05,2*02
$GNGSA,A,3,,,,,,,,,,,,,1.28,0.74,1.05,3*0F
$GNGSA,A,3,08,03,04,05,,,,,,,,,1.28,0.74,1.05,4*02
$GPGSV,3,1,09,20,07,315,38.4,22,38,136,,31,72,215,38.9,30,35,081,,1*62
$GPGSV,3,2,09,05,24,053,39.5,11,22,286,,12,16,046,,18,07,134,38.8,1*67
$GPGSV,3,3,09,14,58,050,,1*50
$GLGSV,1,1,04,74,14,260,39.2,65,63,259,,82,20,089,39.2,72,12,333,39.4,1*6A
$GAGSV,1,1,00,7*73
$GBGSV,3,1,10,14,02,237,,08,73,344,38.8,09,56,267,,03,43,190,37.7,1*7E
$GBGSV,3,2,10,01,38,147,,02,30,229,,04,27,124,38.0,12,19,244,,1*6C
$GBGSV,3,3,10,05,15,248,38.1,06,75,327,,1*6E
$GNRMC,024415.000,A,3859.9980,N,11613.9788,E,0.01,87.47,280612,,,A,V*3B
$GNVTG,87.47,T,,M,0.01,N,0.01,K,A*1F
$GNZDA,024415.000,28,06,2012,,*43
$GNGGA,024416.000,3859.9980,N,11613.9788,E,1,11,0.74,-16.7,M,-6.8,M,,*7F
$PAIRACC,4.53,9.43*47
$GNGLL,3859.9980,N,11613.9788,E,024416.000,A,A*47
$GNGSA,A,3,20,31,05,18,,,,,,,,,1.28,0.74,1.05,1*01
$GNGSA,A,3,74,82,72,,,,,,,,,,1.28,0.74,1.05,2*02
$GNGSA,A,3,,,,,,,,,,,,,1.28,0.74,1.05,3*0F
$GNGSA,A,3,08,03,04,05,,,,,,,,,1.28,0.74,1.05,4*02
$GPGSV,3,1,09,20,07,315,38.8,22,38,136,,31,72,215,38.6,30,35,081,,1*61
$GPGSV,3,2,09,05,24,053,38.9,11,22,286,,12,16,046,,18,07,134,39.0,1*63
$GPGSV,3,3,09,14,58,050,,1*50
$GLGSV,1,1,04,74,14,260,39.3,65,63,259,,82,20,089,39.7,72,12,333,38.7,1*6C
$GAGSV,1,1,00,7*73
$GBGSV,3,1,10,14,02,237,,08,73,344,38.9,09,56,267,,03,43,190,38.0,1*77
$GBGSV,3,2,10,01,38,147,,02,30,229,,04,27,124,37.9,12,19,244,,1*6A
$GBGSV,3,3,10,05,15,248,38.2,06,75,327,,1*6D
$GNRMC,024416.000,A,3859.9980,N,11613.9788,E,0.01,84.59,280612,,,A,V*34
$GNVTG,84.59,T,,M,0.01,N,0.01,K,A*13
$GNZDA,024416.000,28,06,2012,,*40
$GNGGA,024417.000,3859.9980,N,11613.9788,E,1,11,0.74,-16.7,M,-6.8,M,,*7E
$PAIRACC,4.40,8.92*48
$GNGLL,3859.9980,N,11613.9788,E,024417.000,A,A*46
$GNGSA,A,3,20,31,05,18,,,,,,,,,1.28,0.74,1.05,1*01
$GNGSA,A,3,74,82,72,,,,,,,,,,1.28,0.74,1.05,2*02
$GNGSA,A,3,,,,,,,,,,,,,1.28,0.74,1.05,3*0F
$GNGSA,A,3,08,03,04,05,,,,,,,,,1.28,0.74,1.05,4*02
$GPGSV,3,1,09,20,07,315,38.2,22,38,136,,31,72,215,38.9,30,35,081,,1*64
$GPGSV,3,2,09,05,24,053,39.2,11,22,286,,12,16,046,,18,07,134,38.6,1*6E
$GPGSV,3,3,09,14,58,050,,1*50
$GLGSV,1,1,04,74,14,260,39.1,65,63,259,,82,20,089,39.6,72,12,333,38.9,1*61
$GAGSV,1,1,00,7*73
$GBGSV,3,1,10,14,02,237,,08,73,344,39.0,09,56,267,,03,43,190,38.3,1*7C
$GBGSV,3,2,10,01,38,147,,02,30,229,,04,27,124,38.5,12,19,244,,1*69
$GBGSV,3,3,10,05,15,248,38.5,06,75,327,,1*6A
$GNRMC,024417.000,A,3859.9980,N,11613.9788,E,0.01,89.99,280612,,,A,V*34
$GNVTG,89.99,T,,M,0.01,N,0.01,K,A*12
$GNZDA,024417.000,28,06,2012,,*41
$GNGGA,024418.000,3859.9980,N,11613.9788,E,1,11,0.74,-16.7,M,-6.8,M,,*71
$PAIRACC,4.55,9.42*40
$GNGLL,3859.9980,N,11613.9788,E,024418.000,A,A*49
$GNGSA,A,3,20,31,05,18,,,,,,,,,1.28,0.74,1.05,1*01
$GNGSA,A,3,74,82,72,,,,,,,,,,1.28,0.74,1.05,2*02
$GNGSA,A,3,,,,,,,,,,,,,1.28,0.74,1.05,3*0F
$GNGSA,A,3,08,03,04,05,,,,,,,,,1.28,0.74,1.05,4*02
$GPGSV,3,1,09,20,07,315,38.7,22,38,136,,31,72,215,38.6,30,35,081,,1*6E
$GPGSV,3,2,09,05,24,053,39.0,11,22,286,,12,16,046,,18,07,134,38.9,1*63
$GPGSV,3,3,09,14,58,050,,1*50
$GLGSV,1,1,04,74,14,260,38.7,65,63,259,,82,20,089,39.6,72,12,333,39.3,1*6D
$GAGSV,1,1,00,7*73
$GBGSV,3,1,10,14,02,237,,08,73,344,39.0,09,56,267,,03,43,190,38.0,1*7F
$GBGSV,3,2,10,01,38,147,,02,30,229,,04,27,124,38.4,12,19,244,,1*68
$GBGSV,3,3,10,05,15,248,38.5,06,75,327,,1*6A
$GNRMC,024418.000,A,3859.9980,N,11613.9788,E,0.01,95.64,280612,,,A,V*34
$GNVTG,95.64,T,,M,0.01,N,0.01,K,A*1D
$GNZDA,024418.000,28,06,2012,,*4E
$GNGGA,024419.000,3859.9980,N,11613.9788,E,1,11,0.74,-16.7,M,-6.8,M,,*70
$PAIRACC,4.41,8.85*4F
$GNGLL,3859.9980,N,11613.9788,E,024419.000,A,A*48
$GNGSA,A,3,18,31,05,20,,,,,,,,,1.28,0.74,1.05,1*01
$GNGSA,A,3,74,82,72,,,,,,,,,,1.28,0.74,1.05,2*02
$GNGSA,A,3,,,,,,,,,,,,,1.28,0.74,1.05,3*0F
$GNGSA,A,3,08,03,04,05,,,,,,,,,1.28,0.74,1.05,4*02
$GPGSV,3,1,09,18,06,135,38.8,22,38,136,,31,72,215,38.6,30,35,081,,1*6B
$GPGSV,3,2,09,05,24,053,39.0,11,22,286,,12,16,046,,20,07,315,38.5,1*65
$GPGSV,3,3,09,14,58,050,,1*50
$GLGSV,1,1,04,74,14,260,39.2,65,63,259,,82,20,089,39.0,72,12,333,39.2,1*6E
$GAGSV,1,1,00,7*73
$GBGSV,3,1,10,14,02,237,,08,73,344,39.2,09,56,267,,03,43,190,38.0,1*7D
$GBGSV,3,2,10,01,38,147,,02,30,229,,04,27,124,38.3,12,19,244,,1*6F
$GBGSV,3,3,10,05,15,248,38.0,06,75,327,,1*6F
$GNRMC,024419.000,A,3859.9980,N,11613.9788,E,0.01,95.94,280612,,,A,V*3A
$GNVTG,95.94,T,,M,0.01,N,0.01,K,A*12
$GNZDA,024419.000,28,06,2012,,*4F
$GNGGA,024420.000,3859.9980,N,11613.9788,E,1,11,0.74,-16.7,M,-6.8,M,,*7A
$PAIRACC,4.53,9.17*46
$GNGLL,3859.9980,N,11613.9788,E,024420.000,A,A*42
$GNGSA,A,3,18,31,05,20,,,,,,,,,1.28,0.74,1.05,1*01
$GNGSA,A,3,74,82,72,,,,,,,,,,1.28,0.74,1.05,2*02
$GNGSA,A,3,,,,,,,,,,,,,1.28,0.74,1.05,3*0F
$GNGSA,A,3,08,03,04,05,,,,,,,,,1.28,0.74,1.05,4*02
$GPGSV,3,1,09,18,06,135,38.7,22,38,136,,31,72,215,39.3,30,35,081,,1*60
$GPGSV,3,2,09,05,24,053,38.9,11,22,286,,12,16,046,,20,07,315,38.4,1*6C
$GPGSV,3,3,09,14,58,050,,1*50
$GLGSV,1,1,04,74,14,260,39.5,65,63,259,,82,20,089,39.4,72,12,333,38.9,1*67
$GAGSV,1,1,00,7*73
$GBGSV,3,1,10,14,02,237,,08,73,344,39.2,09,56,267,,03,43,190,37.6,1*74
$GBGSV,3,2,10,01,38,147,,02,30,229,,04,27,124,38.2,12,19,244,,1*6E
$GBGSV,3,3,10,05,15,248,38.1,06,75,327,,1*6E
$GNRMC,024420.000,A,3859.9980,N,11613.9788,E,0.01,110.59,280612,,,A,V*0D
$GNVTG,110.59,T,,M,0.01,N,0.01,K,A*2F
$GNZDA,024420.000,28,06,2012,,*45
$GNGGA,024421.000,3859.9980,N,11613.9788,E,1,11,0.74,-16.7,M,-6.8,M,,*7B
$PAIRACC,4.42,9.02*42
$GNGLL,3859.9980,N,11613.9788,E,024421.000,A,A*43
$GNGSA,A,3,18,31,05,20,,,,,,,,,1.28,0.74,1.05,1*01
$GNGSA,A,3,74,82,72,,,,,,,,,,1.28,0.74,1.05,2*02
$GNGSA,A,3,,,,,,,,,,,,,1.28,0.74,1.05,3*0F
$GNGSA,A,3,08,03,04,05,,,,,,,,,1.28,0.74,1.05,4*02
$GPGSV,3,1,09,18,06,135,39.1,22,38,136,,31,72,215,39.1,30,35,081,,1*65
$GPGSV,3,2,09,05,24,053,39.5,11,22,286,,12,16,046,,20,08,315,38.6,1*6C
$GPGSV,3,3,09,14,58,050,,1*50
$GLGSV,1,1,04,74,14,260,39.2,65,63,259,,82,20,089,39.1,72,12,333,38.9,1*65
$GAGSV,1,1,00,7*73
$GBGSV,3,1,10,14,02,237,,08,73,344,39.1,09,56,267,,03,43,190,38.2,1*7C
$GBGSV,3,2,10,01,38,147,,02,30,229,,04,27,124,38.3,12,19,244,,1*6F
$GBGSV,3,3,10,05,15,248,38.6,06,75,327,,1*69
$GNRMC,024421.000,A,3859.9980,N,11613.9788,E,0.01,88.08,280612,,,A,V*38
$GNVTG,88.08,T,,M,0.01,N,0.01,K,A*1B
$GNZDA,024421.000,28,06,2012,,*44
$GNGGA,024422.000,3859.9980,N,11613.9788,E,1,11,0.74,-16.7,M,-6.8,M,,*78
$PAIRACC,4.45,9.01*46
$GNGLL,3859.9980,N,11613.9788,E,024422.000,A,A*40
$GNGSA,A,3,18,31,05,20,,,,,,,,,1.28,0.74,1.05,1*01
$GNGSA,A,3,74,82,72,,,,,,,,,,1.28,0.74,1.05,2*02
$GNGSA,A,3,,,,,,,,,,,,,1.28,0.74,1.05,3*0F
$GNGSA,A,3,08,03,04,05,,,,,,,,,1.28,0.74,1.05,4*02
$GPGSV,3,1,09,18,06,135,39.1,22,38,136,,31,72,215,38.6,30,35,081,,1*63
$GPGSV,3,2,09,05,24,053,39.3,11,22,286,,12,16,046,,20,08,315,38.6,1*6A
$GPGSV,3,3,09,14,58,050,,1*50
$GLGSV,1,1,04,74,14,260,39.1,65,63,259,,82,20,089,39.3,72,12,333,39.1,1*6D
$GAGSV,1,1,00,7*73
$GBGSV,3,1,10,14,02,237,,08,73,344,38.9,09,56,267,,03,43,190,38.2,1*75
$GBGSV,3,2,10,01,38,147,,02,30,229,,04,27,124,37.8,12,19,244,,1*6B
$GBGSV,3,3,10,05,15,248,38.0,06,75,327,,1*6F
$GNRMC,024422.000,A,3859.9980,N,11613.9788,E,0.01,112.41,280612,,,A,V*04
$GNVTG,112.41,T,,M,0.01,N,0.01,K,A*24
$GNZDA,024422.000,28,06,2012,,*47
$GNGGA,024423.000,3859.9979,N,11613.9788,E,1,11,0.74,-16.7,M,-6.8,M,,*7F
$PAIRACC,4.52,9.35*47
$GNGLL,3859.9979,N,11613.9788,E,024423.000,A,A*47
$GNGSA,A,3,18,31,05,20,,,,,,,,,1.28,0.74,1.05,1*01
$GNGSA,A,3,74,82,72,,,,,,,,,,1.28,0.74,1.05,2*02
$GNGSA,A,3,,,,,,,,,,,,,1.28,0.74,1.05,3*0F
$GNGSA,A,3,08,03,04,05,,,,,,,,,1.28,0.74,1.05,4*02
$GPGSV,3,1,09,18,06,135,38.9,22,38,136,,31,72,215,38.7,30,35,081,,1*6B
$GPGSV,3,2,09,05,24,053,39.3,11,22,286,,12,16,046,,20,08,315,38.5,1*69
$GPGSV,3,3,09,14,58,050,,1*50
$GLGSV,1,1,04,74,14,260,39.2,65,63,259,,82,20,089,39.5,72,12,333,39.1,1*68
$GAGSV,1,1,00,7*73
$GBGSV,3,1,10,14,02,237,,08,73,344,38.8,09,56,267,,03,43,190,37.6,1*7F
$GBGSV,3,2,10,01,38,147,,02,30,229,,04,27,124,37.8,12,19,244,,1*6B
$GBGSV,3,3,10,05,15,248,37.4,06,75,327,,1*64
$GNRMC,024423.000,A,3859.9979,N,11613.9788,E,0.01,77.86,280612,,,A,V*3A
$GNVTG,77.86,T,,M,0.01,N,0.01,K,A*1D
$GNZDA,024423.000,28,06,2012,,*46
$GNGGA,024424.000,3859.9979,N,11613.9788,E,1,11,0.74,-16.7,M,-6.8,M,,*78
$PAIRACC,4.43,8.89*41
$GNGLL,3859.9979,N,11613.9788,E,024424.000,A,A*40
$GNGSA,A,3,18,31,05,20,,,,,,,,,1.28,0.74,1.05,1*01
$GNGSA,A,3,74,82,72,,,,,,,,,,1.28,0.74,1.05,2*02
$GNGSA,A,3,,,,,,,,,,,,,1.28,0.74,1.05,3*0F
$GNGSA,A,3,08,03,04,05,,,,,,,,,1.28,0.74,1.05,4*02
$GPGSV,3,1,09,18,06,135,39.2,22,38,136,,31,72,215,39.0,30,35,081,,1*67
$GPGSV,3,2,09,05,24,053,38.9,11,22,286,,12,16,046,,20,08,315,38.7,1*60
$GPGSV,3,3,09,14,58,050,,1*50
$GLGSV,1,1,04,74,14,260,39.2,65,63,259,,82,20,089,39.0,72,12,333,39.2,1*6E
$GAGSV,1,1,00,7*73
$GBGSV,3,1,10,14,02,237,,08,73,344,39.1,09,56,267,,03,43,190,38.1,1*7F
$GBGSV,3,2,10,01,38,147,,02,30,229,,04,27,124,38.2,12,19,244,,1*6E
$GBGSV,3,3,10,05,15,248,38.1,06,75,327,,1*6E
$GNRMC,024424.000,A,3859.9979,N,11613.9788,E,0.01,84.84,280612,,,A,V*33
$GNVTG,84.84,T,,M,0.01,N,0.01,K,A*13
$GNZDA,024424.000,28,06,2012,,*41
$GNGGA,024425.000,3859.9979,N,11613.9788,E,1,11,0.74,-16.8,M,-6.8,M,,*76
$PAIRACC,4.53,9.31*42
$GNGLL,3859.9979,N,11613.9788,E,024425.000,A,A*41
$GNGSA,A,3,18,31,05,20,,,,,,,,,1.28,0.74,1.05,1*01
$GNGSA,A,3,74,82,72,,,,,,,,,,1.28,0.74,1.05,2*02
$GNGSA,A,3,,,,,,,,,,,,,1.28,0.74,1.05,3*0F
$GNGSA,A,3,08,03,04,05,,,,,,,,,1.28,0.74,1.05,4*02
$GPGSV,3,1,09,18,06,135,39.2,22,38,136,,31,72,215,38.5,30,35,081,,1*63
$GPGSV,3,2,09,05,24,053,38.8,11,22,286,,12,16,046,,20,08,315,38.6,1*60
$GPGSV,3,3,09,14,58,050,,1*50
$GLGSV,1,1,04,74,14,260,39.3,65,63,259,,82,20,089,39.1,72,12,333,38.7,1*6A
$GAGSV,1,1,00,7*73
$GBGSV,3,1,10,14,02,237,,08,73,344,38.8,09,56,267,,03,43,190,38.1,1*77
$GBGSV,3,2,10,01,38,147,,02,30,229,,04,27,124,38.1,12,19,244,,1*6D
$GBGSV,3,3,10,05,15,248,38.3,06,75,327,,1*6C
$GNRMC,024425.000,A,3859.9979,N,11613.9788,E,0.00,70.23,280612,,,A,V*35
$GNVTG,70.23,T,,M,0.00,N,0.01,K,A*14
$GNZDA,024425.000,28,06,2012,,*40
$GNGGA,024426.000,3859.9979,N,11613.9788,E,1,11,0.74,-16.8,M,-6.8,M,,*75
$PAIRACC,4.46,8.99*45
$GNGLL,3859.9979,N,11613.9788,E,024426.000,A,A*42
$GNGSA,A,3,18,31,05,20,,,,,,,,,1.28,0.74,1.05,1*01
$GNGSA,A,3,74,82,72,,,,,,,,,,1.28,0.74,1.05,2*02
$GNGSA,A,3,,,,,,,,,,,,,1.28,0.74,1.05,3*0F
$GNGSA,A,3,08,03,04,05,,,,,,,,,1.28,0.74,1.05,4*02
$GPGSV,3,1,09,18,06,135,38.8,22,38,136,,31,72,215,39.0,30,35,081,,1*6C
$GPGSV,3,2,09,05,24,053,38.7,11,22,286,,12,16,046,,20,08,315,38.1,1*68
$GPGSV,3,3,09,14,58,050,,1*50
$GLGSV,1,1,04,74,14,260,39.0,65,63,259,,82,20,089,39.2,72,12,333,39.4,1*68
$GAGSV,1,1,00,7*73
$GBGSV,3,1,10,14,02,237,,08,73,344,38.8,09,56,267,,03,43,190,37.3,1*7A
$GBGSV,3,2,10,01,38,147,,02,30,229,,04,27,124,37.8,12,19,244,,1*6B
$GBGSV,3,3,10,05,15,248,37.5,06,75,327,,1*65
$GNRMC,024426.000,A,3859.9979,N,11613.9788,E,0.00,86.41,280612,,,A,V*3B
$GNVTG,86.41,T,,M,0.00,N,0.01,K,A*19
$GNZDA,024426.000,28,06,2012,,*43
$GNGGA,024427.000,3859.9979,N,11613.9788,E,1,11,0.74,-16.8,M,-6.8,M,,*74
$PAIRACC,4.53,9.42*46
$GNGLL,3859.9979,N,11613.9788,E,024427.000,A,A*43
$GNGSA,A,3,18,31,05,20,,,,,,,,,1.28,0.74,1.05,1*01
$GNGSA,A,3,74,82,72,,,,,,,,,,1.28,0.74,1.05,2*02
$GNGSA,A,3,,,,,,,,,,,,,1.28,0.74,1.05,3*0F
$GNGSA,A,3,08,03,04,05,,,,,,,,,1.28,0.74,1.05,4*02
$GPGSV,3,1,09,18,06,135,38.9,22,38,136,,31,72,215,38.9,30,35,081,,1*65
$GPGSV,3,2,09,05,24,053,39.3,11,22,286,,12,16,046,,20,08,315,38.8,1*64
$GPGSV,3,3,09,14,58,050,,1*50
$GLGSV,1,1,04,74,14,260,39.2,65,63,259,,82,20,089,18.2,72,12,333,17.8,1*69
$GAGSV,1,1,00,7*73
$GBGSV,3,1,10,14,02,237,,08,73,344,38.9,09,56,267,,03,43,190,37.9,1*71
$GBGSV,3,2,10,01,38,147,,02,30,229,,04,27,124,38.2,12,19,244,,1*6E
$GBGSV,3,3,10,05,15,248,38.4,06,75,327,,1*6B
$GNRMC,024427.000,A,3859.9979,N,11613.9788,E,0.00,93.79,280612,,,A,V*35
$GNVTG,93.79,T,,M,0.00,N,0.01,K,A*16
$GNZDA,024427.000,28,06,2012,,*42
$GNGGA,024428.000,3859.9979,N,11613.9788,E,1,12,0.73,-16.8,M,-6.8,M,,*7F
$PAIRACC,4.53,8.84*4D
$GNGLL,3859.9979,N,11613.9788,E,024428.000,A,A*4C
$GNGSA,A,3,18,31,05,20,,,,,,,,,1.21,0.73,0.96,1*04
$GNGSA,A,3,74,65,82,72,,,,,,,,,1.21,0.73,0.96,2*04
$GNGSA,A,3,,,,,,,,,,,,,1.21,0.73,0.96,3*0A
$GNGSA,A,3,08,03,04,05,,,,,,,,,1.21,0.73,0.96,4*07
$GPGSV,3,1,09,18,06,135,39.1,22,38,136,,31,72,215,38.8,30,35,081,,1*6D
$GPGSV,3,2,09,05,24,053,39.0,11,22,286,,12,16,046,,20,08,315,38.1,1*6E
$GPGSV,3,3,09,14,58,050,,1*50
$GLGSV,1,1,04,74,14,260,39.3,65,63,259,38.9,82,20,089,14.5,72,12,333,13.7,1*74
$GAGSV,1,1,00,7*73
$GBGSV,3,1,10,14,02,237,,08,73,344,38.6,09,56,267,,03,43,190,38.2,1*7A
$GBGSV,3,2,10,01,38,147,,02,30,229,,04,27,124,38.1,12,19,244,,1*6D
$GBGSV,3,3,10,05,15,248,38.3,06,75,327,,1*6C
$GNRMC,024428.000,A,3859.9979,N,11613.9788,E,0.00,114.40,280612,,,A,V*0E
$GNVTG,114.40,T,,M,0.00,N,0.01,K,A*22
$GNZDA,024428.000,28,06,2012,,*4D
$GNGGA,024429.000,3859.9979,N,11613.9788,E,1,11,0.81,-16.7,M,-6.8,M,,*7F
$PAIRACC,4.56,9.16*42
$GNGLL,3859.9979,N,11613.9788,E,024429.000,A,A*4D
$GNGSA,A,3,18,31,05,20,,,,,,,,,1.27,0.81,0.98,1*01
$GNGSA,A,3,74,65,82,,,,,,,,,,1.27,0.81,0.98,2*04
$GNGSA,A,3,,,,,,,,,,,,,1.27,0.81,0.98,3*0F
$GNGSA,A,3,08,03,04,05,,,,,,,,,1.27,0.81,0.98,4*02
$GPGSV,3,1,09,18,06,135,39.1,22,38,136,,31,72,215,38.6,30,35,081,,1*63
$GPGSV,3,2,09,05,24,053,39.0,11,22,286,,12,16,046,,20,08,315,38.7,1*68
$GPGSV,3,3,09,14,58,050,,1*50
$GLGSV,1,1,04,74,14,260,39.0,65,63,259,38.6,82,20,089,12.7,72,12,333,,1*67
$GAGSV,1,1,00,7*73
$GBGSV,3,1,10,14,02,237,,08,73,344,39.0,09,56,267,,03,43,190,37.6,1*76
$GBGSV,3,2,10,01,38,147,,02,30,229,,04,27,124,38.2,12,19,244,,1*6E
$GBGSV,3,3,10,05,15,248,37.8,06,75,327,,1*68
$GNRMC,024429.000,A,3859.9979,N,11613.9788,E,0.00,120.05,280612,,,A,V*09
$GNVTG,120.05,T,,M,0.00,N,0.01,K,A*24
$GNZDA,024429.000,28,06,2012,,*4C
$GNGGA,024430.000,3859.9979,N,11613.9788,E,1,11,0.81,-16.7,M,-6.8,M,,*77
$PAIRACC,4.63,8.95*4E
$GNGLL,3859.9979,N,11613.9788,E,024430.000,A,A*45
$GNGSA,A,3,18,31,05,20,,,,,,,,,1.27,0.81,0.98,1*01
$GNGSA,A,3,74,65,82,,,,,,,,,,1.27,0.81,0.98,2*04
$GNGSA,A,3,,,,,,,,,,,,,1.27,0.81,0.98,3*0F
$GNGSA,A,3,08,03,04,05,,,,,,,,,1.27,0.81,0.98,4*02
$GPGSV,3,1,09,18,06,135,38.8,22,38,136,,31,72,215,38.8,30,35,081,,1*65
$GPGSV,3,2,09,05,24,053,38.9,11,22,286,,12,16,046,,20,08,315,38.4,1*63
$GPGSV,3,3,09,14,58,050,,1*50
$GLGSV,1,1,04,74,14,260,39.1,65,63,259,39.3,82,20,089,09.5,72,12,333,,1*6A
$GAGSV,1,1,00,7*73
$GBGSV,3,1,10,14,02,237,,08,73,344,38.7,09,56,267,,03,43,190,38.1,1*78
$GBGSV,3,2,10,01,38,147,,02,30,229,,04,27,124,38.4,12,19,244,,1*68
$GBGSV,3,3,10,05,15,248,37.8,06,75,327,,1*68
$GNRMC,024430.000,A,3859.9979,N,11613.9788,E,0.00,121.26,280612,,,A,V*01
$GNVTG,121.26,T,,M,0.00,N,0.01,K,A*24
$GNZDA,024430.000,28,06,2012,,*44
$GNGGA,024431.000,3859.9979,N,11613.9788,E,1,11,0.81,-16.7,M,-6.8,M,,*76
$PAIRACC,4.60,9.21*43
$GNGLL,3859.9979,N,11613.9788,E,024431.000,A,A*44
$GNGSA,A,3,18,31,05,20,,,,,,,,,1.27,0.81,0.98,1*01
$GNGSA,A,3,74,65,82,,,,,,,,,,1.27,0.81,0.98,2*04
$GNGSA,A,3,,,,,,,,,,,,,1.27,0.81,0.98,3*0F
$GNGSA,A,3,08,03,04,05,,,,,,,,,1.27,0.81,0.98,4*02
$GPGSV,3,1,09,18,06,135,38.7,22,38,136,,31,72,215,38.6,30,35,080,,1*65
$GPGSV,3,2,09,05,24,053,39.2,11,22,286,,12,16,046,,20,08,315,38.7,1*6A
$GPGSV,3,3,09,14,58,050,,1*50
$GLGSV,1,1,04,74,14,260,39.2,65,63,259,38.9,82,20,089,10.7,72,12,333,,1*68
$GAGSV,1,1,00,7*73
$GBGSV,3,1,10,14,02,237,,08,73,344,38.3,09,56,267,,03,43,190,38.0,1*7D
$GBGSV,3,2,10,01,38,147,,02,30,229,,04,27,124,38.6,12,19,244,,1*6A
$GBGSV,3,3,10,05,15,248,38.4,06,75,327,,1*6B
$GNRMC,024431.000,A,3859.9979,N,11613.9788,E,0.00,104.74,280612,,,A,V*00
$GNVTG,104.74,T,,M,0.00,N,0.01,K,A*24
$GNZDA,024431.000,28,06,2012,,*45
$GNGGA,024432.000,3859.9979,N,11613.9788,E,1,10,0.85,-16.7,M,-6.8,M,,*70
$PAIRACC,4.65,8.99*44
$GNGLL,3859.9979,N,11613.9788,E,024432.000,A,A*47
$GNGSA,A,3,18,31,05,20,,,,,,,,,1.30,0.85,0.99,1*02
$GNGSA,A,3,74,65,,,,,,,,,,,1.30,0.85,0.99,2*0D
$GNGSA,A,3,,,,,,,,,,,,,1.30,0.85,0.99,3*0C
$GNGSA,A,3,08,03,04,05,,,,,,,,,1.30,0.85,0.99,4*01
$GPGSV,3,1,09,18,06,135,38.9,22,38,136,,31,73,216,39.1,30,35,080,,1*6F
$GPGSV,3,2,09,05,24,053,38.8,11,22,286,,12,16,046,,20,08,315,39.1,1*66
$GPGSV,3,3,09,14,58,050,,1*50
$GLGSV,1,1,04,74,14,260,38.8,65,63,259,39.0,82,20,089,,72,12,333,,1*73
$GAGSV,1,1,00,7*73
$GBGSV,3,1,10,14,02,237,,08,73,344,39.0,09,56,267,,03,43,190,38.4,1*7B
$GBGSV,3,2,10,01,38,147,,02,30,229,,04,27,124,38.8,12,19,244,,1*64
$GBGSV,3,3,10,05,15,248,38.4,06,75,327,,1*6B
$GNRMC,024432.000,A,3859.9979,N,11613.9788,E,0.01,95.72,280612,,,A,V*3D
$GNVTG,95.72,T,,M,0.01,N,0.01,K,A*1A
$GNZDA,024432.000,28,06,2012,,*46
$GNGGA,024433.000,3859.9979,N,11613.9788,E,1,10,0.85,-16.7,M,-6.8,M,,*71
$PAIRACC,4.61,9.18*48
$GNGLL,3859.9979,N,11613.9788,E,024433.000,A,A*46
$GNGSA,A,3,18,31,05,20,,,,,,,,,1.30,0.85,0.99,1*02
$GNGSA,A,3,74,65,,,,,,,,,,,1.30,0.85,0.99,2*0D
$GNGSA,A,3,,,,,,,,,,,,,1.30,0.85,0.99,3*0C
$GNGSA,A,3,08,03,04,05,,,,,,,,,1.30,0.85,0.99,4*01
$GPGSV,3,1,09,18,06,135,38.9,22,38,136,,31,73,216,39.1,30,35,080,,1*6F
$GPGSV,3,2,09,05,24,053,38.9,11,22,286,,12,16,046,,20,08,315,38.5,1*62
$GPGSV,3,3,09,14,58,050,,1*50
$GLGSV,1,1,04,74,14,260,38.8,65,63,259,39.1,82,20,089,,72,12,333,,1*72
$GAGSV,1,1,00,7*73
$GBGSV,3,1,10,14,02,237,,08,73,344,38.3,09,56,267,,03,43,190,38.3,1*7E
$GBGSV,3,2,10,01,38,147,,02,30,229,,04,27,124,38.2,12,19,244,,1*6E
$GBGSV,3,3,10,05,15,248,37.8,06,75,327,,1*68
$GNRMC,024433.000,A,3859.9979,N,11613.9788,E,0.01,86.75,280612,,,A,V*39
$GNVTG,86.75,T,,M,0.01,N,0.01,K,A*1F
$GNZDA,024433.000,28,06,2012,,*47
$GNGGA,024434.000,3859.9979,N,11613.9788,E,1,10,0.85,-16.7,M,-6.8,M,,*76
$PAIRACC,4.64,8.87*4A
$GNGLL,3859.9979,N,11613.9788,E,024434.000,A,A*41
$GNGSA,A,3,18,31,05,20,,,,,,,,,1.30,0.85,0.99,1*02
$GNGSA,A,3,74,65,,,,,,,,,,,1.30,0.85,0.99,2*0D
$GNGSA,A,3,,,,,,,,,,,,,1.30,0.85,0.99,3*0C
$GNGSA,A,3,08,03,04,05,,,,,,,,,1.30,0.85,0.99,4*01
$GPGSV,3,1,09,18,06,135,39.0,22,38,136,,31,73,216,39.5,30,35,080,,1*63
$GPGSV,3,2,09,05,24,053,38.5,11,22,286,,12,16,046,,20,08,315,38.7,1*6C
$GPGSV,3,3,09,14,58,050,,1*50
$GLGSV,1,1,04,74,14,260,39.2,65,63,259,39.1,82,20,089,,72,12,333,,1*79
$GAGSV,1,1,00,7*73
$GBGSV,3,1,10,14,02,237,,08,73,344,39.2,09,56,267,,03,43,190,38.2,1*7F
$GBGSV,3,2,10,01,38,147,,02,30,229,,04,27,124,38.4,12,19,244,,1*68
$GBGSV,3,3,10,05,15,248,38.2,06,75,327,,1*6D
$GNRMC,024434.000,A,3859.9979,N,11613.9788,E,0.01,79.70,280612,,,A,V*3B
$GNVTG,79.70,T,,M,0.01,N,0.01,K,A*1A
$GNZDA,024434.000,28,06,2012,,*40
$GNGGA,024435.000,3859.9979,N,11613.9788,E,1,10,0.85,-16.7,M,-6.8,M,,*77
$PAIRACC,4.62,9.16*45
$GNGLL,3859.9979,N,11613.9788,E,024435.000,A,A*40
$GNGSA,A,3,18,31,05,20,,,,,,,,,1.30,0.85,0.99,1*02
$GNGSA,A,3,74,65,,,,,,,,,,,1.30,0.85,0.99,2*0D
$GNGSA,A,3,,,,,,,,,,,,,1.30,0.85,0.99,3*0C
$GNGSA,A,3,08,03,04,05,,,,,,,,,1.30,0.85,0.99,4*01
$GPGSV,3,1,09,18,06,135,39.0,22,38,136,,31,73,216,39.1,30,35,080,,1*67
$GPGSV,3,2,09,05,24,053,38.9,11,22,286,,12,16,046,,20,08,315,38.6,1*61
$GPGSV,3,3,09,14,58,050,,1*50
$GLGSV,1,1,04,74,14,260,39.4,65,63,259,39.5,82,20,089,,72,12,333,,1*7B
$GAGSV,1,1,00,7*73
$GBGSV,3,1,10,14,02,237,,08,73,344,38.7,09,56,267,,03,43,190,38.5,1*7C
$GBGSV,3,2,10,01,38,147,,02,30,229,,04,27,124,38.8,12,19,244,,1*64
$GBGSV,3,3,10,05,15,248,38.8,06,75,327,,1*67
$GNRMC,024435.000,A,3859.9979,N,11613.9788,E,0.01,80.83,280612,,,A,V*30
$GNVTG,80.83,T,,M,0.01,N,0.01,K,A*10
$GNZDA,024435.000,28,06,2012,,*41
$GNGGA,024436.000,3859.9979,N,11613.9788,E,1,10,0.85,-16.7,M,-6.8,M,,*74
$PAIRACC,4.65,8.94*49
$GNGLL,3859.9979,N,11613.9788,E,024436.000,A,A*43
$GNGSA,A,3,18,31,05,20,,,,,,,,,1.30,0.85,0.99,1*02
$GNGSA,A,3,74,65,,,,,,,,,,,1.30,0.85,0.99,2*0D
$GNGSA,A,3,,,,,,,,,,,,,1.30,0.85,0.99,3*0C
$GNGSA,A,3,08,03,04,05,,,,,,,,,1.30,0.85,0.99,4*01
$GPGSV,3,1,09,18,06,135,38.9,22,38,136,,31,73,216,39.2,30,35,080,,1*6C
$GPGSV,3,2,09,05,24,053,38.9,11,22,286,,12,16,046,,20,08,315,39.0,1*66
$GPGSV,3,3,09,14,58,050,,1*50
$GLGSV,1,1,04,74,14,260,39.3,65,63,259,39.3,82,20,089,,72,12,333,,1*7A
$GAGSV,1,1,00,7*73
$GBGSV,3,1,10,14,02,237,,08,73,344,38.4,09,56,267,,03,43,190,38.4,1*7E
$GBGSV,3,2,10,01,38,147,,02,30,229,,04,27,124,38.4,12,19,244,,1*68
$GBGSV,3,3,10,05,15,248,38.0,06,75,327,,1*6F
$GNRMC,024436.000,A,3859.9979,N,11613.9788,E,0.01,88.17,280612,,,A,V*36
$GNVTG,88.17,T,,M,0.01,N,0.01,K,A*15
$GNZDA,024436.000,28,06,2012,,*42
$GNGGA,024437.000,3859.9979,N,11613.9788,E,1,10,0.85,-16.7,M,-6.8,M,,*75
$PAIRACC,4.63,9.22*43
$GNGLL,3859.9979,N,11613.9788,E,024437.000,A,A*42
$GNGSA,A,3,18,31,05,20,,,,,,,,,1.30,0.85,0.99,1*02
$GNGSA,A,3,74,65,,,,,,,,,,,1.30,0.85,0.99,2*0D
$GNGSA,A,3,,,,,,,,,,,,,1.30,0.85,0.99,3*0C
$GNGSA,A,3,08,03,04,05,,,,,,,,,1.30,0.85,0.99,4*01
$GPGSV,3,1,09,18,06,135,38.7,22,38,136,,31,73,216,38.8,30,35,080,,1*69
$GPGSV,3,2,09,05,24,053,39.1,11,22,286,,12,16,046,,20,08,315,38.0,1*6E
$GPGSV,3,3,09,14,58,050,,1*50
$GLGSV,1,1,04,74,14,260,39.7,65,63,259,38.8,82,20,089,,72,12,333,,1*74
$GAGSV,1,1,00,7*73
$GBGSV,3,1,10,14,02,237,,08,73,344,39.0,09,56,267,,03,43,190,38.0,1*7F
$GBGSV,3,2,10,01,38,147,,02,30,229,,04,27,124,38.2,12,19,244,,1*6E
$GBGSV,3,3,10,05,15,248,38.0,06,75,327,,1*6F
$GNRMC,024437.000,A,3859.9979,N,11613.9788,E,0.01,110.17,280612,,,A,V*07
$GNVTG,110.17,T,,M,0.01,N,0.01,K,A*25
$GNZDA,024437.000,28,06,2012,,*43
$GNGGA,024438.000,3859.9979,N,11613.9788,E,1,10,0.85,-16.7,M,-6.8,M,,*7A
$PAIRACC,4.66,8.97*49
$GNGLL,3859.9979,N,11613.9788,E,024438.000,A,A*4D
$GNGSA,A,3,18,31,05,20,,,,,,,,,1.30,0.85,0.99,1*02
$GNGSA,A,3,74,65,,,,,,,,,,,1.30,0.85,0.99,2*0D
$GNGSA,A,3,,,,,,,,,,,,,1.30,0.85,0.99,3*0C
$GNGSA,A,3,08,03,04,05,,,,,,,,,1.30,0.85,0.99,4*01
$GPGSV,3,1,09,18,06,135,39.0,22,38,136,,31,73,216,38.7,30,35,080,,1*60
$GPGSV,3,2,09,05,24,053,38.8,11,22,286,,12,16,046,,20,08,315,38.9,1*6F
$GPGSV,3,3,09,14,58,050,,1*50
$GLGSV,1,1,04,74,14,260,39.2,65,63,259,38.8,82,20,089,,72,12,333,,1*71
$GAGSV,1,1,00,7*73
$GBGSV,3,1,10,14,02,237,,08,73,344,38.7,09,56,267,,03,43,190,38.7,1*7E
$GBGSV,3,2,10,01,38,147,,02,30,229,,04,27,124,38.6,12,19,244,,1*6A
$GBGSV,3,3,10,05,15,248,38.7,06,75,327,,1*68
$GNRMC,024438.000,A,3859.9979,N,11613.9788,E,0.01,102.68,280612,,,A,V*03
$GNVTG,102.68,T,,M,0.01,N,0.01,K,A*2E
$GNZDA,024438.000,28,06,2012,,*4C
$GNGGA,024439.000,3859.9978,N,11613.9788,E,1,10,0.85,-16.7,M,-6.8,M,,*7A
$PAIRACC,4.59,9.12*49
$GNGLL,3859.9978,N,11613.9788,E,024439.000,A,A*4D
$GNGSA,A,3,18,31,05,20,,,,,,,,,1.30,0.85,0.99,1*02
$GNGSA,A,3,74,65,,,,,,,,,,,1.30,0.85,0.99,2*0D
$GNGSA,A,3,,,,,,,,,,,,,1.30,0.85,0.99,3*0C
$GNGSA,A,3,08,03,04,05,,,,,,,,,1.30,0.85,0.99,4*01
$GPGSV,3,1,09,18,06,135,39.1,22,38,136,,31,73,216,39.3,30,35,080,,1*64
$GPGSV,3,2,09,05,24,053,39.2,11,22,286,,12,16,046,,20,08,315,38.6,1*6B
$GPGSV,3,3,09,14,58,050,,1*50
$GLGSV,1,1,04,74,14,260,39.0,65,63,259,39.6,82,20,089,,72,12,333,,1*7C
$GAGSV,1,1,00,7*73
$GBGSV,3,1,10,14,02,237,,08,73,344,39.1,09,56,267,,03,43,190,38.4,1*7A
$GBGSV,3,2,10,01,38,147,,02,30,229,,04,27,124,38.5,12,19,244,,1*69
$GBGSV,3,3,10,05,15,248,38.4,06,75,327,,1*6B
$GNRMC,024439.000,A,3859.9978,N,11613.9788,E,0.01,173.27,280612,,,A,V*0E
$GNVTG,173.27,T,,M,0.01,N,0.01,K,A*23
$GNZDA,024439.000,28,06,2012,,*4D
$GNGGA,024440.000,3859.9978,N,11613.9788,E,1,10,0.85,-16.7,M,-6.8,M,,*74
$PAIRACC,4.65,8.98*45
$GNGLL,3859.9978,N,11613.9788,E,024440.000,A,A*43
$GNGSA,A,3,18,31,05,20,,,,,,,,,1.30,0.85,0.99,1*02
$GNGSA,A,3,74,65,,,,,,,,,,,1.30,0.85,0.99,2*0D
$GNGSA,A,3,,,,,,,,,,,,,1.30,0.85,0.99,3*0C
$GNGSA,A,3,08,03,04,05,,,,,,,,,1.30,0.85,0.99,4*01
$GPGSV,3,1,09,18,06,135,38.9,22,38,136,,31,73,216,38.9,30,35,080,,1*66
$GPGSV,3,2,09,05,24,053,39.2,11,22,286,,12,16,046,,20,08,315,38.5,1*68
$GPGSV,3,3,09,14,58,050,,1*50
$GLGSV,1,1,04,74,14,260,39.2,65,63,259,39.0,82,20,089,,72,12,333,,1*78
$GAGSV,1,1,00,7*73
$GBGSV,3,1,10,14,02,237,,08,73,344,39.1,09,56,267,,03,43,190,38.2,1*7C
$GBGSV,3,2,10,01,38,147,,02,30,229,,04,27,124,38.0,12,19,244,,1*6C
$GBGSV,3,3,10,05,15,248,38.0,06,75,327,,1*6F
$GNRMC,024440.000,A,3859.9978,N,11613.9788,E,0.01,160.97,280612,,,A,V*09
$GNVTG,160.97,T,,M,0.01,N,0.01,K,A*2A
$GNZDA,024440.000,28,06,2012,,*43
$GNGGA,024441.000,3859.9978,N,11613.9788,E,1,10,0.85,-16.7,M,-6.8,M,,*75
$PAIRACC,4.63,9.14*46
$GNGLL,3859.9978,N,11613.9788,E,024441.000,A,A*42
$GNGSA,A,3,18,31,05,20,,,,,,,,,1.30,0.85,0.99,1*02
$GNGSA,A,3,74,65,,,,,,,,,,,1.30,0.85,0.99,2*0D
$GNGSA,A,3,,,,,,,,,,,,,1.30,0.85,0.99,3*0C
$GNGSA,A,3,08,03,04,05,,,,,,,,,1.30,0.85,0.99,4*01
$GPGSV,3,1,09,18,06,135,38.5,22,38,136,,31,73,216,39.1,30,35,080,,1*63
$GPGSV,3,2,09,05,24,053,38.8,11,22,286,,12,16,046,,20,08,315,38.6,1*60
$GPGSV,3,3,09,14,58,050,,1*50
$GLGSV,1,1,04,74,14,260,38.9,65,63,259,39.2,82,20,089,,72,12,333,,1*70
$GAGSV,1,1,00,7*73
$GBGSV,3,1,10,14,02,237,,08,73,344,38.6,09,56,267,,03,43,190,38.5,1*7D
$GBGSV,3,2,10,01,38,147,,02,30,229,,04,27,124,38.6,12,19,244,,1*6A
$GBGSV,3,3,10,05,15,248,38.8,06,75,327,,1*67
$GNRMC,024441.000,A,3859.9978,N,11613.9788,E,0.01,149.20,280612,,,A,V*0F
$GNVTG,149.20,T,,M,0.01,N,0.01,K,A*2D
$GNZDA,024441.000,28,06,2012,,*42
$GNGGA,024442.000,3859.9978,N,11613.9788,E,1,10,0.85,-16.7,M,-6.8,M,,*76
$PAIRACC,4.65,8.91*4C
$GNGLL,3859.9978,N,11613.9788,E,024442.000,A,A*41
$GNGSA,A,3,18,31,05,20,,,,,,,,,1.30,0.85,0.99,1*02
$GNGSA,A,3,74,65,,,,,,,,,,,1.30,0.85,0.99,2*0D
$GNGSA,A,3,,,,,,,,,,,,,1.30,0.85,0.99,3*0C
$GNGSA,A,3,08,03,04,05,,,,,,,,,1.30,0.85,0.99,4*01
$GPGSV,3,1,09,18,06,135,39.1,22,38,136,,31,73,216,39.2,30,35,080,,1*65
$GPGSV,3,2,09,05,24,053,39.1,11,22,286,,12,16,046,,20,08,315,38.5,1*6B
$GPGSV,3,3,09,14,58,050,,1*50
$GLGSV,1,1,04,74,14,260,39.4,65,63,259,39.2,82,20,089,,72,12,333,,1*7C
$GAGSV,1,1,00,7*73
$GBGSV,3,1,10,14,02,237,,08,73,344,39.3,09,56,267,,03,43,190,38.1,1*7D
$GBGSV,3,2,10,01,38,147,,02,30,229,,04,27,124,38.2,12,19,244,,1*6E
$GBGSV,3,3,10,05,15,248,38.3,06,75,327,,1*6C
$GNRMC,024442.000,A,3859.9978,N,11613.9788,E,0.01,134.29,280612,,,A,V*0F
$GNVTG,134.29,T,,M,0.01,N,0.01,K,A*2E
$GNZDA,024442.000,28,06,2012,,*41
$GNGGA,024443.000,3859.9978,N,11613.9788,E,1,10,0.85,-16.7,M,-6.8,M,,*77
$PAIRACC,4.62,9.20*40
$GNGLL,3859.9978,N,11613.9788,E,024443.000,A,A*40
$GNGSA,A,3,18,31,05,20,,,,,,,,,1.30,0.85,0.99,1*02
$GNGSA,A,3,74,65,,,,,,,,,,,1.30,0.85,0.99,2*0D
$GNGSA,A,3,,,,,,,,,,,,,1.30,0.85,0.99,3*0C
$GNGSA,A,3,08,03,04,05,,,,,,,,,1.30,0.85,0.99,4*01
$GPGSV,3,1,09,18,06,135,38.6,22,38,136,,31,73,216,39.1,30,35,080,,1*60
$GPGSV,3,2,09,05,24,053,39.4,11,22,286,,12,16,046,,20,08,315,38.8,1*63
$GPGSV,3,3,09,14,58,050,,1*50
$GLGSV,1,1,04,74,14,260,39.4,65,63,259,38.8,82,20,089,,72,12,333,,1*77
$GAGSV,1,1,00,7*73
$GBGSV,3,1,10,14,02,237,,08,73,344,38.7,09,56,267,,03,43,190,38.0,1*79
$GBGSV,3,2,10,01,38,147,,02,30,229,,04,27,124,38.4,12,19,244,,1*68
$GBGSV,3,3,10,05,15,248,38.4,06,75,327,,1*6B
$GNRMC,024443.000,A,3859.9978,N,11613.9788,E,0.01,130.03,280612,,,A,V*02
$GNVTG,130.03,T,,M,0.01,N,0.01,K,A*22
$GNZDA,024443.000,28,06,2012,,*40
$GNGGA,024444.000,3859.9978,N,11613.9788,E,1,10,0.85,-16.7,M,-6.8,M,,*70
$PAIRACC,4.62,8.91*4B
$GNGLL,3859.9978,N,11613.9788,E,024444.000,A,A*47
$GNGSA,A,3,18,31,05,20,,,,,,,,,1.30,0.85,0.99,1*02
$GNGSA,A,3,74,65,,,,,,,,,,,1.30,0.85,0.99,2*0D
$GNGSA,A,3,,,,,,,,,,,,,1.30,0.85,0.99,3*0C
$GNGSA,A,3,08,03,04,05,,,,,,,,,1.30,0.85,0.99,4*01
$GPGSV,3,1,09,18,06,135,39.2,22,38,136,,31,73,216,39.3,30,35,080,,1*67
$GPGSV,3,2,09,05,24,053,38.9,11,22,286,,12,16,046,,20,08,315,39.0,1*66
$GPGSV,3,3,09,14,58,050,,1*50
$GLGSV,1,1,04,74,14,260,38.5,65,63,259,39.5,82,20,089,,72,12,333,,1*7B
$GAGSV,1,1,00,7*73
$GBGSV,3,1,10,14,02,237,,08,73,344,38.6,09,56,267,,03,43,190,38.5,1*7D
$GBGSV,3,2,10,01,38,147,,02,30,229,,04,27,124,38.6,12,19,244,,1*6A
$GBGSV,3,3,10,05,15,248,38.6,06,75,327,,1*69
$GNRMC,024444.000,A,3859.9978,N,11613.9788,E,0.01,128.01,280612,,,A,V*0E
$GNVTG,128.01,T,,M,0.01,N,0.01,K,A*29
$GNZDA,024444.000,28,06,2012,,*47
$GNGGA,024445.000,3859.9978,N,11613.9788,E,1,10,0.85,-16.7,M,-6.8,M,,*71
$PAIRACC,4.65,9.06*43
$GNGLL,3859.9978,N,11613.9788,E,024445.000,A,A*46
$GNGSA,A,3,18,31,05,20,,,,,,,,,1.30,0.85,0.99,1*02
$GNGSA,A,3,74,65,,,,,,,,,,,1.30,0.85,0.99,2*0D
$GNGSA,A,3,,,,,,,,,,,,,1.30,0.85,0.99,3*0C
$GNGSA,A,3,08,03,04,05,,,,,,,,,1.30,0.85,0.99,4*01
$GPGSV,3,1,09,18,06,135,39.2,22,38,136,,31,73,216,38.7,30,35,080,,1*62
$GPGSV,3,2,09,05,24,053,38.9,11,22,286,,12,16,046,,20,08,315,38.7,1*60
$GPGSV,3,3,09,14,58,050,,1*50
$GLGSV,1,1,04,74,14,260,39.0,65,63,259,39.2,82,20,089,,72,12,333,,1*78
$GAGSV,1,1,00,7*73
$GBGSV,3,1,10,14,02,237,,08,73,344,39.5,09,56,267,,03,43,190,38.5,1*7F
$GBGSV,3,2,10,01,38,147,,02,30,229,,04,27,124,37.9,12,19,244,,1*6A
$GBGSV,3,3,10,05,15,248,37.9,06,75,327,,1*69
$GNRMC,024445.000,A,3859.9978,N,11613.9788,E,0.01,151.04,280612,,,A,V*04
$GNVTG,151.04,T,,M,0.01,N,0.01,K,A*22
$GNZDA,024445.000,28,06,2012,,*46
$GNGGA,024446.000,3859.9978,N,11613.9788,E,1,10,0.85,-16.7,M,-6.8,M,,*72
$PAIRACC,4.66,9.08*4E
$GNGLL,3859.9978,N,11613.9788,E,024446.000,A,A*45
$GNGSA,A,3,18,31,05,20,,,,,,,,,1.30,0.85,0.99,1*02
$GNGSA,A,3,74,65,,,,,,,,,,,1.30,0.85,0.99,2*0D
$GNGSA,A,3,,,,,,,,,,,,,1.30,0.85,0.99,3*0C
$GNGSA,A,3,08,03,04,05,,,,,,,,,1.30,0.85,0.99,4*01
$GPGSV,3,1,09,18,06,135,38.8,22,38,136,,31,73,216,39.2,30,35,080,,1*6D
$GPGSV,3,2,09,05,24,053,38.8,11,22,286,,12,16,046,,20,08,315,38.9,1*6F
$GPGSV,3,3,09,14,58,050,,1*50
$GLGSV,1,1,04,74,14,260,38.9,65,63,259,38.8,82,20,089,,72,12,333,,1*7B
$GAGSV,1,1,00,7*73
$GBGSV,3,1,10,14,02,237,,08,73,344,39.0,09,56,267,,03,43,190,38.2,1*7D
$GBGSV,3,2,10,01,38,147,,02,30,229,,04,27,124,38.2,12,19,244,,1*6E
$GBGSV,3,3,10,05,15,248,38.3,06,75,327,,1*6C
$GNRMC,024446.000,A,3859.9978,N,11613.9788,E,0.01,125.45,280612,,,A,V*01
$GNVTG,125.45,T,,M,0.01,N,0.01,K,A*24
$GNZDA,024446.000,28,06,2012,,*45
$GNGGA,024447.000,3859.9978,N,11613.9788,E,1,10,0.85,-16.7,M,-6.8,M,,*73
$PAIRACC,4.63,9.05*46
$GNGLL,3859.9978,N,11613.9788,E,024447.000,A,A*44
$GNGSA,A,3,18,31,05,20,,,,,,,,,1.30,0.85,0.99,1*02
$GNGSA,A,3,74,65,,,,,,,,,,,1.30,0.85,0.99,2*0D
$GNGSA,A,3,,,,,,,,,,,,,1.30,0.85,0.99,3*0C
$GNGSA,A,3,08,03,04,05,,,,,,,,,1.30,0.85,0.99,4*01
$GPGSV,3,1,09,18,06,135,39.1,22,38,136,,31,73,216,38.9,30,35,080,,1*6F
$GPGSV,3,2,09,05,24,053,38.9,11,22,286,,12,16,046,,20,08,315,38.4,1*63
$GPGSV,3,3,09,14,58,050,,1*50
$GLGSV,1,1,04,74,14,260,39.2,65,63,259,39.2,82,20,089,,72,12,333,,1*7A
$GAGSV,1,1,00,7*73
$GBGSV,3,1,10,14,02,237,,08,73,344,38.5,09,56,267,,03,43,190,38.5,1*7E
$GBGSV,3,2,10,01,38,147,,02,30,229,,04,27,124,38.4,12,19,244,,1*68
$GBGSV,3,3,10,05,15,248,38.6,06,75,327,,1*69
$GNRMC,024447.000,A,3859.9978,N,11613.9788,E,0.01,108.15,280612,,,A,V*0A
$GNVTG,108.15,T,,M,0.01,N,0.01,K,A*2E
$GNZDA,024447.000,28,06,2012,,*44
$GNGGA,024448.000,3859.9978,N,11613.9788,E,1,10,0.85,-16.7,M,-6.8,M,,*7C
$PAIRACC,4.70,9.22*41
$GNGLL,3859.9978,N,11613.9788,E,024448.000,A,A*4B
$GNGSA,A,3,18,31,05,20,,,,,,,,,1.30,0.85,0.99,1*02
$GNGSA,A,3,74,65,,,,,,,,,,,1.30,0.85,0.99,2*0D
$GNGSA,A,3,,,,,,,,,,,,,1.30,0.85,0.99,3*0C
$GNGSA,A,3,08,03,04,05,,,,,,,,,1.30,0.85,0.99,4*01
$GPGSV,3,1,09,18,06,135,39.0,22,38,136,,31,73,216,38.6,30,35,080,,1*61
$GPGSV,3,2,09,05,24,053,39.0,11,22,286,,12,16,046,,20,08,315,38.7,1*68
$GPGSV,3,3,09,14,58,050,,1*50
$GLGSV,1,1,04,74,14,260,39.4,65,63,259,39.5,82,20,089,,72,12,333,,1*7B
$GAGSV,1,1,00,7*73
$GBGSV,3,1,10,14,02,237,,08,73,344,38.9,09,56,267,,03,43,190,37.9,1*71
$GBGSV,3,2,10,01,38,147,,02,30,229,,04,27,124,38.5,12,19,244,,1*69
$GBGSV,3,3,10,05,15,248,38.1,06,75,327,,1*6E
$GNRMC,024448.000,A,3859.9978,N,11613.9788,E,0.01,115.10,280612,,,A,V*0C
$GNVTG,115.10,T,,M,0.01,N,0.01,K,A*27
$GNZDA,024448.000,28,06,2012,,*4B
$GNGGA,024449.000,3859.9978,N,11613.9788,E,1,10,0.85,-16.7,M,-6.8,M,,*7D
$PAIRACC,4.59,9.02*48
$GNGLL,3859.9978,N,11613.9788,E,024449.000,A,A*4A
$GNGSA,A,3,18,31,05,20,,,,,,,,,1.30,0.85,0.99,1*02
$GNGSA,A,3,74,65,,,,,,,,,,,1.30,0.85,0.99,2*0D
$GNGSA,A,3,,,,,,,,,,,,,1.30,0.85,0.99,3*0C
$GNGSA,A,3,08,03,04,05,,,,,,,,,1.30,0.85,0.99,4*01
$GPGSV,3,1,09,18,06,135,39.3,22,38,136,,31,73,216,38.8,30,35,080,,1*6C
$GPGSV,3,2,09,05,24,053,39.4,11,22,286,,12,16,046,,20,08,315,38.1,1*6A
$GPGSV,3,3,09,14,58,050,,1*50
$GLGSV,1,1,04,74,14,260,39.4,65,63,259,39.3,82,20,089,,72,12,333,,1*7D
$GAGSV,1,1,00,7*73
$GBGSV,3,1,10,14,02,237,,08,73,344,38.9,09,56,267,,03,43,190,38.4,1*73
$GBGSV,3,2,10,01,38,147,,02,30,229,,04,27,124,38.4,12,19,244,,1*68
$GBGSV,3,3,10,05,15,248,38.4,06,75,327,,1*6B
$GNRMC,024449.000,A,3859.9978,N,11613.9788,E,0.01,103.19,280612,,,A,V*03
$GNVTG,103.19,T,,M,0.01,N,0.01,K,A*29
$GNZDA,024449.000,28,06,2012,,*4A
$GNGGA,024450.000,3859.9977,N,11613.9788,E,1,10,0.85,-16.7,M,-6.8,M,,*7A
$PAIRACC,4.70,9.26*45
$GNGLL,3859.9977,N,11613.9788,E,024450.000,A,A*4D
$GNGSA,A,3,18,31,05,20,,,,,,,,,1.30,0.85,0.99,1*02
$GNGSA,A,3,74,65,,,,,,,,,,,1.30,0.85,0.99,2*0D
$GNGSA,A,3,,,,,,,,,,,,,1.30,0.85,0.99,3*0C
$GNGSA,A,3,08,03,04,05,,,,,,,,,1.30,0.85,0.99,4*01
$GPGSV,3,1,09,18,06,135,39.1,22,38,136,,31,73,216,38.6,30,35,080,,1*60
$GPGSV,3,2,09,05,24,053,39.1,11,22,286,,12,16,046,,20,08,315,38.6,1*68
$GPGSV,3,3,09,14,58,050,,1*50
$GLGSV,1,1,04,74,14,260,39.4,65,63,259,39.2,82,20,089,,72,12,333,,1*7C
$GAGSV,1,1,00,7*73
$GBGSV,3,1,10,14,02,237,,08,73,344,38.7,09,56,267,,03,43,190,38.5,1*7C
$GBGSV,3,2,10,01,38,147,,02,30,229,,04,27,124,38.5,12,19,244,,1*69
$GBGSV,3,3,10,05,15,248,38.5,06,75,327,,1*6A
$GNRMC,024450.000,A,3859.9977,N,11613.9788,E,0.01,111.95,280612,,,A,V*03
$GNVTG,111.95,T,,M,0.01,N,0.01,K,A*2E
$GNZDA,024450.000,28,06,2012,,*42
$GNGGA,024451.000,3859.9977,N,11613.9788,E,1,10,0.85,-16.7,M,-6.8,M,,*7B
$PAIRACC,4.60,8.98*40
$GNGLL,3859.9977,N,11613.9788,E,024451.000,A,A*4C
$GNGSA,A,3,18,31,05,20,,,,,,,,,1.30,0.85,0.99,1*02
$GNGSA,A,3,74,65,,,,,,,,,,,1.30,0.85,0.99,2*0D
$GNGSA,A,3,,,,,,,,,,,,,1.30,0.85,0.99,3*0C
$GNGSA,A,3,08,03,04,05,,,,,,,,,1.30,0.85,0.99,4*01
$GPGSV,3,1,09,18,06,135,39.2,22,38,136,,31,73,216,38.9,30,35,080,,1*6C
$GPGSV,3,2,09,05,24,053,38.9,11,22,286,,12,16,046,,20,08,315,39.0,1*66
$GPGSV,3,3,09,14,58,050,,1*50
$GLGSV,1,1,04,74,14,260,38.9,65,63,259,39.2,82,20,089,,72,12,333,,1*70
$GAGSV,1,1,00,7*73
$GBGSV,3,1,10,14,02,237,,08,73,344,39.4,09,56,267,,03,43,190,38.3,1*78
$GBGSV,3,2,10,01,38,147,,02,30,229,,04,27,124,38.7,12,19,244,,1*6B
$GBGSV,3,3,10,05,15,248,38.4,06,75,327,,1*6B
$GNRMC,024451.000,A,3859.9977,N,11613.9788,E,0.00,140.51,280612,,,A,V*0F
$GNVTG,140.51,T,,M,0.00,N,0.01,K,A*23
$GNZDA,024451.000,28,06,2012,,*43
$GNGGA,024452.000,3859.9977,N,11613.9788,E,1,10,0.85,-16.7,M,-6.8,M,,*78
$PAIRACC,4.72,9.23*42
$GNGLL,3859.9977,N,11613.9788,E,024452.000,A,A*4F
$GNGSA,A,3,18,31,05,20,,,,,,,,,1.30,0.85,0.99,1*02
$GNGSA,A,3,74,65,,,,,,,,,,,1.30,0.85,0.99,2*0D
$GNGSA,A,3,,,,,,,,,,,,,1.30,0.85,0.99,3*0C
$GNGSA,A,3,08,03,04,05,,,,,,,,,1.30,0.85,0.99,4*01
$GPGSV,3,1,09,18,06,135,39.0,22,38,136,,31,73,216,39.0,30,35,080,,1*66
$GPGSV,3,2,09,05,24,053,39.0,11,22,286,,12,16,046,,20,08,315,38.5,1*6A
$GPGSV,3,3,09,14,58,050,,1*50
$GLGSV,1,1,04,74,14,260,39.1,65,63,259,39.2,82,20,089,,72,12,333,,1*79
$GAGSV,1,1,00,7*73
$GBGSV,3,1,10,14,02,237,,08,73,344,38.9,09,56,267,,03,43,190,38.2,1*75
$GBGSV,3,2,10,01,38,147,,02,30,229,,04,27,124,38.1,12,19,244,,1*6D
$GBGSV,3,3,10,05,15,248,38.1,06,75,327,,1*6E
$GNRMC,024452.000,A,3859.9977,N,11613.9788,E,0.00,177.33,280612,,,A,V*0C
$GNVTG,177.33,T,,M,0.00,N,0.01,K,A*23
$GNZDA,024452.000,28,06,2012,,*40
$GNGGA,024453.000,3859.9977,N,11613.9788,E,1,10,0.85,-16.7,M,-6.8,M,,*79
$PAIRACC,4.61,8.99*40
$GNGLL,3859.9977,N,11613.9788,E,024453.000,A,A*4E
$GNGSA,A,3,18,31,05,20,,,,,,,,,1.30,0.85,0.99,1*02
$GNGSA,A,3,74,65,,,,,,,,,,,1.30,0.85,0.99,2*0D
$GNGSA,A,3,,,,,,,,,,,,,1.30,0.85,0.99,3*0C
$GNGSA,A,3,08,03,04,05,,,,,,,,,1.30,0.85,0.99,4*01
$GPGSV,3,1,09,18,06,135,39.3,22,38,136,,31,73,216,38.8,30,35,080,,1*6C
$GPGSV,3,2,09,05,24,053,39.1,11,22,286,,12,16,046,,20,08,315,38.6,1*68
$GPGSV,3,3,09,14,58,050,,1*50
$GLGSV,1,1,04,74,14,260,39.0,65,63,259,39.3,82,20,089,,72,12,333,,1*79
$GAGSV,1,1,00,7*73
$GBGSV,3,1,10,14,02,237,,08,73,344,39.1,09,56,267,,03,43,190,38.6,1*78
$GBGSV,3,2,10,01,38,147,,02,30,229,,04,27,124,38.7,12,19,244,,1*6B
$GBGSV,3,3,10,05,15,248,38.5,06,75,327,,1*6A
$GNRMC,024453.000,A,3859.9977,N,11613.9788,E,0.00,178.84,280612,,,A,V*0E
$GNVTG,178.84,T,,M,0.00,N,0.01,K,A*20
$GNZDA,024453.000,28,06,2012,,*41
$GNGGA,024454.000,3859.9977,N,11613.9788,E,1,10,0.85,-16.7,M,-6.8,M,,*7E
$PAIRACC,4.69,9.17*4F
$GNGLL,3859.9977,N,11613.9788,E,024454.000,A,A*49
$GNGSA,A,3,18,31,05,20,,,,,,,,,1.30,0.85,0.99,1*02
$GNGSA,A,3,74,65,,,,,,,,,,,1.30,0.85,0.99,2*0D
$GNGSA,A,3,,,,,,,,,,,,,1.30,0.85,0.99,3*0C
$GNGSA,A,3,08,03,04,05,,,,,,,,,1.30,0.85,0.99,4*01
$GPGSV,3,1,09,18,06,135,38.7,22,38,136,,31,73,216,38.8,30,35,080,,1*69
$GPGSV,3,2,09,05,24,053,39.0,11,22,286,,12,16,046,,20,08,315,38.3,1*6C
$GPGSV,3,3,09,14,58,050,,1*50
$GLGSV,1,1,04,74,14,260,39.3,65,63,259,39.2,82,20,089,,72,12,333,,1*7B
$GAGSV,1,1,00,7*73
$GBGSV,3,1,10,14,02,237,,08,73,344,38.5,09,56,267,,03,43,190,38.3,1*78
$GBGSV,3,2,10,01,38,147,,02,30,229,,04,27,124,38.3,12,19,244,,1*6F
$GBGSV,3,3,10,05,15,248,38.1,06,75,327,,1*6E
$GNRMC,024454.000,A,3859.9977,N,11613.9788,E,0.00,98.28,280612,,,A,V*30
$GNVTG,98.28,T,,M,0.00,N,0.01,K,A*19
$GNZDA,024454.000,28,06,2012,,*46
$GNGGA,024455.000,3859.9977,N,11613.9788,E,1,10,0.85,-16.7,M,-6.8,M,,*7F
$PAIRACC,4.62,9.00*42
$GNGLL,3859.9977,N,11613.9788,E,024455.000,A,A*48
$GNGSA,A,3,18,31,05,20,,,,,,,,,1.30,0.85,0.99,1*02
$GNGSA,A,3,74,65,,,,,,,,,,,1.30,0.85,0.99,2*0D
$GNGSA,A,3,,,,,,,,,,,,,1.30,0.85,0.99,3*0C
$GNGSA,A,3,08,03,04,05,,,,,,,,,1.30,0.85,0.99,4*01
$GPGSV,3,1,09,18,06,135,38.7,22,38,136,,31,73,216,39.1,30,35,080,,1*61
$GPGSV,3,2,09,05,24,053,39.0,11,22,286,,12,16,046,,20,08,315,38.5,1*6A
$GPGSV,3,3,09,14,58,050,,1*50
$GLGSV,1,1,04,74,14,260,38.7,65,63,259,39.3,82,20,089,,72,12,333,,1*7F
$GAGSV,1,1,00,7*73
$GBGSV,3,1,10,14,02,237,,08,73,344,38.9,09,56,267,,03,43,190,38.1,1*76
$GBGSV,3,2,10,01,38,147,,02,30,229,,04,27,124,38.2,12,19,244,,1*6E
$GBGSV,3,3,10,05,15,248,38.3,06,75,327,,1*6C
$GNRMC,024455.000,A,3859.9977,N,11613.9788,E,0.00,160.63,280612,,,A,V*08
$GNVTG,160.63,T,,M,0.00,N,0.01,K,A*20
$GNZDA,024455.000,28,06,2012,,*47
$GNGGA,024456.000,3859.9977,N,11613.9788,E,1,10,0.85,-16.7,M,-6.8,M,,*7C
$PAIRACC,4.70,9.27*44
$GNGLL,3859.9977,N,11613.9788,E,024456.000,A,A*4B
$GNGSA,A,3,18,31,05,20,,,,,,,,,1.30,0.85,0.99,1*02
$GNGSA,A,3,74,65,,,,,,,,,,,1.30,0.85,0.99,2*0D
$GNGSA,A,3,,,,,,,,,,,,,1.30,0.85,0.99,3*0C
$GNGSA,A,3,08,03,04,05,,,,,,,,,1.30,0.85,0.99,4*01
$GPGSV,3,1,09,18,06,135,39.2,22,38,136,,31,73,216,38.9,30,35,080,,1*6C
$GPGSV,3,2,09,05,24,053,39.1,11,22,286,,12,16,046,,20,08,315,38.5,1*6B
$GPGSV,3,3,09,14,58,050,,1*50
$GLGSV,1,1,04,74,14,260,39.0,65,63,259,38.7,82,20,089,,72,12,333,,1*7C
$GAGSV,1,1,00,7*73
$GBGSV,3,1,10,14,02,237,,08,73,344,38.4,09,56,267,,03,43,190,38.3,1*79
$GBGSV,3,2,10,01,38,147,,02,30,229,,04,27,124,38.7,12,19,244,,1*6B
$GBGSV,3,3,10,05,15,248,38.2,06,75,327,,1*6D
$GNRMC,024456.000,A,3859.9977,N,11613.9788,E,0.00,120.72,280612,,,A,V*0F
$GNVTG,120.72,T,,M,0.00,N,0.01,K,A*24
$GNZDA,024456.000,28,06,2012,,*44
$GNGGA,024457.000,3859.9977,N,11613.9788,E,1,10,0.85,-16.7,M,-6.8,M,,*7D
$PAIRACC,4.65,9.08*4D
$GNGLL,3859.9977,N,11613.9788,E,024457.000,A,A*4A
$GNGSA,A,3,18,31,05,20,,,,,,,,,1.30,0.85,0.99,1*02
$GNGSA,A,3,74,65,,,,,,,,,,,1.30,0.85,0.99,2*0D
$GNGSA,A,3,,,,,,,,,,,,,1.30,0.85,0.99,3*0C
$GNGSA,A,3,08,03,04,05,,,,,,,,,1.30,0.85,0.99,4*01
$GPGSV,3,1,09,18,06,135,38.9,22,38,136,,31,73,216,38.9,30,35,080,,1*66
$GPGSV,3,2,09,05,24,053,39.0,11,22,286,,12,16,046,,20,08,315,38.8,1*67
$GPGSV,3,3,09,14,58,050,,1*50
$GLGSV,1,1,04,74,14,260,38.7,65,63,259,39.2,82,20,089,,72,12,333,,1*7E
$GAGSV,1,1,00,7*73
$GBGSV,3,1,10,14,02,237,,08,73,344,39.0,09,56,267,,03,43,190,38.6,1*79
$GBGSV,3,2,10,01,38,147,,02,30,229,,04,27,124,38.4,12,19,244,,1*68
$GBGSV,3,3,10,05,15,248,38.5,06,75,327,,1*6A
$GNRMC,024457.000,A,3859.9977,N,11613.9788,E,0.00,208.21,280612,,,A,V*01
$GNVTG,208.21,T,,M,0.00,N,0.00,K,A*2A
$GNZDA,024457.000,28,06,2012,,*45
$GNGGA,024458.000,3859.9977,N,11613.9788,E,1,10,0.85,-16.7,M,-6.8,M,,*72
$PAIRACC,4.71,9.31*42
$GNGLL,3859.9977,N,11613.9788,E,024458.000,A,A*45
$GNGSA,A,3,18,31,05,20,,,,,,,,,1.30,0.85,0.99,1*02
$GNGSA,A,3,74,65,,,,,,,,,,,1.30,0.85,0.99,2*0D
$GNGSA,A,3,,,,,,,,,,,,,1.30,0.85,0.99,3*0C
$GNGSA,A,3,08,03,04,05,,,,,,,,,1.30,0.85,0.99,4*01
$GPGSV,3,1,09,18,06,135,38.7,22,38,136,,31,73,216,38.9,30,35,080,,1*68
$GPGSV,3,2,09,05,24,053,38.8,11,22,286,,12,16,046,,20,08,315,38.3,1*65
$GPGSV,3,3,09,14,58,050,,1*50
$GLGSV,1,1,04,74,14,260,39.1,65,63,259,39.0,82,20,089,,72,12,333,,1*7B
$GAGSV,1,1,00,7*73
$GBGSV,3,1,10,14,02,237,,08,73,344,39.1,09,56,267,,03,43,190,38.3,1*7D
$GBGSV,3,2,10,01,38,147,,02,30,229,,04,27,124,38.3,12,19,244,,1*6F
$GBGSV,3,3,10,05,15,248,38.1,06,75,327,,1*6E
$GNRMC,024458.000,A,3859.9977,N,11613.9788,E,0.00,128.50,280612,,,A,V*09
$GNVTG,128.50,T,,M,0.00,N,0.00,K,A*2D
$GNZDA,024458.000,28,06,2012,,*4A
$GNGGA,024459.000,3859.9977,N,11613.9788,E,1,10,0.85,-16.7,M,-6.8,M,,*73
$PAIRACC,4.63,9.03*40
$GNGLL,3859.9977,N,11613.9788,E,024459.000,A,A*44
$GNGSA,A,3,18,31,05,20,,,,,,,,,1.30,0.85,0.99,1*02
$GNGSA,A,3,74,65,,,,,,,,,,,1.30,0.85,0.99,2*0D
$GNGSA,A,3,,,,,,,,,,,,,1.30,0.85,0.99,3*0C
$GNGSA,A,3,08,03,04,05,,,,,,,,,1.30,0.85,0.99,4*01
$GPGSV,3,1,09,18,06,135,39.1,22,38,136,,31,73,216,39.0,30,35,080,,1*67
$GPGSV,3,2,09,05,24,053,39.0,11,22,286,,12,16,046,,20,08,315,38.4,1*6B
$GPGSV,3,3,09,14,58,050,,1*50
$GLGSV,1,1,04,74,14,260,39.2,65,63,259,39.4,82,20,089,,72,12,333,,1*7C
$GAGSV,1,1,00,7*73
$GBGSV,3,1,10,14,02,237,,08,73,344,38.7,09,56,267,,03,43,190,38.7,1*7E
$GBGSV,3,2,10,01,38,147,,02,30,229,,04,27,124,38.7,12,19,244,,1*6B
$GBGSV,3,3,10,05,15,248,38.8,06,75,327,,1*67
$GNRMC,024459.000,A,3859.9977,N,11613.9788,E,0.00,74.39,280612,,,A,V*3F
$GNVTG,74.39,T,,M,0.00,N,0.00,K,A*1A
$GNZDA,024459.000,28,06,2012,,*4B
$GNGGA,024500.000,3859.9977,N,11613.9788,E,1,10,0.85,-16.7,M,-6.8,M,,*7E
$PAIRACC,4.59,8.98*4A
$GNGLL,3859.9977,N,11613.9788,E,024500.000,A,A*49
$GNGSA,A,3,18,31,05,20,,,,,,,,,1.30,0.85,0.99,1*02
$GNGSA,A,3,74,65,,,,,,,,,,,1.30,0.85,0.99,2*0D
$GNGSA,A,3,,,,,,,,,,,,,1.30,0.85,0.99,3*0C
$GNGSA,A,3,08,03,04,05,,,,,,,,,1.30,0.85,0.99,4*01
$GPGSV,3,1,09,18,06,135,38.9,22,38,136,,31,73,216,38.9,30,35,080,,1*66
$GPGSV,3,2,09,05,24,053,39.1,11,22,286,,12,16,046,,20,08,315,38.4,1*6A
$GPGSV,3,3,09,14,58,050,,1*50
$GLGSV,1,1,04,74,14,260,39.2,65,63,259,39.3,82,20,089,,72,12,333,,1*7B
$GAGSV,1,1,00,7*73
$GBGSV,3,1,10,14,02,237,,08,73,344,38.7,09,56,267,,03,43,190,38.4,1*7D
$GBGSV,3,2,10,01,38,147,,02,30,229,,04,27,124,38.2,12,19,244,,1*6E
$GBGSV,3,3,10,05,15,248,37.8,06,75,327,,1*68
$GNRMC,024500.000,A,3859.9977,N,11613.9788,E,0.00,140.31,280612,,,A,V*0C
$GNVTG,140.31,T,,M,0.00,N,0.00,K,A*24
$GNZDA,024500.000,28,06,2012,,*46
$GNGGA,024501.000,3859.9977,N,11613.9788,E,1,10,0.85,-16.7,M,-6.8,M,,*7F
$PAIRACC,4.70,9.11*41
$GNGLL,3859.9977,N,11613.9788,E,024501.000,A,A*48
$GNGSA,A,3,18,31,05,20,,,,,,,,,1.30,0.85,0.99,1*02
$GNGSA,A,3,74,65,,,,,,,,,,,1.30,0.85,0.99,2*0D
$GNGSA,A,3,,,,,,,,,,,,,1.30,0.85,0.99,3*0C
$GNGSA,A,3,08,03,04,05,,,,,,,,,1.30,0.85,0.99,4*01
$GPGSV,3,1,09,18,06,135,38.8,22,38,136,,31,73,216,39.0,30,35,080,,1*6F
$GPGSV,3,2,09,05,24,053,39.1,11,22,286,,12,16,046,,20,08,315,38.8,1*66
$GPGSV,3,3,09,14,58,050,,1*50
$GLGSV,1,1,04,74,14,260,38.7,65,63,259,39.1,82,20,089,,72,12,333,,1*7D
$GAGSV,1,1,00,7*73
$GBGSV,3,1,10,14,02,237,,08,73,344,39.0,09,56,267,,03,43,190,38.0,1*7F
$GBGSV,3,2,10,01,38,147,,02,30,229,,04,27,124,38.2,12,19,244,,1*6E
$GBGSV,3,3,10,05,15,248,38.3,06,75,327,,1*6C
$GNRMC,024501.000,A,3859.9977,N,11613.9788,E,0.00,105.74,280612,,,A,V*0D
$GNVTG,105.74,T,,M,0.00,N,0.00,K,A*24
$GNZDA,024501.000,28,06,2012,,*47
$GNGGA,024502.000,3859.9977,N,11613.9788,E,1,10,0.85,-16.7,M,-6.8,M,,*7C
$PAIRACC,4.65,9.29*4E
$GNGLL,3859.9977,N,11613.9788,E,024502.000,A,A*4B
$GNGSA,A,3,18,31,05,20,,,,,,,,,1.30,0.85,0.99,1*02
$GNGSA,A,3,74,65,,,,,,,,,,,1.30,0.85,0.99,2*0D
$GNGSA,A,3,,,,,,,,,,,,,1.30,0.85,0.99,3*0C
$GNGSA,A,3,08,03,04,05,,,,,,,,,1.30,0.85,0.99,4*01
$GPGSV,3,1,09,18,06,135,38.9,22,38,136,,31,73,216,39.0,30,35,080,,1*6E
$GPGSV,3,2,09,05,24,053,39.0,11,22,286,,12,16,046,,20,08,315,38.7,1*68
$GPGSV,3,3,09,14,58,050,,1*50
$GLGSV,1,1,04,74,14,260,38.8,65,63,259,39.4,82,20,089,,72,12,333,,1*77
$GAGSV,1,1,00,7*73
$GBGSV,3,1,10,14,02,237,,08,73,344,38.4,09,56,267,,03,43,190,38.5,1*7F
$GBGSV,3,2,10,01,38,147,,02,30,229,,04,27,124,38.6,12,19,244,,1*6A
$GBGSV,3,3,10,05,15,248,38.4,06,75,327,,1*6B
$GNRMC,024502.000,A,3859.9977,N,11613.9788,E,0.00,101.21,280612,,,A,V*0A
$GNVTG,101.21,T,,M,0.00,N,0.00,K,A*20
$GNZDA,024502.000,28,06,2012,,*44
$GNGGA,024503.000,3859.9977,N,11613.9788,E,1,10,0.85,-16.7,M,-6.8,M,,*7D
$PAIRACC,4.63,9.02*41
$GNGLL,3859.9977,N,11613.9788,E,024503.000,A,A*4A
$GNGSA,A,3,18,31,05,20,,,,,,,,,1.30,0.85,0.99,1*02
$GNGSA,A,3,74,65,,,,,,,,,,,1.30,0.85,0.99,2*0D
$GNGSA,A,3,,,,,,,,,,,,,1.30,0.85,0.99,3*0C
$GNGSA,A,3,08,03,04,05,,,,,,,,,1.30,0.85,0.99,4*01
$GPGSV,3,1,09,18,06,135,38.8,22,38,136,,31,73,216,39.1,30,35,080,,1*6E
$GPGSV,3,2,09,05,24,053,38.9,11,22,286,,12,16,046,,20,08,315,38.7,1*60
$GPGSV,3,3,09,14,58,050,,1*50
$GLGSV,1,1,04,74,14,260,39.2,65,63,259,38.8,82,20,089,,72,12,333,,1*71
$GAGSV,1,1,00,7*73
$GBGSV,3,1,10,14,02,237,,08,73,344,38.9,09,56,267,,03,43,190,38.3,1*74
$GBGSV,3,2,10,01,38,147,,02,30,229,,04,27,124,38.5,12,19,244,,1*69
$GBGSV,3,3,10,05,15,248,37.8,06,75,327,,1*68
$GNRMC,024503.000,A,3859.9977,N,11613.9788,E,0.00,99.95,280612,,,A,V*34
$GNVTG,99.95,T,,M,0.00,N,0.00,K,A*1F
$GNZDA,024503.000,28,06,2012,,*45
$GNGGA,024504.000,3859.9977,N,11613.9788,E,1,10,0.85,-16.7,M,-6.8,M,,*7A
$PAIRACC,4.72,9.31*41
$GNGLL,3859.9977,N,11613.9788,E,024504.000,A,A*4D
$GNGSA,A,3,18,31,05,20,,,,,,,,,1.30,0.85,0.99,1*02
$GNGSA,A,3,74,65,,,,,,,,,,,1.30,0.85,0.99,2*0D
$GNGSA,A,3,,,,,,,,,,,,,1.30,0.85,0.99,3*0C
$GNGSA,A,3,08,03,04,05,,,,,,,,,1.30,0.85,0.99,4*01
$GPGSV,3,1,09,18,06,135,38.6,22,38,136,,31,73,216,38.9,30,35,080,,1*69
$GPGSV,3,2,09,05,24,053,38.9,11,22,286,,12,16,046,,20,08,315,38.3,1*64
$GPGSV,3,3,09,14,58,050,,1*50
$GLGSV,1,1,04,74,14,260,39.0,65,63,259,38.9,82,20,089,,72,12,333,,1*72
$GAGSV,1,1,00,7*73
$GBGSV,3,1,10,14,02,237,,08,73,344,38.5,09,56,267,,03,43,190,38.1,1*7A
$GBGSV,3,2,10,01,38,147,,02,30,229,,04,27,124,38.5,12,19,244,,1*69
$GBGSV,3,3,10,05,15,248,38.3,06,75,327,,1*6C
$GNRMC,024504.000,A,3859.9977,N,11613.9788,E,0.00,128.99,280612,,,A,V*04
$GNVTG,128.99,T,,M,0.00,N,0.00,K,A*28
$GNZDA,024504.000,28,06,2012,,*42
$GNGGA,024505.000,3859.9977,N,11613.9788,E,1,10,0.85,-16.7,M,-6.8,M,,*7B
$PAIRACC,4.64,9.05*41
$GNGLL,3859.9977,N,11613.9788,E,024505.000,A,A*4C
$GNGSA,A,3,18,31,05,20,,,,,,,,,1.30,0.85,0.99,1*02
$GNGSA,A,3,74,65,,,,,,,,,,,1.30,0.85,0.99,2*0D
$GNGSA,A,3,,,,,,,,,,,,,1.30,0.85,0.99,3*0C
$GNGSA,A,3,08,03,04,05,,,,,,,,,1.30,0.85,0.99,4*01
$GPGSV,3,1,09,18,06,135,38.5,22,38,136,,31,73,216,38.8,30,35,080,,1*6B
$GPGSV,3,2,09,05,24,053,38.8,11,22,286,,12,16,046,,20,08,315,38.6,1*60
$GPGSV,3,3,09,14,58,050,,1*50
$GLGSV,1,1,04,74,14,260,39.0,65,63,259,39.2,82,20,089,,72,12,333,,1*78
$GAGSV,1,1,00,7*73
$GBGSV,3,1,10,14,02,237,,08,73,344,38.7,09,56,267,,03,43,190,38.7,1*7E
$GBGSV,3,2,10,01,38,147,,02,30,229,,04,27,124,38.6,12,19,244,,1*6A
$GBGSV,3,3,10,05,15,248,38.7,06,75,327,,1*68
$GNRMC,024505.000,A,3859.9977,N,11613.9788,E,0.00,82.06,280612,,,A,V*32
$GNVTG,82.06,T,,M,0.00,N,0.01,K,A*1E
$GNZDA,024505.000,28,06,2012,,*43
$GNGGA,024506.000,3859.9977,N,11613.9788,E,1,10,0.85,-16.7,M,-6.8,M,,*78
$PAIRACC,4.74,9.38*4E
$GNGLL,3859.9977,N,11613.9788,E,024506.000,A,A*4F
$GNGSA,A,3,18,31,05,20,,,,,,,,,1.30,0.85,0.99,1*02
$GNGSA,A,3,74,65,,,,,,,,,,,1.30,0.85,0.99,2*0D
$GNGSA,A,3,,,,,,,,,,,,,1.30,0.85,0.99,3*0C
$GNGSA,A,3,08,03,04,05,,,,,,,,,1.30,0.85,0.99,4*01
$GPGSV,3,1,09,18,06,135,39.0,22,38,136,,31,73,216,39.0,30,35,080,,1*66
$GPGSV,3,2,09,05,24,053,39.0,11,22,286,,12,16,046,,20,08,315,38.5,1*6A
$GPGSV,3,3,09,14,58,050,,1*50
$GLGSV,1,1,04,74,14,260,39.1,65,63,259,39.2,82,20,089,,72,12,333,,1*79
$GAGSV,1,1,00,7*73
$GBGSV,3,1,10,14,02,237,,08,73,344,38.9,09,56,267,,03,43,190,38.3,1*74
$GBGSV,3,2,10,01,38,147,,02,30,229,,04,27,124,38.6,12,19,244,,1*6A
$GBGSV,3,3,10,05,15,248,38.0,06,75,327,,1*6F
$GNRMC,024506.000,A,3859.9977,N,11613.9788,E,0.00,79.98,280612,,,A,V*32
$GNVTG,79.98,T,,M,0.00,N,0.01,K,A*1D
$GNZDA,024506.000,28,06,2012,,*40
$GNGGA,024507.000,3859.9977,N,11613.9788,E,1,10,0.85,-16.7,M,-6.8,M,,*79
$PAIRACC,4.63,9.06*45
$GNGLL,3859.9977,N,11613.9788,E,024507.000,A,A*4E
$GNGSA,A,3,18,31,05,20,,,,,,,,,1.30,0.85,0.99,1*02
$GNGSA,A,3,74,65,,,,,,,,,,,1.30,0.85,0.99,2*0D
$GNGSA,A,3,,,,,,,,,,,,,1.30,0.85,0.99,3*0C
$GNGSA,A,3,08,03,04,05,,,,,,,,,1.30,0.85,0.99,4*01
$GPGSV,3,1,09,18,06,135,38.7,22,38,136,,31,73,216,38.7,30,35,080,,1*66
$GPGSV,3,2,09,05,24,053,39.4,11,22,286,,12,16,046,,20,08,315,38.6,1*6D
$GPGSV,3,3,09,14,58,050,,1*50
$GLGSV,1,1,04,74,14,260,38.9,65,63,259,38.8,82,20,089,,72,12,333,,1*7B
$GAGSV,1,1,00,7*73
$GBGSV,3,1,10,14,02,237,,08,73,344,38.3,09,56,267,,03,43,190,38.2,1*7F
$GBGSV,3,2,10,01,38,147,,02,30,229,,04,27,124,38.2,12,19,244,,1*6E
$GBGSV,3,3,10,05,15,248,38.3,06,75,327,,1*6C
$GNRMC,024507.000,A,3859.9977,N,11613.9788,E,0.00,92.75,280612,,,A,V*35
$GNVTG,92.75,T,,M,0.00,N,0.01,K,A*1B
$GNZDA,024507.000,28,06,2012,,*41
$GNGGA,024508.000,3859.9977,N,11613.9788,E,1,10,0.85,-16.7,M,-6.8,M,,*76
$PAIRACC,4.66,9.01*47
$GNGLL,3859.9977,N,11613.9788,E,024508.000,A,A*41
$GNGSA,A,3,18,31,05,20,,,,,,,,,1.30,0.85,0.99,1*02
$GNGSA,A,3,74,65,,,,,,,,,,,1.30,0.85,0.99,2*0D
$GNGSA,A,3,,,,,,,,,,,,,1.30,0.85,0.99,3*0C
$GNGSA,A,3,08,03,04,05,,,,,,,,,1.30,0.85,0.99,4*01
$GPGSV,3,1,09,18,06,135,38.6,22,38,136,,31,73,216,38.8,30,35,080,,1*68
$GPGSV,3,2,09,05,24,053,39.1,11,22,286,,12,16,046,,20,08,315,38.9,1*67
$GPGSV,3,3,09,14,58,050,,1*50
$GLGSV,1,1,04,74,14,260,38.7,65,63,259,39.0,82,20,089,,72,12,333,,1*7C
$GAGSV,1,1,00,7*73
$GBGSV,3,1,10,14,02,237,,08,73,344,39.0,09,56,267,,03,43,190,38.9,1*76
$GBGSV,3,2,10,01,38,147,,02,30,229,,04,27,124,38.5,12,19,244,,1*69
$GBGSV,3,3,10,05,15,248,38.6,06,75,327,,1*69
$GNRMC,024508.000,A,3859.9977,N,11613.9788,E,0.00,100.38,280612,,,A,V*09
$GNVTG,100.38,T,,M,0.00,N,0.01,K,A*28
$GNZDA,024508.000,28,06,2012,,*4E
$GNGGA,024509.000,3859.9977,N,11613.9788,E,1,10,0.85,-16.7,M,-6.8,M,,*77
$PAIRACC,4.62,9.03*41
$GNGLL,3859.9977,N,11613.9788,E,024509.000,A,A*40
$GNGSA,A,3,18,31,05,20,,,,,,,,,1.30,0.85,0.99,1*02
$GNGSA,A,3,74,65,,,,,,,,,,,1.30,0.85,0.99,2*0D
$GNGSA,A,3,,,,,,,,,,,,,1.30,0.85,0.99,3*0C
$GNGSA,A,3,08,03,04,05,,,,,,,,,1.30,0.85,0.99,4*01
$GPGSV,3,1,09,18,06,135,39.1,22,38,136,,31,73,216,38.5,30,35,080,,1*63
$GPGSV,3,2,09,05,24,053,39.2,11,22,286,,12,16,046,,20,08,315,38.5,1*68
$GPGSV,3,3,09,14,58,050,,1*50
$GLGSV,1,1,04,74,14,260,39.1,65,63,259,39.7,82,20,089,,72,12,333,,1*7C
$GAGSV,1,1,00,7*73
$GBGSV,3,1,10,14,02,237,,08,73,344,39.0,09,56,267,,03,43,190,38.5,1*7A
$GBGSV,3,2,10,01,38,147,,02,30,229,,04,27,124,38.2,12,19,244,,1*6E
$GBGSV,3,3,10,05,15,248,38.2,06,75,327,,1*6D
$GNRMC,024509.000,A,3859.9977,N,11613.9788,E,0.00,132.04,280612,,,A,V*06
$GNVTG,132.04,T,,M,0.00,N,0.01,K,A*26
$GNZDA,024509.000,28,06,2012,,*4F
$GNGGA,024510.000,3859.9976,N,11613.9788,E,1,10,0.85,-16.7,M,-6.8,M,,*7E
$PAIRACC,4.69,9.21*4A
$GNGLL,3859.9976,N,11613.9788,E,024510.000,A,A*49
$GNGSA,A,3,18,31,05,20,,,,,,,,,1.30,0.85,0.99,1*02
$GNGSA,A,3,74,65,,,,,,,,,,,1.30,0.85,0.99,2*0D
$GNGSA,A,3,,,,,,,,,,,,,1.30,0.85,0.99,3*0C
$GNGSA,A,3,08,03,04,05,,,,,,,,,1.30,0.85,0.99,4*01
$GPGSV,3,1,09,18,06,135,39.2,22,38,136,,31,73,216,39.3,30,35,080,,1*67
$GPGSV,3,2,09,05,24,053,39.0,11,22,286,,12,16,046,,20,08,315,38.9,1*66
$GPGSV,3,3,09,14,58,050,,1*50
$GLGSV,1,1,04,74,14,260,39.0,65,63,259,38.7,82,20,089,,72,12,333,,1*7C
$GAGSV,1,1,00,7*73
$GBGSV,3,1,10,14,02,237,,08,73,344,38.9,09,56,267,,03,43,190,38.3,1*74
$GBGSV,3,2,10,01,38,147,,02,30,229,,04,27,124,38.3,12,19,244,,1*6F
$GBGSV,3,3,10,05,15,248,38.3,06,75,327,,1*6C
$GNRMC,024510.000,A,3859.9976,N,11613.9788,E,0.00,128.23,280612,,,A,V*01
$GNVTG,128.23,T,,M,0.00,N,0.01,K,A*28
$GNZDA,024510.000,28,06,2012,,*47
$GNGGA,024511.000,3859.9976,N,11613.9788,E,1,10,0.85,-16.7,M,-6.8,M,,*7F
$PAIRACC,4.65,9.10*44
$GNGLL,3859.9976,N,11613.9788,E,024511.000,A,A*48
$GNGSA,A,3,18,31,05,20,,,,,,,,,1.30,0.85,0.99,1*02
$GNGSA,A,3,74,65,,,,,,,,,,,1.30,0.85,0.99,2*0D
$GNGSA,A,3,,,,,,,,,,,,,1.30,0.85,0.99,3*0C
$GNGSA,A,3,08,03,04,05,,,,,,,,,1.30,0.85,0.99,4*01
$GPGSV,3,1,09,18,06,135,38.7,22,38,136,,31,73,216,38.8,30,35,080,,1*69
$GPGSV,3,2,09,05,24,053,39.1,11,22,286,,12,16,046,,20,08,315,39.3,1*6C
$GPGSV,3,3,09,14,58,050,,1*50
$GLGSV,1,1,04,74,14,260,39.1,65,63,259,39.0,82,20,089,,72,12,333,,1*7B
$GAGSV,1,1,00,7*73
$GBGSV,3,1,10,14,02,237,,08,73,344,38.7,09,56,267,,03,43,190,38.8,1*71
$GBGSV,3,2,10,01,38,147,,02,30,229,,04,27,124,38.9,12,19,244,,1*65
$GBGSV,3,3,10,05,15,248,38.8,06,75,327,,1*67
$GNRMC,024511.000,A,3859.9976,N,11613.9788,E,0.00,141.50,280612,,,A,V*0B
$GNVTG,141.50,T,,M,0.00,N,0.01,K,A*23
$GNZDA,024511.000,28,06,2012,,*46
$GNGGA,024512.000,3859.9976,N,11613.9788,E,1,10,0.85,-16.7,M,-6.8,M,,*7C
$PAIRACC,4.62,9.18*4B
$GNGLL,3859.9976,N,11613.9788,E,024512.000,A,A*4B
$GNGSA,A,3,18,31,05,20,,,,,,,,,1.30,0.85,0.99,1*02
$GNGSA,A,3,74,65,,,,,,,,,,,1.30,0.85,0.99,2*0D
$GNGSA,A,3,,,,,,,,,,,,,1.30,0.85,0.99,3*0C
$GNGSA,A,3,08,03,04,05,,,,,,,,,1.30,0.85,0.99,4*01
$GPGSV,3,1,09,18,06,135,39.2,22,38,136,,31,73,216,39.2,30,35,080,,1*66
$GPGSV,3,2,09,05,24,053,39.2,11,22,286,,12,16,046,,20,08,315,38.3,1*6E
$GPGSV,3,3,09,14,58,050,,1*50
$GLGSV,1,1,04,74,14,260,39.3,65,63,259,39.1,82,20,089,,72,12,333,,1*78
$GAGSV,1,1,00,7*73
$GBGSV,3,1,10,14,02,237,,08,73,344,38.6,09,56,267,,03,43,190,38.4,1*7C
$GBGSV,3,2,10,01,38,147,,02,30,229,,04,27,124,38.3,12,19,244,,1*6F
$GBGSV,3,3,10,05,15,248,37.8,06,75,327,,1*68
$GNRMC,024512.000,A,3859.9976,N,11613.9788,E,0.00,81.16,280612,,,A,V*37
$GNVTG,81.16,T,,M,0.00,N,0.01,K,A*1C
$GNZDA,024512.000,28,06,2012,,*45
$GNGGA,024513.000,3859.9976,N,11613.9788,E,1,10,0.85,-16.7,M,-6.8,M,,*7D
$PAIRACC,4.71,9.15*44
$GNGLL,3859.9976,N,11613.9788,E,024513.000,A,A*4A
$GNGSA,A,3,18,31,05,20,,,,,,,,,1.30,0.85,0.99,1*02
$GNGSA,A,3,74,65,,,,,,,,,,,1.30,0.85,0.99,2*0D
$GNGSA,A,3,,,,,,,,,,,,,1.30,0.85,0.99,3*0C
$GNGSA,A,3,08,03,04,05,,,,,,,,,1.30,0.85,0.99,4*01
$GPGSV,3,1,09,18,06,135,39.3,22,38,136,,31,73,216,38.7,30,35,080,,1*63
$GPGSV,3,2,09,05,24,053,39.2,11,22,286,,12,16,046,,20,08,315,38.7,1*6A
$GPGSV,3,3,09,14,58,050,,1*50
$GLGSV,1,1,04,74,14,260,39.2,65,63,259,38.8,82,20,089,,72,12,333,,1*71
$GAGSV,1,1,00,7*73
$GBGSV,3,1,10,14,02,237,,08,73,344,38.5,09,56,267,,03,43,190,38.2,1*79
$GBGSV,3,2,10,01,38,147,,02,30,229,,04,27,124,38.1,12,19,244,,1*6D
$GBGSV,3,3,10,05,15,248,38.4,06,75,327,,1*6B
$GNRMC,024513.000,A,3859.9976,N,11613.9788,E,0.00,79.63,280612,,,A,V*33
$GNVTG,79.63,T,,M,0.00,N,0.01,K,A*19
$GNZDA,024513.000,28,06,2012,,*44
$GNGGA,024514.000,3859.9976,N,11613.9788,E,1,10,0.85,-16.7,M,-6.8,M,,*7A
$PAIRACC,4.62,9.17*44
$GNGLL,3859.9976,N,11613.9788,E,024514.000,A,A*4D
$GNGSA,A,3,18,31,05,20,,,,,,,,,1.30,0.85,0.99,1*02
$GNGSA,A,3,74,65,,,,,,,,,,,1.30,0.85,0.99,2*0D
$GNGSA,A,3,,,,,,,,,,,,,1.30,0.85,0.99,3*0C
$GNGSA,A,3,08,03,04,05,,,,,,,,,1.30,0.85,0.99,4*01
$GPGSV,3,1,09,18,06,135,38.6,22,38,136,,31,73,216,39.3,30,35,080,,1*62
$GPGSV,3,2,09,05,24,053,39.5,11,22,286,,12,16,046,,20,08,315,38.5,1*6F
$GPGSV,3,3,09,14,58,050,,1*50
$GLGSV,1,1,04,74,14,260,38.8,65,63,259,39.2,82,20,089,,72,12,333,,1*71
$GAGSV,1,1,00,7*73
$GBGSV,3,1,10,14,02,237,,08,73,344,39.0,09,56,267,,03,43,190,38.3,1*7C
$GBGSV,3,2,10,01,38,147,,02,30,229,,04,27,124,38.3,12,19,244,,1*6F
$GBGSV,3,3,10,05,15,248,38.8,06,75,327,,1*67
$GNRMC,024514.000,A,3859.9976,N,11613.9788,E,0.00,123.46,280612,,,A,V*0D
$GNVTG,123.46,T,,M,0.00,N,0.01,K,A*20
$GNZDA,024514.000,28,06,2012,,*43
$GNGGA,024515.000,3859.9976,N,11613.9788,E,1,10,0.85,-16.7,M,-6.8,M,,*7B
$PAIRACC,4.73,9.20*40
$GNGLL,3859.9976,N,11613.9788,E,024515.000,A,A*4C
$GNGSA,A,3,18,31,05,20,,,,,,,,,1.30,0.85,0.99,1*02
$GNGSA,A,3,74,65,,,,,,,,,,,1.30,0.85,0.99,2*0D
$GNGSA,A,3,,,,,,,,,,,,,1.30,0.85,0.99,3*0C
$GNGSA,A,3,08,03,04,05,,,,,,,,,1.30,0.85,0.99,4*01
$GPGSV,3,1,09,18,06,135,38.8,22,38,136,,31,73,216,39.0,30,35,080,,1*6F
$GPGSV,3,2,09,05,24,053,39.3,11,22,286,,12,16,046,,20,08,315,38.7,1*6B
$GPGSV,3,3,09,14,58,050,,1*50
$GLGSV,1,1,04,74,14,260,38.7,65,63,259,39.2,82,20,089,,72,12,333,,1*7E
$GAGSV,1,1,00,7*73
$GBGSV,3,1,10,14,02,237,,08,73,344,38.8,09,56,267,,03,43,190,38.4,1*72
$GBGSV,3,2,10,01,38,147,,02,30,229,,04,27,124,37.9,12,19,244,,1*6A
$GBGSV,3,3,10,05,15,248,37.8,06,75,327,,1*68
$GNRMC,024515.000,A,3859.9976,N,11613.9788,E,0.00,117.03,280612,,,A,V*0A
$GNVTG,117.03,T,,M,0.00,N,0.01,K,A*26
$GNZDA,024515.000,28,06,2012,,*42
$GNGGA,024516.000,3859.9976,N,11613.9788,E,1,10,0.85,-16.7,M,-6.8,M,,*78
$PAIRACC,4.64,9.20*46
$GNGLL,3859.9976,N,11613.9788,E,024516.000,A,A*4F
$GNGSA,A,3,18,31,05,20,,,,,,,,,1.30,0.85,0.99,1*02
$GNGSA,A,3,74,65,,,,,,,,,,,1.30,0.85,0.99,2*0D
$GNGSA,A,3,,,,,,,,,,,,,1.30,0.85,0.99,3*0C
$GNGSA,A,3,08,03,04,05,,,,,,,,,1.30,0.85,0.99,4*01
$GPGSV,3,1,09,18,06,135,39.1,22,38,136,,31,73,216,39.0,30,35,080,,1*67
$GPGSV,3,2,09,05,24,053,39.0,11,22,286,,12,16,046,,20,08,315,38.6,1*69
$GPGSV,3,3,09,14,58,050,,1*50
$GLGSV,1,1,04,74,14,260,39.3,65,63,259,39.2,82,20,089,,72,12,333,,1*7B
$GAGSV,1,1,00,7*73
$GBGSV,3,1,10,14,02,237,,08,73,344,39.1,09,56,267,,03,43,190,38.3,1*7D
$GBGSV,3,2,10,01,38,147,,02,30,229,,04,27,124,38.0,12,19,244,,1*6C
$GBGSV,3,3,10,05,15,248,38.1,06,75,327,,1*6E
$GNRMC,024516.000,A,3859.9976,N,11613.9788,E,0.00,89.75,280612,,,A,V*3E
$GNVTG,89.75,T,,M,0.00,N,0.01,K,A*11
$GNZDA,024516.000,28,06,2012,,*41
$GNGGA,024517.000,3859.9976,N,11613.9788,E,1,10,0.85,-16.7,M,-6.8,M,,*79
$PAIRACC,4.74,9.21*46
$GNGLL,3859.9976,N,11613.9788,E,024517.000,A,A*4E
$GNGSA,A,3,18,31,05,20,,,,,,,,,1.30,0.85,0.99,1*02
$GNGSA,A,3,74,65,,,,,,,,,,,1.30,0.85,0.99,2*0D
$GNGSA,A,3,,,,,,,,,,,,,1.30,0.85,0.99,3*0C
$GNGSA,A,3,08,03,04,05,,,,,,,,,1.30,0.85,0.99,4*01
$GPGSV,3,1,10,18,06,135,39.0,22,38,136,,31,73,216,38.8,30,35,080,,1*67
$GPGSV,3,2,10,01,32,313,,05,24,053,38.8,11,22,286,,12,16,046,,1*77
$GPGSV,3,3,10,20,08,315,38.5,14,58,050,,1*75
$GLGSV,1,1,04,74,14,260,39.0,65,62,256,39.0,82,20,089,,72,12,333,,1*74
$GAGSV,1,1,00,7*73
$GBGSV,3,1,10,14,02,237,,08,73,344,38.4,09,56,267,,03,43,190,38.8,1*72
$GBGSV,3,2,10,01,38,147,,02,30,229,,04,27,124,38.5,12,19,244,,1*69
$GBGSV,3,3,10,05,15,248,38.5,06,75,327,,1*6A
$GNRMC,024517.000,A,3859.9976,N,11613.9788,E,0.00,107.93,280612,,,A,V*00
$GNVTG,107.93,T,,M,0.00,N,0.01,K,A*2E
$GNZDA,024517.000,28,06,2012,,*40
$GNGGA,024518.000,3859.9976,N,11613.9788,E,1,10,0.85,-16.7,M,-6.8,M,,*76
$PAIRACC,4.64,9.17*42
$GNGLL,3859.9976,N,11613.9788,E,024518.000,A,A*41
$GNGSA,A,3,18,31,05,20,,,,,,,,,1.30,0.85,0.99,1*02
$GNGSA,A,3,74,65,,,,,,,,,,,1.30,0.85,0.99,2*0D
$GNGSA,A,3,,,,,,,,,,,,,1.30,0.85,0.99,3*0C
$GNGSA,A,3,08,03,04,05,,,,,,,,,1.30,0.85,0.99,4*01
$GPGSV,3,1,10,18,06,135,38.9,22,38,136,,31,73,216,39.4,30,35,080,,1*62
$GPGSV,3,2,10,01,32,313,,05,24,053,38.9,11,22,286,,12,16,046,,1*76
$GPGSV,3,3,10,20,08,315,37.7,14,58,050,,1*78
$GLGSV,1,1,04,74,14,260,39.5,65,62,256,38.9,82,20,089,,72,12,333,,1*79
$GAGSV,1,1,00,7*73
$GBGSV,3,1,10,14,02,237,,08,73,344,39.0,09,56,267,,03,43,190,38.4,1*7B
$GBGSV,3,2,10,01,38,147,,02,30,229,,04,27,124,38.1,12,19,244,,1*6D
$GBGSV,3,3,10,05,15,248,37.8,06,75,327,,1*68
$GNRMC,024518.000,A,3859.9976,N,11613.9788,E,0.00,114.62,280612,,,A,V*03
$GNVTG,114.62,T,,M,0.00,N,0.01,K,A*22
$GNZDA,024518.000,28,06,2012,,*4F
$GNGGA,024519.000,3859.9976,N,11613.9788,E,1,10,0.85,-16.7,M,-6.8,M,,*77
$PAIRACC,4.74,9.20*47
$GNGLL,3859.9976,N,11613.9788,E,024519.000,A,A*40
$GNGSA,A,3,18,31,05,20,,,,,,,,,1.30,0.85,0.99,1*02
$GNGSA,A,3,74,65,,,,,,,,,,,1.30,0.85,0.99,2*0D
$GNGSA,A,3,,,,,,,,,,,,,1.30,0.85,0.99,3*0C
$GNGSA,A,3,08,03,04,05,,,,,,,,,1.30,0.85,0.99,4*01
$GPGSV,3,1,10,18,06,135,38.9,22,38,136,,31,73,216,38.9,30,35,080,,1*6E
$GPGSV,3,2,10,01,32,313,,05,24,053,39.0,11,22,286,,12,16,046,,1*7E
$GPGSV,3,3,10,20,08,315,38.7,14,58,050,,1*77
$GLGSV,1,1,04,74,14,260,38.9,65,62,256,39.1,82,20,089,,72,12,333,,1*7D
$GAGSV,1,1,00,7*73
$GBGSV,3,1,10,14,02,237,,08,73,344,39.1,09,56,267,,03,43,190,38.0,1*7E
$GBGSV,3,2,10,01,38,147,,02,30,229,,04,27,124,38.2,12,19,244,,1*6E
$GBGSV,3,3,10,05,15,248,38.0,06,75,327,,1*6F
$GNRMC,024519.000,A,3859.9976,N,11613.9788,E,0.00,110.37,280612,,,A,V*06
$GNVTG,110.37,T,,M,0.00,N,0.01,K,A*26
$GNZDA,024519.000,28,06,2012,,*4E
$GNGGA,024520.000,3859.9976,N,11613.9788,E,1,10,0.85,-16.7,M,-6.8,M,,*7D
$PAIRACC,4.64,9.20*46
$GNGLL,3859.9976,N,11613.9788,E,024520.000,A,A*4A
$GNGSA,A,3,18,31,05,20,,,,,,,,,1.30,0.85,0.99,1*02
$GNGSA,A,3,74,65,,,,,,,,,,,1.30,0.85,0.99,2*0D
$GNGSA,A,3,,,,,,,,,,,,,1.30,0.85,0.99,3*0C
$GNGSA,A,3,08,03,04,05,,,,,,,,,1.30,0.85,0.99,4*01
$GPGSV,3,1,10,18,06,135,39.0,22,38,136,,31,73,216,38.7,30,35,080,,1*68
$GPGSV,3,2,10,01,32,313,,05,24,053,39.0,11,22,286,,12,16,046,,1*7E
$GPGSV,3,3,10,20,08,315,38.7,14,58,050,,1*77
$GLGSV,1,1,04,74,14,260,39.3,65,62,256,39.2,82,20,089,,72,12,333,,1*75
$GAGSV,1,1,00,7*73
$GBGSV,3,1,10,14,02,237,,08,73,344,39.1,09,56,267,,03,43,190,38.4,1*7A
$GBGSV,3,2,10,01,38,147,,02,30,229,,04,27,124,38.4,12,19,244,,1*68
$GBGSV,3,3,10,05,15,248,38.7,06,75,327,,1*68
$GNRMC,024520.000,A,3859.9976,N,11613.9788,E,0.00,104.54,280612,,,A,V*0C
$GNVTG,104.54,T,,M,0.00,N,0.01,K,A*26
$GNZDA,024520.000,28,06,2012,,*44
$GNGGA,024521.000,3859.9976,N,11613.9788,E,1,10,0.85,-16.7,M,-6.8,M,,*7C
$PAIRACC,4.75,9.22*44
$GNGLL,3859.9976,N,11613.9788,E,024521.000,A,A*4B
$GNGSA,A,3,18,31,05,20,,,,,,,,,1.30,0.85,0.99,1*02
$GNGSA,A,3,74,65,,,,,,,,,,,1.30,0.85,0.99,2*0D
$GNGSA,A,3,,,,,,,,,,,,,1.30,0.85,0.99,3*0C
$GNGSA,A,3,08,03,04,05,,,,,,,,,1.30,0.85,0.99,4*01
$GPGSV,3,1,10,18,06,135,38.6,22,38,136,,31,73,216,39.1,30,35,080,,1*68
$GPGSV,3,2,10,01,32,313,,05,24,053,39.0,11,22,286,,12,16,046,,1*7E
$GPGSV,3,3,10,20,08,315,38.6,14,58,050,,1*76
$GLGSV,1,1,04,74,14,260,38.9,65,62,256,38.9,82,20,089,,72,12,333,,1*74
$GAGSV,1,1,00,7*73
$GBGSV,3,1,10,14,02,237,,08,73,344,38.7,09,56,267,,03,43,190,38.4,1*7D
$GBGSV,3,2,10,01,38,147,,02,30,229,,04,27,124,38.1,12,19,244,,1*6D
$GBGSV,3,3,10,05,15,248,38.1,06,75,327,,1*6E
$GNRMC,024521.000,A,3859.9976,N,11613.9788,E,0.00,100.41,280612,,,A,V*0D
$GNVTG,100.41,T,,M,0.00,N,0.01,K,A*26
$GNZDA,024521.000,28,06,2012,,*45
$GNGGA,024522.000,3859.9976,N,11613.9788,E,1,10,0.85,-16.7,M,-6.8,M,,*7F
$PAIRACC,4.64,9.20*46
$GNGLL,3859.9976,N,11613.9788,E,024522.000,A,A*48
$GNGSA,A,3,18,31,05,20,,,,,,,,,1.30,0.85,0.99,1*02
$GNGSA,A,3,74,65,,,,,,,,,,,1.30,0.85,0.99,2*0D
$GNGSA,A,3,,,,,,,,,,,,,1.30,0.85,0.99,3*0C
$GNGSA,A,3,08,03,04,05,,,,,,,,,1.30,0.85,0.99,4*01
$GPGSV,3,1,10,18,06,135,39.2,22,38,136,,31,73,216,39.0,30,35,080,,1*6C
$GPGSV,3,2,10,01,32,313,,05,24,053,38.6,11,22,286,,12,16,046,,1*79
$GPGSV,3,3,10,20,08,315,38.6,14,58,050,,1*76
$GLGSV,1,1,04,74,14,260,39.5,65,62,256,38.9,82,20,089,,72,12,333,,1*79
$GAGSV,1,1,00,7*73
$GBGSV,3,1,10,14,02,237,,08,73,344,38.7,09,56,267,,03,43,190,38.2,1*7B
$GBGSV,3,2,10,01,38,147,,02,30,229,,04,27,124,38.2,12,19,244,,1*6E
$GBGSV,3,3,10,05,15,248,38.2,06,75,327,,1*6D
$GNRMC,024522.000,A,3859.9976,N,11613.9788,E,0.00,96.38,280612,,,A,V*3E
$GNVTG,96.38,T,,M,0.00,N,0.01,K,A*16
$GNZDA,024522.000,28,06,2012,,*46
$GNGGA,024523.000,3859.9976,N,11613.9788,E,1,10,0.85,-16.7,M,-6.8,M,,*7E
$PAIRACC,4.68,9.21*4B
$GNGLL,3859.9976,N,11613.9788,E,024523.000,A,A*49
$GNGSA,A,3,18,31,05,20,,,,,,,,,1.30,0.85,0.99,1*02
$GNGSA,A,3,74,65,,,,,,,,,,,1.30,0.85,0.99,2*0D
$GNGSA,A,3,,,,,,,,,,,,,1.30,0.85,0.99,3*0C
$GNGSA,A,3,08,03,04,05,,,,,,,,,1.30,0.85,0.99,4*01
$GPGSV,3,1,10,18,06,135,39.2,22,38,136,,31,73,216,39.1,30,35,080,,1*6D
$GPGSV,3,2,10,01,32,313,,05,24,053,39.3,11,22,286,,12,16,046,,1*7D
$GPGSV,3,3,10,20,08,315,38.7,14,58,050,,1*77
$GLGSV,1,1,04,74,14,260,39.3,65,62,256,38.7,82,20,089,,72,12,333,,1*71
$GAGSV,1,1,00,7*73
$GBGSV,3,1,10,14,02,237,,08,73,344,39.1,09,56,267,,03,43,190,38.1,1*7F
$GBGSV,3,2,10,01,38,147,,02,30,229,,04,27,124,38.5,12,19,244,,1*69
$GBGSV,3,3,10,05,15,248,38.5,06,75,327,,1*6A
$GNRMC,024523.000,A,3859.9976,N,11613.9788,E,0.00,111.29,280612,,,A,V*01
$GNVTG,111.29,T,,M,0.00,N,0.01,K,A*28
$GNZDA,024523.000,28,06,2012,,*47
$GNGGA,024524.000,3859.9976,N,11613.9788,E,1,10,0.85,-16.7,M,-6.8,M,,*79
$PAIRACC,4.70,9.24*47
$GNGLL,3859.9976,N,11613.9788,E,024524.000,A,A*4E
$GNGSA,A,3,18,31,05,20,,,,,,,,,1.30,0.85,0.99,1*02
$GNGSA,A,3,74,65,,,,,,,,,,,1.30,0.85,0.99,2*0D
$GNGSA,A,3,,,,,,,,,,,,,1.30,0.85,0.99,3*0C
$GNGSA,A,3,08,03,04,05,,,,,,,,,1.30,0.85,0.99,4*01
$GPGSV,3,1,10,18,06,135,38.3,22,38,136,,31,73,216,39.1,30,35,080,,1*6D
$GPGSV,3,2,10,01,32,313,,05,24,053,38.8,11,22,286,,12,16,046,,1*77
$GPGSV,3,3,10,20,08,315,38.7,14,58,050,,1*77
$GLGSV,1,1,04,74,14,260,39.1,65,62,256,38.8,82,20,089,,72,13,333,,1*7D
$GAGSV,1,1,00,7*73
$GBGSV,3,1,10,14,02,237,,08,73,344,38.7,09,56,267,,03,43,190,38.1,1*78
$GBGSV,3,2,10,01,38,147,,02,30,229,,04,27,124,38.7,12,19,244,,1*6B
$GBGSV,3,3,10,05,15,248,37.7,06,75,327,,1*67
$GNRMC,024524.000,A,3859.9976,N,11613.9788,E,0.00,110.50,280612,,,A,V*09
$GNVTG,110.50,T,,M,0.00,N,0.01,K,A*27
$GNZDA,024524.000,28,06,2012,,*40
$GNGGA,024525.000,3859.9976,N,11613.9788,E,1,10,0.85,-16.7,M,-6.8,M,,*78
$PAIRACC,4.65,9.04*41
$GNGLL,3859.9976,N,11613.9788,E,024525.000,A,A*4F
$GNGSA,A,3,18,31,05,20,,,,,,,,,1.30,0.85,0.99,1*02
$GNGSA,A,3,74,65,,,,,,,,,,,1.30,0.85,0.99,2*0D
$GNGSA,A,3,,,,,,,,,,,,,1.30,0.85,0.99,3*0C
$GNGSA,A,3,08,03,04,05,,,,,,,,,1.30,0.85,0.99,4*01
$GPGSV,3,1,10,18,06,135,38.8,22,38,136,,31,73,216,39.4,30,35,080,,1*63
$GPGSV,3,2,10,01,32,313,,05,24,053,39.0,11,22,286,,12,16,046,,1*7E
$GPGSV,3,3,10,20,08,315,38.7,14,58,050,,1*77
$GLGSV,1,1,04,74,14,260,39.2,65,62,256,39.6,82,20,089,,72,13,333,,1*71
$GAGSV,1,1,00,7*73
$GBGSV,3,1,10,14,02,237,,08,73,344,38.9,09,56,267,,03,43,190,38.2,1*75
$GBGSV,3,2,10,01,38,147,,02,30,229,,04,27,124,37.8,12,19,244,,1*6B
$GBGSV,3,3,10,05,15,248,38.1,06,75,327,,1*6E
$GNRMC,024525.000,A,3859.9976,N,11613.9788,E,0.00,72.07,280612,,,A,V*3F
$GNVTG,72.07,T,,M,0.00,N,0.01,K,A*10
$GNZDA,024525.000,28,06,2012,,*41
$GNGGA,024526.000,3859.9976,N,11613.9788,E,1,10,0.85,-16.7,M,-6.8,M,,*7B
$PAIRACC,4.74,9.35*43
$GNGLL,3859.9976,N,11613.9788,E,024526.000,A,A*4C
$GNGSA,A,3,18,31,05,20,,,,,,,,,1.30,0.85,0.99,1*02
$GNGSA,A,3,74,65,,,,,,,,,,,1.30,0.85,0.99,2*0D
$GNGSA,A,3,,,,,,,,,,,,,1.30,0.85,0.99,3*0C
$GNGSA,A,3,08,03,04,05,,,,,,,,,1.30,0.85,0.99,4*01
$GPGSV,3,1,10,18,06,135,39.1,22,38,136,,31,73,216,38.7,30,35,080,,1*69
$GPGSV,3,2,10,01,32,313,,05,24,053,39.0,11,22,286,,12,16,046,,1*7E
$GPGSV,3,3,10,20,08,315,38.8,14,58,050,,1*78
$GLGSV,1,1,04,74,14,261,39.3,65,62,256,39.2,82,20,089,,72,13,333,,1*75
$GAGSV,1,1,00,7*73
$GBGSV,3,1,10,14,02,237,,08,73,344,39.0,09,56,267,,03,43,190,39.1,1*7F
$GBGSV,3,2,10,01,38,147,,02,30,229,,04,27,124,38.7,12,19,244,,1*6B
$GBGSV,3,3,10,05,15,248,38.5,06,75,327,,1*6A
$GNRMC,024526.000,A,3859.9976,N,11613.9788,E,0.00,108.34,280612,,,A,V*00
$GNVTG,108.34,T,,M,0.00,N,0.01,K,A*2C
$GNZDA,024526.000,28,06,2012,,*42
$GNGGA,024527.000,3859.9976,N,11613.9788,E,1,10,0.85,-16.7,M,-6.8,M,,*7A
$PAIRACC,4.65,9.06*43
$GNGLL,3859.9976,N,11613.9788,E,024527.000,A,A*4D
$GNGSA,A,3,18,31,05,20,,,,,,,,,1.30,0.85,0.99,1*02
$GNGSA,A,3,74,65,,,,,,,,,,,1.30,0.85,0.99,2*0D
$GNGSA,A,3,,,,,,,,,,,,,1.30,0.85,0.99,3*0C
$GNGSA,A,3,08,03,04,05,,,,,,,,,1.30,0.85,0.99,4*01
$GPGSV,3,1,10,18,06,135,39.4,22,38,136,,31,73,216,38.3,30,35,080,,1*68
$GPGSV,3,2,10,01,32,313,,05,24,053,39.1,11,22,286,,12,16,046,,1*7F
$GPGSV,3,3,10,20,08,315,38.3,14,58,050,,1*73
$GLGSV,1,1,04,74,14,261,39.3,65,62,256,39.2,82,20,089,,72,13,333,,1*75
$GAGSV,1,1,00,7*73
$GBGSV,3,1,10,14,02,237,,08,73,344,39.1,09,56,267,,03,43,190,38.1,1*7F
$GBGSV,3,2,10,01,38,147,,02,30,229,,04,27,124,38.2,12,19,244,,1*6E
$GBGSV,3,3,10,05,15,248,37.8,06,75,327,,1*68
$GNRMC,024527.000,A,3859.9976,N,11613.9788,E,0.00,123.18,280612,,,A,V*06
$GNVTG,123.18,T,,M,0.00,N,0.01,K,A*2B
$GNZDA,024527.000,28,06,2012,,*43
$GNGGA,024528.000,3859.9975,N,11613.9788,E,1,10,0.85,-16.7,M,-6.8,M,,*76
$PAIRACC,4.67,9.38*4C
$GNGLL,3859.9975,N,11613.9788,E,024528.000,A,A*41
$GNGSA,A,3,18,31,05,20,,,,,,,,,1.30,0.85,0.99,1*02
$GNGSA,A,3,74,65,,,,,,,,,,,1.30,0.85,0.99,2*0D
$GNGSA,A,3,,,,,,,,,,,,,1.30,0.85,0.99,3*0C
$GNGSA,A,3,08,03,04,05,,,,,,,,,1.30,0.85,0.99,4*01
$GPGSV,3,1,10,18,06,135,39.3,22,38,136,,31,73,216,38.9,30,35,080,,1*65
$GPGSV,3,2,10,01,32,313,,05,24,053,39.2,11,22,286,,12,16,046,,1*7C
$GPGSV,3,3,10,20,08,315,38.2,14,58,050,,1*72
$GLGSV,1,1,04,74,14,261,39.2,65,62,256,39.1,82,20,089,,72,13,333,,1*77
$GAGSV,1,1,00,7*73
$GBGSV,3,1,10,14,02,237,,08,73,344,38.5,09,56,267,,03,43,190,38.2,1*79
$GBGSV,3,2,10,01,38,147,,02,30,229,,04,27,124,38.1,12,19,244,,1*6D
$GBGSV,3,3,10,05,15,248,37.9,06,75,327,,1*69
$GNRMC,024528.000,A,3859.9975,N,11613.9788,E,0.00,100.87,280612,,,A,V*0D
$GNVTG,100.87,T,,M,0.00,N,0.01,K,A*2C
$GNZDA,024528.000,28,06,2012,,*4C
$GNGGA,024529.000,3859.9975,N,11613.9788,E,1,10,0.85,-16.7,M,-6.8,M,,*77
$PAIRACC,4.69,9.09*40
$GNGLL,3859.9975,N,11613.9788,E,024529.000,A,A*40
$GNGSA,A,3,18,31,05,20,,,,,,,,,1.30,0.85,0.99,1*02
$GNGSA,A,3,74,65,,,,,,,,,,,1.30,0.85,0.99,2*0D
$GNGSA,A,3,,,,,,,,,,,,,1.30,0.85,0.99,3*0C
$GNGSA,A,3,08,03,04,05,,,,,,,,,1.30,0.85,0.99,4*01
$GPGSV,3,1,10,18,06,135,39.1,22,38,136,,31,73,216,38.8,30,35,080,,1*66
$GPGSV,3,2,10,01,32,313,,05,24,053,38.8,11,22,286,,12,16,046,,1*77
$GPGSV,3,3,10,20,08,315,38.5,14,58,050,,1*75
$GLGSV,1,1,04,74,14,261,38.6,65,62,256,39.3,82,20,089,,72,13,333,,1*70
$GAGSV,1,1,00,7*73
$GBGSV,3,1,10,14,02,237,,08,73,344,39.0,09,56,267,,03,43,190,38.7,1*78
$GBGSV,3,2,10,01,38,147,,02,30,229,,04,27,124,38.4,12,19,244,,1*68
$GBGSV,3,3,10,05,15,248,38.8,06,75,327,,1*67
$GNRMC,024529.000,A,3859.9975,N,11613.9788,E,0.00,106.39,280612,,,A,V*0F
$GNVTG,106.39,T,,M,0.00,N,0.01,K,A*2F
$GNZDA,024529.000,28,06,2012,,*4D
$GNGGA,024530.000,3859.9975,N,11613.9788,E,1,10,0.85,-16.7,M,-6.8,M,,*7F
$PAIRACC,4.66,9.35*40
$GNGLL,3859.9975,N,11613.9788,E,024530.000,A,A*48
$GNGSA,A,3,18,31,05,20,,,,,,,,,1.30,0.85,0.99,1*02
$GNGSA,A,3,74,65,,,,,,,,,,,1.30,0.85,0.99,2*0D
$GNGSA,A,3,,,,,,,,,,,,,1.30,0.85,0.99,3*0C
$GNGSA,A,3,08,03,04,05,,,,,,,,,1.30,0.85,0.99,4*01
$GPGSV,3,1,10,18,06,135,38.9,22,38,136,,31,73,216,38.9,30,35,080,,1*6E
$GPGSV,3,2,10,01,32,313,,05,24,053,39.3,11,22,286,,12,16,046,,1*7D
$GPGSV,3,3,10,20,08,315,38.9,14,58,050,,1*79
$GLGSV,1,1,04,74,14,261,39.2,65,62,256,39.0,82,20,089,,72,13,333,,1*76
$GAGSV,1,1,00,7*73
$GBGSV,3,1,10,14,02,237,,08,73,344,38.3,09,56,267,,03,43,190,38.1,1*7C
$GBGSV,3,2,10,01,38,147,,02,30,229,,04,27,124,38.1,12,19,244,,1*6D
$GBGSV,3,3,10,05,15,248,37.9,06,75,327,,1*69
$GNRMC,024530.000,A,3859.9975,N,11613.9788,E,0.00,138.83,280612,,,A,V*0B
$GNVTG,138.83,T,,M,0.00,N,0.01,K,A*23
$GNZDA,024530.000,28,06,2012,,*45
$GNGGA,024531.000,3859.9975,N,11613.9788,E,1,10,0.85,-16.7,M,-6.8,M,,*7E
$PAIRACC,4.74,9.18*4C
$GNGLL,3859.9975,N,11613.9788,E,024531.000,A,A*49
$GNGSA,A,3,18,31,05,20,,,,,,,,,1.30,0.85,0.99,1*02
$GNGSA,A,3,74,65,,,,,,,,,,,1.30,0.85,0.99,2*0D
$GNGSA,A,3,,,,,,,,,,,,,1.30,0.85,0.99,3*0C
$GNGSA,A,3,08,03,04,05,,,,,,,,,1.30,0.85,0.99,4*01
$GPGSV,3,1,10,18,06,135,39.0,22,38,136,,31,73,216,39.0,30,35,080,,1*6E
$GPGSV,3,2,10,01,32,313,,05,24,053,39.2,11,22,286,,12,16,046,,1*7C
$GPGSV,3,3,10,20,08,315,38.5,14,58,050,,1*75
$GLGSV,1,1,04,74,14,261,39.5,65,62,256,39.2,82,20,089,,72,13,333,,1*73
$GAGSV,1,1,00,7*73
$GBGSV,3,1,10,14,02,237,,08,73,344,39.0,09,56,267,,03,43,190,38.1,1*7E
$GBGSV,3,2,10,01,38,147,,02,30,229,,04,27,124,38.2,12,19,244,,1*6E
$GBGSV,3,3,10,05,15,248,38.0,06,75,327,,1*6F
$GNRMC,024531.000,A,3859.9975,N,11613.9788,E,0.00,88.25,280612,,,A,V*3C
$GNVTG,88.25,T,,M,0.00,N,0.01,K,A*15
$GNZDA,024531.000,28,06,2012,,*44
$GNGGA,024532.000,3859.9975,N,11613.9789,E,1,10,0.85,-16.7,M,-6.8,M,,*7C
$PAIRACC,4.67,9.35*41
$GNGLL,3859.9975,N,11613.9789,E,024532.000,A,A*4B
$GNGSA,A,3,18,31,05,20,,,,,,,,,1.30,0.85,0.99,1*02
$GNGSA,A,3,74,65,,,,,,,,,,,1.30,0.85,0.99,2*0D
$GNGSA,A,3,,,,,,,,,,,,,1.30,0.85,0.99,3*0C
$GNGSA,A,3,08,03,04,05,,,,,,,,,1.30,0.85,0.99,4*01
$GPGSV,3,1,10,18,06,135,39.1,22,38,136,,31,73,216,39.1,30,35,080,,1*6E
$GPGSV,3,2,10,01,32,313,,05,24,053,38.5,11,22,286,,12,16,046,,1*7A
$GPGSV,3,3,10,20,08,315,38.2,14,58,050,,1*72
$GLGSV,1,1,04,74,14,261,39.5,65,62,256,39.5,82,20,089,,72,13,333,,1*74
$GAGSV,1,1,00,7*73
$GBGSV,3,1,10,14,02,237,,08,73,344,39.0,09,56,267,,03,43,190,38.5,1*7A
$GBGSV,3,2,10,01,38,147,,02,30,229,,04,27,124,38.6,12,19,244,,1*6A
$GBGSV,3,3,10,05,15,248,38.7,06,75,327,,1*68
$GNRMC,024532.000,A,3859.9975,N,11613.9789,E,0.00,97.90,280612,,,A,V*3E
$GNVTG,97.90,T,,M,0.00,N,0.01,K,A*15
$GNZDA,024532.000,28,06,2012,,*47
$GNGGA,024533.000,3859.9975,N,11613.9789,E,1,10,0.85,-16.7,M,-6.8,M,,*7D
$PAIRACC,4.71,9.09*49
$GNGLL,3859.9975,N,11613.9789,E,024533.000,A,A*4A
$GNGSA,A,3,18,31,05,20,,,,,,,,,1.30,0.85,0.99,1*02
$GNGSA,A,3,74,65,,,,,,,,,,,1.30,0.85,0.99,2*0D
$GNGSA,A,3,,,,,,,,,,,,,1.30,0.85,0.99,3*0C
$GNGSA,A,3,08,03,04,05,,,,,,,,,1.30,0.85,0.99,4*01
$GPGSV,3,1,10,18,06,135,39.1,22,38,136,,31,73,216,39.0,30,35,080,,1*6F
$GPGSV,3,2,10,01,32,313,,05,24,053,38.8,11,22,286,,12,16,046,,1*77
$GPGSV,3,3,10,20,08,315,38.6,14,58,050,,1*76
$GLGSV,1,1,04,74,14,261,39.3,65,62,256,39.1,82,20,089,,72,13,333,,1*76
$GAGSV,1,1,00,7*73
$GBGSV,3,1,10,14,02,237,,08,73,344,38.7,09,56,267,,03,43,190,38.3,1*7A
$GBGSV,3,2,10,01,38,147,,02,30,229,,04,27,124,38.5,12,19,244,,1*69
$GBGSV,3,3,10,05,15,248,38.2,06,75,327,,1*6D
$GNRMC,024533.000,A,3859.9975,N,11613.9789,E,0.01,90.77,280612,,,A,V*30
$GNVTG,90.77,T,,M,0.01,N,0.01,K,A*1A
$GNZDA,024533.000,28,06,2012,,*46
$GNGGA,024534.000,3859.9975,N,11613.9789,E,1,10,0.85,-16.7,M,-6.8,M,,*7A
$PAIRACC,4.62,8.97*4D
$GNGLL,3859.9975,N,11613.9789,E,024534.000,A,A*4D
$GNGSA,A,3,18,31,05,20,,,,,,,,,1.30,0.85,0.99,1*02
$GNGSA,A,3,74,65,,,,,,,,,,,1.30,0.85,0.99,2*0D
$GNGSA,A,3,,,,,,,,,,,,,1.30,0.85,0.99,3*0C
$GNGSA,A,3,08,03,04,05,,,,,,,,,1.30,0.85,0.99,4*01
$GPGSV,3,1,10,18,06,135,39.2,22,38,136,,31,73,216,39.1,30,35,080,,1*6D
$GPGSV,3,2,10,01,32,313,,05,24,053,38.8,11,22,286,,12,16,046,,1*77
$GPGSV,3,3,10,20,08,315,38.3,14,58,050,,1*73
$GLGSV,1,1,04,74,14,261,39.3,65,62,256,39.4,82,20,088,,72,13,333,,1*72
$GAGSV,1,1,00,7*73
$GBGSV,3,1,10,14,02,237,,08,73,344,39.2,09,56,267,,03,43,190,38.1,1*7C
$GBGSV,3,2,10,01,38,147,,02,30,229,,04,27,124,38.1,12,19,244,,1*6D
$GBGSV,3,3,10,05,15,248,38.1,06,75,327,,1*6E
$GNRMC,024534.000,A,3859.9975,N,11613.9789,E,0.01,107.26,280612,,,A,V*0C
$GNVTG,107.26,T,,M,0.01,N,0.01,K,A*21
$GNZDA,024534.000,28,06,2012,,*41
$GNGGA,024535.000,3859.9975,N,11613.9789,E,1,10,0.85,-16.7,M,-6.8,M,,*7B
$PAIRACC,4.65,9.21*46
$GNGLL,3859.9975,N,11613.9789,E,024535.000,A,A*4C
$GNGSA,A,3,18,31,05,20,,,,,,,,,1.30,0.85,0.99,1*02
$GNGSA,A,3,74,65,,,,,,,,,,,1.30,0.85,0.99,2*0D
$GNGSA,A,3,,,,,,,,,,,,,1.30,0.85,0.99,3*0C
$GNGSA,A,3,08,03,04,05,,,,,,,,,1.30,0.85,0.99,4*01
$GPGSV,3,1,10,18,06,135,38.9,22,38,136,,31,73,216,39.2,30,35,080,,1*64
$GPGSV,3,2,10,01,32,313,,05,24,053,39.3,11,22,286,,12,16,046,,1*7D
$GPGSV,3,3,10,20,08,315,38.7,14,58,050,,1*77
$GLGSV,1,1,04,74,14,261,39.8,65,62,256,39.0,82,20,088,,72,13,333,,1*7D
$GAGSV,1,1,00,7*73
$GBGSV,3,1,10,14,02,237,,08,73,344,38.5,09,56,267,,03,43,190,38.1,1*7A
$GBGSV,3,2,10,01,38,147,,02,30,229,,04,27,124,38.4,12,19,244,,1*68
$GBGSV,3,3,10,05,15,248,39.0,06,75,327,,1*6E
$GNRMC,024535.000,A,3859.9975,N,11613.9789,E,0.01,159.42,280612,,,A,V*04
$GNVTG,159.42,T,,M,0.01,N,0.01,K,A*28
$GNZDA,024535.000,28,06,2012,,*40
$GNGGA,024536.000,3859.9975,N,11613.9789,E,1,10,0.85,-16.7,M,-6.8,M,,*78
$PAIRACC,4.71,9.17*46
$GNGLL,3859.9975,N,11613.9789,E,024536.000,A,A*4F
$GNGSA,A,3,18,31,05,20,,,,,,,,,1.30,0.85,0.99,1*02
$GNGSA,A,3,74,65,,,,,,,,,,,1.30,0.85,0.99,2*0D
$GNGSA,A,3,,,,,,,,,,,,,1.30,0.85,0.99,3*0C
$GNGSA,A,3,08,03,04,05,,,,,,,,,1.30,0.85,0.99,4*01
$GPGSV,3,1,10,18,06,135,38.9,22,38,136,,31,73,216,38.9,30,35,080,,1*6E
$GPGSV,3,2,10,01,32,313,,05,24,053,39.1,11,22,286,,12,16,046,,1*7F
$GPGSV,3,3,10,20,08,315,38.6,14,58,050,,1*76
$GLGSV,1,1,04,74,14,261,39.2,65,62,256,39.7,82,20,088,,72,13,333,,1*70
$GAGSV,1,1,00,7*73
$GBGSV,3,1,10,14,02,237,,08,73,344,38.4,09,56,267,,03,43,190,38.4,1*7E
$GBGSV,3,2,10,01,38,147,,02,30,229,,04,27,124,37.8,12,19,244,,1*6B
$GBGSV,3,3,10,05,15,248,38.1,06,75,327,,1*6E
$GNRMC,024536.000,A,3859.9975,N,11613.9789,E,0.00,102.65,280612,,,A,V*0D
$GNVTG,102.65,T,,M,0.00,N,0.01,K,A*22
$GNZDA,024536.000,28,06,2012,,*43
$GNGGA,024537.000,3859.9975,N,11613.9789,E,1,10,0.85,-16.7,M,-6.8,M,,*79
$PAIRACC,4.65,9.05*40
$GNGLL,3859.9975,N,11613.9789,E,024537.000,A,A*4E
$GNGSA,A,3,18,31,05,20,,,,,,,,,1.30,0.85,0.99,1*02
$GNGSA,A,3,74,65,,,,,,,,,,,1.30,0.85,0.99,2*0D
$GNGSA,A,3,,,,,,,,,,,,,1.30,0.85,0.99,3*0C
$GNGSA,A,3,08,03,04,05,,,,,,,,,1.30,0.85,0.99,4*01
$GPGSV,3,1,10,18,06,135,38.9,22,38,136,,31,73,216,38.8,30,35,080,,1*6F
$GPGSV,3,2,10,01,32,313,,05,24,053,39.2,11,22,286,,12,16,046,,1*7C
$GPGSV,3,3,10,20,08,315,38.8,14,58,050,,1*78
$GLGSV,1,1,04,74,14,261,39.4,65,62,256,39.0,82,20,088,,72,13,333,,1*71
$GAGSV,1,1,00,7*73
$GBGSV,3,1,10,14,02,237,,08,73,344,39.3,09,56,267,,03,43,190,38.5,1*79
$GBGSV,3,2,10,01,38,147,,02,30,229,,04,27,124,38.1,12,19,244,,1*6D
$GBGSV,3,3,10,05,15,248,37.8,06,75,327,,1*68
$GNRMC,024537.000,A,3859.9975,N,11613.9789,E,0.01,121.79,280612,,,A,V*01
$GNVTG,121.79,T,,M,0.01,N,0.01,K,A*2F
$GNZDA,024537.000,28,06,2012,,*42
$GNGGA,024538.000,3859.9975,N,11613.9789,E,1,10,0.85,-16.7,M,-6.8,M,,*76
$PAIRACC,4.72,9.23*42
$GNGLL,3859.9975,N,11613.9789,E,024538.000,A,A*41
$GNGSA,A,3,18,31,05,20,,,,,,,,,1.30,0.85,0.99,1*02
$GNGSA,A,3,74,65,,,,,,,,,,,1.30,0.85,0.99,2*0D
$GNGSA,A,3,,,,,,,,,,,,,1.30,0.85,0.99,3*0C
$GNGSA,A,3,08,03,04,05,,,,,,,,,1.30,0.85,0.99,4*01
$GPGSV,3,1,10,18,06,135,39.1,22,38,136,,31,73,216,39.1,30,35,080,,1*6E
$GPGSV,3,2,10,01,32,313,,05,24,053,39.3,11,22,286,,12,16,046,,1*7D
$GPGSV,3,3,10,20,08,315,38.4,14,58,050,,1*74
$GLGSV,1,1,04,74,14,261,38.7,65,62,256,39.1,82,20,088,,72,13,333,,1*72
$GAGSV,1,1,00,7*73
$GBGSV,3,1,10,14,02,237,,08,73,344,39.0,09,56,267,,03,43,190,38.4,1*7B
$GBGSV,3,2,10,01,38,147,,02,30,229,,04,27,124,38.9,12,19,244,,1*65
$GBGSV,3,3,10,05,15,248,38.5,06,75,327,,1*6A
$GNRMC,024538.000,A,3859.9975,N,11613.9789,E,0.00,131.49,280612,,,A,V*0D
$GNVTG,131.49,T,,M,0.00,N,0.01,K,A*2C
$GNZDA,024538.000,28,06,2012,,*4D
$GNGGA,024539.000,3859.9975,N,11613.9789,E,1,10,0.85,-16.7,M,-6.8,M,,*77
$PAIRACC,4.65,9.05*40
$GNGLL,3859.9975,N,11613.9789,E,024539.000,A,A*40
$GNGSA,A,3,18,31,05,20,,,,,,,,,1.30,0.85,0.99,1*02
$GNGSA,A,3,74,65,,,,,,,,,,,1.30,0.85,0.99,2*0D
$GNGSA,A,3,,,,,,,,,,,,,1.30,0.85,0.99,3*0C
$GNGSA,A,3,08,03,04,05,,,,,,,,,1.30,0.85,0.99,4*01
$GPGSV,3,1,10,18,06,135,39.2,22,38,136,,31,73,216,38.9,30,35,080,,1*64
$GPGSV,3,2,10,01,32,313,,05,24,053,39.1,11,22,286,,12,16,046,,1*7F
$GPGSV,3,3,10,20,08,315,38.4,14,58,050,,1*74
$GLGSV,1,1,04,74,14,261,39.1,65,62,256,39.0,82,20,088,,72,13,333,,1*74
$GAGSV,1,1,00,7*73
$GBGSV,3,1,10,14,02,237,,08,73,344,39.3,09,56,267,,03,43,190,38.6,1*7A
$GBGSV,3,2,10,01,38,147,,02,30,229,,04,27,124,38.2,12,19,244,,1*6E
$GBGSV,3,3,10,05,15,248,38.1,06,75,327,,1*6E
$GNRMC,024539.000,A,3859.9975,N,11613.9789,E,0.00,107.75,280612,,,A,V*06
$GNVTG,107.75,T,,M,0.00,N,0.01,K,A*26
$GNZDA,024539.000,28,06,2012,,*4C
$GNGGA,024540.000,3859.9975,N,11613.9789,E,1,10,0.85,-16.7,M,-6.8,M,,*79
$PAIRACC,4.74,9.26*41
$GNGLL,3859.9975,N,11613.9789,E,024540.000,A,A*4E
$GNGSA,A,3,18,31,05,20,,,,,,,,,1.30,0.85,0.99,1*02
$GNGSA,A,3,74,65,,,,,,,,,,,1.30,0.85,0.99,2*0D
$GNGSA,A,3,,,,,,,,,,,,,1.30,0.85,0.99,3*0C
$GNGSA,A,3,08,03,04,05,,,,,,,,,1.30,0.85,0.99,4*01
$GPGSV,3,1,10,18,06,135,38.4,22,38,136,,31,73,216,38.7,30,35,080,,1*6D
$GPGSV,3,2,10,01,32,313,,05,24,053,38.7,11,22,286,,12,16,046,,1*78
$GPGSV,3,3,10,20,08,315,38.8,14,58,050,,1*78
$GLGSV,1,1,04,74,14,261,39.2,65,62,256,39.0,82,20,088,,72,13,333,,1*77
$GAGSV,1,1,00,7*73
$GBGSV,3,1,10,14,02,237,,08,73,344,38.8,09,56,267,,03,43,190,38.7,1*71
$GBGSV,3,2,10,01,38,147,,02,30,229,,04,27,124,38.3,12,19,244,,1*6F
$GBGSV,3,3,10,05,15,248,37.9,06,75,327,,1*69
$GNRMC,024540.000,A,3859.9975,N,11613.9789,E,0.00,100.16,280612,,,A,V*0A
$GNVTG,100.16,T,,M,0.00,N,0.01,K,A*24
$GNZDA,024540.000,28,06,2012,,*42
$GNGGA,024541.000,3859.9975,N,11613.9789,E,1,10,0.85,-16.7,M,-6.8,M,,*78
$PAIRACC,4.65,9.07*42
$GNGLL,3859.9975,N,11613.9789,E,024541.000,A,A*4F
$GNGSA,A,3,18,31,05,20,,,,,,,,,1.30,0.85,0.99,1*02
$GNGSA,A,3,74,65,,,,,,,,,,,1.30,0.85,0.99,2*0D
$GNGSA,A,3,,,,,,,,,,,,,1.30,0.85,0.99,3*0C
$GNGSA,A,3,08,03,04,05,,,,,,,,,1.30,0.85,0.99,4*01
$GPGSV,3,1,10,18,06,135,38.2,22,38,136,,31,73,216,39.1,30,35,080,,1*6C
$GPGSV,3,2,10,01,32,313,,05,24,053,39.0,11,22,286,,12,16,046,,1*7E
$GPGSV,3,3,10,20,08,315,38.5,14,58,050,,1*75
$GLGSV,1,1,04,74,14,261,39.2,65,62,256,38.6,82,20,088,,72,13,333,,1*70
$GAGSV,1,1,00,7*73
$GBGSV,3,1,10,14,02,237,,08,73,344,39.1,09,56,267,,03,43,190,38.2,1*7C
$GBGSV,3,2,10,01,38,147,,02,30,229,,04,27,124,38.8,12,19,244,,1*64
$GBGSV,3,3,10,05,15,248,38.7,06,75,327,,1*68
$GNRMC,024541.000,A,3859.9975,N,11613.9789,E,0.01,87.75,280612,,,A,V*31
$GNVTG,87.75,T,,M,0.01,N,0.01,K,A*1E
$GNZDA,024541.000,28,06,2012,,*43
$GNGGA,024542.000,3859.9975,N,11613.9789,E,1,10,0.85,-16.7,M,-6.8,M,,*7B
$PAIRACC,4.65,9.11*45
$GNGLL,3859.9975,N,11613.9789,E,024542.000,A,A*4C
$GNGSA,A,3,18,31,05,20,,,,,,,,,1.30,0.85,0.99,1*02
$GNGSA,A,3,74,65,,,,,,,,,,,1.30,0.85,0.99,2*0D
$GNGSA,A,3,,,,,,,,,,,,,1.30,0.85,0.99,3*0C
$GNGSA,A,3,08,03,04,05,,,,,,,,,1.30,0.85,0.99,4*01
$GPGSV,3,1,10,18,06,135,39.0,22,38,136,,31,73,216,38.8,30,35,080,,1*67
$GPGSV,3,2,10,01,32,313,,05,24,053,39.3,11,22,286,,12,16,046,,1*7D
$GPGSV,3,3,10,20,08,315,38.7,14,58,050,,1*77
$GLGSV,1,1,04,74,14,261,39.4,65,62,256,39.4,82,20,088,,72,13,333,,1*75
$GAGSV,1,1,00,7*73
$GBGSV,3,1,10,14,02,237,,08,73,344,39.0,09,56,267,,03,43,190,38.4,1*7B
$GBGSV,3,2,10,01,38,147,,02,30,229,,04,27,124,38.6,12,19,244,,1*6A
$GBGSV,3,3,10,05,15,248,38.1,06,75,327,,1*6E
$GNRMC,024542.000,A,3859.9975,N,11613.9789,E,0.01,118.49,280612,,,A,V*0A
$GNVTG,118.49,T,,M,0.01,N,0.01,K,A*26
$GNZDA,024542.000,28,06,2012,,*40
$GNGGA,024543.000,3859.9974,N,11613.9789,E,1,10,0.85,-16.7,M,-6.8,M,,*7B
$PAIRACC,4.69,9.08*41
$GNGLL,3859.9974,N,11613.9789,E,024543.000,A,A*4C
$GNGSA,A,3,18,31,05,20,,,,,,,,,1.30,0.85,0.99,1*02
$GNGSA,A,3,74,65,,,,,,,,,,,1.30,0.85,0.99,2*0D
$GNGSA,A,3,,,,,,,,,,,,,1.30,0.85,0.99,3*0C
$GNGSA,A,3,08,03,04,05,,,,,,,,,1.30,0.85,0.99,4*01
$GPGSV,3,1,10,18,06,135,38.8,22,38,136,,31,73,216,39.0,30,35,080,,1*67
$GPGSV,3,2,10,01,32,313,,05,24,053,39.1,11,22,286,,12,16,046,,1*7F
$GPGSV,3,3,10,20,08,315,38.5,14,58,050,,1*75
$GLGSV,1,1,04,74,14,261,39.6,65,62,256,38.7,82,20,088,,72,13,333,,1*75
$GAGSV,1,1,00,7*73
$GBGSV,3,1,10,14,02,237,,08,73,344,38.9,09,56,267,,03,43,190,38.4,1*73
$GBGSV,3,2,10,01,38,147,,02,30,229,,04,27,124,38.2,12,19,244,,1*6E
$GBGSV,3,3,10,05,15,248,37.9,06,75,327,,1*69
$GNRMC,024543.000,A,3859.9974,N,11613.9789,E,0.01,110.87,280612,,,A,V*00
$GNVTG,110.87,T,,M,0.01,N,0.01,K,A*2C
$GNZDA,024543.000,28,06,2012,,*41
$GNGGA,024544.000,3859.9974,N,11613.9789,E,1,10,0.85,-16.7,M,-6.8,M,,*7C
$PAIRACC,4.70,9.17*47
$GNGLL,3859.9974,N,11613.9789,E,024544.000,A,A*4B
$GNGSA,A,3,18,31,05,20,,,,,,,,,1.30,0.85,0.99,1*02
$GNGSA,A,3,74,65,,,,,,,,,,,1.30,0.85,0.99,2*0D
$GNGSA,A,3,,,,,,,,,,,,,1.30,0.85,0.99,3*0C
$GNGSA,A,3,08,03,04,05,,,,,,,,,1.30,0.85,0.99,4*01
$GPGSV,3,1,10,18,06,135,38.9,22,38,136,,31,73,216,38.7,30,35,080,,1*60
$GPGSV,3,2,10,01,32,313,,05,24,053,38.5,11,22,286,,12,16,046,,1*7A
$GPGSV,3,3,10,20,08,315,38.3,14,58,050,,1*73
$GLGSV,1,1,04,74,14,261,39.2,65,62,256,39.5,82,20,088,,72,13,333,,1*72
$GAGSV,1,1,00,7*73
$GBGSV,3,1,10,14,02,237,,08,73,344,39.3,09,56,267,,03,43,190,38.4,1*78
$GBGSV,3,2,10,01,38,147,,02,30,229,,04,27,124,38.7,12,19,244,,1*6B
$GBGSV,3,3,10,05,15,248,38.6,06,75,327,,1*69
$GNRMC,024544.000,A,3859.9974,N,11613.9789,E,0.01,108.92,280612,,,A,V*0A
$GNVTG,108.92,T,,M,0.01,N,0.01,K,A*21
$GNZDA,024544.000,28,06,2012,,*46
$GNGGA,024545.000,3859.9974,N,11613.9789,E,1,10,0.85,-16.7,M,-6.8,M,,*7D
$PAIRACC,4.72,9.23*42
$GNGLL,3859.9974,N,11613.9789,E,024545.000,A,A*4A
$GNGSA,A,3,18,31,05,20,,,,,,,,,1.30,0.85,0.99,1*02
$GNGSA,A,3,74,65,,,,,,,,,,,1.30,0.85,0.99,2*0D
$GNGSA,A,3,,,,,,,,,,,,,1.30,0.85,0.99,3*0C
$GNGSA,A,3,08,03,04,05,,,,,,,,,1.30,0.85,0.99,4*01
$GPGSV,3,1,10,18,06,135,38.9,22,38,136,,31,73,216,38.6,30,35,080,,1*61
$GPGSV,3,2,10,01,32,313,,05,24,053,39.0,11,22,286,,12,16,046,,1*7E
$GPGSV,3,3,10,20,08,315,38.4,14,58,050,,1*74
$GLGSV,1,1,04,74,14,261,39.1,65,62,256,39.1,82,20,088,,72,13,333,,1*75
$GAGSV,1,1,00,7*73
$GBGSV,3,1,10,14,02,237,,08,73,344,39.0,09,56,267,,03,43,190,38.2,1*7D
$GBGSV,3,2,10,01,38,147,,02,30,229,,04,27,124,38.2,12,19,244,,1*6E
$GBGSV,3,3,10,05,15,248,38.1,06,75,327,,1*6E
$GNRMC,024545.000,A,3859.9974,N,11613.9789,E,0.01,103.17,280612,,,A,V*0D
$GNVTG,103.17,T,,M,0.01,N,0.01,K,A*27
$GNZDA,024545.000,28,06,2012,,*47
$GNGGA,024546.000,3859.9974,N,11613.9789,E,1,10,0.85,-16.7,M,-6.8,M,,*7E
$PAIRACC,4.68,9.14*4D
$GNGLL,3859.9974,N,11613.9789,E,024546.000,A,A*49
$GNGSA,A,3,18,31,05,20,,,,,,,,,1.30,0.85,0.99,1*02
$GNGSA,A,3,74,65,,,,,,,,,,,1.30,0.85,0.99,2*0D
$GNGSA,A,3,,,,,,,,,,,,,1.30,0.85,0.99,3*0C
$GNGSA,A,3,08,03,04,05,,,,,,,,,1.30,0.85,0.99,4*01
$GPGSV,3,1,10,18,06,135,38.6,22,38,136,,31,73,216,39.1,30,35,080,,1*68
$GPGSV,3,2,10,01,32,313,,05,24,053,39.3,11,22,286,,12,16,046,,1*7D
$GPGSV,3,3,10,20,08,315,38.4,14,58,050,,1*74
$GLGSV,1,1,04,74,14,261,39.5,65,62,256,39.7,82,20,088,,72,13,333,,1*77
$GAGSV,1,1,00,7*73
$GBGSV,3,1,10,14,02,237,,08,73,344,38.7,09,56,267,,03,43,190,38.1,1*78
$GBGSV,3,2,10,01,38,147,,02,30,229,,04,27,124,38.5,12,19,244,,1*69
$GBGSV,3,3,10,05,15,248,37.8,06,75,329,,1*66
$GNRMC,024546.000,A,3859.9974,N,11613.9789,E,0.01,107.84,280612,,,A,V*00
$GNVTG,107.84,T,,M,0.01,N,0.01,K,A*29
$GNZDA,024546.000,28,06,2012,,*44
$GNGGA,024547.000,3859.9974,N,11613.9789,E,1,10,0.85,-16.7,M,-6.8,M,,*7F
$PAIRACC,4.73,9.38*49
$GNGLL,3859.9974,N,11613.9789,E,024547.000,A,A*48
$GNGSA,A,3,18,31,05,20,,,,,,,,,1.30,0.85,0.99,1*02
$GNGSA,A,3,74,65,,,,,,,,,,,1.30,0.85,0.99,2*0D
$GNGSA,A,3,,,,,,,,,,,,,1.30,0.85,0.99,3*0C
$GNGSA,A,3,08,03,04,05,,,,,,,,,1.30,0.85,0.99,4*01
$GPGSV,3,1,10,18,06,135,38.8,22,38,136,,31,73,216,39.2,30,35,080,,1*65
$GPGSV,3,2,10,01,32,313,,05,24,053,38.5,11,22,286,,12,16,046,,1*7A
$GPGSV,3,3,10,20,08,315,38.8,14,58,050,,1*78
$GLGSV,1,1,04,74,14,261,38.8,65,62,256,39.5,82,20,088,,72,13,333,,1*79
$GAGSV,1,1,00,7*73
$GBGSV,3,1,10,14,02,237,,08,73,344,39.1,09,56,267,,03,43,190,38.5,1*7B
$GBGSV,3,2,10,01,38,147,,02,30,229,,04,27,124,38.4,12,19,244,,1*68
$GBGSV,3,3,10,05,15,248,38.8,06,75,329,,1*69
$GNRMC,024547.000,A,3859.9974,N,11613.9789,E,0.01,98.72,280612,,,A,V*3F
$GNVTG,98.72,T,,M,0.01,N,0.01,K,A*17
$GNZDA,024547.000,28,06,2012,,*45
$GNGGA,024548.000,3859.9974,N,11613.9789,E,1,10,0.85,-16.7,M,-6.8,M,,*70
$PAIRACC,4.68,9.12*4B
$GNGLL,3859.9974,N,11613.9789,E,024548.000,A,A*47
$GNGSA,A,3,18,31,05,20,,,,,,,,,1.30,0.85,0.99,1*02
$GNGSA,A,3,74,65,,,,,,,,,,,1.30,0.85,0.99,2*0D
$GNGSA,A,3,,,,,,,,,,,,,1.30,0.85,0.99,3*0C
$GNGSA,A,3,08,03,04,05,,,,,,,,,1.30,0.85,0.99,4*01
$GPGSV,3,1,10,18,06,135,38.8,22,38,136,,31,73,216,38.7,30,35,080,,1*61
$GPGSV,3,2,10,01,32,313,,05,24,053,39.0,11,22,286,,12,16,046,,1*7E
$GPGSV,3,3,10,20,08,315,38.3,14,58,050,,1*73
$GLGSV,1,1,04,74,14,261,39.4,65,62,256,39.3,82,20,088,,72,13,333,,1*72
$GAGSV,1,1,00,7*73
$GBGSV,3,1,10,14,02,237,,08,73,345,38.7,09,56,267,,03,43,190,38.1,1*79
$GBGSV,3,2,10,01,38,147,,02,30,229,,04,27,124,38.3,12,19,244,,1*6F
$GBGSV,3,3,10,05,15,248,38.0,06,75,329,,1*61
$GNRMC,024548.000,A,3859.9974,N,11613.9789,E,0.01,98.55,280612,,,A,V*35
$GNVTG,98.55,T,,M,0.01,N,0.01,K,A*12
$GNZDA,024548.000,28,06,2012,,*4A
$GNGGA,024549.000,3859.9974,N,11613.9789,E,1,10,0.85,-16.7,M,-6.8,M,,*71
$PAIRACC,4.67,9.06*41
$GNGLL,3859.9974,N,11613.9789,E,024549.000,A,A*46
$GNGSA,A,3,18,31,05,20,,,,,,,,,1.30,0.85,0.99,1*02
$GNGSA,A,3,74,65,,,,,,,,,,,1.30,0.85,0.99,2*0D
$GNGSA,A,3,,,,,,,,,,,,,1.30,0.85,0.99,3*0C
$GNGSA,A,3,08,03,04,05,,,,,,,,,1.30,0.85,0.99,4*01
$GPGSV,3,1,10,18,06,135,38.7,22,38,136,,31,73,216,39.0,30,35,080,,1*68
$GPGSV,3,2,10,01,32,313,,05,24,053,38.9,11,22,286,,12,16,046,,1*76
$GPGSV,3,3,10,20,08,315,38.5,14,58,050,,1*75
$GLGSV,1,1,04,74,14,261,38.7,65,62,256,39.5,82,20,088,,72,13,333,,1*76
$GAGSV,1,1,00,7*73
$GBGSV,3,1,10,14,02,237,,08,73,345,39.4,09,56,268,,03,43,190,38.5,1*70
$GBGSV,3,2,10,01,38,147,,02,30,229,,04,27,124,38.1,12,19,244,,1*6D
$GBGSV,3,3,10,05,15,248,38.0,06,75,329,,1*61
$GNRMC,024549.000,A,3859.9974,N,11613.9789,E,0.01,113.98,280612,,,A,V*07
$GNVTG,113.98,T,,M,0.01,N,0.01,K,A*21
$GNZDA,024549.000,28,06,2012,,*4B
$GNGGA,024550.000,3859.9974,N,11613.9789,E,1,10,0.85,-16.7,M,-6.8,M,,*79
$PAIRACC,4.69,9.26*4D
$GNGLL,3859.9974,N,11613.9789,E,024550.000,A,A*4E
$GNGSA,A,3,18,31,05,20,,,,,,,,,1.30,0.85,0.99,1*02
$GNGSA,A,3,74,65,,,,,,,,,,,1.30,0.85,0.99,2*0D
$GNGSA,A,3,,,,,,,,,,,,,1.30,0.85,0.99,3*0C
$GNGSA,A,3,08,03,04,05,,,,,,,,,1.30,0.85,0.99,4*01
$GPGSV,3,1,10,18,06,135,39.1,22,38,136,,31,73,216,39.0,30,35,080,,1*6F
$GPGSV,3,2,10,01,32,313,,05,24,053,39.0,11,22,286,,12,16,046,,1*7E
$GPGSV,3,3,10,20,08,315,38.4,14,58,050,,1*74
$GLGSV,1,1,04,74,14,261,39.4,65,62,256,39.2,82,20,088,,72,13,333,,1*73
$GAGSV,1,1,00,7*73
$GBGSV,3,1,10,14,02,237,,08,73,345,38.7,09,56,268,,03,43,190,38.6,1*71
$GBGSV,3,2,10,01,38,147,,02,30,229,,04,27,124,38.7,12,19,244,,1*6B
$GBGSV,3,3,10,05,15,248,38.3,06,75,329,,1*62
$GNRMC,024550.000,A,3859.9974,N,11613.9789,E,0.01,81.45,280612,,,A,V*35
$GNVTG,81.45,T,,M,0.01,N,0.01,K,A*1B
$GNZDA,024550.000,28,06,2012,,*43
$GNGGA,024551.000,3859.9974,N,11613.9789,E,1,10,0.85,-16.7,M,-6.8,M,,*78
$PAIRACC,4.68,9.13*4A
$GNGLL,3859.9974,N,11613.9789,E,024551.000,A,A*4F
$GNGSA,A,3,18,31,05,20,,,,,,,,,1.30,0.85,0.99,1*02
$GNGSA,A,3,74,65,,,,,,,,,,,1.30,0.85,0.99,2*0D
$GNGSA,A,3,,,,,,,,,,,,,1.30,0.85,0.99,3*0C
$GNGSA,A,3,08,03,04,05,,,,,,,,,1.30,0.85,0.99,4*01
$GPGSV,3,1,10,18,06,135,38.7,22,38,136,,31,73,216,39.1,30,35,080,,1*69
$GPGSV,3,2,10,01,32,313,,05,24,053,39.0,11,22,286,,12,16,046,,1*7E
$GPGSV,3,3,10,20,08,315,38.9,14,58,050,,1*79
$GLGSV,1,1,04,74,14,261,38.9,65,62,256,39.1,82,20,088,,72,13,333,,1*7C
$GAGSV,1,1,00,7*73
$GBGSV,3,1,10,14,02,237,,08,73,345,39.1,09,56,268,,03,43,190,38.0,1*70
$GBGSV,3,2,10,01,38,147,,02,30,229,,04,27,124,37.7,12,19,244,,1*64
$GBGSV,3,3,10,05,15,248,38.2,06,75,329,,1*63
$GNRMC,024551.000,A,3859.9974,N,11613.9789,E,0.01,104.16,280612,,,A,V*0E
$GNVTG,104.16,T,,M,0.01,N,0.01,K,A*21
$GNZDA,024551.000,28,06,2012,,*42
$GNGGA,024552.000,3859.9974,N,11613.9789,E,1,10,0.85,-16.7,M,-6.8,M,,*7B
$PAIRACC,4.67,9.14*42
$GNGLL,3859.9974,N,11613.9789,E,024552.000,A,A*4C
$GNGSA,A,3,18,31,05,20,,,,,,,,,1.30,0.85,0.99,1*02
$GNGSA,A,3,74,65,,,,,,,,,,,1.30,0.85,0.99,2*0D
$GNGSA,A,3,,,,,,,,,,,,,1.30,0.85,0.99,3*0C
$GNGSA,A,3,08,03,04,05,,,,,,,,,1.30,0.85,0.99,4*01
$GPGSV,3,1,10,18,06,135,39.1,22,38,136,,31,73,216,38.7,30,35,080,,1*69
$GPGSV,3,2,10,01,32,313,,05,24,053,39.2,11,22,286,,12,16,046,,1*7C
$GPGSV,3,3,10,20,08,315,38.6,14,58,050,,1*76
$GLGSV,1,1,04,74,14,261,39.0,65,62,256,39.4,82,20,088,,72,13,333,,1*71
$GAGSV,1,1,00,7*73
$GBGSV,3,1,10,14,02,237,,08,73,345,39.0,09,56,268,,03,43,190,38.6,1*77
$GBGSV,3,2,10,01,38,147,,02,30,229,,04,27,124,37.7,12,20,245,,1*6F
$GBGSV,3,3,10,05,15,248,37.8,06,75,329,,1*66
$GNRMC,024552.000,A,3859.9974,N,11613.9789,E,0.01,116.47,280612,,,A,V*0A
$GNVTG,116.47,T,,M,0.01,N,0.01,K,A*26
$GNZDA,024552.000,28,06,2012,,*41
$GNGGA,024553.000,3859.9974,N,11613.9789,E,1,10,0.85,-16.7,M,-6.8,M,,*7A
$PAIRACC,4.70,9.10*40
$GNGLL,3859.9974,N,11613.9789,E,024553.000,A,A*4D
$GNGSA,A,3,18,31,05,20,,,,,,,,,1.30,0.85,0.99,1*02
$GNGSA,A,3,74,65,,,,,,,,,,,1.30,0.85,0.99,2*0D
$GNGSA,A,3,,,,,,,,,,,,,1.30,0.85,0.99,3*0C
$GNGSA,A,3,08,03,04,05,,,,,,,,,1.30,0.85,0.99,4*01
$GPGSV,3,1,10,18,06,135,39.1,22,38,136,,31,73,216,38.9,30,35,080,,1*67
$GPGSV,3,2,10,01,32,313,,05,24,053,39.0,11,22,286,,12,16,046,,1*7E
$GPGSV,3,3,10,20,08,315,38.8,14,58,050,,1*78
$GLGSV,1,1,04,74,14,261,38.7,65,62,256,39.5,82,20,088,,72,13,333,,1*76
$GAGSV,1,1,00,7*73
$GBGSV,3,1,10,14,02,237,,08,73,345,38.8,09,56,268,,03,43,190,38.5,1*7D
$GBGSV,3,2,10,01,38,147,,02,30,229,,04,27,124,38.8,12,20,245,,1*6F
$GBGSV,3,3,10,05,15,248,38.8,06,75,329,,1*69
$GNRMC,024553.000,A,3859.9974,N,11613.9789,E,0.00,117.08,280612,,,A,V*00
$GNVTG,117.08,T,,M,0.00,N,0.01,K,A*2D
$GNZDA,024553.000,28,06,2012,,*40
$GNGGA,024554.000,3859.9974,N,11613.9789,E,1,10,0.85,-16.7,M,-6.8,M,,*7D
$PAIRACC,4.66,9.12*45
$GNGLL,3859.9974,N,11613.9789,E,024554.000,A,A*4A
$GNGSA,A,3,18,31,05,20,,,,,,,,,1.30,0.85,0.99,1*02
$GNGSA,A,3,74,65,,,,,,,,,,,1.30,0.85,0.99,2*0D
$GNGSA,A,3,,,,,,,,,,,,,1.30,0.85,0.99,3*0C
$GNGSA,A,3,08,03,04,05,,,,,,,,,1.30,0.85,0.99,4*01
$GPGSV,3,1,10,18,06,135,38.8,22,38,136,,31,73,216,38.8,30,35,080,,1*6E
$GPGSV,3,2,10,01,32,313,,05,24,053,39.2,11,22,286,,12,16,046,,1*7C
$GPGSV,3,3,10,20,08,315,38.4,14,58,050,,1*74
$GLGSV,1,1,04,74,14,261,39.2,65,62,256,39.2,82,20,088,,72,13,333,,1*75
$GAGSV,1,1,00,7*73
$GBGSV,3,1,10,14,03,237,,08,73,345,38.8,09,56,268,,03,43,190,38.2,1*7B
$GBGSV,3,2,10,01,38,147,,02,30,229,,04,27,124,38.1,12,20,245,,1*66
$GBGSV,3,3,10,05,15,248,38.3,06,75,329,,1*62
$GNRMC,024554.000,A,3859.9974,N,11613.9789,E,0.00,81.86,280612,,,A,V*3F
$GNVTG,81.86,T,,M,0.00,N,0.01,K,A*15
$GNZDA,024554.000,28,06,2012,,*47
$GNGGA,024555.000,3859.9974,N,11613.9790,E,1,10,0.85,-16.7,M,-6.8,M,,*74
$PAIRACC,4.71,9.10*41
$GNGLL,3859.9974,N,11613.9790,E,024555.000,A,A*43
$GNGSA,A,3,18,31,05,20,,,,,,,,,1.30,0.85,0.99,1*02
$GNGSA,A,3,74,65,,,,,,,,,,,1.30,0.85,0.99,2*0D
$GNGSA,A,3,,,,,,,,,,,,,1.30,0.85,0.99,3*0C
$GNGSA,A,3,08,03,04,05,,,,,,,,,1.30,0.85,0.99,4*01
$GPGSV,3,1,10,18,06,135,39.0,22,38,136,,31,73,216,39.2,30,35,080,,1*6C
$GPGSV,3,2,10,01,32,313,,05,24,053,38.7,11,22,286,,12,16,046,,1*78
$GPGSV,3,3,10,20,08,315,38.8,14,58,050,,1*78
$GLGSV,1,1,04,74,14,261,39.0,65,62,256,39.5,82,20,088,,72,13,333,,1*70
$GAGSV,1,1,00,7*73
$GBGSV,3,1,10,14,03,237,,08,73,345,38.8,09,56,268,,03,43,190,38.4,1*7D
$GBGSV,3,2,10,01,38,147,,02,30,229,,04,27,124,38.0,12,20,245,,1*67
$GBGSV,3,3,10,05,15,248,38.1,06,75,329,,1*60
$GNRMC,024555.000,A,3859.9974,N,11613.9790,E,0.00,101.11,280612,,,A,V*01
$GNVTG,101.11,T,,M,0.00,N,0.01,K,A*22
$GNZDA,024555.000,28,06,2012,,*46
$GNGGA,024556.000,3859.9974,N,11613.9790,E,1,10,0.85,-16.7,M,-6.8,M,,*77
$PAIRACC,4.64,9.07*43
$GNGLL,3859.9974,N,11613.9790,E,024556.000,A,A*40
$GNGSA,A,3,18,31,05,20,,,,,,,,,1.30,0.85,0.99,1*02
$GNGSA,A,3,74,65,,,,,,,,,,,1.30,0.85,0.99,2*0D
$GNGSA,A,3,,,,,,,,,,,,,1.30,0.85,0.99,3*0C
$GNGSA,A,3,08,03,04,05,,,,,,,,,1.30,0.85,0.99,4*01
$GPGSV,3,1,10,18,06,135,39.2,22,38,136,,31,73,216,39.2,30,35,080,,1*6E
$GPGSV,3,2,10,01,32,313,,05,24,053,39.4,11,22,286,,12,16,046,,1*7A
$GPGSV,3,3,10,20,08,315,38.5,14,58,050,,1*75
$GLGSV,1,1,04,74,14,261,39.7,65,62,256,39.4,82,20,088,,72,13,333,,1*76
$GAGSV,1,1,00,7*73
$GBGSV,3,1,10,14,03,237,,08,73,345,39.2,09,56,268,,03,43,190,38.6,1*74
$GBGSV,3,2,10,01,38,147,,02,30,229,,04,27,124,38.8,12,20,245,,1*6F
$GBGSV,3,3,10,05,15,248,38.7,06,75,329,,1*66
$GNRMC,024556.000,A,3859.9974,N,11613.9790,E,0.00,108.52,280612,,,A,V*0C
$GNVTG,108.52,T,,M,0.00,N,0.01,K,A*2C
$GNZDA,024556.000,28,06,2012,,*45
$GNGGA,024557.000,3859.9974,N,11613.9790,E,1,10,0.85,-16.7,M,-6.8,M,,*76
$PAIRACC,4.74,9.28*4F
$GNGLL,3859.9974,N,11613.9790,E,024557.000,A,A*41
$GNGSA,A,3,18,31,05,20,,,,,,,,,1.30,0.85,0.99,1*02
$GNGSA,A,3,74,65,,,,,,,,,,,1.30,0.85,0.99,2*0D
$GNGSA,A,3,,,,,,,,,,,,,1.30,0.85,0.99,3*0C
$GNGSA,A,3,08,03,04,05,,,,,,,,,1.30,0.85,0.99,4*01
$GPGSV,3,1,10,18,06,135,39.0,22,38,136,,31,73,216,39.3,30,35,080,,1*6D
$GPGSV,3,2,10,01,32,313,,05,24,053,38.5,11,22,286,,12,16,046,,1*7A
$GPGSV,3,3,10,20,08,315,38.3,14,58,050,,1*73
$GLGSV,1,1,04,74,14,261,39.0,65,62,256,39.6,82,20,088,,72,13,333,,1*73
$GAGSV,1,1,00,7*73
$GBGSV,3,1,10,14,03,237,,08,73,345,38.9,09,56,268,,03,43,190,38.2,1*7A
$GBGSV,3,2,10,01,38,147,,02,30,229,,04,27,124,38.2,12,20,245,,1*65
$GBGSV,3,3,10,05,15,248,38.3,06,75,329,,1*62
$GNRMC,024557.000,A,3859.9974,N,11613.9790,E,0.00,107.79,280612,,,A,V*0B
$GNVTG,107.79,T,,M,0.00,N,0.01,K,A*2A
$GNZDA,024557.000,28,06,2012,,*44
$GNGGA,024558.000,3859.9974,N,11613.9790,E,1,10,0.85,-16.7,M,-6.8,M,,*79
$PAIRACC,4.63,9.00*43
$GNGLL,3859.9974,N,11613.9790,E,024558.000,A,A*4E
$GNGSA,A,3,18,31,05,20,,,,,,,,,1.30,0.85,0.99,1*02
$GNGSA,A,3,74,65,,,,,,,,,,,1.30,0.85,0.99,2*0D
$GNGSA,A,3,,,,,,,,,,,,,1.30,0.85,0.99,3*0C
$GNGSA,A,3,08,03,04,05,,,,,,,,,1.30,0.85,0.99,4*01
$GPGSV,3,1,10,18,06,135,38.8,22,38,136,,31,73,216,39.3,30,35,080,,1*64
$GPGSV,3,2,10,01,32,313,,05,24,053,39.2,11,22,286,,12,16,046,,1*7C
$GPGSV,3,3,10,20,08,315,38.4,14,58,050,,1*74
$GLGSV,1,1,04,74,14,261,39.6,65,62,256,39.1,82,20,088,,72,13,333,,1*72
$GAGSV,1,1,00,7*73
$GBGSV,3,1,10,14,03,237,,08,73,345,39.1,09,56,268,,03,43,190,38.5,1*74
$GBGSV,3,2,10,01,38,147,,02,30,229,,04,27,124,38.0,12,20,245,,1*67
$GBGSV,3,3,10,05,15,248,37.5,06,75,329,,1*6B
$GNRMC,024558.000,A,3859.9974,N,11613.9790,E,0.00,84.83,280612,,,A,V*3B
$GNVTG,84.83,T,,M,0.00,N,0.01,K,A*15
$GNZDA,024558.000,28,06,2012,,*4B
$GNGGA,024559.000,3859.9974,N,11613.9790,E,1,10,0.85,-16.7,M,-6.8,M,,*78
$PAIRACC,4.77,9.40*42
$GNGLL,3859.9974,N,11613.9790,E,024559.000,A,A*4F
$GNGSA,A,3,18,31,05,20,,,,,,,,,1.30,0.85,0.99,1*02
$GNGSA,A,3,74,65,,,,,,,,,,,1.30,0.85,0.99,2*0D
$GNGSA,A,3,,,,,,,,,,,,,1.30,0.85,0.99,3*0C
$GNGSA,A,3,08,03,04,05,,,,,,,,,1.30,0.85,0.99,4*01
$GPGSV,3,1,10,18,06,135,38.8,22,38,136,,31,73,216,39.1,30,35,080,,1*66
$GPGSV,3,2,10,01,32,313,,05,24,053,38.9,11,22,286,,12,16,046,,1*76
$GPGSV,3,3,10,20,08,315,39.1,14,58,050,,1*70
$GLGSV,1,1,04,74,14,261,39.0,65,62,256,39.0,82,20,088,,72,13,333,,1*75
$GAGSV,1,1,00,7*73
$GBGSV,3,1,10,14,03,237,,08,73,345,39.0,09,56,268,,03,43,190,38.6,1*76
$GBGSV,3,2,10,01,38,147,,02,30,229,,04,27,124,38.3,12,20,245,,1*64
$GBGSV,3,3,10,05,15,248,38.4,06,75,329,,1*65
$GNRMC,024559.000,A,3859.9974,N,11613.9790,E,0.00,72.09,280612,,,A,V*31
$GNVTG,72.09,T,,M,0.00,N,0.01,K,A*1E
$GNZDA,024559.000,28,06,2012,,*4A
$GNGGA,024600.000,3859.9974,N,11613.9790,E,1,10,0.85,-16.7,M,-6.8,M,,*77
$PAIRACC,4.67,9.11*47
$GNGLL,3859.9974,N,11613.9790,E,024600.000,A,A*40
$GNGSA,A,3,18,31,05,20,,,,,,,,,1.30,0.85,0.99,1*02
$GNGSA,A,3,74,65,,,,,,,,,,,1.30,0.85,0.99,2*0D
$GNGSA,A,3,,,,,,,,,,,,,1.30,0.85,0.99,3*0C
$GNGSA,A,3,08,03,04,05,,,,,,,,,1.30,0.85,0.99,4*01
$GPGSV,3,1,10,18,06,135,39.0,22,38,136,,31,73,216,39.1,30,35,080,,1*6F
$GPGSV,3,2,10,01,32,313,,05,24,053,39.0,11,22,286,,12,16,046,,1*7E
$GPGSV,3,3,10,20,08,315,38.8,14,58,050,,1*78
$GLGSV,1,1,04,74,14,261,38.9,65,62,256,39.4,82,20,088,,72,13,333,,1*79
$GAGSV,1,1,00,7*73
$GBGSV,3,1,10,14,03,237,,08,73,345,38.6,09,56,268,,03,43,190,38.4,1*73
$GBGSV,3,2,10,01,38,147,,02,30,229,,04,27,124,38.0,12,20,245,,1*67
$GBGSV,3,3,10,05,15,248,37.9,06,75,329,,1*67
$GNRMC,024600.000,A,3859.9974,N,11613.9790,E,0.00,120.45,280612,,,A,V*00
$GNVTG,120.45,T,,M,0.00,N,0.01,K,A*20
$GNZDA,024600.000,28,06,2012,,*45
$GNGGA,024601.000,3859.9974,N,11613.9790,E,1,10,0.85,-16.7,M,-6.8,M,,*76
$PAIRACC,4.81,9.52*48
$GNGLL,3859.9974,N,11613.9790,E,024601.000,A,A*41
$GNGSA,A,3,18,31,05,20,,,,,,,,,1.30,0.85,0.99,1*02
$GNGSA,A,3,74,65,,,,,,,,,,,1.30,0.85,0.99,2*0D
$GNGSA,A,3,,,,,,,,,,,,,1.30,0.85,0.99,3*0C
$GNGSA,A,3,08,03,04,05,,,,,,,,,1.30,0.85,0.99,4*01
$GPGSV,3,1,10,18,06,135,38.6,22,38,136,,31,73,216,38.7,30,35,080,,1*6F
$GPGSV,3,2,10,01,32,313,,05,24,053,38.9,11,22,286,,12,16,046,,1*76
$GPGSV,3,3,10,20,08,315,38.9,14,58,050,,1*79
$GLGSV,1,1,04,74,14,261,39.1,65,62,256,39.3,82,20,088,,72,13,333,,1*77
$GAGSV,1,1,00,7*73
$GBGSV,3,1,10,14,03,237,,08,73,345,38.4,09,56,268,,03,43,190,38.3,1*76
$GBGSV,3,2,10,01,38,147,,02,30,229,,04,27,124,37.9,12,20,245,,1*61
$GBGSV,3,3,10,05,15,248,38.1,06,75,329,,1*60
$GNRMC,024601.000,A,3859.9974,N,11613.9790,E,0.00,121.14,280612,,,A,V*04
$GNVTG,121.14,T,,M,0.00,N,0.01,K,A*25
$GNZDA,024601.000,28,06,2012,,*44
$GNGGA,024602.000,3859.9974,N,11613.9790,E,1,10,0.85,-16.7,M,-6.8,M,,*75
$PAIRACC,4.66,9.10*47
$GNGLL,3859.9974,N,11613.9790,E,024602.000,A,A*42
$GNGSA,A,3,18,31,05,20,,,,,,,,,1.30,0.85,0.99,1*02
$GNGSA,A,3,74,65,,,,,,,,,,,1.30,0.85,0.99,2*0D
$GNGSA,A,3,,,,,,,,,,,,,1.30,0.85,0.99,3*0C
$GNGSA,A,3,08,03,04,05,,,,,,,,,1.30,0.85,0.99,4*01
$GPGSV,3,1,10,18,06,135,38.7,22,38,136,,31,73,216,38.7,30,35,080,,1*6E
$GPGSV,3,2,10,01,32,313,,05,24,053,38.9,11,22,286,,12,16,046,,1*76
$GPGSV,3,3,10,20,08,315,38.7,14,58,050,,1*77
$GLGSV,1,1,04,74,14,261,39.2,65,62,256,38.9,82,20,088,,72,13,333,,1*7F
$GAGSV,1,1,00,7*73
$GBGSV,3,1,10,14,03,237,,08,73,345,38.6,09,56,268,,03,43,190,38.3,1*74
$GBGSV,3,2,10,01,38,147,,02,30,229,,04,27,124,38.6,12,20,245,,1*61
$GBGSV,3,3,10,05,15,248,38.7,06,75,329,,1*66
$GNRMC,024602.000,A,3859.9974,N,11613.9790,E,0.00,112.17,280612,,,A,V*04
$GNVTG,112.17,T,,M,0.00,N,0.01,K,A*26
$GNZDA,024602.000,28,06,2012,,*47
$GNGGA,024603.000,3859.9974,N,11613.9790,E,1,10,0.85,-16.7,M,-6.8,M,,*74
$PAIRACC,4.77,9.43*41
$GNGLL,3859.9974,N,11613.9790,E,024603.000,A,A*43
$GNGSA,A,3,05,20,18,31,,,,,,,,,1.30,0.85,0.99,1*02
$GNGSA,A,3,74,65,,,,,,,,,,,1.30,0.85,0.99,2*0D
$GNGSA,A,3,,,,,,,,,,,,,1.30,0.85,0.99,3*0C
$GNGSA,A,3,08,03,04,05,,,,,,,,,1.30,0.85,0.99,4*01
$GPGSV,2,1,06,30,35,080,,05,24,053,38.9,11,22,286,,20,08,315,38.6,1*67
$GPGSV,2,2,06,18,06,135,39.2,31,73,216,38.8,1*62
$GLGSV,1,1,04,82,20,088,,74,14,261,39.0,72,13,333,,65,62,256,39.7,1*72
$GAGSV,1,1,00,7*73
$GBGSV,3,1,10,14,03,237,,06,75,329,,08,73,345,38.6,09,56,268,,1*62
$GBGSV,3,2,10,03,43,190,38.1,01,38,147,,02,30,229,,04,27,124,38.3,1*7E
$GBGSV,3,3,10,12,20,245,,05,15,248,38.2,1*6D
$GNRMC,024603.000,A,3859.9974,N,11613.9790,E,0.00,137.75,280612,,,A,V*06
$GNVTG,137.75,T,,M,0.00,N,0.01,K,A*25
$GNZDA,024603.000,28,06,2012,,*46
$GNGGA,024604.000,3859.9973,N,11613.9790,E,1,10,0.85,-16.8,M,-6.8,M,,*7B
$PAIRACC,4.71,9.21*43
$GNGLL,3859.9973,N,11613.9790,E,024604.000,A,A*43
$GNGSA,A,3,18,31,05,20,,,,,,,,,1.30,0.85,0.99,1*02
$GNGSA,A,3,74,65,,,,,,,,,,,1.30,0.85,0.99,2*0D
$GNGSA,A,3,,,,,,,,,,,,,1.30,0.85,0.99,3*0C
$GNGSA,A,3,08,03,04,05,,,,,,,,,1.30,0.85,0.99,4*01
$GPGSV,3,1,10,18,06,135,39.5,22,38,136,,31,73,216,38.7,30,35,080,,1*6D
$GPGSV,3,2,10,01,32,313,,05,24,053,39.0,11,22,286,,12,16,046,,1*7E
$GPGSV,3,3,10,20,08,315,38.7,14,58,050,,1*77
$GLGSV,1,1,04,74,14,261,39.0,65,62,256,39.3,82,20,088,,72,13,333,,1*76
$GAGSV,1,1,00,7*73
$GBGSV,3,1,10,14,03,237,,08,73,345,39.1,09,56,268,,03,43,190,38.4,1*75
$GBGSV,3,2,10,01,38,147,,02,30,229,,04,27,124,38.3,12,20,245,,1*64
$GBGSV,3,3,10,05,15,248,38.0,06,75,329,,1*61
$GNRMC,024604.000,A,3859.9973,N,11613.9790,E,0.00,122.82,280612,,,A,V*0A
$GNVTG,122.82,T,,M,0.00,N,0.01,K,A*29
$GNZDA,024604.000,28,06,2012,,*41
$GNGGA,024605.000,3859.9973,N,11613.9790,E,1,10,0.85,-16.8,M,-6.8,M,,*7A
$PAIRACC,4.79,9.48*44
$GNGLL,3859.9973,N,11613.9790,E,024605.000,A,A*42
$GNGSA,A,3,18,31,05,20,,,,,,,,,1.30,0.85,0.99,1*02
$GNGSA,A,3,74,65,,,,,,,,,,,1.30,0.85,0.99,2*0D
$GNGSA,A,3,,,,,,,,,,,,,1.30,0.85,0.99,3*0C
$GNGSA,A,3,08,03,04,05,,,,,,,,,1.30,0.85,0.99,4*01
$GPGSV,3,1,10,18,06,135,38.9,22,38,136,,31,73,216,39.0,30,35,080,,1*66
$GPGSV,3,2,10,01,32,313,,05,24,053,39.0,11,22,286,,12,16,046,,1*7E
$GPGSV,3,3,10,20,08,315,38.8,14,58,050,,1*78
$GLGSV,1,1,04,74,14,261,38.4,65,62,256,39.2,82,20,088,,72,13,333,,1*72
$GAGSV,1,1,00,7*73
$GBGSV,3,1,10,14,03,237,,08,73,345,38.7,09,56,268,,03,43,190,38.7,1*71
$GBGSV,3,2,10,01,38,147,,02,30,229,,04,27,124,38.7,12,20,245,,1*60
$GBGSV,3,3,10,05,15,248,38.9,06,75,329,,1*68
$GNRMC,024605.000,A,3859.9973,N,11613.9790,E,0.00,115.70,280612,,,A,V*02
$GNVTG,115.70,T,,M,0.00,N,0.01,K,A*20
$GNZDA,024605.000,28,06,2012,,*40
$GNGGA,024606.000,3859.9973,N,11613.9790,E,1,10,0.85,-16.8,M,-6.8,M,,*79
$PAIRACC,4.65,9.12*46
$GNGLL,3859.9973,N,11613.9790,E,024606.000,A,A*41
$GNGSA,A,3,18,31,05,20,,,,,,,,,1.30,0.85,0.99,1*02
$GNGSA,A,3,74,65,,,,,,,,,,,1.30,0.85,0.99,2*0D
$GNGSA,A,3,,,,,,,,,,,,,1.30,0.85,0.99,3*0C
$GNGSA,A,3,08,03,04,05,,,,,,,,,1.30,0.85,0.99,4*01
$GPGSV,3,1,10,18,06,135,39.5,22,38,136,,31,73,216,38.9,30,35,080,,1*63
$GPGSV,3,2,10,01,32,313,,05,24,053,39.2,11,22,286,,12,16,046,,1*7C
$GPGSV,3,3,10,20,08,315,38.5,14,58,050,,1*75
$GLGSV,1,1,04,74,14,261,39.3,65,62,256,39.5,82,20,088,,72,13,333,,1*73
$GAGSV,1,1,00,7*73
$GBGSV,3,1,10,14,03,237,,08,73,345,38.8,09,56,268,,03,43,190,38.2,1*7B
$GBGSV,3,2,10,01,38,147,,02,30,229,,04,27,124,38.0,12,20,245,,1*67
$GBGSV,3,3,10,05,15,248,37.9,06,75,329,,1*67
$GNRMC,024606.000,A,3859.9973,N,11613.9790,E,0.00,127.52,280612,,,A,V*00
$GNVTG,127.52,T,,M,0.00,N,0.01,K,A*21
$GNZDA,024606.000,28,06,2012,,*43
$GNGGA,024607.000,3859.9973,N,11613.9790,E,1,10,0.85,-16.8,M,-6.8,M,,*78
$PAIRACC,4.79,9.50*4D
$GNGLL,3859.9973,N,11613.9790,E,024607.000,A,A*40
$GNGSA,A,3,18,31,05,20,,,,,,,,,1.30,0.85,0.99,1*02
$GNGSA,A,3,74,65,,,,,,,,,,,1.30,0.85,0.99,2*0D
$GNGSA,A,3,,,,,,,,,,,,,1.30,0.85,0.99,3*0C
$GNGSA,A,3,08,03,04,05,,,,,,,,,1.30,0.85,0.99,4*01
$GPGSV,3,1,10,18,06,135,39.0,22,38,136,,31,73,216,38.8,30,35,080,,1*67
$GPGSV,3,2,10,01,32,313,,05,24,053,39.0,11,22,286,,12,16,046,,1*7E
$GPGSV,3,3,10,20,08,315,38.5,14,58,050,,1*75
$GLGSV,1,1,04,74,14,261,39.1,65,62,256,39.5,82,20,088,,72,13,333,,1*71
$GAGSV,1,1,00,7*73
$GBGSV,3,1,10,14,03,237,,08,73,345,39.0,09,56,268,,03,43,190,38.3,1*73
$GBGSV,3,2,10,01,38,147,,02,30,229,,04,27,124,38.2,12,20,245,,1*65
$GBGSV,3,3,10,05,15,248,38.0,06,75,329,,1*61
$GNRMC,024607.000,A,3859.9973,N,11613.9790,E,0.00,117.57,280612,,,A,V*07
$GNVTG,117.57,T,,M,0.00,N,0.01,K,A*27
$GNZDA,024607.000,28,06,2012,,*42
$GNGGA,024608.000,3859.9973,N,11613.9790,E,1,10,0.85,-16.8,M,-6.8,M,,*77
$PAIRACC,4.66,9.14*43
$GNGLL,3859.9973,N,11613.9790,E,024608.000,A,A*4F
$GNGSA,A,3,18,31,05,20,,,,,,,,,1.30,0.85,0.99,1*02
$GNGSA,A,3,74,65,,,,,,,,,,,1.30,0.85,0.99,2*0D
$GNGSA,A,3,,,,,,,,,,,,,1.30,0.85,0.99,3*0C
$GNGSA,A,3,08,03,04,05,,,,,,,,,1.30,0.85,0.99,4*01
$GPGSV,3,1,10,18,06,135,38.9,22,38,136,,31,73,216,39.1,30,35,080,,1*67
$GPGSV,3,2,10,01,32,313,,05,24,053,39.2,11,22,286,,12,16,046,,1*7C
$GPGSV,3,3,10,20,08,315,38.5,14,58,050,,1*75
$GLGSV,1,1,04,74,14,261,39.4,65,62,256,39.6,82,20,088,,72,13,333,,1*77
$GAGSV,1,1,00,7*73
$GBGSV,3,1,10,14,03,237,,08,73,345,38.7,09,56,268,,03,43,190,38.5,1*73
$GBGSV,3,2,10,01,38,147,,02,30,229,,04,27,124,38.4,12,20,245,,1*63
$GBGSV,3,3,10,05,15,248,38.5,06,75,329,,1*64
$GNRMC,024608.000,A,3859.9973,N,11613.9790,E,0.00,127.29,280612,,,A,V*02
$GNVTG,127.29,T,,M,0.00,N,0.01,K,A*2D
$GNZDA,024608.000,28,06,2012,,*4D
$GNGGA,024609.000,3859.9973,N,11613.9790,E,1,10,0.85,-16.8,M,-6.8,M,,*76
$PAIRACC,4.77,9.24*40
$GNGLL,3859.9973,N,11613.9790,E,024609.000,A,A*4E
$GNGSA,A,3,18,31,05,20,,,,,,,,,1.30,0.85,0.99,1*02
$GNGSA,A,3,74,65,,,,,,,,,,,1.30,0.85,0.99,2*0D
$GNGSA,A,3,,,,,,,,,,,,,1.30,0.85,0.99,3*0C
$GNGSA,A,3,08,03,04,05,,,,,,,,,1.30,0.85,0.99,4*01
$GPGSV,3,1,10,18,06,135,39.1,22,38,136,,31,73,216,38.9,30,35,080,,1*67
$GPGSV,3,2,10,01,32,313,,05,24,053,39.0,11,22,286,,12,16,046,,1*7E
$GPGSV,3,3,10,20,08,315,38.7,14,58,050,,1*77
$GLGSV,1,1,04,74,14,261,38.9,65,62,256,39.2,82,20,088,,72,13,333,,1*7F
$GAGSV,1,1,00,7*73
$GBGSV,3,1,10,14,03,237,,08,73,345,39.4,09,56,268,,03,43,190,38.7,1*73
$GBGSV,3,2,10,01,38,147,,02,30,229,,04,27,124,37.8,12,20,245,,1*60
$GBGSV,3,3,10,05,15,248,37.8,06,75,329,,1*66
$GNRMC,024609.000,A,3859.9973,N,11613.9790,E,0.00,126.19,280612,,,A,V*01
$GNVTG,126.19,T,,M,0.00,N,0.01,K,A*2F
$GNZDA,024609.000,28,06,2012,,*4C
$GNGGA,024610.000,3859.9973,N,11613.9790,E,1,10,0.85,-16.8,M,-6.8,M,,*7E
$PAIRACC,4.70,9.27*44
$GNGLL,3859.9973,N,11613.9790,E,024610.000,A,A*46
$GNGSA,A,3,18,31,05,20,,,,,,,,,1.30,0.85,0.99,1*02
$GNGSA,A,3,74,65,,,,,,,,,,,1.30,0.85,0.99,2*0D
$GNGSA,A,3,,,,,,,,,,,,,1.30,0.85,0.99,3*0C
$GNGSA,A,3,08,03,04,05,,,,,,,,,1.30,0.85,0.99,4*01
$GPGSV,3,1,10,18,06,135,38.7,22,38,136,,31,73,216,39.3,30,35,080,,1*6B
$GPGSV,3,2,10,01,32,313,,05,24,053,38.9,11,22,286,,12,16,046,,1*76
$GPGSV,3,3,10,20,08,315,38.6,14,58,050,,1*76
$GLGSV,1,1,04,74,14,261,38.7,65,62,256,39.3,82,20,088,,72,13,333,,1*70
$GAGSV,1,1,00,7*73
$GBGSV,3,1,10,14,03,237,,08,73,345,38.9,09,56,268,,03,43,190,38.2,1*7A
$GBGSV,3,2,10,01,38,147,,02,30,229,,04,27,124,38.3,12,20,245,,1*64
$GBGSV,3,3,10,05,15,248,37.9,06,75,329,,1*67
$GNRMC,024610.000,A,3859.9973,N,11613.9790,E,0.00,119.29,280612,,,A,V*06
$GNVTG,119.29,T,,M,0.00,N,0.01,K,A*20
$GNZDA,024610.000,28,06,2012,,*44
$GNGGA,024611.000,3859.9973,N,11613.9790,E,1,10,0.85,-16.8,M,-6.8,M,,*7F
$PAIRACC,4.80,9.25*49
$GNGLL,3859.9973,N,11613.9790,E,024611.000,A,A*47
$GNGSA,A,3,18,31,05,20,,,,,,,,,1.30,0.85,0.99,1*02
$GNGSA,A,3,74,65,,,,,,,,,,,1.30,0.85,0.99,2*0D
$GNGSA,A,3,,,,,,,,,,,,,1.30,0.85,0.99,3*0C
$GNGSA,A,3,08,03,04,05,,,,,,,,,1.30,0.85,0.99,4*01
$GPGSV,3,1,10,18,06,135,38.9,22,38,136,,31,73,216,38.7,30,35,080,,1*60
$GPGSV,3,2,10,01,32,313,,05,24,053,39.0,11,22,286,,12,16,046,,1*7E
$GPGSV,3,3,10,20,08,315,38.5,14,58,050,,1*75
$GLGSV,1,1,04,74,14,261,38.9,65,62,256,38.8,82,20,088,,72,13,333,,1*74
$GAGSV,1,1,00,7*73
$GBGSV,3,1,10,14,03,237,,08,73,345,39.2,09,56,268,,03,43,190,38.8,1*7A
$GBGSV,3,2,10,01,38,147,,02,30,229,,04,27,124,38.8,12,20,245,,1*6F
$GBGSV,3,3,10,05,15,248,38.4,06,75,329,,1*65
$GNRMC,024611.000,A,3859.9973,N,11613.9790,E,0.01,122.56,280612,,,A,V*06
$GNVTG,122.56,T,,M,0.01,N,0.01,K,A*21
$GNZDA,024611.000,28,06,2012,,*45
$GNGGA,024612.000,3859.9973,N,11613.9790,E,1,10,0.85,-16.8,M,-6.8,M,,*7C
$PAIRACC,4.71,9.30*43
$GNGLL,3859.9973,N,11613.9790,E,024612.000,A,A*44
$GNGSA,A,3,18,31,05,20,,,,,,,,,1.30,0.85,0.99,1*02
$GNGSA,A,3,74,65,,,,,,,,,,,1.30,0.85,0.99,2*0D
$GNGSA,A,3,,,,,,,,,,,,,1.30,0.85,0.99,3*0C
$GNGSA,A,3,08,03,04,05,,,,,,,,,1.30,0.85,0.99,4*01
$GPGSV,3,1,10,18,06,135,39.2,22,38,136,,31,73,216,38.8,30,35,080,,1*65
$GPGSV,3,2,10,01,32,313,,05,24,053,39.0,11,22,286,,12,16,046,,1*7E
$GPGSV,3,3,10,20,08,315,38.5,14,58,050,,1*75
$GLGSV,1,1,04,74,14,261,39.5,65,62,256,39.3,82,20,088,,72,13,333,,1*73
$GAGSV,1,1,00,7*73
$GBGSV,3,1,10,14,03,237,,08,73,345,39.0,09,56,268,,03,43,190,38.2,1*72
$GBGSV,3,2,10,01,38,147,,02,30,229,,04,27,124,38.0,12,20,245,,1*67
$GBGSV,3,3,10,05,15,248,38.0,06,75,329,,1*61
$GNRMC,024612.000,A,3859.9973,N,11613.9790,E,0.01,106.06,280612,,,A,V*06
$GNVTG,106.06,T,,M,0.01,N,0.01,K,A*22
$GNZDA,024612.000,28,06,2012,,*46
$GNGGA,024613.000,3859.9973,N,11613.9790,E,1,10,0.85,-16.8,M,-6.8,M,,*7D
$PAIRACC,4.79,9.26*4C
$GNGLL,3859.9973,N,11613.9790,E,024613.000,A,A*45
$GNGSA,A,3,18,31,05,20,,,,,,,,,1.30,0.85,0.99,1*02
$GNGSA,A,3,74,65,,,,,,,,,,,1.30,0.85,0.99,2*0D
$GNGSA,A,3,,,,,,,,,,,,,1.30,0.85,0.99,3*0C
$GNGSA,A,3,08,03,04,05,,,,,,,,,1.30,0.85,0.99,4*01
$GPGSV,3,1,10,18,06,135,38.8,22,38,136,,31,73,216,38.4,30,35,080,,1*62
$GPGSV,3,2,10,01,32,313,,05,24,053,39.0,11,22,286,,12,16,046,,1*7E
$GPGSV,3,3,10,20,08,315,38.1,14,58,050,,1*71
$GLGSV,1,1,04,74,14,261,38.4,65,62,256,39.5,82,20,088,,72,13,333,,1*75
$GAGSV,1,1,00,7*73
$GBGSV,3,1,10,14,03,237,,08,73,345,39.2,09,56,268,,03,43,190,38.1,1*73
$GBGSV,3,2,10,01,38,147,,02,30,229,,04,27,124,38.2,12,20,245,,1*65
$GBGSV,3,3,10,05,15,248,38.2,06,75,329,,1*63
$GNRMC,024613.000,A,3859.9973,N,11613.9790,E,0.01,110.86,280612,,,A,V*08
$GNVTG,110.86,T,,M,0.01,N,0.01,K,A*2D
$GNZDA,024613.000,28,06,2012,,*47
$GNGGA,024614.000,3859.9973,N,11613.9790,E,1,10,0.85,-16.8,M,-6.8,M,,*7A
$PAIRACC,4.70,9.30*42
$GNGLL,3859.9973,N,11613.9790,E,024614.000,A,A*42
$GNGSA,A,3,18,31,05,20,,,,,,,,,1.30,0.85,0.99,1*02
$GNGSA,A,3,74,65,,,,,,,,,,,1.30,0.85,0.99,2*0D
$GNGSA,A,3,,,,,,,,,,,,,1.30,0.85,0.99,3*0C
$GNGSA,A,3,08,03,04,05,,,,,,,,,1.30,0.85,0.99,4*01
$GPGSV,3,1,10,18,06,135,39.0,22,38,136,,31,73,216,38.7,30,35,080,,1*68
$GPGSV,3,2,10,01,32,313,,05,24,053,38.7,11,22,286,,12,16,046,,1*78
$GPGSV,3,3,10,20,08,315,38.4,14,58,050,,1*74
$GLGSV,1,1,04,74,14,261,39.3,65,62,256,39.1,82,20,088,,72,13,333,,1*77
$GAGSV,1,1,00,7*73
$GBGSV,3,1,10,14,03,237,,08,73,345,39.3,09,56,268,,03,43,190,38.7,1*74
$GBGSV,3,2,10,01,38,147,,02,30,229,,04,27,124,38.1,12,20,245,,1*66
$GBGSV,3,3,10,05,15,248,38.5,06,75,329,,1*64
$GNRMC,024614.000,A,3859.9973,N,11613.9790,E,0.01,116.96,280612,,,A,V*08
$GNVTG,116.96,T,,M,0.01,N,0.01,K,A*2A
$GNZDA,024614.000,28,06,2012,,*40
$GNGGA,024615.000,3859.9972,N,11613.9791,E,1,10,0.85,-16.8,M,-6.8,M,,*7B
$PAIRACC,4.73,9.34*45
$GNGLL,3859.9972,N,11613.9791,E,024615.000,A,A*43
$GNGSA,A,3,18,31,05,20,,,,,,,,,1.30,0.85,0.99,1*02
$GNGSA,A,3,74,65,,,,,,,,,,,1.30,0.85,0.99,2*0D
$GNGSA,A,3,,,,,,,,,,,,,1.30,0.85,0.99,3*0C
$GNGSA,A,3,08,03,04,05,,,,,,,,,1.30,0.85,0.99,4*01
$GPGSV,3,1,10,18,06,135,39.0,22,38,136,,31,73,216,38.5,30,35,080,,1*6A
$GPGSV,3,2,10,01,32,313,,05,24,053,39.2,11,22,286,,12,16,046,,1*7C
$GPGSV,3,3,10,20,08,315,38.7,14,58,050,,1*77
$GLGSV,1,1,04,74,14,261,38.9,65,62,256,39.2,82,20,088,,72,13,333,,1*7F
$GAGSV,1,1,00,7*73
$GBGSV,3,1,10,14,03,237,,08,73,345,39.0,09,56,268,,03,43,190,38.1,1*71
$GBGSV,3,2,10,01,38,147,,02,30,229,,04,27,124,38.1,12,20,245,,1*66
$GBGSV,3,3,10,05,15,248,38.1,06,75,329,,1*60
$GNRMC,024615.000,A,3859.9972,N,11613.9791,E,0.01,147.14,280612,,,A,V*07
$GNVTG,147.14,T,,M,0.01,N,0.01,K,A*24
$GNZDA,024615.000,28,06,2012,,*41
$GNGGA,024616.000,3859.9972,N,11613.9791,E,1,10,0.85,-16.8,M,-6.8,M,,*78
$PAIRACC,4.76,9.40*43
$GNGLL,3859.9972,N,11613.9791,E,024616.000,A,A*40
$GNGSA,A,3,18,31,05,20,,,,,,,,,1.30,0.85,0.99,1*02
$GNGSA,A,3,74,65,,,,,,,,,,,1.30,0.85,0.99,2*0D
$GNGSA,A,3,,,,,,,,,,,,,1.30,0.85,0.99,3*0C
$GNGSA,A,3,08,03,04,05,,,,,,,,,1.30,0.85,0.99,4*01
$GPGSV,3,1,10,18,06,135,39.1,22,38,136,,31,73,216,39.1,30,35,080,,1*6E
$GPGSV,3,2,10,01,32,313,,05,24,053,39.1,11,22,286,,12,16,046,,1*7F
$GPGSV,3,3,10,20,08,315,38.7,14,58,050,,1*77
$GLGSV,1,1,04,74,14,261,39.2,65,62,256,39.2,82,20,088,,72,13,333,,1*75
$GAGSV,1,1,00,7*73
$GBGSV,3,1,10,14,03,237,,08,73,345,38.7,09,56,268,,03,43,190,38.4,1*72
$GBGSV,3,2,10,01,38,147,,02,30,229,,04,27,124,38.5,12,20,245,,1*62
$GBGSV,3,3,10,05,15,248,38.1,06,75,329,,1*60
$GNRMC,024616.000,A,3859.9972,N,11613.9791,E,0.01,118.50,280612,,,A,V*0E
$GNVTG,118.50,T,,M,0.01,N,0.01,K,A*2E
$GNZDA,024616.000,28,06,2012,,*42
$GNGGA,024617.000,3859.9972,N,11613.9791,E,1,10,0.85,-16.8,M,-6.8,M,,*79
$PAIRACC,4.75,9.34*43
$GNGLL,3859.9972,N,11613.9791,E,024617.000,A,A*41
$GNGSA,A,3,18,31,05,20,,,,,,,,,1.30,0.85,0.99,1*02
$GNGSA,A,3,74,65,,,,,,,,,,,1.30,0.85,0.99,2*0D
$GNGSA,A,3,,,,,,,,,,,,,1.30,0.85,0.99,3*0C
$GNGSA,A,3,08,03,04,05,,,,,,,,,1.30,0.85,0.99,4*01
$GPGSV,3,1,10,18,06,135,38.9,22,38,136,,31,73,216,38.5,30,35,080,,1*62
$GPGSV,3,2,10,01,32,313,,05,24,053,39.1,11,22,286,,12,16,046,,1*7F
$GPGSV,3,3,10,20,08,315,38.6,14,58,050,,1*76
$GLGSV,1,1,04,74,14,261,39.2,65,62,256,39.5,82,20,088,,72,13,333,,1*72
$GAGSV,1,1,00,7*73
$GBGSV,3,1,10,14,03,237,,08,73,345,38.6,09,56,268,,03,43,190,38.8,1*7F
$GBGSV,3,2,10,01,38,147,,02,30,229,,04,27,124,38.6,12,20,245,,1*61
$GBGSV,3,3,10,05,15,248,38.4,06,75,329,,1*65
$GNRMC,024617.000,A,3859.9972,N,11613.9791,E,0.01,118.98,280612,,,A,V*0B
$GNVTG,118.98,T,,M,0.01,N,0.01,K,A*2A
$GNZDA,024617.000,28,06,2012,,*43
$GNGGA,024618.000,3859.9972,N,11613.9791,E,1,10,0.85,-16.8,M,-6.8,M,,*76
$PAIRACC,4.69,9.14*4C
$GNGLL,3859.9972,N,11613.9791,E,024618.000,A,A*4E
$GNGSA,A,3,18,31,05,20,,,,,,,,,1.30,0.85,0.99,1*02
$GNGSA,A,3,74,65,,,,,,,,,,,1.30,0.85,0.99,2*0D
$GNGSA,A,3,,,,,,,,,,,,,1.30,0.85,0.99,3*0C
$GNGSA,A,3,08,03,04,05,,,,,,,,,1.30,0.85,0.99,4*01
$GPGSV,3,1,10,18,06,135,39.4,22,38,136,,31,73,216,39.2,30,35,080,,1*68
$GPGSV,3,2,10,01,32,313,,05,24,053,39.1,11,22,286,,12,16,046,,1*7F
$GPGSV,3,3,10,20,08,315,38.4,14,58,050,,1*74
$GLGSV,1,1,04,74,14,261,38.8,65,62,256,39.1,82,20,088,,72,13,333,,1*7D
$GAGSV,1,1,00,7*73
$GBGSV,3,1,10,14,03,237,,08,73,345,38.9,09,56,268,,03,43,190,38.5,1*7D
$GBGSV,3,2,10,01,38,147,,02,30,229,,04,27,124,38.1,12,20,245,,1*66
$GBGSV,3,3,10,05,15,248,37.9,06,75,329,,1*67
$GNRMC,024618.000,A,3859.9972,N,11613.9791,E,0.01,131.00,280612,,,A,V*0E
$GNVTG,131.00,T,,M,0.01,N,0.01,K,A*20
$GNZDA,024618.000,28,06,2012,,*4C
$GNGGA,024619.000,3859.9972,N,11613.9791,E,1,10,0.85,-16.8,M,-6.8,M,,*77
$PAIRACC,4.73,9.27*47
$GNGLL,3859.9972,N,11613.9791,E,024619.000,A,A*4F
$GNGSA,A,3,18,31,05,20,,,,,,,,,1.30,0.85,0.99,1*02
$GNGSA,A,3,74,65,,,,,,,,,,,1.30,0.85,0.99,2*0D
$GNGSA,A,3,,,,,,,,,,,,,1.30,0.85,0.99,3*0C
$GNGSA,A,3,08,03,04,05,,,,,,,,,1.30,0.85,0.99,4*01
$GPGSV,3,1,10,18,06,135,39.0,22,38,136,,31,73,216,38.6,30,35,080,,1*69
$GPGSV,3,2,10,01,32,313,,05,24,053,39.2,11,22,286,,12,16,046,,1*7C
$GPGSV,3,3,10,20,08,315,38.5,14,58,050,,1*75
$GLGSV,1,1,04,74,14,261,39.1,65,62,256,39.4,82,20,088,,72,13,333,,1*70
$GAGSV,1,1,00,7*73
$GBGSV,3,1,10,14,03,237,,08,73,345,39.3,09,56,268,,03,43,190,38.3,1*70
$GBGSV,3,2,10,01,38,147,,02,30,229,,04,27,124,37.8,12,20,245,,1*60
$GBGSV,3,3,10,05,15,248,37.8,06,75,329,,1*66
$GNRMC,024619.000,A,3859.9972,N,11613.9791,E,0.01,141.50,280612,,,A,V*0D
$GNVTG,141.50,T,,M,0.01,N,0.01,K,A*22
$GNZDA,024619.000,28,06,2012,,*4D
$GNGGA,024620.000,3859.9972,N,11613.9791,E,1,10,0.85,-16.8,M,-6.8,M,,*7D
$PAIRACC,4.75,9.33*44
$GNGLL,3859.9972,N,11613.9791,E,024620.000,A,A*45
$GNGSA,A,3,18,31,05,20,,,,,,,,,1.30,0.85,0.99,1*02
$GNGSA,A,3,74,65,,,,,,,,,,,1.30,0.85,0.99,2*0D
$GNGSA,A,3,,,,,,,,,,,,,1.30,0.85,0.99,3*0C
$GNGSA,A,3,08,03,04,05,,,,,,,,,1.30,0.85,0.99,4*01
$GPGSV,3,1,10,18,06,135,38.8,22,38,136,,31,73,216,39.0,30,35,080,,1*67
$GPGSV,3,2,10,01,32,313,,05,24,053,38.6,11,22,286,,12,16,046,,1*79
$GPGSV,3,3,10,20,08,315,38.5,14,58,050,,1*75
$GLGSV,1,1,04,74,14,261,39.1,65,62,256,39.4,82,20,088,,72,13,333,,1*70
$GAGSV,1,1,00,7*73
$GBGSV,3,1,10,14,03,237,,08,73,345,38.8,09,56,268,,03,43,190,38.8,1*71
$GBGSV,3,2,10,01,38,147,,02,30,229,,04,27,124,38.5,12,20,245,,1*62
$GBGSV,3,3,10,05,15,248,38.5,06,75,329,,1*64
$GNRMC,024620.000,A,3859.9972,N,11613.9791,E,0.01,138.03,280612,,,A,V*0F
$GNVTG,138.03,T,,M,0.01,N,0.01,K,A*2A
$GNZDA,024620.000,28,06,2012,,*47
$GNGGA,024621.000,3859.9972,N,11613.9791,E,1,10,0.85,-16.8,M,-6.8,M,,*7C
$PAIRACC,4.78,9.39*43
$GNGLL,3859.9972,N,11613.9791,E,024621.000,A,A*44
$GNGSA,A,3,18,31,05,20,,,,,,,,,1.30,0.85,0.99,1*02
$GNGSA,A,3,74,65,,,,,,,,,,,1.30,0.85,0.99,2*0D
$GNGSA,A,3,,,,,,,,,,,,,1.30,0.85,0.99,3*0C
$GNGSA,A,3,08,03,04,05,,,,,,,,,1.30,0.85,0.99,4*01
$GPGSV,3,1,10,18,06,135,39.0,22,38,136,,31,73,216,39.1,30,35,080,,1*6F
$GPGSV,3,2,10,01,32,313,,05,24,053,39.0,11,22,286,,12,16,046,,1*7E
$GPGSV,3,3,10,20,08,315,38.6,14,58,050,,1*76
$GLGSV,1,1,04,74,14,261,38.8,65,62,256,39.1,82,20,088,,72,13,333,,1*7D
$GAGSV,1,1,00,7*73
$GBGSV,3,1,10,14,03,237,,08,73,345,39.0,09,56,268,,03,43,190,38.7,1*77
$GBGSV,3,2,10,01,38,147,,02,30,229,,04,27,124,37.8,12,20,245,,1*60
$GBGSV,3,3,10,05,15,248,38.1,06,75,329,,1*60
$GNRMC,024621.000,A,3859.9972,N,11613.9791,E,0.01,127.95,280612,,,A,V*0F
$GNVTG,127.95,T,,M,0.01,N,0.01,K,A*2B
$GNZDA,024621.000,28,06,2012,,*46
$GNGGA,024622.000,3859.9972,N,11613.9791,E,1,10,0.85,-16.8,M,-6.8,M,,*7F
$PAIRACC,4.75,9.19*4C
$GNGLL,3859.9972,N,11613.9791,E,024622.000,A,A*47
$GNGSA,A,3,18,31,05,20,,,,,,,,,1.30,0.85,0.99,1*02
$GNGSA,A,3,74,65,,,,,,,,,,,1.30,0.85,0.99,2*0D
$GNGSA,A,3,,,,,,,,,,,,,1.30,0.85,0.99,3*0C
$GNGSA,A,3,08,03,04,05,,,,,,,,,1.30,0.85,0.99,4*01
$GPGSV,3,1,10,18,06,135,39.0,22,38,136,,31,73,216,38.8,30,35,080,,1*67
$GPGSV,3,2,10,01,32,313,,05,24,053,38.5,11,22,286,,12,16,046,,1*7A
$GPGSV,3,3,10,20,08,315,38.7,14,58,050,,1*77
$GLGSV,1,1,04,74,14,261,39.4,65,62,256,39.1,82,20,088,,72,13,333,,1*70
$GAGSV,1,1,00,7*73
$GBGSV,3,1,10,14,03,237,,08,73,345,39.0,09,56,268,,03,43,190,38.2,1*72
$GBGSV,3,2,10,01,38,147,,02,30,229,,04,27,124,38.2,12,20,245,,1*65
$GBGSV,3,3,10,05,15,248,37.9,06,75,329,,1*67
$GNRMC,024622.000,A,3859.9972,N,11613.9791,E,0.01,118.94,280612,,,A,V*01
$GNVTG,118.94,T,,M,0.01,N,0.01,K,A*26
$GNZDA,024622.000,28,06,2012,,*45
$GNGGA,024623.000,3859.9972,N,11613.9791,E,1,10,0.85,-16.8,M,-6.8,M,,*7E
$PAIRACC,4.76,9.53*41
$GNGLL,3859.9972,N,11613.9791,E,024623.000,A,A*46
$GNGSA,A,3,18,31,05,20,,,,,,,,,1.30,0.85,0.99,1*02
$GNGSA,A,3,74,65,,,,,,,,,,,1.30,0.85,0.99,2*0D
$GNGSA,A,3,,,,,,,,,,,,,1.30,0.85,0.99,3*0C
$GNGSA,A,3,08,03,04,05,,,,,,,,,1.30,0.85,0.99,4*01
$GPGSV,3,1,10,18,06,135,39.2,22,38,136,,31,73,216,38.8,30,35,080,,1*65
$GPGSV,3,2,10,01,32,313,,05,24,053,39.0,11,22,286,,12,16,046,,1*7E
$GPGSV,3,3,10,20,08,315,38.8,14,58,050,,1*78
$GLGSV,1,1,04,74,14,261,39.2,65,62,256,39.0,82,20,088,,72,13,333,,1*77
$GAGSV,1,1,00,7*73
$GBGSV,3,1,10,14,03,237,,08,73,345,38.7,09,56,268,,03,43,190,38.5,1*73
$GBGSV,3,2,10,01,38,147,,02,30,229,,04,27,124,38.6,12,20,245,,1*61
$GBGSV,3,3,10,05,15,248,38.6,06,75,329,,1*67
$GNRMC,024623.000,A,3859.9972,N,11613.9791,E,0.01,108.24,280612,,,A,V*0A
$GNVTG,108.24,T,,M,0.01,N,0.01,K,A*2C
$GNZDA,024623.000,28,06,2012,,*44
$GNGGA,024624.000,3859.9972,N,11613.9791,E,1,10,0.86,-16.8,M,-6.8,M,,*7A
$PAIRACC,4.69,9.18*40
$GNGLL,3859.9972,N,11613.9791,E,024624.000,A,A*41
$GNGSA,A,3,18,31,05,20,,,,,,,,,1.31,0.86,0.99,1*00
$GNGSA,A,3,74,65,,,,,,,,,,,1.31,0.86,0.99,2*0F
$GNGSA,A,3,,,,,,,,,,,,,1.31,0.86,0.99,3*0E
$GNGSA,A,3,08,03,04,05,,,,,,,,,1.31,0.86,0.99,4*03
$GPGSV,3,1,10,18,06,135,38.9,22,38,136,,31,73,216,39.2,30,35,080,,1*64
$GPGSV,3,2,10,01,32,313,,05,24,053,39.2,11,22,286,,12,16,046,,1*7C
$GPGSV,3,3,10,20,08,315,38.2,14,58,050,,1*72
$GLGSV,1,1,04,74,14,261,39.3,65,62,256,39.2,82,20,088,,72,13,333,,1*74
$GAGSV,1,1,00,7*73
$GBGSV,3,1,10,14,03,237,,08,73,345,39.0,09,56,268,,03,43,190,38.4,1*74
$GBGSV,3,2,10,01,38,147,,02,30,229,,04,27,124,38.5,12,20,245,,1*62
$GBGSV,3,3,10,05,15,248,38.0,06,75,329,,1*61
$GNRMC,024624.000,A,3859.9972,N,11613.9791,E,0.00,136.32,280612,,,A,V*06
$GNVTG,136.32,T,,M,0.00,N,0.01,K,A*27
$GNZDA,024624.000,28,06,2012,,*43
$GNGGA,024625.000,3859.9972,N,11613.9791,E,1,10,0.85,-16.8,M,-6.8,M,,*78
$PAIRACC,4.80,9.53*48
$GNGLL,3859.9972,N,11613.9791,E,024625.000,A,A*40
$GNGSA,A,3,05,20,18,31,,,,,,,,,1.30,0.85,0.99,1*02
$GNGSA,A,3,74,65,,,,,,,,,,,1.30,0.85,0.99,2*0D
$GNGSA,A,3,,,,,,,,,,,,,1.30,0.85,0.99,3*0C
$GNGSA,A,3,05,08,03,04,,,,,,,,,1.30,0.85,0.99,4*01
$GPGSV,2,1,05,05,24,053,39.2,20,08,315,38.8,18,06,135,38.9,01,32,313,,1*74
$GPGSV,2,2,05,31,73,216,38.8,1*4F
$GLGSV,1,1,04,74,14,261,38.6,72,13,333,,65,62,256,38.9,82,20,088,,1*7A
$GAGSV,1,1,00,7*73
$GBGSV,3,1,10,05,15,248,37.9,14,03,237,,06,75,329,,08,73,345,38.7,1*79
$GBGSV,3,2,10,09,56,268,,03,43,190,38.3,01,38,147,,02,30,229,,1*6A
$GBGSV,3,3,10,04,27,124,37.9,12,20,245,,1*60
$GNRMC,024625.000,A,3859.9972,N,11613.9791,E,0.00,138.07,280612,,,A,V*0F
$GNVTG,138.07,T,,M,0.00,N,0.01,K,A*2F
$GNZDA,024625.000,28,06,2012,,*42
$GNGGA,024626.000,3859.9971,N,11613.9791,E,1,10,0.85,-16.8,M,-6.8,M,,*78
$PAIRACC,4.70,9.21*42
$GNGLL,3859.9971,N,11613.9791,E,024626.000,A,A*40
$GNGSA,A,3,18,31,05,20,,,,,,,,,1.30,0.85,0.99,1*02
$GNGSA,A,3,74,65,,,,,,,,,,,1.30,0.85,0.99,2*0D
$GNGSA,A,3,,,,,,,,,,,,,1.30,0.85,0.99,3*0C
$GNGSA,A,3,08,03,04,05,,,,,,,,,1.30,0.85,0.99,4*01
$GPGSV,3,1,10,18,06,135,38.9,22,38,136,,31,73,216,39.2,30,35,080,,1*64
$GPGSV,3,2,10,01,32,313,,05,24,053,39.2,11,22,286,,12,16,046,,1*7C
$GPGSV,3,3,10,20,08,315,38.8,14,58,050,,1*78
$GLGSV,1,1,04,74,14,261,39.2,65,62,256,39.3,82,20,088,,72,13,333,,1*74
$GAGSV,1,1,00,7*73
$GBGSV,3,1,10,14,03,237,,08,73,345,39.0,09,56,268,,03,43,190,38.6,1*76
$GBGSV,3,2,10,01,38,147,,02,30,229,,04,27,124,38.1,12,20,245,,1*66
$GBGSV,3,3,10,05,15,248,38.9,06,75,329,,1*68
$GNRMC,024626.000,A,3859.9971,N,11613.9791,E,0.00,110.83,280612,,,A,V*09
$GNVTG,110.83,T,,M,0.00,N,0.01,K,A*29
$GNZDA,024626.000,28,06,2012,,*41
$GNGGA,024627.000,3859.9971,N,11613.9791,E,1,10,0.85,-16.8,M,-6.8,M,,*79
$PAIRACC,4.79,9.52*4F
$GNGLL,3859.9971,N,11613.9791,E,024627.000,A,A*41
$GNGSA,A,3,18,31,05,20,,,,,,,,,1.30,0.85,0.99,1*02
$GNGSA,A,3,74,65,,,,,,,,,,,1.30,0.85,0.99,2*0D
$GNGSA,A,3,,,,,,,,,,,,,1.30,0.85,0.99,3*0C
$GNGSA,A,3,08,03,04,05,,,,,,,,,1.30,0.85,0.99,4*01
$GPGSV,3,1,10,18,06,135,39.4,22,38,136,,31,73,216,39.0,30,35,080,,1*6A
$GPGSV,3,2,10,01,32,313,,05,24,053,39.1,11,22,286,,12,16,046,,1*7F
$GPGSV,3,3,10,20,08,315,38.4,14,58,050,,1*74
$GLGSV,1,1,04,74,14,261,38.5,65,62,256,39.4,82,20,088,,72,13,333,,1*75
$GAGSV,1,1,00,7*73
$GBGSV,3,1,10,14,03,237,,08,73,345,39.0,09,56,268,,03,43,190,38.6,1*76
$GBGSV,3,2,10,01,38,147,,02,30,229,,04,27,124,38.1,12,20,245,,1*66
$GBGSV,3,3,10,05,15,248,37.9,06,75,329,,1*67
$GNRMC,024627.000,A,3859.9971,N,11613.9791,E,0.00,126.91,280612,,,A,V*0E
$GNVTG,126.91,T,,M,0.00,N,0.01,K,A*2F
$GNZDA,024627.000,28,06,2012,,*40
$GNGGA,024628.000,3859.9971,N,11613.9791,E,1,10,0.85,-16.8,M,-6.8,M,,*76
$PAIRACC,4.74,9.27*40
$GNGLL,3859.9971,N,11613.9791,E,024628.000,A,A*4E
$GNGSA,A,3,18,31,05,20,,,,,,,,,1.30,0.85,0.99,1*02
$GNGSA,A,3,74,65,,,,,,,,,,,1.30,0.85,0.99,2*0D
$GNGSA,A,3,,,,,,,,,,,,,1.30,0.85,0.99,3*0C
$GNGSA,A,3,08,03,04,05,,,,,,,,,1.30,0.85,0.99,4*01
$GPGSV,3,1,10,18,06,135,38.8,22,38,136,,31,73,216,39.0,30,35,080,,1*67
$GPGSV,3,2,10,01,32,313,,05,24,053,39.1,11,22,286,,12,16,046,,1*7F
$GPGSV,3,3,10,20,08,315,38.7,14,58,050,,1*77
$GLGSV,1,1,04,74,14,261,39.2,65,62,256,38.9,82,20,088,,72,13,333,,1*7F
$GAGSV,1,1,00,7*73
$GBGSV,3,1,10,14,03,237,,08,73,345,38.7,09,56,268,,03,43,190,38.5,1*73
$GBGSV,3,2,10,01,38,147,,02,30,229,,04,27,124,37.9,12,20,245,,1*61
$GBGSV,3,3,10,05,15,248,37.6,06,75,329,,1*68
$GNRMC,024628.000,A,3859.9971,N,11613.9791,E,0.00,94.25,280612,,,A,V*36
$GNVTG,94.25,T,,M,0.00,N,0.01,K,A*18
$GNZDA,024628.000,28,06,2012,,*4F
$GNGGA,024629.000,3859.9971,N,11613.9791,E,1,10,0.85,-16.8,M,-6.8,M,,*77
$PAIRACC,4.75,9.55*44
$GNGLL,3859.9971,N,11613.9791,E,024629.000,A,A*4F
$GNGSA,A,3,18,31,05,20,,,,,,,,,1.30,0.85,0.99,1*02
$GNGSA,A,3,74,65,,,,,,,,,,,1.30,0.85,0.99,2*0D
$GNGSA,A,3,,,,,,,,,,,,,1.30,0.85,0.99,3*0C
$GNGSA,A,3,08,03,04,05,,,,,,,,,1.30,0.85,0.99,4*01
$GPGSV,3,1,10,18,06,135,39.1,22,38,136,,31,73,216,38.7,30,35,080,,1*69
$GPGSV,3,2,10,01,32,313,,05,24,053,39.4,11,22,286,,12,16,046,,1*7A
$GPGSV,3,3,10,20,08,315,38.6,14,58,050,,1*76
$GLGSV,1,1,04,74,14,261,38.8,65,62,256,39.2,82,20,088,,72,13,333,,1*7E
$GAGSV,1,1,00,7*73
$GBGSV,3,1,10,14,03,237,,08,73,345,39.0,09,56,268,,03,43,190,38.6,1*76
$GBGSV,3,2,10,01,38,147,,02,30,229,,04,27,124,38.4,12,20,245,,1*63
$GBGSV,3,3,10,05,15,248,38.3,06,75,329,,1*62
$GNRMC,024629.000,A,3859.9971,N,11613.9791,E,0.00,159.04,280612,,,A,V*04
$GNVTG,159.04,T,,M,0.00,N,0.01,K,A*2B
$GNZDA,024629.000,28,06,2012,,*4E
$GNGGA,024630.000,3859.9971,N,11613.9791,E,1,10,0.85,-16.8,M,-6.8,M,,*7F
$PAIRACC,4.76,9.25*40
$GNGLL,3859.9971,N,11613.9791,E,024630.000,A,A*47
$GNGSA,A,3,18,31,05,20,,,,,,,,,1.30,0.85,0.99,1*02
$GNGSA,A,3,74,65,,,,,,,,,,,1.30,0.85,0.99,2*0D
$GNGSA,A,3,,,,,,,,,,,,,1.30,0.85,0.99,3*0C
$GNGSA,A,3,08,03,04,05,,,,,,,,,1.30,0.85,0.99,4*01
$GPGSV,3,1,10,18,06,135,39.2,22,38,136,,31,73,216,38.9,30,35,080,,1*64
$GPGSV,3,2,10,01,32,313,,05,24,053,39.0,11,22,286,,12,16,046,,1*7E
$GPGSV,3,3,10,20,08,315,38.6,14,58,050,,1*76
$GLGSV,1,1,04,74,14,261,39.5,65,62,256,39.4,82,20,088,,72,13,333,,1*74
$GAGSV,1,1,00,7*73
$GBGSV,3,1,10,14,03,237,,08,73,345,38.8,09,56,268,,03,43,190,38.3,1*7A
$GBGSV,3,2,10,01,38,147,,02,30,229,,04,27,124,37.8,12,20,245,,1*60
$GBGSV,3,3,10,05,15,248,37.8,06,75,329,,1*66
$GNRMC,024630.000,A,3859.9971,N,11613.9791,E,0.00,116.75,280612,,,A,V*01
$GNVTG,116.75,T,,M,0.00,N,0.01,K,A*26
$GNZDA,024630.000,28,06,2012,,*46
$GNGGA,024631.000,3859.9971,N,11613.9791,E,1,10,0.85,-16.8,M,-6.8,M,,*7E
$PAIRACC,4.74,9.20*47
$GNGLL,3859.9971,N,11613.9791,E,024631.000,A,A*46
$GNGSA,A,3,18,31,05,20,,,,,,,,,1.30,0.85,0.99,1*02
$GNGSA,A,3,74,65,,,,,,,,,,,1.30,0.85,0.99,2*0D
$GNGSA,A,3,,,,,,,,,,,,,1.30,0.85,0.99,3*0C
$GNGSA,A,3,08,03,04,05,,,,,,,,,1.30,0.85,0.99,4*01
$GPGSV,3,1,10,18,06,135,39.3,22,38,136,,31,73,216,39.1,30,35,080,,1*6C
$GPGSV,3,2,10,01,32,313,,05,24,053,38.7,11,22,286,,12,16,046,,1*78
$GPGSV,3,3,10,20,08,315,38.5,14,58,050,,1*75
$GLGSV,1,1,04,74,14,261,38.7,65,62,256,39.1,82,20,088,,72,13,333,,1*72
$GAGSV,1,1,00,7*73
$GBGSV,3,1,10,14,03,237,,08,73,345,39.4,09,56,268,,03,43,190,38.1,1*75
$GBGSV,3,2,10,01,38,147,,02,30,229,,04,27,124,38.0,12,20,245,,1*67
$GBGSV,3,3,10,05,15,248,37.6,06,75,329,,1*68
$GNRMC,024631.000,A,3859.9971,N,11613.9791,E,0.00,115.56,280612,,,A,V*02
$GNVTG,115.56,T,,M,0.00,N,0.01,K,A*24
$GNZDA,024631.000,28,06,2012,,*47
$GNGGA,024632.000,3859.9971,N,11613.9791,E,1,10,0.85,-16.8,M,-6.8,M,,*7D
$PAIRACC,4.74,9.42*43
$GNGLL,3859.9971,N,11613.9791,E,024632.000,A,A*45
$GNGSA,A,3,18,31,05,20,,,,,,,,,1.30,0.85,0.99,1*02
$GNGSA,A,3,74,65,,,,,,,,,,,1.30,0.85,0.99,2*0D
$GNGSA,A,3,,,,,,,,,,,,,1.30,0.85,0.99,3*0C
$GNGSA,A,3,08,03,04,05,,,,,,,,,1.30,0.85,0.99,4*01
$GPGSV,3,1,10,18,06,135,39.3,22,38,136,,31,73,216,38.6,30,35,080,,1*6A
$GPGSV,3,2,10,01,32,313,,05,24,053,38.8,11,22,286,,12,16,046,,1*77
$GPGSV,3,3,10,20,08,315,38.6,14,58,050,,1*76
$GLGSV,1,1,04,74,14,261,38.5,65,62,256,39.1,82,20,088,,72,13,333,,1*70
$GAGSV,1,1,00,7*73
$GBGSV,3,1,10,14,03,237,,08,73,345,38.8,09,56,268,,03,43,190,38.7,1*7E
$GBGSV,3,2,10,01,38,147,,02,30,229,,04,27,124,38.3,12,20,245,,1*64
$GBGSV,3,3,10,05,15,248,38.4,06,75,329,,1*65
$GNRMC,024632.000,A,3859.9971,N,11613.9791,E,0.00,106.06,280612,,,A,V*06
$GNVTG,106.06,T,,M,0.00,N,0.01,K,A*23
$GNZDA,024632.000,28,06,2012,,*44
$GNGGA,024633.000,3859.9971,N,11613.9791,E,1,10,0.85,-16.8,M,-6.8,M,,*7C
$PAIRACC,4.73,9.26*46
$GNGLL,3859.9971,N,11613.9791,E,024633.000,A,A*44
$GNGSA,A,3,18,31,05,20,,,,,,,,,1.30,0.85,0.99,1*02
$GNGSA,A,3,74,65,,,,,,,,,,,1.30,0.85,0.99,2*0D
$GNGSA,A,3,,,,,,,,,,,,,1.30,0.85,0.99,3*0C
$GNGSA,A,3,08,03,04,05,,,,,,,,,1.30,0.85,0.99,4*01
$GPGSV,3,1,10,18,06,135,39.1,22,38,136,,31,73,216,38.5,30,35,080,,1*6B
$GPGSV,3,2,10,01,32,313,,05,24,053,38.7,11,22,286,,12,16,046,,1*78
$GPGSV,3,3,10,20,08,315,38.5,14,58,050,,1*75
$GLGSV,1,1,04,74,14,261,39.3,65,62,256,38.8,82,20,088,,72,13,333,,1*7F
$GAGSV,1,1,00,7*73
$GBGSV,3,1,10,14,03,237,,08,73,345,39.0,09,56,268,,03,43,190,38.4,1*74
$GBGSV,3,2,10,01,38,147,,02,30,229,,04,27,124,37.8,12,20,245,,1*60
$GBGSV,3,3,10,05,15,248,38.1,06,75,329,,1*60
$GNRMC,024633.000,A,3859.9971,N,11613.9791,E,0.01,87.44,280612,,,A,V*38
$GNVTG,87.44,T,,M,0.01,N,0.01,K,A*1C
$GNZDA,024633.000,28,06,2012,,*45
$GNGGA,024634.000,3859.9971,N,11613.9791,E,1,10,0.85,-16.8,M,-6.8,M,,*7B
$PAIRACC,4.72,9.23*42
$GNGLL,3859.9971,N,11613.9791,E,024634.000,A,A*43
$GNGSA,A,3,18,31,05,20,,,,,,,,,1.30,0.85,0.99,1*02
$GNGSA,A,3,74,65,,,,,,,,,,,1.30,0.85,0.99,2*0D
$GNGSA,A,3,,,,,,,,,,,,,1.30,0.85,0.99,3*0C
$GNGSA,A,3,08,03,04,05,,,,,,,,,1.30,0.85,0.99,4*01
$GPGSV,3,1,10,18,06,135,38.8,22,38,136,,31,73,216,38.8,30,35,080,,1*6E
$GPGSV,3,2,10,01,32,313,,05,24,053,38.9,11,22,286,,12,16,046,,1*76
$GPGSV,3,3,10,20,08,315,38.5,14,58,050,,1*75
$GLGSV,1,1,04,74,14,261,39.4,65,62,256,39.0,82,20,088,,72,13,333,,1*71
$GAGSV,1,1,00,7*73
$GBGSV,3,1,10,14,03,237,,08,73,345,38.8,09,56,268,,03,43,190,38.4,1*7D
$GBGSV,3,2,10,01,38,147,,02,30,229,,04,27,124,37.8,12,20,245,,1*60
$GBGSV,3,3,10,05,15,248,38.0,06,75,329,,1*61
$GNRMC,024634.000,A,3859.9971,N,11613.9791,E,0.01,88.37,280612,,,A,V*34
$GNVTG,88.37,T,,M,0.01,N,0.01,K,A*17
$GNZDA,024634.000,28,06,2012,,*42
$GNGGA,024635.000,3859.9971,N,11613.9791,E,1,10,0.85,-16.8,M,-6.8,M,,*7A
$PAIRACC,4.76,9.32*46
$GNGLL,3859.9971,N,11613.9791,E,024635.000,A,A*42
$GNGSA,A,3,18,31,05,20,,,,,,,,,1.30,0.85,0.99,1*02
$GNGSA,A,3,74,65,,,,,,,,,,,1.30,0.85,0.99,2*0D
$GNGSA,A,3,,,,,,,,,,,,,1.30,0.85,0.99,3*0C
$GNGSA,A,3,08,03,04,05,,,,,,,,,1.30,0.85,0.99,4*01
$GPGSV,3,1,10,18,06,135,38.9,22,38,136,,31,73,216,38.5,30,35,080,,1*62
$GPGSV,3,2,10,01,32,313,,05,24,053,39.1,11,22,286,,12,16,046,,1*7F
$GPGSV,3,3,10,20,08,315,38.7,14,58,050,,1*77
$GLGSV,1,1,04,74,14,261,38.6,65,62,256,39.3,82,20,088,,72,13,333,,1*71
$GAGSV,1,1,00,7*73
$GBGSV,3,1,10,14,03,237,,08,73,345,38.8,09,56,268,,03,43,190,38.6,1*7F
$GBGSV,3,2,10,01,38,147,,02,30,229,,04,27,124,38.5,12,20,245,,1*62
$GBGSV,3,3,10,05,15,248,38.8,06,75,329,,1*69
$GNRMC,024635.000,A,3859.9971,N,11613.9791,E,0.01,116.24,280612,,,A,V*01
$GNVTG,116.24,T,,M,0.01,N,0.01,K,A*23
$GNZDA,024635.000,28,06,2012,,*43
$GNGGA,024636.000,3859.9971,N,11613.9791,E,1,10,0.85,-16.8,M,-6.8,M,,*79
$PAIRACC,4.79,9.40*4C
$GNGLL,3859.9971,N,11613.9791,E,024636.000,A,A*41
$GNGSA,A,3,18,31,05,20,,,,,,,,,1.30,0.85,0.99,1*02
$GNGSA,A,3,74,65,,,,,,,,,,,1.30,0.85,0.99,2*0D
$GNGSA,A,3,,,,,,,,,,,,,1.30,0.85,0.99,3*0C
$GNGSA,A,3,08,03,04,05,,,,,,,,,1.30,0.85,0.99,4*01
$GPGSV,3,1,10,18,06,135,38.7,22,38,136,,31,73,216,39.3,30,35,080,,1*6B
$GPGSV,3,2,10,01,32,313,,05,24,053,38.7,11,22,286,,12,16,046,,1*78
$GPGSV,3,3,10,20,08,315,38.9,14,58,050,,1*79
$GLGSV,1,1,04,74,14,261,39.3,65,62,256,39.2,82,20,088,,72,13,333,,1*74
$GAGSV,1,1,00,7*73
$GBGSV,3,1,10,14,03,237,,08,73,345,38.9,09,56,268,,03,43,190,38.3,1*7B
$GBGSV,3,2,10,01,38,147,,02,30,229,,04,27,124,37.9,12,20,245,,1*61
$GBGSV,3,3,10,05,15,248,37.8,06,75,329,,1*66
$GNRMC,024636.000,A,3859.9971,N,11613.9791,E,0.01,113.97,280612,,,A,V*0F
$GNVTG,113.97,T,,M,0.01,N,0.01,K,A*2E
$GNZDA,024636.000,28,06,2012,,*40
$GNGGA,024637.000,3859.9971,N,11613.9791,E,1,10,0.85,-16.8,M,-6.8,M,,*78
$PAIRACC,4.75,9.38*4F
$GNGLL,3859.9971,N,11613.9791,E,024637.000,A,A*40
$GNGSA,A,3,18,31,05,20,,,,,,,,,1.30,0.85,0.99,1*02
$GNGSA,A,3,74,65,,,,,,,,,,,1.30,0.85,0.99,2*0D
$GNGSA,A,3,,,,,,,,,,,,,1.30,0.85,0.99,3*0C
$GNGSA,A,3,08,03,04,05,,,,,,,,,1.30,0.85,0.99,4*01
$GPGSV,3,1,10,18,06,135,39.0,22,38,136,,31,73,216,38.8,30,35,080,,1*67
$GPGSV,3,2,10,01,32,313,,05,24,053,39.2,11,22,286,,12,16,046,,1*7C
$GPGSV,3,3,10,20,08,315,38.2,14,58,050,,1*72
$GLGSV,1,1,04,74,14,261,38.8,65,62,256,39.8,82,20,088,,72,13,333,,1*74
$GAGSV,1,1,00,7*73
$GBGSV,3,1,10,14,03,237,,08,73,345,38.8,09,56,268,,03,43,190,38.4,1*7D
$GBGSV,3,2,10,01,38,147,,02,30,229,,04,27,124,38.4,12,20,245,,1*63
$GBGSV,3,3,10,05,15,248,37.9,06,75,329,,1*67
$GNRMC,024637.000,A,3859.9971,N,11613.9791,E,0.01,130.58,280612,,,A,V*0C
$GNVTG,130.58,T,,M,0.01,N,0.01,K,A*2C
$GNZDA,024637.000,28,06,2012,,*41
$GNGGA,024638.000,3859.9971,N,11613.9791,E,1,10,0.85,-16.8,M,-6.8,M,,*77
$PAIRACC,4.78,9.40*4D
$GNGLL,3859.9971,N,11613.9791,E,024638.000,A,A*4F
$GNGSA,A,3,18,31,05,20,,,,,,,,,1.30,0.85,0.99,1*02
$GNGSA,A,3,74,65,,,,,,,,,,,1.30,0.85,0.99,2*0D
$GNGSA,A,3,,,,,,,,,,,,,1.30,0.85,0.99,3*0C
$GNGSA,A,3,08,03,04,05,,,,,,,,,1.30,0.85,0.99,4*01
$GPGSV,3,1,10,18,06,135,39.1,22,38,136,,31,73,216,39.2,30,35,080,,1*6D
$GPGSV,3,2,10,01,32,313,,05,24,053,39.1,11,22,286,,12,16,046,,1*7F
$GPGSV,3,3,10,20,08,315,38.5,14,58,050,,1*75
$GLGSV,1,1,04,74,14,261,39.4,65,62,256,39.3,82,20,088,,72,13,333,,1*72
$GAGSV,1,1,00,7*73
$GBGSV,3,1,10,14,03,237,,08,73,345,39.0,09,56,268,,03,43,190,38.5,1*75
$GBGSV,3,2,10,01,38,147,,02,30,229,,04,27,124,38.9,12,20,245,,1*6E
$GBGSV,3,3,10,05,15,248,38.5,06,75,329,,1*64
$GNRMC,024638.000,A,3859.9971,N,11613.9791,E,0.01,136.97,280612,,,A,V*06
$GNVTG,136.97,T,,M,0.01,N,0.01,K,A*29
$GNZDA,024638.000,28,06,2012,,*4E
$GNGGA,024639.000,3859.9971,N,11613.9792,E,1,10,0.85,-16.8,M,-6.8,M,,*75
$PAIRACC,4.75,9.25*43
$GNGLL,3859.9971,N,11613.9792,E,024639.000,A,A*4D
$GNGSA,A,3,18,31,05,20,,,,,,,,,1.30,0.85,0.99,1*02
$GNGSA,A,3,74,65,,,,,,,,,,,1.30,0.85,0.99,2*0D
$GNGSA,A,3,,,,,,,,,,,,,1.30,0.85,0.99,3*0C
$GNGSA,A,3,08,03,04,05,,,,,,,,,1.30,0.85,0.99,4*01
$GPGSV,3,1,10,18,06,135,39.0,22,38,136,,31,73,216,38.7,30,35,080,,1*68
$GPGSV,3,2,10,01,32,313,,05,24,053,38.9,11,22,286,,12,16,046,,1*76
$GPGSV,3,3,10,20,08,315,38.2,14,58,050,,1*72
$GLGSV,1,1,04,74,14,261,39.5,65,62,256,38.9,82,20,088,,72,13,333,,1*78
$GAGSV,1,1,00,7*73
$GBGSV,3,1,10,14,03,237,,08,73,345,39.1,09,56,268,,03,43,190,38.5,1*74
$GBGSV,3,2,10,01,38,147,,02,30,229,,04,27,124,38.1,12,20,245,,1*66
$GBGSV,3,3,10,05,15,248,37.6,06,75,329,,1*68
$GNRMC,024639.000,A,3859.9971,N,11613.9792,E,0.01,102.48,280612,,,A,V*01
$GNVTG,102.48,T,,M,0.01,N,0.01,K,A*2C
$GNZDA,024639.000,28,06,2012,,*4F
$GNGGA,024640.000,3859.9970,N,11613.9792,E,1,10,0.85,-16.8,M,-6.8,M,,*7A
$PAIRACC,4.74,9.41*40
$GNGLL,3859.9970,N,11613.9792,E,024640.000,A,A*42
$GNGSA,A,3,18,31,05,20,,,,,,,,,1.30,0.85,0.99,1*02
$GNGSA,A,3,74,65,,,,,,,,,,,1.30,0.85,0.99,2*0D
$GNGSA,A,3,,,,,,,,,,,,,1.30,0.85,0.99,3*0C
$GNGSA,A,3,08,03,04,05,,,,,,,,,1.30,0.85,0.99,4*01
$GPGSV,3,1,10,18,06,135,38.9,22,38,136,,31,73,216,38.8,30,35,080,,1*6F
$GPGSV,3,2,10,01,32,313,,05,24,053,39.5,11,22,286,,12,16,046,,1*7B
$GPGSV,3,3,10,20,08,315,38.4,14,58,050,,1*74
$GLGSV,1,1,04,74,14,261,39.0,65,62,256,39.4,82,20,088,,72,13,333,,1*71
$GAGSV,1,1,00,7*73
$GBGSV,3,1,10,14,03,237,,08,73,345,38.4,09,56,268,,03,43,190,38.2,1*77
$GBGSV,3,2,10,01,38,147,,02,30,229,,04,27,124,37.8,12,20,245,,1*60
$GBGSV,3,3,10,05,15,248,38.0,06,75,329,,1*61
$GNRMC,024640.000,A,3859.9970,N,11613.9792,E,0.01,130.34,280612,,,A,V*04
$GNVTG,130.34,T,,M,0.01,N,0.01,K,A*26
$GNZDA,024640.000,28,06,2012,,*41
$GNGGA,024641.000,3859.9970,N,11613.9792,E,1,10,0.85,-16.8,M,-6.8,M,,*7B
$PAIRACC,4.76,9.25*40
$GNGLL,3859.9970,N,11613.9792,E,024641.000,A,A*43
$GNGSA,A,3,18,31,05,20,,,,,,,,,1.30,0.85,0.99,1*02
$GNGSA,A,3,74,65,,,,,,,,,,,1.30,0.85,0.99,2*0D
$GNGSA,A,3,,,,,,,,,,,,,1.30,0.85,0.99,3*0C
$GNGSA,A,3,08,03,04,05,,,,,,,,,1.30,0.85,0.99,4*01
$GPGSV,3,1,10,18,06,135,39.2,22,38,136,,31,73,216,38.7,30,35,080,,1*6A
$GPGSV,3,2,10,01,32,313,,05,24,053,38.8,11,22,286,,12,16,046,,1*77
$GPGSV,3,3,10,20,08,315,38.5,14,58,050,,1*75
$GLGSV,1,1,04,74,14,261,38.6,65,62,256,38.9,82,20,088,,72,13,333,,1*7A
$GAGSV,1,1,00,7*73
$GBGSV,3,1,10,14,03,237,,08,73,345,38.7,09,56,268,,03,43,190,38.7,1*71
$GBGSV,3,2,10,01,38,147,,02,30,229,,04,27,124,38.8,12,20,245,,1*6F
$GBGSV,3,3,10,05,15,248,38.3,06,75,329,,1*62
$GNRMC,024641.000,A,3859.9970,N,11613.9792,E,0.00,101.83,280612,,,A,V*0A
$GNVTG,101.83,T,,M,0.00,N,0.01,K,A*29
$GNZDA,024641.000,28,06,2012,,*40
$GNGGA,024642.000,3859.9970,N,11613.9792,E,1,10,0.86,-16.8,M,-6.8,M,,*7B
$PAIRACC,4.73,9.26*46
$GNGLL,3859.9970,N,11613.9792,E,024642.000,A,A*40
$GNGSA,A,3,18,31,05,20,,,,,,,,,1.31,0.86,0.99,1*00
$GNGSA,A,3,74,65,,,,,,,,,,,1.31,0.86,0.99,2*0F
$GNGSA,A,3,,,,,,,,,,,,,1.31,0.86,0.99,3*0E
$GNGSA,A,3,08,03,04,05,,,,,,,,,1.31,0.86,0.99,4*03
$GPGSV,3,1,10,18,06,135,38.9,22,38,136,,31,73,216,38.9,30,35,080,,1*6E
$GPGSV,3,2,10,01,32,313,,05,24,053,39.0,11,22,286,,12,16,046,,1*7E
$GPGSV,3,3,10,20,08,315,38.7,14,58,050,,1*77
$GLGSV,1,1,04,74,14,261,39.5,65,62,256,39.7,82,20,088,,72,13,333,,1*77
$GAGSV,1,1,00,7*73
$GBGSV,3,1,10,14,03,237,,08,73,345,38.6,09,56,268,,03,43,190,38.8,1*7F
$GBGSV,3,2,10,01,38,147,,02,30,229,,04,27,124,38.2,12,20,245,,1*65
$GBGSV,3,3,10,05,15,248,37.8,06,75,329,,1*66
$GNRMC,024642.000,A,3859.9970,N,11613.9792,E,0.00,95.49,280612,,,A,V*33
$GNVTG,95.49,T,,M,0.00,N,0.01,K,A*13
$GNZDA,024642.000,28,06,2012,,*43
$GNGGA,024643.000,3859.9970,N,11613.9792,E,1,10,0.85,-16.8,M,-6.8,M,,*79
$PAIRACC,4.84,9.60*4C
$GNGLL,3859.9970,N,11613.9792,E,024643.000,A,A*41
$GNGSA,A,3,18,31,05,20,,,,,,,,,1.30,0.85,0.99,1*02
$GNGSA,A,3,74,65,,,,,,,,,,,1.30,0.85,0.99,2*0D
$GNGSA,A,3,,,,,,,,,,,,,1.30,0.85,0.99,3*0C
$GNGSA,A,3,08,03,04,05,,,,,,,,,1.30,0.85,0.99,4*01
$GPGSV,3,1,10,18,06,135,39.0,22,38,136,,31,73,216,38.9,30,35,080,,1*66
$GPGSV,3,2,10,01,32,313,,05,24,053,39.1,11,22,286,,12,16,046,,1*7F
$GPGSV,3,3,10,20,08,315,38.2,14,58,050,,1*72
$GLGSV,1,1,04,74,14,261,38.6,65,62,256,39.2,82,20,088,,72,13,333,,1*70
$GAGSV,1,1,00,7*73
$GBGSV,3,1,10,14,03,237,,08,73,345,38.9,09,56,268,,03,43,190,38.5,1*7D
$GBGSV,3,2,10,01,38,147,,02,30,229,,04,27,124,37.8,12,20,245,,1*60
$GBGSV,3,3,10,05,15,248,38.2,06,75,329,,1*63
$GNRMC,024643.000,A,3859.9970,N,11613.9792,E,0.00,140.59,280612,,,A,V*0A
$GNVTG,140.59,T,,M,0.00,N,0.01,K,A*2B
$GNZDA,024643.000,28,06,2012,,*42
$GNGGA,024644.000,3859.9970,N,11613.9792,E,1,10,0.85,-16.8,M,-6.8,M,,*7E
$PAIRACC,4.74,9.20*47
$GNGLL,3859.9970,N,11613.9792,E,024644.000,A,A*46
$GNGSA,A,3,18,31,05,20,,,,,,,,,1.30,0.85,0.99,1*02
$GNGSA,A,3,74,65,,,,,,,,,,,1.30,0.85,0.99,2*0D
$GNGSA,A,3,,,,,,,,,,,,,1.30,0.85,0.99,3*0C
$GNGSA,A,3,08,03,04,05,,,,,,,,,1.30,0.85,0.99,4*01
$GPGSV,3,1,10,18,06,135,39.0,22,38,136,,31,73,216,38.9,30,35,080,,1*66
$GPGSV,3,2,10,01,32,313,,05,24,053,39.1,11,22,286,,12,16,046,,1*7F
$GPGSV,3,3,10,20,08,315,38.4,14,58,050,,1*74
$GLGSV,1,1,04,74,14,261,39.4,65,62,256,39.3,82,20,088,,72,13,333,,1*72
$GAGSV,1,1,00,7*73
$GBGSV,3,1,10,14,03,237,,08,73,345,39.3,09,56,268,,03,43,190,38.4,1*77
$GBGSV,3,2,10,01,38,147,,02,30,229,,04,27,124,38.4,12,20,245,,1*63
$GBGSV,3,3,10,05,15,248,38.5,06,75,329,,1*64
$GNRMC,024644.000,A,3859.9970,N,11613.9792,E,0.00,103.96,280612,,,A,V*09
$GNVTG,103.96,T,,M,0.00,N,0.01,K,A*2F
$GNZDA,024644.000,28,06,2012,,*45
$GNGGA,024645.000,3859.9970,N,11613.9792,E,1,10,0.85,-16.8,M,-6.8,M,,*7F
$PAIRACC,4.77,9.44*46
$GNGLL,3859.9970,N,11613.9792,E,024645.000,A,A*47
$GNGSA,A,3,18,31,05,20,,,,,,,,,1.30,0.85,0.99,1*02
$GNGSA,A,3,74,65,,,,,,,,,,,1.30,0.85,0.99,2*0D
$GNGSA,A,3,,,,,,,,,,,,,1.30,0.85,0.99,3*0C
$GNGSA,A,3,08,03,04,05,,,,,,,,,1.30,0.85,0.99,4*01
$GPGSV,3,1,10,18,06,135,38.6,22,38,136,,31,73,216,38.8,30,35,080,,1*60
$GPGSV,3,2,10,01,32,313,,05,24,053,38.8,11,22,286,,12,16,046,,1*77
$GPGSV,3,3,10,20,08,315,38.5,14,58,050,,1*75
$GLGSV,1,1,04,74,14,261,39.1,65,62,256,39.1,82,20,088,,72,13,333,,1*75
$GAGSV,1,1,00,7*73
$GBGSV,3,1,10,14,03,237,,08,73,345,38.8,09,56,268,,03,43,190,38.5,1*7C
$GBGSV,3,2,10,01,38,147,,02,30,229,,04,27,124,38.1,12,20,245,,1*66
$GBGSV,3,3,10,05,15,248,38.1,06,75,329,,1*60
$GNRMC,024645.000,A,3859.9970,N,11613.9792,E,0.00,136.34,280612,,,A,V*06
$GNVTG,136.34,T,,M,0.00,N,0.01,K,A*21
$GNZDA,024645.000,28,06,2012,,*44
$GNGGA,024646.000,3859.9970,N,11613.9792,E,1,10,0.85,-16.8,M,-6.8,M,,*7C
$PAIRACC,4.80,9.29*45
$GNGLL,3859.9970,N,11613.9792,E,024646.000,A,A*44
$GNGSA,A,3,18,31,05,20,,,,,,,,,1.30,0.85,0.99,1*02
$GNGSA,A,3,74,65,,,,,,,,,,,1.30,0.85,0.99,2*0D
$GNGSA,A,3,,,,,,,,,,,,,1.30,0.85,0.99,3*0C
$GNGSA,A,3,08,03,04,05,,,,,,,,,1.30,0.85,0.99,4*01
$GPGSV,3,1,10,18,06,135,39.1,22,38,136,,31,73,216,38.6,30,35,080,,1*68
$GPGSV,3,2,10,01,32,313,,05,24,053,39.1,11,22,286,,12,16,046,,1*7F
$GPGSV,3,3,10,20,08,315,37.9,14,58,050,,1*76
$GLGSV,1,1,04,74,14,261,39.2,65,62,256,39.2,82,20,088,,72,13,333,,1*75
$GAGSV,1,1,00,7*73
$GBGSV,3,1,10,14,03,237,,08,73,345,39.4,09,56,268,,03,43,190,38.8,1*7C
$GBGSV,3,2,10,01,38,147,,02,30,229,,04,27,124,37.6,12,20,245,,1*6E
$GBGSV,3,3,10,05,15,248,37.8,06,75,329,,1*66
$GNRMC,024646.000,A,3859.9970,N,11613.9792,E,0.00,122.07,280612,,,A,V*00
$GNVTG,122.07,T,,M,0.00,N,0.01,K,A*24
$GNZDA,024646.000,28,06,2012,,*47
$GNGGA,024647.000,3859.9970,N,11613.9791,E,1,10,0.86,-16.8,M,-6.8,M,,*7D
$PAIRACC,4.77,9.44*46
$GNGLL,3859.9970,N,11613.9791,E,024647.000,A,A*46
$GNGSA,A,3,18,31,05,20,,,,,,,,,1.31,0.86,0.99,1*00
$GNGSA,A,3,74,65,,,,,,,,,,,1.31,0.86,0.99,2*0F
$GNGSA,A,3,,,,,,,,,,,,,1.31,0.86,0.99,3*0E
$GNGSA,A,3,08,03,04,05,,,,,,,,,1.31,0.86,0.99,4*03
$GPGSV,3,1,10,18,06,135,38.7,22,38,136,,31,73,216,38.8,30,35,080,,1*61
$GPGSV,3,2,10,01,32,313,,05,24,053,38.9,11,22,286,,12,16,046,,1*76
$GPGSV,3,3,10,20,08,315,38.4,14,58,050,,1*74
$GLGSV,1,1,04,74,14,261,38.9,65,62,256,38.9,82,20,088,,72,13,333,,1*75
$GAGSV,1,1,00,7*73
$GBGSV,3,1,10,14,03,237,,08,73,345,38.9,09,56,268,,03,43,190,38.8,1*70
$GBGSV,3,2,10,01,38,147,,02,30,229,,04,27,124,38.4,12,20,245,,1*63
$GBGSV,3,3,10,05,15,248,38.7,06,75,329,,1*66
$GNRMC,024647.000,A,3859.9970,N,11613.9791,E,0.00,171.64,280612,,,A,V*01
$GNVTG,171.64,T,,M,0.00,N,0.01,K,A*27
$GNZDA,024647.000,28,06,2012,,*46
$GNGGA,024648.000,3859.9970,N,11613.9792,E,1,10,0.85,-16.8,M,-6.8,M,,*72
$PAIRACC,4.82,9.39*46
$GNGLL,3859.9970,N,11613.9792,E,024648.000,A,A*4A
$GNGSA,A,3,18,31,05,20,,,,,,,,,1.30,0.85,0.99,1*02
$GNGSA,A,3,74,65,,,,,,,,,,,1.30,0.85,0.99,2*0D
$GNGSA,A,3,,,,,,,,,,,,,1.30,0.85,0.99,3*0C
$GNGSA,A,3,08,03,04,05,,,,,,,,,1.30,0.85,0.99,4*01
$GPGSV,3,1,10,18,06,135,38.7,22,38,136,,31,73,216,38.3,30,35,080,,1*6A
$GPGSV,3,2,10,01,32,313,,05,24,053,38.8,11,22,286,,12,16,046,,1*77
$GPGSV,3,3,10,20,08,315,38.5,14,58,050,,1*75
$GLGSV,1,1,04,74,14,261,39.0,65,62,256,39.6,82,20,088,,72,13,333,,1*73
$GAGSV,1,1,00,7*73
$GBGSV,3,1,10,14,03,237,,08,73,345,38.6,09,56,268,,03,43,190,38.4,1*73
$GBGSV,3,2,10,01,38,147,,02,30,229,,04,27,124,37.8,12,20,245,,1*60
$GBGSV,3,3,10,05,15,248,37.9,06,75,329,,1*67
$GNRMC,024648.000,A,3859.9970,N,11613.9792,E,0.00,127.29,280612,,,A,V*07
$GNVTG,127.29,T,,M,0.00,N,0.01,K,A*2D
$GNZDA,024648.000,28,06,2012,,*49
$GNGGA,024649.000,3859.9970,N,11613.9792,E,1,10,0.86,-16.8,M,-6.8,M,,*70
$PAIRACC,4.75,9.25*43
$GNGLL,3859.9970,N,11613.9792,E,024649.000,A,A*4B
$GNGSA,A,3,18,31,05,20,,,,,,,,,1.31,0.86,0.99,1*00
$GNGSA,A,3,74,65,,,,,,,,,,,1.31,0.86,0.99,2*0F
$GNGSA,A,3,,,,,,,,,,,,,1.31,0.86,0.99,3*0E
$GNGSA,A,3,08,03,04,05,,,,,,,,,1.31,0.86,0.99,4*03
$GPGSV,3,1,10,18,06,135,39.0,22,38,136,,31,73,216,38.7,30,35,080,,1*68
$GPGSV,3,2,10,01,33,313,,05,24,053,39.0,11,22,286,,12,16,046,,1*7F
$GPGSV,3,3,10,20,08,315,38.0,14,58,050,,1*70
$GLGSV,1,1,04,74,14,261,38.8,65,62,256,39.5,82,20,088,,72,13,333,,1*79
$GAGSV,1,1,00,7*73
$GBGSV,3,1,10,14,03,237,,08,73,345,39.3,09,56,268,,03,43,190,38.8,1*7B
$GBGSV,3,2,10,01,38,147,,02,30,229,,04,27,124,38.2,12,20,245,,1*65
$GBGSV,3,3,10,05,15,248,37.8,06,75,329,,1*66
$GNRMC,024649.000,A,3859.9970,N,11613.9792,E,0.00,130.99,280612,,,A,V*0B
$GNVTG,130.99,T,,M,0.00,N,0.01,K,A*20
$GNZDA,024649.000,28,06,2012,,*48
$GNGGA,024650.000,3859.9970,N,11613.9791,E,1,10,0.86,-16.8,M,-6.8,M,,*7B
$PAIRACC,4.74,9.47*46
$GNGLL,3859.9970,N,11613.9791,E,024650.000,A,A*40
$GNGSA,A,3,18,31,05,20,,,,,,,,,1.31,0.86,0.99,1*00
$GNGSA,A,3,74,65,,,,,,,,,,,1.31,0.86,0.99,2*0F
$GNGSA,A,3,,,,,,,,,,,,,1.31,0.86,0.99,3*0E
$GNGSA,A,3,08,03,04,05,,,,,,,,,1.31,0.86,0.99,4*03
$GPGSV,3,1,10,18,06,135,39.2,22,38,136,,31,73,216,39.1,30,35,080,,1*6D
$GPGSV,3,2,10,01,33,313,,05,24,053,39.2,11,22,286,,12,16,046,,1*7D
$GPGSV,3,3,10,20,08,315,39.0,14,58,050,,1*71
$GLGSV,1,1,04,74,14,261,38.7,65,62,256,39.4,82,20,088,,72,13,333,,1*77
$GAGSV,1,1,00,7*73
$GBGSV,3,1,10,14,03,237,,08,73,345,39.0,09,56,268,,03,43,190,38.8,1*78
$GBGSV,3,2,10,01,38,147,,02,30,229,,04,27,124,38.7,12,20,245,,1*60
$GBGSV,3,3,10,05,15,248,38.5,06,75,329,,1*64
$GNRMC,024650.000,A,3859.9970,N,11613.9791,E,0.00,115.44,280612,,,A,V*07
$GNVTG,115.44,T,,M,0.00,N,0.01,K,A*27
$GNZDA,024650.000,28,06,2012,,*40
$GNGGA,024651.000,3859.9970,N,11613.9791,E,1,10,0.85,-16.8,M,-6.8,M,,*79
$PAIRACC,4.79,9.30*4B
$GNGLL,3859.9970,N,11613.9791,E,024651.000,A,A*41
$GNGSA,A,3,18,31,05,20,,,,,,,,,1.30,0.85,0.99,1*02
$GNGSA,A,3,74,65,,,,,,,,,,,1.30,0.85,0.99,2*0D
$GNGSA,A,3,,,,,,,,,,,,,1.30,0.85,0.99,3*0C
$GNGSA,A,3,08,03,04,05,,,,,,,,,1.30,0.85,0.99,4*01
$GPGSV,3,1,10,18,06,135,39.5,22,38,136,,31,73,216,38.8,30,35,080,,1*62
$GPGSV,3,2,10,01,33,313,,05,24,053,39.0,11,22,286,,12,16,046,,1*7F
$GPGSV,3,3,10,20,08,315,38.7,14,58,050,,1*77
$GLGSV,1,1,04,74,14,261,39.0,65,62,256,39.1,82,20,088,,72,13,333,,1*74
$GAGSV,1,1,00,7*73
$GBGSV,3,1,10,14,03,237,,08,73,345,39.1,09,56,268,,03,43,190,38.5,1*74
$GBGSV,3,2,10,01,38,147,,02,30,229,,04,27,124,38.1,12,20,245,,1*66
$GBGSV,3,3,10,05,15,248,37.8,06,75,329,,1*66
$GNRMC,024651.000,A,3859.9970,N,11613.9791,E,0.00,169.80,280612,,,A,V*05
$GNVTG,169.80,T,,M,0.00,N,0.01,K,A*24
$GNZDA,024651.000,28,06,2012,,*41
$GNGGA,024652.000,3859.9970,N,11613.9791,E,1,10,0.85,-16.8,M,-6.8,M,,*7A
$PAIRACC,4.77,9.56*45
$GNGLL,3859.9970,N,11613.9791,E,024652.000,A,A*42
$GNGSA,A,3,18,31,05,20,,,,,,,,,1.30,0.85,0.99,1*02
$GNGSA,A,3,74,65,,,,,,,,,,,1.30,0.85,0.99,2*0D
$GNGSA,A,3,,,,,,,,,,,,,1.30,0.85,0.99,3*0C
$GNGSA,A,3,08,03,04,05,,,,,,,,,1.30,0.85,0.99,4*01
$GPGSV,3,1,10,18,06,135,38.7,22,38,136,,31,73,216,38.8,30,35,080,,1*61
$GPGSV,3,2,10,01,33,313,,05,24,053,38.9,11,22,286,,12,16,046,,1*77
$GPGSV,3,3,10,20,08,315,39.0,14,58,050,,1*71
$GLGSV,1,1,04,74,14,261,39.2,65,62,256,39.5,82,20,088,,72,13,333,,1*72
$GAGSV,1,1,00,7*73
$GBGSV,3,1,10,14,03,237,,08,73,345,39.1,09,56,268,,03,43,190,38.3,1*72
$GBGSV,3,2,10,01,38,147,,02,30,229,,04,27,124,37.8,12,20,245,,1*60
$GBGSV,3,3,10,05,15,248,37.9,06,75,329,,1*67
$GNRMC,024652.000,A,3859.9970,N,11613.9791,E,0.00,114.63,280612,,,A,V*01
$GNVTG,114.63,T,,M,0.00,N,0.01,K,A*23
$GNZDA,024652.000,28,06,2012,,*42
$GNGGA,024653.000,3859.9970,N,11613.9791,E,1,10,0.86,-16.8,M,-6.8,M,,*78
$PAIRACC,4.83,9.36*48
$GNGLL,3859.9970,N,11613.9791,E,024653.000,A,A*43
$GNGSA,A,3,18,31,05,20,,,,,,,,,1.31,0.86,0.99,1*00
$GNGSA,A,3,74,65,,,,,,,,,,,1.31,0.86,0.99,2*0F
$GNGSA,A,3,,,,,,,,,,,,,1.31,0.86,0.99,3*0E
$GNGSA,A,3,08,03,04,05,,,,,,,,,1.31,0.86,0.99,4*03
$GPGSV,3,1,10,18,06,135,39.1,22,38,136,,31,73,216,39.1,30,35,080,,1*6E
$GPGSV,3,2,10,01,33,313,,05,23,052,39.1,11,22,286,,12,16,046,,1*78
$GPGSV,3,3,10,20,08,315,38.3,14,58,050,,1*73
$GLGSV,1,1,04,74,14,261,38.8,65,62,256,38.9,82,20,088,,72,13,333,,1*74
$GAGSV,1,1,00,7*73
$GBGSV,3,1,10,14,03,237,,08,73,345,38.6,09,56,268,,03,43,190,38.6,1*71
$GBGSV,3,2,10,01,38,147,,02,30,229,,04,27,124,38.3,12,20,245,,1*64
$GBGSV,3,3,10,05,15,248,38.9,06,75,329,,1*68
$GNRMC,024653.000,A,3859.9970,N,11613.9791,E,0.00,151.35,280612,,,A,V*02
$GNVTG,151.35,T,,M,0.00,N,0.01,K,A*21
$GNZDA,024653.000,28,06,2012,,*43
$GNGGA,024654.000,3859.9970,N,11613.9791,E,1,10,0.86,-16.8,M,-6.8,M,,*7F
$PAIRACC,4.76,9.54*46
$GNGLL,3859.9970,N,11613.9791,E,024654.000,A,A*44
$GNGSA,A,3,18,31,05,20,,,,,,,,,1.31,0.86,0.99,1*00
$GNGSA,A,3,74,65,,,,,,,,,,,1.31,0.86,0.99,2*0F
$GNGSA,A,3,,,,,,,,,,,,,1.31,0.86,0.99,3*0E
$GNGSA,A,3,08,03,04,05,,,,,,,,,1.31,0.86,0.99,4*03
$GPGSV,3,1,10,18,06,135,39.2,22,38,136,,31,73,216,39.0,30,35,080,,1*6C
$GPGSV,3,2,10,01,33,313,,05,23,052,38.8,11,22,286,,12,16,046,,1*70
$GPGSV,3,3,10,20,08,315,38.5,14,58,050,,1*75
$GLGSV,1,1,04,74,14,261,39.5,65,62,256,39.2,82,20,088,,72,13,333,,1*72
$GAGSV,1,1,00,7*73
$GBGSV,3,1,10,14,03,237,,08,73,345,38.6,09,56,268,,03,43,190,38.3,1*74
$GBGSV,3,2,10,01,38,147,,02,30,229,,04,27,124,37.9,12,20,245,,1*61
$GBGSV,3,3,10,05,15,248,38.0,06,75,329,,1*61
$GNRMC,024654.000,A,3859.9970,N,11613.9791,E,0.00,114.09,280612,,,A,V*0B
$GNVTG,114.09,T,,M,0.00,N,0.00,K,A*2E
$GNZDA,024654.000,28,06,2012,,*44
$GNGGA,024655.000,3859.9970,N,11613.9791,E,1,10,0.86,-16.8,M,-6.8,M,,*7E
$PAIRACC,4.76,9.35*41
$GNGLL,3859.9970,N,11613.9791,E,024655.000,A,A*45
$GNGSA,A,3,18,31,05,20,,,,,,,,,1.31,0.86,0.99,1*00
$GNGSA,A,3,74,65,,,,,,,,,,,1.31,0.86,0.99,2*0F
$GNGSA,A,3,,,,,,,,,,,,,1.31,0.86,0.99,3*0E
$GNGSA,A,3,08,03,04,05,,,,,,,,,1.31,0.86,0.99,4*03
$GPGSV,3,1,10,18,06,135,38.9,22,38,136,,31,73,216,38.9,30,35,080,,1*6E
$GPGSV,3,2,10,01,33,313,,05,23,052,39.2,11,22,286,,12,16,046,,1*7B
$GPGSV,3,3,10,20,08,315,39.0,14,58,050,,1*71
$GLGSV,1,1,04,74,14,261,38.9,65,62,256,39.6,82,20,088,,72,13,333,,1*7B
$GAGSV,1,1,00,7*73
$GBGSV,3,1,10,14,03,237,,08,73,345,38.6,09,56,268,,03,43,190,38.6,1*71
$GBGSV,3,2,10,01,38,147,,02,30,229,,04,27,124,38.0,12,20,245,,1*67
$GBGSV,3,3,10,05,15,248,37.6,06,75,329,,1*68
$GNRMC,024655.000,A,3859.9970,N,11613.9791,E,0.00,164.98,280612,,,A,V*05
$GNVTG,164.98,T,,M,0.00,N,0.00,K,A*21
$GNZDA,024655.000,28,06,2012,,*45
$GNGGA,024656.000,3859.9969,N,11613.9791,E,1,10,0.86,-16.8,M,-6.8,M,,*75
$PAIRACC,4.81,9.58*42
$GNGLL,3859.9969,N,11613.9791,E,024656.000,A,A*4E
$GNGSA,A,3,18,31,05,20,,,,,,,,,1.31,0.86,0.99,1*00
$GNGSA,A,3,74,65,,,,,,,,,,,1.31,0.86,0.99,2*0F
$GNGSA,A,3,,,,,,,,,,,,,1.31,0.86,0.99,3*0E
$GNGSA,A,3,08,03,04,05,,,,,,,,,1.31,0.86,0.99,4*03
$GPGSV,3,1,10,18,06,135,39.0,22,38,136,,31,73,216,38.5,30,35,080,,1*6A
$GPGSV,3,2,10,01,33,313,,05,23,052,38.8,11,22,286,,12,16,046,,1*70
$GPGSV,3,3,10,20,08,315,39.0,14,58,050,,1*71
$GLGSV,1,1,04,74,14,261,39.0,65,62,256,39.3,82,20,088,,72,13,333,,1*76
$GAGSV,1,1,00,7*73
$GBGSV,3,1,10,14,03,237,,08,73,345,39.0,09,56,268,,03,43,190,38.2,1*72
$GBGSV,3,2,10,01,38,147,,02,30,229,,04,27,124,38.7,12,20,245,,1*60
$GBGSV,3,3,10,05,15,248,38.4,06,75,329,,1*65
$GNRMC,024656.000,A,3859.9969,N,11613.9791,E,0.00,113.97,280612,,,A,V*01
$GNVTG,113.97,T,,M,0.00,N,0.00,K,A*2E
$GNZDA,024656.000,28,06,2012,,*46
$GNGGA,024657.000,3859.9969,N,11613.9791,E,1,10,0.86,-16.8,M,-6.8,M,,*74
$PAIRACC,4.75,9.32*45
$GNGLL,3859.9969,N,11613.9791,E,024657.000,A,A*4F
$GNGSA,A,3,18,31,05,20,,,,,,,,,1.31,0.86,0.99,1*00
$GNGSA,A,3,74,65,,,,,,,,,,,1.31,0.86,0.99,2*0F
$GNGSA,A,3,,,,,,,,,,,,,1.31,0.86,0.99,3*0E
$GNGSA,A,3,08,03,04,05,,,,,,,,,1.31,0.86,0.99,4*03
$GPGSV,3,1,10,18,06,135,39.0,22,38,136,,31,73,216,38.9,30,35,080,,1*66
$GPGSV,3,2,10,01,33,313,,05,23,052,39.2,11,22,286,,12,16,046,,1*7B
$GPGSV,3,3,10,20,08,315,38.1,14,58,050,,1*71
$GLGSV,1,1,04,74,14,261,38.8,65,62,256,39.4,82,20,088,,72,13,333,,1*78
$GAGSV,1,1,00,7*73
$GBGSV,3,1,10,14,03,237,,08,73,345,38.5,09,56,268,,03,43,190,38.7,1*73
$GBGSV,3,2,10,01,38,147,,02,30,229,,04,27,124,37.8,12,20,245,,1*60
$GBGSV,3,3,10,05,15,248,37.8,06,75,329,,1*66
$GNRMC,024657.000,A,3859.9969,N,11613.9791,E,0.00,129.32,280612,,,A,V*06
$GNVTG,129.32,T,,M,0.00,N,0.00,K,A*28
$GNZDA,024657.000,28,06,2012,,*47
$GNGGA,024658.000,3859.9969,N,11613.9791,E,1,10,0.86,-16.8,M,-6.8,M,,*7B
$PAIRACC,4.85,9.65*48
$GNGLL,3859.9969,N,11613.9791,E,024658.000,A,A*40
$GNGSA,A,3,18,31,05,20,,,,,,,,,1.31,0.86,0.99,1*00
$GNGSA,A,3,74,65,,,,,,,,,,,1.31,0.86,0.99,2*0F
$GNGSA,A,3,,,,,,,,,,,,,1.31,0.86,0.99,3*0E
$GNGSA,A,3,08,03,04,05,,,,,,,,,1.31,0.86,0.99,4*03
$GPGSV,3,1,10,18,06,135,38.8,22,38,136,,31,73,216,38.7,30,35,080,,1*61
$GPGSV,3,2,10,01,33,313,,05,23,052,39.1,11,22,286,,12,16,046,,1*78
$GPGSV,3,3,10,20,08,315,38.4,14,58,050,,1*74
$GLGSV,1,1,04,74,14,261,39.0,65,62,256,39.3,82,20,088,,72,13,333,,1*76
$GAGSV,1,1,00,7*73
$GBGSV,3,1,10,14,03,237,,08,73,345,38.8,09,56,268,,03,43,190,38.4,1*7D
$GBGSV,3,2,10,01,38,147,,02,30,229,,04,27,124,37.7,12,20,245,,1*6F
$GBGSV,3,3,10,05,15,248,37.8,06,75,329,,1*66
$GNRMC,024658.000,A,3859.9969,N,11613.9791,E,0.00,101.01,280612,,,A,V*03
$GNVTG,101.01,T,,M,0.00,N,0.01,K,A*23
$GNZDA,024658.000,28,06,2012,,*48
$GNGGA,024659.000,3859.9969,N,11613.9791,E,1,10,0.86,-16.8,M,-6.8,M,,*7A
$PAIRACC,4.77,9.34*41
$GNGLL,3859.9969,N,11613.9791,E,024659.000,A,A*41
$GNGSA,A,3,18,31,05,20,,,,,,,,,1.31,0.86,0.99,1*00
$GNGSA,A,3,74,65,,,,,,,,,,,1.31,0.86,0.99,2*0F
$GNGSA,A,3,,,,,,,,,,,,,1.31,0.86,0.99,3*0E
$GNGSA,A,3,08,03,04,05,,,,,,,,,1.31,0.86,0.99,4*03
$GPGSV,3,1,10,18,06,135,39.0,22,38,136,,31,73,216,38.5,30,35,080,,1*6A
$GPGSV,3,2,10,01,33,313,,05,23,052,38.8,11,22,285,,12,16,046,,1*73
$GPGSV,3,3,10,20,08,315,38.6,14,58,050,,1*76
$GLGSV,1,1,04,74,14,261,38.4,65,62,256,39.0,82,20,088,,72,13,333,,1*70
$GAGSV,1,1,00,7*73
$GBGSV,3,1,10,14,03,237,,08,73,345,38.6,09,56,268,,03,43,190,38.7,1*70
$GBGSV,3,2,10,01,38,147,,02,30,229,,04,27,124,38.3,12,20,245,,1*64
$GBGSV,3,3,10,05,15,248,38.4,06,75,329,,1*65
$GNRMC,024659.000,A,3859.9969,N,11613.9791,E,0.00,109.23,280612,,,A,V*0A
$GNVTG,109.23,T,,M,0.00,N,0.01,K,A*2B
$GNZDA,024659.000,28,06,2012,,*49
$GNGGA,024700.000,3859.9969,N,11613.9791,E,1,10,0.86,-16.8,M,-6.8,M,,*77
$PAIRACC,4.80,9.28*44
$GNGLL,3859.9969,N,11613.9791,E,024700.000,A,A*4C
$GNGSA,A,3,18,31,05,20,,,,,,,,,1.31,0.86,0.99,1*00
$GNGSA,A,3,74,65,,,,,,,,,,,1.31,0.86,0.99,2*0F
$GNGSA,A,3,,,,,,,,,,,,,1.31,0.86,0.99,3*0E
$GNGSA,A,3,08,03,04,05,,,,,,,,,1.31,0.86,0.99,4*03
$GPGSV,3,1,10,18,06,135,39.2,22,38,136,,31,73,216,38.7,30,35,080,,1*6A
$GPGSV,3,2,10,01,33,313,,05,23,052,39.0,11,22,285,,12,15,045,,1*7A
$GPGSV,3,3,10,20,08,315,38.5,14,58,050,,1*75
$GLGSV,1,1,04,74,14,261,39.2,65,62,256,39.0,82,20,088,,72,13,333,,1*77
$GAGSV,1,1,00,7*73
$GBGSV,3,1,10,14,03,237,,08,73,345,39.2,09,56,268,,03,43,190,38.6,1*74
$GBGSV,3,2,10,01,38,147,,02,30,229,,04,27,124,38.1,12,20,245,,1*66
$GBGSV,3,3,10,05,15,248,37.7,06,75,329,,1*69
$GNRMC,024700.000,A,3859.9969,N,11613.9791,E,0.00,88.33,280612,,,A,V*3E
$GNVTG,88.33,T,,M,0.00,N,0.01,K,A*12
$GNZDA,024700.000,28,06,2012,,*44
$GNGGA,024701.000,3859.9969,N,11613.9791,E,1,10,0.85,-16.8,M,-6.8,M,,*75
$PAIRACC,4.79,9.48*44
$GNGLL,3859.9969,N,11613.9791,E,024701.000,A,A*4D
$GNGSA,A,3,18,31,05,20,,,,,,,,,1.30,0.85,0.99,1*02
$GNGSA,A,3,74,65,,,,,,,,,,,1.30,0.85,0.99,2*0D
$GNGSA,A,3,,,,,,,,,,,,,1.30,0.85,0.99,3*0C
$GNGSA,A,3,08,03,04,05,,,,,,,,,1.30,0.85,0.99,4*01
$GPGSV,3,1,10,18,06,135,39.1,22,38,136,,31,73,216,39.1,30,35,080,,1*6E
$GPGSV,3,2,10,01,33,313,,05,23,052,38.7,11,22,285,,12,15,045,,1*7C
$GPGSV,3,3,10,20,08,315,38.4,14,58,050,,1*74
$GLGSV,1,1,04,74,14,261,39.0,65,62,256,39.6,82,20,088,,72,13,333,,1*73
$GAGSV,1,1,00,7*73
$GBGSV,3,1,10,14,03,237,,08,73,345,38.7,09,56,268,,03,43,190,38.6,1*70
$GBGSV,3,2,10,01,38,147,,02,30,229,,04,27,124,38.1,12,20,245,,1*66
$GBGSV,3,3,10,05,15,248,38.2,06,75,329,,1*63
$GNRMC,024701.000,A,3859.9969,N,11613.9791,E,0.00,101.23,280612,,,A,V*0E
$GNVTG,101.23,T,,M,0.00,N,0.01,K,A*23
$GNZDA,024701.000,28,06,2012,,*45
$GNGGA,024702.000,3859.9969,N,11613.9791,E,1,10,0.86,-16.8,M,-6.8,M,,*75
$PAIRACC,4.79,9.27*4D
$GNGLL,3859.9969,N,11613.9791,E,024702.000,A,A*4E
$GNGSA,A,3,18,31,05,20,,,,,,,,,1.31,0.86,0.99,1*00
$GNGSA,A,3,74,65,,,,,,,,,,,1.31,0.86,0.99,2*0F
$GNGSA,A,3,,,,,,,,,,,,,1.31,0.86,0.99,3*0E
$GNGSA,A,3,08,03,04,05,,,,,,,,,1.31,0.86,0.99,4*03
$GPGSV,3,1,10,18,06,135,38.9,22,38,136,,31,73,216,39.1,30,35,080,,1*67
$GPGSV,3,2,10,01,33,313,,05,23,052,38.6,11,22,285,,12,15,045,,1*7D
$GPGSV,3,3,10,20,08,315,39.2,14,57,052,,1*7E
$GLGSV,1,1,04,74,14,261,39.2,65,62,256,39.6,82,20,088,,72,13,333,,1*71
$GAGSV,1,1,00,7*73
$GBGSV,3,1,10,14,03,237,,08,73,345,38.7,09,56,268,,03,43,190,38.8,1*7E
$GBGSV,3,2,10,01,38,147,,02,30,229,,04,27,124,38.2,12,20,245,,1*65
$GBGSV,3,3,10,05,15,248,38.3,06,75,329,,1*62
$GNRMC,024702.000,A,3859.9969,N,11613.9791,E,0.00,106.86,280612,,,A,V*05
$GNVTG,106.86,T,,M,0.00,N,0.01,K,A*2B
$GNZDA,024702.000,28,06,2012,,*46
$GNGGA,024703.000,3859.9969,N,11613.9791,E,1,10,0.85,-16.8,M,-6.8,M,,*77
$PAIRACC,4.80,9.39*44
$GNGLL,3859.9969,N,11613.9791,E,024703.000,A,A*4F
$GNGSA,A,3,18,31,05,20,,,,,,,,,1.30,0.85,0.99,1*02
$GNGSA,A,3,74,65,,,,,,,,,,,1.30,0.85,0.99,2*0D
$GNGSA,A,3,,,,,,,,,,,,,1.30,0.85,0.99,3*0C
$GNGSA,A,3,08,03,04,05,,,,,,,,,1.30,0.85,0.99,4*01
$GPGSV,3,1,10,18,06,135,38.8,22,38,136,,31,73,216,38.5,30,35,080,,1*63
$GPGSV,3,2,10,01,33,313,,05,23,052,38.7,11,22,285,,12,15,045,,1*7C
$GPGSV,3,3,10,20,08,315,37.9,14,57,052,,1*7B
$GLGSV,1,1,04,74,14,261,38.7,65,62,256,39.2,82,20,088,,72,13,333,,1*71
$GAGSV,1,1,00,7*73
$GBGSV,3,1,10,14,03,237,,08,73,345,38.9,09,56,268,,03,43,190,38.4,1*7C
$GBGSV,3,2,10,01,38,147,,02,30,229,,04,27,124,37.9,12,20,245,,1*61
$GBGSV,3,3,10,05,15,248,38.0,06,75,329,,1*61
$GNRMC,024703.000,A,3859.9969,N,11613.9791,E,0.00,121.56,280612,,,A,V*0C
$GNVTG,121.56,T,,M,0.00,N,0.01,K,A*23
$GNZDA,024703.000,28,06,2012,,*47
$GNGGA,024704.000,3859.9969,N,11613.9791,E,1,10,0.86,-16.8,M,-6.8,M,,*73
$PAIRACC,4.73,9.29*49
$GNGLL,3859.9969,N,11613.9791,E,024704.000,A,A*48
$GNGSA,A,3,18,31,05,20,,,,,,,,,1.31,0.86,0.99,1*00
$GNGSA,A,3,74,65,,,,,,,,,,,1.31,0.86,0.99,2*0F
$GNGSA,A,3,,,,,,,,,,,,,1.31,0.86,0.99,3*0E
$GNGSA,A,3,08,03,04,05,,,,,,,,,1.31,0.86,0.99,4*03
$GPGSV,3,1,10,18,06,135,38.7,22,38,136,,31,73,216,38.6,30,35,080,,1*6F
$GPGSV,3,2,10,01,33,313,,05,23,052,39.2,11,22,285,,12,15,045,,1*78
$GPGSV,3,3,10,20,08,315,38.2,14,57,052,,1*7F
$GLGSV,1,1,04,74,14,261,38.9,65,62,256,39.3,82,20,088,,72,13,333,,1*7E
$GAGSV,1,1,00,7*73
$GBGSV,3,1,10,14,03,237,,08,73,345,38.8,09,56,268,,03,43,190,38.4,1*7D
$GBGSV,3,2,10,01,38,147,,02,30,229,,04,27,124,37.9,12,20,245,,1*61
$GBGSV,3,3,10,05,15,248,37.8,06,75,329,,1*66
$GNRMC,024704.000,A,3859.9969,N,11613.9791,E,0.00,139.64,280612,,,A,V*03
$GNVTG,139.64,T,,M,0.00,N,0.01,K,A*2B
$GNZDA,024704.000,28,06,2012,,*40
$GNGGA,024705.000,3859.9969,N,11613.9792,E,1,10,0.86,-16.8,M,-6.8,M,,*71
$PAIRACC,4.80,9.32*4F
$GNGLL,3859.9969,N,11613.9792,E,024705.000,A,A*4A
$GNGSA,A,3,31,05,20,18,,,,,,,,,1.31,0.86,0.99,1*00
$GNGSA,A,3,65,74,,,,,,,,,,,1.31,0.86,0.99,2*0F
$GNGSA,A,3,,,,,,,,,,,,,1.31,0.86,0.99,3*0E
$GNGSA,A,3,08,03,04,05,,,,,,,,,1.31,0.86,0.99,4*03
$GPGSV,3,1,11,16,01,181,,31,73,216,38.7,22,38,136,,30,35,080,,1*7B
$GPGSV,3,2,11,01,33,313,,05,23,052,39.0,11,22,285,,12,15,045,,1*7B
$GPGSV,3,3,11,20,08,315,38.7,18,06,135,39.0,14,57,052,,1*57
$GLGSV,1,1,04,82,20,088,,65,62,256,39.6,74,14,261,39.1,72,13,333,,1*72
$GAGSV,1,1,00,7*73
$GBGSV,3,1,10,14,03,237,,08,73,345,38.8,09,56,268,,03,43,190,38.6,1*7F
$GBGSV,3,2,10,01,38,147,,02,30,229,,04,27,124,38.3,12,20,245,,1*64
$GBGSV,3,3,10,05,15,248,38.4,06,75,329,,1*65
$GNRMC,024705.000,A,3859.9969,N,11613.9792,E,0.00,92.01,280612,,,A,V*32
$GNVTG,92.01,T,,M,0.00,N,0.01,K,A*18
$GNZDA,024705.000,28,06,2012,,*41
$GNGGA,024706.000,3859.9969,N,11613.9792,E,1,10,0.85,-16.8,M,-6.8,M,,*71
$PAIRACC,4.79,9.64*4A
$GNGLL,3859.9969,N,11613.9792,E,024706.000,A,A*49
$GNGSA,A,3,31,05,20,18,,,,,,,,,1.30,0.85,0.99,1*02
$GNGSA,A,3,65,74,,,,,,,,,,,1.30,0.85,0.99,2*0D
$GNGSA,A,3,,,,,,,,,,,,,1.30,0.85,0.99,3*0C
$GNGSA,A,3,08,03,04,05,,,,,,,,,1.30,0.85,0.99,4*01
$GPGSV,3,1,11,16,01,181,,31,73,216,39.0,22,38,136,,30,35,080,,1*7D
$GPGSV,3,2,11,01,33,313,,05,23,052,39.2,11,22,285,,12,15,045,,1*79
$GPGSV,3,3,11,20,08,315,38.9,18,05,136,38.7,14,57,052,,1*5F
$GLGSV,1,1,04,82,20,088,,65,62,256,39.2,74,14,261,39.2,72,13,333,,1*75
$GAGSV,1,1,00,7*73
$GBGSV,3,1,10,14,03,237,,08,73,345,39.1,09,56,268,,03,43,190,38.3,1*72
$GBGSV,3,2,10,01,38,147,,02,30,229,,04,27,124,38.0,12,20,245,,1*67
$GBGSV,3,3,10,05,15,248,37.4,06,75,329,,1*6A
$GNRMC,024706.000,A,3859.9969,N,11613.9792,E,0.00,83.58,280612,,,A,V*3D
$GNVTG,83.58,T,,M,0.00,N,0.01,K,A*14
$GNZDA,024706.000,28,06,2012,,*42
$GNGGA,024707.000,3859.9969,N,11613.9792,E,1,10,0.86,-16.8,M,-6.8,M,,*73
$PAIRACC,4.78,9.29*42
$GNGLL,3859.9969,N,11613.9792,E,024707.000,A,A*48
$GNGSA,A,3,31,05,20,18,,,,,,,,,1.31,0.86,0.99,1*00
$GNGSA,A,3,65,74,,,,,,,,,,,1.31,0.86,0.99,2*0F
$GNGSA,A,3,,,,,,,,,,,,,1.31,0.86,0.99,3*0E
$GNGSA,A,3,08,03,04,05,,,,,,,,,1.31,0.86,0.99,4*03
$GPGSV,3,1,11,16,01,181,,31,73,216,38.9,22,38,136,,30,35,080,,1*75
$GPGSV,3,2,11,01,33,313,,05,23,052,39.1,11,22,285,,12,15,045,,1*7A
$GPGSV,3,3,11,20,08,315,38.4,18,05,136,39.2,14,57,052,,1*56
$GLGSV,1,1,04,82,20,088,,65,62,256,39.5,74,14,261,38.8,72,13,333,,1*79
$GAGSV,1,1,00,7*73
$GBGSV,3,1,10,14,03,237,,08,73,345,38.7,09,56,268,,03,43,190,38.6,1*70
$GBGSV,3,2,10,01,38,147,,02,30,229,,04,27,124,38.2,12,20,245,,1*65
$GBGSV,3,3,10,05,15,248,37.8,06,75,329,,1*66
$GNRMC,024707.000,A,3859.9969,N,11613.9792,E,0.00,97.80,280612,,,A,V*3C
$GNVTG,97.80,T,,M,0.00,N,0.01,K,A*14
$GNZDA,024707.000,28,06,2012,,*43
$GNGGA,024708.000,3859.9969,N,11613.9792,E,1,10,0.86,-16.8,M,-6.8,M,,*7C
$PAIRACC,4.81,9.69*40
$GNGLL,3859.9969,N,11613.9792,E,024708.000,A,A*47
$GNGSA,A,3,31,05,20,18,,,,,,,,,1.31,0.86,0.99,1*00
$GNGSA,A,3,65,74,,,,,,,,,,,1.31,0.86,0.99,2*0F
$GNGSA,A,3,,,,,,,,,,,,,1.31,0.86,0.99,3*0E
$GNGSA,A,3,08,03,04,05,,,,,,,,,1.31,0.86,0.99,4*03
$GPGSV,3,1,11,16,01,181,,31,73,216,38.8,22,38,136,,30,35,080,,1*74
$GPGSV,3,2,11,01,33,313,,05,23,052,39.4,11,22,285,,12,15,045,,1*7F
$GPGSV,3,3,11,20,09,315,38.4,18,05,136,38.9,14,57,052,,1*5D
$GLGSV,1,1,04,82,20,088,,65,62,256,39.3,74,14,261,39.0,72,13,333,,1*76
$GAGSV,1,1,00,7*73
$GBGSV,3,1,10,14,03,237,,08,73,345,39.0,09,56,268,,03,43,190,38.4,1*74
$GBGSV,3,2,10,01,38,147,,02,30,229,,04,27,124,38.7,12,20,245,,1*60
$GBGSV,3,3,10,05,15,248,38.5,06,75,329,,1*64
$GNRMC,024708.000,A,3859.9969,N,11613.9792,E,0.00,84.48,280612,,,A,V*35
$GNVTG,84.48,T,,M,0.00,N,0.01,K,A*12
$GNZDA,024708.000,28,06,2012,,*4C
$GNGGA,024709.000,3859.9969,N,11613.9792,E,1,10,0.85,-16.8,M,-6.8,M,,*7E
$PAIRACC,4.77,9.21*45
$GNGLL,3859.9969,N,11613.9792,E,024709.000,A,A*46
$GNGSA,A,3,31,05,20,18,,,,,,,,,1.30,0.85,0.99,1*02
$GNGSA,A,3,65,74,,,,,,,,,,,1.30,0.85,0.99,2*0D
$GNGSA,A,3,,,,,,,,,,,,,1.30,0.85,0.99,3*0C
$GNGSA,A,3,08,03,04,05,,,,,,,,,1.30,0.85,0.99,4*01
$GPGSV,3,1,11,16,01,181,,31,73,216,38.8,22,38,136,,30,35,080,,1*74
$GPGSV,3,2,11,01,33,313,,05,23,052,39.5,11,22,285,,12,15,045,,1*7E
$GPGSV,3,3,11,20,09,315,38.8,18,05,136,39.5,14,57,052,,1*5C
$GLGSV,1,1,04,82,20,088,,65,62,256,39.2,74,14,261,38.9,72,13,333,,1*7F
$GAGSV,1,1,00,7*73
$GBGSV,3,1,10,14,03,237,,08,73,345,39.3,09,56,268,,03,43,190,38.4,1*77
$GBGSV,3,2,10,01,38,147,,02,30,229,,04,27,124,37.9,12,20,245,,1*61
$GBGSV,3,3,10,05,15,248,37.9,06,75,329,,1*67
$GNRMC,024709.000,A,3859.9969,N,11613.9792,E,0.00,151.04,280612,,,A,V*05
$GNVTG,151.04,T,,M,0.00,N,0.01,K,A*23
$GNZDA,024709.000,28,06,2012,,*4D
$GNGGA,024710.000,3859.9969,N,11613.9791,E,1,10,0.85,-16.8,M,-6.8,M,,*75
$PAIRACC,4.85,9.66*4B
$GNGLL,3859.9969,N,11613.9791,E,024710.000,A,A*4D
$GNGSA,A,3,31,05,20,18,,,,,,,,,1.30,0.85,0.99,1*02
$GNGSA,A,3,65,74,,,,,,,,,,,1.30,0.85,0.99,2*0D
$GNGSA,A,3,,,,,,,,,,,,,1.30,0.85,0.99,3*0C
$GNGSA,A,3,08,03,04,05,,,,,,,,,1.30,0.85,0.99,4*01
$GPGSV,3,1,11,16,01,181,,31,73,216,38.7,22,37,137,,30,35,080,,1*75
$GPGSV,3,2,11,01,33,313,,05,23,052,38.9,11,22,285,,12,15,045,,1*73
$GPGSV,3,3,11,20,09,315,38.5,18,05,136,39.0,14,57,052,,1*54
$GLGSV,1,1,04,82,20,088,,65,62,256,39.3,74,14,261,39.0,72,13,333,,1*76
$GAGSV,1,1,00,7*73
$GBGSV,3,1,10,14,03,237,,08,73,345,39.3,09,56,268,,03,43,190,38.4,1*77
$GBGSV,3,2,10,01,38,147,,02,30,229,,04,27,124,37.7,12,20,245,,1*6F
$GBGSV,3,3,10,05,15,248,37.7,06,75,329,,1*69
$GNRMC,024710.000,A,3859.9969,N,11613.9791,E,0.00,160.88,280612,,,A,V*08
$GNVTG,160.88,T,,M,0.00,N,0.01,K,A*25
$GNZDA,024710.000,28,06,2012,,*45
$GNGGA,024711.000,3859.9969,N,11613.9791,E,1,10,0.86,-16.8,M,-6.8,M,,*77
$PAIRACC,4.79,9.20*4A
$GNGLL,3859.9969,N,11613.9791,E,024711.000,A,A*4C
$GNGSA,A,3,31,05,20,18,,,,,,,,,1.31,0.86,0.99,1*00
$GNGSA,A,3,65,74,,,,,,,,,,,1.31,0.86,0.99,2*0F
$GNGSA,A,3,,,,,,,,,,,,,1.31,0.86,0.99,3*0E
$GNGSA,A,3,08,03,04,05,,,,,,,,,1.31,0.86,0.99,4*03
$GPGSV,3,1,11,16,01,181,,31,73,216,39.2,22,37,137,,30,35,080,,1*71
$GPGSV,3,2,11,01,33,313,,05,23,052,39.1,11,22,285,,12,15,045,,1*7A
$GPGSV,3,3,11,20,09,315,38.1,18,05,136,38.9,14,57,052,,1*58
$GLGSV,1,1,04,82,20,088,,65,62,256,39.3,74,14,261,39.3,72,13,333,,1*75
$GAGSV,1,1,00,7*73
$GBGSV,3,1,10,14,03,237,,08,73,345,39.2,09,56,268,,03,43,190,38.6,1*74
$GBGSV,3,2,10,01,38,147,,02,30,229,,04,27,124,38.6,12,20,245,,1*61
$GBGSV,3,3,10,05,15,248,38.7,06,75,329,,1*66
$GNRMC,024711.000,A,3859.9969,N,11613.9791,E,0.00,154.55,280612,,,A,V*0E
$GNVTG,154.55,T,,M,0.00,N,0.01,K,A*22
$GNZDA,024711.000,28,06,2012,,*44
$GNGGA,024712.000,3859.9968,N,11613.9791,E,1,10,0.86,-16.8,M,-6.8,M,,*75
$PAIRACC,4.85,9.64*49
$GNGLL,3859.9968,N,11613.9791,E,024712.000,A,A*4E
$GNGSA,A,3,31,05,20,18,,,,,,,,,1.31,0.86,0.99,1*00
$GNGSA,A,3,65,74,,,,,,,,,,,1.31,0.86,0.99,2*0F
$GNGSA,A,3,,,,,,,,,,,,,1.31,0.86,0.99,3*0E
$GNGSA,A,3,08,03,04,05,,,,,,,,,1.31,0.86,0.99,4*03
$GPGSV,3,1,11,16,01,181,,31,73,216,38.8,22,37,137,,30,35,080,,1*7A
$GPGSV,3,2,11,01,33,313,,05,23,052,38.8,11,22,285,,12,15,045,,1*72
$GPGSV,3,3,11,20,09,315,38.8,18,05,136,38.7,14,57,052,,1*5F
$GLGSV,1,1,04,82,20,088,,65,62,256,39.1,74,14,261,39.3,72,13,333,,1*77
$GAGSV,1,1,00,7*73
$GBGSV,3,1,10,14,03,237,,08,73,345,38.9,09,56,268,,03,43,190,38.4,1*7C
$GBGSV,3,2,10,01,38,147,,02,30,229,,04,27,124,37.8,12,20,245,,1*60
$GBGSV,3,3,10,05,15,248,37.9,06,75,329,,1*67
$GNRMC,024712.000,A,3859.9968,N,11613.9791,E,0.00,126.81,280612,,,A,V*00
$GNVTG,126.81,T,,M,0.00,N,0.01,K,A*2E
$GNZDA,024712.000,28,06,2012,,*47
$GNGGA,024713.000,3859.9968,N,11613.9791,E,1,10,0.86,-16.8,M,-6.8,M,,*74
$PAIRACC,4.80,9.25*49
$GNGLL,3859.9968,N,11613.9791,E,024713.000,A,A*4F
$GNGSA,A,3,31,05,20,18,,,,,,,,,1.31,0.86,0.99,1*00
$GNGSA,A,3,65,74,,,,,,,,,,,1.31,0.86,0.99,2*0F
$GNGSA,A,3,,,,,,,,,,,,,1.31,0.86,0.99,3*0E
$GNGSA,A,3,08,03,04,05,,,,,,,,,1.31,0.86,0.99,4*03
$GPGSV,3,1,11,16,01,181,,31,73,216,38.9,22,37,137,,30,35,080,,1*7B
$GPGSV,3,2,11,01,33,313,,05,23,052,38.8,11,22,285,,12,15,045,,1*72
$GPGSV,3,3,11,20,09,315,38.4,18,05,136,39.2,14,57,052,,1*57
$GLGSV,1,1,04,82,20,088,,65,62,256,39.3,74,14,261,38.9,72,13,333,,1*7E
$GAGSV,1,1,00,7*73
$GBGSV,3,1,10,14,03,237,,08,73,345,39.3,09,56,268,,03,43,190,38.4,1*77
$GBGSV,3,2,10,01,38,147,,02,30,229,,04,27,124,38.1,12,20,245,,1*66
$GBGSV,3,3,10,05,15,248,37.8,06,75,329,,1*66
$GNRMC,024713.000,A,3859.9968,N,11613.9791,E,0.00,154.43,280612,,,A,V*0A
$GNVTG,154.43,T,,M,0.00,N,0.01,K,A*25
$GNZDA,024713.000,28,06,2012,,*46
$GNGGA,024714.000,3859.9968,N,11613.9791,E,1,10,0.86,-16.8,M,-6.8,M,,*73
$PAIRACC,4.81,9.62*4B
$GNGLL,3859.9968,N,11613.9791,E,024714.000,A,A*48
$GNGSA,A,3,31,05,20,18,,,,,,,,,1.31,0.86,0.99,1*00
$GNGSA,A,3,65,74,,,,,,,,,,,1.31,0.86,0.99,2*0F
$GNGSA,A,3,,,,,,,,,,,,,1.31,0.86,0.99,3*0E
$GNGSA,A,3,08,03,04,05,,,,,,,,,1.31,0.86,0.99,4*03
$GPGSV,3,1,11,16,01,181,,31,73,216,38.8,22,37,137,,30,35,080,,1*7A
$GPGSV,3,2,11,01,33,313,,05,23,052,39.4,11,22,285,,12,15,045,,1*7F
$GPGSV,3,3,11,20,09,315,38.6,18,05,136,38.8,14,57,052,,1*5E
$GLGSV,1,1,04,82,20,088,,65,62,256,39.1,74,14,261,39.2,72,13,333,,1*76
$GAGSV,1,1,00,7*73
$GBGSV,3,1,10,14,03,237,,08,73,345,38.9,09,56,268,,03,43,190,38.6,1*7E
$GBGSV,3,2,10,01,38,147,,02,30,229,,04,27,124,38.6,12,20,245,,1*61
$GBGSV,3,3,10,05,15,248,38.8,06,75,329,,1*69
$GNRMC,024714.000,A,3859.9968,N,11613.9791,E,0.00,131.73,280612,,,A,V*0D
$GNVTG,131.73,T,,M,0.00,N,0.01,K,A*25
$GNZDA,024714.000,28,06,2012,,*41
$GNGGA,024715.000,3859.9968,N,11613.9791,E,1,9,0.96,-16.8,M,-6.8,M,,*4B
$PAIRACC,4.89,9.62*43
$GNGLL,3859.9968,N,11613.9791,E,024715.000,A,A*49
$GNGSA,A,3,31,05,20,,,,,,,,,,1.51,0.96,1.17,1*09
$GNGSA,A,3,65,74,,,,,,,,,,,1.51,0.96,1.17,2*0F
$GNGSA,A,3,,,,,,,,,,,,,1.51,0.96,1.17,3*0E
$GNGSA,A,3,08,03,04,05,,,,,,,,,1.51,0.96,1.17,4*03
$GPGSV,3,1,11,16,01,181,,31,73,216,17.4,22,37,137,,30,35,080,,1*7B
$GPGSV,3,2,11,01,33,313,,05,23,052,17.1,11,22,285,,12,15,045,,1*76
$GPGSV,3,3,11,20,09,315,38.2,18,05,136,16.4,14,57,052,,1*5A
$GLGSV,1,1,04,82,20,088,,65,62,256,39.3,74,14,261,39.2,72,13,333,,1*74
$GAGSV,1,1,00,7*73
$GBGSV,3,1,10,14,03,237,,08,73,345,38.8,09,56,268,,03,43,190,38.5,1*7C
$GBGSV,3,2,10,01,38,147,,02,30,229,,04,27,124,38.2,12,20,245,,1*65
$GBGSV,3,3,10,05,15,248,37.8,06,75,329,,1*66
$GNRMC,024715.000,A,3859.9968,N,11613.9791,E,0.00,32.72,280612,,,A,V*3F
$GNVTG,32.72,T,,M,0.00,N,0.01,K,A*16
$GNZDA,024715.000,28,06,2012,,*40
$GNGGA,024716.000,3859.9968,N,11613.9792,E,1,9,0.96,-16.8,M,-6.8,M,,*4B
$PAIRACC,5.00,9.65*44
$GNGLL,3859.9968,N,11613.9792,E,024716.000,A,A*49
$GNGSA,A,3,31,05,20,,,,,,,,,,1.51,0.96,1.17,1*09
$GNGSA,A,3,65,74,,,,,,,,,,,1.51,0.96,1.17,2*0F
$GNGSA,A,3,,,,,,,,,,,,,1.51,0.96,1.17,3*0E
$GNGSA,A,3,08,03,04,05,,,,,,,,,1.51,0.96,1.17,4*03
$GPGSV,3,1,11,16,01,181,,31,73,216,14.3,22,37,137,,30,35,080,,1*7F
$GPGSV,3,2,11,01,33,313,,05,23,052,12.8,11,22,285,,12,15,045,,1*7A
$GPGSV,3,3,11,20,09,315,38.2,18,05,136,13.2,14,57,052,39.2,1*4F
$GLGSV,1,1,04,82,20,088,,65,62,256,38.9,74,14,261,39.2,72,13,333,,1*7F
$GAGSV,1,1,00,7*73
$GBGSV,3,1,10,14,03,237,,08,73,345,39.2,09,56,268,,03,43,190,38.8,1*7A
$GBGSV,3,2,10,01,38,147,,02,30,229,,04,27,124,37.9,12,20,245,,1*61
$GBGSV,3,3,10,05,15,248,38.1,06,75,329,,1*60
$GNRMC,024716.000,A,3859.9968,N,11613.9792,E,0.00,40.67,280612,,,A,V*3E
$GNVTG,40.67,T,,M,0.00,N,0.01,K,A*17
$GNZDA,024716.000,28,06,2012,,*43
$GNGGA,024717.000,3859.9969,N,11613.9792,E,1,9,0.96,-16.8,M,-6.8,M,,*4B
$PAIRACC,5.19,10.07*70
$GNGLL,3859.9969,N,11613.9792,E,024717.000,A,A*49
$GNGSA,A,3,31,05,20,,,,,,,,,,1.51,0.96,1.17,1*09
$GNGSA,A,3,65,74,,,,,,,,,,,1.51,0.96,1.17,2*0F
$GNGSA,A,3,,,,,,,,,,,,,1.51,0.96,1.17,3*0E
$GNGSA,A,3,08,03,04,05,,,,,,,,,1.51,0.96,1.17,4*03
$GPGSV,3,1,11,16,01,181,,31,73,216,10.6,22,37,137,,30,35,080,,1*7E
$GPGSV,3,2,11,01,33,313,,05,23,052,11.2,11,22,285,,12,15,045,,1*73
$GPGSV,3,3,11,20,09,315,37.8,18,05,136,11.6,14,57,052,39.0,1*4E
$GLGSV,1,1,04,82,20,088,,65,62,256,39.3,74,14,261,38.7,72,13,333,,1*70
$GAGSV,1,1,00,7*73
$GBGSV,3,1,10,14,03,237,,08,73,345,38.4,09,56,268,,03,43,190,38.6,1*73
$GBGSV,3,2,10,01,38,147,,02,30,229,,04,27,124,38.3,12,20,245,,1*64
$GBGSV,3,3,10,05,15,248,38.4,06,75,329,,1*65
$GNRMC,024717.000,A,3859.9969,N,11613.9792,E,0.00,13.36,280612,,,A,V*3C
$GNVTG,13.36,T,,M,0.00,N,0.01,K,A*15
$GNZDA,024717.000,28,06,2012,,*42
$GNGGA,024718.000,3859.9969,N,11613.9792,E,1,9,0.96,-16.8,M,-6.8,M,,*44
$PAIRACC,5.29,9.96*43
$GNGLL,3859.9969,N,11613.9792,E,024718.000,A,A*46
$GNGSA,A,3,31,05,20,,,,,,,,,,1.51,0.96,1.17,1*09
$GNGSA,A,3,65,74,,,,,,,,,,,1.51,0.96,1.17,2*0F
$GNGSA,A,3,,,,,,,,,,,,,1.51,0.96,1.17,3*0E
$GNGSA,A,3,08,03,04,05,,,,,,,,,1.51,0.96,1.17,4*03
$GPGSV,3,1,11,16,01,181,,31,73,216,10.6,22,37,137,,30,35,078,,1*79
$GPGSV,3,2,11,01,33,313,,05,23,052,13.2,11,22,285,,12,15,045,38.8,1*6C
$GPGSV,3,3,11,20,09,315,38.0,18,05,136,12.8,14,57,052,38.7,1*42
$GLGSV,1,1,04,82,20,088,,65,62,256,39.8,74,14,261,39.3,72,13,333,,1*7E
$GAGSV,1,1,00,7*73
$GBGSV,3,1,10,14,03,237,,08,73,345,38.8,09,56,268,,03,43,190,38.3,1*7A
$GBGSV,3,2,10,01,38,147,,02,30,229,,04,27,124,37.8,12,20,245,,1*60
$GBGSV,3,3,10,05,15,248,37.5,06,75,329,,1*6B
$GNRMC,024718.000,A,3859.9969,N,11613.9792,E,0.00,47.63,280612,,,A,V*32
$GNVTG,47.63,T,,M,0.00,N,0.01,K,A*14
$GNZDA,024718.000,28,06,2012,,*4D
$GNGGA,024719.000,3859.9969,N,11613.9792,E,1,9,0.96,-16.8,M,-6.8,M,,*45
$PAIRACC,5.44,10.09*76
$GNGLL,3859.9969,N,11613.9792,E,024719.000,A,A*47
$GNGSA,A,3,31,05,20,,,,,,,,,,1.51,0.96,1.17,1*09
$GNGSA,A,3,65,74,,,,,,,,,,,1.51,0.96,1.17,2*0F
$GNGSA,A,3,,,,,,,,,,,,,1.51,0.96,1.17,3*0E
$GNGSA,A,3,08,03,04,05,,,,,,,,,1.51,0.96,1.17,4*03
$GPGSV,3,1,11,16,01,181,,31,74,218,10.4,22,37,137,,30,35,078,,1*72
$GPGSV,3,2,11,01,33,313,,05,23,052,12.1,11,22,285,,12,15,045,38.6,1*60
$GPGSV,3,3,11,20,09,315,38.1,18,05,136,11.3,14,57,052,39.2,1*4F
$GLGSV,1,1,04,82,20,088,,65,62,256,39.1,74,14,261,39.6,72,13,333,,1*72
$GAGSV,1,1,00,7*73
$GBGSV,3,1,10,14,03,237,,08,73,345,39.0,09,56,268,,03,43,190,38.4,1*74
$GBGSV,3,2,10,01,38,147,,02,30,229,,04,27,124,37.5,12,20,245,,1*6D
$GBGSV,3,3,10,05,15,248,37.8,06,75,329,,1*66
$GNRMC,024719.000,A,3859.9969,N,11613.9792,E,0.01,5.98,280612,,,A,V*00
$GNVTG,5.98,T,,M,0.01,N,0.01,K,A*27
$GNZDA,024719.000,28,06,2012,,*4C
$GNGGA,024720.000,3859.9969,N,11613.9792,E,1,7,1.20,-16.8,M,-6.8,M,,*4D
$PAIRACC,5.44,10.06*79
$GNGLL,3859.9969,N,11613.9792,E,024720.000,A,A*4D
$GNGSA,A,3,20,,,,,,,,,,,,1.85,1.20,1.40,1*09
$GNGSA,A,3,65,74,,,,,,,,,,,1.85,1.20,1.40,2*08
$GNGSA,A,3,,,,,,,,,,,,,1.85,1.20,1.40,3*09
$GNGSA,A,3,08,03,04,05,,,,,,,,,1.85,1.20,1.40,4*04
$GPGSV,3,1,11,16,01,181,,31,74,218,,22,37,137,39.0,30,35,078,,1*7D
$GPGSV,3,2,11,01,33,313,,05,23,052,,11,22,285,,12,15,045,38.8,1*72
$GPGSV,3,3,11,20,09,315,38.4,18,05,136,11.9,14,57,052,39.2,1*40
$GLGSV,1,1,04,82,20,088,,65,62,256,38.8,74,14,261,39.2,72,13,333,,1*7E
$GAGSV,1,1,00,7*73
$GBGSV,3,1,10,14,03,237,,08,73,345,38.9,09,56,268,,03,43,190,38.8,1*70
$GBGSV,3,2,10,01,38,147,,02,30,229,,04,27,124,38.8,12,20,245,,1*6F
$GBGSV,3,3,10,05,15,248,38.3,06,75,329,,1*62
$GNRMC,024720.000,A,3859.9969,N,11613.9792,E,0.01,5.88,280612,,,A,V*0B
$GNVTG,5.88,T,,M,0.01,N,0.01,K,A*26
$GNZDA,024720.000,28,06,2012,,*46
$GNGGA,024721.000,3859.9969,N,11613.9792,E,1,7,1.20,-16.8,M,-6.8,M,,*4C
$PAIRACC,5.50,10.09*73
$GNGLL,3859.9969,N,11613.9792,E,024721.000,A,A*4C
$GNGSA,A,3,20,,,,,,,,,,,,1.85,1.20,1.40,1*09
$GNGSA,A,3,65,74,,,,,,,,,,,1.85,1.20,1.40,2*08
$GNGSA,A,3,,,,,,,,,,,,,1.85,1.20,1.40,3*09
$GNGSA,A,3,08,03,04,05,,,,,,,,,1.85,1.20,1.40,4*04
$GPGSV,3,1,11,16,01,181,,31,74,218,,22,37,137,37.7,30,35,078,,1*74
$GPGSV,3,2,11,01,33,313,,05,23,052,,11,22,285,,12,15,045,38.8,1*72
$GPGSV,3,3,11,20,09,315,38.6,18,05,136,12.0,14,57,052,38.8,1*43
$GLGSV,1,1,04,82,20,088,,65,62,256,39.1,74,14,261,39.0,72,13,333,,1*74
$GAGSV,1,1,00,7*73
$GBGSV,3,1,10,14,03,237,,08,73,345,38.6,09,56,268,,03,43,190,38.8,1*7F
$GBGSV,3,2,10,01,38,147,,02,30,229,,04,27,124,38.0,12,20,245,,1*67
$GBGSV,3,3,10,05,15,248,37.7,06,75,329,,1*69
$GNRMC,024721.000,A,3859.9969,N,11613.9792,E,0.01,8.86,280612,,,A,V*09
$GNVTG,8.86,T,,M,0.01,N,0.01,K,A*25
$GNZDA,024721.000,28,06,2012,,*47
$GNGGA,024722.000,3859.9970,N,11613.9792,E,1,7,1.20,-16.8,M,-6.8,M,,*47
$PAIRACC,5.46,9.93*4F
$GNGLL,3859.9970,N,11613.9792,E,024722.000,A,A*47
$GNGSA,A,3,20,,,,,,,,,,,,1.85,1.20,1.40,1*09
$GNGSA,A,3,65,74,,,,,,,,,,,1.85,1.20,1.40,2*08
$GNGSA,A,3,,,,,,,,,,,,,1.85,1.20,1.40,3*09
$GNGSA,A,3,08,03,04,05,,,,,,,,,1.85,1.20,1.40,4*04
$GPGSV,3,1,11,16,01,181,,31,74,218,,22,37,137,38.9,30,35,078,,1*75
$GPGSV,3,2,11,01,33,313,,05,23,052,,11,22,285,,12,15,045,39.0,1*7B
$GPGSV,3,3,11,20,09,315,38.3,18,05,136,,14,57,052,38.7,1*54
$GLGSV,1,1,04,82,20,088,,65,62,256,39.1,74,14,261,39.4,72,13,333,,1*70
$GAGSV,1,1,00,7*73
$GBGSV,3,1,10,14,03,237,,08,73,345,39.2,09,56,268,,03,43,190,38.7,1*75
$GBGSV,3,2,10,01,38,147,,02,30,229,,04,27,124,38.1,12,20,245,,1*66
$GBGSV,3,3,10,05,15,248,37.8,06,75,329,,1*66
$GNRMC,024722.000,A,3859.9970,N,11613.9792,E,0.01,16.59,280612,,,A,V*3F
$GNVTG,16.59,T,,M,0.01,N,0.01,K,A*18
$GNZDA,024722.000,28,06,2012,,*44
$GNGGA,024723.000,3859.9970,N,11613.9791,E,1,7,1.20,-16.7,M,-6.8,M,,*4A
$PAIRACC,5.54,10.31*7C
$GNGLL,3859.9970,N,11613.9791,E,024723.000,A,A*45
$GNGSA,A,3,20,,,,,,,,,,,,1.84,1.20,1.40,1*08
$GNGSA,A,3,65,74,,,,,,,,,,,1.84,1.20,1.40,2*09
$GNGSA,A,3,,,,,,,,,,,,,1.84,1.20,1.40,3*08
$GNGSA,A,3,08,03,04,05,,,,,,,,,1.84,1.20,1.40,4*05
$GPGSV,3,1,11,16,01,181,,31,74,218,,22,37,137,38.9,30,35,078,,1*75
$GPGSV,3,2,11,01,33,313,,05,23,052,,11,22,285,,12,15,045,38.9,1*73
$GPGSV,3,3,11,20,09,315,38.5,18,05,136,,14,57,052,39.2,1*56
$GLGSV,1,1,04,82,20,088,,65,62,256,38.8,74,14,261,38.9,72,13,333,,1*74
$GAGSV,1,1,00,7*73
$GBGSV,3,1,10,14,03,237,,08,73,345,38.9,09,56,268,,03,43,190,39.0,1*79
$GBGSV,3,2,10,01,38,147,,02,30,229,,04,27,124,38.6,12,20,245,,1*61
$GBGSV,3,3,10,05,15,248,38.2,06,75,329,,1*63
$GNRMC,024723.000,A,3859.9970,N,11613.9791,E,0.01,336.71,280612,,,A,V*06
$GNVTG,336.71,T,,M,0.01,N,0.01,K,A*23
$GNZDA,024723.000,28,06,2012,,*45
$GNGGA,024724.000,3859.9970,N,11613.9792,E,1,7,1.20,-16.7,M,-6.8,M,,*4E
$PAIRACC,5.49,10.03*71
$GNGLL,3859.9970,N,11613.9792,E,024724.000,A,A*41
$GNGSA,A,3,20,,,,,,,,,,,,1.85,1.20,1.40,1*09
$GNGSA,A,3,65,74,,,,,,,,,,,1.85,1.20,1.40,2*08
$GNGSA,A,3,,,,,,,,,,,,,1.85,1.20,1.40,3*09
$GNGSA,A,3,08,03,04,05,,,,,,,,,1.85,1.20,1.40,4*04
$GPGSV,3,1,11,16,01,181,,31,74,218,,22,37,137,39.1,30,35,078,,1*7C
$GPGSV,3,2,11,01,33,313,,05,23,052,,11,22,285,,12,15,045,39.3,1*78
$GPGSV,3,3,11,20,09,315,38.3,18,05,136,,14,57,052,39.2,1*50
$GLGSV,1,1,04,82,20,088,,65,62,256,39.5,74,14,261,39.3,72,13,333,,1*73
$GAGSV,1,1,00,7*73
$GBGSV,3,1,10,14,03,237,,08,73,345,39.1,09,56,268,,03,43,190,38.8,1*79
$GBGSV,3,2,10,01,38,147,,02,30,229,,04,27,124,37.4,12,20,245,,1*6C
$GBGSV,3,3,10,05,15,248,37.8,06,75,329,,1*66
$GNRMC,024724.000,A,3859.9970,N,11613.9792,E,0.01,15.31,280612,,,A,V*34
$GNVTG,15.31,T,,M,0.01,N,0.01,K,A*15
$GNZDA,024724.000,28,06,2012,,*42
$GNGGA,024725.000,3859.9971,N,11613.9792,E,1,7,1.20,-16.7,M,-6.8,M,,*4E
$PAIRACC,5.49,9.92*41
$GNGLL,3859.9971,N,11613.9792,E,024725.000,A,A*41
$GNGSA,A,3,20,,,,,,,,,,,,1.85,1.20,1.40,1*09
$GNGSA,A,3,65,74,,,,,,,,,,,1.85,1.20,1.40,2*08
$GNGSA,A,3,,,,,,,,,,,,,1.85,1.20,1.40,3*09
$GNGSA,A,3,08,03,04,05,,,,,,,,,1.85,1.20,1.40,4*04
$GPGSV,3,1,11,16,01,181,,31,74,218,,22,37,137,39.2,30,35,078,,1*7F
$GPGSV,3,2,11,01,33,313,,05,23,052,,11,22,285,,12,15,045,38.9,1*73
$GPGSV,3,3,11,20,09,315,38.1,18,05,136,,14,57,052,39.4,1*54
$GLGSV,1,1,04,82,20,088,,65,62,256,39.4,74,14,261,39.3,72,13,333,,1*72
$GAGSV,1,1,00,7*73
$GBGSV,3,1,10,14,03,237,,08,73,345,39.2,09,56,268,,03,43,190,38.9,1*7B
$GBGSV,3,2,10,01,38,147,,02,30,229,,04,27,124,38.1,12,20,245,,1*66
$GBGSV,3,3,10,05,15,248,37.8,06,75,329,,1*66
$GNRMC,024725.000,A,3859.9971,N,11613.9792,E,0.01,25.55,280612,,,A,V*35
$GNVTG,25.55,T,,M,0.01,N,0.01,K,A*14
$GNZDA,024725.000,28,06,2012,,*43
$GNGGA,024726.000,3859.9971,N,11613.9792,E,1,7,1.20,-16.7,M,-6.8,M,,*4D
$PAIRACC,5.56,10.30*7F
$GNGLL,3859.9971,N,11613.9792,E,024726.000,A,A*42
$GNGSA,A,3,20,,,,,,,,,,,,1.85,1.20,1.40,1*09
$GNGSA,A,3,65,74,,,,,,,,,,,1.85,1.20,1.40,2*08
$GNGSA,A,3,,,,,,,,,,,,,1.85,1.20,1.40,3*09
$GNGSA,A,3,08,03,04,05,,,,,,,,,1.85,1.20,1.40,4*04
$GPGSV,3,1,11,16,01,181,,31,74,218,,22,37,137,38.8,30,35,078,,1*74
$GPGSV,3,2,11,01,33,313,,05,23,052,,11,22,285,,12,15,045,39.6,1*7D
$GPGSV,3,3,11,20,09,315,38.3,18,05,136,,14,57,052,39.1,1*53
$GLGSV,1,1,04,82,20,088,,65,62,256,39.1,74,14,261,38.9,72,13,333,,1*7C
$GAGSV,1,1,00,7*73
$GBGSV,3,1,10,14,03,237,,08,73,345,38.6,09,56,268,,03,43,190,38.8,1*7F
$GBGSV,3,2,10,01,38,147,,02,30,229,,04,27,124,38.8,12,20,245,,1*6F
$GBGSV,3,3,10,05,15,248,38.5,06,75,329,,1*64
$GNRMC,024726.000,A,3859.9971,N,11613.9792,E,0.01,344.88,280612,,,A,V*02
$GNVTG,344.88,T,,M,0.01,N,0.02,K,A*23
$GNZDA,024726.000,28,06,2012,,*40
$GNGGA,024727.000,3859.9971,N,11613.9792,E,1,7,1.20,-16.7,M,-6.8,M,,*4C
$PAIRACC,5.79,10.23*70
$GNGLL,3859.9971,N,11613.9792,E,024727.000,A,A*43
$GNGSA,A,3,20,,,,,,,,,,,,1.85,1.20,1.40,1*09
$GNGSA,A,3,65,74,,,,,,,,,,,1.85,1.20,1.40,2*08
$GNGSA,A,3,,,,,,,,,,,,,1.85,1.20,1.40,3*09
$GNGSA,A,3,08,03,04,05,,,,,,,,,1.85,1.20,1.40,4*04
$GPGSV,3,1,11,16,01,181,,31,74,218,,22,37,137,38.7,30,35,078,,1*7B
$GPGSV,3,2,11,01,33,313,,05,23,052,,11,22,285,,12,15,045,,1*6F
$GPGSV,3,3,11,20,09,315,38.4,18,05,136,,14,57,052,39.1,1*54
$GLGSV,1,1,04,82,20,088,,65,62,256,39.3,74,14,261,38.8,72,13,333,,1*7F
$GAGSV,1,1,00,7*73
$GBGSV,3,1,10,14,03,237,,08,73,345,38.9,09,56,268,,03,43,190,38.1,1*79
$GBGSV,3,2,10,01,38,147,,02,30,229,,04,27,124,38.0,12,20,245,,1*67
$GBGSV,3,3,10,05,15,248,37.6,06,75,329,,1*68
$GNRMC,024727.000,A,3859.9971,N,11613.9792,E,0.01,15.51,280612,,,A,V*30
$GNVTG,15.51,T,,M,0.01,N,0.02,K,A*10
$GNZDA,024727.000,28,06,2012,,*41
$GNGGA,024728.000,3859.9971,N,11613.9792,E,1,8,1.20,-16.6,M,-6.8,M,,*4D
$PAIRACC,6.02,9.79*48
$GNGLL,3859.9971,N,11613.9792,E,024728.000,A,A*4C
$GNGSA,A,3,31,20,,,,,,,,,,,1.72,1.20,1.24,1*01
$GNGSA,A,3,65,74,,,,,,,,,,,1.72,1.20,1.24,2*02
$GNGSA,A,3,,,,,,,,,,,,,1.72,1.20,1.24,3*03
$GNGSA,A,3,08,03,04,05,,,,,,,,,1.72,1.20,1.24,4*0E
$GPGSV,3,1,11,16,01,181,,31,74,218,38.8,22,37,137,39.0,30,35,078,,1*60
$GPGSV,3,2,11,01,33,313,,05,23,052,,11,22,285,,12,15,045,,1*6F
$GPGSV,3,3,11,20,09,315,38.4,18,05,136,,14,57,052,38.9,1*5D
$GLGSV,1,1,04,82,20,088,,65,62,256,39.7,74,14,261,39.1,72,13,333,,1*73
$GAGSV,1,1,00,7*73
$GBGSV,3,1,10,14,03,237,,08,73,345,38.9,09,56,268,,03,43,190,38.4,1*7C
$GBGSV,3,2,10,01,38,147,,02,30,229,,04,27,124,38.0,12,20,245,,1*67
$GBGSV,3,3,10,05,15,248,37.7,06,75,329,,1*69
$GNRMC,024728.000,A,3859.9971,N,11613.9792,E,0.01,34.11,280612,,,A,V*38
$GNVTG,34.11,T,,M,0.01,N,0.01,K,A*14
$GNZDA,024728.000,28,06,2012,,*4E
$GNGGA,024729.000,3859.9972,N,11613.9794,E,1,8,1.19,-15.8,M,-6.8,M,,*4E
$PAIRACC,7.38,10.27*73
$GNGLL,3859.9972,N,11613.9794,E,024729.000,A,A*48
$GNGSA,A,3,31,20,,,,,,,,,,,1.72,1.19,1.24,1*0B
$GNGSA,A,3,65,74,,,,,,,,,,,1.72,1.19,1.24,2*08
$GNGSA,A,3,,,,,,,,,,,,,1.72,1.19,1.24,3*09
$GNGSA,A,3,08,03,04,05,,,,,,,,,1.72,1.19,1.24,4*04
$GPGSV,3,1,11,16,01,181,,31,74,218,39.0,22,37,137,38.7,30,35,078,,1*6F
$GPGSV,3,2,11,01,33,313,,05,23,052,,11,22,285,,12,15,045,,1*6F
$GPGSV,3,3,11,20,09,315,38.4,18,05,136,,14,57,052,38.9,1*5D
$GLGSV,1,1,04,82,20,088,,65,62,256,39.4,74,14,261,39.2,72,13,333,,1*73
$GAGSV,1,1,00,7*73
$GBGSV,3,1,10,14,03,237,,08,73,345,39.0,09,56,268,,03,43,190,38.8,1*78
$GBGSV,3,2,10,01,38,147,,02,30,229,,04,27,124,38.6,12,20,245,,1*61
$GBGSV,3,3,10,05,15,248,38.3,06,75,329,,1*62
$GNRMC,024729.000,A,3859.9972,N,11613.9794,E,0.02,291.10,280612,,,A,V*03
$GNVTG,291.10,T,,M,0.02,N,0.03,K,A*29
$GNZDA,024729.000,28,06,2012,,*4F
$GNGGA,024730.000,3859.9975,N,11613.9795,E,1,8,1.20,-15.1,M,-6.8,M,,*43
$PAIRACC,7.40,10.47*7A
$GNGLL,3859.9975,N,11613.9795,E,024730.000,A,A*46
$GNGSA,A,3,31,20,,,,,,,,,,,1.72,1.20,1.24,1*01
$GNGSA,A,3,65,74,,,,,,,,,,,1.72,1.20,1.24,2*02
$GNGSA,A,3,,,,,,,,,,,,,1.72,1.20,1.24,3*03
$GNGSA,A,3,08,03,04,05,,,,,,,,,1.72,1.20,1.24,4*0E
$GPGSV,3,1,11,16,01,181,,31,74,218,39.2,22,37,137,39.0,30,35,078,,1*6B
$GPGSV,3,2,11,01,33,313,,05,23,052,,11,22,285,,12,15,045,,1*6F
$GPGSV,3,3,11,20,09,315,38.6,18,05,136,,14,57,052,39.0,1*57
$GLGSV,1,1,04,82,20,088,,65,62,256,39.2,74,14,261,39.1,72,13,333,,1*76
$GAGSV,1,1,00,7*73
$GBGSV,3,1,10,14,03,237,,08,73,345,38.8,09,56,268,,03,43,190,38.6,1*7F
$GBGSV,3,2,10,01,38,147,,02,30,229,,04,27,124,37.7,12,20,245,,1*6F
$GBGSV,3,3,10,05,15,248,37.8,06,75,329,,1*66
$GNRMC,024730.000,A,3859.9975,N,11613.9795,E,0.04,299.53,280612,,,A,V*04
$GNVTG,299.53,T,,M,0.04,N,0.07,K,A*24
$GNZDA,024730.000,28,06,2012,,*47
$GNGGA,024731.000,3859.9978,N,11613.9794,E,1,8,1.20,-14.3,M,-6.8,M,,*4D
$PAIRACC,7.30,10.25*79
$GNGLL,3859.9978,N,11613.9794,E,024731.000,A,A*4B
$GNGSA,A,3,31,20,,,,,,,,,,,1.72,1.20,1.24,1*01
$GNGSA,A,3,65,74,,,,,,,,,,,1.72,1.20,1.24,2*02
$GNGSA,A,3,,,,,,,,,,,,,1.72,1.20,1.24,3*03
$GNGSA,A,3,08,03,04,05,,,,,,,,,1.72,1.20,1.24,4*0E
$GPGSV,3,1,11,16,01,181,,31,74,218,38.5,22,37,137,39.1,30,35,078,,1*6C
$GPGSV,3,2,11,01,33,313,,05,23,052,,11,22,285,,12,15,045,,1*6F
$GPGSV,3,3,11,20,09,315,38.7,18,05,136,,14,57,052,39.3,1*55
$GLGSV,1,1,04,82,20,088,,65,62,256,39.1,74,14,261,38.8,72,13,333,,1*7D
$GAGSV,1,1,00,7*73
$GBGSV,3,1,10,14,03,237,,08,73,345,38.7,09,56,268,,03,43,190,38.4,1*72
$GBGSV,3,2,10,01,38,147,,02,30,229,,04,27,124,37.5,12,20,245,,1*6D
$GBGSV,3,3,10,05,15,248,37.8,06,75,329,,1*66
$GNRMC,024731.000,A,3859.9978,N,11613.9794,E,0.08,300.12,280612,,,A,V*01
$GNVTG,300.12,T,,M,0.08,N,0.15,K,A*2F
$GNZDA,024731.000,28,06,2012,,*46
$GNGGA,024732.000,3859.9982,N,11613.9792,E,1,8,1.19,-13.4,M,-6.8,M,,*47
$PAIRACC,7.30,10.11*7E
$GNGLL,3859.9982,N,11613.9792,E,024732.000,A,A*4B
$GNGSA,A,3,31,20,,,,,,,,,,,1.72,1.19,1.24,1*0B
$GNGSA,A,3,65,74,,,,,,,,,,,1.72,1.19,1.24,2*08
$GNGSA,A,3,,,,,,,,,,,,,1.72,1.19,1.24,3*09
$GNGSA,A,3,08,03,04,05,,,,,,,,,1.72,1.19,1.24,4*04
$GPGSV,3,1,11,16,01,181,,31,74,218,38.9,22,37,137,39.1,30,35,078,,1*60
$GPGSV,3,2,11,01,33,313,,05,23,052,,11,22,285,,12,15,045,,1*6F
$GPGSV,3,3,11,20,09,315,38.9,18,05,136,,14,57,052,39.3,1*5B
$GLGSV,1,1,04,82,20,088,,65,62,256,39.5,74,14,261,39.3,72,13,333,,1*73
$GAGSV,1,1,00,7*73
$GBGSV,3,1,10,14,03,237,,08,73,345,38.7,09,56,268,,03,43,190,38.7,1*71
$GBGSV,3,2,10,01,38,147,,02,30,229,,04,27,124,38.6,12,20,245,,1*61
$GBGSV,3,3,10,05,15,248,38.6,06,75,329,,1*67
$GNRMC,024732.000,A,3859.9982,N,11613.9792,E,0.15,299.70,280612,,,A,V*08
$GNVTG,299.70,T,,M,0.15,N,0.28,K,A*28
$GNZDA,024732.000,28,06,2012,,*45
$GNGGA,024733.000,3859.9986,N,11613.9789,E,1,8,1.20,-12.6,M,-6.8,M,,*41
$PAIRACC,7.36,10.14*7D
$GNGLL,3859.9986,N,11613.9789,E,024733.000,A,A*44
$GNGSA,A,3,31,20,,,,,,,,,,,1.72,1.20,1.24,1*01
$GNGSA,A,3,65,74,,,,,,,,,,,1.72,1.20,1.24,2*02
$GNGSA,A,3,,,,,,,,,,,,,1.72,1.20,1.24,3*03
$GNGSA,A,3,08,03,04,05,,,,,,,,,1.72,1.20,1.24,4*0E
$GPGSV,3,1,11,16,01,181,,31,74,218,38.7,22,37,137,38.7,30,35,078,,1*69
$GPGSV,3,2,11,01,33,313,,05,23,052,,11,22,285,,12,15,045,,1*6F
$GPGSV,3,3,11,20,09,315,38.9,18,05,136,,14,57,052,39.0,1*58
$GLGSV,1,1,04,82,20,088,,65,62,256,39.0,74,14,261,39.1,72,13,333,,1*74
$GAGSV,1,1,00,7*73
$GBGSV,3,1,10,14,03,237,,08,73,345,38.7,09,56,268,,03,43,190,38.8,1*7E
$GBGSV,3,2,10,01,38,147,,02,30,229,,04,27,124,38.1,12,20,245,,1*66
$GBGSV,3,3,10,05,15,248,37.9,06,75,329,,1*67
$GNRMC,024733.000,A,3859.9986,N,11613.9789,E,0.24,299.55,280612,,,A,V*02
$GNVTG,299.55,T,,M,0.24,N,0.44,K,A*27
$GNZDA,024733.000,28,06,2012,,*44
$GNGGA,024734.000,3859.9989,N,11613.9787,E,1,8,1.19,-11.9,M,-6.8,M,,*41
$PAIRACC,7.39,10.14*72
$GNGLL,3859.9989,N,11613.9787,E,024734.000,A,A*42
$GNGSA,A,3,31,20,,,,,,,,,,,1.72,1.19,1.24,1*0B
$GNGSA,A,3,65,74,,,,,,,,,,,1.72,1.19,1.24,2*08
$GNGSA,A,3,,,,,,,,,,,,,1.72,1.19,1.24,3*09
$GNGSA,A,3,08,03,04,05,,,,,,,,,1.72,1.19,1.24,4*04
$GPGSV,3,1,11,16,01,181,,31,74,218,38.9,22,37,137,39.2,30,35,078,,1*63
$GPGSV,3,2,11,01,33,313,,05,23,052,,11,22,285,,12,15,045,,1*6F
$GPGSV,3,3,11,20,09,315,38.3,18,05,136,,14,57,052,39.0,1*52
$GLGSV,1,1,04,82,20,088,,65,62,256,39.5,74,14,261,39.2,72,13,333,,1*72
$GAGSV,1,1,00,7*73
$GBGSV,3,1,10,14,03,237,,08,73,345,38.4,09,56,268,,03,43,190,38.6,1*73
$GBGSV,3,2,10,01,38,147,,02,30,229,,04,27,124,37.4,12,20,245,,1*6C
$GBGSV,3,3,10,05,15,248,38.0,06,75,329,,1*61
$GNRMC,024734.000,A,3859.9989,N,11613.9787,E,0.33,299.82,280612,,,A,V*08
$GNVTG,299.82,T,,M,0.33,N,0.62,K,A*2F
$GNZDA,024734.000,28,06,2012,,*43
$GNGGA,024735.000,3859.9992,N,11613.9784,E,1,8,1.20,-11.2,M,-6.8,M,,*48
$PAIRACC,7.43,10.16*7D
$GNGLL,3859.9992,N,11613.9784,E,024735.000,A,A*4A
$GNGSA,A,3,31,20,,,,,,,,,,,1.72,1.20,1.24,1*01
$GNGSA,A,3,65,74,,,,,,,,,,,1.72,1.20,1.24,2*02
$GNGSA,A,3,,,,,,,,,,,,,1.72,1.20,1.24,3*03
$GNGSA,A,3,08,03,04,05,,,,,,,,,1.72,1.20,1.24,4*0E
$GPGSV,3,1,11,16,01,181,,31,74,218,38.6,22,37,137,39.2,30,35,078,,1*6C
$GPGSV,3,2,11,01,33,313,,05,23,052,,11,22,285,,12,15,045,,1*6F
$GPGSV,3,3,11,20,09,315,38.2,18,05,136,,14,57,052,38.7,1*55
$GLGSV,1,1,04,82,20,088,,65,62,256,39.0,74,14,261,38.8,72,13,333,,1*7C
$GAGSV,1,1,00,7*73
$GBGSV,3,1,10,14,03,237,,08,73,345,39.1,09,56,268,,03,43,190,38.5,1*74
$GBGSV,3,2,10,01,38,147,,02,30,229,,04,27,124,38.8,12,20,245,,1*6F
$GBGSV,3,3,10,05,15,248,38.7,06,75,329,,1*66
$GNRMC,024735.000,A,3859.9992,N,11613.9784,E,0.44,300.49,280612,,,A,V*06
$GNVTG,300.49,T,,M,0.44,N,0.81,K,A*24
$GNZDA,024735.000,28,06,2012,,*42
$GNGGA,024736.000,3859.9995,N,11613.9782,E,1,8,1.20,-10.5,M,-6.8,M,,*4C
$PAIRACC,7.43,10.13*78
$GNGLL,3859.9995,N,11613.9782,E,024736.000,A,A*48
$GNGSA,A,3,31,20,,,,,,,,,,,1.72,1.20,1.24,1*01
$GNGSA,A,3,65,74,,,,,,,,,,,1.72,1.20,1.24,2*02
$GNGSA,A,3,,,,,,,,,,,,,1.72,1.20,1.24,3*03
$GNGSA,A,3,08,03,04,05,,,,,,,,,1.72,1.20,1.24,4*0E
$GPGSV,3,1,11,16,01,181,,31,74,218,38.7,22,37,137,39.0,30,35,078,,1*6F
$GPGSV,3,2,11,01,33,313,,05,23,052,,11,22,285,,12,15,045,,1*6F
$GPGSV,3,3,11,20,09,315,38.5,18,05,136,,14,57,052,39.0,1*54
$GLGSV,1,1,04,82,20,088,,65,62,256,39.5,74,14,261,39.2,72,13,333,,1*72
$GAGSV,1,1,00,7*73
$GBGSV,3,1,10,14,03,237,,08,73,345,39.0,09,56,268,,03,43,190,38.8,1*78
$GBGSV,3,2,10,01,38,147,,02,30,229,,04,27,124,38.1,12,20,245,,1*66
$GBGSV,3,3,10,05,15,248,38.1,06,75,329,,1*60
$GNRMC,024736.000,A,3859.9995,N,11613.9782,E,0.54,300.64,280612,,,A,V*0A
$GNVTG,300.64,T,,M,0.54,N,1.00,K,A*22
$GNZDA,024736.000,28,06,2012,,*41
$GNGGA,024737.000,3859.9997,N,11613.9780,E,1,8,1.17,-9.9,M,-6.8,M,,*7D
$PAIRACC,7.14,9.88*40
$GNGLL,3859.9997,N,11613.9780,E,024737.000,A,A*49
$GNGSA,A,3,31,20,,,,,,,,,,,1.41,1.17,0.78,1*0D
$GNGSA,A,3,65,74,,,,,,,,,,,1.41,1.17,0.78,2*0E
$GNGSA,A,3,,,,,,,,,,,,,1.41,1.17,0.78,3*0F
$GNGSA,A,3,08,03,04,05,,,,,,,,,1.41,1.17,0.78,4*02
$GPGSV,3,1,11,16,01,181,,31,74,218,38.7,22,37,137,38.9,30,35,078,,1*67
$GPGSV,3,2,11,01,33,313,,05,23,052,,11,22,285,,12,15,045,,1*6F
$GPGSV,3,3,11,20,09,315,38.5,18,05,136,,14,57,052,39.1,1*55
$GLGSV,1,1,04,82,20,088,,65,62,256,39.1,74,14,261,39.2,72,13,333,,1*76
$GAGSV,1,1,00,7*73
$GBGSV,3,1,10,14,03,237,,08,73,345,39.1,09,56,268,,03,43,190,38.4,1*75
$GBGSV,3,2,10,01,38,147,,02,30,229,,04,27,124,37.8,12,20,245,,1*60
$GBGSV,3,3,10,05,15,248,38.0,06,75,329,,1*61
$GNRMC,024737.000,A,3859.9997,N,11613.9780,E,0.64,299.76,280612,,,A,V*0A
$GNVTG,299.76,T,,M,0.64,N,1.19,K,A*2B
$GNZDA,024737.000,28,06,2012,,*40
$GNGGA,024738.000,3859.9999,N,11613.9778,E,1,8,1.17,-9.4,M,-6.8,M,,*76
$PAIRACC,6.97,9.71*4C
$GNGLL,3859.9999,N,11613.9778,E,024738.000,A,A*4F
$GNGSA,A,3,31,20,,,,,,,,,,,1.41,1.17,0.78,1*0D
$GNGSA,A,3,65,74,,,,,,,,,,,1.41,1.17,0.78,2*0E
$GNGSA,A,3,,,,,,,,,,,,,1.41,1.17,0.78,3*0F
$GNGSA,A,3,08,03,04,05,,,,,,,,,1.41,1.17,0.78,4*02
$GPGSV,3,1,11,16,01,181,,31,74,218,38.6,22,37,137,38.9,30,35,078,,1*66
$GPGSV,3,2,11,01,33,313,,05,23,052,,11,22,285,,12,15,045,,1*6F
$GPGSV,3,3,11,20,09,315,38.0,18,05,136,,14,57,052,39.0,1*51
$GLGSV,1,1,04,82,20,088,,65,62,256,39.3,74,14,261,39.2,72,13,333,,1*74
$GAGSV,1,1,00,7*73
$GBGSV,3,1,10,14,03,237,,08,73,345,39.4,09,56,268,,03,43,190,38.6,1*72
$GBGSV,3,2,10,01,38,147,,02,30,229,,04,27,124,38.8,12,20,245,,1*6F
$GBGSV,3,3,10,05,15,248,38.1,06,75,329,,1*60
$GNRMC,024738.000,A,3859.9999,N,11613.9778,E,0.72,298.32,280612,,,A,V*0A
$GNVTG,298.32,T,,M,0.72,N,1.34,K,A*22
$GNZDA,024738.000,28,06,2012,,*4F
$GNGGA,024739.000,3900.0001,N,11613.9776,E,1,8,1.17,-9.1,M,-6.8,M,,*70
$PAIRACC,6.93,9.75*4C
$GNGLL,3900.0001,N,11613.9776,E,024739.000,A,A*4C
$GNGSA,A,3,31,20,,,,,,,,,,,1.41,1.17,0.78,1*0D
$GNGSA,A,3,65,74,,,,,,,,,,,1.41,1.17,0.78,2*0E
$GNGSA,A,3,,,,,,,,,,,,,1.41,1.17,0.78,3*0F
$GNGSA,A,3,08,03,04,05,,,,,,,,,1.41,1.17,0.78,4*02
$GPGSV,3,1,11,16,01,181,,31,74,218,38.8,22,37,137,38.9,30,35,078,,1*68
$GPGSV,3,2,11,01,33,313,,05,23,052,,11,22,285,,12,15,045,,1*6F
$GPGSV,3,3,11,20,09,315,38.8,18,05,136,,14,57,052,39.1,1*58
$GLGSV,1,1,04,82,20,088,,65,62,256,39.3,74,14,261,39.1,72,13,333,,1*77
$GAGSV,1,1,00,7*73
$GBGSV,3,1,10,14,03,237,,08,73,345,38.4,09,56,268,,03,43,190,38.7,1*72
$GBGSV,3,2,10,01,38,147,,02,30,229,,04,27,124,37.5,12,20,245,,1*6D
$GBGSV,3,3,10,05,15,248,37.6,06,75,329,,1*68
$GNRMC,024739.000,A,3900.0001,N,11613.9776,E,0.78,297.63,280612,,,A,V*08
$GNVTG,297.63,T,,M,0.78,N,1.44,K,A*24
$GNZDA,024739.000,28,06,2012,,*4E
$GNGGA,024740.000,3900.0003,N,11613.9775,E,1,8,1.17,-8.6,M,-6.8,M,,*79
$PAIRACC,6.81,9.56*4E
$GNGLL,3900.0003,N,11613.9775,E,024740.000,A,A*43
$GNGSA,A,3,31,20,,,,,,,,,,,1.41,1.17,0.78,1*0D
$GNGSA,A,3,65,74,,,,,,,,,,,1.41,1.17,0.78,2*0E
$GNGSA,A,3,,,,,,,,,,,,,1.41,1.17,0.78,3*0F
$GNGSA,A,3,08,03,04,05,,,,,,,,,1.41,1.17,0.78,4*02
$GPGSV,3,1,11,16,01,181,,31,74,218,38.6,22,37,137,38.9,30,35,078,,1*66
$GPGSV,3,2,11,01,33,313,,05,23,052,,11,22,285,,12,15,045,,1*6F
$GPGSV,3,3,11,20,09,315,38.6,18,05,136,,14,57,052,38.9,1*5F
$GLGSV,1,1,04,82,20,088,,65,62,256,39.4,74,14,261,39.4,72,13,333,,1*75
$GAGSV,1,1,00,7*73
$GBGSV,3,1,10,14,03,237,,08,73,345,39.2,09,56,268,,03,43,190,38.7,1*75
$GBGSV,3,2,10,01,38,147,,02,30,229,,04,27,124,37.5,12,20,245,,1*6D
$GBGSV,3,3,10,05,15,248,37.8,06,75,329,,1*66
$GNRMC,024740.000,A,3900.0003,N,11613.9775,E,0.80,295.91,280612,,,A,V*0F
$GNVTG,295.91,T,,M,0.80,N,1.49,K,A*21
$GNZDA,024740.000,28,06,2012,,*40
$GNGGA,024741.000,3900.0005,N,11613.9773,E,1,8,1.17,-8.3,M,-6.8,M,,*7D
$PAIRACC,6.83,9.65*4C
$GNGLL,3900.0005,N,11613.9773,E,024741.000,A,A*42
$GNGSA,A,3,31,20,,,,,,,,,,,1.41,1.17,0.78,1*0D
$GNGSA,A,3,65,74,,,,,,,,,,,1.41,1.17,0.78,2*0E
$GNGSA,A,3,,,,,,,,,,,,,1.41,1.17,0.78,3*0F
$GNGSA,A,3,08,03,04,05,,,,,,,,,1.41,1.17,0.78,4*02
$GPGSV,3,1,11,16,01,181,,31,74,218,38.7,22,37,137,39.1,30,35,078,,1*6E
$GPGSV,3,2,11,01,33,313,,05,23,052,,11,22,285,,12,15,045,,1*6F
$GPGSV,3,3,11,20,09,315,38.8,18,05,136,,14,57,052,38.8,1*50
$GLGSV,1,1,04,82,20,088,,65,62,256,39.0,74,14,261,38.9,72,13,333,,1*7D
$GAGSV,1,1,00,7*73
$GBGSV,3,1,10,14,03,237,,08,73,345,39.0,09,56,268,,03,43,190,38.7,1*77
$GBGSV,3,2,10,01,38,147,,02,30,229,,04,27,124,38.4,12,20,245,,1*63
$GBGSV,3,3,10,05,15,248,38.4,06,75,329,,1*65
$GNRMC,024741.000,A,3900.0005,N,11613.9773,E,0.81,295.84,280612,,,A,V*0B
$GNVTG,295.84,T,,M,0.81,N,1.50,K,A*2C
$GNZDA,024741.000,28,06,2012,,*41
$GNGGA,024742.000,3900.0007,N,11613.9771,E,1,8,1.16,-7.9,M,-6.8,M,,*7A
$PAIRACC,6.75,9.49*4B
$GNGLL,3900.0007,N,11613.9771,E,024742.000,A,A*41
$GNGSA,A,3,31,20,,,,,,,,,,,1.40,1.16,0.78,1*0D
$GNGSA,A,3,65,74,,,,,,,,,,,1.40,1.16,0.78,2*0E
$GNGSA,A,3,,,,,,,,,,,,,1.40,1.16,0.78,3*0F
$GNGSA,A,3,08,03,04,05,,,,,,,,,1.40,1.16,0.78,4*02
$GPGSV,3,1,11,16,01,181,,31,74,218,39.0,22,37,137,39.2,30,35,078,,1*6B
$GPGSV,3,2,11,01,33,313,,05,23,052,,11,22,285,,12,15,045,,1*6F
$GPGSV,3,3,11,20,09,315,38.3,18,05,136,,14,57,052,38.7,1*54
$GLGSV,1,1,04,82,20,088,,65,62,256,39.4,74,14,261,39.1,72,13,333,,1*70
$GAGSV,1,1,00,7*73
$GBGSV,3,1,10,14,03,237,,08,73,345,39.4,09,56,268,,03,43,190,38.5,1*71
$GBGSV,3,2,10,01,38,147,,02,30,229,,04,27,124,37.9,12,20,245,,1*61
$GBGSV,3,3,10,05,15,248,37.7,06,75,329,,1*69
$GNRMC,024742.000,A,3900.0007,N,11613.9771,E,0.81,294.99,280612,,,A,V*05
$GNVTG,294.99,T,,M,0.81,N,1.50,K,A*21
$GNZDA,024742.000,28,06,2012,,*42
$GNGGA,024743.000,3900.0008,N,11613.9770,E,1,8,1.17,-7.6,M,-6.8,M,,*7B
$PAIRACC,6.78,9.58*46
$GNGLL,3900.0008,N,11613.9770,E,024743.000,A,A*4E
$GNGSA,A,3,31,20,,,,,,,,,,,1.41,1.17,0.78,1*0D
$GNGSA,A,3,65,74,,,,,,,,,,,1.41,1.17,0.78,2*0E
$GNGSA,A,3,,,,,,,,,,,,,1.41,1.17,0.78,3*0F
$GNGSA,A,3,08,03,04,05,,,,,,,,,1.41,1.17,0.78,4*02
$GPGSV,3,1,11,16,01,181,,31,74,218,38.7,22,37,137,38.9,30,35,078,,1*67
$GPGSV,3,2,11,01,33,313,,05,23,052,,11,22,285,,12,15,045,,1*6F
$GPGSV,3,3,11,20,09,315,38.9,18,05,136,,14,57,052,38.9,1*50
$GLGSV,1,1,04,82,20,088,,65,62,256,39.2,74,14,261,38.8,72,13,333,,1*7E
$GAGSV,1,1,00,7*73
$GBGSV,3,1,10,14,03,237,,08,73,345,39.0,09,56,268,,03,43,190,38.6,1*76
$GBGSV,3,2,10,01,38,147,,02,30,229,,04,27,124,37.8,12,20,245,,1*60
$GBGSV,3,3,10,05,15,248,37.7,06,75,329,,1*69
$GNRMC,024743.000,A,3900.0008,N,11613.9770,E,0.80,294.93,280612,,,A,V*01
$GNVTG,294.93,T,,M,0.80,N,1.49,K,A*22
$GNZDA,024743.000,28,06,2012,,*43
$GNGGA,024744.000,3900.0009,N,11613.9772,E,1,8,1.17,-7.9,M,-6.8,M,,*70
$PAIRACC,6.71,9.45*43
$GNGLL,3900.0009,N,11613.9772,E,024744.000,A,A*4A
$GNGSA,A,3,31,20,,,,,,,,,,,1.41,1.17,0.78,1*0D
$GNGSA,A,3,65,74,,,,,,,,,,,1.41,1.17,0.78,2*0E
$GNGSA,A,3,,,,,,,,,,,,,1.41,1.17,0.78,3*0F
$GNGSA,A,3,08,03,04,05,,,,,,,,,1.41,1.17,0.78,4*02
$GPGSV,3,1,11,16,01,181,,31,74,218,38.8,22,37,137,38.8,30,35,078,,1*69
$GPGSV,3,2,11,01,33,313,,05,23,052,,11,22,285,,12,15,045,,1*6F
$GPGSV,3,3,11,20,09,315,38.1,18,05,136,,14,57,052,39.3,1*53
$GLGSV,1,1,04,82,20,088,,65,62,256,39.4,74,14,261,38.9,72,13,333,,1*79
$GAGSV,1,1,00,7*73
$GBGSV,3,1,10,14,03,237,,08,73,345,38.8,09,56,268,,03,43,190,38.8,1*71
$GBGSV,3,2,10,01,38,147,,02,30,229,,04,27,124,38.4,12,20,245,,1*63
$GBGSV,3,3,10,05,15,248,38.4,06,75,329,,1*65
$GNRMC,024744.000,A,3900.0009,N,11613.9772,E,0.77,294.88,280612,,,A,V*07
$GNVTG,294.88,T,,M,0.77,N,1.43,K,A*2A
$GNZDA,024744.000,28,06,2012,,*44
$GNGGA,024745.000,3900.0010,N,11613.9771,E,1,8,1.17,-7.7,M,-6.8,M,,*74
$PAIRACC,6.70,9.42*45
$GNGLL,3900.0010,N,11613.9771,E,024745.000,A,A*40
$GNGSA,A,3,31,20,,,,,,,,,,,1.41,1.17,0.78,1*0D
$GNGSA,A,3,65,74,,,,,,,,,,,1.41,1.17,0.78,2*0E
$GNGSA,A,3,,,,,,,,,,,,,1.41,1.17,0.78,3*0F
$GNGSA,A,3,08,03,04,05,,,,,,,,,1.41,1.17,0.78,4*02
$GPGSV,3,1,11,16,01,181,,31,74,218,38.6,22,37,137,39.2,30,35,078,,1*6C
$GPGSV,3,2,11,01,33,313,,05,23,052,,11,22,285,,12,15,045,,1*6F
$GPGSV,3,3,11,20,09,315,38.6,18,05,136,,14,57,052,38.7,1*51
$GLGSV,1,1,04,82,20,088,,65,62,256,39.3,74,14,261,39.3,72,13,333,,1*75
$GAGSV,1,1,00,7*73
$GBGSV,3,1,10,14,03,237,,08,73,345,38.8,09,56,268,,03,43,190,38.5,1*7C
$GBGSV,3,2,10,01,38,147,,02,30,229,,04,27,124,38.1,12,20,245,,1*66
$GBGSV,3,3,10,05,15,248,38.1,06,75,329,,1*60
$GNRMC,024745.000,A,3900.0010,N,11613.9771,E,0.74,295.42,280612,,,A,V*09
$GNVTG,295.42,T,,M,0.74,N,1.36,K,A*2C
$GNZDA,024745.000,28,06,2012,,*45
$GNGGA,024746.000,3900.0011,N,11613.9773,E,1,8,1.17,-7.8,M,-6.8,M,,*7B
$PAIRACC,6.73,9.51*44
$GNGLL,3900.0011,N,11613.9773,E,024746.000,A,A*40
$GNGSA,A,3,31,20,,,,,,,,,,,1.41,1.17,0.78,1*0D
$GNGSA,A,3,65,74,,,,,,,,,,,1.41,1.17,0.78,2*0E
$GNGSA,A,3,,,,,,,,,,,,,1.41,1.17,0.78,3*0F
$GNGSA,A,3,08,03,04,05,,,,,,,,,1.41,1.17,0.78,4*02
$GPGSV,3,1,11,16,01,181,,31,74,218,38.6,22,37,137,39.0,30,35,078,,1*6E
$GPGSV,3,2,11,01,33,313,,05,23,052,,11,22,285,,12,15,045,,1*6F
$GPGSV,3,3,11,20,09,315,38.5,18,05,136,,14,57,052,38.9,1*5C
$GLGSV,1,1,04,82,20,088,,65,62,256,39.0,74,14,261,38.9,72,13,333,,1*7D
$GAGSV,1,1,00,7*73
$GBGSV,3,1,10,14,03,237,,08,73,345,38.6,09,56,268,,03,43,190,39.0,1*76
$GBGSV,3,2,10,01,38,147,,02,30,229,,04,27,124,37.8,12,20,245,,1*60
$GBGSV,3,3,10,05,15,248,37.7,06,75,329,,1*69
$GNRMC,024746.000,A,3900.0011,N,11613.9773,E,0.69,294.99,280612,,,A,V*02
$GNVTG,294.99,T,,M,0.69,N,1.28,K,A*28
$GNZDA,024746.000,28,06,2012,,*46
$GNGGA,024747.000,3900.0011,N,11613.9774,E,1,8,1.17,-8.0,M,-6.8,M,,*7A
$PAIRACC,6.66,9.38*4F
$GNGLL,3900.0011,N,11613.9774,E,024747.000,A,A*46
$GNGSA,A,3,31,20,,,,,,,,,,,1.41,1.17,0.78,1*0D
$GNGSA,A,3,65,74,,,,,,,,,,,1.41,1.17,0.78,2*0E
$GNGSA,A,3,,,,,,,,,,,,,1.41,1.17,0.78,3*0F
$GNGSA,A,3,08,03,04,05,,,,,,,,,1.41,1.17,0.78,4*02
$GPGSV,3,1,11,16,01,181,,31,74,218,38.9,22,37,137,39.1,30,35,078,,1*60
$GPGSV,3,2,11,01,33,313,,05,23,052,,11,22,285,,12,15,045,,1*6F
$GPGSV,3,3,11,20,09,315,39.0,18,05,136,,14,57,052,38.9,1*58
$GLGSV,1,1,04,82,20,088,,65,62,256,39.1,74,14,261,39.4,72,13,333,,1*70
$GAGSV,1,1,00,7*73
$GBGSV,3,1,10,14,03,237,,08,73,345,39.2,09,56,268,,03,43,190,38.8,1*7A
$GBGSV,3,2,10,01,38,147,,02,30,229,,04,27,124,38.4,12,20,245,,1*63
$GBGSV,3,3,10,05,15,248,38.4,06,75,329,,1*65
$GNRMC,024747.000,A,3900.0011,N,11613.9774,E,0.64,294.79,280612,,,A,V*07
$GNVTG,294.79,T,,M,0.64,N,1.18,K,A*28
$GNZDA,024747.000,28,06,2012,,*47
$GNGGA,024748.000,3900.0012,N,11613.9775,E,1,8,1.17,-8.1,M,-6.8,M,,*76
$PAIRACC,6.70,9.49*4E
$GNGLL,3900.0012,N,11613.9775,E,024748.000,A,A*4B
$GNGSA,A,3,31,20,,,,,,,,,,,1.41,1.17,0.78,1*0D
$GNGSA,A,3,65,74,,,,,,,,,,,1.41,1.17,0.78,2*0E
$GNGSA,A,3,,,,,,,,,,,,,1.41,1.17,0.78,3*0F
$GNGSA,A,3,08,03,04,05,,,,,,,,,1.41,1.17,0.78,4*02
$GPGSV,2,1,07,31,74,218,38.8,22,37,137,39.1,30,35,078,,14,57,052,38.8,1*74
$GPGSV,2,2,07,01,33,313,,12,15,045,,20,09,315,38.5,1*49
$GLGSV,1,1,04,72,13,333,,65,62,256,39.1,82,20,088,,74,14,261,39.5,1*71
$GAGSV,1,1,00,7*73
$GBGSV,3,1,10,14,03,237,,08,73,345,38.8,09,56,268,,03,43,190,38.4,1*7D
$GBGSV,3,2,10,01,38,147,,02,30,229,,04,27,124,37.8,12,20,245,,1*60
$GBGSV,3,3,10,05,15,248,37.5,06,75,329,,1*6B
$GNRMC,024748.000,A,3900.0012,N,11613.9775,E,0.57,294.95,280612,,,A,V*08
$GNVTG,294.95,T,,M,0.57,N,1.06,K,A*25
$GNZDA,024748.000,28,06,2012,,*48
$GNGGA,024749.000,3900.0012,N,11613.9776,E,1,8,1.16,-8.1,M,-6.8,M,,*75
$PAIRACC,6.64,9.36*43
$GNGLL,3900.0012,N,11613.9776,E,024749.000,A,A*49
$GNGSA,A,3,31,20,,,,,,,,,,,1.40,1.16,0.78,1*0D
$GNGSA,A,3,65,74,,,,,,,,,,,1.40,1.16,0.78,2*0E
$GNGSA,A,3,,,,,,,,,,,,,1.40,1.16,0.78,3*0F
$GNGSA,A,3,08,03,04,05,,,,,,,,,1.40,1.16,0.78,4*02
$GPGSV,3,1,11,16,01,181,,31,74,218,39.2,22,37,137,39.2,30,35,078,,1*69
$GPGSV,3,2,11,01,33,313,,05,23,052,,11,22,285,,12,15,045,,1*6F
$GPGSV,3,3,11,20,09,315,38.3,18,05,136,,14,57,052,39.0,1*52
$GLGSV,1,1,04,82,20,088,,65,62,256,39.1,74,14,261,39.3,72,13,333,,1*77
$GAGSV,1,1,00,7*73
$GBGSV,3,1,10,14,03,237,,08,73,345,38.7,09,56,268,,03,43,190,38.6,1*70
$GBGSV,3,2,10,01,38,147,,02,30,229,,04,27,124,37.8,12,20,245,,1*60
$GBGSV,3,3,10,05,15,248,37.8,06,75,329,,1*66
$GNRMC,024749.000,A,3900.0012,N,11613.9776,E,0.50,295.49,280612,,,A,V*0D
$GNVTG,295.49,T,,M,0.50,N,0.93,K,A*2F
$GNZDA,024749.000,28,06,2012,,*49
$GNGGA,024750.000,3900.0012,N,11613.9775,E,1,8,1.17,-7.9,M,-6.8,M,,*78
$PAIRACC,5.64,9.24*43
$GNGLL,3900.0012,N,11613.9775,E,024750.000,A,A*42
$GNGSA,A,3,31,20,,,,,,,,,,,1.41,1.17,0.78,1*0D
$GNGSA,A,3,65,74,,,,,,,,,,,1.41,1.17,0.78,2*0E
$GNGSA,A,3,,,,,,,,,,,,,1.41,1.17,0.78,3*0F
$GNGSA,A,3,08,03,04,05,,,,,,,,,1.41,1.17,0.78,4*02
$GPGSV,3,1,11,16,01,181,,31,74,218,38.6,22,37,137,38.9,30,35,078,,1*66
$GPGSV,3,2,11,01,33,313,,05,23,052,,11,22,285,,12,15,045,,1*6F
$GPGSV,3,3,11,20,09,315,38.9,18,05,136,,14,57,052,38.9,1*50
$GLGSV,1,1,04,82,20,088,,65,62,256,39.3,74,14,261,38.5,72,13,333,,1*72
$GAGSV,1,1,00,7*73
$GBGSV,3,1,10,14,03,237,,08,73,345,38.7,09,56,268,,03,43,190,38.8,1*7E
$GBGSV,3,2,10,01,38,147,,02,30,229,,04,27,124,38.6,12,20,245,,1*61
$GBGSV,3,3,10,05,15,248,38.4,06,75,329,,1*65
$GNRMC,024750.000,A,3900.0012,N,11613.9775,E,0.43,287.77,280612,,,A,V*0A
$GNVTG,287.77,T,,M,0.43,N,0.79,K,A*27
$GNZDA,024750.000,28,06,2012,,*41
$GNGGA,024751.000,3900.0012,N,11613.9775,E,1,8,1.16,-7.9,M,-6.8,M,,*78
$PAIRACC,5.51,9.06*45
$GNGLL,3900.0012,N,11613.9775,E,024751.000,A,A*43
$GNGSA,A,3,31,20,,,,,,,,,,,1.40,1.16,0.78,1*0D
$GNGSA,A,3,65,74,,,,,,,,,,,1.40,1.16,0.78,2*0E
$GNGSA,A,3,,,,,,,,,,,,,1.40,1.16,0.78,3*0F
$GNGSA,A,3,08,03,04,05,,,,,,,,,1.40,1.16,0.78,4*02
$GPGSV,3,1,11,16,01,181,,31,74,218,39.4,22,37,137,38.7,30,35,078,,1*6B
$GPGSV,3,2,11,01,33,313,,05,23,052,,11,22,285,,12,15,045,,1*6F
$GPGSV,3,3,11,20,09,315,38.6,18,05,136,,14,57,052,39.2,1*55
$GLGSV,1,1,04,82,20,088,,65,62,256,39.6,74,14,261,39.2,72,13,333,,1*71
$GAGSV,1,1,00,7*73
$GBGSV,3,1,10,14,03,237,,08,73,345,38.6,09,56,268,,03,43,190,38.4,1*73
$GBGSV,3,2,10,01,38,147,,02,30,229,,04,27,124,38.2,12,20,245,,1*65
$GBGSV,3,3,10,05,15,248,38.0,06,75,329,,1*61
$GNRMC,024751.000,A,3900.0012,N,11613.9775,E,0.34,297.21,280612,,,A,V*09
$GNVTG,297.21,T,,M,0.34,N,0.63,K,A*2E
$GNZDA,024751.000,28,06,2012,,*40
$GNGGA,024752.000,3900.0012,N,11613.9775,E,1,9,1.11,-7.8,M,-6.8,M,,*7C
$PAIRACC,4.82,8.84*41
$GNGLL,3900.0012,N,11613.9775,E,024752.000,A,A*40
$GNGSA,A,3,31,22,20,,,,,,,,,,1.35,1.11,0.77,1*07
$GNGSA,A,3,65,74,,,,,,,,,,,1.35,1.11,0.77,2*04
$GNGSA,A,3,,,,,,,,,,,,,1.35,1.11,0.77,3*05
$GNGSA,A,3,08,03,04,05,,,,,,,,,1.35,1.11,0.77,4*08
$GPGSV,3,1,11,16,01,181,,31,74,218,38.8,22,37,137,39.1,30,35,078,,1*61
$GPGSV,3,2,11,01,33,313,,05,23,052,,11,22,285,,12,15,045,,1*6F
$GPGSV,3,3,11,20,09,315,38.8,18,05,136,,14,57,052,39.0,1*59
$GLGSV,1,1,04,82,20,088,,65,62,256,39.1,74,14,261,39.5,72,13,333,,1*71
$GAGSV,1,1,00,7*73
$GBGSV,3,1,10,14,03,237,,08,73,345,38.9,09,56,268,,03,43,190,38.4,1*7C
$GBGSV,3,2,10,01,38,147,,02,30,229,,04,27,124,37.8,12,20,245,,1*60
$GBGSV,3,3,10,05,15,248,38.0,06,75,329,,1*61
$GNRMC,024752.000,A,3900.0012,N,11613.9775,E,0.27,252.32,280612,,,A,V*03
$GNVTG,252.32,T,,M,0.27,N,0.50,K,A*27
$GNZDA,024752.000,28,06,2012,,*43
$GNGGA,024753.000,3900.0012,N,11613.9775,E,1,9,1.12,-7.8,M,-6.8,M,,*7E
$PAIRACC,4.78,8.67*49
$GNGLL,3900.0012,N,11613.9775,E,024753.000,A,A*41
$GNGSA,A,3,31,22,20,,,,,,,,,,1.36,1.12,0.77,1*07
$GNGSA,A,3,65,74,,,,,,,,,,,1.36,1.12,0.77,2*04
$GNGSA,A,3,,,,,,,,,,,,,1.36,1.12,0.77,3*05
$GNGSA,A,3,08,03,04,05,,,,,,,,,1.36,1.12,0.77,4*08
$GPGSV,3,1,11,16,01,181,,31,74,218,38.9,22,37,137,39.0,30,35,078,,1*61
$GPGSV,3,2,11,01,33,313,,05,23,052,,11,22,285,,12,15,045,,1*6F
$GPGSV,3,3,11,20,09,315,38.5,18,05,136,,14,57,052,38.8,1*5D
$GLGSV,1,1,04,82,20,088,,65,62,256,39.1,74,14,261,39.2,72,13,333,,1*76
$GAGSV,1,1,00,7*73
$GBGSV,3,1,10,14,03,237,,08,73,345,38.4,09,56,268,,03,43,190,38.7,1*72
$GBGSV,3,2,10,01,38,147,,02,30,229,,04,27,124,38.6,12,20,245,,1*61
$GBGSV,3,3,10,05,15,248,38.7,06,75,329,,1*66
$GNRMC,024753.000,A,3900.0012,N,11613.9775,E,0.20,164.26,280612,,,A,V*06
$GNVTG,164.26,T,,M,0.20,N,0.37,K,A*22
$GNZDA,024753.000,28,06,2012,,*42
$GNGGA,024754.000,3900.0012,N,11613.9775,E,1,9,1.11,-7.8,M,-6.8,M,,*7A
$PAIRACC,4.77,8.66*47
$GNGLL,3900.0012,N,11613.9775,E,024754.000,A,A*46
$GNGSA,A,3,31,22,20,,,,,,,,,,1.35,1.11,0.77,1*07
$GNGSA,A,3,65,74,,,,,,,,,,,1.35,1.11,0.77,2*04
$GNGSA,A,3,,,,,,,,,,,,,1.35,1.11,0.77,3*05
$GNGSA,A,3,08,03,04,05,,,,,,,,,1.35,1.11,0.77,4*08
$GPGSV,3,1,11,16,01,181,,31,74,218,38.3,22,37,137,39.2,30,35,078,,1*69
$GPGSV,3,2,11,01,33,313,,05,23,052,,11,22,285,,12,15,045,,1*6F
$GPGSV,3,3,11,20,09,315,38.5,18,05,136,,14,57,052,38.7,1*52
$GLGSV,1,1,04,82,20,088,,65,62,256,39.1,74,14,261,39.2,72,13,333,,1*76
$GAGSV,1,1,00,7*73
$GBGSV,3,1,10,14,03,237,,08,73,345,38.5,09,56,268,,03,43,190,38.4,1*70
$GBGSV,3,2,10,01,38,147,,02,30,229,,04,27,124,37.6,12,20,245,,1*6E
$GBGSV,3,3,10,05,15,248,37.5,06,75,329,,1*6B
$GNRMC,024754.000,A,3900.0012,N,11613.9775,E,0.15,142.11,280612,,,A,V*07
$GNVTG,142.11,T,,M,0.15,N,0.27,K,A*25
$GNZDA,024754.000,28,06,2012,,*45
$GNGGA,024755.000,3900.0012,N,11613.9775,E,1,9,1.11,-7.7,M,-6.8,M,,*74
$PAIRACC,4.77,8.66*47
$GNGLL,3900.0012,N,11613.9775,E,024755.000,A,A*47
$GNGSA,A,3,31,22,20,,,,,,,,,,1.35,1.11,0.77,1*07
$GNGSA,A,3,65,74,,,,,,,,,,,1.35,1.11,0.77,2*04
$GNGSA,A,3,,,,,,,,,,,,,1.35,1.11,0.77,3*05
$GNGSA,A,3,08,03,04,05,,,,,,,,,1.35,1.11,0.77,4*08
$GPGSV,3,1,11,16,01,181,,31,74,218,38.9,22,37,137,39.2,30,35,078,,1*63
$GPGSV,3,2,11,01,33,313,,05,23,052,,11,22,285,,12,15,045,,1*6F
$GPGSV,3,3,11,20,09,315,39.0,18,05,136,,14,57,052,39.0,1*50
$GLGSV,1,1,04,82,20,088,,65,62,256,39.3,74,14,261,39.4,72,13,333,,1*72
$GAGSV,1,1,00,7*73
$GBGSV,3,1,10,14,03,237,,08,73,345,38.9,09,56,268,,03,43,190,38.6,1*7E
$GBGSV,3,2,10,01,38,147,,02,30,229,,04,27,124,38.1,12,20,245,,1*66
$GBGSV,3,3,10,05,15,248,37.6,06,75,329,,1*68
$GNRMC,024755.000,A,3900.0012,N,11613.9775,E,0.10,145.77,280612,,,A,V*04
$GNVTG,145.77,T,,M,0.10,N,0.19,K,A*2A
$GNZDA,024755.000,28,06,2012,,*44
$GNGGA,024756.000,3900.0012,N,11613.9776,E,1,9,1.11,-7.7,M,-6.8,M,,*74
$PAIRACC,4.81,8.68*40
$GNGLL,3900.0012,N,11613.9776,E,024756.000,A,A*47
$GNGSA,A,3,31,22,20,,,,,,,,,,1.35,1.11,0.77,1*07
$GNGSA,A,3,65,74,,,,,,,,,,,1.35,1.11,0.77,2*04
$GNGSA,A,3,,,,,,,,,,,,,1.35,1.11,0.77,3*05
$GNGSA,A,3,08,03,04,05,,,,,,,,,1.35,1.11,0.77,4*08
$GPGSV,3,1,11,16,01,181,,31,74,218,39.0,22,37,137,39.0,30,35,078,,1*69
$GPGSV,3,2,11,01,33,313,,05,23,052,,11,22,285,,12,15,045,,1*6F
$GPGSV,3,3,11,20,09,315,38.5,18,05,136,,14,57,052,38.9,1*5C
$GLGSV,1,1,04,82,20,088,,65,62,256,39.7,74,14,261,39.4,72,13,333,,1*76
$GAGSV,1,1,00,7*73
$GBGSV,3,1,10,14,03,237,,08,73,345,38.9,09,56,268,,03,43,190,38.6,1*7E
$GBGSV,3,2,10,01,38,147,,02,30,229,,04,27,124,38.3,12,20,245,,1*64
$GBGSV,3,3,10,05,15,248,38.5,06,75,329,,1*64
$GNRMC,024756.000,A,3900.0012,N,11613.9776,E,0.07,143.95,280612,,,A,V*08
$GNVTG,143.95,T,,M,0.07,N,0.13,K,A*2C
$GNZDA,024756.000,28,06,2012,,*47
$GNGGA,024757.000,3900.0012,N,11613.9776,E,1,9,1.11,-7.7,M,-6.8,M,,*75
$PAIRACC,4.76,8.65*45
$GNGLL,3900.0012,N,11613.9776,E,024757.000,A,A*46
$GNGSA,A,3,31,22,20,,,,,,,,,,1.35,1.11,0.77,1*07
$GNGSA,A,3,65,74,,,,,,,,,,,1.35,1.11,0.77,2*04
$GNGSA,A,3,,,,,,,,,,,,,1.35,1.11,0.77,3*05
$GNGSA,A,3,08,03,04,05,,,,,,,,,1.35,1.11,0.77,4*08
$GPGSV,3,1,11,16,01,181,,31,74,218,38.8,22,37,137,38.8,30,35,078,,1*69
$GPGSV,3,2,11,01,33,313,,05,23,052,,11,22,285,,12,15,045,,1*6F
$GPGSV,3,3,11,20,09,315,38.2,18,05,136,,14,57,052,39.2,1*51
$GLGSV,1,1,04,82,20,088,,65,62,256,39.5,74,14,261,39.6,72,13,333,,1*76
$GAGSV,1,1,00,7*73
$GBGSV,3,1,10,14,03,237,,08,73,345,38.8,09,56,268,,03,43,190,38.5,1*7C
$GBGSV,3,2,10,01,38,147,,02,30,229,,04,27,124,38.4,12,20,245,,1*63
$GBGSV,3,3,10,05,15,248,37.8,06,75,329,,1*66
$GNRMC,024757.000,A,3900.0012,N,11613.9776,E,0.05,142.09,280612,,,A,V*0F
$GNVTG,142.09,T,,M,0.05,N,0.09,K,A*21
$GNZDA,024757.000,28,06,2012,,*46
$GNGGA,024758.000,3900.0012,N,11613.9776,E,1,10,0.98,-7.7,M,-6.8,M,,*42
$PAIRACC,4.17,8.64*43
$GNGLL,3900.0012,N,11613.9776,E,024758.000,A,A*49
$GNGSA,A,3,31,22,20,14,,,,,,,,,1.24,0.98,0.77,1*02
$GNGSA,A,3,65,74,,,,,,,,,,,1.24,0.98,0.77,2*04
$GNGSA,A,3,,,,,,,,,,,,,1.24,0.98,0.77,3*05
$GNGSA,A,3,08,03,04,05,,,,,,,,,1.24,0.98,0.77,4*08
$GPGSV,3,1,11,16,01,181,,31,74,218,38.7,22,37,137,38.7,30,35,078,,1*69
$GPGSV,3,2,11,01,33,313,,05,23,052,,11,22,285,,12,15,045,,1*6F
$GPGSV,3,3,11,20,09,315,38.5,18,05,136,,14,57,052,38.9,1*5C
$GLGSV,1,1,04,82,20,088,,65,62,256,39.3,74,14,261,39.0,72,13,333,,1*76
$GAGSV,1,1,00,7*73
$GBGSV,3,1,10,14,03,237,,08,73,345,38.6,09,56,268,,03,43,190,38.8,1*7F
$GBGSV,3,2,10,01,38,147,,02,30,229,,04,27,124,37.6,12,20,245,,1*6E
$GBGSV,3,3,10,05,15,248,37.9,06,75,329,,1*67
$GNRMC,024758.000,A,3900.0012,N,11613.9776,E,0.04,161.59,280612,,,A,V*05
$GNVTG,161.59,T,,M,0.04,N,0.07,K,A*2A
$GNZDA,024758.000,28,06,2012,,*49
$GNGGA,024759.000,3900.0011,N,11613.9776,E,1,10,0.98,-7.7,M,-6.8,M,,*40
$PAIRACC,4.14,8.57*40
$GNGLL,3900.0011,N,11613.9776,E,024759.000,A,A*4B
$GNGSA,A,3,31,22,20,14,,,,,,,,,1.25,0.98,0.77,1*03
$GNGSA,A,3,65,74,,,,,,,,,,,1.25,0.98,0.77,2*05
$GNGSA,A,3,,,,,,,,,,,,,1.25,0.98,0.77,3*04
$GNGSA,A,3,08,03,04,05,,,,,,,,,1.25,0.98,0.77,4*09
$GPGSV,3,1,11,16,01,181,,31,74,218,38.5,22,37,137,39.0,30,35,078,,1*6D
$GPGSV,3,2,11,01,33,313,,05,23,052,,11,22,285,,12,15,045,,1*6F
$GPGSV,3,3,11,20,09,315,38.6,18,05,136,,14,57,052,39.0,1*57
$GLGSV,1,1,04,82,20,088,,65,62,256,39.2,74,14,261,39.1,72,13,333,,1*76
$GAGSV,1,1,00,7*73
$GBGSV,3,1,10,14,03,237,,08,73,345,39.0,09,56,268,,03,43,190,38.8,1*78
$GBGSV,3,2,10,01,38,147,,02,30,229,,04,27,124,38.4,12,20,245,,1*63
$GBGSV,3,3,10,05,15,248,38.2,06,75,329,,1*63
$GNRMC,024759.000,A,3900.0011,N,11613.9776,E,0.03,163.67,280612,,,A,V*0F
$GNVTG,163.67,T,,M,0.03,N,0.06,K,A*23
$GNZDA,024759.000,28,06,2012,,*48
$GNGGA,024800.000,3900.0011,N,11613.9776,E,1,10,0.98,-7.6,M,-6.8,M,,*42
$PAIRACC,4.13,8.56*46
$GNGLL,3900.0011,N,11613.9776,E,024800.000,A,A*48
$GNGSA,A,3,31,22,20,14,,,,,,,,,1.24,0.98,0.77,1*02
$GNGSA,A,3,65,74,,,,,,,,,,,1.24,0.98,0.77,2*04
$GNGSA,A,3,,,,,,,,,,,,,1.24,0.98,0.77,3*05
$GNGSA,A,3,08,03,04,05,,,,,,,,,1.24,0.98,0.77,4*08
$GPGSV,3,1,11,16,01,181,,31,74,218,38.7,22,37,137,39.3,30,35,078,,1*6C
$GPGSV,3,2,11,01,33,313,,05,23,052,,11,22,285,,12,15,045,,1*6F
$GPGSV,3,3,11,20,09,315,38.1,18,05,136,,14,57,052,38.9,1*58
$GLGSV,1,1,04,82,20,088,,65,62,256,39.5,74,14,261,39.1,72,13,333,,1*71
$GAGSV,1,1,00,7*73
$GBGSV,3,1,10,14,03,237,,08,73,345,38.7,09,56,268,,03,43,190,39.0,1*77
$GBGSV,3,2,10,01,38,147,,02,30,229,,04,27,124,37.8,12,20,245,,1*60
$GBGSV,3,3,10,05,15,248,38.3,06,75,329,,1*62
$GNRMC,024800.000,A,3900.0011,N,11613.9776,E,0.03,157.01,280612,,,A,V*0B
$GNVTG,157.01,T,,M,0.03,N,0.06,K,A*24
$GNZDA,024800.000,28,06,2012,,*4B
$GNGGA,024801.000,3900.0011,N,11613.9776,E,1,10,0.98,-7.6,M,-6.8,M,,*43
$PAIRACC,4.13,8.56*46
$GNGLL,3900.0011,N,11613.9776,E,024801.000,A,A*49
$GNGSA,A,3,31,22,20,14,,,,,,,,,1.24,0.98,0.77,1*02
$GNGSA,A,3,65,74,,,,,,,,,,,1.24,0.98,0.77,2*04
$GNGSA,A,3,,,,,,,,,,,,,1.24,0.98,0.77,3*05
$GNGSA,A,3,08,03,04,05,,,,,,,,,1.24,0.98,0.77,4*08
$GPGSV,3,1,11,16,01,181,,31,74,218,38.8,22,37,137,39.5,30,35,078,,1*65
$GPGSV,3,2,11,01,33,313,,05,23,052,,11,22,285,,12,15,045,,1*6F
$GPGSV,3,3,11,20,09,315,38.6,18,05,136,,14,57,052,39.0,1*57
$GLGSV,1,1,04,82,20,088,,65,62,256,39.7,74,14,261,39.3,72,13,333,,1*71
$GAGSV,1,1,00,7*73
$GBGSV,3,1,10,14,03,237,,08,73,345,38.4,09,56,268,,03,43,190,38.5,1*70
$GBGSV,3,2,10,01,38,147,,02,30,229,,04,27,124,37.8,12,20,245,,1*60
$GBGSV,3,3,10,05,15,248,37.9,06,75,329,,1*67
$GNRMC,024801.000,A,3900.0011,N,11613.9776,E,0.04,156.45,280612,,,A,V*0C
$GNVTG,156.45,T,,M,0.04,N,0.07,K,A*23
$GNZDA,024801.000,28,06,2012,,*4A
$GNGGA,024802.000,3900.0011,N,11613.9776,E,1,10,0.98,-7.6,M,-6.8,M,,*40
$PAIRACC,4.32,8.86*48
$GNGLL,3900.0011,N,11613.9776,E,024802.000,A,A*4A
$GNGSA,A,3,31,22,20,14,,,,,,,,,1.24,0.98,0.77,1*02
$GNGSA,A,3,65,74,,,,,,,,,,,1.24,0.98,0.77,2*04
$GNGSA,A,3,,,,,,,,,,,,,1.24,0.98,0.77,3*05
$GNGSA,A,3,08,03,04,05,,,,,,,,,1.24,0.98,0.77,4*08
$GPGSV,3,1,11,16,01,181,,31,74,218,39.0,22,37,137,39.0,30,35,078,,1*69
$GPGSV,3,2,11,01,33,313,,05,23,052,,11,22,285,,12,15,045,,1*6F
$GPGSV,3,3,11,20,09,315,38.5,18,05,136,,14,57,052,38.6,1*53
$GLGSV,1,1,04,82,20,088,,65,62,256,39.8,74,14,261,39.4,72,13,333,,1*79
$GAGSV,1,1,00,7*73
$GBGSV,3,1,10,14,03,237,,08,73,345,38.9,09,56,268,,03,43,190,38.7,1*7F
$GBGSV,3,2,10,01,38,147,,02,30,229,,04,27,124,38.2,12,20,245,,1*65
$GBGSV,3,3,10,05,15,248,38.5,06,75,329,,1*64
$GNRMC,024802.000,A,3900.0011,N,11613.9776,E,0.04,151.69,280612,,,A,V*06
$GNVTG,151.69,T,,M,0.04,N,0.08,K,A*25
$GNZDA,024802.000,28,06,2012,,*49
$GNGGA,024803.000,3900.0011,N,11613.9776,E,1,10,0.98,-7.6,M,-6.8,M,,*41
$PAIRACC,4.13,8.55*45
$GNGLL,3900.0011,N,11613.9776,E,024803.000,A,A*4B
$GNGSA,A,3,31,22,20,14,,,,,,,,,1.24,0.98,0.77,1*02
$GNGSA,A,3,65,74,,,,,,,,,,,1.24,0.98,0.77,2*04
$GNGSA,A,3,,,,,,,,,,,,,1.24,0.98,0.77,3*05
$GNGSA,A,3,08,03,04,05,,,,,,,,,1.24,0.98,0.77,4*08
$GPGSV,3,1,11,16,01,181,,31,74,218,39.2,22,37,137,39.2,30,35,078,,1*69
$GPGSV,3,2,11,01,33,313,,05,23,052,,11,22,285,,12,15,045,,1*6F
$GPGSV,3,3,11,20,09,315,39.0,18,05,136,,14,57,052,38.7,1*56
$GLGSV,1,1,04,82,20,088,,65,62,256,39.7,74,14,261,39.4,72,13,333,,1*76
$GAGSV,1,1,00,7*73
$GBGSV,3,1,10,14,03,237,,08,73,345,38.8,09,56,268,,03,43,190,38.6,1*7F
$GBGSV,3,2,10,01,38,147,,02,30,229,,04,27,124,38.0,12,20,245,,1*67
$GBGSV,3,3,10,05,15,248,37.8,06,75,329,,1*66
$GNRMC,024803.000,A,3900.0011,N,11613.9776,E,0.04,157.92,280612,,,A,V*05
$GNVTG,157.92,T,,M,0.04,N,0.08,K,A*27
$GNZDA,024803.000,28,06,2012,,*48
$GNGGA,024804.000,3900.0011,N,11613.9776,E,1,10,0.98,-7.6,M,-6.8,M,,*46
$PAIRACC,4.34,8.92*4B
$GNGLL,3900.0011,N,11613.9776,E,024804.000,A,A*4C
$GNGSA,A,3,31,22,20,14,,,,,,,,,1.24,0.98,0.77,1*02
$GNGSA,A,3,65,74,,,,,,,,,,,1.24,0.98,0.77,2*04
$GNGSA,A,3,,,,,,,,,,,,,1.24,0.98,0.77,3*05
$GNGSA,A,3,08,03,04,05,,,,,,,,,1.24,0.98,0.77,4*08
$GPGSV,3,1,11,16,01,181,,31,74,218,38.4,22,37,137,39.1,30,35,078,,1*6D
$GPGSV,3,2,11,01,33,313,,05,23,052,,11,22,285,,12,15,045,,1*6F
$GPGSV,3,3,11,20,09,315,38.3,18,05,136,,14,57,052,39.0,1*52
$GLGSV,1,1,04,82,20,088,,65,62,253,39.2,74,14,261,39.6,72,13,333,,1*74
$GAGSV,1,1,00,7*73
$GBGSV,3,1,10,14,03,237,,08,73,345,38.9,09,56,268,,03,43,190,38.8,1*70
$GBGSV,3,2,10,01,38,147,,02,30,229,,04,27,124,37.3,12,20,245,,1*6B
$GBGSV,3,3,10,05,15,248,37.8,06,75,329,,1*66
$GNRMC,024804.000,A,3900.0011,N,11613.9776,E,0.04,151.75,280612,,,A,V*0D
$GNVTG,151.75,T,,M,0.04,N,0.08,K,A*28
$GNZDA,024804.000,28,06,2012,,*4F
$GNGGA,024805.000,3900.0010,N,11613.9776,E,1,10,1.00,-7.6,M,-6.8,M,,*46
$PAIRACC,4.13,8.56*46
$GNGLL,3900.0010,N,11613.9776,E,024805.000,A,A*4C
$GNGSA,A,3,31,22,20,14,,,,,,,,,1.57,1.00,1.21,1*04
$GNGSA,A,3,65,74,,,,,,,,,,,1.57,1.00,1.21,2*02
$GNGSA,A,3,,,,,,,,,,,,,1.57,1.00,1.21,3*03
$GNGSA,A,3,08,03,04,05,,,,,,,,,1.57,1.00,1.21,4*0E
$GPGSV,3,1,11,16,01,181,,31,74,218,38.7,22,37,137,38.8,30,35,078,,1*66
$GPGSV,3,2,11,01,33,313,,05,23,052,,11,22,285,,12,15,045,,1*6F
$GPGSV,3,3,11,20,09,315,38.8,18,05,136,,14,57,052,38.5,1*5D
$GLGSV,1,1,04,82,20,088,,65,62,253,39.5,74,14,261,39.3,72,13,333,,1*76
$GAGSV,1,1,00,7*73
$GBGSV,3,1,10,14,03,237,,08,73,345,38.9,09,56,268,,03,43,190,38.7,1*7F
$GBGSV,3,2,10,01,38,147,,02,30,229,,04,27,124,38.4,12,20,245,,1*63
$GBGSV,3,3,10,05,15,248,38.5,06,75,329,,1*64
$GNRMC,024805.000,A,3900.0010,N,11613.9776,E,0.04,141.99,280612,,,A,V*0E
$GNVTG,141.99,T,,M,0.04,N,0.08,K,A*2B
$GNZDA,024805.000,28,06,2012,,*4E
$GNGGA,024806.000,3900.0010,N,11613.9776,E,1,10,1.00,-7.6,M,-6.8,M,,*45
$PAIRACC,4.13,8.55*45
$GNGLL,3900.0010,N,11613.9776,E,024806.000,A,A*4F
$GNGSA,A,3,31,22,20,14,,,,,,,,,1.57,1.00,1.21,1*04
$GNGSA,A,3,65,74,,,,,,,,,,,1.57,1.00,1.21,2*02
$GNGSA,A,3,,,,,,,,,,,,,1.57,1.00,1.21,3*03
$GNGSA,A,3,08,03,04,05,,,,,,,,,1.57,1.00,1.21,4*0E
$GPGSV,3,1,11,16,01,181,,31,74,218,38.6,22,37,137,38.9,30,35,078,,1*66
$GPGSV,3,2,11,01,33,313,,05,23,052,,11,22,285,,12,15,045,,1*6F
$GPGSV,3,3,11,20,09,315,38.3,18,05,136,,14,57,052,38.8,1*5B
$GLGSV,1,1,04,82,20,088,,65,62,253,39.2,74,14,261,39.6,72,13,333,,1*74
$GAGSV,1,1,00,7*73
$GBGSV,3,1,10,14,03,237,,08,73,345,39.2,09,56,268,,03,43,190,38.4,1*76
$GBGSV,3,2,10,01,38,147,,02,30,229,,04,27,124,37.8,12,20,245,,1*60
$GBGSV,3,3,10,05,15,248,37.3,06,75,329,,1*6D
$GNRMC,024806.000,A,3900.0010,N,11613.9776,E,0.04,152.70,280612,,,A,V*08
$GNVTG,152.70,T,,M,0.04,N,0.07,K,A*21
$GNZDA,024806.000,28,06,2012,,*4D
$GNGGA,024807.000,3900.0010,N,11613.9776,E,1,10,1.00,-7.6,M,-6.8,M,,*44
$PAIRACC,4.34,8.92*4B
$GNGLL,3900.0010,N,11613.9776,E,024807.000,A,A*4E
$GNGSA,A,3,31,22,20,14,,,,,,,,,1.57,1.00,1.21,1*04
$GNGSA,A,3,65,74,,,,,,,,,,,1.57,1.00,1.21,2*02
$GNGSA,A,3,,,,,,,,,,,,,1.57,1.00,1.21,3*03
$GNGSA,A,3,08,03,04,05,,,,,,,,,1.57,1.00,1.21,4*0E
$GPGSV,3,1,11,16,01,181,,31,74,218,38.7,22,37,137,38.8,30,35,078,,1*66
$GPGSV,3,2,11,01,33,313,,05,23,052,,11,22,285,,12,15,045,,1*6F
$GPGSV,3,3,11,20,09,315,38.6,18,05,136,,14,57,052,39.1,1*56
$GLGSV,1,1,04,82,20,088,,65,62,253,39.4,74,14,261,39.0,72,13,333,,1*74
$GAGSV,1,1,00,7*73
$GBGSV,3,1,10,14,03,237,,08,73,345,39.2,09,56,268,,03,43,190,38.9,1*7B
$GBGSV,3,2,10,01,38,147,,02,30,229,,04,27,124,37.5,12,20,245,,1*6D
$GBGSV,3,3,10,05,15,248,37.7,06,75,329,,1*69
$GNRMC,024807.000,A,3900.0010,N,11613.9776,E,0.03,165.46,280612,,,A,V*0F
$GNVTG,165.46,T,,M,0.03,N,0.06,K,A*26
$GNZDA,024807.000,28,06,2012,,*4C
$GNGGA,024808.000,3900.0010,N,11613.9776,E,1,10,1.00,-7.6,M,-6.8,M,,*4B
$PAIRACC,4.13,8.55*45
$GNGLL,3900.0010,N,11613.9776,E,024808.000,A,A*41
$GNGSA,A,3,31,22,20,14,,,,,,,,,1.57,1.00,1.21,1*04
$GNGSA,A,3,65,74,,,,,,,,,,,1.57,1.00,1.21,2*02
$GNGSA,A,3,,,,,,,,,,,,,1.57,1.00,1.21,3*03
$GNGSA,A,3,08,03,04,05,,,,,,,,,1.57,1.00,1.21,4*0E
$GPGSV,3,1,11,16,01,181,,31,74,218,39.2,22,37,137,38.8,30,35,078,,1*62
$GPGSV,3,2,11,01,33,313,,05,23,052,,11,22,285,,12,15,045,,1*6F
$GPGSV,3,3,11,20,09,315,38.6,18,05,136,,14,57,052,38.6,1*50
$GLGSV,1,1,04,82,20,088,,65,62,253,39.3,74,14,261,39.7,72,13,333,,1*74
$GAGSV,1,1,00,7*73
$GBGSV,3,1,10,14,03,237,,08,73,345,38.7,09,56,268,,03,43,190,38.8,1*7E
$GBGSV,3,2,10,01,38,147,,02,30,229,,04,27,124,38.0,12,20,245,,1*67
$GBGSV,3,3,10,05,15,248,38.2,06,75,329,,1*63
$GNRMC,024808.000,A,3900.0010,N,11613.9776,E,0.03,153.59,280612,,,A,V*0B
$GNVTG,153.59,T,,M,0.03,N,0.06,K,A*2D
$GNZDA,024808.000,28,06,2012,,*43
$GNGGA,024809.000,3900.0010,N,11613.9776,E,1,10,1.00,-7.6,M,-6.8,M,,*4A
$PAIRACC,4.13,8.65*46
$GNGLL,3900.0010,N,11613.9776,E,024809.000,A,A*40
$GNGSA,A,3,31,22,20,14,,,,,,,,,1.57,1.00,1.21,1*04
$GNGSA,A,3,65,74,,,,,,,,,,,1.57,1.00,1.21,2*02
$GNGSA,A,3,,,,,,,,,,,,,1.57,1.00,1.21,3*03
$GNGSA,A,3,08,03,04,05,,,,,,,,,1.57,1.00,1.21,4*0E
$GPGSV,3,1,11,16,01,181,,31,74,218,38.8,22,37,137,39.2,30,35,078,,1*62
$GPGSV,3,2,11,01,33,313,,05,23,052,,11,22,285,,12,15,045,,1*6F
$GPGSV,3,3,11,20,09,315,38.3,18,05,136,,14,57,052,38.9,1*5A
$GLGSV,1,1,04,82,20,088,,65,62,253,39.3,74,14,261,39.2,72,13,333,,1*71
$GAGSV,1,1,00,7*73
$GBGSV,3,1,10,14,03,237,,08,73,345,39.2,09,56,268,,03,43,190,38.7,1*75
$GBGSV,3,2,10,01,38,147,,02,30,229,,04,27,124,37.6,12,20,245,,1*6E
$GBGSV,3,3,10,05,15,248,37.6,06,75,329,,1*68
$GNRMC,024809.000,A,3900.0010,N,11613.9776,E,0.03,153.94,280612,,,A,V*0B
$GNVTG,153.94,T,,M,0.03,N,0.05,K,A*2F
$GNZDA,024809.000,28,06,2012,,*42
$GNGGA,024810.000,3900.0010,N,11613.9776,E,1,10,1.00,-7.6,M,-6.8,M,,*42
$PAIRACC,4.22,8.74*44
$GNGLL,3900.0010,N,11613.9776,E,024810.000,A,A*48
$GNGSA,A,3,31,22,20,14,,,,,,,,,1.57,1.00,1.21,1*04
$GNGSA,A,3,65,74,,,,,,,,,,,1.57,1.00,1.21,2*02
$GNGSA,A,3,,,,,,,,,,,,,1.57,1.00,1.21,3*03
$GNGSA,A,3,08,03,04,05,,,,,,,,,1.57,1.00,1.21,4*0E
$GPGSV,3,1,11,16,01,181,,31,74,218,38.6,22,37,137,38.8,30,35,078,,1*67
$GPGSV,3,2,11,01,33,313,,05,23,052,,11,22,285,,12,15,045,,1*6F
$GPGSV,3,3,11,20,09,315,38.3,18,05,136,,14,57,052,38.5,1*56
$GLGSV,1,1,04,82,20,088,,65,62,253,39.5,74,14,261,39.0,72,13,333,,1*75
$GAGSV,1,1,00,7*73
$GBGSV,3,1,10,14,03,237,,08,73,345,39.1,09,56,268,,03,43,190,38.9,1*78
$GBGSV,3,2,10,01,38,147,,02,30,229,,04,27,124,37.7,12,20,245,,1*6F
$GBGSV,3,3,10,05,15,248,37.9,06,75,329,,1*67
$GNRMC,024810.000,A,3900.0010,N,11613.9776,E,0.02,155.19,280612,,,A,V*01
$GNVTG,155.19,T,,M,0.02,N,0.04,K,A*2C
$GNZDA,024810.000,28,06,2012,,*4A
$GNGGA,024811.000,3900.0010,N,11613.9776,E,1,10,1.00,-7.6,M,-6.8,M,,*43
$PAIRACC,4.14,8.61*45
$GNGLL,3900.0010,N,11613.9776,E,024811.000,A,A*49
$GNGSA,A,3,31,22,20,14,,,,,,,,,1.57,1.00,1.21,1*04
$GNGSA,A,3,65,74,,,,,,,,,,,1.57,1.00,1.21,2*02
$GNGSA,A,3,,,,,,,,,,,,,1.57,1.00,1.21,3*03
$GNGSA,A,3,08,03,04,05,,,,,,,,,1.57,1.00,1.21,4*0E
$GPGSV,3,1,11,16,01,181,,31,74,218,38.8,22,37,137,38.5,30,35,078,,1*64
$GPGSV,3,2,11,01,33,313,,05,23,052,,11,22,285,,12,15,045,,1*6F
$GPGSV,3,3,11,20,09,315,38.1,18,05,136,,14,57,052,38.9,1*58
$GLGSV,1,1,04,82,20,088,,65,62,253,39.1,72,14,332,,74,14,261,39.1,1*76
$GAGSV,1,1,00,7*73
$GBGSV,3,1,10,14,03,237,,08,73,345,38.9,09,56,268,,03,43,190,38.6,1*7E
$GBGSV,3,2,10,01,38,147,,02,30,229,,04,27,124,38.4,12,20,245,,1*63
$GBGSV,3,3,10,05,15,248,38.5,06,75,329,,1*64
$GNRMC,024811.000,A,3900.0010,N,11613.9776,E,0.02,165.64,280612,,,A,V*09
$GNVTG,165.64,T,,M,0.02,N,0.03,K,A*22
$GNZDA,024811.000,28,06,2012,,*4B
$GNGGA,024812.000,3900.0010,N,11613.9776,E,1,10,1.00,-7.6,M,-6.8,M,,*40
$PAIRACC,4.28,8.76*4C
$GNGLL,3900.0010,N,11613.9776,E,024812.000,A,A*4A
$GNGSA,A,3,31,22,20,14,,,,,,,,,1.57,1.00,1.21,1*04
$GNGSA,A,3,65,74,,,,,,,,,,,1.57,1.00,1.21,2*02
$GNGSA,A,3,,,,,,,,,,,,,1.57,1.00,1.21,3*03
$GNGSA,A,3,08,03,04,05,,,,,,,,,1.57,1.00,1.21,4*0E
$GPGSV,3,1,11,16,01,181,,31,74,218,38.8,22,37,137,39.0,30,35,078,,1*60
$GPGSV,3,2,11,01,33,313,,05,23,052,,11,22,285,,12,15,045,,1*6F
$GPGSV,3,3,11,20,09,315,39.1,18,05,136,,14,57,052,39.0,1*51
$GLGSV,1,1,04,82,20,088,,65,62,253,39.4,72,14,332,,74,14,261,38.9,1*7A
$GAGSV,1,1,00,7*73
$GBGSV,3,1,10,14,03,237,,08,73,345,39.2,09,56,268,,03,43,190,38.5,1*77
$GBGSV,3,2,10,01,38,147,,02,30,229,,04,27,124,37.8,12,20,245,,1*60
$GBGSV,3,3,10,05,15,248,37.6,06,75,329,,1*68
$GNRMC,024812.000,A,3900.0010,N,11613.9776,E,0.01,168.23,280612,,,A,V*07
$GNVTG,168.23,T,,M,0.01,N,0.02,K,A*2E
$GNZDA,024812.000,28,06,2012,,*48
$GNGGA,024813.000,3900.0010,N,11613.9777,E,1,10,1.00,-7.6,M,-6.8,M,,*40
$PAIRACC,4.13,8.63*40
$GNGLL,3900.0010,N,11613.9777,E,024813.000,A,A*4A
$GNGSA,A,3,31,22,20,14,,,,,,,,,1.57,1.00,1.21,1*04
$GNGSA,A,3,65,74,,,,,,,,,,,1.57,1.00,1.21,2*02
$GNGSA,A,3,,,,,,,,,,,,,1.57,1.00,1.21,3*03
$GNGSA,A,3,08,03,04,05,,,,,,,,,1.57,1.00,1.21,4*0E
$GPGSV,3,1,11,16,01,181,,31,74,218,39.0,22,37,137,39.0,30,35,078,,1*69
$GPGSV,3,2,11,01,33,313,,05,23,052,,11,22,285,,12,15,045,,1*6F
$GPGSV,3,3,11,20,09,315,38.6,18,05,136,,14,57,052,38.5,1*53
$GLGSV,1,1,04,82,20,088,,65,62,253,39.8,74,15,262,39.4,72,14,332,,1*78
$GAGSV,1,1,00,7*73
$GBGSV,3,1,10,14,03,237,,08,73,345,39.1,09,56,268,,03,43,190,38.6,1*77
$GBGSV,3,2,10,01,38,147,,02,30,229,,04,27,124,37.8,12,20,245,,1*60
$GBGSV,3,3,10,05,15,248,38.2,06,75,329,,1*63
$GNRMC,024813.000,A,3900.0010,N,11613.9777,E,0.01,137.51,280612,,,A,V*08
$GNVTG,137.51,T,,M,0.01,N,0.02,K,A*21
$GNZDA,024813.000,28,06,2012,,*49
$GNGGA,024814.000,3900.0010,N,11613.9776,E,1,10,1.00,-7.6,M,-6.8,M,,*46
$PAIRACC,4.14,8.62*46
$GNGLL,3900.0010,N,11613.9776,E,024814.000,A,A*4C
$GNGSA,A,3,31,22,20,14,,,,,,,,,1.57,1.00,1.21,1*04
$GNGSA,A,3,65,74,,,,,,,,,,,1.57,1.00,1.21,2*02
$GNGSA,A,3,,,,,,,,,,,,,1.57,1.00,1.21,3*03
$GNGSA,A,3,08,03,04,05,,,,,,,,,1.57,1.00,1.21,4*0E
$GPGSV,3,1,11,16,01,181,,31,74,218,38.7,22,37,137,38.5,30,35,078,,1*6B
$GPGSV,3,2,11,01,33,313,,05,23,052,,11,22,285,,12,15,045,,1*6F
$GPGSV,3,3,11,20,09,315,38.3,18,05,136,,14,57,052,38.5,1*56
$GLGSV,1,1,04,82,20,088,,65,62,253,39.9,74,15,262,38.9,72,14,332,,1*75
$GAGSV,1,1,00,7*73
$GBGSV,3,1,10,14,03,237,,08,73,345,38.9,09,56,268,,03,43,190,38.5,1*7D
$GBGSV,3,2,10,01,38,147,,02,30,229,,04,27,124,38.2,12,20,245,,1*65
$GBGSV,3,3,10,05,15,248,38.6,06,75,329,,1*67
$GNRMC,024814.000,A,3900.0010,N,11613.9776,E,0.01,170.38,280612,,,A,V*02
$GNVTG,170.38,T,,M,0.01,N,0.01,K,A*2E
$GNZDA,024814.000,28,06,2012,,*4E
$GNGGA,024815.000,3900.0010,N,11613.9776,E,1,10,1.00,-7.6,M,-6.8,M,,*47
$PAIRACC,4.11,8.54*46
$GNGLL,3900.0010,N,11613.9776,E,024815.000,A,A*4D
$GNGSA,A,3,31,22,20,14,,,,,,,,,1.57,1.00,1.21,1*04
$GNGSA,A,3,65,74,,,,,,,,,,,1.57,1.00,1.21,2*02
$GNGSA,A,3,,,,,,,,,,,,,1.57,1.00,1.21,3*03
$GNGSA,A,3,08,03,04,05,,,,,,,,,1.57,1.00,1.21,4*0E
$GPGSV,3,1,11,16,01,181,,31,74,218,39.2,22,37,137,38.7,30,35,078,,1*6D
$GPGSV,3,2,11,01,33,313,,05,23,052,,11,22,285,,12,15,045,,1*6F
$GPGSV,3,3,11,20,09,315,38.2,18,05,136,,14,57,052,39.2,1*51
$GLGSV,1,1,04,82,20,088,,65,62,253,39.5,74,15,262,39.2,72,14,332,,1*73
$GAGSV,1,1,00,7*73
$GBGSV,3,1,10,14,03,237,,08,73,345,38.9,09,56,268,,03,43,190,38.6,1*7E
$GBGSV,3,2,10,01,38,147,,02,30,229,,04,27,124,37.3,12,20,245,,1*6B
$GBGSV,3,3,10,05,15,248,38.0,06,75,329,,1*61
$GNRMC,024815.000,A,3900.0010,N,11613.9776,E,0.01,146.41,280612,,,A,V*08
$GNVTG,146.41,T,,M,0.01,N,0.01,K,A*25
$GNZDA,024815.000,28,06,2012,,*4F
$GNGGA,024816.000,3900.0010,N,11613.9777,E,1,10,1.00,-7.6,M,-6.8,M,,*45
$PAIRACC,4.18,8.65*4D
$GNGLL,3900.0010,N,11613.9777,E,024816.000,A,A*4F
$GNGSA,A,3,31,22,20,14,,,,,,,,,1.57,1.00,1.21,1*04
$GNGSA,A,3,65,74,,,,,,,,,,,1.57,1.00,1.21,2*02
$GNGSA,A,3,,,,,,,,,,,,,1.57,1.00,1.21,3*03
$GNGSA,A,3,08,03,04,05,,,,,,,,,1.57,1.00,1.21,4*0E
$GPGSV,3,1,11,16,01,181,,31,74,218,38.6,22,37,137,39.2,30,35,078,,1*6C
$GPGSV,3,2,11,01,33,313,,05,23,052,,11,22,285,,12,15,045,,1*6F
$GPGSV,3,3,11,20,09,315,38.5,18,05,136,,14,57,052,38.7,1*52
$GLGSV,1,1,04,82,20,088,,65,62,253,39.3,74,15,262,39.2,72,14,332,,1*75
$GAGSV,1,1,00,7*73
$GBGSV,3,1,10,14,03,237,,08,73,345,38.8,09,56,268,,03,43,190,38.5,1*7C
$GBGSV,3,2,10,01,38,147,,02,30,229,,04,27,124,37.7,12,20,245,,1*6F
$GBGSV,3,3,10,05,15,248,37.8,06,75,329,,1*66
$GNRMC,024816.000,A,3900.0010,N,11613.9777,E,0.01,129.80,280612,,,A,V*0E
$GNVTG,129.80,T,,M,0.01,N,0.01,K,A*21
$GNZDA,024816.000,28,06,2012,,*4C
$GNGGA,024817.000,3900.0010,N,11613.9777,E,1,10,1.00,-7.6,M,-6.8,M,,*44
$PAIRACC,4.19,8.64*4D
$GNGLL,3900.0010,N,11613.9777,E,024817.000,A,A*4E
$GNGSA,A,3,31,22,20,14,,,,,,,,,1.57,1.00,1.21,1*04
$GNGSA,A,3,65,74,,,,,,,,,,,1.57,1.00,1.21,2*02
$GNGSA,A,3,,,,,,,,,,,,,1.57,1.00,1.21,3*03
$GNGSA,A,3,08,03,04,05,,,,,,,,,1.57,1.00,1.21,4*0E
$GPGSV,3,1,11,16,01,181,,31,74,218,38.4,22,37,137,38.7,30,35,078,,1*6A
$GPGSV,3,2,11,01,33,313,,05,23,052,,11,22,285,,12,15,045,,1*6F
$GPGSV,3,3,11,20,09,315,38.2,18,05,136,,14,57,052,38.7,1*55
$GLGSV,1,1,04,82,20,088,,65,62,253,39.3,74,15,262,39.0,72,14,332,,1*77
$GAGSV,1,1,00,7*73
$GBGSV,3,1,10,14,03,237,,08,73,345,39.0,09,56,268,,03,43,190,38.9,1*79
$GBGSV,3,2,10,01,38,147,,02,30,229,,04,27,124,38.5,12,20,245,,1*62
$GBGSV,3,3,10,05,15,248,38.3,06,75,329,,1*62
$GNRMC,024817.000,A,3900.0010,N,11613.9777,E,0.01,150.90,280612,,,A,V*00
$GNVTG,150.90,T,,M,0.01,N,0.01,K,A*2E
$GNZDA,024817.000,28,06,2012,,*4D
$GNGGA,024818.000,3900.0010,N,11613.9777,E,1,10,1.00,-7.6,M,-6.8,M,,*4B
$PAIRACC,4.13,8.59*49
$GNGLL,3900.0010,N,11613.9777,E,024818.000,A,A*41
$GNGSA,A,3,31,22,20,14,,,,,,,,,1.57,1.00,1.21,1*04
$GNGSA,A,3,65,74,,,,,,,,,,,1.57,1.00,1.21,2*02
$GNGSA,A,3,,,,,,,,,,,,,1.57,1.00,1.21,3*03
$GNGSA,A,3,08,03,04,05,,,,,,,,,1.57,1.00,1.21,4*0E
$GPGSV,3,1,11,16,01,181,,31,74,218,38.9,22,37,137,39.2,30,35,078,,1*63
$GPGSV,3,2,11,01,33,313,,05,23,052,,11,22,285,,12,15,045,,1*6F
$GPGSV,3,3,11,20,09,315,38.4,18,05,136,,14,57,052,38.8,1*5C
$GLGSV,1,1,04,82,20,088,,65,62,253,38.9,74,15,262,39.1,72,14,332,,1*7D
$GAGSV,1,1,00,7*73
$GBGSV,3,1,10,14,03,237,,08,73,345,38.8,09,56,268,,03,43,190,38.5,1*7C
$GBGSV,3,2,10,01,38,147,,02,30,229,,04,27,124,37.9,12,20,245,,1*61
$GBGSV,3,3,10,05,15,248,37.5,06,75,329,,1*6B
$GNRMC,024818.000,A,3900.0010,N,11613.9777,E,0.01,142.05,280612,,,A,V*00
$GNVTG,142.05,T,,M,0.01,N,0.01,K,A*21
$GNZDA,024818.000,28,06,2012,,*42
$GNGGA,024819.000,3900.0009,N,11613.9777,E,1,10,1.00,-7.7,M,-6.8,M,,*43
$PAIRACC,4.22,8.84*4B
$GNGLL,3900.0009,N,11613.9777,E,024819.000,A,A*48
$GNGSA,A,3,31,22,20,14,,,,,,,,,1.57,1.00,1.21,1*04
$GNGSA,A,3,65,74,,,,,,,,,,,1.57,1.00,1.21,2*02
$GNGSA,A,3,,,,,,,,,,,,,1.57,1.00,1.21,3*03
$GNGSA,A,3,08,03,04,05,,,,,,,,,1.57,1.00,1.21,4*0E
$GPGSV,3,1,11,16,01,181,,31,74,218,38.8,22,37,137,38.3,30,35,078,,1*62
$GPGSV,3,2,11,01,33,313,,05,23,052,,11,22,285,,12,15,045,,1*6F
$GPGSV,3,3,11,20,09,315,38.2,18,05,136,,14,57,052,39.2,1*51
$GLGSV,1,1,04,82,20,088,,65,62,253,39.1,74,15,262,38.5,72,14,332,,1*71
$GAGSV,1,1,00,7*73
$GBGSV,3,1,10,14,03,237,,08,73,345,39.1,09,56,268,,03,43,190,38.7,1*76
$GBGSV,3,2,10,01,38,147,,02,30,229,,04,27,124,37.6,12,20,245,,1*6E
$GBGSV,3,3,10,05,15,248,37.8,06,75,329,,1*66
$GNRMC,024819.000,A,3900.0009,N,11613.9777,E,0.01,155.02,280612,,,A,V*08
$GNVTG,155.02,T,,M,0.01,N,0.01,K,A*20
$GNZDA,024819.000,28,06,2012,,*43
$GNGGA,024820.000,3900.0009,N,11613.9777,E,1,10,1.00,-7.7,M,-6.8,M,,*49
$PAIRACC,4.17,8.55*41
$GNGLL,3900.0009,N,11613.9777,E,024820.000,A,A*42
$GNGSA,A,3,31,22,20,14,,,,,,,,,1.57,1.00,1.21,1*04
$GNGSA,A,3,65,74,,,,,,,,,,,1.57,1.00,1.21,2*02
$GNGSA,A,3,,,,,,,,,,,,,1.57,1.00,1.21,3*03
$GNGSA,A,3,08,03,04,05,,,,,,,,,1.57,1.00,1.21,4*0E
$GPGSV,3,1,11,16,01,181,,31,74,218,38.8,22,37,137,38.6,30,35,078,,1*67
$GPGSV,3,2,11,01,33,313,,05,23,052,,11,22,285,,12,15,045,,1*6F
$GPGSV,3,3,11,20,09,315,38.1,18,05,136,,14,57,052,39.3,1*53
$GLGSV,1,1,04,82,20,088,,65,62,253,39.3,74,15,262,39.0,72,14,332,,1*77
$GAGSV,1,1,00,7*73
$GBGSV,3,1,10,14,03,237,,08,73,345,39.1,09,56,268,,03,43,190,38.8,1*79
$GBGSV,3,2,10,01,38,147,,02,30,229,,04,27,124,38.5,12,20,245,,1*62
$GBGSV,3,3,10,05,15,248,38.4,06,75,329,,1*65
$GNRMC,024820.000,A,3900.0009,N,11613.9777,E,0.01,148.34,280612,,,A,V*0B
$GNVTG,148.34,T,,M,0.01,N,0.01,K,A*29
$GNZDA,024820.000,28,06,2012,,*49
$GNGGA,024821.000,3900.0009,N,11613.9777,E,1,10,1.00,-7.7,M,-6.8,M,,*48
$PAIRACC,4.10,8.54*47
$GNGLL,3900.0009,N,11613.9777,E,024821.000,A,A*43
$GNGSA,A,3,31,22,20,14,,,,,,,,,1.57,1.00,1.21,1*04
$GNGSA,A,3,65,74,,,,,,,,,,,1.57,1.00,1.21,2*02
$GNGSA,A,3,,,,,,,,,,,,,1.57,1.00,1.21,3*03
$GNGSA,A,3,08,03,04,05,,,,,,,,,1.57,1.00,1.21,4*0E
$GPGSV,3,1,11,16,01,181,,31,74,218,39.1,22,37,137,38.8,30,35,078,,1*61
$GPGSV,3,2,11,01,33,313,,05,23,052,,11,22,285,,12,15,045,,1*6F
$GPGSV,3,3,11,20,09,315,38.9,18,05,136,,14,57,052,39.0,1*58
$GLGSV,1,1,04,82,21,087,,65,62,253,39.2,74,15,262,39.5,72,14,332,,1*7D
$GAGSV,1,1,00,7*73
$GBGSV,3,1,10,14,03,237,,08,73,345,39.3,09,56,268,,03,43,190,38.6,1*75
$GBGSV,3,2,10,01,38,147,,02,30,229,,04,27,124,37.6,12,20,245,,1*6E
$GBGSV,3,3,10,05,15,248,37.9,06,75,329,,1*67
$GNRMC,024821.000,A,3900.0009,N,11613.9777,E,0.01,134.53,280612,,,A,V*00
$GNVTG,134.53,T,,M,0.01,N,0.01,K,A*23
$GNZDA,024821.000,28,06,2012,,*48
$GNGGA,024822.000,3900.0009,N,11613.9777,E,1,10,1.00,-7.7,M,-6.8,M,,*4B
$PAIRACC,4.12,8.62*40
$GNGLL,3900.0009,N,11613.9777,E,024822.000,A,A*40
$GNGSA,A,3,31,22,20,14,,,,,,,,,1.57,1.00,1.21,1*04
$GNGSA,A,3,65,74,,,,,,,,,,,1.57,1.00,1.21,2*02
$GNGSA,A,3,,,,,,,,,,,,,1.57,1.00,1.21,3*03
$GNGSA,A,3,08,03,04,05,,,,,,,,,1.57,1.00,1.21,4*0E
$GPGSV,3,1,11,16,01,181,,31,74,218,39.1,22,37,137,38.6,30,35,078,,1*6F
$GPGSV,3,2,11,01,33,313,,05,23,052,,11,22,285,,12,15,045,,1*6F
$GPGSV,3,3,11,20,09,315,38.7,18,05,136,,14,57,052,38.8,1*5F
$GLGSV,1,1,04,82,21,087,,65,62,253,39.2,74,15,262,39.6,72,14,332,,1*7E
$GAGSV,1,1,00,7*73
$GBGSV,3,1,10,14,03,237,,08,73,345,38.8,09,56,268,,03,43,190,38.7,1*7E
$GBGSV,3,2,10,01,38,147,,02,30,229,,04,27,124,37.2,12,20,245,,1*6A
$GBGSV,3,3,10,05,15,248,37.5,06,75,329,,1*6B
$GNRMC,024822.000,A,3900.0009,N,11613.9777,E,0.01,124.49,280612,,,A,V*09
$GNVTG,124.49,T,,M,0.01,N,0.01,K,A*29
$GNZDA,024822.000,28,06,2012,,*4B
$GNGGA,024823.000,3900.0009,N,11613.9777,E,1,10,1.00,-7.7,M,-6.8,M,,*4A
$PAIRACC,4.11,8.64*45
$GNGLL,3900.0009,N,11613.9777,E,024823.000,A,A*41
$GNGSA,A,3,31,22,20,14,,,,,,,,,1.57,1.00,1.21,1*04
$GNGSA,A,3,65,74,,,,,,,,,,,1.57,1.00,1.21,2*02
$GNGSA,A,3,,,,,,,,,,,,,1.57,1.00,1.21,3*03
$GNGSA,A,3,08,03,04,05,,,,,,,,,1.57,1.00,1.21,4*0E
$GPGSV,3,1,11,16,01,181,,31,74,218,38.7,22,37,137,39.2,30,35,078,,1*6D
$GPGSV,3,2,11,01,33,313,,05,23,052,,11,22,285,,12,15,045,,1*6F
$GPGSV,3,3,11,20,09,315,38.6,18,05,136,,14,57,052,39.3,1*54
$GLGSV,1,1,04,82,21,087,,65,62,253,39.2,74,15,262,39.4,72,14,332,,1*7C
$GAGSV,1,1,00,7*73
$GBGSV,3,1,10,14,03,237,,08,73,345,39.0,09,56,268,,03,43,190,38.4,1*74
$GBGSV,3,2,10,01,38,147,,02,30,229,,04,27,124,38.3,12,20,245,,1*64
$GBGSV,3,3,10,05,15,248,38.7,06,75,329,,1*66
$GNRMC,024823.000,A,3900.0009,N,11613.9777,E,0.01,137.96,280612,,,A,V*08
$GNVTG,137.96,T,,M,0.01,N,0.01,K,A*29
$GNZDA,024823.000,28,06,2012,,*4A
$GNGGA,024824.000,3900.0009,N,11613.9777,E,1,10,1.00,-7.7,M,-6.8,M,,*4D
$PAIRACC,4.24,8.62*45
$GNGLL,3900.0009,N,11613.9777,E,024824.000,A,A*46
$GNGSA,A,3,31,22,20,14,,,,,,,,,1.57,1.00,1.21,1*04
$GNGSA,A,3,65,74,,,,,,,,,,,1.57,1.00,1.21,2*02
$GNGSA,A,3,,,,,,,,,,,,,1.57,1.00,1.21,3*03
$GNGSA,A,3,08,03,04,05,,,,,,,,,1.57,1.00,1.21,4*0E
$GPGSV,3,1,11,16,01,181,,31,74,218,38.5,22,37,137,38.9,30,35,078,,1*65
$GPGSV,3,2,11,01,33,313,,05,23,052,,11,22,285,,12,15,045,,1*6F
$GPGSV,3,3,11,20,09,315,38.8,18,05,136,,14,57,052,39.1,1*58
$GLGSV,1,1,04,82,21,087,,65,62,253,38.9,74,15,262,39.5,72,14,332,,1*77
$GAGSV,1,1,00,7*73
$GBGSV,3,1,10,14,03,237,,08,73,345,38.9,09,56,268,,03,43,190,38.5,1*7D
$GBGSV,3,2,10,01,38,147,,02,30,229,,04,27,124,37.8,12,20,245,,1*60
$GBGSV,3,3,10,05,15,248,37.8,06,75,329,,1*66
$GNRMC,024824.000,A,3900.0009,N,11613.9777,E,0.01,118.72,280612,,,A,V*08
$GNVTG,118.72,T,,M,0.01,N,0.01,K,A*2E
$GNZDA,024824.000,28,06,2012,,*4D
$GNGGA,024825.000,3900.0009,N,11613.9777,E,1,10,1.00,-7.7,M,-6.8,M,,*4C
$PAIRACC,4.13,8.60*43
$GNGLL,3900.0009,N,11613.9777,E,024825.000,A,A*47
$GNGSA,A,3,31,22,20,14,,,,,,,,,1.57,1.00,1.21,1*04
$GNGSA,A,3,65,74,,,,,,,,,,,1.57,1.00,1.21,2*02
$GNGSA,A,3,,,,,,,,,,,,,1.57,1.00,1.21,3*03
$GNGSA,A,3,08,03,04,05,,,,,,,,,1.57,1.00,1.21,4*0E
$GPGSV,3,1,11,16,01,181,,31,74,218,38.7,22,37,137,39.0,30,35,078,,1*6F
$GPGSV,3,2,11,01,33,313,,05,23,052,,11,22,285,,12,15,045,,1*6F
$GPGSV,3,3,11,20,09,315,38.7,18,05,136,,14,57,052,39.1,1*57
$GLGSV,1,1,04,82,21,087,,65,62,253,39.3,74,15,262,38.9,72,14,332,,1*71
$GAGSV,1,1,00,7*73
$GBGSV,3,1,10,14,03,237,,08,73,345,39.0,09,56,268,,03,43,190,38.6,1*76
$GBGSV,3,2,10,01,38,147,,02,30,229,,04,27,124,37.1,12,20,245,,1*69
$GBGSV,3,3,10,05,15,248,38.2,06,75,329,,1*63
$GNRMC,024825.000,A,3900.0009,N,11613.9777,E,0.01,124.36,280612,,,A,V*06
$GNVTG,124.36,T,,M,0.01,N,0.01,K,A*21
$GNZDA,024825.000,28,06,2012,,*4C
$GNGGA,024826.000,3900.0009,N,11613.9777,E,1,10,1.00,-7.7,M,-6.8,M,,*4F
$PAIRACC,4.10,8.53*40
$GNGLL,3900.0009,N,11613.9777,E,024826.000,A,A*44
$GNGSA,A,3,31,22,20,14,,,,,,,,,1.57,1.00,1.21,1*04
$GNGSA,A,3,65,74,,,,,,,,,,,1.57,1.00,1.21,2*02
$GNGSA,A,3,,,,,,,,,,,,,1.57,1.00,1.21,3*03
$GNGSA,A,3,08,03,04,05,,,,,,,,,1.57,1.00,1.21,4*0E
$GPGSV,3,1,11,16,01,181,,31,74,218,39.0,22,37,137,38.8,30,35,078,,1*60
$GPGSV,3,2,11,01,33,313,,05,23,052,,11,22,285,,12,15,045,,1*6F
$GPGSV,3,3,11,20,09,315,38.7,18,05,136,,14,57,052,39.2,1*54
$GLGSV,1,1,04,82,21,087,,65,62,253,39.3,74,15,262,39.0,72,14,332,,1*79
$GAGSV,1,1,00,7*73
$GBGSV,3,1,10,14,03,237,,08,73,345,39.2,09,56,268,,03,43,190,38.4,1*76
$GBGSV,3,2,10,01,38,147,,02,30,229,,04,27,124,38.3,12,20,245,,1*64
$GBGSV,3,3,10,05,15,248,38.6,06,75,329,,1*67
$GNRMC,024826.000,A,3900.0009,N,11613.9777,E,0.01,133.64,280612,,,A,V*04
$GNVTG,133.64,T,,M,0.01,N,0.01,K,A*20
$GNZDA,024826.000,28,06,2012,,*4F
$GNGGA,024827.000,3900.0009,N,11613.9777,E,1,10,1.00,-7.7,M,-6.8,M,,*4E
$PAIRACC,4.14,8.67*43
$GNGLL,3900.0009,N,11613.9777,E,024827.000,A,A*45
$GNGSA,A,3,31,22,20,14,,,,,,,,,1.57,1.00,1.21,1*04
$GNGSA,A,3,65,74,,,,,,,,,,,1.57,1.00,1.21,2*02
$GNGSA,A,3,,,,,,,,,,,,,1.57,1.00,1.21,3*03
$GNGSA,A,3,08,03,04,05,,,,,,,,,1.57,1.00,1.21,4*0E
$GPGSV,3,1,11,16,01,181,,31,74,218,38.7,22,37,137,38.9,30,35,078,,1*67
$GPGSV,3,2,11,01,33,313,,05,23,052,,11,22,285,,12,15,045,,1*6F
$GPGSV,3,3,11,20,09,315,38.7,18,05,136,,14,57,052,39.2,1*54
$GLGSV,1,1,04,82,21,087,,65,62,253,39.1,74,15,262,39.3,72,14,332,,1*78
$GAGSV,1,1,00,7*73
$GBGSV,3,1,10,14,03,237,,08,73,345,38.8,09,56,268,,03,43,190,39.0,1*78
$GBGSV,3,2,10,01,38,147,,02,30,229,,04,27,124,37.5,12,20,245,,1*6D
$GBGSV,3,3,10,05,15,248,37.8,06,75,329,,1*66
$GNRMC,024827.000,A,3900.0009,N,11613.9777,E,0.01,114.81,280612,,,A,V*0B
$GNVTG,114.81,T,,M,0.01,N,0.01,K,A*2E
$GNZDA,024827.000,28,06,2012,,*4E
$GNGGA,024828.000,3900.0009,N,11613.9777,E,1,10,1.00,-7.7,M,-6.8,M,,*41
$PAIRACC,4.11,8.59*4B
$GNGLL,3900.0009,N,11613.9777,E,024828.000,A,A*4A
$GNGSA,A,3,31,22,20,14,,,,,,,,,1.57,1.00,1.21,1*04
$GNGSA,A,3,65,74,,,,,,,,,,,1.57,1.00,1.21,2*02
$GNGSA,A,3,,,,,,,,,,,,,1.57,1.00,1.21,3*03
$GNGSA,A,3,08,03,04,05,,,,,,,,,1.57,1.00,1.21,4*0E
$GPGSV,3,1,11,16,01,181,,31,74,218,39.2,22,37,137,39.1,30,35,078,,1*6A
$GPGSV,3,2,11,01,33,313,,05,23,052,,11,22,285,,12,15,045,,1*6F
$GPGSV,3,3,11,20,09,315,38.6,18,05,136,,14,57,052,39.1,1*56
$GLGSV,1,1,04,82,21,087,,65,62,253,39.3,74,15,262,38.7,72,14,332,,1*7F
$GAGSV,1,1,00,7*73
$GBGSV,3,1,10,14,03,237,,08,73,345,38.5,09,56,268,,03,43,190,38.7,1*73
$GBGSV,3,2,10,01,38,147,,02,30,229,,04,27,124,37.6,12,20,245,,1*6E
$GBGSV,3,3,10,05,15,248,37.5,06,75,329,,1*6B
$GNRMC,024828.000,A,3900.0009,N,11613.9777,E,0.01,115.51,280612,,,A,V*08
$GNVTG,115.51,T,,M,0.01,N,0.01,K,A*22
$GNZDA,024828.000,28,06,2012,,*41
$GNGGA,024829.000,3900.0009,N,11613.9777,E,1,10,1.00,-7.7,M,-6.8,M,,*40
$PAIRACC,4.23,8.66*46
$GNGLL,3900.0009,N,11613.9777,E,024829.000,A,A*4B
$GNGSA,A,3,31,22,20,14,,,,,,,,,1.57,1.00,1.21,1*04
$GNGSA,A,3,65,74,,,,,,,,,,,1.57,1.00,1.21,2*02
$GNGSA,A,3,,,,,,,,,,,,,1.57,1.00,1.21,3*03
$GNGSA,A,3,08,03,04,05,,,,,,,,,1.57,1.00,1.21,4*0E
$GPGSV,3,1,11,16,01,181,,31,74,218,38.7,22,37,137,38.8,30,35,078,,1*66
$GPGSV,3,2,11,01,33,313,,05,23,052,,11,22,285,,12,15,045,,1*6F
$GPGSV,3,3,11,20,09,315,39.0,18,05,136,,14,57,052,38.8,1*59
$GLGSV,1,1,04,82,21,087,,65,62,253,39.3,74,15,262,38.8,72,14,332,,1*70
$GAGSV,1,1,00,7*73
$GBGSV,3,1,10,14,03,237,,08,73,345,39.1,09,56,268,,03,43,190,38.6,1*77
$GBGSV,3,2,10,01,38,147,,02,30,229,,04,27,124,38.6,12,20,245,,1*61
$GBGSV,3,3,10,05,15,248,38.7,06,75,329,,1*66
$GNRMC,024829.000,A,3900.0009,N,11613.9777,E,0.01,140.51,280612,,,A,V*09
$GNVTG,140.51,T,,M,0.01,N,0.01,K,A*22
$GNZDA,024829.000,28,06,2012,,*40
$GNGGA,024830.000,3900.0009,N,11613.9777,E,1,10,1.00,-7.7,M,-6.8,M,,*48
$PAIRACC,4.13,8.65*46
$GNGLL,3900.0009,N,11613.9777,E,024830.000,A,A*43
$GNGSA,A,3,31,22,20,14,,,,,,,,,1.57,1.00,1.21,1*04
$GNGSA,A,3,65,74,,,,,,,,,,,1.57,1.00,1.21,2*02
$GNGSA,A,3,,,,,,,,,,,,,1.57,1.00,1.21,3*03
$GNGSA,A,3,08,03,04,05,,,,,,,,,1.57,1.00,1.21,4*0E
$GPGSV,3,1,11,16,01,181,,31,74,218,39.2,22,37,137,39.4,30,35,078,,1*6F
$GPGSV,3,2,11,01,33,313,,05,23,052,,11,22,285,,12,15,045,,1*6F
$GPGSV,3,3,11,20,09,315,38.7,18,05,136,,14,57,052,39.4,1*52
$GLGSV,1,1,04,82,21,087,,65,62,253,39.0,74,15,262,39.1,72,14,332,,1*7B
$GAGSV,1,1,00,7*73
$GBGSV,3,1,10,14,03,237,,08,73,345,38.6,09,56,268,,03,43,190,38.6,1*71
$GBGSV,3,2,10,01,38,147,,02,30,229,,04,27,124,37.8,12,20,245,,1*60
$GBGSV,3,3,10,05,15,248,38.0,06,75,329,,1*61
$GNRMC,024830.000,A,3900.0009,N,11613.9777,E,0.00,117.73,280612,,,A,V*02
$GNVTG,117.73,T,,M,0.00,N,0.01,K,A*21
$GNZDA,024830.000,28,06,2012,,*48
$GNGGA,024831.000,3900.0009,N,11613.9777,E,1,10,1.00,-7.7,M,-6.8,M,,*49
$PAIRACC,4.23,8.66*46
$GNGLL,3900.0009,N,11613.9777,E,024831.000,A,A*42
$GNGSA,A,3,31,22,20,14,,,,,,,,,1.57,1.00,1.21,1*04
$GNGSA,A,3,65,74,,,,,,,,,,,1.57,1.00,1.21,2*02
$GNGSA,A,3,,,,,,,,,,,,,1.57,1.00,1.21,3*03
$GNGSA,A,3,08,03,04,05,,,,,,,,,1.57,1.00,1.21,4*0E
$GPGSV,3,1,11,16,01,181,,31,74,218,38.8,22,37,137,39.1,30,35,078,,1*61
$GPGSV,3,2,11,01,33,313,,05,23,052,,11,22,285,,12,15,045,,1*6F
$GPGSV,3,3,11,20,09,315,38.7,18,05,136,,14,57,052,38.9,1*5E
$GLGSV,1,1,04,82,21,087,,65,62,253,39.2,74,15,262,39.1,72,14,332,,1*79
$GAGSV,1,1,00,7*73
$GBGSV,3,1,10,14,03,237,,08,73,345,38.8,09,56,268,,03,43,190,38.8,1*71
$GBGSV,3,2,10,01,38,147,,02,30,229,,04,27,124,37.6,12,20,245,,1*6E
$GBGSV,3,3,10,05,15,248,37.6,06,75,329,,1*68
$GNRMC,024831.000,A,3900.0009,N,11613.9777,E,0.00,131.74,280612,,,A,V*00
$GNVTG,131.74,T,,M,0.00,N,0.01,K,A*22
$GNZDA,024831.000,28,06,2012,,*49
$GNGGA,024832.000,3900.0009,N,11613.9777,E,1,10,1.00,-7.7,M,-6.8,M,,*4A
$PAIRACC,4.09,8.52*49
$GNGLL,3900.0009,N,11613.9777,E,024832.000,A,A*41
$GNGSA,A,3,31,22,20,14,,,,,,,,,1.57,1.00,1.21,1*04
$GNGSA,A,3,65,74,,,,,,,,,,,1.57,1.00,1.21,2*02
$GNGSA,A,3,,,,,,,,,,,,,1.57,1.00,1.21,3*03
$GNGSA,A,3,08,03,04,05,,,,,,,,,1.57,1.00,1.21,4*0E
$GPGSV,3,1,11,16,01,181,,31,74,218,39.0,22,37,137,39.2,30,35,078,,1*6B
$GPGSV,3,2,11,01,33,313,,05,23,052,,11,22,285,,12,15,045,,1*6F
$GPGSV,3,3,11,20,09,315,38.7,18,05,136,,14,57,052,39.1,1*57
$GLGSV,1,1,04,82,21,087,,65,62,253,39.3,74,15,262,38.9,72,14,332,,1*71
$GAGSV,1,1,00,7*73
$GBGSV,3,1,10,14,03,237,,08,73,345,38.4,09,56,268,,03,43,190,38.7,1*72
$GBGSV,3,2,10,01,38,147,,02,30,229,,04,27,124,38.7,12,20,245,,1*60
$GBGSV,3,3,10,05,15,248,38.4,06,75,329,,1*65
$GNRMC,024832.000,A,3900.0009,N,11613.9777,E,0.00,138.68,280612,,,A,V*07
$GNVTG,138.68,T,,M,0.00,N,0.01,K,A*26
$GNZDA,024832.000,28,06,2012,,*4A
$GNGGA,024833.000,3900.0009,N,11613.9777,E,1,10,1.00,-7.7,M,-6.8,M,,*4B
$PAIRACC,4.18,8.60*48
$GNGLL,3900.0009,N,11613.9777,E,024833.000,A,A*40
$GNGSA,A,3,31,22,20,14,,,,,,,,,1.57,1.00,1.21,1*04
$GNGSA,A,3,65,74,,,,,,,,,,,1.57,1.00,1.21,2*02
$GNGSA,A,3,,,,,,,,,,,,,1.57,1.00,1.21,3*03
$GNGSA,A,3,08,03,04,05,,,,,,,,,1.57,1.00,1.21,4*0E
$GPGSV,3,1,11,16,01,181,,31,74,218,38.6,22,37,137,38.9,30,35,078,,1*66
$GPGSV,3,2,11,01,33,313,,05,23,052,,11,22,285,,12,15,045,,1*6F
$GPGSV,3,3,11,20,09,315,38.6,18,05,136,,14,57,052,38.6,1*50
$GLGSV,1,1,04,82,21,087,,65,62,253,38.8,74,15,262,38.6,72,14,332,,1*74
$GAGSV,1,1,00,7*73
$GBGSV,3,1,10,14,03,237,,08,73,345,38.9,09,56,268,,03,43,190,38.4,1*7C
$GBGSV,3,2,10,01,38,147,,02,30,229,,04,27,124,37.4,12,20,245,,1*6C
$GBGSV,3,3,10,05,15,248,37.9,06,75,330,,1*6F
$GNRMC,024833.000,A,3900.0009,N,11613.9777,E,0.00,121.44,280612,,,A,V*00
$GNVTG,121.44,T,,M,0.00,N,0.01,K,A*20
$GNZDA,024833.000,28,06,2012,,*4B
$GNGGA,024834.000,3900.0009,N,11613.9777,E,1,10,1.00,-7.6,M,-6.8,M,,*4D
$PAIRACC,4.09,8.51*4A
$GNGLL,3900.0009,N,11613.9777,E,024834.000,A,A*47
$GNGSA,A,3,31,22,20,14,,,,,,,,,1.57,1.00,1.21,1*04
$GNGSA,A,3,65,74,,,,,,,,,,,1.57,1.00,1.21,2*02
$GNGSA,A,3,,,,,,,,,,,,,1.57,1.00,1.21,3*03
$GNGSA,A,3,08,03,04,05,,,,,,,,,1.57,1.00,1.21,4*0E
$GPGSV,3,1,11,16,01,181,,31,74,218,38.8,22,37,137,39.0,30,35,078,,1*60
$GPGSV,3,2,11,01,33,313,,05,23,052,,11,22,285,,12,15,045,,1*6F
$GPGSV,3,3,11,20,09,315,38.2,18,05,136,,14,57,052,39.0,1*53
$GLGSV,1,1,04,82,21,087,,65,62,253,39.3,74,15,262,39.6,72,14,332,,1*7F
$GAGSV,1,1,00,7*73
$GBGSV,3,1,10,14,03,237,,08,73,345,38.7,09,56,268,,03,43,190,38.6,1*70
$GBGSV,3,2,10,01,38,147,,02,30,229,,04,27,124,37.8,12,20,245,,1*60
$GBGSV,3,3,10,05,15,248,37.4,06,75,330,,1*62
$GNRMC,024834.000,A,3900.0009,N,11613.9777,E,0.00,112.48,280612,,,A,V*0B
$GNVTG,112.48,T,,M,0.00,N,0.01,K,A*2C
$GNZDA,024834.000,28,06,2012,,*4C
$GNGGA,024835.000,3900.0009,N,11613.9778,E,1,10,1.00,-7.6,M,-6.8,M,,*43
$PAIRACC,4.17,8.59*4D
$GNGLL,3900.0009,N,11613.9778,E,024835.000,A,A*49
$GNGSA,A,3,14,22,20,31,,,,,,,,,1.57,1.00,1.21,1*04
$GNGSA,A,3,74,65,,,,,,,,,,,1.57,1.00,1.21,2*02
$GNGSA,A,3,,,,,,,,,,,,,1.57,1.00,1.21,3*03
$GNGSA,A,3,08,03,04,05,,,,,,,,,1.57,1.00,1.21,4*0E
$GPGSV,2,1,06,14,57,052,38.7,22,37,137,39.1,05,23,052,,20,09,315,38.4,1*79
$GPGSV,2,2,06,18,05,136,,31,74,218,39.2,1*76
$GLGSV,1,1,04,82,21,087,,74,15,262,39.2,72,14,332,,65,62,253,39.1,1*79
$GAGSV,1,1,00,7*73
$GBGSV,3,1,10,14,03,237,,06,75,330,,08,73,346,39.4,09,56,268,,1*6A
$GBGSV,3,2,10,03,43,190,38.6,01,38,147,,02,30,229,,04,27,124,38.4,1*7E
$GBGSV,3,3,10,12,20,245,,05,15,248,38.1,1*6E
$GNRMC,024835.000,A,3900.0009,N,11613.9778,E,0.01,113.88,280612,,,A,V*09
$GNVTG,113.88,T,,M,0.01,N,0.01,K,A*20
$GNZDA,024835.000,28,06,2012,,*4D
$GNGGA,024836.000,3900.0009,N,11613.9778,E,1,10,1.00,-7.6,M,-6.8,M,,*40
$PAIRACC,4.12,8.71*42
$GNGLL,3900.0009,N,11613.9778,E,024836.000,A,A*4A
$GNGSA,A,3,31,22,20,14,,,,,,,,,1.57,1.00,1.21,1*04
$GNGSA,A,3,65,74,,,,,,,,,,,1.57,1.00,1.21,2*02
$GNGSA,A,3,,,,,,,,,,,,,1.57,1.00,1.21,3*03
$GNGSA,A,3,08,03,04,05,,,,,,,,,1.57,1.00,1.21,4*0E
$GPGSV,3,1,11,16,01,181,,31,74,218,38.7,22,37,137,39.2,30,35,078,,1*6D
$GPGSV,3,2,11,01,33,313,,05,23,052,,11,22,285,,12,15,045,,1*6F
$GPGSV,3,3,11,20,09,315,38.8,18,05,136,,14,57,052,39.2,1*5B
$GLGSV,1,1,04,82,21,087,,65,62,253,39.4,74,15,262,39.3,72,14,332,,1*7D
$GAGSV,1,1,00,7*73
$GBGSV,3,1,10,14,03,237,,08,73,346,38.9,09,56,269,,03,43,190,38.6,1*7C
$GBGSV,3,2,10,01,38,147,,02,30,229,,04,27,124,37.7,12,20,245,,1*6F
$GBGSV,3,3,10,05,15,248,37.8,06,75,330,,1*6E
$GNRMC,024836.000,A,3900.0009,N,11613.9778,E,0.01,126.62,280612,,,A,V*08
$GNVTG,126.62,T,,M,0.01,N,0.01,K,A*22
$GNZDA,024836.000,28,06,2012,,*4E
$GNGGA,024837.000,3900.0009,N,11613.9778,E,1,10,1.00,-7.6,M,-6.8,M,,*41
$PAIRACC,4.23,8.61*41
$GNGLL,3900.0009,N,11613.9778,E,024837.000,A,A*4B
$GNGSA,A,3,31,22,20,14,,,,,,,,,1.57,1.00,1.21,1*04
$GNGSA,A,3,65,74,,,,,,,,,,,1.57,1.00,1.21,2*02
$GNGSA,A,3,,,,,,,,,,,,,1.57,1.00,1.21,3*03
$GNGSA,A,3,08,03,04,05,,,,,,,,,1.57,1.00,1.21,4*0E
$GPGSV,3,1,11,16,01,181,,31,74,218,38.5,22,37,137,38.8,30,35,078,,1*64
$GPGSV,3,2,11,01,33,313,,05,23,052,,11,22,285,,12,15,045,,1*6F
$GPGSV,3,3,11,20,09,315,37.9,18,05,136,,14,57,052,38.8,1*5E
$GLGSV,1,1,04,82,21,087,,65,62,253,39.6,74,15,262,39.0,72,14,332,,1*7C
$GAGSV,1,1,00,7*73
$GBGSV,3,1,10,14,03,237,,08,73,346,39.2,09,56,269,,03,43,190,38.7,1*77
$GBGSV,3,2,10,01,38,147,,02,30,229,,04,27,124,37.7,12,20,245,,1*6F
$GBGSV,3,3,10,05,15,248,37.8,06,75,330,,1*6E
$GNRMC,024837.000,A,3900.0009,N,11613.9778,E,0.01,130.41,280612,,,A,V*0F
$GNVTG,130.41,T,,M,0.01,N,0.01,K,A*24
$GNZDA,024837.000,28,06,2012,,*4F
$GNGGA,024838.000,3900.0009,N,11613.9778,E,1,10,1.00,-7.6,M,-6.8,M,,*4E
$PAIRACC,4.08,8.51*4B
$GNGLL,3900.0009,N,11613.9778,E,024838.000,A,A*44
$GNGSA,A,3,31,22,20,14,,,,,,,,,1.57,1.00,1.21,1*04
$GNGSA,A,3,65,74,,,,,,,,,,,1.57,1.00,1.21,2*02
$GNGSA,A,3,,,,,,,,,,,,,1.57,1.00,1.21,3*03
$GNGSA,A,3,08,03,04,05,,,,,,,,,1.57,1.00,1.21,4*0E
$GPGSV,3,1,11,16,01,181,,31,74,218,39.1,22,37,137,39.0,30,35,078,,1*68
$GPGSV,3,2,11,01,33,313,,05,23,052,,11,22,285,,12,15,045,,1*6F
$GPGSV,3,3,11,20,09,315,38.3,18,05,136,,14,57,052,39.5,1*57
$GLGSV,1,1,04,82,21,087,,65,62,253,39.6,74,15,262,39.1,72,14,332,,1*7D
$GAGSV,1,1,00,7*73
$GBGSV,3,1,10,14,03,237,,08,73,346,39.2,09,56,269,,03,43,190,38.7,1*77
$GBGSV,3,2,10,01,38,147,,02,30,229,,04,27,124,38.1,12,20,245,,1*66
$GBGSV,3,3,10,05,15,248,38.8,06,75,330,,1*61
$GNRMC,024838.000,A,3900.0009,N,11613.9778,E,0.01,119.27,280612,,,A,V*0B
$GNVTG,119.27,T,,M,0.01,N,0.01,K,A*2F
$GNZDA,024838.000,28,06,2012,,*40
$GNGGA,024839.000,3900.0009,N,11613.9778,E,1,10,1.00,-7.6,M,-6.8,M,,*4F
$PAIRACC,4.20,8.67*44
$GNGLL,3900.0009,N,11613.9778,E,024839.000,A,A*45
$GNGSA,A,3,31,22,20,14,,,,,,,,,1.57,1.00,1.21,1*04
$GNGSA,A,3,65,74,,,,,,,,,,,1.57,1.00,1.21,2*02
$GNGSA,A,3,,,,,,,,,,,,,1.57,1.00,1.21,3*03
$GNGSA,A,3,08,03,04,05,,,,,,,,,1.57,1.00,1.21,4*0E
$GPGSV,3,1,11,16,01,181,,31,74,218,38.9,22,37,137,38.9,30,35,078,,1*69
$GPGSV,3,2,11,01,33,313,,05,23,052,,11,22,285,,12,15,045,,1*6F
$GPGSV,3,3,11,20,09,315,38.9,18,05,136,,14,57,052,39.1,1*59
$GLGSV,1,1,04,82,21,087,,65,62,253,39.2,74,15,262,39.1,72,14,332,,1*79
$GAGSV,1,1,00,7*73
$GBGSV,3,1,10,14,03,237,,08,73,346,39.1,09,56,269,,03,43,190,38.7,1*74
$GBGSV,3,2,10,01,38,147,,02,30,229,,04,27,124,37.7,12,21,246,,1*6D
$GBGSV,3,3,10,05,15,248,37.6,06,75,330,,1*60
$GNRMC,024839.000,A,3900.0009,N,11613.9778,E,0.01,137.75,280612,,,A,V*01
$GNVTG,137.75,T,,M,0.01,N,0.01,K,A*24
$GNZDA,024839.000,28,06,2012,,*41
$GNGGA,024840.000,3900.0009,N,11613.9778,E,1,10,1.00,-7.6,M,-6.8,M,,*41
$PAIRACC,4.19,8.71*49
$GNGLL,3900.0009,N,11613.9778,E,024840.000,A,A*4B
$GNGSA,A,3,31,22,20,14,,,,,,,,,1.57,1.00,1.21,1*04
$GNGSA,A,3,65,74,,,,,,,,,,,1.57,1.00,1.21,2*02
$GNGSA,A,3,,,,,,,,,,,,,1.57,1.00,1.21,3*03
$GNGSA,A,3,08,03,04,05,,,,,,,,,1.57,1.00,1.21,4*0E
$GPGSV,3,1,11,16,01,181,,31,74,218,38.8,22,37,137,38.9,30,35,078,,1*68
$GPGSV,3,2,11,01,33,313,,05,23,052,,11,22,285,,12,15,045,,1*6F
$GPGSV,3,3,11,20,09,315,38.6,18,05,136,,14,57,052,39.2,1*55
$GLGSV,1,1,04,82,21,087,,65,62,253,39.8,74,15,262,38.8,72,14,332,,1*7B
$GAGSV,1,1,00,7*73
$GBGSV,3,1,10,14,03,237,,08,73,346,39.2,09,56,269,,03,43,190,38.8,1*78
$GBGSV,3,2,10,01,38,147,,02,30,229,,04,27,124,37.5,12,21,246,,1*6F
$GBGSV,3,3,10,05,15,248,37.8,06,75,330,,1*6E
$GNRMC,024840.000,A,3900.0009,N,11613.9778,E,0.01,151.75,280612,,,A,V*0F
$GNVTG,151.75,T,,M,0.01,N,0.01,K,A*24
$GNZDA,024840.000,28,06,2012,,*4F
$GNGGA,024841.000,3900.0009,N,11613.9778,E,1,10,1.00,-7.6,M,-6.8,M,,*40
$PAIRACC,4.20,8.67*44
$GNGLL,3900.0009,N,11613.9778,E,024841.000,A,A*4A
$GNGSA,A,3,31,22,20,14,,,,,,,,,1.57,1.00,1.21,1*04
$GNGSA,A,3,65,74,,,,,,,,,,,1.57,1.00,1.21,2*02
$GNGSA,A,3,,,,,,,,,,,,,1.57,1.00,1.21,3*03
$GNGSA,A,3,08,03,04,05,,,,,,,,,1.57,1.00,1.21,4*0E
$GPGSV,3,1,11,16,01,181,,31,74,218,38.8,22,37,137,38.6,30,35,078,,1*67
$GPGSV,3,2,11,01,33,313,,05,23,052,,11,22,285,,12,15,045,,1*6F
$GPGSV,3,3,11,20,09,315,38.4,18,05,136,,14,57,052,39.3,1*56
$GLGSV,1,1,04,82,21,087,,65,62,253,39.3,74,15,262,38.9,72,14,332,,1*71
$GAGSV,1,1,00,7*73
$GBGSV,3,1,10,14,04,238,,08,73,346,39.1,09,56,269,,03,43,190,38.6,1*7D
$GBGSV,3,2,10,01,38,147,,02,30,229,,04,27,124,38.2,12,21,246,,1*67
$GBGSV,3,3,10,05,15,248,38.8,06,75,330,,1*61
$GNRMC,024841.000,A,3900.0009,N,11613.9778,E,0.01,144.98,280612,,,A,V*09
$GNVTG,144.98,T,,M,0.01,N,0.01,K,A*23
$GNZDA,024841.000,28,06,2012,,*4E
$GNGGA,024842.000,3900.0009,N,11613.9778,E,1,10,1.00,-7.6,M,-6.8,M,,*43
$PAIRACC,4.11,8.56*44
$GNGLL,3900.0009,N,11613.9778,E,024842.000,A,A*49
$GNGSA,A,3,31,22,20,14,,,,,,,,,1.57,1.00,1.21,1*04
$GNGSA,A,3,65,74,,,,,,,,,,,1.57,1.00,1.21,2*02
$GNGSA,A,3,,,,,,,,,,,,,1.57,1.00,1.21,3*03
$GNGSA,A,3,08,03,04,05,,,,,,,,,1.57,1.00,1.21,4*0E
$GPGSV,3,1,11,16,01,181,,31,74,218,38.7,22,37,137,38.8,30,35,078,,1*66
$GPGSV,3,2,11,01,33,313,,05,23,052,,11,22,285,,12,15,045,,1*6F
$GPGSV,3,3,11,20,09,315,38.6,18,05,136,,14,57,052,39.0,1*57
$GLGSV,1,1,04,82,21,087,,65,62,253,39.1,74,15,262,39.1,72,14,332,,1*7A
$GAGSV,1,1,00,7*73
$GBGSV,3,1,10,14,04,238,,08,73,346,39.2,09,56,269,,03,43,190,38.8,1*70
$GBGSV,3,2,10,01,38,147,,02,30,229,,04,27,124,37.8,12,21,246,,1*62
$GBGSV,3,3,10,05,15,248,37.8,06,75,330,,1*6E
$GNRMC,024842.000,A,3900.0009,N,11613.9778,E,0.01,143.86,280612,,,A,V*02
$GNVTG,143.86,T,,M,0.01,N,0.01,K,A*2B
$GNZDA,024842.000,28,06,2012,,*4D
$GNGGA,024843.000,3900.0009,N,11613.9778,E,1,10,1.00,-7.6,M,-6.8,M,,*42
$PAIRACC,4.11,8.59*4B
$GNGLL,3900.0009,N,11613.9778,E,024843.000,A,A*48
$GNGSA,A,3,31,22,20,14,,,,,,,,,1.57,1.00,1.21,1*04
$GNGSA,A,3,65,74,,,,,,,,,,,1.57,1.00,1.21,2*02
$GNGSA,A,3,,,,,,,,,,,,,1.57,1.00,1.21,3*03
$GNGSA,A,3,08,03,04,05,,,,,,,,,1.57,1.00,1.21,4*0E
$GPGSV,3,1,11,16,01,181,,31,74,218,38.9,22,37,137,39.0,30,35,078,,1*61
$GPGSV,3,2,11,01,33,313,,05,23,052,,11,22,285,,12,15,045,,1*6F
$GPGSV,3,3,11,20,09,315,38.6,18,05,136,,14,57,052,39.1,1*56
$GLGSV,1,1,04,82,21,087,,65,62,253,39.2,74,15,262,39.3,72,14,332,,1*7B
$GAGSV,1,1,00,7*73
$GBGSV,3,1,10,14,04,238,,08,73,346,38.9,09,56,269,,03,43,190,38.5,1*77
$GBGSV,3,2,10,01,38,147,,02,30,229,,04,27,124,37.7,12,21,246,,1*6D
$GBGSV,3,3,10,05,15,248,38.0,06,75,330,,1*69
$GNRMC,024843.000,A,3900.0009,N,11613.9778,E,0.01,124.57,280612,,,A,V*0E
$GNVTG,124.57,T,,M,0.01,N,0.01,K,A*26
$GNZDA,024843.000,28,06,2012,,*4C
$GNGGA,024844.000,3900.0009,N,11613.9778,E,1,10,1.00,-7.7,M,-6.8,M,,*44
$PAIRACC,4.11,8.57*45
$GNGLL,3900.0009,N,11613.9778,E,024844.000,A,A*4F
$GNGSA,A,3,31,22,20,14,,,,,,,,,1.57,1.00,1.21,1*04
$GNGSA,A,3,65,74,,,,,,,,,,,1.57,1.00,1.21,2*02
$GNGSA,A,3,,,,,,,,,,,,,1.57,1.00,1.21,3*03
$GNGSA,A,3,08,03,04,05,,,,,,,,,1.57,1.00,1.21,4*0E
$GPGSV,3,1,11,16,01,181,,31,74,218,38.2,22,37,137,38.9,30,35,078,,1*62
$GPGSV,3,2,11,01,33,313,,05,23,052,,11,22,285,,12,15,045,,1*6F
$GPGSV,3,3,11,20,09,315,38.5,18,05,136,,14,57,052,39.3,1*57
$GLGSV,1,1,04,82,21,087,,65,62,253,39.4,74,15,262,39.0,72,14,332,,1*7E
$GAGSV,1,1,00,7*73
$GBGSV,3,1,10,14,04,238,,08,73,346,39.2,09,56,269,,03,43,190,38.7,1*7F
$GBGSV,3,2,10,01,38,147,,02,30,229,,04,27,124,38.4,12,21,246,,1*61
$GBGSV,3,3,10,05,15,248,38.4,06,75,330,,1*6D
$GNRMC,024844.000,A,3900.0009,N,11613.9778,E,0.01,157.00,280612,,,A,V*0F
$GNVTG,157.00,T,,M,0.01,N,0.01,K,A*20
$GNZDA,024844.000,28,06,2012,,*4B
$GNGGA,024845.000,3900.0009,N,11613.9778,E,1,10,1.00,-7.7,M,-6.8,M,,*45
$PAIRACC,4.21,8.78*4B
$GNGLL,3900.0009,N,11613.9778,E,024845.000,A,A*4E
$GNGSA,A,3,31,22,20,14,,,,,,,,,1.57,1.00,1.21,1*04
$GNGSA,A,3,65,74,,,,,,,,,,,1.57,1.00,1.21,2*02
$GNGSA,A,3,,,,,,,,,,,,,1.57,1.00,1.21,3*03
$GNGSA,A,3,08,03,04,05,,,,,,,,,1.57,1.00,1.21,4*0E
$GPGSV,3,1,11,16,01,181,,31,74,218,38.7,22,37,137,39.4,30,35,078,,1*6B
$GPGSV,3,2,11,01,33,313,,05,23,052,,11,22,285,,12,15,045,,1*6F
$GPGSV,3,3,11,20,09,315,38.2,18,05,136,,14,57,052,39.1,1*52
$GLGSV,1,1,04,82,21,087,,65,62,253,39.1,74,15,262,38.8,72,14,332,,1*72
$GAGSV,1,1,00,7*73
$GBGSV,3,1,10,14,04,238,,08,73,346,39.0,09,56,269,,03,43,190,38.6,1*7C
$GBGSV,3,2,10,01,38,147,,02,30,229,,04,27,124,37.7,12,21,246,,1*6D
$GBGSV,3,3,10,05,15,248,38.2,06,75,330,,1*6B
$GNRMC,024845.000,A,3900.0009,N,11613.9778,E,0.01,138.65,280612,,,A,V*04
$GNVTG,138.65,T,,M,0.01,N,0.01,K,A*2A
$GNZDA,024845.000,28,06,2012,,*4A
$GNGGA,024846.000,3900.0009,N,11613.9778,E,1,10,1.00,-7.7,M,-6.8,M,,*46
$PAIRACC,4.17,8.61*46
$GNGLL,3900.0009,N,11613.9778,E,024846.000,A,A*4D
$GNGSA,A,3,31,22,20,14,,,,,,,,,1.57,1.00,1.21,1*04
$GNGSA,A,3,65,74,,,,,,,,,,,1.57,1.00,1.21,2*02
$GNGSA,A,3,,,,,,,,,,,,,1.57,1.00,1.21,3*03
$GNGSA,A,3,08,03,04,05,,,,,,,,,1.57,1.00,1.21,4*0E
$GPGSV,3,1,11,16,01,181,,31,74,218,38.8,22,37,137,38.8,30,35,078,,1*69
$GPGSV,3,2,11,01,33,313,,05,23,052,,11,22,285,,12,15,045,,1*6F
$GPGSV,3,3,11,20,09,315,38.6,18,05,136,,14,57,052,39.0,1*57
$GLGSV,1,1,04,82,21,087,,65,62,253,39.3,74,15,262,39.1,72,14,332,,1*78
$GAGSV,1,1,00,7*73
$GBGSV,3,1,10,14,04,238,,08,73,346,38.7,09,56,269,,03,43,190,38.6,1*7A
$GBGSV,3,2,10,01,38,147,,02,30,229,,04,27,124,37.8,12,21,246,,1*62
$GBGSV,3,3,10,05,15,248,38.5,06,75,330,,1*6C
$GNRMC,024846.000,A,3900.0009,N,11613.9778,E,0.01,143.49,280612,,,A,V*05
$GNVTG,143.49,T,,M,0.01,N,0.01,K,A*28
$GNZDA,024846.000,28,06,2012,,*49
$GNGGA,024847.000,3900.0009,N,11613.9778,E,1,10,1.00,-7.7,M,-6.8,M,,*47
$PAIRACC,4.21,8.79*4A
$GNGLL,3900.0009,N,11613.9778,E,024847.000,A,A*4C
$GNGSA,A,3,31,22,20,14,,,,,,,,,1.57,1.00,1.21,1*04
$GNGSA,A,3,65,74,,,,,,,,,,,1.57,1.00,1.21,2*02
$GNGSA,A,3,,,,,,,,,,,,,1.57,1.00,1.21,3*03
$GNGSA,A,3,08,03,04,05,,,,,,,,,1.57,1.00,1.21,4*0E
$GPGSV,3,1,11,16,01,181,,31,74,218,38.8,22,37,137,38.9,30,35,078,,1*68
$GPGSV,3,2,11,01,33,313,,05,23,052,,11,22,285,,12,15,045,,1*6F
$GPGSV,3,3,11,20,09,315,38.5,18,05,136,,14,57,052,38.7,1*52
$GLGSV,1,1,04,82,21,087,,65,62,253,39.7,74,15,262,38.6,72,14,332,,1*7A
$GAGSV,1,1,00,7*73
$GBGSV,3,1,10,14,04,238,,08,73,346,38.5,09,56,269,,03,43,190,38.6,1*78
$GBGSV,3,2,10,01,38,147,,02,30,229,,04,27,124,38.9,12,21,246,,1*6C
$GBGSV,3,3,10,05,15,248,38.9,06,75,330,,1*60
$GNRMC,024847.000,A,3900.0009,N,11613.9778,E,0.01,152.25,280612,,,A,V*0E
$GNVTG,152.25,T,,M,0.01,N,0.01,K,A*22
$GNZDA,024847.000,28,06,2012,,*48
$GNGGA,024848.000,3900.0009,N,11613.9778,E,1,10,1.00,-7.7,M,-6.8,M,,*48
$PAIRACC,4.08,8.51*4B
$GNGLL,3900.0009,N,11613.9778,E,024848.000,A,A*43
$GNGSA,A,3,31,22,20,14,,,,,,,,,1.57,1.00,1.21,1*04
$GNGSA,A,3,65,74,,,,,,,,,,,1.57,1.00,1.21,2*02
$GNGSA,A,3,,,,,,,,,,,,,1.57,1.00,1.21,3*03
$GNGSA,A,3,08,03,04,05,,,,,,,,,1.57,1.00,1.21,4*0E
$GPGSV,3,1,11,16,01,181,,31,74,218,38.5,22,37,137,38.5,30,35,078,,1*69
$GPGSV,3,2,11,01,33,313,,05,23,052,,11,22,285,,12,15,045,,1*6F
$GPGSV,3,3,11,20,09,315,38.4,18,05,136,,14,57,052,39.2,1*57
$GLGSV,1,1,04,82,21,087,,65,62,253,39.4,74,15,262,39.2,72,14,332,,1*7C
$GAGSV,1,1,00,7*73
$GBGSV,3,1,10,14,04,238,,08,73,346,38.9,09,56,269,,03,43,190,38.4,1*76
$GBGSV,3,2,10,01,38,147,,02,30,229,,04,27,124,38.1,12,21,246,,1*64
$GBGSV,3,3,10,05,15,248,38.1,06,75,330,,1*68
$GNRMC,024848.000,A,3900.0009,N,11613.9778,E,0.00,143.28,280612,,,A,V*0D
$GNVTG,143.28,T,,M,0.00,N,0.01,K,A*2E
$GNZDA,024848.000,28,06,2012,,*47
$GNGGA,024849.000,3900.0009,N,11613.9778,E,1,10,1.00,-7.7,M,-6.8,M,,*49
$PAIRACC,4.19,8.67*4E
$GNGLL,3900.0009,N,11613.9778,E,024849.000,A,A*42
$GNGSA,A,3,31,22,20,14,,,,,,,,,1.57,1.00,1.21,1*04
$GNGSA,A,3,65,74,,,,,,,,,,,1.57,1.00,1.21,2*02
$GNGSA,A,3,,,,,,,,,,,,,1.57,1.00,1.21,3*03
$GNGSA,A,3,08,03,04,05,,,,,,,,,1.57,1.00,1.21,4*0E
$GPGSV,3,1,11,16,01,181,,31,74,218,38.4,22,37,137,39.3,30,35,078,,1*6F
$GPGSV,3,2,11,01,33,313,,05,23,052,,11,22,285,,12,15,045,,1*6F
$GPGSV,3,3,11,20,09,315,38.5,18,05,136,,14,57,052,39.0,1*54
$GLGSV,1,1,04,82,21,087,,65,62,253,39.3,74,15,262,39.0,72,14,332,,1*79
$GAGSV,1,1,00,7*73
$GBGSV,3,1,10,14,04,238,,08,73,346,39.1,09,56,269,,03,43,190,38.5,1*7E
$GBGSV,3,2,10,01,38,147,,02,30,229,,04,27,124,37.8,12,21,246,,1*62
$GBGSV,3,3,10,05,15,248,37.8,06,75,330,,1*6E
$GNRMC,024849.000,A,3900.0009,N,11613.9778,E,0.01,141.77,280612,,,A,V*05
$GNVTG,141.77,T,,M,0.01,N,0.01,K,A*27
$GNZDA,024849.000,28,06,2012,,*46
$GNGGA,024850.000,3900.0009,N,11613.9778,E,1,10,1.00,-7.7,M,-6.8,M,,*41
$PAIRACC,4.14,8.54*43
$GNGLL,3900.0009,N,11613.9778,E,024850.000,A,A*4A
$GNGSA,A,3,31,22,20,14,,,,,,,,,1.57,1.00,1.21,1*04
$GNGSA,A,3,65,74,,,,,,,,,,,1.57,1.00,1.21,2*02
$GNGSA,A,3,,,,,,,,,,,,,1.57,1.00,1.21,3*03
$GNGSA,A,3,08,03,04,05,,,,,,,,,1.57,1.00,1.21,4*0E
$GPGSV,3,1,11,16,01,181,,31,74,218,39.1,22,37,137,39.3,30,35,078,,1*6B
$GPGSV,3,2,11,01,33,313,,05,23,052,,11,22,285,,12,15,045,,1*6F
$GPGSV,3,3,11,20,09,315,38.5,18,05,136,,14,57,052,38.8,1*5D
$GLGSV,1,1,04,82,21,087,,65,62,253,39.5,74,15,262,39.0,72,14,332,,1*7F
$GAGSV,1,1,00,7*73
$GBGSV,3,1,10,14,04,238,,08,73,346,38.8,09,56,269,,03,43,190,38.5,1*76
$GBGSV,3,2,10,01,38,147,,02,30,229,,04,27,124,38.5,12,21,246,,1*60
$GBGSV,3,3,10,05,15,248,38.8,06,75,330,,1*61
$GNRMC,024850.000,A,3900.0009,N,11613.9778,E,0.01,139.64,280612,,,A,V*00
$GNVTG,139.64,T,,M,0.01,N,0.01,K,A*2A
$GNZDA,024850.000,28,06,2012,,*4E
$GNGGA,024851.000,3900.0008,N,11613.9778,E,1,10,1.00,-7.7,M,-6.8,M,,*41
$PAIRACC,4.08,8.51*4B
$GNGLL,3900.0008,N,11613.9778,E,024851.000,A,A*4A
$GNGSA,A,3,31,22,20,14,,,,,,,,,1.57,1.00,1.21,1*04
$GNGSA,A,3,65,74,,,,,,,,,,,1.57,1.00,1.21,2*02
$GNGSA,A,3,,,,,,,,,,,,,1.57,1.00,1.21,3*03
$GNGSA,A,3,08,03,04,05,,,,,,,,,1.57,1.00,1.21,4*0E
$GPGSV,3,1,11,16,01,181,,31,74,218,39.0,22,37,137,39.1,30,35,078,,1*68
$GPGSV,3,2,11,01,33,313,,05,23,052,,11,22,285,,12,15,045,,1*6F
$GPGSV,3,3,11,20,09,315,38.7,18,05,136,,14,57,052,39.0,1*56
$GLGSV,1,1,04,82,21,087,,65,62,253,39.7,74,15,262,39.2,72,14,332,,1*7F
$GAGSV,1,1,00,7*73
$GBGSV,3,1,10,14,04,238,,08,73,346,38.8,09,56,269,,03,43,190,38.7,1*74
$GBGSV,3,2,10,01,38,147,,02,30,229,,04,27,124,37.8,12,21,246,,1*62
$GBGSV,3,3,10,05,15,248,38.1,06,75,330,,1*68
$GNRMC,024851.000,A,3900.0008,N,11613.9778,E,0.01,127.16,280612,,,A,V*0A
$GNVTG,127.16,T,,M,0.01,N,0.01,K,A*20
$GNZDA,024851.000,28,06,2012,,*4F
$GNGGA,024852.000,3900.0008,N,11613.9778,E,1,10,1.00,-7.7,M,-6.8,M,,*42
$PAIRACC,4.08,8.50*4A
$GNGLL,3900.0008,N,11613.9778,E,024852.000,A,A*49
$GNGSA,A,3,31,22,20,14,,,,,,,,,1.57,1.00,1.21,1*04
$GNGSA,A,3,65,74,,,,,,,,,,,1.57,1.00,1.21,2*02
$GNGSA,A,3,,,,,,,,,,,,,1.57,1.00,1.21,3*03
$GNGSA,A,3,08,03,04,05,,,,,,,,,1.57,1.00,1.21,4*0E
$GPGSV,3,1,11,16,01,181,,31,74,218,39.0,22,37,137,38.9,30,35,078,,1*61
$GPGSV,3,2,11,01,33,313,,05,23,052,,11,22,285,,12,15,045,,1*6F
$GPGSV,3,3,11,20,09,315,38.6,18,05,136,,14,57,052,39.2,1*55
$GLGSV,1,1,04,82,21,087,,65,62,253,39.2,74,15,262,39.2,72,14,332,,1*7A
$GAGSV,1,1,00,7*73
$GBGSV,3,1,10,14,04,238,,08,73,346,39.1,09,56,269,,03,43,190,38.6,1*7D
$GBGSV,3,2,10,01,38,147,,02,30,229,,04,27,124,37.6,12,21,246,,1*6C
$GBGSV,3,3,10,05,15,248,38.0,06,75,330,,1*69
$GNRMC,024852.000,A,3900.0008,N,11613.9778,E,0.01,122.21,280612,,,A,V*08
$GNVTG,122.21,T,,M,0.01,N,0.01,K,A*21
$GNZDA,024852.000,28,06,2012,,*4C
$GNGGA,024853.000,3900.0008,N,11613.9778,E,1,10,1.00,-7.7,M,-6.8,M,,*43
$PAIRACC,4.17,8.58*4C
$GNGLL,3900.0008,N,11613.9778,E,024853.000,A,A*48
$GNGSA,A,3,31,22,20,14,,,,,,,,,1.57,1.00,1.21,1*04
$GNGSA,A,3,65,74,,,,,,,,,,,1.57,1.00,1.21,2*02
$GNGSA,A,3,,,,,,,,,,,,,1.57,1.00,1.21,3*03
$GNGSA,A,3,08,03,04,05,,,,,,,,,1.57,1.00,1.21,4*0E
$GPGSV,3,1,11,16,01,181,,31,74,218,38.9,22,37,137,38.9,30,35,078,,1*69
$GPGSV,3,2,11,01,33,313,,05,23,052,,11,22,285,,12,15,045,,1*6F
$GPGSV,3,3,11,20,09,315,38.4,18,05,136,,14,57,052,38.9,1*5D
$GLGSV,1,1,04,82,21,087,,65,62,253,39.4,74,15,262,39.0,72,14,332,,1*7E
$GAGSV,1,1,00,7*73
$GBGSV,3,1,10,14,04,238,,08,73,346,38.8,09,56,269,,03,43,190,38.7,1*74
$GBGSV,3,2,10,01,38,147,,02,30,229,,04,27,124,38.4,12,21,246,,1*61
$GBGSV,3,3,10,05,15,248,38.5,06,75,330,,1*6C
$GNRMC,024853.000,A,3900.0008,N,11613.9778,E,0.01,145.22,280612,,,A,V*0B
$GNVTG,145.22,T,,M,0.01,N,0.01,K,A*23
$GNZDA,024853.000,28,06,2012,,*4D
$GNGGA,024854.000,3900.0008,N,11613.9778,E,1,10,1.00,-7.7,M,-6.8,M,,*44
$PAIRACC,4.08,8.50*4A
$GNGLL,3900.0008,N,11613.9778,E,024854.000,A,A*4F
$GNGSA,A,3,31,22,20,14,,,,,,,,,1.57,1.00,1.21,1*04
$GNGSA,A,3,65,74,,,,,,,,,,,1.57,1.00,1.21,2*02
$GNGSA,A,3,,,,,,,,,,,,,1.57,1.00,1.21,3*03
$GNGSA,A,3,08,03,04,05,,,,,,,,,1.57,1.00,1.21,4*0E
$GPGSV,3,1,11,16,01,181,,31,74,218,38.8,22,37,137,39.2,30,35,078,,1*62
$GPGSV,3,2,11,01,33,313,,05,23,052,,11,22,285,,12,15,045,,1*6F
$GPGSV,3,3,11,20,09,315,38.4,18,05,136,,14,57,052,39.0,1*55
$GLGSV,1,1,04,82,21,087,,65,62,253,39.3,74,15,262,39.0,72,14,332,,1*79
$GAGSV,1,1,00,7*73
$GBGSV,3,1,10,14,04,238,,08,73,346,38.7,09,56,269,,03,43,190,38.7,1*7B
$GBGSV,3,2,10,01,38,147,,02,30,229,,04,27,124,37.6,12,21,246,,1*6C
$GBGSV,3,3,10,05,15,248,37.8,06,75,330,,1*6E
$GNRMC,024854.000,A,3900.0008,N,11613.9778,E,0.01,154.53,280612,,,A,V*0A
$GNVTG,154.53,T,,M,0.01,N,0.01,K,A*25
$GNZDA,024854.000,28,06,2012,,*4A
$GNGGA,024855.000,3900.0008,N,11613.9778,E,1,10,1.00,-7.7,M,-6.8,M,,*45
$PAIRACC,4.14,8.53*44
$GNGLL,3900.0008,N,11613.9778,E,024855.000,A,A*4E
$GNGSA,A,3,31,22,20,14,,,,,,,,,1.57,1.00,1.21,1*04
$GNGSA,A,3,65,74,,,,,,,,,,,1.57,1.00,1.21,2*02
$GNGSA,A,3,,,,,,,,,,,,,1.57,1.00,1.21,3*03
$GNGSA,A,3,08,03,04,05,,,,,,,,,1.57,1.00,1.21,4*0E
$GPGSV,3,1,11,16,01,181,,31,74,218,38.5,22,37,137,38.9,30,35,078,,1*65
$GPGSV,3,2,11,01,33,313,,05,23,052,,11,22,285,,12,15,045,,1*6F
$GPGSV,3,3,11,20,09,315,38.5,18,05,136,,14,57,052,39.0,1*54
$GLGSV,1,1,04,82,21,087,,65,62,253,39.3,74,15,262,39.0,72,14,332,,1*79
$GAGSV,1,1,00,7*73
$GBGSV,3,1,10,14,04,238,,08,73,346,38.7,09,56,269,,03,43,190,38.9,1*75
$GBGSV,3,2,10,01,38,147,,02,30,229,,04,27,124,37.5,12,21,246,,1*6F
$GBGSV,3,3,10,05,15,248,37.8,06,75,330,,1*6E
$GNRMC,024855.000,A,3900.0008,N,11613.9778,E,0.01,149.06,280612,,,A,V*07
$GNVTG,149.06,T,,M,0.01,N,0.01,K,A*29
$GNZDA,024855.000,28,06,2012,,*4B
$GNGGA,024856.000,3900.0008,N,11613.9778,E,1,10,1.00,-7.7,M,-6.8,M,,*46
$PAIRACC,4.10,8.55*46
$GNGLL,3900.0008,N,11613.9778,E,024856.000,A,A*4D
$GNGSA,A,3,31,22,20,14,,,,,,,,,1.57,1.00,1.21,1*04
$GNGSA,A,3,65,74,,,,,,,,,,,1.57,1.00,1.21,2*02
$GNGSA,A,3,,,,,,,,,,,,,1.57,1.00,1.21,3*03
$GNGSA,A,3,08,03,04,05,,,,,,,,,1.57,1.00,1.21,4*0E
$GPGSV,3,1,11,16,01,181,,31,74,218,38.6,22,37,137,39.2,30,35,078,,1*6C
$GPGSV,3,2,11,01,33,313,,05,23,052,,11,22,285,,12,15,045,,1*6F
$GPGSV,3,3,11,20,09,315,38.9,18,05,136,,14,57,052,38.8,1*51
$GLGSV,1,1,04,82,21,087,,65,62,253,39.0,74,15,262,39.4,72,14,332,,1*7E
$GAGSV,1,1,00,7*73
$GBGSV,3,1,10,14,04,238,,08,73,346,38.9,09,56,269,,03,43,190,38.6,1*74
$GBGSV,3,2,10,01,38,147,,02,30,229,,04,27,124,38.4,12,21,246,,1*61
$GBGSV,3,3,10,05,15,248,38.3,06,75,330,,1*6A
$GNRMC,024856.000,A,3900.0008,N,11613.9778,E,0.01,139.46,280612,,,A,V*07
$GNVTG,139.46,T,,M,0.01,N,0.01,K,A*2A
$GNZDA,024856.000,28,06,2012,,*48
$GNGGA,024857.000,3900.0008,N,11613.9778,E,1,10,1.00,-7.7,M,-6.8,M,,*47
$PAIRACC,4.13,8.53*43
$GNGLL,3900.0008,N,11613.9778,E,024857.000,A,A*4C
$GNGSA,A,3,31,22,20,14,,,,,,,,,1.57,1.00,1.21,1*04
$GNGSA,A,3,65,74,,,,,,,,,,,1.57,1.00,1.21,2*02
$GNGSA,A,3,,,,,,,,,,,,,1.57,1.00,1.21,3*03
$GNGSA,A,3,08,03,04,05,,,,,,,,,1.57,1.00,1.21,4*0E
$GPGSV,3,1,11,16,01,181,,31,74,218,38.9,22,37,137,39.0,30,35,078,,1*61
$GPGSV,3,2,11,01,33,313,,05,23,052,,11,22,285,,12,15,045,,1*6F
$GPGSV,3,3,11,20,09,315,38.2,18,05,136,,14,57,052,39.3,1*50
$GLGSV,1,1,04,82,21,087,,65,62,253,39.3,74,15,262,39.2,72,14,332,,1*7B
$GAGSV,1,1,00,7*73
$GBGSV,3,1,10,14,04,238,,08,73,346,39.0,09,56,269,,03,43,190,38.7,1*7D
$GBGSV,3,2,10,01,38,147,,02,30,229,,04,27,124,37.8,12,21,246,,1*62
$GBGSV,3,3,10,05,15,248,37.8,06,75,330,,1*6E
$GNRMC,024857.000,A,3900.0008,N,11613.9778,E,0.01,141.69,280612,,,A,V*04
$GNVTG,141.69,T,,M,0.01,N,0.01,K,A*28
$GNZDA,024857.000,28,06,2012,,*49
$GNGGA,024858.000,3900.0008,N,11613.9778,E,1,10,1.00,-7.7,M,-6.8,M,,*48
$PAIRACC,4.14,8.50*47
$GNGLL,3900.0008,N,11613.9778,E,024858.000,A,A*43
$GNGSA,A,3,31,22,20,14,,,,,,,,,1.57,1.00,1.21,1*04
$GNGSA,A,3,65,74,,,,,,,,,,,1.57,1.00,1.21,2*02
$GNGSA,A,3,,,,,,,,,,,,,1.57,1.00,1.21,3*03
$GNGSA,A,3,08,03,04,05,,,,,,,,,1.57,1.00,1.21,4*0E
$GPGSV,3,1,11,16,01,181,,31,74,218,38.4,22,37,137,38.6,30,35,078,,1*6B
$GPGSV,3,2,11,01,33,313,,05,23,052,,11,22,285,,12,15,045,,1*6F
$GPGSV,3,3,11,20,09,315,38.6,18,05,136,,14,57,052,38.9,1*5F
$GLGSV,1,1,04,82,21,087,,65,62,253,39.2,74,15,262,39.2,72,14,332,,1*7A
$GAGSV,1,1,00,7*73
$GBGSV,3,1,10,14,04,238,,08,73,346,38.6,09,56,269,,03,43,190,38.6,1*7B
$GBGSV,3,2,10,01,38,147,,02,30,229,,04,27,124,37.6,12,21,246,,1*6C
$GBGSV,3,3,10,05,15,248,38.0,06,75,330,,1*69
$GNRMC,024858.000,A,3900.0008,N,11613.9778,E,0.00,123.72,280612,,,A,V*04
$GNVTG,123.72,T,,M,0.00,N,0.01,K,A*27
$GNZDA,024858.000,28,06,2012,,*46
$GNGGA,024859.000,3900.0008,N,11613.9778,E,1,10,1.00,-7.7,M,-6.8,M,,*49
$PAIRACC,4.10,8.55*46
$GNGLL,3900.0008,N,11613.9778,E,024859.000,A,A*42
$GNGSA,A,3,31,22,20,14,,,,,,,,,1.57,1.00,1.21,1*04
$GNGSA,A,3,65,74,,,,,,,,,,,1.57,1.00,1.21,2*02
$GNGSA,A,3,,,,,,,,,,,,,1.57,1.00,1.21,3*03
$GNGSA,A,3,08,03,04,05,,,,,,,,,1.57,1.00,1.21,4*0E
$GPGSV,3,1,11,16,01,181,,31,74,218,38.5,22,37,137,38.7,30,35,078,,1*6B
$GPGSV,3,2,11,01,33,313,,05,23,052,,11,22,285,,12,15,045,,1*6F
$GPGSV,3,3,11,20,09,315,38.8,18,05,136,,14,57,052,38.8,1*50
$GLGSV,1,1,04,82,21,087,,65,62,253,37.1,74,15,262,39.3,72,14,332,,1*76
$GAGSV,1,1,00,7*73
$GBGSV,3,1,10,14,04,238,,08,73,346,39.2,09,56,269,,03,43,190,38.7,1*7F
$GBGSV,3,2,10,01,38,147,,02,30,229,,04,27,124,38.8,12,21,246,,1*6D
$GBGSV,3,3,10,05,15,248,38.7,06,75,330,,1*6E
$GNRMC,024859.000,A,3900.0008,N,11613.9778,E,0.00,133.54,280612,,,A,V*00
$GNVTG,133.54,T,,M,0.00,N,0.01,K,A*22
$GNZDA,024859.000,28,06,2012,,*47
$GNGGA,024900.000,3900.0008,N,11613.9778,E,1,10,1.00,-7.7,M,-6.8,M,,*44
$PAIRACC,4.18,8.68*40
$GNGLL,3900.0008,N,11613.9778,E,024900.000,A,A*4F
$GNGSA,A,3,31,22,20,14,,,,,,,,,1.57,1.00,1.21,1*04
$GNGSA,A,3,65,74,,,,,,,,,,,1.57,1.00,1.21,2*02
$GNGSA,A,3,,,,,,,,,,,,,1.57,1.00,1.21,3*03
$GNGSA,A,3,08,03,04,05,,,,,,,,,1.57,1.00,1.21,4*0E
$GPGSV,3,1,11,16,01,181,,31,74,218,38.6,22,37,137,38.8,30,35,078,,1*67
$GPGSV,3,2,11,01,33,313,,05,23,052,,11,22,285,,12,15,045,,1*6F
$GPGSV,3,3,11,20,09,315,38.3,18,05,136,,14,57,052,38.9,1*5A
$GLGSV,1,1,04,82,21,087,,65,62,253,38.3,74,15,262,39.1,72,14,332,,1*79
$GAGSV,1,1,00,7*73
$GBGSV,3,1,10,14,04,238,,08,73,346,38.8,09,56,269,,03,43,190,38.7,1*74
$GBGSV,3,2,10,01,38,147,,02,30,229,,04,27,124,37.6,12,21,246,,1*6C
$GBGSV,3,3,10,05,15,248,38.1,06,75,330,,1*68
$GNRMC,024900.000,A,3900.0008,N,11613.9778,E,0.00,138.59,280612,,,A,V*0B
$GNVTG,138.59,T,,M,0.00,N,0.01,K,A*24
$GNZDA,024900.000,28,06,2012,,*4A
$GNGGA,024901.000,3900.0008,N,11613.9778,E,1,10,1.00,-7.7,M,-6.8,M,,*45
$PAIRACC,4.08,8.50*4A
$GNGLL,3900.0008,N,11613.9778,E,024901.000,A,A*4E
$GNGSA,A,3,31,22,20,14,,,,,,,,,1.57,1.00,1.21,1*04
$GNGSA,A,3,65,74,,,,,,,,,,,1.57,1.00,1.21,2*02
$GNGSA,A,3,,,,,,,,,,,,,1.57,1.00,1.21,3*03
$GNGSA,A,3,08,03,04,05,,,,,,,,,1.57,1.00,1.21,4*0E
$GPGSV,3,1,11,16,01,181,,31,74,218,38.8,22,37,137,38.8,30,35,078,,1*69
$GPGSV,3,2,11,01,33,313,,05,23,052,,11,22,285,,12,15,045,,1*6F
$GPGSV,3,3,11,20,09,315,38.6,18,05,136,,14,57,052,38.6,1*50
$GLGSV,1,1,04,82,21,087,,65,62,253,37.3,74,15,262,39.0,72,14,332,,1*77
$GAGSV,1,1,00,7*73
$GBGSV,3,1,10,14,04,238,,08,73,346,38.8,09,56,269,,03,43,190,38.8,1*7B
$GBGSV,3,2,10,01,38,147,,02,30,229,,04,27,124,37.7,12,21,246,,1*6D
$GBGSV,3,3,10,05,15,248,37.8,06,75,330,,1*6E
$GNRMC,024901.000,A,3900.0008,N,11613.9778,E,0.00,134.37,280612,,,A,V*0E
$GNVTG,134.37,T,,M,0.00,N,0.01,K,A*20
$GNZDA,024901.000,28,06,2012,,*4B
$GNGGA,024902.000,3900.0008,N,11613.9779,E,1,10,1.00,-7.7,M,-6.8,M,,*47
$PAIRACC,4.07,8.49*4D
$GNGLL,3900.0008,N,11613.9779,E,024902.000,A,A*4C
$GNGSA,A,3,31,22,20,14,,,,,,,,,1.57,1.00,1.21,1*04
$GNGSA,A,3,65,74,,,,,,,,,,,1.57,1.00,1.21,2*02
$GNGSA,A,3,,,,,,,,,,,,,1.57,1.00,1.21,3*03
$GNGSA,A,3,08,03,04,05,,,,,,,,,1.57,1.00,1.21,4*0E
$GPGSV,3,1,11,16,01,181,,31,74,218,39.1,22,37,137,38.9,30,35,078,,1*60
$GPGSV,3,2,11,01,33,313,,05,23,052,,11,22,285,,12,15,045,,1*6F
$GPGSV,3,3,11,20,09,315,38.6,18,05,136,,14,57,052,38.4,1*52
$GLGSV,1,1,04,82,21,087,,65,62,253,37.7,74,15,262,39.2,72,14,332,,1*71
$GAGSV,1,1,00,7*73
$GBGSV,3,1,10,14,04,238,,08,73,346,38.9,09,56,269,,03,43,190,38.7,1*75
$GBGSV,3,2,10,01,38,147,,02,30,229,,04,27,124,38.5,12,21,246,,1*60
$GBGSV,3,3,10,05,15,248,38.3,06,75,330,,1*6A
$GNRMC,024902.000,A,3900.0008,N,11613.9779,E,0.00,120.94,280612,,,A,V*00
$GNVTG,120.94,T,,M,0.00,N,0.01,K,A*2C
$GNZDA,024902.000,28,06,2012,,*48
$GNGGA,024903.000,3900.0008,N,11613.9779,E,1,10,1.00,-7.7,M,-6.8,M,,*46
$PAIRACC,4.07,8.49*4D
$GNGLL,3900.0008,N,11613.9779,E,024903.000,A,A*4D
$GNGSA,A,3,31,22,20,14,,,,,,,,,1.57,1.00,1.21,1*04
$GNGSA,A,3,65,74,,,,,,,,,,,1.57,1.00,1.21,2*02
$GNGSA,A,3,,,,,,,,,,,,,1.57,1.00,1.21,3*03
$GNGSA,A,3,08,03,04,05,,,,,,,,,1.57,1.00,1.21,4*0E
$GPGSV,3,1,11,16,01,181,,31,74,218,39.2,22,37,137,38.9,30,35,078,,1*63
$GPGSV,3,2,11,01,33,313,,05,23,052,,11,22,285,,12,15,045,,1*6F
$GPGSV,3,3,11,20,09,315,38.5,18,05,136,,14,57,052,38.6,1*53
$GLGSV,1,1,04,82,21,087,,65,62,253,37.3,74,15,262,39.1,72,14,332,,1*76
$GAGSV,1,1,00,7*73
$GBGSV,3,1,10,14,04,238,,08,73,346,38.0,09,56,269,,03,43,190,38.9,1*72
$GBGSV,3,2,10,01,38,147,,02,30,229,,04,27,124,37.8,12,21,246,,1*62
$GBGSV,3,3,10,05,15,248,37.5,06,75,330,,1*63
$GNRMC,024903.000,A,3900.0008,N,11613.9779,E,0.01,125.56,280612,,,A,V*0B
$GNVTG,125.56,T,,M,0.01,N,0.01,K,A*26
$GNZDA,024903.000,28,06,2012,,*49
$GNGGA,024904.000,3900.0008,N,11613.9779,E,1,10,1.00,-7.7,M,-6.8,M,,*41
$PAIRACC,4.11,8.66*47
$GNGLL,3900.0008,N,11613.9779,E,024904.000,A,A*4A
$GNGSA,A,3,31,22,20,14,,,,,,,,,1.57,1.00,1.21,1*04
$GNGSA,A,3,65,74,,,,,,,,,,,1.57,1.00,1.21,2*02
$GNGSA,A,3,,,,,,,,,,,,,1.57,1.00,1.21,3*03
$GNGSA,A,3,08,03,04,05,,,,,,,,,1.57,1.00,1.21,4*0E
$GPGSV,3,1,11,16,01,181,,31,74,218,38.8,22,37,137,38.8,30,35,078,,1*69
$GPGSV,3,2,11,01,33,313,,05,23,052,,11,22,285,,12,15,045,,1*6F
$GPGSV,3,3,11,20,09,315,38.6,18,05,136,,14,57,052,38.9,1*5F
$GLGSV,1,1,04,82,21,087,,65,62,253,37.8,74,15,262,38.9,72,14,332,,1*74
$GAGSV,1,1,00,7*73
$GBGSV,3,1,10,14,04,238,,08,73,346,39.6,09,56,269,,03,43,190,38.8,1*74
$GBGSV,3,2,10,01,38,147,,02,30,229,,04,27,124,37.8,12,21,246,,1*62
$GBGSV,3,3,10,05,15,248,38.1,06,75,330,,1*68
$GNRMC,024904.000,A,3900.0008,N,11613.9779,E,0.01,141.00,280612,,,A,V*0D
$GNVTG,141.00,T,,M,0.01,N,0.01,K,A*27
$GNZDA,024904.000,28,06,2012,,*4E
$GNGGA,024905.000,3900.0008,N,11613.9779,E,1,10,1.00,-7.7,M,-6.8,M,,*40
$PAIRACC,4.09,8.57*4C
$GNGLL,3900.0008,N,11613.9779,E,024905.000,A,A*4B
$GNGSA,A,3,31,22,20,14,,,,,,,,,1.58,1.00,1.22,1*08
$GNGSA,A,3,65,74,,,,,,,,,,,1.58,1.00,1.22,2*0E
$GNGSA,A,3,,,,,,,,,,,,,1.58,1.00,1.22,3*0F
$GNGSA,A,3,08,03,04,05,,,,,,,,,1.58,1.00,1.22,4*02
$GPGSV,3,1,11,16,01,181,,31,74,218,38.8,22,37,137,38.9,30,35,078,,1*68
$GPGSV,3,2,11,01,33,313,,05,23,052,,11,22,285,,12,15,045,,1*6F
$GPGSV,3,3,11,20,09,315,38.8,18,05,136,,14,57,052,38.7,1*5F
$GLGSV,1,1,04,82,21,087,,65,62,253,37.4,74,15,262,39.2,72,14,332,,1*72
$GAGSV,1,1,00,7*73
$GBGSV,3,1,10,14,04,238,,08,73,346,38.7,09,56,269,,03,43,190,38.7,1*7B
$GBGSV,3,2,10,01,38,147,,02,30,229,,04,27,124,38.5,12,21,246,,1*60
$GBGSV,3,3,10,05,15,248,38.7,06,75,330,,1*6E
$GNRMC,024905.000,A,3900.0008,N,11613.9779,E,0.00,124.94,280612,,,A,V*03
$GNVTG,124.94,T,,M,0.00,N,0.01,K,A*28
$GNZDA,024905.000,28,06,2012,,*4F
$GNGGA,024906.000,3900.0008,N,11613.9779,E,1,10,1.00,-7.7,M,-6.8,M,,*43
$PAIRACC,4.09,8.55*4E
$GNGLL,3900.0008,N,11613.9779,E,024906.000,A,A*48
$GNGSA,A,3,31,22,20,14,,,,,,,,,1.57,1.00,1.21,1*04
$GNGSA,A,3,65,74,,,,,,,,,,,1.57,1.00,1.21,2*02
$GNGSA,A,3,,,,,,,,,,,,,1.57,1.00,1.21,3*03
$GNGSA,A,3,08,03,04,05,,,,,,,,,1.57,1.00,1.21,4*0E
$GPGSV,3,1,11,16,01,181,,31,74,218,39.0,22,37,137,39.0,30,35,078,,1*69
$GPGSV,3,2,11,01,33,313,,05,23,052,,11,22,285,,12,15,045,,1*6F
$GPGSV,3,3,11,20,09,315,38.8,18,05,136,,14,57,052,39.2,1*5B
$GLGSV,1,1,04,82,21,087,,65,62,253,38.2,74,15,262,39.0,72,14,332,,1*79
$GAGSV,1,1,00,7*73
$GBGSV,3,1,10,14,04,238,,08,73,346,39.3,09,56,269,,03,43,190,38.7,1*7E
$GBGSV,3,2,10,01,38,147,,02,30,229,,04,27,124,38.1,12,21,246,,1*64
$GBGSV,3,3,10,05,15,248,37.5,06,75,330,,1*63
$GNRMC,024906.000,A,3900.0008,N,11613.9779,E,0.00,137.91,280612,,,A,V*07
$GNVTG,137.91,T,,M,0.00,N,0.01,K,A*2F
$GNZDA,024906.000,28,06,2012,,*4C
$GNGGA,024907.000,3900.0008,N,11613.9779,E,1,10,1.00,-7.7,M,-6.8,M,,*42
$PAIRACC,4.16,8.58*4D
$GNGLL,3900.0008,N,11613.9779,E,024907.000,A,A*49
$GNGSA,A,3,31,22,20,14,,,,,,,,,1.58,1.00,1.22,1*08
$GNGSA,A,3,65,74,,,,,,,,,,,1.58,1.00,1.22,2*0E
$GNGSA,A,3,,,,,,,,,,,,,1.58,1.00,1.22,3*0F
$GNGSA,A,3,08,03,04,05,,,,,,,,,1.58,1.00,1.22,4*02
$GPGSV,3,1,11,16,01,181,,31,74,218,39.0,22,37,137,38.5,30,35,078,,1*6D
$GPGSV,3,2,11,01,33,313,,05,23,052,,11,22,285,,12,15,045,,1*6F
$GPGSV,3,3,11,20,09,315,38.5,18,05,136,,14,57,052,38.6,1*53
$GLGSV,1,1,04,82,21,087,,65,62,253,37.4,74,15,262,39.0,72,14,332,,1*70
$GAGSV,1,1,00,7*73
$GBGSV,3,1,10,14,04,238,,08,73,346,39.0,09,56,269,,03,43,190,38.6,1*7C
$GBGSV,3,2,10,01,38,147,,02,30,229,,04,27,124,37.8,12,21,246,,1*62
$GBGSV,3,3,10,05,15,248,37.9,06,75,330,,1*6F
$GNRMC,024907.000,A,3900.0008,N,11613.9779,E,0.00,120.12,280612,,,A,V*0B
$GNVTG,120.12,T,,M,0.00,N,0.01,K,A*22
$GNZDA,024907.000,28,06,2012,,*4D
$GNGGA,024908.000,3900.0008,N,11613.9779,E,1,10,1.00,-7.7,M,-6.8,M,,*4D
$PAIRACC,4.07,8.49*4D
$GNGLL,3900.0008,N,11613.9779,E,024908.000,A,A*46
$GNGSA,A,3,31,22,20,14,,,,,,,,,1.57,1.00,1.21,1*04
$GNGSA,A,3,65,74,,,,,,,,,,,1.57,1.00,1.21,2*02
$GNGSA,A,3,,,,,,,,,,,,,1.57,1.00,1.21,3*03
$GNGSA,A,3,08,03,04,05,,,,,,,,,1.57,1.00,1.21,4*0E
$GPGSV,3,1,11,16,01,181,,31,74,218,38.4,22,37,137,38.5,30,35,078,,1*68
$GPGSV,3,2,11,01,33,313,,05,23,052,,11,22,285,,12,15,045,,1*6F
$GPGSV,3,3,11,20,09,315,38.7,18,05,136,,14,57,052,38.6,1*51
$GLGSV,1,1,04,82,21,087,,65,62,253,38.4,74,15,262,39.2,72,14,332,,1*7D
$GAGSV,1,1,00,7*73
$GBGSV,3,1,10,14,04,238,,08,73,346,38.8,09,56,269,,03,43,190,38.4,1*77
$GBGSV,3,2,10,01,38,147,,02,30,229,,04,27,124,38.4,12,21,246,,1*61
$GBGSV,3,3,10,05,15,248,38.4,06,75,330,,1*6D
$GNRMC,024908.000,A,3900.0008,N,11613.9779,E,0.00,106.52,280612,,,A,V*04
$GNVTG,106.52,T,,M,0.00,N,0.01,K,A*22
$GNZDA,024908.000,28,06,2012,,*42
$GNGGA,024909.000,3900.0008,N,11613.9779,E,1,10,1.00,-7.7,M,-6.8,M,,*4C
$PAIRACC,4.07,8.48*4C
$GNGLL,3900.0008,N,11613.9779,E,024909.000,A,A*47
$GNGSA,A,3,31,22,20,14,,,,,,,,,1.58,1.00,1.22,1*08
$GNGSA,A,3,65,74,,,,,,,,,,,1.58,1.00,1.22,2*0E
$GNGSA,A,3,,,,,,,,,,,,,1.58,1.00,1.22,3*0F
$GNGSA,A,3,08,03,04,05,,,,,,,,,1.58,1.00,1.22,4*02
$GPGSV,3,1,11,16,01,181,,31,74,218,39.2,22,37,137,38.6,30,35,078,,1*6C
$GPGSV,3,2,11,01,33,313,,05,23,052,,11,22,285,,12,15,045,,1*6F
$GPGSV,3,3,11,20,09,315,39.0,18,05,136,,14,57,052,39.0,1*50
$GLGSV,1,1,04,82,21,087,,65,62,253,37.0,74,15,262,39.2,72,14,332,,1*76
$GAGSV,1,1,00,7*73
$GBGSV,3,1,10,14,04,238,,08,73,346,39.1,09,56,269,,03,43,190,38.6,1*7D
$GBGSV,3,2,10,01,38,147,,02,30,229,,04,27,124,37.8,12,21,246,,1*62
$GBGSV,3,3,10,05,15,248,37.8,06,75,330,,1*6E
$GNRMC,024909.000,A,3900.0008,N,11613.9779,E,0.00,108.45,280612,,,A,V*0D
$GNVTG,108.45,T,,M,0.00,N,0.01,K,A*2A
$GNZDA,024909.000,28,06,2012,,*43
$GNGGA,024910.000,3900.0008,N,11613.9779,E,1,10,1.00,-7.7,M,-6.8,M,,*44
$PAIRACC,4.10,8.66*46
$GNGLL,3900.0008,N,11613.9779,E,024910.000,A,A*4F
$GNGSA,A,3,31,22,20,14,,,,,,,,,1.58,1.00,1.22,1*08
$GNGSA,A,3,65,74,,,,,,,,,,,1.58,1.00,1.22,2*0E
$GNGSA,A,3,,,,,,,,,,,,,1.58,1.00,1.22,3*0F
$GNGSA,A,3,08,03,04,05,,,,,,,,,1.58,1.00,1.22,4*02
$GPGSV,3,1,11,16,01,181,,31,74,218,38.8,22,37,137,39.3,30,35,078,,1*63
$GPGSV,3,2,11,01,33,313,,05,23,052,,11,22,285,,12,15,045,,1*6F
$GPGSV,3,3,11,20,09,315,38.8,18,05,136,,14,57,052,39.3,1*5A
$GLGSV,1,1,04,82,21,087,,65,62,253,38.1,74,15,262,38.7,72,14,332,,1*7C
$GAGSV,1,1,00,7*73
$GBGSV,3,1,10,14,04,238,,08,73,346,39.1,09,56,269,,03,43,190,38.3,1*78
$GBGSV,3,2,10,01,38,147,,02,30,229,,04,27,124,37.7,12,21,246,,1*6D
$GBGSV,3,3,10,05,15,248,38.0,06,75,330,,1*69
$GNRMC,024910.000,A,3900.0008,N,11613.9779,E,0.00,111.73,280612,,,A,V*08
$GNVTG,111.73,T,,M,0.00,N,0.01,K,A*27
$GNZDA,024910.000,28,06,2012,,*4B
$GNGGA,024911.000,3900.0008,N,11613.9779,E,1,10,1.00,-7.7,M,-6.8,M,,*45
$PAIRACC,4.19,8.52*48
$GNGLL,3900.0008,N,11613.9779,E,024911.000,A,A*4E
$GNGSA,A,3,31,22,20,14,,,,,,,,,1.58,1.00,1.22,1*08
$GNGSA,A,3,65,74,,,,,,,,,,,1.58,1.00,1.22,2*0E
$GNGSA,A,3,,,,,,,,,,,,,1.58,1.00,1.22,3*0F
$GNGSA,A,3,08,03,04,05,,,,,,,,,1.58,1.00,1.22,4*02
$GPGSV,3,1,11,16,01,181,,31,74,218,38.7,22,37,137,39.0,30,35,078,,1*6F
$GPGSV,3,2,11,01,33,313,,05,23,052,,11,22,285,,12,15,045,,1*6F
$GPGSV,3,3,11,20,09,315,38.5,18,05,136,,14,57,052,39.1,1*55
$GLGSV,1,1,04,82,21,087,,65,62,253,37.6,74,15,262,39.2,72,14,332,,1*70
$GAGSV,1,1,00,7*73
$GBGSV,3,1,10,14,04,238,,08,73,346,39.5,09,56,269,,03,43,190,38.5,1*7A
$GBGSV,3,2,10,01,38,147,,02,30,229,,04,27,124,38.4,12,21,246,,1*61
$GBGSV,3,3,10,05,15,248,38.2,06,75,330,,1*6B
$GNRMC,024911.000,A,3900.0008,N,11613.9779,E,0.00,104.03,280612,,,A,V*0A
$GNVTG,104.03,T,,M,0.00,N,0.01,K,A*24
$GNZDA,024911.000,28,06,2012,,*4A
$GNGGA,024912.000,3900.0008,N,11613.9779,E,1,10,1.00,-7.7,M,-6.8,M,,*46
$PAIRACC,4.11,8.63*42
$GNGLL,3900.0008,N,11613.9779,E,024912.000,A,A*4D
$GNGSA,A,3,31,22,20,14,,,,,,,,,1.58,1.00,1.22,1*08
$GNGSA,A,3,65,74,,,,,,,,,,,1.58,1.00,1.22,2*0E
$GNGSA,A,3,,,,,,,,,,,,,1.58,1.00,1.22,3*0F
$GNGSA,A,3,08,03,04,05,,,,,,,,,1.58,1.00,1.22,4*02
$GPGSV,3,1,11,16,01,181,,31,74,218,39.0,22,37,137,39.1,30,35,078,,1*68
$GPGSV,3,2,11,01,33,313,,05,23,052,,11,22,285,,12,15,045,,1*6F
$GPGSV,3,3,11,20,09,315,39.0,18,05,136,,14,57,052,39.1,1*51
$GLGSV,1,1,04,82,21,087,,65,62,253,37.9,74,15,262,39.0,72,14,332,,1*7D
$GAGSV,1,1,00,7*73
$GBGSV,3,1,10,14,04,238,,08,73,346,38.7,09,56,269,,03,43,190,38.5,1*79
$GBGSV,3,2,10,01,38,147,,02,30,229,,04,27,124,37.8,12,21,246,,1*62
$GBGSV,3,3,10,05,15,248,37.8,06,75,330,,1*6E
$GNRMC,024912.000,A,3900.0008,N,11613.9779,E,0.00,110.50,280612,,,A,V*0A
$GNVTG,110.50,T,,M,0.00,N,0.01,K,A*27
$GNZDA,024912.000,28,06,2012,,*49
$GNGGA,024913.000,3900.0008,N,11613.9779,E,1,10,1.00,-7.7,M,-6.8,M,,*47
$PAIRACC,4.17,8.68*4F
$GNGLL,3900.0008,N,11613.9779,E,024913.000,A,A*4C
$GNGSA,A,3,31,22,20,14,,,,,,,,,1.58,1.00,1.22,1*08
$GNGSA,A,3,65,74,,,,,,,,,,,1.58,1.00,1.22,2*0E
$GNGSA,A,3,,,,,,,,,,,,,1.58,1.00,1.22,3*0F
$GNGSA,A,3,08,03,04,05,,,,,,,,,1.58,1.00,1.22,4*02
$GPGSV,3,1,11,16,01,181,,31,74,218,38.9,22,37,137,38.9,30,35,078,,1*69
$GPGSV,3,2,11,01,33,313,,05,23,052,,11,22,285,,12,15,045,,1*6F
$GPGSV,3,3,11,20,09,315,38.3,18,05,136,,14,57,052,39.3,1*51
$GLGSV,1,1,04,82,21,087,,65,62,253,37.4,74,15,262,39.2,72,14,332,,1*72
$GAGSV,1,1,00,7*73
$GBGSV,3,1,10,14,04,238,,08,73,346,39.1,09,56,269,,03,43,190,38.4,1*7F
$GBGSV,3,2,10,01,38,147,,02,30,229,,04,27,124,37.6,12,21,246,,1*6C
$GBGSV,3,3,10,05,15,248,38.0,06,75,330,,1*69
$GNRMC,024913.000,A,3900.0008,N,11613.9779,E,0.00,106.54,280612,,,A,V*08
$GNVTG,106.54,T,,M,0.00,N,0.01,K,A*24
$GNZDA,024913.000,28,06,2012,,*48
$GNGGA,024914.000,3900.0008,N,11613.9779,E,1,10,1.00,-7.7,M,-6.8,M,,*40
$PAIRACC,4.17,8.64*43
$GNGLL,3900.0008,N,11613.9779,E,024914.000,A,A*4B
$GNGSA,A,3,31,22,20,14,,,,,,,,,1.58,1.00,1.22,1*08
$GNGSA,A,3,65,74,,,,,,,,,,,1.58,1.00,1.22,2*0E
$GNGSA,A,3,,,,,,,,,,,,,1.58,1.00,1.22,3*0F
$GNGSA,A,3,08,03,04,05,,,,,,,,,1.58,1.00,1.22,4*02
$GPGSV,3,1,11,16,01,181,,31,74,218,38.3,22,37,137,39.2,30,35,078,,1*69
$GPGSV,3,2,11,01,33,313,,05,23,052,,11,22,285,,12,15,045,,1*6F
$GPGSV,3,3,11,20,09,315,38.7,18,05,136,,14,57,052,39.1,1*57
$GLGSV,1,1,04,82,21,087,,65,62,253,38.2,74,15,262,39.0,72,14,332,,1*79
$GAGSV,1,1,00,7*73
$GBGSV,3,1,10,14,04,238,,08,73,346,38.9,09,56,269,,03,43,190,38.5,1*77
$GBGSV,3,2,10,01,38,147,,02,30,229,,04,27,124,38.7,12,21,246,,1*62
$GBGSV,3,3,10,05,15,248,38.5,06,75,330,,1*6C
$GNRMC,024914.000,A,3900.0008,N,11613.9779,E,0.00,120.91,280612,,,A,V*02
$GNVTG,120.91,T,,M,0.00,N,0.01,K,A*29
$GNZDA,024914.000,28,06,2012,,*4F
$GNGGA,024915.000,3900.0008,N,11613.9779,E,1,10,1.00,-7.7,M,-6.8,M,,*41
$PAIRACC,4.12,8.51*40
$GNGLL,3900.0008,N,11613.9779,E,024915.000,A,A*4A
$GNGSA,A,3,31,22,20,14,,,,,,,,,1.58,1.00,1.22,1*08
$GNGSA,A,3,65,74,,,,,,,,,,,1.58,1.00,1.22,2*0E
$GNGSA,A,3,,,,,,,,,,,,,1.58,1.00,1.22,3*0F
$GNGSA,A,3,08,03,04,05,,,,,,,,,1.58,1.00,1.22,4*02
$GPGSV,3,1,11,16,01,181,,31,74,218,39.1,22,37,137,38.7,30,35,078,,1*6E
$GPGSV,3,2,11,01,33,313,,05,23,052,,11,22,285,,12,15,045,,1*6F
$GPGSV,3,3,11,20,09,315,38.5,18,05,136,,14,57,052,39.2,1*56
$GLGSV,1,1,04,82,21,087,,65,62,253,37.5,74,15,262,39.3,72,14,332,,1*72
$GAGSV,1,1,00,7*73
$GBGSV,3,1,10,14,04,238,,08,73,346,38.9,09,56,269,,03,43,190,38.9,1*7B
$GBGSV,3,2,10,01,38,147,,02,30,229,,04,27,124,37.5,12,21,246,,1*6F
$GBGSV,3,3,10,05,15,248,37.7,06,75,330,,1*61
$GNRMC,024915.000,A,3900.0008,N,11613.9779,E,0.01,105.55,280612,,,A,V*0D
$GNVTG,105.55,T,,M,0.01,N,0.01,K,A*27
$GNZDA,024915.000,28,06,2012,,*4E
$GNGGA,024916.000,3900.0008,N,11613.9779,E,1,10,1.00,-7.7,M,-6.8,M,,*42
$PAIRACC,4.09,8.55*4E
$GNGLL,3900.0008,N,11613.9779,E,024916.000,A,A*49
$GNGSA,A,3,31,22,20,14,,,,,,,,,1.58,1.00,1.22,1*08
$GNGSA,A,3,65,74,,,,,,,,,,,1.58,1.00,1.22,2*0E
$GNGSA,A,3,,,,,,,,,,,,,1.58,1.00,1.22,3*0F
$GNGSA,A,3,08,03,04,05,,,,,,,,,1.58,1.00,1.22,4*02
$GPGSV,3,1,11,16,01,181,,31,74,218,39.1,22,37,137,39.5,30,35,078,,1*6D
$GPGSV,3,2,11,01,33,313,,05,23,052,,11,22,285,,12,15,045,,1*6F
$GPGSV,3,3,11,20,09,315,38.9,18,05,136,,14,57,052,39.4,1*5C
$GLGSV,1,1,04,82,21,087,,65,62,253,38.2,74,15,262,38.8,72,14,332,,1*70
$GAGSV,1,1,00,7*73
$GBGSV,3,1,10,14,04,238,,08,73,346,39.4,09,56,269,,03,43,190,38.7,1*79
$GBGSV,3,2,10,01,38,147,,02,30,229,,04,27,124,37.5,12,21,246,,1*6F
$GBGSV,3,3,10,05,15,248,37.9,06,75,330,,1*6F
$GNRMC,024916.000,A,3900.0008,N,11613.9779,E,0.01,158.93,280612,,,A,V*0C
$GNVTG,158.93,T,,M,0.01,N,0.01,K,A*25
$GNZDA,024916.000,28,06,2012,,*4D
$GNGGA,024917.000,3900.0008,N,11613.9779,E,1,10,1.00,-7.7,M,-6.8,M,,*43
$PAIRACC,4.18,8.52*49
$GNGLL,3900.0008,N,11613.9779,E,024917.000,A,A*48
$GNGSA,A,3,31,22,20,14,,,,,,,,,1.58,1.00,1.22,1*08
$GNGSA,A,3,65,74,,,,,,,,,,,1.58,1.00,1.22,2*0E
$GNGSA,A,3,,,,,,,,,,,,,1.58,1.00,1.22,3*0F
$GNGSA,A,3,08,03,04,05,,,,,,,,,1.58,1.00,1.22,4*02
$GPGSV,3,1,11,16,01,181,,31,74,218,38.4,22,37,137,38.4,30,35,078,,1*69
$GPGSV,3,2,11,01,33,313,,05,23,052,,11,22,285,,12,15,045,,1*6F
$GPGSV,3,3,11,20,09,315,38.4,18,05,136,,14,57,052,38.8,1*5C
$GLGSV,1,1,04,82,21,087,,65,62,253,37.1,74,15,262,39.2,72,14,332,,1*77
$GAGSV,1,1,00,7*73
$GBGSV,3,1,10,14,04,238,,08,73,346,39.2,09,56,269,,03,43,190,38.9,1*71
$GBGSV,3,2,10,01,38,147,,02,30,229,,04,27,124,38.7,12,21,246,,1*62
$GBGSV,3,3,10,05,15,248,38.6,06,75,330,,1*6F
$GNRMC,024917.000,A,3900.0008,N,11613.9779,E,0.01,127.15,280612,,,A,V*0B
$GNVTG,127.15,T,,M,0.01,N,0.01,K,A*23
$GNZDA,024917.000,28,06,2012,,*4C
$GNGGA,024918.000,3900.0008,N,11613.9779,E,1,10,1.00,-7.7,M,-6.8,M,,*4C
$PAIRACC,4.08,8.56*4C
$GNGLL,3900.0008,N,11613.9779,E,024918.000,A,A*47
$GNGSA,A,3,31,22,20,14,,,,,,,,,1.58,1.00,1.22,1*08
$GNGSA,A,3,65,74,,,,,,,,,,,1.58,1.00,1.22,2*0E
$GNGSA,A,3,,,,,,,,,,,,,1.58,1.00,1.22,3*0F
$GNGSA,A,3,08,03,04,05,,,,,,,,,1.58,1.00,1.22,4*02
$GPGSV,3,1,11,16,01,181,,31,74,218,38.9,22,37,137,39.1,30,35,078,,1*60
$GPGSV,3,2,11,01,33,313,,05,23,052,,11,22,285,,12,15,045,,1*6F
$GPGSV,3,3,11,20,09,315,38.7,18,05,136,,14,57,052,38.8,1*5F
$GLGSV,1,1,04,82,21,087,,65,62,253,38.2,74,15,262,39.3,72,14,332,,1*7A
$GAGSV,1,1,00,7*73
$GBGSV,3,1,10,14,04,238,,08,73,346,38.6,09,56,269,,03,43,190,38.6,1*7B
$GBGSV,3,2,10,01,38,147,,02,30,229,,04,27,124,37.9,12,21,246,,1*63
$GBGSV,3,3,10,05,15,248,38.1,06,75,330,,1*68
$GNRMC,024918.000,A,3900.0008,N,11613.9779,E,0.01,124.91,280612,,,A,V*0B
$GNVTG,124.91,T,,M,0.01,N,0.01,K,A*2C
$GNZDA,024918.000,28,06,2012,,*43
$GNGGA,024919.000,3900.0008,N,11613.9779,E,1,10,1.00,-7.7,M,-6.8,M,,*4D
$PAIRACC,4.13,8.51*41
$GNGLL,3900.0008,N,11613.9779,E,024919.000,A,A*46
$GNGSA,A,3,31,22,20,14,,,,,,,,,1.58,1.00,1.22,1*08
$GNGSA,A,3,65,74,,,,,,,,,,,1.58,1.00,1.22,2*0E
$GNGSA,A,3,,,,,,,,,,,,,1.58,1.00,1.22,3*0F
$GNGSA,A,3,08,03,04,05,,,,,,,,,1.58,1.00,1.22,4*02
$GPGSV,3,1,11,16,01,181,,31,74,218,38.5,22,37,137,38.7,30,35,078,,1*6B
$GPGSV,3,2,11,01,33,313,,05,23,052,,11,22,285,,12,15,045,,1*6F
$GPGSV,3,3,11,20,09,315,38.5,18,05,136,,14,57,052,39.1,1*55
$GLGSV,1,1,04,82,21,087,,65,62,253,37.7,74,15,262,39.7,72,14,332,,1*74
$GAGSV,1,1,00,7*73
$GBGSV,3,1,10,14,04,238,,08,73,346,38.9,09,56,269,,03,43,190,38.5,1*77
$GBGSV,3,2,10,01,38,147,,02,30,229,,04,27,124,37.7,12,21,246,,1*6D
$GBGSV,3,3,10,05,15,248,38.1,06,75,330,,1*68
$GNRMC,024919.000,A,3900.0008,N,11613.9779,E,0.01,121.88,280612,,,A,V*07
$GNVTG,121.88,T,,M,0.01,N,0.01,K,A*21
$GNZDA,024919.000,28,06,2012,,*42
$GNGGA,024920.000,3900.0008,N,11613.9779,E,1,10,1.00,-7.7,M,-6.8,M,,*47
$PAIRACC,4.06,8.47*42
$GNGLL,3900.0008,N,11613.9779,E,024920.000,A,A*4C
$GNGSA,A,3,31,22,20,14,,,,,,,,,1.58,1.00,1.22,1*08
$GNGSA,A,3,65,74,,,,,,,,,,,1.58,1.00,1.22,2*0E
$GNGSA,A,3,,,,,,,,,,,,,1.58,1.00,1.22,3*0F
$GNGSA,A,3,08,03,04,05,,,,,,,,,1.58,1.00,1.22,4*02
$GPGSV,3,1,11,16,01,181,,31,74,218,38.9,22,37,137,38.9,30,35,078,,1*69
$GPGSV,3,2,11,01,33,313,,05,23,052,,11,22,285,,12,15,045,,1*6F
$GPGSV,3,3,11,20,09,315,39.0,18,05,136,,14,57,052,38.6,1*57
$GLGSV,1,1,04,82,21,087,,65,62,253,38.7,74,15,262,39.4,72,14,332,,1*78
$GAGSV,1,1,00,7*73
$GBGSV,3,1,10,14,04,238,,08,73,346,39.3,09,56,269,,03,43,190,38.6,1*7F
$GBGSV,3,2,10,01,38,147,,02,30,229,,04,27,124,38.8,12,21,246,,1*6D
$GBGSV,3,3,10,05,15,248,38.5,06,75,330,,1*6C
$GNRMC,024920.000,A,3900.0008,N,11613.9779,E,0.01,114.55,280612,,,A,V*0B
$GNVTG,114.55,T,,M,0.01,N,0.01,K,A*27
$GNZDA,024920.000,28,06,2012,,*48
$GNGGA,024921.000,3900.0008,N,11613.9779,E,1,10,1.00,-7.7,M,-6.8,M,,*46
$PAIRACC,4.08,8.56*4C
$GNGLL,3900.0008,N,11613.9779,E,024921.000,A,A*4D
$GNGSA,A,3,31,22,20,14,,,,,,,,,1.58,1.00,1.22,1*08
$GNGSA,A,3,65,74,,,,,,,,,,,1.58,1.00,1.22,2*0E
$GNGSA,A,3,,,,,,,,,,,,,1.58,1.00,1.22,3*0F
$GNGSA,A,3,08,03,04,05,,,,,,,,,1.58,1.00,1.22,4*02
$GPGSV,3,1,11,16,01,181,,31,74,218,39.0,22,37,137,38.8,30,35,078,,1*60
$GPGSV,3,2,11,01,33,313,,05,23,052,,11,22,285,,12,15,045,,1*6F
$GPGSV,3,3,11,20,09,315,38.5,18,05,136,,14,57,052,39.0,1*54
$GLGSV,1,1,04,82,21,087,,65,62,253,37.2,74,15,262,39.3,72,14,332,,1*75
$GAGSV,1,1,00,7*73
$GBGSV,3,1,10,14,04,238,,08,73,346,38.7,09,56,269,,03,43,190,38.8,1*74
$GBGSV,3,2,10,01,38,147,,02,30,229,,04,27,124,38.1,12,21,246,,1*64
$GBGSV,3,3,10,05,15,248,37.8,06,75,330,,1*6E
$GNRMC,024921.000,A,3900.0008,N,11613.9779,E,0.01,112.24,280612,,,A,V*0A
$GNVTG,112.24,T,,M,0.01,N,0.01,K,A*27
$GNZDA,024921.000,28,06,2012,,*49
$GNGGA,024922.000,3900.0008,N,11613.9779,E,1,10,1.00,-7.7,M,-6.8,M,,*45
$PAIRACC,4.26,8.75*41
$GNGLL,3900.0008,N,11613.9779,E,024922.000,A,A*4E
$GNGSA,A,3,31,22,20,14,,,,,,,,,1.58,1.00,1.22,1*08
$GNGSA,A,3,65,74,,,,,,,,,,,1.58,1.00,1.22,2*0E
$GNGSA,A,3,,,,,,,,,,,,,1.58,1.00,1.22,3*0F
$GNGSA,A,3,08,03,04,05,,,,,,,,,1.58,1.00,1.22,4*02
$GPGSV,3,1,11,16,01,181,,31,74,218,38.9,22,37,137,39.0,30,35,078,,1*61
$GPGSV,3,2,11,01,33,313,,05,23,052,,11,22,285,,12,15,045,,1*6F
$GPGSV,3,3,11,20,09,315,38.5,18,05,136,,14,57,052,38.6,1*53
$GLGSV,1,1,04,82,21,087,,65,62,253,38.3,74,15,262,38.9,72,14,332,,1*70
$GAGSV,1,1,00,7*73
$GBGSV,3,1,10,14,04,238,,08,73,346,38.8,09,56,269,,03,43,190,38.4,1*77
$GBGSV,3,2,10,01,38,147,,02,30,229,,04,27,124,37.8,12,21,246,,1*62
$GBGSV,3,3,10,05,15,248,37.8,06,75,330,,1*6E
$GNRMC,024922.000,A,3900.0008,N,11613.9779,E,0.01,114.10,280612,,,A,V*08
$GNVTG,114.10,T,,M,0.01,N,0.01,K,A*26
$GNZDA,024922.000,28,06,2012,,*4A
$GNGGA,024923.000,3900.0008,N,11613.9779,E,1,10,1.00,-7.7,M,-6.8,M,,*44
$PAIRACC,4.06,8.48*4D
$GNGLL,3900.0008,N,11613.9779,E,024923.000,A,A*4F
$GNGSA,A,3,31,22,20,14,,,,,,,,,1.58,1.00,1.22,1*08
$GNGSA,A,3,65,74,,,,,,,,,,,1.58,1.00,1.22,2*0E
$GNGSA,A,3,,,,,,,,,,,,,1.58,1.00,1.22,3*0F
$GNGSA,A,3,08,03,04,05,,,,,,,,,1.58,1.00,1.22,4*02
$GPGSV,3,1,11,16,01,181,,31,74,218,38.9,22,37,137,38.8,30,35,078,,1*68
$GPGSV,3,2,11,01,33,313,,05,23,052,,11,22,285,,12,15,045,,1*6F
$GPGSV,3,3,11,20,09,315,38.6,18,05,136,,14,57,052,38.8,1*5E
$GLGSV,1,1,04,82,21,087,,65,62,253,37.2,74,15,262,37.2,72,14,332,,1*7A
$GAGSV,1,1,00,7*73
$GBGSV,3,1,10,14,04,238,,08,73,346,38.6,09,56,269,,03,43,190,38.7,1*7A
$GBGSV,3,2,10,01,38,147,,02,30,229,,04,27,124,38.2,12,21,246,,1*67
$GBGSV,3,3,10,05,15,248,38.8,06,75,330,,1*61
$GNRMC,024923.000,A,3900.0008,N,11613.9779,E,0.01,129.18,280612,,,A,V*0F
$GNVTG,129.18,T,,M,0.01,N,0.01,K,A*20
$GNZDA,024923.000,28,06,2012,,*4B
$GNGGA,024924.000,3900.0008,N,11613.9779,E,1,10,1.00,-7.7,M,-6.8,M,,*43
$PAIRACC,4.28,8.86*43
$GNGLL,3900.0008,N,11613.9779,E,024924.000,A,A*48
$GNGSA,A,3,31,22,20,14,,,,,,,,,1.58,1.00,1.22,1*08
$GNGSA,A,3,65,74,,,,,,,,,,,1.58,1.00,1.22,2*0E
$GNGSA,A,3,,,,,,,,,,,,,1.58,1.00,1.22,3*0F
$GNGSA,A,3,08,03,04,05,,,,,,,,,1.58,1.00,1.22,4*02
$GPGSV,3,1,11,16,01,181,,31,74,218,38.8,22,37,137,38.6,30,35,078,,1*67
$GPGSV,3,2,11,01,33,313,,05,23,052,,11,22,285,,12,15,045,,1*6F
$GPGSV,3,3,11,20,09,315,38.6,18,05,136,,14,57,052,38.9,1*5F
$GLGSV,1,1,04,82,21,087,,65,62,253,38.4,74,15,262,37.5,72,14,332,,1*74
$GAGSV,1,1,00,7*73
$GBGSV,3,1,10,14,04,238,,08,73,346,38.5,09,56,269,,03,43,190,38.5,1*7B
$GBGSV,3,2,10,01,38,147,,02,30,229,,04,27,124,37.9,12,21,246,,1*63
$GBGSV,3,3,10,05,15,248,38.3,06,75,330,,1*6A
$GNRMC,024924.000,A,3900.0008,N,11613.9779,E,0.01,128.22,280612,,,A,V*00
$GNVTG,128.22,T,,M,0.01,N,0.01,K,A*28
$GNZDA,024924.000,28,06,2012,,*4C
$GNGGA,024925.000,3900.0008,N,11613.9780,E,1,10,1.00,-7.7,M,-6.8,M,,*44
$PAIRACC,4.06,8.48*4D
$GNGLL,3900.0008,N,11613.9780,E,024925.000,A,A*4F
$GNGSA,A,3,31,22,20,14,,,,,,,,,1.58,1.00,1.22,1*08
$GNGSA,A,3,65,74,,,,,,,,,,,1.58,1.00,1.22,2*0E
$GNGSA,A,3,,,,,,,,,,,,,1.58,1.00,1.22,3*0F
$GNGSA,A,3,08,03,04,05,,,,,,,,,1.58,1.00,1.22,4*02
$GPGSV,3,1,11,16,01,181,,31,74,218,38.9,22,37,137,38.8,30,35,078,,1*68
$GPGSV,3,2,11,01,33,313,,05,23,052,,11,22,285,,12,15,045,,1*6F
$GPGSV,3,3,11,20,09,315,38.6,18,05,136,,14,57,052,38.9,1*5F
$GLGSV,1,1,04,82,21,087,,65,62,253,37.0,74,15,262,37.2,72,14,332,,1*78
$GAGSV,1,1,00,7*73
$GBGSV,3,1,10,14,04,238,,08,73,346,38.7,09,56,269,,03,43,190,38.4,1*78
$GBGSV,3,2,10,01,38,147,,02,30,229,,04,27,124,37.6,12,21,246,,1*6C
$GBGSV,3,3,10,05,15,248,37.9,06,75,330,,1*6F
$GNRMC,024925.000,A,3900.0008,N,11613.9780,E,0.01,145.60,280612,,,A,V*0A
$GNVTG,145.60,T,,M,0.01,N,0.01,K,A*25
$GNZDA,024925.000,28,06,2012,,*4D
$GNGGA,024926.000,3900.0008,N,11613.9780,E,1,10,1.00,-7.7,M,-6.8,M,,*47
$PAIRACC,4.21,8.85*49
$GNGLL,3900.0008,N,11613.9780,E,024926.000,A,A*4C
$GNGSA,A,3,31,22,20,14,,,,,,,,,1.58,1.00,1.22,1*08
$GNGSA,A,3,65,74,,,,,,,,,,,1.58,1.00,1.22,2*0E
$GNGSA,A,3,,,,,,,,,,,,,1.58,1.00,1.22,3*0F
$GNGSA,A,3,08,03,04,05,,,,,,,,,1.58,1.00,1.22,4*02
$GPGSV,3,1,11,16,01,181,,31,74,218,38.8,22,37,137,39.0,30,35,078,,1*60
$GPGSV,3,2,11,01,33,313,,05,23,052,,11,22,285,,12,15,045,,1*6F
$GPGSV,3,3,11,20,09,315,38.5,18,05,136,,14,57,052,39.2,1*56
$GLGSV,1,1,04,82,21,087,,65,62,253,38.0,74,15,262,38.7,72,14,332,,1*7D
$GAGSV,1,1,00,7*73
$GBGSV,3,1,10,14,04,238,,08,73,346,38.9,09,56,269,,03,43,190,38.6,1*74
$GBGSV,3,2,10,01,38,147,,02,30,229,,04,27,124,38.5,12,21,246,,1*60
$GBGSV,3,3,10,05,15,248,38.4,06,75,330,,1*6D
$GNRMC,024926.000,A,3900.0008,N,11613.9780,E,0.01,134.02,280612,,,A,V*0B
$GNVTG,134.02,T,,M,0.01,N,0.01,K,A*27
$GNZDA,024926.000,28,06,2012,,*4E
$GNGGA,024927.000,3900.0008,N,11613.9780,E,1,10,1.00,-7.7,M,-6.8,M,,*46
$PAIRACC,4.13,8.49*48
$GNGLL,3900.0008,N,11613.9780,E,024927.000,A,A*4D
$GNGSA,A,3,31,22,20,14,,,,,,,,,1.58,1.00,1.22,1*08
$GNGSA,A,3,65,74,,,,,,,,,,,1.58,1.00,1.22,2*0E
$GNGSA,A,3,,,,,,,,,,,,,1.58,1.00,1.22,3*0F
$GNGSA,A,3,08,03,04,05,,,,,,,,,1.58,1.00,1.22,4*02
$GPGSV,3,1,11,16,01,181,,31,74,218,38.7,22,37,137,39.0,30,35,078,,1*6F
$GPGSV,3,2,11,01,33,313,,05,23,052,,11,22,285,,12,15,045,,1*6F
$GPGSV,3,3,11,20,09,315,38.7,18,05,136,,14,57,052,39.2,1*54
$GLGSV,1,1,04,82,21,087,,65,62,253,37.3,74,15,262,37.0,72,14,332,,1*79
$GAGSV,1,1,00,7*73
$GBGSV,3,1,10,14,04,238,,08,73,346,38.9,09,56,269,,03,43,190,38.7,1*75
$GBGSV,3,2,10,01,38,147,,02,30,229,,04,27,124,37.8,12,21,246,,1*62
$GBGSV,3,3,10,05,15,248,37.8,06,75,330,,1*6E
$GNRMC,024927.000,A,3900.0008,N,11613.9780,E,0.01,139.23,280612,,,A,V*04
$GNVTG,139.23,T,,M,0.01,N,0.01,K,A*29
$GNZDA,024927.000,28,06,2012,,*4F
$GNGGA,024928.000,3900.0008,N,11613.9780,E,1,10,1.00,-7.7,M,-6.8,M,,*49
$PAIRACC,4.19,8.75*4D
$GNGLL,3900.0008,N,11613.9780,E,024928.000,A,A*42
$GNGSA,A,3,31,22,20,14,,,,,,,,,1.58,1.00,1.22,1*08
$GNGSA,A,3,65,74,,,,,,,,,,,1.58,1.00,1.22,2*0E
$GNGSA,A,3,,,,,,,,,,,,,1.58,1.00,1.22,3*0F
$GNGSA,A,3,08,03,04,05,,,,,,,,,1.58,1.00,1.22,4*02
$GPGSV,3,1,11,16,01,181,,31,74,218,38.3,22,37,137,38.9,30,35,078,,1*63
$GPGSV,3,2,11,01,33,313,,05,23,052,,11,22,285,,12,15,045,,1*6F
$GPGSV,3,3,11,20,09,315,38.9,18,05,136,,14,57,052,38.7,1*5E
$GLGSV,1,1,04,82,21,087,,65,62,253,38.6,74,15,262,37.6,72,14,332,,1*75
$GAGSV,1,1,00,7*73
$GBGSV,3,1,10,14,04,238,,08,73,346,39.1,09,56,269,,03,43,190,38.3,1*78
$GBGSV,3,2,10,01,38,147,,02,30,229,,04,27,124,37.8,12,21,246,,1*62
$GBGSV,3,3,10,05,15,248,37.7,06,75,330,,1*61
$GNRMC,024928.000,A,3900.0008,N,11613.9780,E,0.01,120.34,280612,,,A,V*05
$GNVTG,120.34,T,,M,0.01,N,0.01,K,A*27
$GNZDA,024928.000,28,06,2012,,*40
$GNGGA,024929.000,3900.0008,N,11613.9780,E,1,10,1.00,-7.7,M,-6.8,M,,*48
$PAIRACC,4.15,8.58*4E
$GNGLL,3900.0008,N,11613.9780,E,024929.000,A,A*43
$GNGSA,A,3,31,22,20,14,,,,,,,,,1.58,1.00,1.22,1*08
$GNGSA,A,3,65,74,,,,,,,,,,,1.58,1.00,1.22,2*0E
$GNGSA,A,3,,,,,,,,,,,,,1.58,1.00,1.22,3*0F
$GNGSA,A,3,08,03,04,05,,,,,,,,,1.58,1.00,1.22,4*02
$GPGSV,3,1,11,16,01,181,,31,74,218,38.9,22,37,137,38.8,30,35,078,,1*68
$GPGSV,3,2,11,01,33,313,,05,23,052,,11,22,285,,12,15,045,,1*6F
$GPGSV,3,3,11,20,09,315,38.5,18,05,136,,14,57,052,39.0,1*54
$GLGSV,1,1,04,82,21,087,,65,62,253,37.8,74,15,262,39.0,72,14,332,,1*7C
$GAGSV,1,1,00,7*73
$GBGSV,3,1,10,14,04,238,,08,73,346,38.7,09,56,269,,03,43,190,38.7,1*7B
$GBGSV,3,2,10,01,38,147,,02,30,229,,04,27,124,38.6,12,21,246,,1*63
$GBGSV,3,3,10,05,15,248,38.4,06,75,330,,1*6D
$GNRMC,024929.000,A,3900.0008,N,11613.9780,E,0.01,98.72,280612,,,A,V*34
$GNVTG,98.72,T,,M,0.01,N,0.01,K,A*17
$GNZDA,024929.000,28,06,2012,,*41
$GNGGA,024930.000,3900.0008,N,11613.9780,E,1,10,1.00,-7.7,M,-6.8,M,,*40
$PAIRACC,4.19,8.76*4E
$GNGLL,3900.0008,N,11613.9780,E,024930.000,A,A*4B
$GNGSA,A,3,31,22,20,14,,,,,,,,,1.58,1.00,1.22,1*08
$GNGSA,A,3,65,74,,,,,,,,,,,1.58,1.00,1.22,2*0E
$GNGSA,A,3,,,,,,,,,,,,,1.58,1.00,1.22,3*0F
$GNGSA,A,3,08,03,04,05,,,,,,,,,1.58,1.00,1.22,4*02
$GPGSV,3,1,11,16,01,181,,31,74,218,38.6,22,37,137,39.0,30,35,078,,1*6E
$GPGSV,3,2,11,01,33,313,,05,23,052,,11,22,285,,12,15,045,,1*6F
$GPGSV,3,3,11,20,09,315,38.4,18,05,136,,14,57,052,39.4,1*51
$GLGSV,1,1,04,82,21,087,,65,62,253,38.7,74,15,262,38.9,72,14,332,,1*74
$GAGSV,1,1,00,7*73
$GBGSV,3,1,10,14,04,238,,08,73,346,38.7,09,56,269,,03,43,190,38.7,1*7B
$GBGSV,3,2,10,01,38,147,,02,30,229,,04,27,124,37.6,12,21,246,,1*6C
$GBGSV,3,3,10,05,15,248,37.8,06,75,330,,1*6E
$GNRMC,024930.000,A,3900.0008,N,11613.9780,E,0.01,117.98,280612,,,A,V*0E
$GNVTG,117.98,T,,M,0.01,N,0.01,K,A*25
$GNZDA,024930.000,28,06,2012,,*49
$GNGGA,024931.000,3900.0008,N,11613.9780,E,1,10,1.00,-7.7,M,-6.8,M,,*41
$PAIRACC,4.15,8.59*4F
$GNGLL,3900.0008,N,11613.9780,E,024931.000,A,A*4A
$GNGSA,A,3,31,22,20,14,,,,,,,,,1.58,1.00,1.22,1*08
$GNGSA,A,3,65,74,,,,,,,,,,,1.58,1.00,1.22,2*0E
$GNGSA,A,3,,,,,,,,,,,,,1.58,1.00,1.22,3*0F
$GNGSA,A,3,08,03,04,05,,,,,,,,,1.58,1.00,1.22,4*02
$GPGSV,3,1,11,16,01,181,,31,74,218,38.8,22,37,137,39.3,30,35,078,,1*63
$GPGSV,3,2,11,01,33,313,,05,23,052,,11,22,285,,12,15,045,,1*6F
$GPGSV,3,3,11,20,09,315,38.7,18,05,136,,14,57,052,39.1,1*57
$GLGSV,1,1,04,82,21,087,,65,62,253,37.8,74,15,262,39.2,72,14,332,,1*7E
$GAGSV,1,1,00,7*73
$GBGSV,3,1,10,14,04,238,,08,73,346,38.6,09,56,269,,03,43,190,38.5,1*78
$GBGSV,3,2,10,01,38,147,,02,30,229,,04,27,124,37.6,12,21,246,,1*6C
$GBGSV,3,3,10,05,15,248,37.6,06,75,330,,1*60
$GNRMC,024931.000,A,3900.0008,N,11613.9780,E,0.01,124.57,280612,,,A,V*0C
$GNVTG,124.57,T,,M,0.01,N,0.01,K,A*26
$GNZDA,024931.000,28,06,2012,,*48
$GNGGA,024932.000,3900.0008,N,11613.9780,E,1,10,1.00,-7.7,M,-6.8,M,,*42
$PAIRACC,4.20,8.76*44
$GNGLL,3900.0008,N,11613.9780,E,024932.000,A,A*49
$GNGSA,A,3,31,22,20,14,,,,,,,,,1.58,1.00,1.22,1*08
$GNGSA,A,3,65,74,,,,,,,,,,,1.58,1.00,1.22,2*0E
$GNGSA,A,3,,,,,,,,,,,,,1.58,1.00,1.22,3*0F
$GNGSA,A,3,08,03,04,05,,,,,,,,,1.58,1.00,1.22,4*02
$GPGSV,3,1,11,16,01,181,,31,74,218,38.8,22,37,137,38.7,30,35,078,,1*66
$GPGSV,3,2,11,01,33,313,,05,23,052,,11,22,285,,12,15,045,,1*6F
$GPGSV,3,3,11,20,09,315,38.9,18,05,136,,14,57,052,39.0,1*58
$GLGSV,1,1,04,82,21,087,,65,62,253,38.5,74,15,262,39.2,72,14,332,,1*7C
$GAGSV,1,1,00,7*73
$GBGSV,3,1,10,14,04,238,,08,73,346,39.1,09,56,269,,03,43,190,38.3,1*78
$GBGSV,3,2,10,01,38,147,,02,30,229,,04,27,124,38.6,12,21,246,,1*63
$GBGSV,3,3,10,05,15,248,38.6,06,75,330,,1*6F
$GNRMC,024932.000,A,3900.0008,N,11613.9780,E,0.01,119.58,280612,,,A,V*0E
$GNVTG,119.58,T,,M,0.01,N,0.01,K,A*27
$GNZDA,024932.000,28,06,2012,,*4B
$GNGGA,024933.000,3900.0008,N,11613.9780,E,1,10,1.00,-7.7,M,-6.8,M,,*43
$PAIRACC,4.15,8.59*4F
$GNGLL,3900.0008,N,11613.9780,E,024933.000,A,A*48
$GNGSA,A,3,31,22,20,14,,,,,,,,,1.58,1.00,1.22,1*08
$GNGSA,A,3,65,74,,,,,,,,,,,1.58,1.00,1.22,2*0E
$GNGSA,A,3,,,,,,,,,,,,,1.58,1.00,1.22,3*0F
$GNGSA,A,3,08,03,04,05,,,,,,,,,1.58,1.00,1.22,4*02
$GPGSV,3,1,11,16,01,181,,31,74,218,38.8,22,37,137,38.5,30,35,078,,1*64
$GPGSV,3,2,11,01,33,313,,05,23,052,,11,22,285,,12,15,045,,1*6F
$GPGSV,3,3,11,20,09,315,38.8,18,05,136,,14,57,052,39.1,1*58
$GLGSV,1,1,04,82,21,087,,65,62,253,39.7,74,15,262,39.4,72,14,332,,1*79
$GAGSV,1,1,00,7*73
$GBGSV,3,1,10,14,04,238,,08,73,346,38.9,09,56,269,,03,43,190,38.5,1*77
$GBGSV,3,2,10,01,38,147,,02,30,229,,04,27,124,37.5,12,21,246,,1*6F
$GBGSV,3,3,10,05,15,248,37.9,06,75,330,,1*6F
$GNRMC,024933.000,A,3900.0008,N,11613.9780,E,0.01,120.71,280612,,,A,V*0E
$GNVTG,120.71,T,,M,0.01,N,0.01,K,A*26
$GNZDA,024933.000,28,06,2012,,*4A
$GNGGA,024934.000,3900.0008,N,11613.9780,E,1,10,1.00,-7.7,M,-6.8,M,,*44
$PAIRACC,4.13,8.52*42
$GNGLL,3900.0008,N,11613.9780,E,024934.000,A,A*4F
$GNGSA,A,3,31,22,20,14,,,,,,,,,1.58,1.00,1.22,1*08
$GNGSA,A,3,65,74,,,,,,,,,,,1.58,1.00,1.22,2*0E
$GNGSA,A,3,,,,,,,,,,,,,1.58,1.00,1.22,3*0F
$GNGSA,A,3,08,03,04,05,,,,,,,,,1.58,1.00,1.22,4*02
$GPGSV,3,1,11,16,01,181,,31,74,218,38.8,22,37,137,39.1,30,35,078,,1*61
$GPGSV,3,2,11,01,33,313,,05,23,052,,11,22,285,,12,15,045,,1*6F
$GPGSV,3,3,11,20,09,315,38.7,18,05,136,,14,57,052,38.8,1*5F
$GLGSV,1,1,04,82,21,087,,65,62,253,39.7,74,15,262,39.2,72,14,332,,1*7F
$GAGSV,1,1,00,7*73
$GBGSV,3,1,10,14,04,238,,08,73,346,39.2,09,56,269,,03,43,190,38.6,1*7E
$GBGSV,3,2,10,01,38,147,,02,30,229,,04,27,124,37.4,12,21,246,,1*6E
$GBGSV,3,3,10,05,15,248,38.3,06,75,330,,1*6A
$GNRMC,024934.000,A,3900.0008,N,11613.9780,E,0.01,110.60,280612,,,A,V*0A
$GNVTG,110.60,T,,M,0.01,N,0.01,K,A*25
$GNZDA,024934.000,28,06,2012,,*4D
$GNGGA,024935.000,3900.0008,N,11613.9780,E,1,10,1.00,-7.7,M,-6.8,M,,*45
$PAIRACC,4.19,8.77*4F
$GNGLL,3900.0008,N,11613.9780,E,024935.000,A,A*4E
$GNGSA,A,3,31,22,20,14,,,,,,,,,1.58,1.00,1.22,1*08
$GNGSA,A,3,65,74,,,,,,,,,,,1.58,1.00,1.22,2*0E
$GNGSA,A,3,,,,,,,,,,,,,1.58,1.00,1.22,3*0F
$GNGSA,A,3,08,03,04,05,,,,,,,,,1.58,1.00,1.22,4*02
$GPGSV,3,1,11,16,01,181,,31,74,218,38.5,22,37,137,38.0,30,35,078,,1*6C
$GPGSV,3,2,11,01,33,313,,05,23,052,,11,22,285,,12,15,045,,1*6F
$GPGSV,3,3,11,20,09,315,38.8,18,05,136,,14,57,052,38.8,1*50
$GLGSV,1,1,04,82,21,087,,65,62,253,39.0,74,15,262,39.2,72,14,332,,1*78
$GAGSV,1,1,00,7*73
$GBGSV,3,1,10,14,04,238,,08,73,346,38.8,09,56,269,,03,43,190,38.2,1*71
$GBGSV,3,2,10,01,38,147,,02,30,229,,04,27,124,38.7,12,21,246,,1*62
$GBGSV,3,3,10,05,15,248,38.4,06,75,330,,1*6D
$GNRMC,024935.000,A,3900.0008,N,11613.9780,E,0.01,121.54,280612,,,A,V*0E
$GNVTG,121.54,T,,M,0.01,N,0.01,K,A*20
$GNZDA,024935.000,28,06,2012,,*4C
$GNGGA,024936.000,3900.0008,N,11613.9780,E,1,10,1.00,-7.6,M,-6.8,M,,*47
$PAIRACC,4.09,8.56*4D
$GNGLL,3900.0008,N,11613.9780,E,024936.000,A,A*4D
$GNGSA,A,3,31,22,20,14,,,,,,,,,1.58,1.00,1.22,1*08
$GNGSA,A,3,65,74,,,,,,,,,,,1.58,1.00,1.22,2*0E
$GNGSA,A,3,,,,,,,,,,,,,1.58,1.00,1.22,3*0F
$GNGSA,A,3,08,03,04,05,,,,,,,,,1.58,1.00,1.22,4*02
$GPGSV,3,1,11,16,01,181,,31,74,218,38.5,22,37,137,38.7,30,35,078,,1*6B
$GPGSV,3,2,11,01,34,313,,05,23,052,,11,22,285,,12,15,045,,1*68
$GPGSV,3,3,11,20,09,315,38.7,18,05,136,,14,57,052,39.0,1*56
$GLGSV,1,1,04,82,21,087,,65,62,253,39.5,74,15,262,38.7,72,14,332,,1*79
$GAGSV,1,1,00,7*73
$GBGSV,3,1,10,14,04,238,,08,73,346,38.5,09,56,269,,03,43,190,38.7,1*79
$GBGSV,3,2,10,01,38,147,,02,30,229,,04,27,124,37.9,12,21,246,,1*63
$GBGSV,3,3,10,05,15,248,38.3,06,75,330,,1*6A
$GNRMC,024936.000,A,3900.0008,N,11613.9780,E,0.01,145.41,280612,,,A,V*0B
$GNVTG,145.41,T,,M,0.01,N,0.01,K,A*26
$GNZDA,024936.000,28,06,2012,,*4F
$GNGGA,024937.000,3900.0008,N,11613.9780,E,1,10,1.00,-7.6,M,-6.8,M,,*46
$PAIRACC,4.19,8.53*49
$GNGLL,3900.0008,N,11613.9780,E,024937.000,A,A*4C
$GNGSA,A,3,31,22,20,14,,,,,,,,,1.58,1.00,1.22,1*08
$GNGSA,A,3,65,74,,,,,,,,,,,1.58,1.00,1.22,2*0E
$GNGSA,A,3,,,,,,,,,,,,,1.58,1.00,1.22,3*0F
$GNGSA,A,3,08,03,04,05,,,,,,,,,1.58,1.00,1.22,4*02
$GPGSV,3,1,11,16,01,181,,31,74,218,38.6,22,37,137,38.7,30,35,078,,1*68
$GPGSV,3,2,11,01,34,313,,05,23,052,,11,22,285,,12,15,045,,1*68
$GPGSV,3,3,11,20,09,315,38.8,18,05,136,,14,57,052,38.9,1*51
$GLGSV,1,1,04,82,21,087,,65,62,253,39.5,74,15,262,39.1,72,14,332,,1*7E
$GAGSV,1,1,00,7*73
$GBGSV,3,1,10,14,04,238,,08,73,346,39.3,09,56,269,,03,43,190,38.5,1*7C
$GBGSV,3,2,10,01,38,147,,02,30,229,,04,27,124,38.1,12,21,246,,1*64
$GBGSV,3,3,10,05,15,248,37.8,06,75,330,,1*6E
$GNRMC,024937.000,A,3900.0008,N,11613.9780,E,0.01,143.43,280612,,,A,V*0E
$GNVTG,143.43,T,,M,0.01,N,0.01,K,A*22
$GNZDA,024937.000,28,06,2012,,*4E
$GNGGA,024938.000,3900.0008,N,11613.9781,E,1,10,1.00,-7.6,M,-6.8,M,,*48
$PAIRACC,4.13,8.76*44
$GNGLL,3900.0008,N,11613.9781,E,024938.000,A,A*42
$GNGSA,A,3,31,22,20,14,,,,,,,,,1.58,1.00,1.22,1*08
$GNGSA,A,3,65,74,,,,,,,,,,,1.58,1.00,1.22,2*0E
$GNGSA,A,3,,,,,,,,,,,,,1.58,1.00,1.22,3*0F
$GNGSA,A,3,08,03,04,05,,,,,,,,,1.58,1.00,1.22,4*02
$GPGSV,3,1,11,16,01,181,,31,74,218,38.1,22,37,137,38.9,30,35,078,,1*61
$GPGSV,3,2,11,01,34,313,,05,23,052,,11,22,285,,12,15,045,,1*68
$GPGSV,3,3,11,20,09,315,39.0,18,05,136,,14,57,052,38.5,1*54
$GLGSV,1,1,04,82,21,087,,65,62,253,39.0,74,15,262,39.2,72,14,332,,1*78
$GAGSV,1,1,00,7*73
$GBGSV,3,1,10,14,04,238,,08,73,346,39.4,09,56,269,,03,43,190,38.7,1*79
$GBGSV,3,2,10,01,38,147,,02,30,229,,04,27,124,38.6,12,21,246,,1*63
$GBGSV,3,3,10,05,15,248,38.4,06,75,330,,1*6D
$GNRMC,024938.000,A,3900.0008,N,11613.9781,E,0.01,123.89,280612,,,A,V*00
$GNVTG,123.89,T,,M,0.01,N,0.01,K,A*22
$GNZDA,024938.000,28,06,2012,,*41
$GNGGA,024939.000,3900.0008,N,11613.9780,E,1,10,1.00,-7.6,M,-6.8,M,,*48
$PAIRACC,4.15,8.59*4F
$GNGLL,3900.0008,N,11613.9780,E,024939.000,A,A*42
$GNGSA,A,3,31,22,20,14,,,,,,,,,1.58,1.00,1.22,1*08
$GNGSA,A,3,65,74,,,,,,,,,,,1.58,1.00,1.22,2*0E
$GNGSA,A,3,,,,,,,,,,,,,1.58,1.00,1.22,3*0F
$GNGSA,A,3,08,03,04,05,,,,,,,,,1.58,1.00,1.22,4*02
$GPGSV,3,1,11,16,01,181,,31,74,218,38.7,22,37,137,38.6,30,35,078,,1*68
$GPGSV,3,2,11,01,34,313,,05,23,052,,11,22,285,,12,15,045,,1*68
$GPGSV,3,3,11,20,09,315,38.6,18,05,136,,14,57,052,39.2,1*55
$GLGSV,1,1,04,82,21,087,,65,62,253,39.5,74,15,262,38.8,72,14,332,,1*76
$GAGSV,1,1,00,7*73
$GBGSV,3,1,10,14,04,238,,08,73,346,39.4,09,56,269,,03,43,190,38.9,1*77
$GBGSV,3,2,10,01,38,147,,02,30,229,,04,27,124,37.9,12,21,246,,1*63
$GBGSV,3,3,10,05,15,248,38.1,06,75,330,,1*68
$GNRMC,024939.000,A,3900.0008,N,11613.9780,E,0.01,164.18,280612,,,A,V*0B
$GNVTG,164.18,T,,M,0.01,N,0.01,K,A*29
$GNZDA,024939.000,28,06,2012,,*40
$GNGGA,024940.000,3900.0008,N,11613.9781,E,1,10,1.00,-7.6,M,-6.8,M,,*47
$PAIRACC,4.19,8.78*40
$GNGLL,3900.0008,N,11613.9781,E,024940.000,A,A*4D
$GNGSA,A,3,31,22,20,14,,,,,,,,,1.58,1.00,1.22,1*08
$GNGSA,A,3,65,74,,,,,,,,,,,1.58,1.00,1.22,2*0E
$GNGSA,A,3,,,,,,,,,,,,,1.58,1.00,1.22,3*0F
$GNGSA,A,3,08,03,04,05,,,,,,,,,1.58,1.00,1.22,4*02
$GPGSV,3,1,11,16,01,181,,31,74,218,38.8,22,37,137,38.9,30,35,078,,1*68
$GPGSV,3,2,11,01,34,313,,05,23,051,,11,22,285,,12,15,045,,1*6B
$GPGSV,3,3,11,20,09,315,38.3,18,05,136,,14,57,052,39.0,1*52
$GLGSV,1,1,04,82,21,087,,65,62,253,39.0,74,15,262,38.9,72,14,332,,1*72
$GAGSV,1,1,00,7*73
$GBGSV,3,1,10,14,04,238,,08,73,346,39.0,09,56,269,,03,43,190,38.6,1*7C
$GBGSV,3,2,10,01,38,147,,02,30,229,,04,27,124,37.9,12,21,246,,1*63
$GBGSV,3,3,10,05,15,248,38.3,06,75,330,,1*6A
$GNRMC,024940.000,A,3900.0008,N,11613.9781,E,0.01,136.21,280612,,,A,V*09
$GNVTG,136.21,T,,M,0.01,N,0.01,K,A*24
$GNZDA,024940.000,28,06,2012,,*4E
$GNGGA,024941.000,3900.0007,N,11613.9781,E,1,10,1.00,-7.6,M,-6.8,M,,*49
$PAIRACC,4.13,8.53*43
$GNGLL,3900.0007,N,11613.9781,E,024941.000,A,A*43
$GNGSA,A,3,31,22,20,14,,,,,,,,,1.58,1.00,1.22,1*08
$GNGSA,A,3,65,74,,,,,,,,,,,1.58,1.00,1.22,2*0E
$GNGSA,A,3,,,,,,,,,,,,,1.58,1.00,1.22,3*0F
$GNGSA,A,3,08,03,04,05,,,,,,,,,1.58,1.00,1.22,4*02
$GPGSV,3,1,11,16,01,181,,31,74,218,38.7,22,37,137,38.9,30,35,078,,1*67
$GPGSV,3,2,11,01,34,313,,05,23,051,,11,22,285,,12,15,045,,1*6B
$GPGSV,3,3,11,20,09,315,38.6,18,05,136,,14,57,052,38.8,1*5E
$GLGSV,1,1,04,82,21,087,,65,62,253,39.2,74,15,262,39.0,72,14,332,,1*78
$GAGSV,1,1,00,7*73
$GBGSV,3,1,10,14,04,238,,08,73,346,39.4,09,56,269,,03,43,190,38.4,1*7A
$GBGSV,3,2,10,01,38,147,,02,30,229,,04,27,124,38.6,12,21,246,,1*63
$GBGSV,3,3,10,05,15,248,38.8,06,75,330,,1*61
$GNRMC,024941.000,A,3900.0007,N,11613.9781,E,0.01,157.76,280612,,,A,V*02
$GNVTG,157.76,T,,M,0.01,N,0.01,K,A*21
$GNZDA,024941.000,28,06,2012,,*4F
$GNGGA,024942.000,3900.0007,N,11613.9781,E,1,10,1.00,-7.6,M,-6.8,M,,*4A
$PAIRACC,4.18,8.64*4C
$GNGLL,3900.0007,N,11613.9781,E,024942.000,A,A*40
$GNGSA,A,3,31,22,20,14,,,,,,,,,1.58,1.00,1.22,1*08
$GNGSA,A,3,65,74,,,,,,,,,,,1.58,1.00,1.22,2*0E
$GNGSA,A,3,,,,,,,,,,,,,1.58,1.00,1.22,3*0F
$GNGSA,A,3,08,03,04,05,,,,,,,,,1.58,1.00,1.22,4*02
$GPGSV,3,1,11,16,01,181,,31,74,218,39.1,22,37,137,39.0,30,35,078,,1*68
$GPGSV,3,2,11,01,34,313,,05,23,051,,11,22,285,,12,15,045,,1*6B
$GPGSV,3,3,11,20,09,315,38.5,18,05,136,,14,57,052,38.6,1*53
$GLGSV,1,1,04,82,21,087,,65,62,253,39.2,74,15,262,38.8,72,14,332,,1*71
$GAGSV,1,1,00,7*73
$GBGSV,3,1,10,14,04,238,,08,73,346,39.3,09,56,269,,03,43,190,38.5,1*7C
$GBGSV,3,2,10,01,38,147,,02,30,229,,04,27,124,37.7,12,21,246,,1*6D
$GBGSV,3,3,10,05,15,248,38.3,06,75,330,,1*6A
$GNRMC,024942.000,A,3900.0007,N,11613.9781,E,0.01,133.16,280612,,,A,V*05
$GNVTG,133.16,T,,M,0.01,N,0.01,K,A*25
$GNZDA,024942.000,28,06,2012,,*4C
$GNGGA,024943.000,3900.0007,N,11613.9781,E,1,10,1.00,-7.6,M,-6.8,M,,*4B
$PAIRACC,4.08,8.60*49
$GNGLL,3900.0007,N,11613.9781,E,024943.000,A,A*41
$GNGSA,A,3,31,22,20,14,,,,,,,,,1.58,1.00,1.22,1*08
$GNGSA,A,3,65,74,,,,,,,,,,,1.58,1.00,1.22,2*0E
$GNGSA,A,3,,,,,,,,,,,,,1.58,1.00,1.22,3*0F
$GNGSA,A,3,08,03,04,05,,,,,,,,,1.58,1.00,1.22,4*02
$GPGSV,3,1,11,16,01,181,,31,74,218,38.6,22,37,137,39.1,30,35,078,,1*6F
$GPGSV,3,2,11,01,34,313,,05,23,051,,11,22,285,,12,15,045,,1*6B
$GPGSV,3,3,11,20,09,315,39.0,18,05,136,,14,57,052,38.8,1*59
$GLGSV,1,1,04,82,21,087,,65,62,253,39.4,74,15,262,39.0,72,14,332,,1*7E
$GAGSV,1,1,00,7*73
$GBGSV,3,1,10,14,04,238,,08,73,346,38.6,09,56,269,,03,43,190,38.4,1*79
$GBGSV,3,2,10,01,38,147,,02,30,229,,04,27,124,38.1,12,21,246,,1*64
$GBGSV,3,3,10,05,15,248,38.0,06,75,330,,1*69
$GNRMC,024943.000,A,3900.0007,N,11613.9781,E,0.01,138.01,280612,,,A,V*09
$GNVTG,138.01,T,,M,0.01,N,0.01,K,A*28
$GNZDA,024943.000,28,06,2012,,*4D
$GNGGA,024944.000,3900.0007,N,11613.9781,E,1,10,1.00,-7.6,M,-6.8,M,,*4C
$PAIRACC,4.06,8.49*4C
$GNGLL,3900.0007,N,11613.9781,E,024944.000,A,A*46
$GNGSA,A,3,31,22,20,14,,,,,,,,,1.58,1.00,1.22,1*08
$GNGSA,A,3,65,74,,,,,,,,,,,1.58,1.00,1.22,2*0E
$GNGSA,A,3,,,,,,,,,,,,,1.58,1.00,1.22,3*0F
$GNGSA,A,3,08,03,04,05,,,,,,,,,1.58,1.00,1.22,4*02
$GPGSV,3,1,11,16,01,181,,31,74,218,39.0,22,37,137,39.0,30,35,078,,1*69
$GPGSV,3,2,11,01,34,313,,05,23,051,,11,22,285,,12,15,045,,1*6B
$GPGSV,3,3,11,20,09,315,38.7,18,05,136,,14,57,052,38.9,1*5E
$GLGSV,1,1,04,82,21,087,,65,62,253,39.3,74,15,262,38.7,72,14,332,,1*7F
$GAGSV,1,1,00,7*73
$GBGSV,3,1,10,14,04,238,,08,73,346,38.7,09,56,269,,03,43,190,38.7,1*7B
$GBGSV,3,2,10,01,38,147,,02,30,229,,04,27,124,38.4,12,21,246,,1*61
$GBGSV,3,3,10,05,15,248,38.5,06,75,330,,1*6C
$GNRMC,024944.000,A,3900.0007,N,11613.9781,E,0.01,148.30,280612,,,A,V*0B
$GNVTG,148.30,T,,M,0.01,N,0.01,K,A*2D
$GNZDA,024944.000,28,06,2012,,*4A
$GNGGA,024945.000,3900.0007,N,11613.9781,E,1,10,1.00,-7.6,M,-6.8,M,,*4D
$PAIRACC,4.09,8.54*4F
$GNGLL,3900.0007,N,11613.9781,E,024945.000,A,A*47
$GNGSA,A,3,31,22,20,14,,,,,,,,,1.58,1.00,1.22,1*08
$GNGSA,A,3,65,74,,,,,,,,,,,1.58,1.00,1.22,2*0E
$GNGSA,A,3,,,,,,,,,,,,,1.58,1.00,1.22,3*0F
$GNGSA,A,3,08,03,04,05,,,,,,,,,1.58,1.00,1.22,4*02
$GPGSV,3,1,11,16,01,181,,31,74,218,38.4,22,37,137,39.0,30,35,078,,1*6C
$GPGSV,3,2,11,01,34,313,,05,23,051,,11,22,285,,12,15,045,,1*6B
$GPGSV,3,3,11,20,09,315,38.5,18,05,136,,14,57,052,38.8,1*5D
$GLGSV,1,1,04,82,21,087,,65,62,253,39.1,74,15,262,38.8,72,14,332,,1*72
$GAGSV,1,1,00,7*73
$GBGSV,3,1,10,14,04,238,,08,73,346,38.7,09,56,269,,03,43,190,38.4,1*78
$GBGSV,3,2,10,01,38,147,,02,30,229,,04,27,124,38.2,12,21,246,,1*67
$GBGSV,3,3,10,05,15,248,37.6,06,75,330,,1*60
$GNRMC,024945.000,A,3900.0007,N,11613.9781,E,0.01,143.14,280612,,,A,V*07
$GNVTG,143.14,T,,M,0.01,N,0.01,K,A*20
$GNZDA,024945.000,28,06,2012,,*4B
$GNGGA,024946.000,3900.0007,N,11613.9781,E,1,10,1.00,-7.6,M,-6.8,M,,*4E
$PAIRACC,4.06,8.49*4C
$GNGLL,3900.0007,N,11613.9781,E,024946.000,A,A*44
$GNGSA,A,3,31,22,20,14,,,,,,,,,1.58,1.00,1.22,1*08
$GNGSA,A,3,65,74,,,,,,,,,,,1.58,1.00,1.22,2*0E
$GNGSA,A,3,,,,,,,,,,,,,1.58,1.00,1.22,3*0F
$GNGSA,A,3,08,03,04,05,,,,,,,,,1.58,1.00,1.22,4*02
$GPGSV,3,1,11,16,01,181,,31,74,218,38.8,22,37,137,38.8,30,35,078,,1*69
$GPGSV,3,2,11,01,34,313,,05,23,051,,11,22,284,,12,15,045,,1*6A
$GPGSV,3,3,11,20,09,315,38.8,18,05,136,,14,57,052,38.5,1*5D
$GLGSV,1,1,04,82,21,087,,65,62,253,39.5,74,15,262,38.7,72,14,332,,1*79
$GAGSV,1,1,00,7*73
$GBGSV,3,1,10,14,04,238,,08,73,346,38.7,09,56,269,,03,43,190,38.4,1*78
$GBGSV,3,2,10,01,38,147,,02,30,229,,04,27,124,37.9,12,21,246,,1*63
$GBGSV,3,3,10,05,15,248,37.5,06,75,330,,1*63
$GNRMC,024946.000,A,3900.0007,N,11613.9781,E,0.00,149.46,280612,,,A,V*08
$GNVTG,149.46,T,,M,0.00,N,0.01,K,A*2C
$GNZDA,024946.000,28,06,2012,,*48
$GNGGA,024947.000,3900.0007,N,11613.9781,E,1,10,1.00,-7.6,M,-6.8,M,,*4F
$PAIRACC,4.06,8.49*4C
$GNGLL,3900.0007,N,11613.9781,E,024947.000,A,A*45
$GNGSA,A,3,31,22,20,14,,,,,,,,,1.58,1.00,1.22,1*08
$GNGSA,A,3,65,74,,,,,,,,,,,1.58,1.00,1.22,2*0E
$GNGSA,A,3,,,,,,,,,,,,,1.58,1.00,1.22,3*0F
$GNGSA,A,3,08,03,04,05,,,,,,,,,1.58,1.00,1.22,4*02
$GPGSV,3,1,11,16,01,181,,31,74,218,38.4,22,37,137,38.9,30,35,078,,1*64
$GPGSV,3,2,11,01,34,313,,05,23,051,,11,22,284,,12,15,044,,1*6B
$GPGSV,3,3,11,20,09,315,38.7,18,05,136,,14,57,052,39.1,1*57
$GLGSV,1,1,04,82,21,087,,65,62,253,39.3,74,15,262,39.7,72,14,332,,1*7E
$GAGSV,1,1,00,7*73
$GBGSV,3,1,10,14,04,238,,08,73,346,38.6,09,56,269,,03,43,190,38.9,1*74
$GBGSV,3,2,10,01,38,147,,02,30,229,,04,27,124,37.5,12,21,246,,1*6F
$GBGSV,3,3,10,05,15,248,37.7,06,75,330,,1*61
$GNRMC,024947.000,A,3900.0007,N,11613.9781,E,0.00,102.08,280612,,,A,V*0C
$GNVTG,102.08,T,,M,0.00,N,0.01,K,A*29
$GNZDA,024947.000,28,06,2012,,*49
$GNGGA,024948.000,3900.0007,N,11613.9781,E,1,10,1.00,-7.6,M,-6.8,M,,*40
$PAIRACC,4.06,8.48*4D
$GNGLL,3900.0007,N,11613.9781,E,024948.000,A,A*4A
$GNGSA,A,3,31,22,20,14,,,,,,,,,1.58,1.00,1.22,1*08
$GNGSA,A,3,65,74,,,,,,,,,,,1.58,1.00,1.22,2*0E
$GNGSA,A,3,,,,,,,,,,,,,1.58,1.00,1.22,3*0F
$GNGSA,A,3,08,03,04,05,,,,,,,,,1.58,1.00,1.22,4*02
$GPGSV,3,1,11,16,01,181,,31,74,218,38.9,22,37,137,38.7,30,35,078,,1*67
$GPGSV,3,2,11,01,34,313,,05,23,051,,11,22,284,,12,15,044,,1*6B
$GPGSV,3,3,11,20,09,315,38.0,18,05,136,,14,57,052,39.0,1*51
$GLGSV,1,1,04,82,21,087,,65,62,253,39.8,74,15,262,39.4,72,14,332,,1*76
$GAGSV,1,1,00,7*73
$GBGSV,3,1,10,14,04,238,,08,73,346,39.0,09,56,269,,03,43,190,38.8,1*72
$GBGSV,3,2,10,01,38,147,,02,30,229,,04,27,124,37.9,12,21,246,,1*63
$GBGSV,3,3,10,05,15,248,37.7,06,75,330,,1*61
$GNRMC,024948.000,A,3900.0007,N,11613.9781,E,0.00,124.23,280612,,,A,V*0E
$GNVTG,124.23,T,,M,0.00,N,0.01,K,A*24
$GNZDA,024948.000,28,06,2012,,*46
$GNGGA,024949.000,3900.0007,N,11613.9781,E,1,10,1.00,-7.6,M,-6.8,M,,*41
$PAIRACC,4.06,8.48*4D
$GNGLL,3900.0007,N,11613.9781,E,024949.000,A,A*4B
$GNGSA,A,3,31,22,20,14,,,,,,,,,1.58,1.00,1.22,1*08
$GNGSA,A,3,65,74,,,,,,,,,,,1.58,1.00,1.22,2*0E
$GNGSA,A,3,,,,,,,,,,,,,1.58,1.00,1.22,3*0F
$GNGSA,A,3,08,03,04,05,,,,,,,,,1.58,1.00,1.22,4*02
$GPGSV,3,1,11,16,01,181,,31,74,218,38.6,22,37,137,38.8,30,35,078,,1*67
$GPGSV,3,2,11,01,34,313,,05,23,051,,11,22,284,,12,15,044,,1*6B
$GPGSV,3,3,11,20,09,315,38.7,18,05,136,,14,57,053,38.8,1*5E
$GLGSV,1,1,04,82,21,087,,65,62,253,39.5,74,15,262,39.2,72,14,332,,1*7D
$GAGSV,1,1,00,7*73
$GBGSV,3,1,10,14,04,238,,08,73,346,38.9,09,56,269,,03,43,190,38.7,1*75
$GBGSV,3,2,10,01,38,147,,02,30,229,,04,27,124,38.1,12,21,246,,1*64
$GBGSV,3,3,10,05,15,248,38.0,06,75,330,,1*69
$GNRMC,024949.000,A,3900.0007,N,11613.9781,E,0.00,117.54,280612,,,A,V*0F
$GNVTG,117.54,T,,M,0.00,N,0.01,K,A*24
$GNZDA,024949.000,28,06,2012,,*47
$GNGGA,024950.000,3900.0007,N,11613.9781,E,1,10,1.00,-7.6,M,-6.8,M,,*49
$PAIRACC,4.08,8.55*4F
$GNGLL,3900.0007,N,11613.9781,E,024950.000,A,A*43
$GNGSA,A,3,31,22,20,14,,,,,,,,,1.58,1.00,1.22,1*08
$GNGSA,A,3,65,74,,,,,,,,,,,1.58,1.00,1.22,2*0E
$GNGSA,A,3,,,,,,,,,,,,,1.58,1.00,1.22,3*0F
$GNGSA,A,3,08,03,04,05,,,,,,,,,1.58,1.00,1.22,4*02
$GPGSV,3,1,11,16,01,181,,31,74,218,39.1,22,37,137,38.6,30,35,078,,1*6F
$GPGSV,3,2,11,01,34,313,,05,23,051,,11,22,284,,12,15,044,,1*6B
$GPGSV,3,3,11,20,09,315,38.8,18,05,136,,14,57,053,38.6,1*5F
$GLGSV,1,1,04,82,21,087,,65,62,253,39.2,74,15,262,39.1,72,14,332,,1*79
$GAGSV,1,1,00,7*73
$GBGSV,3,1,10,14,04,238,,08,73,346,38.5,09,56,269,,03,43,190,38.3,1*7D
$GBGSV,3,2,10,01,38,147,,02,30,229,,04,27,124,37.0,12,21,246,,1*6A
$GBGSV,3,3,10,05,15,248,37.3,06,75,330,,1*65
$GNRMC,024950.000,A,3900.0007,N,11613.9781,E,0.00,143.55,280612,,,A,V*07
$GNVTG,143.55,T,,M,0.00,N,0.01,K,A*24
$GNZDA,024950.000,28,06,2012,,*4F
$GNGGA,024951.000,3900.0007,N,11613.9781,E,1,10,1.00,-7.6,M,-6.8,M,,*48
$PAIRACC,4.07,8.59*4C
$GNGLL,3900.0007,N,11613.9781,E,024951.000,A,A*42
$GNGSA,A,3,31,22,20,14,,,,,,,,,1.58,1.00,1.22,1*08
$GNGSA,A,3,65,74,,,,,,,,,,,1.58,1.00,1.22,2*0E
$GNGSA,A,3,,,,,,,,,,,,,1.58,1.00,1.22,3*0F
$GNGSA,A,3,08,03,04,05,,,,,,,,,1.58,1.00,1.22,4*02
$GPGSV,3,1,11,16,02,180,,31,74,218,38.8,22,37,137,39.3,30,35,078,,1*61
$GPGSV,3,2,11,01,34,313,,05,23,051,,11,22,284,,12,15,044,,1*6B
$GPGSV,3,3,11,20,09,315,38.9,18,05,136,,14,57,053,39.2,1*5B
$GLGSV,1,1,04,82,21,087,,65,62,253,39.3,74,15,262,39.0,72,14,332,,1*79
$GAGSV,1,1,00,7*73
$GBGSV,3,1,10,14,04,238,,08,73,346,38.8,09,56,269,,03,43,190,38.5,1*76
$GBGSV,3,2,10,01,38,147,,02,30,229,,04,27,124,37.9,12,21,246,,1*63
$GBGSV,3,3,10,05,15,248,38.1,06,75,330,,1*68
$GNRMC,024951.000,A,3900.0007,N,11613.9781,E,0.00,141.80,280612,,,A,V*0C
$GNVTG,141.80,T,,M,0.00,N,0.01,K,A*2E
$GNZDA,024951.000,28,06,2012,,*4E
$GNGGA,024952.000,3900.0007,N,11613.9781,E,1,10,1.00,-7.6,M,-6.8,M,,*4B
$PAIRACC,4.20,8.57*47
$GNGLL,3900.0007,N,11613.9781,E,024952.000,A,A*41
$GNGSA,A,3,31,22,20,14,,,,,,,,,1.58,1.00,1.22,1*08
$GNGSA,A,3,65,74,,,,,,,,,,,1.58,1.00,1.22,2*0E
$GNGSA,A,3,,,,,,,,,,,,,1.58,1.00,1.22,3*0F
$GNGSA,A,3,08,03,04,05,,,,,,,,,1.58,1.00,1.22,4*02
$GPGSV,3,1,11,16,02,180,,31,74,218,38.9,22,37,137,38.9,30,35,078,,1*6B
$GPGSV,3,2,11,01,34,313,,05,23,051,,11,22,284,,12,15,044,,1*6B
$GPGSV,3,3,11,20,09,315,38.5,18,05,136,,14,57,053,39.0,1*55
$GLGSV,1,1,04,82,21,087,,65,62,253,39.1,74,15,262,39.5,72,14,332,,1*7E
$GAGSV,1,1,00,7*73
$GBGSV,3,1,10,14,04,238,,08,73,346,38.4,09,56,269,,03,43,190,38.6,1*79
$GBGSV,3,2,10,01,38,147,,02,30,229,,04,27,124,38.0,12,21,246,,1*65
$GBGSV,3,3,10,05,15,248,38.0,06,75,330,,1*69
$GNRMC,024952.000,A,3900.0007,N,11613.9781,E,0.00,110.92,280612,,,A,V*08
$GNVTG,110.92,T,,M,0.00,N,0.01,K,A*29
$GNZDA,024952.000,28,06,2012,,*4D
$GNGGA,024953.000,3900.0007,N,11613.9781,E,1,10,1.00,-7.6,M,-6.8,M,,*4A
$PAIRACC,4.08,8.55*4F
$GNGLL,3900.0007,N,11613.9781,E,024953.000,A,A*40
$GNGSA,A,3,31,22,20,14,,,,,,,,,1.58,1.00,1.22,1*08
$GNGSA,A,3,65,74,,,,,,,,,,,1.58,1.00,1.22,2*0E
$GNGSA,A,3,,,,,,,,,,,,,1.58,1.00,1.22,3*0F
$GNGSA,A,3,08,03,04,05,,,,,,,,,1.58,1.00,1.22,4*02
$GPGSV,3,1,11,16,02,180,,31,74,218,38.8,22,37,137,38.7,30,35,078,,1*64
$GPGSV,3,2,11,01,34,313,,05,23,051,,11,22,284,,12,15,044,,1*6B
$GPGSV,3,3,11,20,09,315,38.7,18,04,136,,14,57,053,38.9,1*5E
$GLGSV,1,1,04,82,21,087,,65,62,253,39.3,74,15,262,38.7,72,14,332,,1*7F
$GAGSV,1,1,00,7*73
$GBGSV,3,1,10,14,04,238,,08,73,346,39.2,09,56,269,,03,43,190,38.4,1*7C
$GBGSV,3,2,10,01,38,147,,02,30,229,,04,27,124,37.0,12,21,246,,1*6A
$GBGSV,3,3,10,05,15,248,36.9,06,75,330,,1*6E
$GNRMC,024953.000,A,3900.0007,N,11613.9781,E,0.01,133.74,280612,,,A,V*01
$GNVTG,133.74,T,,M,0.01,N,0.01,K,A*21
$GNZDA,024953.000,28,06,2012,,*4C
$GNGGA,024954.000,3900.0007,N,11613.9781,E,1,10,1.00,-7.6,M,-6.8,M,,*4D
$PAIRACC,4.08,8.56*4C
$GNGLL,3900.0007,N,11613.9781,E,024954.000,A,A*47
$GNGSA,A,3,31,22,20,14,,,,,,,,,1.58,1.00,1.22,1*08
$GNGSA,A,3,65,74,,,,,,,,,,,1.58,1.00,1.22,2*0E
$GNGSA,A,3,,,,,,,,,,,,,1.58,1.00,1.22,3*0F
$GNGSA,A,3,08,03,04,05,,,,,,,,,1.58,1.00,1.22,4*02
$GPGSV,3,1,11,16,02,180,,31,74,218,39.0,22,37,137,38.7,30,35,078,,1*6D
$GPGSV,3,2,11,01,34,313,,05,23,051,,11,22,284,,12,15,044,,1*6B
$GPGSV,3,3,11,20,09,315,38.7,18,04,136,,14,57,053,39.0,1*56
$GLGSV,1,1,04,82,21,087,,65,62,253,39.2,74,15,262,38.9,72,14,332,,1*70
$GAGSV,1,1,00,7*73
$GBGSV,3,1,10,14,04,238,,08,73,346,38.0,09,56,269,,03,43,190,38.4,1*7F
$GBGSV,3,2,10,01,38,147,,02,30,229,,04,27,124,37.8,12,21,246,,1*62
$GBGSV,3,3,10,05,15,248,37.8,06,75,330,,1*6E
$GNRMC,024954.000,A,3900.0007,N,11613.9781,E,0.01,130.76,280612,,,A,V*07
$GNVTG,130.76,T,,M,0.01,N,0.01,K,A*20
$GNZDA,024954.000,28,06,2012,,*4B
$GNGGA,024955.000,3900.0007,N,11613.9781,E,1,10,1.00,-7.6,M,-6.8,M,,*4C
$PAIRACC,4.08,8.53*49
$GNGLL,3900.0007,N,11613.9781,E,024955.000,A,A*46
$GNGSA,A,3,31,22,20,14,,,,,,,,,1.58,1.00,1.22,1*08
$GNGSA,A,3,65,74,,,,,,,,,,,1.58,1.00,1.22,2*0E
$GNGSA,A,3,,,,,,,,,,,,,1.58,1.00,1.22,3*0F
$GNGSA,A,3,08,03,04,05,,,,,,,,,1.58,1.00,1.22,4*02
$GPGSV,3,1,11,16,02,180,,31,74,218,39.1,22,37,137,38.8,30,35,078,,1*63
$GPGSV,3,2,11,01,34,313,,05,23,051,,11,22,284,,12,15,044,,1*6B
$GPGSV,3,3,11,20,10,315,38.6,18,04,136,,14,57,053,38.6,1*58
$GLGSV,1,1,04,82,21,087,,65,62,253,38.9,74,15,262,39.4,72,14,332,,1*76
$GAGSV,1,1,00,7*73
$GBGSV,3,1,10,14,04,238,,08,73,346,39.0,09,56,269,,03,43,190,38.3,1*79
$GBGSV,3,2,10,01,38,147,,02,30,229,,04,27,124,38.1,12,21,246,,1*64
$GBGSV,3,3,10,05,15,248,37.8,06,75,330,,1*6E
$GNRMC,024955.000,A,3900.0007,N,11613.9781,E,0.01,103.38,280612,,,A,V*0C
$GNVTG,103.38,T,,M,0.01,N,0.01,K,A*2A
$GNZDA,024955.000,28,06,2012,,*4A
$GNGGA,024956.000,3900.0007,N,11613.9781,E,1,10,1.00,-7.6,M,-6.8,M,,*4F
$PAIRACC,4.08,8.55*4F
$GNGLL,3900.0007,N,11613.9781,E,024956.000,A,A*45
$GNGSA,A,3,31,22,20,14,,,,,,,,,1.58,1.00,1.22,1*08
$GNGSA,A,3,65,74,,,,,,,,,,,1.58,1.00,1.22,2*0E
$GNGSA,A,3,,,,,,,,,,,,,1.58,1.00,1.22,3*0F
$GNGSA,A,3,08,03,04,05,,,,,,,,,1.58,1.00,1.22,4*02
$GPGSV,3,1,11,16,02,180,,31,74,218,39.0,22,37,137,38.6,30,35,078,,1*6C
$GPGSV,3,2,11,01,34,313,,05,23,051,,11,22,284,,12,15,044,,1*6B
$GPGSV,3,3,11,20,10,315,38.4,18,04,136,,14,57,053,39.1,1*5C
$GLGSV,1,1,04,82,21,087,,65,62,253,39.0,74,15,262,39.0,72,14,332,,1*7A
$GAGSV,1,1,00,7*73
$GBGSV,3,1,10,14,04,238,,08,73,346,38.4,09,56,269,,03,43,190,37.8,1*78
$GBGSV,3,2,10,01,38,147,,02,30,229,,04,27,124,36.6,12,21,246,,1*6D
$GBGSV,3,3,10,05,15,248,36.5,06,75,330,,1*62
$GNRMC,024956.000,A,3900.0007,N,11613.9781,E,0.01,125.15,280612,,,A,V*04
$GNVTG,125.15,T,,M,0.01,N,0.01,K,A*21
$GNZDA,024956.000,28,06,2012,,*49
$GNGGA,024957.000,3900.0007,N,11613.9781,E,1,10,1.00,-7.6,M,-6.8,M,,*4E
$PAIRACC,4.12,8.51*40
$GNGLL,3900.0007,N,11613.9781,E,024957.000,A,A*44
$GNGSA,A,3,31,22,20,14,,,,,,,,,1.58,1.00,1.22,1*08
$GNGSA,A,3,65,74,,,,,,,,,,,1.58,1.00,1.22,2*0E
$GNGSA,A,3,,,,,,,,,,,,,1.58,1.00,1.22,3*0F
$GNGSA,A,3,08,03,04,05,,,,,,,,,1.58,1.00,1.22,4*02
$GPGSV,3,1,11,16,02,180,,31,74,218,38.7,30,35,078,,22,35,137,38.7,1*69
$GPGSV,3,2,11,01,34,313,,05,23,051,,11,22,284,,12,15,044,,1*6B
$GPGSV,3,3,11,20,10,315,38.7,18,04,136,,14,57,053,38.7,1*58
$GLGSV,1,1,04,82,21,087,,65,62,253,38.8,74,15,262,39.4,72,14,332,,1*77
$GAGSV,1,1,00,7*73
$GBGSV,3,1,10,14,04,238,,08,73,346,38.7,09,56,269,,03,43,190,38.8,1*74
$GBGSV,3,2,10,01,38,147,,02,30,229,,04,27,124,38.1,12,21,246,,1*64
$GBGSV,3,3,10,05,15,248,37.8,06,75,330,,1*6E
$GNRMC,024957.000,A,3900.0007,N,11613.9781,E,0.01,119.81,280612,,,A,V*07
$GNVTG,119.81,T,,M,0.01,N,0.01,K,A*23
$GNZDA,024957.000,28,06,2012,,*48
$GNGGA,024958.000,3900.0007,N,11613.9781,E,1,10,1.00,-7.6,M,-6.8,M,,*41
$PAIRACC,4.18,8.76*4F
$GNGLL,3900.0007,N,11613.9781,E,024958.000,A,A*4B
$GNGSA,A,3,31,22,20,14,,,,,,,,,1.58,1.00,1.22,1*08
$GNGSA,A,3,65,74,,,,,,,,,,,1.58,1.00,1.22,2*0E
$GNGSA,A,3,,,,,,,,,,,,,1.58,1.00,1.22,3*0F
$GNGSA,A,3,08,03,04,05,,,,,,,,,1.58,1.00,1.22,4*02
$GPGSV,3,1,11,16,02,180,,31,74,218,38.5,30,35,078,,22,35,137,38.8,1*64
$GPGSV,3,2,11,01,34,313,,05,23,051,,11,22,284,,12,15,044,,1*6B
$GPGSV,3,3,11,20,10,315,38.4,18,04,136,,14,57,053,38.9,1*55
$GLGSV,1,1,04,82,21,087,,65,62,253,38.9,74,15,262,39.4,72,14,332,,1*76
$GAGSV,1,1,00,7*73
$GBGSV,3,1,10,14,04,238,,08,73,346,38.9,09,56,269,,03,43,190,38.6,1*74
$GBGSV,3,2,10,01,38,147,,02,30,229,,04,27,124,37.8,12,21,246,,1*62
$GBGSV,3,3,10,05,15,248,38.4,06,75,330,,1*6D
$GNRMC,024958.000,A,3900.0007,N,11613.9781,E,0.01,125.35,280612,,,A,V*08
$GNVTG,125.35,T,,M,0.01,N,0.01,K,A*23
$GNZDA,024958.000,28,06,2012,,*47
$GNGGA,024959.000,3900.0007,N,11613.9781,E,1,10,1.00,-7.6,M,-6.8,M,,*40
$PAIRACC,4.14,8.58*4F
$GNGLL,3900.0007,N,11613.9781,E,024959.000,A,A*4A
$GNGSA,A,3,31,22,20,14,,,,,,,,,1.58,1.00,1.22,1*08
$GNGSA,A,3,65,74,,,,,,,,,,,1.58,1.00,1.22,2*0E
$GNGSA,A,3,,,,,,,,,,,,,1.58,1.00,1.22,3*0F
$GNGSA,A,3,08,03,04,05,,,,,,,,,1.58,1.00,1.22,4*02
$GPGSV,3,1,11,16,02,180,,31,74,218,38.7,30,35,078,,22,35,137,38.8,1*66
$GPGSV,3,2,11,01,34,313,,05,23,051,,11,22,284,,12,15,044,,1*6B
$GPGSV,3,3,11,20,10,315,38.4,18,04,136,,14,57,053,38.6,1*5A
$GLGSV,1,1,04,82,21,087,,65,62,253,39.4,74,15,262,39.3,72,14,332,,1*7D
$GAGSV,1,1,00,7*73
$GBGSV,3,1,10,14,04,238,,08,73,346,38.7,09,56,269,,03,43,190,38.1,1*7D
$GBGSV,3,2,10,01,38,147,,02,30,229,,04,27,124,37.1,12,21,246,,1*6B
$GBGSV,3,3,10,05,15,248,37.5,06,75,330,,1*63
$GNRMC,024959.000,A,3900.0007,N,11613.9781,E,0.01,140.34,280612,,,A,V*0B
$GNVTG,140.34,T,,M,0.01,N,0.01,K,A*21
$GNZDA,024959.000,28,06,2012,,*46
$GNGGA,025000.000,3900.0007,N,11613.9781,E,1,10,1.00,-7.6,M,-6.8,M,,*44
$PAIRACC,4.12,8.48*48
$GNGLL,3900.0007,N,11613.9781,E,025000.000,A,A*4E
$GNGSA,A,3,31,22,20,14,,,,,,,,,1.58,1.00,1.22,1*08
$GNGSA,A,3,65,74,,,,,,,,,,,1.58,1.00,1.22,2*0E
$GNGSA,A,3,,,,,,,,,,,,,1.58,1.00,1.22,3*0F
$GNGSA,A,3,08,03,04,05,,,,,,,,,1.58,1.00,1.22,4*02
$GPGSV,3,1,11,16,02,180,,31,74,218,38.7,30,35,078,,22,35,137,38.8,1*66
$GPGSV,3,2,11,01,34,313,,05,23,051,,11,22,284,,12,15,044,,1*6B
$GPGSV,3,3,11,20,10,315,38.5,18,04,136,,14,57,053,38.5,1*58
$GLGSV,1,1,04,82,21,087,,65,62,253,39.9,74,15,262,39.4,72,14,332,,1*77
$GAGSV,1,1,00,7*73
$GBGSV,3,1,10,14,04,238,,08,73,346,38.9,09,56,269,,03,43,190,38.6,1*74
$GBGSV,3,2,10,01,38,147,,02,30,229,,04,27,124,38.1,12,21,246,,1*64
$GBGSV,3,3,10,05,15,248,37.8,06,75,330,,1*6E
$GNRMC,025000.000,A,3900.0007,N,11613.9781,E,0.01,143.78,280612,,,A,V*04
$GNVTG,143.78,T,,M,0.01,N,0.01,K,A*2A
$GNZDA,025000.000,28,06,2012,,*42
$GNGGA,025001.000,3900.0007,N,11613.9781,E,1,10,1.00,-7.6,M,-6.8,M,,*45
$PAIRACC,4.05,8.48*4E
$GNGLL,3900.0007,N,11613.9781,E,025001.000,A,A*4F
$GNGSA,A,3,31,22,20,14,,,,,,,,,1.58,1.00,1.22,1*08
$GNGSA,A,3,65,74,,,,,,,,,,,1.58,1.00,1.22,2*0E
$GNGSA,A,3,,,,,,,,,,,,,1.58,1.00,1.22,3*0F
$GNGSA,A,3,08,03,04,05,,,,,,,,,1.58,1.00,1.22,4*02
$GPGSV,3,1,11,16,02,180,,31,74,218,38.7,30,35,078,,22,35,137,39.1,1*6E
$GPGSV,3,2,11,01,34,313,,05,23,051,,11,22,284,,12,15,044,,1*6B
$GPGSV,3,3,11,20,10,315,38.7,18,04,136,,14,57,053,38.9,1*56
$GLGSV,1,1,04,82,21,087,,65,62,253,39.8,74,15,262,39.2,72,14,332,,1*70
$GAGSV,1,1,00,7*73
$GBGSV,3,1,10,14,04,238,,08,73,346,38.4,09,56,269,,03,43,190,38.3,1*7C
$GBGSV,3,2,10,01,38,147,,02,30,229,,04,27,124,38.1,12,21,246,,1*64
$GBGSV,3,3,10,05,15,248,38.3,06,75,330,,1*6A
$GNRMC,025001.000,A,3900.0007,N,11613.9781,E,0.01,134.43,280612,,,A,V*0D
$GNVTG,134.43,T,,M,0.01,N,0.01,K,A*22
$GNZDA,025001.000,28,06,2012,,*43
$GNGGA,025002.000,3900.0007,N,11613.9781,E,1,10,1.00,-7.6,M,-6.8,M,,*46
$PAIRACC,4.05,8.48*4E
$GNGLL,3900.0007,N,11613.9781,E,025002.000,A,A*4C
$GNGSA,A,3,31,22,20,14,,,,,,,,,1.58,1.00,1.22,1*08
$GNGSA,A,3,65,74,,,,,,,,,,,1.58,1.00,1.22,2*0E
$GNGSA,A,3,,,,,,,,,,,,,1.58,1.00,1.22,3*0F
$GNGSA,A,3,08,03,04,05,,,,,,,,,1.58,1.00,1.22,4*02
$GPGSV,3,1,11,16,02,180,,31,74,218,38.6,30,35,078,,22,35,137,39.0,1*6E
$GPGSV,3,2,11,01,34,313,,05,23,051,,11,22,284,,12,15,044,,1*6B
$GPGSV,3,3,11,20,10,315,38.6,18,04,136,,14,57,053,38.9,1*57
$GLGSV,1,1,04,82,21,087,,65,62,253,39.8,74,15,262,39.3,72,14,332,,1*71
$GAGSV,1,1,00,7*73
$GBGSV,3,1,10,14,04,238,,08,73,346,38.9,09,56,269,,03,43,190,38.3,1*71
$GBGSV,3,2,10,01,38,147,,02,30,229,,04,27,124,36.5,12,21,246,,1*6E
$GBGSV,3,3,10,05,15,248,37.0,06,75,330,,1*66
$GNRMC,025002.000,A,3900.0007,N,11613.9781,E,0.01,102.69,280612,,,A,V*03
$GNVTG,102.69,T,,M,0.01,N,0.01,K,A*2F
$GNZDA,025002.000,28,06,2012,,*40
$GNGGA,025003.000,3900.0007,N,11613.9781,E,1,10,1.00,-7.6,M,-6.8,M,,*47
$PAIRACC,4.08,8.54*4E
$GNGLL,3900.0007,N,11613.9781,E,025003.000,A,A*4D
$GNGSA,A,3,31,22,20,14,,,,,,,,,1.58,1.00,1.22,1*08
$GNGSA,A,3,65,74,,,,,,,,,,,1.58,1.00,1.22,2*0E
$GNGSA,A,3,,,,,,,,,,,,,1.58,1.00,1.22,3*0F
$GNGSA,A,3,08,03,04,05,,,,,,,,,1.58,1.00,1.22,4*02
$GPGSV,3,1,11,16,02,180,,31,74,218,38.7,30,35,078,,22,35,137,39.0,1*6F
$GPGSV,3,2,11,01,34,313,,05,23,051,,11,22,284,,12,15,044,,1*6B
$GPGSV,3,3,11,20,10,315,38.7,18,04,136,,14,57,053,38.8,1*57
$GLGSV,1,1,04,82,21,087,,65,62,253,39.7,74,15,262,38.8,72,14,332,,1*74
$GAGSV,1,1,00,7*73
$GBGSV,3,1,10,14,04,238,,08,73,346,38.5,09,56,269,,03,43,190,38.4,1*7A
$GBGSV,3,2,10,01,38,147,,02,30,229,,04,27,124,38.0,12,21,246,,1*65
$GBGSV,3,3,10,05,15,248,37.9,06,75,330,,1*6F
$GNRMC,025003.000,A,3900.0007,N,11613.9781,E,0.01,176.13,280612,,,A,V*0C
$GNVTG,176.13,T,,M,0.01,N,0.01,K,A*21
$GNZDA,025003.000,28,06,2012,,*41
$GNGGA,025004.000,3900.0007,N,11613.9781,E,1,10,1.00,-7.6,M,-6.8,M,,*40
$PAIRACC,4.24,8.79*4F
$GNGLL,3900.0007,N,11613.9781,E,025004.000,A,A*4A
$GNGSA,A,3,31,22,20,14,,,,,,,,,1.58,1.00,1.22,1*08
$GNGSA,A,3,65,74,,,,,,,,,,,1.58,1.00,1.22,2*0E
$GNGSA,A,3,,,,,,,,,,,,,1.58,1.00,1.22,3*0F
$GNGSA,A,3,08,03,04,05,,,,,,,,,1.58,1.00,1.22,4*02
$GPGSV,3,1,11,16,02,180,,31,74,218,38.7,30,35,078,,22,35,137,39.1,1*6E
$GPGSV,3,2,11,01,34,313,,05,23,051,,11,22,284,,12,15,044,,1*6B
$GPGSV,3,3,11,20,10,315,38.6,18,04,136,,14,57,053,38.7,1*59
$GLGSV,1,1,04,82,21,087,,65,62,253,39.1,74,15,262,39.3,72,14,332,,1*78
$GAGSV,1,1,00,7*73
$GBGSV,3,1,10,14,04,238,,08,73,346,38.9,09,56,269,,03,43,190,38.6,1*74
$GBGSV,3,2,10,01,38,147,,02,30,229,,04,27,124,37.8,12,21,246,,1*62
$GBGSV,3,3,10,05,15,248,38.1,06,75,330,,1*68
$GNRMC,025004.000,A,3900.0007,N,11613.9781,E,0.01,90.56,280612,,,A,V*33
$GNVTG,90.56,T,,M,0.01,N,0.01,K,A*19
$GNZDA,025004.000,28,06,2012,,*46
$GNGGA,025005.000,3900.0007,N,11613.9781,E,1,10,1.00,-7.6,M,-6.8,M,,*41
$PAIRACC,4.08,8.54*4E
$GNGLL,3900.0007,N,11613.9781,E,025005.000,A,A*4B
$GNGSA,A,3,31,22,20,14,,,,,,,,,1.58,1.00,1.22,1*08
$GNGSA,A,3,65,74,,,,,,,,,,,1.58,1.00,1.22,2*0E
$GNGSA,A,3,,,,,,,,,,,,,1.58,1.00,1.22,3*0F
$GNGSA,A,3,08,03,04,05,,,,,,,,,1.58,1.00,1.22,4*02
$GPGSV,3,1,11,16,02,180,,31,74,218,38.6,30,35,077,,22,35,137,38.5,1*65
$GPGSV,3,2,11,01,34,313,,05,23,051,,11,22,284,,12,15,044,,1*6B
$GPGSV,3,3,11,20,10,315,38.7,18,04,136,,14,57,053,39.0,1*5E
$GLGSV,1,1,04,82,21,087,,65,62,253,39.6,74,15,262,39.2,72,14,332,,1*7E
$GAGSV,1,1,00,7*73
$GBGSV,3,1,10,14,04,238,,08,73,346,39.1,09,56,269,,03,43,190,38.4,1*7F
$GBGSV,3,2,10,01,38,147,,02,30,229,,04,27,124,37.1,12,21,246,,1*6B
$GBGSV,3,3,10,05,15,248,37.1,06,75,330,,1*67
$GNRMC,025005.000,A,3900.0007,N,11613.9781,E,0.00,89.20,280612,,,A,V*3A
$GNVTG,89.20,T,,M,0.00,N,0.01,K,A*11
$GNZDA,025005.000,28,06,2012,,*47
$GNGGA,025006.000,3900.0007,N,11613.9781,E,1,10,1.00,-7.6,M,-6.8,M,,*42
$PAIRACC,4.22,8.69*48
$GNGLL,3900.0007,N,11613.9781,E,025006.000,A,A*48
$GNGSA,A,3,31,22,20,14,,,,,,,,,1.58,1.00,1.22,1*08
$GNGSA,A,3,65,74,,,,,,,,,,,1.58,1.00,1.22,2*0E
$GNGSA,A,3,,,,,,,,,,,,,1.58,1.00,1.22,3*0F
$GNGSA,A,3,08,03,04,05,,,,,,,,,1.58,1.00,1.22,4*02
$GPGSV,3,1,11,16,02,180,,31,76,219,38.5,30,35,077,,22,35,137,38.9,1*69
$GPGSV,3,2,11,01,34,313,,05,23,051,,11,22,284,,12,15,044,,1*6B
$GPGSV,3,3,11,20,10,315,39.0,18,04,136,,14,57,053,38.8,1*51
$GLGSV,1,1,04,82,21,087,,65,62,253,38.8,74,15,262,39.5,72,14,332,,1*76
$GAGSV,1,1,00,7*73
$GBGSV,3,1,10,14,04,238,,08,73,346,39.2,09,56,269,,03,43,190,38.4,1*7C
$GBGSV,3,2,10,01,38,147,,02,30,229,,04,27,124,38.1,12,21,246,,1*64
$GBGSV,3,3,10,05,15,248,38.1,06,75,330,,1*68
$GNRMC,025006.000,A,3900.0007,N,11613.9781,E,0.00,98.78,280612,,,A,V*34
$GNVTG,98.78,T,,M,0.00,N,0.01,K,A*1C
$GNZDA,025006.000,28,06,2012,,*44
$GNGGA,025007.000,3900.0007,N,11613.9781,E,1,10,1.00,-7.6,M,-6.8,M,,*43
$PAIRACC,4.07,8.56*43
$GNGLL,3900.0007,N,11613.9781,E,025007.000,A,A*49
$GNGSA,A,3,31,22,20,14,,,,,,,,,1.58,1.00,1.22,1*08
$GNGSA,A,3,65,74,,,,,,,,,,,1.58,1.00,1.22,2*0E
$GNGSA,A,3,,,,,,,,,,,,,1.58,1.00,1.22,3*0F
$GNGSA,A,3,08,03,04,05,,,,,,,,,1.58,1.00,1.22,4*02
$GPGSV,3,1,11,16,02,180,,31,76,219,38.4,30,35,077,,22,35,137,39.0,1*60
$GPGSV,3,2,11,01,34,313,,05,23,051,,11,22,284,,12,15,044,,1*6B
$GPGSV,3,3,11,20,10,315,38.7,18,04,136,,14,57,053,39.2,1*5C
$GLGSV,1,1,04,82,21,087,,65,62,253,39.2,74,15,262,39.2,72,14,332,,1*7A
$GAGSV,1,1,00,7*73
$GBGSV,3,1,10,14,04,238,,08,73,346,39.3,09,56,269,,03,43,190,38.3,1*7A
$GBGSV,3,2,10,01,38,147,,02,30,229,,04,27,124,38.0,12,21,246,,1*65
$GBGSV,3,3,10,05,15,248,38.0,06,75,330,,1*69
$GNRMC,025007.000,A,3900.0007,N,11613.9781,E,0.00,120.19,280612,,,A,V*00
$GNVTG,120.19,T,,M,0.00,N,0.01,K,A*29
$GNZDA,025007.000,28,06,2012,,*45
$GNGGA,025008.000,3900.0007,N,11613.9782,E,1,10,1.00,-7.6,M,-6.8,M,,*4F
$PAIRACC,4.11,8.48*4B
$GNGLL,3900.0007,N,11613.9782,E,025008.000,A,A*45
$GNGSA,A,3,31,22,20,14,,,,,,,,,1.58,1.00,1.22,1*08
$GNGSA,A,3,65,74,,,,,,,,,,,1.58,1.00,1.22,2*0E
$GNGSA,A,3,,,,,,,,,,,,,1.58,1.00,1.22,3*0F
$GNGSA,A,3,08,03,04,05,,,,,,,,,1.58,1.00,1.22,4*02
$GPGSV,3,1,11,16,02,180,,31,76,219,38.4,30,35,077,,22,35,137,38.8,1*69
$GPGSV,3,2,11,01,34,313,,05,23,051,,11,22,284,,12,15,044,,1*6B
$GPGSV,3,3,11,20,10,315,38.3,18,04,136,,14,57,053,38.9,1*52
$GLGSV,1,1,04,82,21,087,,65,62,253,39.2,74,15,262,39.2,72,14,332,,1*7A
$GAGSV,1,1,00,7*73
$GBGSV,3,1,10,14,04,238,,08,73,346,39.0,09,56,269,,03,43,190,38.8,1*72
$GBGSV,3,2,10,01,38,147,,02,30,229,,04,27,124,37.6,12,21,246,,1*6C
$GBGSV,3,3,10,05,15,248,37.5,06,75,330,,1*63
$GNRMC,025008.000,A,3900.0007,N,11613.9782,E,0.00,119.20,280612,,,A,V*0C
$GNVTG,119.20,T,,M,0.00,N,0.01,K,A*29
$GNZDA,025008.000,28,06,2012,,*4A
$GNGGA,025009.000,3900.0007,N,11613.9782,E,1,10,1.00,-7.6,M,-6.8,M,,*4E
$PAIRACC,4.07,8.54*41
$GNGLL,3900.0007,N,11613.9782,E,025009.000,A,A*44
$GNGSA,A,3,31,22,20,14,,,,,,,,,1.58,1.00,1.22,1*08
$GNGSA,A,3,65,74,,,,,,,,,,,1.58,1.00,1.22,2*0E
$GNGSA,A,3,,,,,,,,,,,,,1.58,1.00,1.22,3*0F
$GNGSA,A,3,08,03,04,05,,,,,,,,,1.58,1.00,1.22,4*02
$GPGSV,3,1,11,16,02,180,,31,76,219,39.0,30,35,077,,22,35,137,38.8,1*6C
$GPGSV,3,2,11,01,34,313,,05,23,051,,11,22,284,,12,15,044,,1*6B
$GPGSV,3,3,11,20,10,315,38.2,18,04,136,,14,57,053,38.7,1*5D
$GLGSV,1,1,04,82,21,087,,65,62,253,39.4,74,15,262,39.0,72,14,332,,1*7E
$GAGSV,1,1,00,7*73
$GBGSV,3,1,10,14,04,238,,08,73,346,39.2,09,56,269,,03,43,190,38.9,1*71
$GBGSV,3,2,10,01,38,147,,02,30,229,,04,27,124,38.1,12,21,246,,1*64
$GBGSV,3,3,10,05,15,248,38.2,06,75,330,,1*6B
$GNRMC,025009.000,A,3900.0007,N,11613.9782,E,0.00,143.09,280612,,,A,V*09
$GNVTG,143.09,T,,M,0.00,N,0.01,K,A*2D
$GNZDA,025009.000,28,06,2012,,*4B
$GNGGA,025010.000,3900.0007,N,11613.9782,E,1,10,1.00,-7.6,M,-6.8,M,,*46
$PAIRACC,4.13,8.60*43
$GNGLL,3900.0007,N,11613.9782,E,025010.000,A,A*4C
$GNGSA,A,3,31,22,20,14,,,,,,,,,1.58,1.00,1.22,1*08
$GNGSA,A,3,65,74,,,,,,,,,,,1.58,1.00,1.22,2*0E
$GNGSA,A,3,,,,,,,,,,,,,1.58,1.00,1.22,3*0F
$GNGSA,A,3,08,03,04,05,,,,,,,,,1.58,1.00,1.22,4*02
$GPGSV,3,1,11,16,02,180,,31,76,219,38.9,30,35,077,,22,35,137,38.6,1*6A
$GPGSV,3,2,11,01,34,313,,05,23,051,,11,22,284,,12,15,044,,1*6B
$GPGSV,3,3,11,20,10,315,38.7,18,04,136,,14,57,053,38.8,1*57
$GLGSV,1,1,04,82,21,087,,65,62,253,39.2,74,15,262,39.2,72,14,332,,1*7A
$GAGSV,1,1,00,7*73
$GBGSV,3,1,10,14,04,238,,08,73,346,38.9,09,56,269,,03,43,190,38.4,1*76
$GBGSV,3,2,10,01,38,147,,02,30,229,,04,27,124,37.8,12,21,246,,1*62
$GBGSV,3,3,10,05,15,248,37.9,06,75,330,,1*6F
$GNRMC,025010.000,A,3900.0007,N,11613.9782,E,0.00,127.30,280612,,,A,V*09
$GNVTG,127.30,T,,M,0.00,N,0.01,K,A*25
$GNZDA,025010.000,28,06,2012,,*43
$GNGGA,025011.000,3900.0007,N,11613.9782,E,1,10,1.00,-7.6,M,-6.8,M,,*47
$PAIRACC,4.08,8.53*49
$GNGLL,3900.0007,N,11613.9782,E,025011.000,A,A*4D
$GNGSA,A,3,31,22,20,14,,,,,,,,,1.58,1.00,1.22,1*08
$GNGSA,A,3,65,74,,,,,,,,,,,1.58,1.00,1.22,2*0E
$GNGSA,A,3,,,,,,,,,,,,,1.58,1.00,1.22,3*0F
$GNGSA,A,3,08,03,04,05,,,,,,,,,1.58,1.00,1.22,4*02
$GPGSV,3,1,11,16,02,180,,31,76,219,38.9,30,35,077,,22,35,137,38.9,1*65
$GPGSV,3,2,11,01,34,313,,05,23,051,,11,22,284,,12,15,044,,1*6B
$GPGSV,3,3,11,20,10,315,38.4,18,04,136,,14,57,053,39.0,1*5D
$GLGSV,1,1,04,82,21,087,,65,62,253,39.1,74,15,262,39.1,72,14,332,,1*7A
$GAGSV,1,1,00,7*73
$GBGSV,3,1,10,14,04,238,,08,73,346,38.9,09,56,269,,03,43,190,38.5,1*77
$GBGSV,3,2,10,01,38,147,,02,30,229,,04,27,124,37.1,12,21,246,,1*6B
$GBGSV,3,3,10,05,15,248,37.8,06,75,330,,1*6E
$GNRMC,025011.000,A,3900.0007,N,11613.9782,E,0.00,110.63,280612,,,A,V*0A
$GNVTG,110.63,T,,M,0.00,N,0.01,K,A*27
$GNZDA,025011.000,28,06,2012,,*42
$GNGGA,025012.000,3900.0007,N,11613.9782,E,1,10,1.00,-7.6,M,-6.8,M,,*44
$PAIRACC,4.17,8.76*40
$GNGLL,3900.0007,N,11613.9782,E,025012.000,A,A*4E
$GNGSA,A,3,31,22,20,14,,,,,,,,,1.58,1.00,1.22,1*08
$GNGSA,A,3,65,74,,,,,,,,,,,1.58,1.00,1.22,2*0E
$GNGSA,A,3,,,,,,,,,,,,,1.58,1.00,1.22,3*0F
$GNGSA,A,3,08,03,04,05,,,,,,,,,1.58,1.00,1.22,4*02
$GPGSV,3,1,11,16,02,180,,31,76,219,38.9,30,35,077,,22,35,137,39.5,1*68
$GPGSV,3,2,11,01,34,313,,05,23,051,,11,22,284,,12,15,044,,1*6B
$GPGSV,3,3,11,20,10,315,38.6,18,04,136,,14,57,053,39.0,1*5F
$GLGSV,1,1,04,82,21,087,,65,62,253,39.4,74,15,262,39.6,72,14,332,,1*78
$GAGSV,1,1,00,7*73
$GBGSV,3,1,10,14,04,238,,08,73,346,39.0,09,56,269,,03,43,190,38.7,1*7D
$GBGSV,3,2,10,01,38,147,,02,30,229,,04,27,124,37.8,12,21,246,,1*62
$GBGSV,3,3,10,05,15,248,38.3,06,75,330,,1*6A
$GNRMC,025012.000,A,3900.0007,N,11613.9782,E,0.00,112.51,280612,,,A,V*0A
$GNVTG,112.51,T,,M,0.00,N,0.01,K,A*24
$GNZDA,025012.000,28,06,2012,,*41
$GNGGA,025013.000,3900.0007,N,11613.9782,E,1,10,1.00,-7.6,M,-6.8,M,,*45
$PAIRACC,4.11,8.51*43
$GNGLL,3900.0007,N,11613.9782,E,025013.000,A,A*4F
$GNGSA,A,3,31,22,20,14,,,,,,,,,1.58,1.00,1.22,1*08
$GNGSA,A,3,65,74,,,,,,,,,,,1.58,1.00,1.22,2*0E
$GNGSA,A,3,,,,,,,,,,,,,1.58,1.00,1.22,3*0F
$GNGSA,A,3,08,03,04,05,,,,,,,,,1.58,1.00,1.22,4*02
$GPGSV,3,1,11,16,02,180,,31,76,219,38.6,30,35,077,,22,35,137,38.6,1*65
$GPGSV,3,2,11,01,34,313,,05,23,051,,11,22,284,,12,15,044,,1*6B
$GPGSV,3,3,11,20,10,315,38.7,18,04,136,,14,57,053,38.9,1*56
$GLGSV,1,1,04,82,21,087,,65,62,253,39.4,74,15,262,39.6,72,14,332,,1*78
$GAGSV,1,1,00,7*73
$GBGSV,3,1,10,14,04,238,,08,73,346,38.9,09,56,269,,03,43,190,38.6,1*74
$GBGSV,3,2,10,01,38,147,,02,30,229,,04,27,124,37.9,12,21,246,,1*63
$GBGSV,3,3,10,05,15,248,37.9,06,75,330,,1*6F
$GNRMC,025013.000,A,3900.0007,N,11613.9782,E,0.00,123.08,280612,,,A,V*05
$GNVTG,123.08,T,,M,0.00,N,0.01,K,A*2A
$GNZDA,025013.000,28,06,2012,,*40
$GNGGA,025014.000,3900.0007,N,11613.9782,E,1,10,1.00,-7.6,M,-6.8,M,,*42
$PAIRACC,4.20,8.83*4E
$GNGLL,3900.0007,N,11613.9782,E,025014.000,A,A*48
$GNGSA,A,3,31,22,20,14,,,,,,,,,1.58,1.00,1.22,1*08
$GNGSA,A,3,65,74,,,,,,,,,,,1.58,1.00,1.22,2*0E
$GNGSA,A,3,,,,,,,,,,,,,1.58,1.00,1.22,3*0F
$GNGSA,A,3,08,03,04,05,,,,,,,,,1.58,1.00,1.22,4*02
$GPGSV,3,1,11,16,02,180,,31,76,219,38.6,30,35,077,,22,35,137,38.7,1*64
$GPGSV,3,2,11,01,34,313,,05,23,051,,11,22,284,,12,15,044,,1*6B
$GPGSV,3,3,11,20,10,315,38.6,18,04,136,,14,57,053,38.9,1*57
$GLGSV,1,1,04,82,21,087,,65,62,253,39.2,74,15,262,39.5,72,14,332,,1*7D
$GAGSV,1,1,00,7*73
$GBGSV,3,1,10,14,04,238,,08,73,346,39.1,09,56,269,,03,43,190,38.3,1*78
$GBGSV,3,2,10,01,38,147,,02,30,229,,04,27,124,37.3,12,21,246,,1*69
$GBGSV,3,3,10,05,15,248,37.0,06,75,330,,1*66
$GNRMC,025014.000,A,3900.0007,N,11613.9782,E,0.00,109.70,280612,,,A,V*05
$GNVTG,109.70,T,,M,0.00,N,0.01,K,A*2D
$GNZDA,025014.000,28,06,2012,,*47
$GNGGA,025015.000,3900.0007,N,11613.9782,E,1,10,1.00,-7.6,M,-6.8,M,,*43
$PAIRACC,4.36,9.68*4D
$GNGLL,3900.0007,N,11613.9782,E,025015.000,A,A*49
$GNGSA,A,3,31,22,20,14,,,,,,,,,1.58,1.00,1.22,1*08
$GNGSA,A,3,65,74,,,,,,,,,,,1.58,1.00,1.22,2*0E
$GNGSA,A,3,,,,,,,,,,,,,1.58,1.00,1.22,3*0F
$GNGSA,A,3,08,03,04,05,,,,,,,,,1.58,1.00,1.22,4*02
$GPGSV,3,1,11,16,02,180,,31,76,219,38.9,30,35,077,,22,35,137,38.8,1*64
$GPGSV,3,2,11,01,34,313,,05,23,051,,11,22,284,,12,15,044,,1*6B
$GPGSV,3,3,11,20,10,315,38.8,18,04,136,,14,57,053,38.8,1*58
$GLGSV,1,1,04,82,21,087,,65,62,253,39.2,74,15,262,38.8,72,14,332,,1*71
$GAGSV,1,1,00,7*73
$GBGSV,3,1,10,14,04,238,,08,73,346,39.3,09,56,269,,03,43,190,38.4,1*7D
$GBGSV,3,2,10,01,38,147,,02,30,229,,04,27,124,37.6,12,21,246,,1*6C
$GBGSV,3,3,10,05,15,248,38.1,06,75,330,,1*68
$GNRMC,025015.000,A,3900.0007,N,11613.9782,E,0.00,157.94,280612,,,A,V*05
$GNVTG,157.94,T,,M,0.00,N,0.01,K,A*2C
$GNZDA,025015.000,28,06,2012,,*46
$GNGGA,025016.000,3900.0007,N,11613.9782,E,1,10,1.00,-7.6,M,-6.8,M,,*40
$PAIRACC,4.62,10.38*71
$GNGLL,3900.0007,N,11613.9782,E,025016.000,A,A*4A
$GNGSA,A,3,31,22,20,14,,,,,,,,,1.58,1.00,1.22,1*08
$GNGSA,A,3,65,74,,,,,,,,,,,1.58,1.00,1.22,2*0E
$GNGSA,A,3,,,,,,,,,,,,,1.58,1.00,1.22,3*0F
$GNGSA,A,3,08,03,04,05,,,,,,,,,1.58,1.00,1.22,4*02
$GPGSV,3,1,11,16,02,180,,31,76,219,38.7,30,35,077,,22,35,137,38.4,1*66
$GPGSV,3,2,11,01,34,313,,05,23,051,,11,22,284,,12,15,044,,1*6B
$GPGSV,3,3,11,20,10,315,38.6,18,04,136,,14,57,053,38.7,1*59
$GLGSV,1,1,04,82,21,087,,65,62,253,38.9,74,15,262,39.5,72,14,332,,1*77
$GAGSV,1,1,00,7*73
$GBGSV,3,1,10,14,04,238,,08,73,346,38.8,09,56,269,,03,43,190,38.5,1*76
$GBGSV,3,2,10,01,38,147,,02,30,229,,04,27,124,37.5,12,21,246,,1*6F
$GBGSV,3,3,10,05,15,248,37.9,06,75,330,,1*6F
$GNRMC,025016.000,A,3900.0007,N,11613.9782,E,0.00,142.02,280612,,,A,V*0D
$GNVTG,142.02,T,,M,0.00,N,0.01,K,A*27
$GNZDA,025016.000,28,06,2012,,*45
$GNGGA,025017.000,3900.0007,N,11613.9782,E,1,10,1.00,-7.6,M,-6.8,M,,*41
$PAIRACC,4.81,10.57*75
$GNGLL,3900.0007,N,11613.9782,E,025017.000,A,A*4B
$GNGSA,A,3,31,22,20,14,,,,,,,,,1.58,1.00,1.22,1*08
$GNGSA,A,3,65,74,,,,,,,,,,,1.58,1.00,1.22,2*0E
$GNGSA,A,3,,,,,,,,,,,,,1.58,1.00,1.22,3*0F
$GNGSA,A,3,08,03,04,05,,,,,,,,,1.58,1.00,1.22,4*02
$GPGSV,3,1,11,16,02,180,,31,76,219,38.8,30,35,077,,22,35,137,38.8,1*65
$GPGSV,3,2,11,01,34,313,,05,23,051,,11,22,284,,12,15,044,,1*6B
$GPGSV,3,3,11,20,10,315,38.5,18,04,136,,14,57,053,38.6,1*5B
$GLGSV,1,1,04,82,21,087,,65,62,253,39.6,74,15,262,39.0,72,14,332,,1*7C
$GAGSV,1,1,00,7*73
$GBGSV,3,1,10,14,04,238,,08,73,346,38.9,09,56,269,,03,43,190,38.7,1*75
$GBGSV,3,2,10,01,38,147,,02,30,229,,04,27,124,38.1,12,21,246,,1*64
$GBGSV,3,3,10,05,15,248,37.6,06,75,330,,1*60
$GNRMC,025017.000,A,3900.0007,N,11613.9782,E,0.00,164.03,280612,,,A,V*09
$GNVTG,164.03,T,,M,0.00,N,0.01,K,A*22
$GNZDA,025017.000,28,06,2012,,*44
$GNGGA,025018.000,3900.0007,N,11613.9782,E,1,10,1.00,-7.6,M,-6.8,M,,*4E
$PAIRACC,4.62,10.39*70
$GNGLL,3900.0007,N,11613.9782,E,025018.000,A,A*44
$GNGSA,A,3,31,22,20,14,,,,,,,,,1.58,1.00,1.22,1*08
$GNGSA,A,3,65,74,,,,,,,,,,,1.58,1.00,1.22,2*0E
$GNGSA,A,3,,,,,,,,,,,,,1.58,1.00,1.22,3*0F
$GNGSA,A,3,08,03,04,05,,,,,,,,,1.58,1.00,1.22,4*02
$GPGSV,3,1,11,16,02,180,,31,76,219,38.9,30,35,077,,22,35,137,38.9,1*65
$GPGSV,3,2,11,01,34,313,,05,23,051,,11,22,284,,12,15,044,,1*6B
$GPGSV,3,3,11,20,10,315,38.5,18,04,136,,14,57,053,39.3,1*5F
$GLGSV,1,1,04,82,21,087,,65,62,253,39.8,74,15,262,39.2,72,14,332,,1*70
$GAGSV,1,1,00,7*73
$GBGSV,3,1,10,14,04,238,,08,73,346,38.6,09,56,269,,03,43,190,38.5,1*78
$GBGSV,3,2,10,01,38,147,,02,30,229,,04,27,124,38.1,12,21,246,,1*64
$GBGSV,3,3,10,05,15,248,38.1,06,75,330,,1*68
$GNRMC,025018.000,A,3900.0007,N,11613.9782,E,0.00,169.30,280612,,,A,V*0B
$GNVTG,169.30,T,,M,0.00,N,0.01,K,A*2F
$GNZDA,025018.000,28,06,2012,,*4B
$GNGGA,025019.000,3900.0007,N,11613.9782,E,1,10,1.00,-7.6,M,-6.8,M,,*4F
$PAIRACC,4.80,10.57*74
$GNGLL,3900.0007,N,11613.9782,E,025019.000,A,A*45
$GNGSA,A,3,31,22,20,14,,,,,,,,,1.58,1.00,1.22,1*08
$GNGSA,A,3,65,74,,,,,,,,,,,1.58,1.00,1.22,2*0E
$GNGSA,A,3,,,,,,,,,,,,,1.58,1.00,1.22,3*0F
$GNGSA,A,3,08,03,04,05,,,,,,,,,1.58,1.00,1.22,4*02
$GPGSV,3,1,11,16,02,180,,31,76,219,38.6,30,35,077,,22,35,137,38.9,1*6A
$GPGSV,3,2,11,01,34,313,,05,23,051,,11,22,284,,12,15,044,,1*6B
$GPGSV,3,3,11,20,10,315,38.7,18,04,136,,14,57,053,39.5,1*5B
$GLGSV,1,1,04,82,21,087,,65,62,253,39.6,74,15,262,38.8,72,14,332,,1*75
$GAGSV,1,1,00,7*73
$GBGSV,3,1,10,14,04,238,,08,73,346,38.9,09,56,269,,03,43,190,38.4,1*76
$GBGSV,3,2,10,01,38,147,,02,30,229,,04,27,124,38.0,12,21,246,,1*65
$GBGSV,3,3,10,05,15,248,38.0,06,75,330,,1*69
$GNRMC,025019.000,A,3900.0007,N,11613.9782,E,0.00,135.87,280612,,,A,V*0F
$GNVTG,135.87,T,,M,0.00,N,0.01,K,A*2A
$GNZDA,025019.000,28,06,2012,,*4A
$GNGGA,025020.000,3900.0007,N,11613.9782,E,1,10,1.00,-7.6,M,-6.8,M,,*45
$PAIRACC,4.55,10.15*7A
$GNGLL,3900.0007,N,11613.9782,E,025020.000,A,A*4F
$GNGSA,A,3,31,22,20,14,,,,,,,,,1.58,1.00,1.22,1*08
$GNGSA,A,3,65,74,,,,,,,,,,,1.58,1.00,1.22,2*0E
$GNGSA,A,3,,,,,,,,,,,,,1.58,1.00,1.22,3*0F
$GNGSA,A,3,08,03,04,05,,,,,,,,,1.58,1.00,1.22,4*02
$GPGSV,3,1,11,16,02,180,,31,76,219,38.7,30,35,077,,22,35,137,39.2,1*61
$GPGSV,3,2,11,01,34,313,,05,23,051,,11,22,284,,12,15,044,,1*6B
$GPGSV,3,3,11,20,10,315,38.4,18,04,136,,14,57,053,39.1,1*5C
$GLGSV,1,1,04,82,21,087,,65,62,253,39.6,74,15,262,39.1,72,14,332,,1*7D
$GAGSV,1,1,00,7*73
$GBGSV,3,1,10,14,04,238,,08,73,346,38.8,09,56,269,,03,43,190,38.1,1*72
$GBGSV,3,2,10,01,38,147,,02,30,229,,04,27,124,37.6,12,21,246,,1*6C
$GBGSV,3,3,10,05,15,248,37.2,06,75,330,,1*64
$GNRMC,025020.000,A,3900.0007,N,11613.9782,E,0.00,141.66,280612,,,A,V*09
$GNVTG,141.66,T,,M,0.00,N,0.01,K,A*26
$GNZDA,025020.000,28,06,2012,,*40
$GNGGA,025021.000,3900.0007,N,11613.9782,E,1,10,1.00,-7.6,M,-6.8,M,,*44
$PAIRACC,4.68,10.40*74
$GNGLL,3900.0007,N,11613.9782,E,025021.000,A,A*4E
$GNGSA,A,3,31,22,20,14,,,,,,,,,1.58,1.00,1.22,1*08
$GNGSA,A,3,65,74,,,,,,,,,,,1.58,1.00,1.22,2*0E
$GNGSA,A,3,,,,,,,,,,,,,1.58,1.00,1.22,3*0F
$GNGSA,A,3,08,03,04,05,,,,,,,,,1.58,1.00,1.22,4*02
$GPGSV,3,1,11,16,02,180,,31,76,219,38.8,30,35,077,,22,35,137,39.0,1*6C
$GPGSV,3,2,11,01,34,313,,05,23,051,,11,22,284,,12,15,044,,1*6B
$GPGSV,3,3,11,20,10,315,38.7,18,04,136,,14,57,053,39.0,1*5E
$GLGSV,1,1,04,82,21,087,,65,62,253,39.2,74,15,262,38.9,72,14,332,,1*70
$GAGSV,1,1,00,7*73
$GBGSV,3,1,10,14,04,238,,08,73,346,39.0,09,56,269,,03,43,190,38.9,1*73
$GBGSV,3,2,10,01,38,147,,02,30,229,,04,27,124,37.6,12,21,246,,1*6C
$GBGSV,3,3,10,05,15,248,38.1,06,75,330,,1*68
$GNRMC,025021.000,A,3900.0007,N,11613.9782,E,0.00,156.87,280612,,,A,V*01
$GNVTG,156.87,T,,M,0.00,N,0.01,K,A*2F
$GNZDA,025021.000,28,06,2012,,*41
$GNGGA,025022.000,3900.0007,N,11613.9782,E,1,10,1.00,-7.6,M,-6.8,M,,*47
$PAIRACC,4.75,10.58*71
$GNGLL,3900.0007,N,11613.9782,E,025022.000,A,A*4D
$GNGSA,A,3,31,22,20,14,,,,,,,,,1.58,1.00,1.22,1*08
$GNGSA,A,3,65,74,,,,,,,,,,,1.58,1.00,1.22,2*0E
$GNGSA,A,3,,,,,,,,,,,,,1.58,1.00,1.22,3*0F
$GNGSA,A,3,08,03,04,05,,,,,,,,,1.58,1.00,1.22,4*02
$GPGSV,3,1,11,16,02,180,,31,76,219,38.4,30,35,077,,22,35,137,39.2,1*62
$GPGSV,3,2,11,01,34,313,,05,23,051,,11,22,284,,12,15,044,,1*6B
$GPGSV,3,3,11,20,10,315,38.6,18,04,136,,14,57,053,38.8,1*56
$GLGSV,1,1,04,82,21,087,,65,62,253,39.6,74,15,262,39.3,72,14,332,,1*7F
$GAGSV,1,1,00,7*73
$GBGSV,3,1,10,14,04,238,,08,73,346,38.9,09,56,269,,03,43,190,38.5,1*77
$GBGSV,3,2,10,01,38,147,,02,30,229,,04,27,124,38.1,12,21,246,,1*64
$GBGSV,3,3,10,05,15,248,37.8,06,75,330,,1*6E
$GNRMC,025022.000,A,3900.0007,N,11613.9782,E,0.00,140.85,280612,,,A,V*07
$GNVTG,140.85,T,,M,0.00,N,0.01,K,A*2A
$GNZDA,025022.000,28,06,2012,,*42
$GNGGA,025023.000,3900.0007,N,11613.9782,E,1,10,1.00,-7.6,M,-6.8,M,,*46
$PAIRACC,4.68,10.40*74
$GNGLL,3900.0007,N,11613.9782,E,025023.000,A,A*4C
$GNGSA,A,3,31,22,20,14,,,,,,,,,1.58,1.00,1.22,1*08
$GNGSA,A,3,65,74,,,,,,,,,,,1.58,1.00,1.22,2*0E
$GNGSA,A,3,,,,,,,,,,,,,1.58,1.00,1.22,3*0F
$GNGSA,A,3,08,03,04,05,,,,,,,,,1.58,1.00,1.22,4*02
$GPGSV,3,1,11,16,02,180,,31,76,219,39.0,30,35,077,,22,35,137,38.8,1*6C
$GPGSV,3,2,11,01,34,313,,05,23,051,,11,22,284,,12,15,044,,1*6B
$GPGSV,3,3,11,20,10,315,38.4,18,04,136,,14,57,053,38.9,1*55
$GLGSV,1,1,04,82,21,087,,65,62,253,39.2,74,15,262,39.0,72,14,332,,1*78
$GAGSV,1,1,00,7*73
$GBGSV,3,1,10,14,04,238,,08,73,346,39.0,09,56,269,,03,43,190,37.8,1*7D
$GBGSV,3,2,10,01,38,147,,02,30,229,,04,27,124,37.4,12,21,246,,1*6E
$GBGSV,3,3,10,05,15,248,37.8,06,75,330,,1*6E
$GNRMC,025023.000,A,3900.0007,N,11613.9782,E,0.01,148.44,280612,,,A,V*02
$GNVTG,148.44,T,,M,0.01,N,0.01,K,A*2E
$GNZDA,025023.000,28,06,2012,,*43
$GNGGA,025024.000,3900.0007,N,11613.9782,E,1,10,1.00,-7.6,M,-6.8,M,,*41
$PAIRACC,4.55,10.15*7A
$GNGLL,3900.0007,N,11613.9782,E,025024.000,A,A*4B
$GNGSA,A,3,31,22,20,14,,,,,,,,,1.58,1.00,1.22,1*08
$GNGSA,A,3,65,74,,,,,,,,,,,1.58,1.00,1.22,2*0E
$GNGSA,A,3,,,,,,,,,,,,,1.58,1.00,1.22,3*0F
$GNGSA,A,3,08,03,04,05,,,,,,,,,1.58,1.00,1.22,4*02
$GPGSV,3,1,11,16,02,180,,31,76,219,39.0,30,35,077,,22,35,137,39.2,1*67
$GPGSV,3,2,11,01,34,313,,05,23,051,,11,22,284,,12,15,044,,1*6B
$GPGSV,3,3,11,20,10,315,38.7,18,04,136,,14,57,053,38.9,1*56
$GLGSV,1,1,04,82,21,087,,65,62,253,39.4,74,15,262,39.5,72,14,332,,1*7B
$GAGSV,1,1,00,7*73
$GBGSV,3,1,10,14,04,238,,08,73,346,38.9,09,56,269,,03,43,190,38.3,1*71
$GBGSV,3,2,10,01,38,147,,02,30,229,,04,27,124,37.8,12,21,246,,1*62
$GBGSV,3,3,10,05,15,248,38.1,06,75,330,,1*68
$GNRMC,025024.000,A,3900.0007,N,11613.9782,E,0.01,145.98,280612,,,A,V*09
$GNVTG,145.98,T,,M,0.01,N,0.01,K,A*22
$GNZDA,025024.000,28,06,2012,,*44
$GNGGA,025025.000,3900.0007,N,11613.9782,E,1,10,1.00,-7.6,M,-6.8,M,,*40
$PAIRACC,4.88,10.82*74
$GNGLL,3900.0007,N,11613.9782,E,025025.000,A,A*4A
$GNGSA,A,3,31,22,20,14,,,,,,,,,1.58,1.00,1.22,1*08
$GNGSA,A,3,65,74,,,,,,,,,,,1.58,1.00,1.22,2*0E
$GNGSA,A,3,,,,,,,,,,,,,1.58,1.00,1.22,3*0F
$GNGSA,A,3,08,03,04,05,,,,,,,,,1.58,1.00,1.22,4*02
$GPGSV,3,1,11,16,02,180,,31,76,219,38.6,30,35,077,,22,35,137,38.7,1*64
$GPGSV,3,2,11,01,34,313,,05,23,051,,11,22,284,,12,15,044,,1*6B
$GPGSV,3,3,11,20,10,315,38.5,18,04,136,,14,57,053,38.7,1*5A
$GLGSV,1,1,04,82,21,087,,65,62,253,39.3,74,15,262,38.9,72,14,332,,1*71
$GAGSV,1,1,00,7*73
$GBGSV,3,1,10,14,04,238,,08,73,346,38.9,09,56,269,,03,43,190,38.4,1*76
$GBGSV,3,2,10,01,38,147,,02,30,229,,04,27,124,38.0,12,21,246,,1*65
$GBGSV,3,3,10,05,15,248,38.4,06,75,330,,1*6D
$GNRMC,025025.000,A,3900.0007,N,11613.9782,E,0.01,157.64,280612,,,A,V*08
$GNVTG,157.64,T,,M,0.01,N,0.01,K,A*22
$GNZDA,025025.000,28,06,2012,,*45
$GNGGA,025026.000,3900.0007,N,11613.9782,E,1,10,1.00,-7.6,M,-6.8,M,,*43
$PAIRACC,4.56,10.16*7A
$GNGLL,3900.0007,N,11613.9782,E,025026.000,A,A*49
$GNGSA,A,3,31,22,20,14,,,,,,,,,1.58,1.00,1.22,1*08
$GNGSA,A,3,65,74,,,,,,,,,,,1.58,1.00,1.22,2*0E
$GNGSA,A,3,,,,,,,,,,,,,1.58,1.00,1.22,3*0F
$GNGSA,A,3,08,03,04,05,,,,,,,,,1.58,1.00,1.22,4*02
$GPGSV,3,1,11,16,02,180,,31,76,219,38.4,30,35,077,,22,35,137,38.9,1*68
$GPGSV,3,2,11,01,34,313,,05,23,051,,11,22,284,,12,15,044,,1*6B
$GPGSV,3,3,11,20,10,315,38.7,18,04,136,,14,57,053,38.7,1*58
$GLGSV,1,1,04,82,21,087,,65,62,253,39.4,74,15,262,39.1,72,14,332,,1*7F
$GAGSV,1,1,00,7*73
$GBGSV,3,1,10,14,04,238,,08,73,346,39.0,09,56,269,,03,43,190,37.8,1*7D
$GBGSV,3,2,10,01,38,147,,02,30,229,,04,27,124,37.0,12,21,246,,1*6A
$GBGSV,3,3,10,05,15,248,37.6,06,75,330,,1*60
$GNRMC,025026.000,A,3900.0007,N,11613.9782,E,0.01,142.01,280612,,,A,V*0C
$GNVTG,142.01,T,,M,0.01,N,0.01,K,A*25
$GNZDA,025026.000,28,06,2012,,*46
$GNGGA,025027.000,3900.0007,N,11613.9782,E,1,10,1.00,-7.6,M,-6.8,M,,*42
$PAIRACC,4.68,10.40*74
$GNGLL,3900.0007,N,11613.9782,E,025027.000,A,A*48
$GNGSA,A,3,31,22,20,14,,,,,,,,,1.58,1.00,1.22,1*08
$GNGSA,A,3,65,74,,,,,,,,,,,1.58,1.00,1.22,2*0E
$GNGSA,A,3,,,,,,,,,,,,,1.58,1.00,1.22,3*0F
$GNGSA,A,3,08,03,04,05,,,,,,,,,1.58,1.00,1.22,4*02
$GPGSV,3,1,11,16,02,180,,31,76,219,38.6,30,35,077,,22,35,137,38.9,1*6A
$GPGSV,3,2,11,01,34,313,,05,23,051,,11,22,284,,12,15,044,,1*6B
$GPGSV,3,3,11,20,10,315,38.6,18,04,136,,14,57,053,39.0,1*5F
$GLGSV,1,1,04,82,21,087,,65,62,253,39.8,74,15,262,38.9,72,14,332,,1*7A
$GAGSV,1,1,00,7*73
$GBGSV,3,1,10,14,04,238,,08,73,346,38.8,09,56,269,,03,43,190,38.5,1*76
$GBGSV,3,2,10,01,38,147,,02,30,229,,04,27,124,37.9,12,21,246,,1*63
$GBGSV,3,3,10,05,15,248,38.4,06,75,330,,1*6D
$GNRMC,025027.000,A,3900.0007,N,11613.9782,E,0.01,147.83,280612,,,A,V*02
$GNVTG,147.83,T,,M,0.01,N,0.01,K,A*2A
$GNZDA,025027.000,28,06,2012,,*47
$GNGGA,025028.000,3900.0007,N,11613.9782,E,1,10,1.00,-7.6,M,-6.8,M,,*4D
$PAIRACC,4.60,10.27*7D
$GNGLL,3900.0007,N,11613.9782,E,025028.000,A,A*47
$GNGSA,A,3,31,22,20,14,,,,,,,,,1.58,1.00,1.22,1*08
$GNGSA,A,3,65,74,,,,,,,,,,,1.58,1.00,1.22,2*0E
$GNGSA,A,3,,,,,,,,,,,,,1.58,1.00,1.22,3*0F
$GNGSA,A,3,08,03,04,05,,,,,,,,,1.58,1.00,1.22,4*02
$GPGSV,3,1,11,16,02,180,,31,76,219,38.4,30,35,077,,22,35,137,39.0,1*60
$GPGSV,3,2,11,01,34,313,,05,23,051,,11,22,284,,12,15,044,,1*6B
$GPGSV,3,3,11,20,10,315,38.6,18,04,136,,14,57,053,38.6,1*58
$GLGSV,1,1,04,82,21,087,,65,62,253,39.0,74,15,262,39.4,72,14,332,,1*7E
$GAGSV,1,1,00,7*73
$GBGSV,3,1,10,14,04,238,,08,73,346,38.5,09,56,269,,03,43,190,38.4,1*7A
$GBGSV,3,2,10,01,38,147,,02,30,229,,04,27,124,37.7,12,21,246,,1*6D
$GBGSV,3,3,10,05,15,248,38.2,06,75,330,,1*6B
$GNRMC,025028.000,A,3900.0007,N,11613.9782,E,0.01,124.01,280612,,,A,V*02
$GNVTG,124.01,T,,M,0.01,N,0.01,K,A*25
$GNZDA,025028.000,28,06,2012,,*48
$GNGGA,025029.000,3900.0007,N,11613.9782,E,1,10,1.00,-7.6,M,-6.8,M,,*4C
$PAIRACC,4.68,10.40*74
$GNGLL,3900.0007,N,11613.9782,E,025029.000,A,A*46
$GNGSA,A,3,31,22,20,14,,,,,,,,,1.58,1.00,1.22,1*08
$GNGSA,A,3,65,74,,,,,,,,,,,1.58,1.00,1.22,2*0E
$GNGSA,A,3,,,,,,,,,,,,,1.58,1.00,1.22,3*0F
$GNGSA,A,3,08,03,04,05,,,,,,,,,1.58,1.00,1.22,4*02
$GPGSV,3,1,11,16,02,180,,31,76,219,38.2,30,35,077,,22,35,137,39.1,1*67
$GPGSV,3,2,11,01,34,313,,05,23,051,,11,22,284,,12,15,044,,1*6B
$GPGSV,3,3,11,20,10,315,38.5,18,04,136,,14,57,053,39.0,1*5C
$GLGSV,1,1,04,82,21,087,,65,62,253,39.5,74,15,262,38.8,72,14,332,,1*76
$GAGSV,1,1,00,7*73
$GBGSV,3,1,10,14,04,238,,08,73,346,39.0,09,56,269,,03,43,190,38.2,1*78
$GBGSV,3,2,10,01,38,147,,02,30,229,,04,27,124,37.7,12,21,246,,1*6D
$GBGSV,3,3,10,05,15,248,37.5,06,75,330,,1*63
$GNRMC,025029.000,A,3900.0007,N,11613.9782,E,0.01,141.54,280612,,,A,V*00
$GNVTG,141.54,T,,M,0.01,N,0.01,K,A*26
$GNZDA,025029.000,28,06,2012,,*49
$GNGGA,025030.000,3900.0006,N,11613.9782,E,1,10,1.00,-7.6,M,-6.8,M,,*45
$PAIRACC,4.55,10.16*79
$GNGLL,3900.0006,N,11613.9782,E,025030.000,A,A*4F
$GNGSA,A,3,31,22,20,14,,,,,,,,,1.58,1.00,1.22,1*08
$GNGSA,A,3,65,74,,,,,,,,,,,1.58,1.00,1.22,2*0E
$GNGSA,A,3,,,,,,,,,,,,,1.58,1.00,1.22,3*0F
$GNGSA,A,3,08,03,04,05,,,,,,,,,1.58,1.00,1.22,4*02
$GPGSV,3,1,11,16,02,180,,31,76,219,38.7,30,35,077,,22,35,137,38.7,1*65
$GPGSV,3,2,11,01,34,313,,05,23,051,,11,22,284,,12,15,044,,1*6B
$GPGSV,3,3,11,20,10,315,38.5,18,04,136,,14,57,053,39.0,1*5C
$GLGSV,1,1,04,82,21,087,,65,62,253,39.2,74,15,262,39.3,72,14,332,,1*7B
$GAGSV,1,1,00,7*73
$GBGSV,3,1,10,14,04,238,,08,73,346,38.6,09,56,269,,03,43,190,38.4,1*79
$GBGSV,3,2,10,01,38,147,,02,30,229,,04,27,124,37.9,12,21,246,,1*63
$GBGSV,3,3,10,05,15,248,37.8,06,75,330,,1*6E
$GNRMC,025030.000,A,3900.0006,N,11613.9782,E,0.01,152.99,280612,,,A,V*0A
$GNVTG,152.99,T,,M,0.01,N,0.01,K,A*25
$GNZDA,025030.000,28,06,2012,,*41
$GNGGA,025031.000,3900.0006,N,11613.9782,E,1,10,1.00,-7.6,M,-6.8,M,,*44
$PAIRACC,4.55,10.15*7A
$GNGLL,3900.0006,N,11613.9782,E,025031.000,A,A*4E
$GNGSA,A,3,31,22,20,14,,,,,,,,,1.58,1.00,1.22,1*08
$GNGSA,A,3,65,74,,,,,,,,,,,1.58,1.00,1.22,2*0E
$GNGSA,A,3,,,,,,,,,,,,,1.58,1.00,1.22,3*0F
$GNGSA,A,3,08,03,04,05,,,,,,,,,1.58,1.00,1.22,4*02
$GPGSV,3,1,11,16,02,180,,31,76,219,38.6,30,35,077,,22,35,137,39.2,1*60
$GPGSV,3,2,11,01,34,313,,05,23,051,,11,22,284,,12,15,044,,1*6B
$GPGSV,3,3,11,20,10,315,38.5,18,04,136,,14,57,053,39.6,1*5A
$GLGSV,1,1,04,82,21,087,,65,62,253,39.7,74,15,262,39.3,72,14,332,,1*7E
$GAGSV,1,1,00,7*73
$GBGSV,3,1,10,14,04,238,,08,73,346,38.6,09,56,269,,03,43,190,38.6,1*7B
$GBGSV,3,2,10,01,38,147,,02,30,229,,04,27,124,37.7,12,21,246,,1*6D
$GBGSV,3,3,10,05,15,248,37.9,06,75,330,,1*6F
$GNRMC,025031.000,A,3900.0006,N,11613.9782,E,0.01,147.49,280612,,,A,V*02
$GNVTG,147.49,T,,M,0.01,N,0.01,K,A*2C
$GNZDA,025031.000,28,06,2012,,*40
$GNGGA,025032.000,3900.0007,N,11613.9782,E,1,10,1.00,-7.6,M,-6.8,M,,*46
$PAIRACC,4.82,10.61*73
$GNGLL,3900.0007,N,11613.9782,E,025032.000,A,A*4C
$GNGSA,A,3,31,22,20,14,,,,,,,,,1.58,1.00,1.22,1*08
$GNGSA,A,3,65,74,,,,,,,,,,,1.58,1.00,1.22,2*0E
$GNGSA,A,3,,,,,,,,,,,,,1.58,1.00,1.22,3*0F
$GNGSA,A,3,08,03,04,05,,,,,,,,,1.58,1.00,1.22,4*02
$GPGSV,3,1,11,16,02,180,,31,76,219,38.4,30,35,077,,22,35,137,39.0,1*60
$GPGSV,3,2,11,01,34,313,,05,23,051,,11,22,284,,12,15,044,,1*6B
$GPGSV,3,3,11,20,10,315,38.7,18,04,136,,14,57,053,38.8,1*57
$GLGSV,1,1,04,82,21,087,,65,62,253,39.3,74,15,262,39.3,72,14,332,,1*7A
$GAGSV,1,1,00,7*73
$GBGSV,3,1,10,14,04,238,,08,73,346,39.2,09,56,269,,03,43,190,38.9,1*71
$GBGSV,3,2,10,01,38,147,,02,30,229,,04,27,124,38.4,12,21,246,,1*61
$GBGSV,3,3,10,05,15,248,38.8,06,75,330,,1*61
$GNRMC,025032.000,A,3900.0007,N,11613.9782,E,0.01,128.66,280612,,,A,V*04
$GNVTG,128.66,T,,M,0.01,N,0.01,K,A*28
$GNZDA,025032.000,28,06,2012,,*43
$GNGGA,025033.000,3900.0007,N,11613.9782,E,1,10,1.00,-7.6,M,-6.8,M,,*47
$PAIRACC,4.58,10.27*76
$GNGLL,3900.0007,N,11613.9782,E,025033.000,A,A*4D
$GNGSA,A,3,31,22,20,14,,,,,,,,,1.58,1.00,1.22,1*08
$GNGSA,A,3,65,74,,,,,,,,,,,1.58,1.00,1.22,2*0E
$GNGSA,A,3,,,,,,,,,,,,,1.58,1.00,1.22,3*0F
$GNGSA,A,3,08,03,04,05,,,,,,,,,1.58,1.00,1.22,4*02
$GPGSV,3,1,11,16,02,180,,31,76,219,38.8,30,35,077,,22,35,137,39.1,1*6D
$GPGSV,3,2,11,01,34,313,,05,23,051,,11,22,284,,12,15,044,,1*6B
$GPGSV,3,3,11,20,10,315,38.5,18,04,136,,14,57,053,38.8,1*55
$GLGSV,1,1,04,82,21,087,,65,62,253,39.3,74,15,262,39.1,72,14,332,,1*78
$GAGSV,1,1,00,7*73
$GBGSV,3,1,10,14,04,238,,08,73,346,39.0,09,56,269,,03,43,190,38.4,1*7E
$GBGSV,3,2,10,01,38,147,,02,30,229,,04,27,124,38.4,12,21,246,,1*61
$GBGSV,3,3,10,05,15,248,38.0,06,75,330,,1*69
$GNRMC,025033.000,A,3900.0007,N,11613.9782,E,0.01,101.04,280612,,,A,V*0A
$GNVTG,101.04,T,,M,0.01,N,0.01,K,A*27
$GNZDA,025033.000,28,06,2012,,*42
$GNGGA,025034.000,3900.0007,N,11613.9782,E,1,10,1.00,-7.6,M,-6.8,M,,*40
$PAIRACC,4.55,10.15*7A
$GNGLL,3900.0007,N,11613.9782,E,025034.000,A,A*4A
$GNGSA,A,3,31,22,20,14,,,,,,,,,1.58,1.00,1.22,1*08
$GNGSA,A,3,65,74,,,,,,,,,,,1.58,1.00,1.22,2*0E
$GNGSA,A,3,,,,,,,,,,,,,1.58,1.00,1.22,3*0F
$GNGSA,A,3,08,03,04,05,,,,,,,,,1.58,1.00,1.22,4*02
$GPGSV,3,1,11,16,02,180,,31,76,219,39.0,30,35,077,,22,35,137,39.1,1*64
$GPGSV,3,2,11,01,34,313,,05,23,051,,11,22,284,,12,15,044,,1*6B
$GPGSV,3,3,11,20,10,315,38.7,18,04,136,,14,57,053,38.4,1*5B
$GLGSV,1,1,04,82,21,087,,65,62,253,39.3,74,15,262,39.4,72,14,332,,1*7D
$GAGSV,1,1,00,7*73
$GBGSV,3,1,10,14,04,238,,08,73,346,39.4,09,56,269,,03,43,190,38.5,1*7B
$GBGSV,3,2,10,01,38,147,,02,30,229,,04,27,124,38.1,12,21,246,,1*64
$GBGSV,3,3,10,05,15,248,38.5,06,75,330,,1*6C
$GNRMC,025034.000,A,3900.0007,N,11613.9782,E,0.00,112.39,280612,,,A,V*00
$GNVTG,112.39,T,,M,0.00,N,0.01,K,A*2A
$GNZDA,025034.000,28,06,2012,,*45
$GNGGA,025035.000,3900.0007,N,11613.9782,E,1,10,1.00,-7.6,M,-6.8,M,,*41
$PAIRACC,4.74,10.62*79
$GNGLL,3900.0007,N,11613.9782,E,025035.000,A,A*4B
$GNGSA,A,3,31,22,20,14,,,,,,,,,1.58,1.00,1.22,1*08
$GNGSA,A,3,65,74,,,,,,,,,,,1.58,1.00,1.22,2*0E
$GNGSA,A,3,,,,,,,,,,,,,1.58,1.00,1.22,3*0F
$GNGSA,A,3,08,03,04,05,,,,,,,,,1.58,1.00,1.22,4*02
$GPGSV,3,1,11,16,02,180,,31,76,219,38.6,30,35,077,,22,35,137,39.0,1*62
$GPGSV,3,2,11,01,34,313,,05,23,051,,11,22,284,,12,15,044,,1*6B
$GPGSV,3,3,11,20,10,315,38.8,18,04,136,,14,57,053,38.9,1*59
$GLGSV,1,1,04,82,21,087,,65,62,253,39.0,74,15,262,38.7,72,14,332,,1*7C
$GAGSV,1,1,00,7*73
$GBGSV,3,1,10,14,04,238,,08,73,346,38.7,09,56,269,,03,43,190,38.5,1*79
$GBGSV,3,2,10,01,38,147,,02,30,229,,04,27,124,38.6,12,21,246,,1*63
$GBGSV,3,3,10,05,15,248,38.4,06,75,330,,1*6D
$GNRMC,025035.000,A,3900.0007,N,11613.9782,E,0.00,89.36,280612,,,A,V*3D
$GNVTG,89.36,T,,M,0.00,N,0.01,K,A*16
$GNZDA,025035.000,28,06,2012,,*44
$GNGGA,025036.000,3900.0007,N,11613.9782,E,1,10,1.00,-7.6,M,-6.8,M,,*42
$PAIRACC,4.55,10.15*7A
$GNGLL,3900.0007,N,11613.9782,E,025036.000,A,A*48
$GNGSA,A,3,31,22,20,14,,,,,,,,,1.58,1.00,1.22,1*08
$GNGSA,A,3,65,74,,,,,,,,,,,1.58,1.00,1.22,2*0E
$GNGSA,A,3,,,,,,,,,,,,,1.58,1.00,1.22,3*0F
$GNGSA,A,3,08,03,04,05,,,,,,,,,1.58,1.00,1.22,4*02
$GPGSV,3,1,11,16,02,180,,31,76,219,38.2,30,35,077,,22,35,137,39.0,1*66
$GPGSV,3,2,11,01,34,313,,05,23,051,,11,22,284,,12,15,044,,1*6B
$GPGSV,3,3,11,20,10,315,38.6,18,04,136,,14,57,053,39.0,1*5F
$GLGSV,1,1,04,82,21,087,,65,62,253,39.2,74,15,262,39.2,72,14,332,,1*7A
$GAGSV,1,1,00,7*73
$GBGSV,3,1,10,14,04,238,,08,73,346,38.9,09,56,269,,03,43,190,38.3,1*71
$GBGSV,3,2,10,01,38,147,,02,30,229,,04,27,124,37.8,12,21,246,,1*62
$GBGSV,3,3,10,05,15,248,37.8,06,75,330,,1*6E
$GNRMC,025036.000,A,3900.0007,N,11613.9782,E,0.00,118.28,280612,,,A,V*08
$GNVTG,118.28,T,,M,0.00,N,0.01,K,A*20
$GNZDA,025036.000,28,06,2012,,*47
$GNGGA,025037.000,3900.0007,N,11613.9782,E,1,10,1.00,-7.6,M,-6.8,M,,*43
$PAIRACC,4.57,10.22*7C
$GNGLL,3900.0007,N,11613.9782,E,025037.000,A,A*49
$GNGSA,A,3,31,22,20,14,,,,,,,,,1.58,1.00,1.22,1*08
$GNGSA,A,3,65,74,,,,,,,,,,,1.58,1.00,1.22,2*0E
$GNGSA,A,3,,,,,,,,,,,,,1.58,1.00,1.22,3*0F
$GNGSA,A,3,08,03,04,05,,,,,,,,,1.58,1.00,1.22,4*02
$GPGSV,3,1,11,16,02,180,,31,76,219,38.9,30,35,077,,22,35,137,39.1,1*6C
$GPGSV,3,2,11,01,34,313,,05,23,051,,11,22,284,,12,15,044,,1*6B
$GPGSV,3,3,11,20,10,315,38.8,18,04,136,,14,57,053,38.6,1*56
$GLGSV,1,1,04,82,21,087,,65,62,253,39.7,74,15,262,39.1,72,14,332,,1*7C
$GAGSV,1,1,00,7*73
$GBGSV,3,1,10,14,04,238,,08,73,346,39.3,09,56,269,,03,43,190,38.4,1*7D
$GBGSV,3,2,10,01,38,147,,02,30,229,,04,27,124,37.7,12,21,246,,1*6D
$GBGSV,3,3,10,05,15,248,37.8,06,75,330,,1*6E
$GNRMC,025037.000,A,3900.0007,N,11613.9782,E,0.00,150.14,280612,,,A,V*0A
$GNVTG,150.14,T,,M,0.00,N,0.01,K,A*23
$GNZDA,025037.000,28,06,2012,,*46
$GNGGA,025038.000,3900.0007,N,11613.9782,E,1,10,1.00,-7.6,M,-6.8,M,,*4C
$PAIRACC,4.68,10.44*70
$GNGLL,3900.0007,N,11613.9782,E,025038.000,A,A*46
$GNGSA,A,3,31,22,20,14,,,,,,,,,1.58,1.00,1.22,1*08
$GNGSA,A,3,65,74,,,,,,,,,,,1.58,1.00,1.22,2*0E
$GNGSA,A,3,,,,,,,,,,,,,1.58,1.00,1.22,3*0F
$GNGSA,A,3,08,03,04,05,,,,,,,,,1.58,1.00,1.22,4*02
$GPGSV,3,1,11,16,02,180,,31,76,219,38.8,30,35,077,,22,35,137,38.8,1*65
$GPGSV,3,2,11,01,34,313,,05,23,051,,11,22,284,,12,15,044,,1*6B
$GPGSV,3,3,11,20,10,315,38.8,18,04,136,,14,57,053,38.2,1*52
$GLGSV,1,1,04,82,21,087,,65,62,253,39.6,74,15,262,38.8,72,14,332,,1*75
$GAGSV,1,1,00,7*73
$GBGSV,3,1,10,14,04,238,,08,73,346,38.3,09,56,269,,03,43,190,38.7,1*7F
$GBGSV,3,2,10,01,38,147,,02,30,229,,04,27,124,38.3,12,21,246,,1*66
$GBGSV,3,3,10,05,15,248,38.6,06,75,330,,1*6F
$GNRMC,025038.000,A,3900.0007,N,11613.9782,E,0.00,134.13,280612,,,A,V*00
$GNVTG,134.13,T,,M,0.00,N,0.01,K,A*26
$GNZDA,025038.000,28,06,2012,,*49
$GNGGA,025039.000,3900.0007,N,11613.9782,E,1,10,1.00,-7.6,M,-6.8,M,,*4D
$PAIRACC,4.55,10.15*7A
$GNGLL,3900.0007,N,11613.9782,E,025039.000,A,A*47
$GNGSA,A,3,31,22,20,14,,,,,,,,,1.58,1.00,1.22,1*08
$GNGSA,A,3,65,74,,,,,,,,,,,1.58,1.00,1.22,2*0E
$GNGSA,A,3,,,,,,,,,,,,,1.58,1.00,1.22,3*0F
$GNGSA,A,3,08,03,04,05,,,,,,,,,1.58,1.00,1.22,4*02
$GPGSV,3,1,11,16,02,180,,31,76,219,38.6,30,35,077,,22,35,137,38.9,1*6A
$GPGSV,3,2,11,01,34,313,,05,23,051,,11,22,284,,12,15,044,,1*6B
$GPGSV,3,3,11,20,10,315,38.8,18,04,136,,14,57,053,38.7,1*57
$GLGSV,1,1,04,82,21,087,,65,62,253,39.4,74,15,262,38.8,72,14,332,,1*77
$GAGSV,1,1,00,7*73
$GBGSV,3,1,10,14,04,238,,08,73,346,39.2,09,56,269,,03,43,190,38.3,1*7B
$GBGSV,3,2,10,01,38,147,,02,30,229,,04,27,124,38.0,12,21,246,,1*65
$GBGSV,3,3,10,05,15,248,38.1,06,75,330,,1*68
$GNRMC,025039.000,A,3900.0007,N,11613.9782,E,0.00,145.80,280612,,,A,V*0D
$GNVTG,145.80,T,,M,0.00,N,0.01,K,A*2A
$GNZDA,025039.000,28,06,2012,,*48
$GNGGA,025040.000,3900.0006,N,11613.9782,E,1,10,1.00,-7.6,M,-6.8,M,,*42
$PAIRACC,4.57,10.26*78
$GNGLL,3900.0006,N,11613.9782,E,025040.000,A,A*48
$GNGSA,A,3,31,22,20,14,,,,,,,,,1.58,1.00,1.22,1*08
$GNGSA,A,3,65,74,,,,,,,,,,,1.58,1.00,1.22,2*0E
$GNGSA,A,3,,,,,,,,,,,,,1.58,1.00,1.22,3*0F
$GNGSA,A,3,08,03,04,05,,,,,,,,,1.58,1.00,1.22,4*02
$GPGSV,3,1,11,16,02,180,,31,76,219,38.5,30,35,077,,22,35,137,38.8,1*68
$GPGSV,3,2,11,01,34,313,,05,23,051,,11,22,284,,12,15,044,,1*6B
$GPGSV,3,3,11,20,10,315,38.5,18,04,136,,14,57,053,38.9,1*54
$GLGSV,1,1,04,82,21,087,,65,62,253,39.2,74,15,262,38.7,72,14,332,,1*7E
$GAGSV,1,1,00,7*73
$GBGSV,3,1,10,14,04,238,,08,73,346,39.0,09,56,269,,03,43,190,38.5,1*7F
$GBGSV,3,2,10,01,38,147,,02,30,229,,04,27,124,37.9,12,21,246,,1*63
$GBGSV,3,3,10,05,15,248,38.0,06,75,330,,1*69
$GNRMC,025040.000,A,3900.0006,N,11613.9782,E,0.00,149.97,280612,,,A,V*08
$GNVTG,149.97,T,,M,0.00,N,0.01,K,A*20
$GNZDA,025040.000,28,06,2012,,*46
$GNGGA,025041.000,3900.0006,N,11613.9782,E,1,10,1.00,-7.6,M,-6.8,M,,*43
$PAIRACC,4.69,10.43*76
$GNGLL,3900.0006,N,11613.9782,E,025041.000,A,A*49
$GNGSA,A,3,31,22,20,14,,,,,,,,,1.58,1.00,1.22,1*08
$GNGSA,A,3,65,74,,,,,,,,,,,1.58,1.00,1.22,2*0E
$GNGSA,A,3,,,,,,,,,,,,,1.58,1.00,1.22,3*0F
$GNGSA,A,3,08,03,04,05,,,,,,,,,1.58,1.00,1.22,4*02
$GPGSV,3,1,11,16,02,180,,31,76,219,38.7,30,35,077,,22,35,137,38.5,1*67
$GPGSV,3,2,11,01,34,313,,05,23,051,,11,22,284,,12,15,044,,1*6B
$GPGSV,3,3,11,20,10,315,38.4,18,04,136,,14,57,053,39.2,1*5F
$GLGSV,1,1,04,82,21,087,,65,62,253,39.1,74,15,262,38.6,72,14,332,,1*7C
$GAGSV,1,1,00,7*73
$GBGSV,3,1,10,14,04,238,,08,73,346,38.9,09,56,269,,03,43,190,38.9,1*7B
$GBGSV,3,2,10,01,38,147,,02,30,229,,04,27,124,38.3,12,21,246,,1*66
$GBGSV,3,3,10,05,15,248,38.3,06,75,330,,1*6A
$GNRMC,025041.000,A,3900.0006,N,11613.9782,E,0.00,150.44,280612,,,A,V*0F
$GNVTG,150.44,T,,M,0.00,N,0.01,K,A*26
$GNZDA,025041.000,28,06,2012,,*47
$GNGGA,025042.000,3900.0006,N,11613.9782,E,1,10,1.00,-7.6,M,-6.8,M,,*40
$PAIRACC,4.70,10.44*79
$GNGLL,3900.0006,N,11613.9782,E,025042.000,A,A*4A
$GNGSA,A,3,31,22,20,14,,,,,,,,,1.58,1.00,1.22,1*08
$GNGSA,A,3,65,74,,,,,,,,,,,1.58,1.00,1.22,2*0E
$GNGSA,A,3,,,,,,,,,,,,,1.58,1.00,1.22,3*0F
$GNGSA,A,3,08,03,04,05,,,,,,,,,1.58,1.00,1.22,4*02
$GPGSV,3,1,11,16,02,180,,31,76,219,38.9,30,35,077,,22,35,137,39.0,1*6D
$GPGSV,3,2,11,01,34,313,,05,23,051,,11,22,284,,12,15,044,,1*6B
$GPGSV,3,3,11,20,10,315,39.1,18,04,136,,14,57,053,39.1,1*58
$GLGSV,1,1,04,82,21,087,,65,62,253,39.5,74,15,262,38.7,72,14,332,,1*79
$GAGSV,1,1,00,7*73
$GBGSV,3,1,10,14,04,238,,08,73,346,38.8,09,56,269,,03,43,190,38.5,1*76
$GBGSV,3,2,10,01,38,147,,02,30,229,,04,27,124,38.2,12,21,246,,1*67
$GBGSV,3,3,10,05,15,248,38.5,06,75,330,,1*6C
$GNRMC,025042.000,A,3900.0006,N,11613.9782,E,0.00,164.60,280612,,,A,V*0D
$GNVTG,164.60,T,,M,0.00,N,0.01,K,A*27
$GNZDA,025042.000,28,06,2012,,*44
$GNGGA,025043.000,3900.0006,N,11613.9782,E,1,10,1.00,-7.6,M,-6.8,M,,*41
$PAIRACC,4.74,10.61*7A
$GNGLL,3900.0006,N,11613.9782,E,025043.000,A,A*4B
$GNGSA,A,3,31,22,20,14,,,,,,,,,1.58,1.00,1.22,1*08
$GNGSA,A,3,65,74,,,,,,,,,,,1.58,1.00,1.22,2*0E
$GNGSA,A,3,,,,,,,,,,,,,1.58,1.00,1.22,3*0F
$GNGSA,A,3,08,03,04,05,,,,,,,,,1.58,1.00,1.22,4*02
$GPGSV,3,1,11,16,02,180,,31,76,219,39.0,30,35,077,,22,35,137,39.0,1*65
$GPGSV,3,2,11,01,34,313,,05,23,051,,11,22,284,,12,15,044,,1*6B
$GPGSV,3,3,11,20,10,315,38.5,18,04,136,,14,57,053,39.0,1*5C
$GLGSV,1,1,04,82,21,087,,65,62,253,39.3,74,15,262,39.0,72,14,332,,1*79
$GAGSV,1,1,00,7*73
$GBGSV,3,1,10,14,04,238,,08,73,346,39.0,09,56,269,,03,43,190,38.6,1*7C
$GBGSV,3,2,10,01,38,147,,02,30,229,,04,27,124,38.1,12,21,246,,1*64
$GBGSV,3,3,10,05,15,248,37.8,06,75,330,,1*6E
$GNRMC,025043.000,A,3900.0006,N,11613.9782,E,0.00,154.75,280612,,,A,V*0B
$GNVTG,154.75,T,,M,0.00,N,0.01,K,A*20
$GNZDA,025043.000,28,06,2012,,*45
$GNGGA,025044.000,3900.0006,N,11613.9782,E,1,10,1.00,-7.6,M,-6.8,M,,*46
$PAIRACC,4.55,10.15*7A
$GNGLL,3900.0006,N,11613.9782,E,025044.000,A,A*4C
$GNGSA,A,3,31,22,20,14,,,,,,,,,1.58,1.00,1.22,1*08
$GNGSA,A,3,65,74,,,,,,,,,,,1.58,1.00,1.22,2*0E
$GNGSA,A,3,,,,,,,,,,,,,1.58,1.00,1.22,3*0F
$GNGSA,A,3,08,03,04,05,,,,,,,,,1.58,1.00,1.22,4*02
$GPGSV,3,1,11,16,02,180,,31,76,219,39.0,30,35,077,,22,35,137,38.6,1*62
$GPGSV,3,2,11,01,34,313,,05,23,051,,11,22,284,,12,15,044,,1*6B
$GPGSV,3,3,11,20,10,315,38.5,18,04,136,,14,57,053,38.9,1*54
$GLGSV,1,1,04,82,21,087,,65,62,253,39.4,74,15,262,39.3,72,14,332,,1*7D
$GAGSV,1,1,00,7*73
$GBGSV,3,1,10,14,04,238,,08,73,346,38.5,09,56,269,,03,43,190,38.8,1*76
$GBGSV,3,2,10,01,38,147,,02,30,229,,04,27,124,38.6,12,21,246,,1*63
$GBGSV,3,3,10,05,15,248,38.6,06,75,330,,1*6F
$GNRMC,025044.000,A,3900.0006,N,11613.9782,E,0.00,116.25,280612,,,A,V*0F
$GNVTG,116.25,T,,M,0.00,N,0.01,K,A*23
$GNZDA,025044.000,28,06,2012,,*42
$GNGGA,025045.000,3900.0006,N,11613.9782,E,1,10,1.00,-7.6,M,-6.8,M,,*47
$PAIRACC,4.57,10.22*7C
$GNGLL,3900.0006,N,11613.9782,E,025045.000,A,A*4D
$GNGSA,A,3,31,22,20,14,,,,,,,,,1.58,1.00,1.22,1*08
$GNGSA,A,3,65,74,,,,,,,,,,,1.58,1.00,1.22,2*0E
$GNGSA,A,3,,,,,,,,,,,,,1.58,1.00,1.22,3*0F
$GNGSA,A,3,08,03,04,05,,,,,,,,,1.58,1.00,1.22,4*02
$GPGSV,3,1,11,16,02,180,,31,76,219,38.9,30,35,077,,22,35,137,39.0,1*6D
$GPGSV,3,2,11,01,34,313,,05,23,051,,11,22,284,,12,15,044,,1*6B
$GPGSV,3,3,11,20,10,315,38.7,18,04,136,,14,57,053,39.0,1*5E
$GLGSV,1,1,04,82,21,087,,65,62,253,39.2,74,15,262,38.9,72,14,332,,1*70
$GAGSV,1,1,00,7*73
$GBGSV,3,1,10,14,04,238,,08,73,346,39.1,09,56,269,,03,43,190,38.3,1*78
$GBGSV,3,2,10,01,38,147,,02,30,229,,04,27,124,38.0,12,21,246,,1*65
$GBGSV,3,3,10,05,15,248,38.1,06,75,330,,1*68
$GNRMC,025045.000,A,3900.0006,N,11613.9782,E,0.00,153.40,280612,,,A,V*0C
$GNVTG,153.40,T,,M,0.00,N,0.01,K,A*21
$GNZDA,025045.000,28,06,2012,,*43
$GNGGA,025046.000,3900.0006,N,11613.9782,E,1,10,1.00,-7.6,M,-6.8,M,,*44
$PAIRACC,4.57,10.26*78
$GNGLL,3900.0006,N,11613.9782,E,025046.000,A,A*4E
$GNGSA,A,3,31,22,20,14,,,,,,,,,1.58,1.00,1.22,1*08
$GNGSA,A,3,65,74,,,,,,,,,,,1.58,1.00,1.22,2*0E
$GNGSA,A,3,,,,,,,,,,,,,1.58,1.00,1.22,3*0F
$GNGSA,A,3,08,03,04,05,,,,,,,,,1.58,1.00,1.22,4*02
$GPGSV,3,1,11,16,02,180,,31,76,219,38.5,30,35,077,,22,35,137,38.3,1*63
$GPGSV,3,2,11,01,34,313,,05,23,051,,11,22,284,,12,15,044,,1*6B
$GPGSV,3,3,11,20,10,315,38.5,18,04,136,,14,57,053,39.3,1*5F
$GLGSV,1,1,04,82,21,087,,65,62,253,39.4,74,15,262,39.0,72,14,332,,1*7E
$GAGSV,1,1,00,7*73
$GBGSV,3,1,10,14,04,238,,08,73,346,39.1,09,56,269,,03,43,190,38.2,1*79
$GBGSV,3,2,10,01,38,147,,02,30,229,,04,27,124,38.0,12,21,246,,1*65
$GBGSV,3,3,10,05,15,248,38.1,06,75,330,,1*68
$GNRMC,025046.000,A,3900.0006,N,11613.9782,E,0.00,137.14,280612,,,A,V*0C
$GNVTG,137.14,T,,M,0.00,N,0.01,K,A*22
$GNZDA,025046.000,28,06,2012,,*40
$GNGGA,025047.000,3900.0006,N,11613.9783,E,1,10,1.00,-7.6,M,-6.8,M,,*44
$PAIRACC,4.64,10.15*78
$GNGLL,3900.0006,N,11613.9783,E,025047.000,A,A*4E
$GNGSA,A,3,31,22,20,14,,,,,,,,,1.58,1.00,1.22,1*08
$GNGSA,A,3,65,74,,,,,,,,,,,1.58,1.00,1.22,2*0E
$GNGSA,A,3,,,,,,,,,,,,,1.58,1.00,1.22,3*0F
$GNGSA,A,3,08,03,04,05,,,,,,,,,1.58,1.00,1.22,4*02
$GPGSV,3,1,11,16,02,180,,31,76,219,38.6,30,35,077,,22,35,137,38.7,1*64
$GPGSV,3,2,11,01,34,313,,05,23,051,,11,22,284,,12,15,044,,1*6B
$GPGSV,3,3,11,20,10,315,38.5,18,04,136,,14,57,053,38.9,1*54
$GLGSV,1,1,04,82,21,087,,65,62,253,39.5,74,15,262,38.9,72,14,332,,1*77
$GAGSV,1,1,00,7*73
$GBGSV,3,1,10,14,04,238,,08,73,346,38.4,09,56,269,,03,43,190,38.7,1*78
$GBGSV,3,2,10,01,38,147,,02,30,229,,04,27,124,38.6,12,21,246,,1*63
$GBGSV,3,3,10,05,15,248,38.1,06,75,330,,1*68
$GNRMC,025047.000,A,3900.0006,N,11613.9783,E,0.00,129.60,280612,,,A,V*00
$GNVTG,129.60,T,,M,0.00,N,0.01,K,A*2E
$GNZDA,025047.000,28,06,2012,,*41
$GNGGA,025048.000,3900.0006,N,11613.9783,E,1,10,1.00,-7.6,M,-6.8,M,,*4B
$PAIRACC,4.55,10.15*7A
$GNGLL,3900.0006,N,11613.9783,E,025048.000,A,A*41
$GNGSA,A,3,31,22,20,14,,,,,,,,,1.58,1.00,1.22,1*08
$GNGSA,A,3,65,74,,,,,,,,,,,1.58,1.00,1.22,2*0E
$GNGSA,A,3,,,,,,,,,,,,,1.58,1.00,1.22,3*0F
$GNGSA,A,3,08,03,04,05,,,,,,,,,1.58,1.00,1.22,4*02
$GPGSV,3,1,11,16,02,180,,31,76,219,38.9,30,35,077,,22,35,137,38.6,1*6A
$GPGSV,3,2,11,01,34,313,,05,23,051,,11,22,284,,12,15,044,,1*6B
$GPGSV,3,3,11,20,10,315,38.3,18,04,136,,14,57,053,39.0,1*5A
$GLGSV,1,1,04,82,21,087,,65,62,253,39.7,74,15,262,39.2,72,14,332,,1*7F
$GAGSV,1,1,00,7*73
$GBGSV,3,1,10,14,04,238,,08,73,346,38.4,09,56,269,,03,43,190,38.4,1*7B
$GBGSV,3,2,10,01,38,147,,02,30,229,,04,27,124,38.2,12,21,246,,1*67
$GBGSV,3,3,10,05,15,248,38.1,06,75,330,,1*68
$GNRMC,025048.000,A,3900.0006,N,11613.9783,E,0.00,123.67,280612,,,A,V*02
$GNVTG,123.67,T,,M,0.00,N,0.01,K,A*23
$GNZDA,025048.000,28,06,2012,,*4E
$GNGGA,025049.000,3900.0006,N,11613.9783,E,1,10,1.00,-7.6,M,-6.8,M,,*4A
$PAIRACC,4.84,10.74*71
$GNGLL,3900.0006,N,11613.9783,E,025049.000,A,A*40
$GNGSA,A,3,31,22,20,14,,,,,,,,,1.58,1.00,1.22,1*08
$GNGSA,A,3,65,74,,,,,,,,,,,1.58,1.00,1.22,2*0E
$GNGSA,A,3,,,,,,,,,,,,,1.58,1.00,1.22,3*0F
$GNGSA,A,3,08,03,04,05,,,,,,,,,1.58,1.00,1.22,4*02
$GPGSV,3,1,11,16,02,180,,31,76,219,38.4,30,35,077,,22,35,137,38.8,1*69
$GPGSV,3,2,11,01,34,313,,05,23,051,,11,22,284,,12,15,044,,1*6B
$GPGSV,3,3,11,20,10,315,38.4,18,04,136,,14,57,053,38.8,1*54
$GLGSV,1,1,04,82,21,087,,65,62,253,39.7,74,15,262,39.2,72,14,332,,1*7F
$GAGSV,1,1,00,7*73
$GBGSV,3,1,10,14,04,238,,08,73,346,38.4,09,56,269,,03,43,190,38.2,1*7D
$GBGSV,3,2,10,01,38,147,,02,30,229,,04,27,124,37.9,12,21,246,,1*63
$GBGSV,3,3,10,05,15,248,37.8,06,75,330,,1*6E
$GNRMC,025049.000,A,3900.0006,N,11613.9783,E,0.01,128.77,280612,,,A,V*08
$GNVTG,128.77,T,,M,0.01,N,0.01,K,A*28
$GNZDA,025049.000,28,06,2012,,*4F
$GNGGA,025050.000,3900.0006,N,11613.9783,E,1,10,1.00,-7.6,M,-6.8,M,,*42
$PAIRACC,4.56,10.21*7E
$GNGLL,3900.0006,N,11613.9783,E,025050.000,A,A*48
$GNGSA,A,3,31,22,20,14,,,,,,,,,1.58,1.00,1.22,1*08
$GNGSA,A,3,65,74,,,,,,,,,,,1.58,1.00,1.22,2*0E
$GNGSA,A,3,,,,,,,,,,,,,1.58,1.00,1.22,3*0F
$GNGSA,A,3,08,03,04,05,,,,,,,,,1.58,1.00,1.22,4*02
$GPGSV,3,1,11,16,02,180,,31,76,219,38.8,30,35,077,,22,35,137,39.1,1*6D
$GPGSV,3,2,11,01,34,313,,05,23,051,,11,22,284,,12,15,044,,1*6B
$GPGSV,3,3,11,20,10,315,38.3,18,04,136,,14,57,053,38.9,1*52
$GLGSV,1,1,04,82,21,087,,65,62,253,39.2,74,15,262,39.1,72,14,332,,1*79
$GAGSV,1,1,00,7*73
$GBGSV,3,1,10,14,04,238,,08,73,346,38.3,09,56,269,,03,43,190,38.8,1*70
$GBGSV,3,2,10,01,38,147,,02,30,229,,04,27,124,38.4,12,21,246,,1*61
$GBGSV,3,3,10,05,15,248,38.4,06,75,330,,1*6D
$GNRMC,025050.000,A,3900.0006,N,11613.9783,E,0.01,142.14,280612,,,A,V*09
$GNVTG,142.14,T,,M,0.01,N,0.01,K,A*21
$GNZDA,025050.000,28,06,2012,,*47
$GNGGA,025051.000,3900.0006,N,11613.9783,E,1,10,1.00,-7.6,M,-6.8,M,,*43
$PAIRACC,4.58,10.25*74
$GNGLL,3900.0006,N,11613.9783,E,025051.000,A,A*49
$GNGSA,A,3,31,22,20,14,,,,,,,,,1.58,1.00,1.22,1*08
$GNGSA,A,3,65,74,,,,,,,,,,,1.58,1.00,1.22,2*0E
$GNGSA,A,3,,,,,,,,,,,,,1.58,1.00,1.22,3*0F
$GNGSA,A,3,08,03,04,05,,,,,,,,,1.58,1.00,1.22,4*02
$GPGSV,3,1,11,16,02,180,,31,76,219,38.4,30,35,077,,22,35,137,39.0,1*60
$GPGSV,3,2,11,01,34,313,,05,23,051,,11,22,284,,12,15,044,,1*6B
$GPGSV,3,3,11,20,10,315,38.6,18,04,136,,14,57,053,39.0,1*5F
$GLGSV,1,1,04,82,21,087,,65,61,250,39.0,74,15,262,39.1,72,14,332,,1*7B
$GAGSV,1,1,00,7*73
$GBGSV,3,1,10,14,04,238,,08,73,346,38.9,09,56,269,,03,43,190,38.3,1*71
$GBGSV,3,2,10,01,38,147,,02,30,229,,04,27,124,37.7,12,21,246,,1*6D
$GBGSV,3,3,10,05,15,248,38.5,06,75,330,,1*6C
$GNRMC,025051.000,A,3900.0006,N,11613.9783,E,0.01,153.18,280612,,,A,V*04
$GNVTG,153.18,T,,M,0.01,N,0.01,K,A*2D
$GNZDA,025051.000,28,06,2012,,*46
$GNGGA,025052.000,3900.0006,N,11613.9783,E,1,10,1.00,-7.6,M,-6.8,M,,*40
$PAIRACC,4.54,10.14*7A
$GNGLL,3900.0006,N,11613.9783,E,025052.000,A,A*4A
$GNGSA,A,3,31,22,20,14,,,,,,,,,1.58,1.00,1.22,1*08
$GNGSA,A,3,65,74,,,,,,,,,,,1.58,1.00,1.22,2*0E
$GNGSA,A,3,,,,,,,,,,,,,1.58,1.00,1.22,3*0F
$GNGSA,A,3,08,03,04,05,,,,,,,,,1.58,1.00,1.22,4*02
$GPGSV,3,1,11,16,02,180,,31,76,219,38.7,30,35,077,,22,35,137,38.8,1*6A
$GPGSV,3,2,11,01,34,313,,05,23,051,,11,22,284,,12,15,044,,1*6B
$GPGSV,3,3,11,20,10,315,38.5,18,04,136,,14,57,053,38.8,1*55
$GLGSV,1,1,04,82,21,087,,65,61,250,39.7,74,15,262,39.2,72,14,332,,1*7F
$GAGSV,1,1,00,7*73
$GBGSV,3,1,10,14,04,238,,08,73,346,38.4,09,56,269,,03,43,190,38.1,1*7E
$GBGSV,3,2,10,01,38,147,,02,30,229,,04,27,124,37.8,12,21,246,,1*62
$GBGSV,3,3,10,05,15,248,38.1,06,75,330,,1*68
$GNRMC,025052.000,A,3900.0006,N,11613.9783,E,0.01,127.16,280612,,,A,V*0A
$GNVTG,127.16,T,,M,0.01,N,0.01,K,A*20
$GNZDA,025052.000,28,06,2012,,*45
$GNGGA,025053.000,3900.0006,N,11613.9783,E,1,10,1.00,-7.6,M,-6.8,M,,*41
$PAIRACC,4.87,10.81*78
$GNGLL,3900.0006,N,11613.9783,E,025053.000,A,A*4B
$GNGSA,A,3,31,22,20,14,,,,,,,,,1.58,1.00,1.22,1*08
$GNGSA,A,3,65,74,,,,,,,,,,,1.58,1.00,1.22,2*0E
$GNGSA,A,3,,,,,,,,,,,,,1.58,1.00,1.22,3*0F
$GNGSA,A,3,08,03,04,05,,,,,,,,,1.58,1.00,1.22,4*02
$GPGSV,3,1,11,16,02,180,,31,76,219,38.6,30,35,077,,22,35,137,39.1,1*63
$GPGSV,3,2,11,01,34,313,,05,23,051,,11,22,284,,12,15,044,,1*6B
$GPGSV,3,3,11,20,10,315,39.0,18,04,136,,14,57,053,39.0,1*58
$GLGSV,1,1,04,82,21,087,,65,61,250,39.3,74,15,262,38.6,72,14,332,,1*7E
$GAGSV,1,1,00,7*73
$GBGSV,3,1,10,14,04,238,,08,73,346,38.8,09,56,269,,03,43,190,38.8,1*7B
$GBGSV,3,2,10,01,38,147,,02,30,229,,04,27,124,38.4,12,21,246,,1*61
$GBGSV,3,3,10,05,15,248,38.5,06,75,330,,1*6C
$GNRMC,025053.000,A,3900.0006,N,11613.9783,E,0.01,151.89,280612,,,A,V*0C
$GNVTG,151.89,T,,M,0.01,N,0.01,K,A*27
$GNZDA,025053.000,28,06,2012,,*44
$GNGGA,025054.000,3900.0006,N,11613.9783,E,1,10,1.00,-7.6,M,-6.8,M,,*46
$PAIRACC,4.54,10.14*7A
$GNGLL,3900.0006,N,11613.9783,E,025054.000,A,A*4C
$GNGSA,A,3,31,22,20,14,,,,,,,,,1.58,1.00,1.22,1*08
$GNGSA,A,3,65,74,,,,,,,,,,,1.58,1.00,1.22,2*0E
$GNGSA,A,3,,,,,,,,,,,,,1.58,1.00,1.22,3*0F
$GNGSA,A,3,08,03,04,05,,,,,,,,,1.58,1.00,1.22,4*02
$GPGSV,3,1,11,16,02,180,,31,76,219,39.0,30,35,077,,22,35,137,38.9,1*6D
$GPGSV,3,2,11,01,34,313,,05,23,051,,11,22,284,,12,15,044,,1*6B
$GPGSV,3,3,11,20,10,315,38.8,18,04,136,,14,57,053,39.1,1*50
$GLGSV,1,1,04,82,21,087,,65,61,250,39.5,74,15,262,38.6,72,14,332,,1*78
$GAGSV,1,1,00,7*73
$GBGSV,3,1,10,14,04,238,,08,73,346,38.6,09,56,269,,03,43,190,38.6,1*7B
$GBGSV,3,2,10,01,38,147,,02,30,229,,04,27,124,37.8,12,21,246,,1*62
$GBGSV,3,3,10,05,15,248,38.1,06,75,330,,1*68
$GNRMC,025054.000,A,3900.0006,N,11613.9783,E,0.01,141.25,280612,,,A,V*0C
$GNVTG,141.25,T,,M,0.01,N,0.01,K,A*20
$GNZDA,025054.000,28,06,2012,,*43
$GNGGA,025055.000,3900.0006,N,11613.9783,E,1,10,1.00,-7.6,M,-6.8,M,,*47
$PAIRACC,4.64,10.31*7E
$GNGLL,3900.0006,N,11613.9783,E,025055.000,A,A*4D
$GNGSA,A,3,31,22,20,14,,,,,,,,,1.58,1.00,1.22,1*08
$GNGSA,A,3,65,74,,,,,,,,,,,1.58,1.00,1.22,2*0E
$GNGSA,A,3,,,,,,,,,,,,,1.58,1.00,1.22,3*0F
$GNGSA,A,3,08,03,04,05,,,,,,,,,1.58,1.00,1.22,4*02
$GPGSV,3,1,11,16,02,180,,31,76,219,38.9,30,35,077,,22,35,137,39.1,1*6C
$GPGSV,3,2,11,01,34,313,,05,23,051,,11,22,284,,12,15,044,,1*6B
$GPGSV,3,3,11,20,10,315,38.9,18,04,136,,14,57,053,39.2,1*52
$GLGSV,1,1,04,82,21,087,,65,61,250,39.2,74,15,262,39.3,72,14,332,,1*7B
$GAGSV,1,1,00,7*73
$GBGSV,3,1,10,14,04,238,,08,73,346,38.7,09,56,269,,03,43,190,38.3,1*7F
$GBGSV,3,2,10,01,38,147,,02,30,229,,04,27,124,38.3,12,21,246,,1*66
$GBGSV,3,3,10,05,15,248,37.8,06,75,330,,1*6E
$GNRMC,025055.000,A,3900.0006,N,11613.9783,E,0.00,115.28,280612,,,A,V*00
$GNVTG,115.28,T,,M,0.00,N,0.01,K,A*2D
$GNZDA,025055.000,28,06,2012,,*42
$GNGGA,025056.000,3900.0006,N,11613.9783,E,1,10,1.00,-7.6,M,-6.8,M,,*44
$PAIRACC,4.66,10.21*7D
$GNGLL,3900.0006,N,11613.9783,E,025056.000,A,A*4E
$GNGSA,A,3,31,22,20,14,,,,,,,,,1.58,1.00,1.22,1*08
$GNGSA,A,3,65,74,,,,,,,,,,,1.58,1.00,1.22,2*0E
$GNGSA,A,3,,,,,,,,,,,,,1.58,1.00,1.22,3*0F
$GNGSA,A,3,08,03,04,05,,,,,,,,,1.58,1.00,1.22,4*02
$GPGSV,3,1,11,16,02,180,,31,76,219,39.0,30,35,077,,22,35,137,38.5,1*61
$GPGSV,3,2,11,01,34,313,,05,23,051,,11,22,284,,12,15,044,,1*6B
$GPGSV,3,3,11,20,10,315,38.4,18,04,136,,14,57,053,38.8,1*54
$GLGSV,1,1,04,82,21,087,,65,61,250,39.2,74,15,262,38.8,72,14,332,,1*71
$GAGSV,1,1,00,7*73
$GBGSV,3,1,10,14,04,238,,08,73,346,38.8,09,56,269,,03,43,190,38.7,1*74
$GBGSV,3,2,10,01,38,147,,02,30,229,,04,27,124,39.0,12,21,246,,1*64
$GBGSV,3,3,10,05,15,248,38.2,06,75,330,,1*6B
$GNRMC,025056.000,A,3900.0006,N,11613.9783,E,0.00,131.23,280612,,,A,V*0E
$GNVTG,131.23,T,,M,0.00,N,0.01,K,A*20
$GNZDA,025056.000,28,06,2012,,*41
$GNGGA,025057.000,3900.0006,N,11613.9783,E,1,10,1.00,-7.6,M,-6.8,M,,*45
$PAIRACC,4.64,10.32*7D
$GNGLL,3900.0006,N,11613.9783,E,025057.000,A,A*4F
$GNGSA,A,3,31,22,20,14,,,,,,,,,1.58,1.00,1.22,1*08
$GNGSA,A,3,65,74,,,,,,,,,,,1.58,1.00,1.22,2*0E
$GNGSA,A,3,,,,,,,,,,,,,1.58,1.00,1.22,3*0F
$GNGSA,A,3,08,03,04,05,,,,,,,,,1.58,1.00,1.22,4*02
$GPGSV,3,1,11,16,02,180,,31,76,219,38.9,30,35,077,,22,35,137,39.0,1*6D
$GPGSV,3,2,11,01,34,313,,05,23,051,,11,22,284,,12,15,044,,1*6B
$GPGSV,3,3,11,20,10,315,38.5,18,04,136,,14,57,053,38.9,1*54
$GLGSV,1,1,04,82,21,087,,65,61,250,39.4,74,15,262,39.3,72,14,332,,1*7D
$GAGSV,1,1,00,7*73
$GBGSV,3,1,10,14,04,238,,08,73,346,39.3,09,56,269,,03,43,190,38.3,1*7A
$GBGSV,3,2,10,01,38,147,,02,30,229,,04,27,124,38.1,12,21,246,,1*64
$GBGSV,3,3,10,05,15,248,38.0,06,75,330,,1*69
$GNRMC,025057.000,A,3900.0006,N,11613.9783,E,0.00,120.03,280612,,,A,V*0D
$GNVTG,120.03,T,,M,0.00,N,0.01,K,A*22
$GNZDA,025057.000,28,06,2012,,*40
$GNGGA,025058.000,3900.0006,N,11613.9783,E,1,10,1.00,-7.6,M,-6.8,M,,*4A
$PAIRACC,4.74,10.56*7E
$GNGLL,3900.0006,N,11613.9783,E,025058.000,A,A*40
$GNGSA,A,3,31,22,20,14,,,,,,,,,1.58,1.00,1.22,1*08
$GNGSA,A,3,65,74,,,,,,,,,,,1.58,1.00,1.22,2*0E
$GNGSA,A,3,,,,,,,,,,,,,1.58,1.00,1.22,3*0F
$GNGSA,A,3,08,03,04,05,,,,,,,,,1.58,1.00,1.22,4*02
$GPGSV,3,1,11,16,02,180,,31,76,219,39.1,30,35,077,,22,35,137,38.9,1*6C
$GPGSV,3,2,11,01,34,313,,05,23,051,,11,22,284,,12,15,044,,1*6B
$GPGSV,3,3,11,20,10,315,38.3,18,04,136,,14,57,053,38.5,1*5E
$GLGSV,1,1,04,82,21,087,,65,61,250,39.3,72,15,332,,74,15,262,39.3,1*7B
$GAGSV,1,1,00,7*73
$GBGSV,3,1,10,14,04,238,,08,73,346,38.6,09,56,269,,03,43,190,38.3,1*7E
$GBGSV,3,2,10,01,38,147,,02,30,229,,04,27,124,38.0,12,21,246,,1*65
$GBGSV,3,3,10,05,15,248,38.3,06,75,330,,1*6A
$GNRMC,025058.000,A,3900.0006,N,11613.9783,E,0.00,138.58,280612,,,A,V*05
$GNVTG,138.58,T,,M,0.00,N,0.01,K,A*25
$GNZDA,025058.000,28,06,2012,,*4F
$GNGGA,025059.000,3900.0006,N,11613.9783,E,1,10,1.00,-7.6,M,-6.8,M,,*4B
$PAIRACC,4.64,10.31*7E
$GNGLL,3900.0006,N,11613.9783,E,025059.000,A,A*41
$GNGSA,A,3,31,22,20,14,,,,,,,,,1.58,1.00,1.22,1*08
$GNGSA,A,3,65,74,,,,,,,,,,,1.58,1.00,1.22,2*0E
$GNGSA,A,3,,,,,,,,,,,,,1.58,1.00,1.22,3*0F
$GNGSA,A,3,08,03,04,05,,,,,,,,,1.58,1.00,1.22,4*02
$GPGSV,3,1,11,16,02,180,,31,76,219,38.9,30,35,077,,22,35,137,38.9,1*65
$GPGSV,3,2,11,01,34,313,,05,23,051,,11,22,284,,12,15,044,,1*6B
$GPGSV,3,3,11,20,10,315,38.1,18,04,136,,14,57,053,39.5,1*5D
$GLGSV,1,1,04,82,21,087,,65,61,250,39.1,72,15,332,,74,15,262,39.2,1*78
$GAGSV,1,1,00,7*73
$GBGSV,3,1,10,14,04,238,,08,73,346,38.9,09,56,269,,03,43,190,38.8,1*7A
$GBGSV,3,2,10,01,38,147,,02,30,229,,04,27,124,39.0,12,21,246,,1*64
$GBGSV,3,3,10,05,15,248,38.4,06,75,330,,1*6D
$GNRMC,025059.000,A,3900.0006,N,11613.9783,E,0.00,117.70,280612,,,A,V*03
$GNVTG,117.70,T,,M,0.00,N,0.01,K,A*22
$GNZDA,025059.000,28,06,2012,,*4E
$GNGGA,025100.000,3900.0006,N,11613.9783,E,1,10,1.00,-7.6,M,-6.8,M,,*46
$PAIRACC,4.68,10.25*77
$GNGLL,3900.0006,N,11613.9783,E,025100.000,A,A*4C
$GNGSA,A,3,31,22,20,14,,,,,,,,,1.58,1.00,1.22,1*08
$GNGSA,A,3,65,74,,,,,,,,,,,1.58,1.00,1.22,2*0E
$GNGSA,A,3,,,,,,,,,,,,,1.58,1.00,1.22,3*0F
$GNGSA,A,3,08,03,04,05,,,,,,,,,1.58,1.00,1.22,4*02
$GPGSV,3,1,11,16,02,180,,31,76,219,38.9,30,35,077,,22,35,137,38.8,1*64
$GPGSV,3,2,11,01,34,313,,05,23,051,,11,22,284,,12,15,044,,1*6B
$GPGSV,3,3,11,20,10,315,38.5,18,04,136,,14,57,053,38.8,1*55
$GLGSV,1,1,04,82,21,087,,65,61,250,39.1,74,16,263,39.5,72,15,332,,1*7D
$GAGSV,1,1,00,7*73
$GBGSV,3,1,10,14,04,238,,08,73,346,39.1,09,56,269,,03,43,190,38.7,1*7C
$GBGSV,3,2,10,01,38,147,,02,30,229,,04,27,124,38.1,12,21,246,,1*64
$GBGSV,3,3,10,05,15,248,38.1,06,75,330,,1*68
$GNRMC,025100.000,A,3900.0006,N,11613.9783,E,0.00,133.65,280612,,,A,V*0C
$GNVTG,133.65,T,,M,0.00,N,0.01,K,A*20
$GNZDA,025100.000,28,06,2012,,*43
$GNGGA,025101.000,3900.0006,N,11613.9783,E,1,10,1.00,-7.6,M,-6.8,M,,*47
$PAIRACC,4.63,10.30*78
$GNGLL,3900.0006,N,11613.9783,E,025101.000,A,A*4D
$GNGSA,A,3,31,22,20,14,,,,,,,,,1.58,1.00,1.22,1*08
$GNGSA,A,3,65,74,,,,,,,,,,,1.58,1.00,1.22,2*0E
$GNGSA,A,3,,,,,,,,,,,,,1.58,1.00,1.22,3*0F
$GNGSA,A,3,08,03,04,05,,,,,,,,,1.58,1.00,1.22,4*02
$GPGSV,3,1,11,16,02,180,,31,76,219,38.9,30,35,077,,22,35,137,38.6,1*6A
$GPGSV,3,2,11,01,34,313,,05,23,051,,11,22,284,,12,15,044,,1*6B
$GPGSV,3,3,11,20,10,315,38.6,18,04,136,,14,57,053,38.7,1*59
$GLGSV,1,1,04,82,21,087,,65,61,250,39.2,74,16,263,39.2,72,15,332,,1*79
$GAGSV,1,1,00,7*73
$GBGSV,3,1,10,14,04,238,,08,73,346,39.3,09,56,269,,03,43,190,38.4,1*7D
$GBGSV,3,2,10,01,38,147,,02,30,229,,04,27,124,38.0,12,21,246,,1*65
$GBGSV,3,3,10,05,15,248,38.3,06,75,330,,1*6A
$GNRMC,025101.000,A,3900.0006,N,11613.9783,E,0.00,145.72,280612,,,A,V*0A
$GNVTG,145.72,T,,M,0.00,N,0.01,K,A*27
$GNZDA,025101.000,28,06,2012,,*42
$GNGGA,025102.000,3900.0006,N,11613.9783,E,1,10,1.00,-7.6,M,-6.8,M,,*44
$PAIRACC,4.77,10.63*7B
$GNGLL,3900.0006,N,11613.9783,E,025102.000,A,A*4E
$GNGSA,A,3,31,22,20,14,,,,,,,,,1.58,1.00,1.22,1*08
$GNGSA,A,3,65,74,,,,,,,,,,,1.58,1.00,1.22,2*0E
$GNGSA,A,3,,,,,,,,,,,,,1.58,1.00,1.22,3*0F
$GNGSA,A,3,08,03,04,05,,,,,,,,,1.58,1.00,1.22,4*02
$GPGSV,3,1,11,16,02,180,,31,76,219,39.0,30,35,077,,22,35,137,39.0,1*65
$GPGSV,3,2,11,01,34,313,,05,23,051,,11,22,284,,12,15,044,,1*6B
$GPGSV,3,3,11,20,10,315,38.8,18,04,136,,14,57,053,38.8,1*58
$GLGSV,1,1,04,82,21,087,,65,61,250,39.5,74,16,263,39.2,72,15,332,,1*7E
$GAGSV,1,1,00,7*73
$GBGSV,3,1,10,14,04,238,,08,73,346,39.0,09,56,269,,03,43,190,38.7,1*7D
$GBGSV,3,2,10,01,38,147,,02,30,229,,04,27,124,38.5,12,21,246,,1*60
$GBGSV,3,3,10,05,15,248,38.6,06,75,330,,1*6F
$GNRMC,025102.000,A,3900.0006,N,11613.9783,E,0.00,152.68,280612,,,A,V*04
$GNVTG,152.68,T,,M,0.00,N,0.01,K,A*2A
$GNZDA,025102.000,28,06,2012,,*41
$GNGGA,025103.000,3900.0006,N,11613.9783,E,1,10,1.00,-7.6,M,-6.8,M,,*45
$PAIRACC,4.64,10.31*7E
$GNGLL,3900.0006,N,11613.9783,E,025103.000,A,A*4F
$GNGSA,A,3,31,22,20,14,,,,,,,,,1.58,1.00,1.22,1*08
$GNGSA,A,3,65,74,,,,,,,,,,,1.58,1.00,1.22,2*0E
$GNGSA,A,3,,,,,,,,,,,,,1.58,1.00,1.22,3*0F
$GNGSA,A,3,08,03,04,05,,,,,,,,,1.58,1.00,1.22,4*02
$GPGSV,3,1,11,16,02,180,,31,76,219,38.9,30,35,077,,22,35,137,38.9,1*65
$GPGSV,3,2,11,01,34,313,,05,23,051,,11,22,284,,12,15,044,,1*6B
$GPGSV,3,3,11,20,10,315,38.4,18,04,136,,14,57,053,38.9,1*55
$GLGSV,1,1,04,82,21,087,,65,61,250,39.2,74,16,263,39.3,72,15,332,,1*78
$GAGSV,1,1,00,7*73
$GBGSV,3,1,10,14,04,238,,08,73,346,38.7,09,56,269,,03,43,190,38.7,1*7B
$GBGSV,3,2,10,01,38,147,,02,30,229,,04,27,124,38.1,12,21,246,,1*64
$GBGSV,3,3,10,05,15,248,38.1,06,75,330,,1*68
$GNRMC,025103.000,A,3900.0006,N,11613.9783,E,0.01,125.80,280612,,,A,V*02
$GNVTG,125.80,T,,M,0.01,N,0.01,K,A*2D
$GNZDA,025103.000,28,06,2012,,*40
$GNGGA,025104.000,3900.0006,N,11613.9783,E,1,10,1.00,-7.6,M,-6.8,M,,*42
$PAIRACC,4.63,10.50*7E
$GNGLL,3900.0006,N,11613.9783,E,025104.000,A,A*48
$GNGSA,A,3,31,22,20,14,,,,,,,,,1.58,1.00,1.22,1*08
$GNGSA,A,3,65,74,,,,,,,,,,,1.58,1.00,1.22,2*0E
$GNGSA,A,3,,,,,,,,,,,,,1.58,1.00,1.22,3*0F
$GNGSA,A,3,08,03,04,05,,,,,,,,,1.58,1.00,1.22,4*02
$GPGSV,3,1,11,16,02,180,,31,76,219,39.0,30,35,077,,22,35,137,38.7,1*63
$GPGSV,3,2,11,01,34,313,,05,23,051,,11,22,284,,12,15,044,,1*6B
$GPGSV,3,3,11,20,10,315,38.0,18,04,136,,14,57,053,39.5,1*5C
$GLGSV,1,1,04,82,21,087,,65,61,250,39.1,74,16,263,39.3,72,15,332,,1*7B
$GAGSV,1,1,00,7*73
$GBGSV,3,1,10,14,04,238,,08,73,346,39.2,09,56,269,,03,43,190,38.3,1*7B
$GBGSV,3,2,10,01,38,147,,02,30,229,,04,27,124,38.1,12,21,246,,1*64
$GBGSV,3,3,10,05,15,248,37.9,06,75,330,,1*6F
$GNRMC,025104.000,A,3900.0006,N,11613.9783,E,0.01,118.43,280612,,,A,V*04
$GNVTG,118.43,T,,M,0.01,N,0.01,K,A*2C
$GNZDA,025104.000,28,06,2012,,*47
$GNGGA,025105.000,3900.0006,N,11613.9783,E,1,10,1.00,-7.6,M,-6.8,M,,*43
$PAIRACC,4.77,10.43*79
$GNGLL,3900.0006,N,11613.9783,E,025105.000,A,A*49
$GNGSA,A,3,31,22,20,14,,,,,,,,,1.58,1.00,1.22,1*08
$GNGSA,A,3,65,74,,,,,,,,,,,1.58,1.00,1.22,2*0E
$GNGSA,A,3,,,,,,,,,,,,,1.58,1.00,1.22,3*0F
$GNGSA,A,3,08,03,04,05,,,,,,,,,1.58,1.00,1.22,4*02
$GPGSV,3,1,11,16,02,180,,31,76,219,38.8,30,35,077,,22,35,137,38.5,1*68
$GPGSV,3,2,11,01,34,313,,05,23,051,,11,22,284,,12,15,044,,1*6B
$GPGSV,3,3,11,20,10,315,38.4,18,04,136,,14,57,053,38.5,1*59
$GLGSV,1,1,04,82,21,087,,65,61,250,39.0,74,16,263,39.3,72,15,332,,1*7A
$GAGSV,1,1,00,7*73
$GBGSV,3,1,10,14,04,238,,08,73,346,39.2,09,56,269,,03,43,190,38.5,1*7D
$GBGSV,3,2,10,01,38,147,,02,30,229,,04,27,124,38.7,12,21,246,,1*62
$GBGSV,3,3,10,05,15,248,38.5,06,75,330,,1*6C
$GNRMC,025105.000,A,3900.0006,N,11613.9783,E,0.01,129.34,280612,,,A,V*07
$GNVTG,129.34,T,,M,0.01,N,0.01,K,A*2E
$GNZDA,025105.000,28,06,2012,,*46
$GNGGA,025106.000,3900.0006,N,11613.9783,E,1,10,1.00,-7.6,M,-6.8,M,,*40
$PAIRACC,4.58,10.38*78
$GNGLL,3900.0006,N,11613.9783,E,025106.000,A,A*4A
$GNGSA,A,3,31,22,20,14,,,,,,,,,1.58,1.00,1.22,1*08
$GNGSA,A,3,65,74,,,,,,,,,,,1.58,1.00,1.22,2*0E
$GNGSA,A,3,,,,,,,,,,,,,1.58,1.00,1.22,3*0F
$GNGSA,A,3,08,03,04,05,,,,,,,,,1.58,1.00,1.22,4*02
$GPGSV,3,1,11,16,02,180,,31,76,219,38.7,30,35,077,,22,35,137,39.1,1*62
$GPGSV,3,2,11,01,34,313,,05,23,051,,11,22,284,,12,15,044,,1*6B
$GPGSV,3,3,11,20,10,315,38.5,18,04,136,,14,57,053,39.2,1*5E
$GLGSV,1,1,04,82,21,087,,65,61,250,39.9,74,16,263,39.1,72,15,332,,1*71
$GAGSV,1,1,00,7*73
$GBGSV,3,1,10,14,04,238,,08,73,346,38.8,09,56,269,,03,43,190,38.5,1*76
$GBGSV,3,2,10,01,38,147,,02,30,229,,04,27,124,37.8,12,21,246,,1*62
$GBGSV,3,3,10,05,15,248,38.0,06,75,330,,1*69
$GNRMC,025106.000,A,3900.0006,N,11613.9783,E,0.01,122.17,280612,,,A,V*0E
$GNVTG,122.17,T,,M,0.01,N,0.01,K,A*24
$GNZDA,025106.000,28,06,2012,,*45
$GNGGA,025107.000,3900.0006,N,11613.9783,E,1,10,1.00,-7.5,M,-6.8,M,,*42
$PAIRACC,4.73,10.32*7B
$GNGLL,3900.0006,N,11613.9783,E,025107.000,A,A*4B
$GNGSA,A,3,31,22,20,14,,,,,,,,,1.58,1.00,1.22,1*08
$GNGSA,A,3,65,74,,,,,,,,,,,1.58,1.00,1.22,2*0E
$GNGSA,A,3,,,,,,,,,,,,,1.58,1.00,1.22,3*0F
$GNGSA,A,3,08,03,04,05,,,,,,,,,1.58,1.00,1.22,4*02
$GPGSV,3,1,11,16,02,180,,31,76,219,38.7,30,35,077,,22,35,137,38.3,1*61
$GPGSV,3,2,11,01,34,313,,05,23,051,,11,22,284,,12,15,044,,1*6B
$GPGSV,3,3,11,20,10,315,38.7,18,04,136,,14,57,053,39.1,1*5F
$GLGSV,1,1,04,82,21,087,,65,61,250,39.6,74,16,263,39.0,72,15,332,,1*7F
$GAGSV,1,1,00,7*73
$GBGSV,3,1,10,14,04,238,,08,73,346,38.8,09,56,269,,03,43,190,38.4,1*77
$GBGSV,3,2,10,01,38,147,,02,30,229,,04,27,124,38.2,12,21,246,,1*67
$GBGSV,3,3,10,05,15,248,38.4,06,75,330,,1*6D
$GNRMC,025107.000,A,3900.0006,N,11613.9783,E,0.01,164.19,280612,,,A,V*03
$GNVTG,164.19,T,,M,0.01,N,0.01,K,A*28
$GNZDA,025107.000,28,06,2012,,*44
$GNGGA,025108.000,3900.0006,N,11613.9783,E,1,10,1.00,-7.5,M,-6.8,M,,*4D
$PAIRACC,4.63,10.57*79
$GNGLL,3900.0006,N,11613.9783,E,025108.000,A,A*44
$GNGSA,A,3,31,22,20,14,,,,,,,,,1.59,1.00,1.23,1*08
$GNGSA,A,3,65,74,,,,,,,,,,,1.59,1.00,1.23,2*0E
$GNGSA,A,3,,,,,,,,,,,,,1.59,1.00,1.23,3*0F
$GNGSA,A,3,08,03,04,05,,,,,,,,,1.59,1.00,1.23,4*02
$GPGSV,3,1,11,16,02,180,,31,76,219,38.5,30,35,077,,22,35,137,38.5,1*65
$GPGSV,3,2,11,01,34,313,,05,23,051,,11,22,284,,12,15,044,,1*6B
$GPGSV,3,3,11,20,10,315,38.2,18,04,136,,14,57,053,38.6,1*5C
$GLGSV,1,1,04,82,22,085,,65,61,250,39.0,74,16,263,39.3,72,15,332,,1*7B
$GAGSV,1,1,00,7*73
$GBGSV,3,1,10,14,04,238,,08,73,346,39.1,09,56,269,,03,43,190,38.5,1*7E
$GBGSV,3,2,10,01,38,147,,02,30,229,,04,27,124,38.7,12,21,246,,1*62
$GBGSV,3,3,10,05,15,248,38.3,06,75,330,,1*6A
$GNRMC,025108.000,A,3900.0006,N,11613.9783,E,0.01,124.42,280612,,,A,V*06
$GNVTG,124.42,T,,M,0.01,N,0.01,K,A*22
$GNZDA,025108.000,28,06,2012,,*4B
$GNGGA,025109.000,3900.0006,N,11613.9783,E,1,10,1.00,-7.5,M,-6.8,M,,*4C
$PAIRACC,4.54,10.14*7A
$GNGLL,3900.0006,N,11613.9783,E,025109.000,A,A*45
$GNGSA,A,3,31,22,20,14,,,,,,,,,1.59,1.00,1.23,1*08
$GNGSA,A,3,65,74,,,,,,,,,,,1.59,1.00,1.23,2*0E
$GNGSA,A,3,,,,,,,,,,,,,1.59,1.00,1.23,3*0F
$GNGSA,A,3,08,03,04,05,,,,,,,,,1.59,1.00,1.23,4*02
$GPGSV,3,1,11,16,02,180,,31,76,219,38.7,30,35,077,,22,35,137,38.5,1*67
$GPGSV,3,2,11,01,34,313,,05,23,051,,11,22,284,,12,15,044,,1*6B
$GPGSV,3,3,11,20,10,315,38.0,18,04,136,,14,57,053,39.1,1*58
$GLGSV,1,1,04,82,22,085,,65,61,250,39.4,74,16,263,39.1,72,15,332,,1*7D
$GAGSV,1,1,00,7*73
$GBGSV,3,1,10,14,04,238,,08,73,346,38.9,09,56,269,,03,43,190,38.4,1*76
$GBGSV,3,2,10,01,38,147,,02,30,229,,04,27,124,38.1,12,21,246,,1*64
$GBGSV,3,3,10,05,15,248,37.9,06,75,330,,1*6F
$GNRMC,025109.000,A,3900.0006,N,11613.9783,E,0.01,130.64,280612,,,A,V*06
$GNVTG,130.64,T,,M,0.01,N,0.01,K,A*23
$GNZDA,025109.000,28,06,2012,,*4A
$GNGGA,025110.000,3900.0006,N,11613.9783,E,1,10,1.00,-7.5,M,-6.8,M,,*44
$PAIRACC,4.58,10.25*74
$GNGLL,3900.0006,N,11613.9783,E,025110.000,A,A*4D
$GNGSA,A,3,31,22,20,14,,,,,,,,,1.59,1.00,1.23,1*08
$GNGSA,A,3,65,74,,,,,,,,,,,1.59,1.00,1.23,2*0E
$GNGSA,A,3,,,,,,,,,,,,,1.59,1.00,1.23,3*0F
$GNGSA,A,3,08,03,04,05,,,,,,,,,1.59,1.00,1.23,4*02
$GPGSV,3,1,11,16,02,180,,31,76,219,38.5,30,35,077,,22,35,137,38.8,1*68
$GPGSV,3,2,11,01,34,313,,05,23,051,,11,22,284,,12,15,044,,1*6B
$GPGSV,3,3,11,20,10,315,38.7,18,04,136,,14,57,053,38.9,1*56
$GLGSV,1,1,04,82,22,085,,65,61,250,38.9,74,16,263,39.5,72,15,332,,1*75
$GAGSV,1,1,00,7*73
$GBGSV,3,1,10,14,04,238,,08,73,346,39.0,09,56,269,,03,43,190,38.6,1*7C
$GBGSV,3,2,10,01,38,147,,02,30,229,,04,27,124,37.8,12,21,246,,1*62
$GBGSV,3,3,10,05,15,248,37.9,06,75,330,,1*6F
$GNRMC,025110.000,A,3900.0006,N,11613.9783,E,0.01,135.54,280612,,,A,V*08
$GNVTG,135.54,T,,M,0.01,N,0.01,K,A*25
$GNZDA,025110.000,28,06,2012,,*42
$GNGGA,025111.000,3900.0006,N,11613.9783,E,1,10,1.00,-7.6,M,-6.8,M,,*46
$PAIRACC,4.56,10.22*7D
$GNGLL,3900.0006,N,11613.9783,E,025111.000,A,A*4C
$GNGSA,A,3,31,22,20,14,,,,,,,,,1.58,1.00,1.22,1*08
$GNGSA,A,3,65,74,,,,,,,,,,,1.58,1.00,1.22,2*0E
$GNGSA,A,3,,,,,,,,,,,,,1.58,1.00,1.22,3*0F
$GNGSA,A,3,08,03,04,05,,,,,,,,,1.58,1.00,1.22,4*02
$GPGSV,3,1,11,16,02,180,,31,76,219,38.4,30,35,077,,22,35,137,38.9,1*68
$GPGSV,3,2,11,01,34,313,,05,23,051,,11,22,284,,12,15,044,,1*6B
$GPGSV,3,3,11,20,10,315,38.8,18,04,136,,14,57,053,38.9,1*59
$GLGSV,1,1,04,82,22,085,,65,61,250,39.4,74,16,263,38.9,72,15,332,,1*74
$GAGSV,1,1,00,7*73
$GBGSV,3,1,10,14,04,238,,08,73,346,38.8,09,56,269,,03,43,190,38.5,1*76
$GBGSV,3,2,10,01,38,147,,02,30,229,,04,27,124,38.6,12,21,246,,1*63
$GBGSV,3,3,10,05,15,248,38.2,06,75,330,,1*6B
$GNRMC,025111.000,A,3900.0006,N,11613.9783,E,0.00,179.87,280612,,,A,V*0E
$GNVTG,179.87,T,,M,0.00,N,0.01,K,A*22
$GNZDA,025111.000,28,06,2012,,*43
$GNGGA,025112.000,3900.0006,N,11613.9783,E,1,10,1.00,-7.6,M,-6.8,M,,*45
$PAIRACC,4.63,10.31*79
$GNGLL,3900.0006,N,11613.9783,E,025112.000,A,A*4F
$GNGSA,A,3,31,22,20,14,,,,,,,,,1.59,1.00,1.23,1*08
$GNGSA,A,3,65,74,,,,,,,,,,,1.59,1.00,1.23,2*0E
$GNGSA,A,3,,,,,,,,,,,,,1.59,1.00,1.23,3*0F
$GNGSA,A,3,08,03,04,05,,,,,,,,,1.59,1.00,1.23,4*02
$GPGSV,3,1,11,16,02,180,,31,76,219,39.1,30,35,077,,22,35,137,38.5,1*60
$GPGSV,3,2,11,01,34,313,,05,23,051,,11,22,284,,12,15,044,,1*6B
$GPGSV,3,3,11,20,10,315,38.6,18,04,136,,14,57,053,38.8,1*56
$GLGSV,1,1,04,82,22,085,,65,61,250,39.2,74,16,263,39.0,72,15,332,,1*7A
$GAGSV,1,1,00,7*73
$GBGSV,3,1,10,14,04,238,,08,73,346,38.6,09,56,269,,03,43,190,38.4,1*79
$GBGSV,3,2,10,01,38,147,,02,30,229,,04,27,124,38.1,12,21,246,,1*64
$GBGSV,3,3,10,05,15,248,37.8,06,75,330,,1*6E
$GNRMC,025112.000,A,3900.0006,N,11613.9783,E,0.00,188.50,280612,,,A,V*09
$GNVTG,188.50,T,,M,0.00,N,0.01,K,A*26
$GNZDA,025112.000,28,06,2012,,*40
$GNGGA,025113.000,3900.0006,N,11613.9783,E,1,10,1.00,-7.6,M,-6.8,M,,*44
$PAIRACC,4.71,10.36*7D
$GNGLL,3900.0006,N,11613.9783,E,025113.000,A,A*4E
$GNGSA,A,3,31,22,20,14,,,,,,,,,1.59,1.00,1.23,1*08
$GNGSA,A,3,65,74,,,,,,,,,,,1.59,1.00,1.23,2*0E
$GNGSA,A,3,,,,,,,,,,,,,1.59,1.00,1.23,3*0F
$GNGSA,A,3,08,03,04,05,,,,,,,,,1.59,1.00,1.23,4*02
$GPGSV,3,1,11,16,02,180,,31,76,219,39.2,30,35,077,,22,35,137,38.7,1*61
$GPGSV,3,2,11,01,34,313,,05,23,051,,11,22,284,,12,15,044,,1*6B
$GPGSV,3,3,11,20,10,315,38.5,18,04,136,,14,57,053,38.6,1*5B
$GLGSV,1,1,04,82,22,085,,65,61,250,39.0,74,16,263,39.3,72,15,332,,1*7B
$GAGSV,1,1,00,7*73
$GBGSV,3,1,10,14,04,238,,08,73,346,38.6,09,56,269,,03,43,190,38.3,1*7E
$GBGSV,3,2,10,01,38,147,,02,30,229,,04,27,124,38.2,12,21,246,,1*67
$GBGSV,3,3,10,05,15,248,38.1,06,75,330,,1*68
$GNRMC,025113.000,A,3900.0006,N,11613.9783,E,0.00,90.42,280612,,,A,V*33
$GNVTG,90.42,T,,M,0.00,N,0.01,K,A*1D
$GNZDA,025113.000,28,06,2012,,*41
$GNGGA,025114.000,3900.0006,N,11613.9783,E,1,10,1.00,-7.6,M,-6.8,M,,*43
$PAIRACC,4.65,10.46*7F
$GNGLL,3900.0006,N,11613.9783,E,025114.000,A,A*49
$GNGSA,A,3,31,22,20,14,,,,,,,,,1.58,1.00,1.22,1*08
$GNGSA,A,3,65,74,,,,,,,,,,,1.58,1.00,1.22,2*0E
$GNGSA,A,3,,,,,,,,,,,,,1.58,1.00,1.22,3*0F
$GNGSA,A,3,08,03,04,05,,,,,,,,,1.58,1.00,1.22,4*02
$GPGSV,3,1,11,16,02,180,,31,76,219,38.9,30,35,077,,22,35,137,38.7,1*6B
$GPGSV,3,2,11,01,34,313,,05,23,051,,11,22,284,,12,15,044,,1*6B
$GPGSV,3,3,11,20,10,315,38.3,18,04,136,,14,57,053,38.9,1*52
$GLGSV,1,1,04,82,22,085,,65,61,250,39.8,74,16,263,39.5,72,15,332,,1*75
$GAGSV,1,1,00,7*73
$GBGSV,3,1,10,14,04,238,,08,73,346,38.8,09,56,269,,03,43,190,38.3,1*70
$GBGSV,3,2,10,01,38,147,,02,30,229,,04,27,124,38.3,12,21,246,,1*66
$GBGSV,3,3,10,05,15,248,38.7,06,75,330,,1*6E
$GNRMC,025114.000,A,3900.0006,N,11613.9783,E,0.00,119.88,280612,,,A,V*02
$GNVTG,119.88,T,,M,0.00,N,0.01,K,A*2B
$GNZDA,025114.000,28,06,2012,,*46
$GNGGA,025115.000,3900.0006,N,11613.9783,E,1,10,1.00,-7.6,M,-6.8,M,,*42
$PAIRACC,4.53,10.14*7D
$GNGLL,3900.0006,N,11613.9783,E,025115.000,A,A*48
$GNGSA,A,3,31,22,20,14,,,,,,,,,1.59,1.00,1.23,1*08
$GNGSA,A,3,65,74,,,,,,,,,,,1.59,1.00,1.23,2*0E
$GNGSA,A,3,,,,,,,,,,,,,1.59,1.00,1.23,3*0F
$GNGSA,A,3,08,03,04,05,,,,,,,,,1.59,1.00,1.23,4*02
$GPGSV,3,1,11,16,02,180,,31,76,219,38.5,30,35,077,,22,35,137,38.7,1*67
$GPGSV,3,2,11,01,34,313,,05,23,051,,11,22,284,,12,15,044,,1*6B
$GPGSV,3,3,11,20,10,315,38.6,18,04,136,,14,57,053,39.2,1*5D
$GLGSV,1,1,04,82,22,085,,65,61,250,39.2,74,16,263,39.7,72,15,332,,1*7D
$GAGSV,1,1,00,7*73
$GBGSV,3,1,10,14,04,238,,08,73,346,39.0,09,56,269,,03,43,190,38.2,1*78
$GBGSV,3,2,10,01,38,147,,02,30,229,,04,27,124,38.0,12,21,246,,1*65
$GBGSV,3,3,10,05,15,248,20.3,06,75,330,,1*63
$GNRMC,025115.000,A,3900.0006,N,11613.9783,E,0.00,123.65,280612,,,A,V*09
$GNVTG,123.65,T,,M,0.00,N,0.01,K,A*21
$GNZDA,025115.000,28,06,2012,,*47
$GNGGA,025116.000,3900.0006,N,11613.9783,E,1,9,1.06,-7.6,M,-6.8,M,,*7F
$PAIRACC,4.63,10.14*7E
$GNGLL,3900.0006,N,11613.9783,E,025116.000,A,A*4B
$GNGSA,A,3,31,22,20,14,,,,,,,,,1.66,1.06,1.27,1*06
$GNGSA,A,3,65,74,,,,,,,,,,,1.66,1.06,1.27,2*00
$GNGSA,A,3,,,,,,,,,,,,,1.66,1.06,1.27,3*01
$GNGSA,A,3,08,03,04,,,,,,,,,,1.66,1.06,1.27,4*09
$GPGSV,3,1,11,16,02,180,,31,76,219,38.6,30,35,077,,22,35,137,38.5,1*66
$GPGSV,3,2,11,01,34,313,,05,23,051,,11,22,284,,12,15,044,,1*6B
$GPGSV,3,3,11,20,10,315,37.9,18,04,136,,14,57,053,39.0,1*5F
$GLGSV,1,1,04,82,22,085,,65,61,250,39.2,74,16,263,39.5,72,15,332,,1*7F
$GAGSV,1,1,00,7*73
$GBGSV,3,1,10,14,04,238,,08,73,346,38.4,09,56,269,,03,43,190,38.5,1*7A
$GBGSV,3,2,10,01,38,147,,02,30,229,,04,27,124,37.7,12,21,246,,1*6D
$GBGSV,3,3,10,05,15,248,,06,75,330,,1*7C
$GNRMC,025116.000,A,3900.0006,N,11613.9783,E,0.00,115.76,280612,,,A,V*0D
$GNVTG,115.76,T,,M,0.00,N,0.01,K,A*26
$GNZDA,025116.000,28,06,2012,,*44
$GNGGA,025117.000,3900.0006,N,11613.9783,E,1,9,1.06,-7.6,M,-6.8,M,,*7E
$PAIRACC,4.53,10.13*7A
$GNGLL,3900.0006,N,11613.9783,E,025117.000,A,A*4A
$GNGSA,A,3,31,22,20,14,,,,,,,,,1.66,1.06,1.27,1*06
$GNGSA,A,3,65,74,,,,,,,,,,,1.66,1.06,1.27,2*00
$GNGSA,A,3,,,,,,,,,,,,,1.66,1.06,1.27,3*01
$GNGSA,A,3,08,03,04,,,,,,,,,,1.66,1.06,1.27,4*09
$GPGSV,3,1,11,16,02,180,,31,76,219,38.6,30,35,077,,22,35,137,38.7,1*64
$GPGSV,3,2,11,01,34,313,,05,23,051,,11,22,284,,12,15,044,,1*6B
$GPGSV,3,3,11,20,10,315,38.5,18,04,136,,14,57,053,39.3,1*5F
$GLGSV,1,1,04,82,22,085,,65,61,250,39.3,74,16,263,39.2,72,15,332,,1*79
$GAGSV,1,1,00,7*73
$GBGSV,3,1,10,14,04,238,,08,73,346,38.5,09,56,269,,03,43,190,38.1,1*7F
$GBGSV,3,2,10,01,38,147,,02,30,229,,04,27,124,38.6,12,21,246,,1*63
$GBGSV,3,3,10,05,15,248,,06,75,330,,1*7C
$GNRMC,025117.000,A,3900.0006,N,11613.9783,E,0.00,103.36,280612,,,A,V*0F
$GNVTG,103.36,T,,M,0.00,N,0.01,K,A*25
$GNZDA,025117.000,28,06,2012,,*45
$GNGGA,025118.000,3900.0006,N,11613.9783,E,1,9,1.06,-7.6,M,-6.8,M,,*71
$PAIRACC,4.75,10.62*78
$GNGLL,3900.0006,N,11613.9783,E,025118.000,A,A*45
$GNGSA,A,3,31,22,20,14,,,,,,,,,1.66,1.06,1.27,1*06
$GNGSA,A,3,65,74,,,,,,,,,,,1.66,1.06,1.27,2*00
$GNGSA,A,3,,,,,,,,,,,,,1.66,1.06,1.27,3*01
$GNGSA,A,3,08,03,04,,,,,,,,,,1.66,1.06,1.27,4*09
$GPGSV,3,1,11,16,02,180,,31,76,219,38.1,30,35,077,,22,35,137,39.3,1*66
$GPGSV,3,2,11,01,34,313,,05,23,051,,11,22,284,,12,15,044,,1*6B
$GPGSV,3,3,11,20,10,315,38.5,18,04,136,,14,57,053,38.9,1*54
$GLGSV,1,1,04,82,22,085,,65,61,250,39.3,74,16,263,39.2,72,15,332,,1*79
$GAGSV,1,1,00,7*73
$GBGSV,3,1,10,14,04,238,,08,73,346,38.9,09,56,269,,03,43,190,38.2,1*70
$GBGSV,3,2,10,01,38,147,,02,30,229,,04,27,124,38.3,12,21,246,,1*66
$GBGSV,3,3,10,05,15,248,,06,75,330,,1*7C
$GNRMC,025118.000,A,3900.0006,N,11613.9783,E,0.00,81.41,280612,,,A,V*3B
$GNVTG,81.41,T,,M,0.00,N,0.00,K,A*1F
$GNZDA,025118.000,28,06,2012,,*4A
$GNGGA,025119.000,3900.0006,N,11613.9783,E,1,9,1.06,-7.6,M,-6.8,M,,*70
$PAIRACC,4.63,10.31*79
$GNGLL,3900.0006,N,11613.9783,E,025119.000,A,A*44
$GNGSA,A,3,31,22,20,14,,,,,,,,,1.66,1.06,1.27,1*06
$GNGSA,A,3,65,74,,,,,,,,,,,1.66,1.06,1.27,2*00
$GNGSA,A,3,,,,,,,,,,,,,1.66,1.06,1.27,3*01
$GNGSA,A,3,08,03,04,,,,,,,,,,1.66,1.06,1.27,4*09
$GPGSV,3,1,11,16,02,180,,31,76,219,38.3,30,35,077,,22,35,137,39.0,1*67
$GPGSV,3,2,11,01,34,313,,05,23,051,,11,22,284,,12,15,044,,1*6B
$GPGSV,3,3,11,20,10,315,38.5,18,04,136,,14,57,053,38.5,1*58
$GLGSV,1,1,04,82,22,085,,65,61,250,39.0,74,16,263,39.4,72,15,332,,1*7C
$GAGSV,1,1,00,7*73
$GBGSV,3,1,10,14,04,238,,08,73,346,38.8,09,56,269,,03,43,190,38.4,1*77
$GBGSV,3,2,10,01,38,147,,02,30,229,,04,27,124,38.0,12,21,246,,1*65
$GBGSV,3,3,10,05,15,248,,06,75,330,,1*7C
$GNRMC,025119.000,A,3900.0006,N,11613.9783,E,0.00,111.79,280612,,,A,V*09
$GNVTG,111.79,T,,M,0.00,N,0.01,K,A*2D
$GNZDA,025119.000,28,06,2012,,*4B
$GNGGA,025120.000,3900.0006,N,11613.9783,E,1,9,1.06,-7.6,M,-6.8,M,,*7A
$PAIRACC,4.66,10.22*7E
$GNGLL,3900.0006,N,11613.9783,E,025120.000,A,A*4E
$GNGSA,A,3,31,22,20,14,,,,,,,,,1.66,1.06,1.27,1*06
$GNGSA,A,3,65,74,,,,,,,,,,,1.66,1.06,1.27,2*00
$GNGSA,A,3,,,,,,,,,,,,,1.66,1.06,1.27,3*01
$GNGSA,A,3,08,03,04,,,,,,,,,,1.66,1.06,1.27,4*09
$GPGSV,3,1,11,16,02,180,,31,76,219,39.1,30,35,077,,22,35,137,39.1,1*65
$GPGSV,3,2,11,01,34,313,,05,23,051,,11,22,284,,12,15,044,,1*6B
$GPGSV,3,3,11,20,10,315,38.8,18,04,136,,14,57,053,38.8,1*58
$GLGSV,1,1,04,82,22,085,,65,61,250,39.0,74,16,263,39.1,72,15,332,,1*79
$GAGSV,1,1,00,7*73
$GBGSV,3,1,10,14,04,238,,08,73,346,38.8,09,56,269,,03,43,190,38.8,1*7B
$GBGSV,3,2,10,01,38,147,,02,30,229,,04,27,124,38.5,12,21,246,,1*60
$GBGSV,3,3,10,05,15,248,,06,75,332,,1*7E
$GNRMC,025120.000,A,3900.0006,N,11613.9783,E,0.00,137.60,280612,,,A,V*0F
$GNVTG,137.60,T,,M,0.00,N,0.01,K,A*21
$GNZDA,025120.000,28,06,2012,,*41
$GNGGA,025121.000,3900.0006,N,11613.9783,E,1,9,1.06,-7.6,M,-6.8,M,,*7B
$PAIRACC,4.68,10.60*76
$GNGLL,3900.0006,N,11613.9783,E,025121.000,A,A*4F
$GNGSA,A,3,31,22,20,14,,,,,,,,,1.66,1.06,1.27,1*06
$GNGSA,A,3,65,74,,,,,,,,,,,1.66,1.06,1.27,2*00
$GNGSA,A,3,,,,,,,,,,,,,1.66,1.06,1.27,3*01
$GNGSA,A,3,08,03,04,,,,,,,,,,1.66,1.06,1.27,4*09
$GPGSV,3,1,11,16,02,180,,31,76,219,38.8,30,35,077,,22,35,137,39.0,1*6C
$GPGSV,3,2,11,01,34,313,,05,23,051,,11,22,284,,12,15,044,,1*6B
$GPGSV,3,3,11,20,10,315,38.9,18,04,136,,14,57,053,39.2,1*52
$GLGSV,1,1,04,82,22,085,,65,61,250,39.5,74,16,263,38.8,72,15,332,,1*74
$GAGSV,1,1,00,7*73
$GBGSV,3,1,09,14,04,238,38.3,08,73,346,38.8,09,56,269,,03,43,190,38.2,1*6F
$GBGSV,3,2,09,02,30,229,,04,27,124,37.9,12,21,246,,05,15,248,,1*6C
$GBGSV,3,3,09,06,75,332,,1*49
$GNRMC,025121.000,A,3900.0006,N,11613.9783,E,0.00,125.85,280612,,,A,V*06
$GNVTG,125.85,T,,M,0.00,N,0.01,K,A*29
$GNZDA,025121.000,28,06,2012,,*40
$GNGGA,025122.000,3900.0006,N,11613.9784,E,1,9,1.06,-7.6,M,-6.8,M,,*7F
$PAIRACC,4.67,10.25*78
$GNGLL,3900.0006,N,11613.9784,E,025122.000,A,A*4B
$GNGSA,A,3,22,31,20,14,,,,,,,,,1.66,1.06,1.27,1*06
$GNGSA,A,3,74,65,,,,,,,,,,,1.66,1.06,1.27,2*00
$GNGSA,A,3,,,,,,,,,,,,,1.66,1.06,1.27,3*01
$GNGSA,A,3,08,03,04,,,,,,,,,,1.66,1.06,1.27,4*09
$GPGSV,3,1,11,16,02,180,,22,35,137,38.6,31,76,219,38.4,30,35,077,,1*67
$GPGSV,3,2,11,01,34,313,,05,23,051,,11,22,284,,12,15,044,,1*6B
$GPGSV,3,3,11,20,10,315,38.4,18,04,136,,14,57,053,38.7,1*5B
$GLGSV,1,1,04,74,16,263,39.5,65,61,250,39.4,82,22,085,,72,15,332,,1*79
$GAGSV,1,1,00,7*73
$GBGSV,3,1,11,07,01,166,,08,73,348,39.0,09,56,269,,03,43,190,38.2,1*78
$GBGSV,3,2,11,01,38,147,,02,30,229,,04,27,124,38.0,12,21,246,,1*64
$GBGSV,3,3,11,05,15,248,,14,04,238,38.2,06,75,332,,1*50
$GNRMC,025122.000,A,3900.0006,N,11613.9784,E,0.00,122.97,280612,,,A,V*06
$GNVTG,122.97,T,,M,0.00,N,0.01,K,A*2D
$GNZDA,025122.000,28,06,2012,,*43
$GNGGA,025123.000,3900.0006,N,11613.9784,E,1,9,1.06,-7.6,M,-6.8,M,,*7E
$PAIRACC,4.55,10.20*7C
$GNGLL,3900.0006,N,11613.9784,E,025123.000,A,A*4A
$GNGSA,A,3,22,31,20,14,,,,,,,,,1.66,1.06,1.27,1*06
$GNGSA,A,3,74,65,,,,,,,,,,,1.66,1.06,1.27,2*00
$GNGSA,A,3,,,,,,,,,,,,,1.66,1.06,1.27,3*01
$GNGSA,A,3,08,03,04,,,,,,,,,,1.66,1.06,1.27,4*09
$GPGSV,3,1,11,16,02,180,,22,35,137,38.7,31,76,219,39.3,30,35,077,,1*60
$GPGSV,3,2,11,01,34,313,,05,23,051,,11,22,284,,12,15,044,,1*6B
$GPGSV,3,3,11,20,10,315,38.3,18,04,136,,14,57,053,38.7,1*5C
$GLGSV,1,1,04,74,16,263,38.9,65,61,250,39.1,82,22,085,,72,15,332,,1*71
$GAGSV,1,1,00,7*73
$GBGSV,3,1,11,07,01,166,,08,73,348,38.6,09,56,270,,03,43,190,38.8,1*7D
$GBGSV,3,2,11,01,38,147,,02,30,229,,04,27,124,38.7,12,21,246,,1*63
$GBGSV,3,3,11,05,15,248,,14,04,238,38.7,06,75,332,,1*55
$GNRMC,025123.000,A,3900.0006,N,11613.9784,E,0.00,122.30,280612,,,A,V*0A
$GNVTG,122.30,T,,M,0.00,N,0.01,K,A*20
$GNZDA,025123.000,28,06,2012,,*42
$GNGGA,025124.000,3900.0006,N,11613.9784,E,1,9,1.06,-7.6,M,-6.8,M,,*79
$PAIRACC,4.67,10.60*79
$GNGLL,3900.0006,N,11613.9784,E,025124.000,A,A*4D
$GNGSA,A,3,22,31,20,14,,,,,,,,,1.66,1.06,1.27,1*06
$GNGSA,A,3,74,65,,,,,,,,,,,1.66,1.06,1.27,2*00
$GNGSA,A,3,,,,,,,,,,,,,1.66,1.06,1.27,3*01
$GNGSA,A,3,08,03,04,,,,,,,,,,1.66,1.06,1.27,4*09
$GPGSV,3,1,11,16,02,180,,22,35,137,38.9,31,76,219,38.8,30,35,077,,1*64
$GPGSV,3,2,11,01,34,313,,05,23,051,,11,22,284,,12,15,044,,1*6B
$GPGSV,3,3,11,20,10,315,39.0,18,04,136,,14,57,053,39.2,1*5A
$GLGSV,1,1,04,74,16,263,39.0,65,61,250,39.3,82,22,085,,72,15,332,,1*7B
$GAGSV,1,1,00,7*73
$GBGSV,3,1,11,07,01,166,,08,73,348,39.0,09,56,270,,03,43,190,38.4,1*76
$GBGSV,3,2,11,01,38,147,,02,30,229,,04,27,124,38.3,12,21,246,,1*67
$GBGSV,3,3,11,05,15,248,,14,04,238,38.3,06,75,332,,1*51
$GNRMC,025124.000,A,3900.0006,N,11613.9784,E,0.00,121.67,280612,,,A,V*0C
$GNVTG,121.67,T,,M,0.00,N,0.01,K,A*21
$GNZDA,025124.000,28,06,2012,,*45
$GNGGA,025125.000,3900.0006,N,11613.9784,E,1,9,1.06,-7.6,M,-6.8,M,,*78
$PAIRACC,4.70,10.31*7B
$GNGLL,3900.0006,N,11613.9784,E,025125.000,A,A*4C
$GNGSA,A,3,22,31,20,14,,,,,,,,,1.66,1.06,1.27,1*06
$GNGSA,A,3,74,65,,,,,,,,,,,1.66,1.06,1.27,2*00
$GNGSA,A,3,,,,,,,,,,,,,1.66,1.06,1.27,3*01
$GNGSA,A,3,08,03,04,,,,,,,,,,1.66,1.06,1.27,4*09
$GPGSV,3,1,11,16,02,180,,22,35,137,39.1,31,76,219,38.8,30,35,077,,1*6D
$GPGSV,3,2,11,01,34,313,,05,23,051,,11,22,284,,12,15,044,,1*6B
$GPGSV,3,3,11,20,10,315,38.7,18,04,136,,14,57,053,39.2,1*5C
$GLGSV,1,1,04,74,16,263,39.0,65,61,250,39.6,82,22,085,,72,15,332,,1*7E
$GAGSV,1,1,00,7*73
$GBGSV,3,1,11,07,01,166,,08,73,348,38.9,09,56,270,,03,43,190,37.9,1*7C
$GBGSV,3,2,11,01,38,147,,02,30,229,,04,27,124,37.6,12,21,246,,1*6D
$GBGSV,3,3,11,05,15,248,,14,04,238,38.6,06,75,332,,1*54
$GNRMC,025125.000,A,3900.0006,N,11613.9784,E,0.00,153.32,280612,,,A,V*08
$GNVTG,153.32,T,,M,0.00,N,0.01,K,A*24
$GNZDA,025125.000,28,06,2012,,*44
$GNGGA,025126.000,3900.0006,N,11613.9784,E,1,9,1.06,-7.6,M,-6.8,M,,*7B
$PAIRACC,4.62,10.30*79
$GNGLL,3900.0006,N,11613.9784,E,025126.000,A,A*4F
$GNGSA,A,3,22,31,20,14,,,,,,,,,1.66,1.06,1.27,1*06
$GNGSA,A,3,74,65,,,,,,,,,,,1.66,1.06,1.27,2*00
$GNGSA,A,3,,,,,,,,,,,,,1.66,1.06,1.27,3*01
$GNGSA,A,3,08,03,04,,,,,,,,,,1.66,1.06,1.27,4*09
$GPGSV,3,1,11,16,02,180,,22,35,137,38.8,31,76,219,38.8,30,35,077,,1*65
$GPGSV,3,2,11,01,34,313,,05,23,051,,11,22,284,,12,15,044,,1*6B
$GPGSV,3,3,11,20,10,315,38.5,18,04,136,,14,57,053,39.2,1*5E
$GLGSV,1,1,04,74,16,263,39.1,65,61,250,39.3,82,22,085,,72,15,332,,1*7A
$GAGSV,1,1,00,7*73
$GBGSV,3,1,11,07,01,166,,08,73,348,38.5,09,56,270,,03,43,190,38.4,1*72
$GBGSV,3,2,11,01,38,147,,02,30,229,,04,27,124,38.8,12,22,246,,1*6F
$GBGSV,3,3,11,05,15,248,,14,04,238,38.5,06,75,332,,1*57
$GNRMC,025126.000,A,3900.0006,N,11613.9784,E,0.00,0.00,280612,,,A,V*0D
$GNVTG,0.00,T,,M,0.00,N,0.01,K,A*22
$GNZDA,025126.000,28,06,2012,,*47
$GNGGA,025127.000,3900.0006,N,11613.9783,E,1,9,1.06,-7.6,M,-6.8,M,,*7D
$PAIRACC,4.67,10.23*7E
$GNGLL,3900.0006,N,11613.9783,E,025127.000,A,A*49
$GNGSA,A,3,22,31,20,14,,,,,,,,,1.66,1.06,1.27,1*06
$GNGSA,A,3,74,65,,,,,,,,,,,1.66,1.06,1.27,2*00
$GNGSA,A,3,,,,,,,,,,,,,1.66,1.06,1.27,3*01
$GNGSA,A,3,08,03,04,,,,,,,,,,1.66,1.06,1.27,4*09
$GPGSV,3,1,11,16,02,180,,22,35,137,39.0,31,76,219,39.3,30,35,077,,1*66
$GPGSV,3,2,11,01,34,313,,05,23,051,,11,22,284,,12,15,044,,1*6B
$GPGSV,3,3,11,20,10,315,38.8,18,04,136,,14,57,053,39.2,1*53
$GLGSV,1,1,04,74,16,263,39.1,65,61,250,39.1,82,22,085,,72,15,332,,1*78
$GAGSV,1,1,00,7*73
$GBGSV,3,1,11,07,01,166,,08,73,348,39.2,09,56,270,,03,43,190,38.4,1*74
$GBGSV,3,2,11,01,38,147,,02,30,229,,04,27,124,38.1,12,22,246,,1*66
$GBGSV,3,3,11,05,15,248,,14,04,238,38.3,06,75,332,,1*51
$GNRMC,025127.000,A,3900.0006,N,11613.9783,E,0.00,134.27,280612,,,A,V*08
$GNVTG,134.27,T,,M,0.00,N,0.01,K,A*21
$GNZDA,025127.000,28,06,2012,,*46
$GNGGA,025128.000,3900.0006,N,11613.9783,E,1,9,1.06,-7.6,M,-6.8,M,,*72
$PAIRACC,4.70,10.66*79
$GNGLL,3900.0006,N,11613.9783,E,025128.000,A,A*46
$GNGSA,A,3,22,31,20,14,,,,,,,,,1.66,1.06,1.27,1*06
$GNGSA,A,3,74,65,,,,,,,,,,,1.66,1.06,1.27,2*00
$GNGSA,A,3,,,,,,,,,,,,,1.66,1.06,1.27,3*01
$GNGSA,A,3,08,03,04,,,,,,,,,,1.66,1.06,1.27,4*09
$GPGSV,3,1,11,16,02,180,,22,35,137,39.0,31,76,219,38.5,30,35,077,,1*61
$GPGSV,3,2,11,01,34,313,,05,23,051,,11,22,284,,12,15,044,,1*6B
$GPGSV,3,3,11,20,10,315,38.9,18,04,136,,14,57,053,39.0,1*50
$GLGSV,1,1,04,74,16,263,39.2,65,61,250,39.2,82,22,085,,72,15,332,,1*78
$GAGSV,1,1,00,7*73
$GBGSV,3,1,11,07,01,166,,08,73,348,38.6,09,56,270,,03,43,190,38.3,1*76
$GBGSV,3,2,11,01,38,147,,02,30,229,,04,27,124,38.2,12,22,246,,1*65
$GBGSV,3,3,11,05,15,248,,14,05,239,39.0,06,75,332,,1*53
$GNRMC,025128.000,A,3900.0006,N,11613.9783,E,0.00,145.23,280612,,,A,V*05
$GNVTG,145.23,T,,M,0.00,N,0.01,K,A*23
$GNZDA,025128.000,28,06,2012,,*49
$GNGGA,025129.000,3900.0006,N,11613.9783,E,1,9,1.06,-7.6,M,-6.8,M,,*73
$PAIRACC,4.68,10.25*77
$GNGLL,3900.0006,N,11613.9783,E,025129.000,A,A*47
$GNGSA,A,3,22,31,20,14,,,,,,,,,1.66,1.06,1.27,1*06
$GNGSA,A,3,74,65,,,,,,,,,,,1.66,1.06,1.27,2*00
$GNGSA,A,3,,,,,,,,,,,,,1.66,1.06,1.27,3*01
$GNGSA,A,3,08,03,04,,,,,,,,,,1.66,1.06,1.27,4*09
$GPGSV,3,1,11,16,02,180,,22,35,137,38.9,31,76,219,38.5,30,35,077,,1*69
$GPGSV,3,2,11,01,34,313,,05,23,051,,11,22,284,,12,15,044,,1*6B
$GPGSV,3,3,11,20,10,315,38.6,18,04,136,,14,57,053,38.7,1*59
$GLGSV,1,1,04,74,16,263,39.0,65,61,250,39.3,82,22,085,,72,15,332,,1*7B
$GAGSV,1,1,00,7*73
$GBGSV,3,1,11,07,01,166,,08,73,348,38.7,09,56,270,,03,43,190,38.5,1*71
$GBGSV,3,2,11,01,38,147,,02,30,229,,04,27,124,38.4,12,22,246,,1*63
$GBGSV,3,3,11,05,15,248,,14,05,239,38.3,06,75,332,,1*51
$GNRMC,025129.000,A,3900.0006,N,11613.9783,E,0.00,159.42,280612,,,A,V*0E
$GNVTG,159.42,T,,M,0.00,N,0.01,K,A*29
$GNZDA,025129.000,28,06,2012,,*48
$GNGGA,025130.000,3900.0006,N,11613.9783,E,1,9,1.06,-7.6,M,-6.8,M,,*7B
$PAIRACC,4.68,10.61*77
$GNGLL,3900.0006,N,11613.9783,E,025130.000,A,A*4F
$GNGSA,A,3,22,31,20,14,,,,,,,,,1.66,1.06,1.27,1*06
$GNGSA,A,3,74,65,,,,,,,,,,,1.66,1.06,1.27,2*00
$GNGSA,A,3,,,,,,,,,,,,,1.66,1.06,1.27,3*01
$GNGSA,A,3,08,03,04,,,,,,,,,,1.66,1.06,1.27,4*09
$GPGSV,3,1,11,16,02,180,,22,35,137,38.8,31,76,219,38.5,30,35,077,,1*68
$GPGSV,3,2,11,01,34,313,,05,23,051,,11,22,284,,12,15,044,,1*6B
$GPGSV,3,3,11,20,10,315,38.6,18,04,136,,14,57,053,39.0,1*5F
$GLGSV,1,1,04,74,16,263,39.2,65,61,250,39.2,82,22,085,,72,15,332,,1*78
$GAGSV,1,1,00,7*73
$GBGSV,3,1,11,07,01,166,,08,73,348,39.0,09,56,270,,03,43,190,38.2,1*70
$GBGSV,3,2,11,01,38,147,,02,30,229,,04,27,124,38.6,12,22,246,,1*61
$GBGSV,3,3,11,05,15,248,,14,05,239,38.3,06,75,332,,1*51
$GNRMC,025130.000,A,3900.0006,N,11613.9783,E,0.00,110.79,280612,,,A,V*03
$GNVTG,110.79,T,,M,0.00,N,0.01,K,A*2C
$GNZDA,025130.000,28,06,2012,,*40
$GNGGA,025131.000,3900.0006,N,11613.9783,E,1,9,1.06,-7.6,M,-6.8,M,,*7A
$PAIRACC,4.60,10.32*79
$GNGLL,3900.0006,N,11613.9783,E,025131.000,A,A*4E
$GNGSA,A,3,22,31,20,14,,,,,,,,,1.66,1.06,1.27,1*06
$GNGSA,A,3,74,65,,,,,,,,,,,1.66,1.06,1.27,2*00
$GNGSA,A,3,,,,,,,,,,,,,1.66,1.06,1.27,3*01
$GNGSA,A,3,08,03,04,,,,,,,,,,1.66,1.06,1.27,4*09
$GPGSV,3,1,11,16,02,180,,22,35,137,39.0,31,76,219,38.9,30,35,077,,1*6D
$GPGSV,3,2,11,01,34,313,,05,23,051,,11,22,284,,12,15,044,,1*6B
$GPGSV,3,3,11,20,10,315,38.9,18,04,136,,14,57,053,39.2,1*52
$GLGSV,1,1,04,74,16,263,39.2,65,61,250,39.6,82,22,085,,72,15,332,,1*7C
$GAGSV,1,1,00,7*73
$GBGSV,3,1,11,07,01,166,,08,73,348,39.2,09,56,270,,03,43,190,38.7,1*77
$GBGSV,3,2,11,01,38,147,,02,30,229,,04,27,124,38.4,12,22,246,,1*63
$GBGSV,3,3,11,05,15,248,,14,05,239,38.4,06,75,332,,1*56
$GNRMC,025131.000,A,3900.0006,N,11613.9783,E,0.00,123.55,280612,,,A,V*0C
$GNVTG,123.55,T,,M,0.00,N,0.01,K,A*22
$GNZDA,025131.000,28,06,2012,,*41
$GNGGA,025132.000,3900.0006,N,11613.9783,E,1,9,1.06,-7.6,M,-6.8,M,,*79
$PAIRACC,4.76,10.44*7F
$GNGLL,3900.0006,N,11613.9783,E,025132.000,A,A*4D
$GNGSA,A,3,22,31,20,14,,,,,,,,,1.66,1.06,1.27,1*06
$GNGSA,A,3,74,65,,,,,,,,,,,1.66,1.06,1.27,2*00
$GNGSA,A,3,,,,,,,,,,,,,1.66,1.06,1.27,3*01
$GNGSA,A,3,08,03,04,,,,,,,,,,1.66,1.06,1.27,4*09
$GPGSV,3,1,11,16,02,180,,22,35,137,38.9,31,76,219,38.8,30,35,077,,1*64
$GPGSV,3,2,11,01,34,313,,05,23,051,,11,22,284,,12,15,044,,1*6B
$GPGSV,3,3,11,20,10,315,38.6,18,04,136,,14,57,053,38.9,1*57
$GLGSV,1,1,04,74,16,263,39.1,65,61,250,38.8,82,22,085,,72,15,332,,1*70
$GAGSV,1,1,00,7*73
$GBGSV,3,1,11,07,01,166,,08,73,348,38.9,09,56,270,,03,43,190,38.7,1*7D
$GBGSV,3,2,11,01,38,147,,02,30,229,,04,27,124,38.3,12,22,246,,1*64
$GBGSV,3,3,11,05,15,248,,14,05,239,38.3,06,75,332,,1*51
$GNRMC,025132.000,A,3900.0006,N,11613.9783,E,0.00,114.44,280612,,,A,V*0B
$GNVTG,114.44,T,,M,0.00,N,0.01,K,A*26
$GNZDA,025132.000,28,06,2012,,*42
$GNGGA,025133.000,3900.0006,N,11613.9783,E,1,9,1.06,-7.6,M,-6.8,M,,*78
$PAIRACC,4.57,10.38*77
$GNGLL,3900.0006,N,11613.9783,E,025133.000,A,A*4C
$GNGSA,A,3,22,31,20,14,,,,,,,,,1.66,1.06,1.27,1*06
$GNGSA,A,3,74,65,,,,,,,,,,,1.66,1.06,1.27,2*00
$GNGSA,A,3,,,,,,,,,,,,,1.66,1.06,1.27,3*01
$GNGSA,A,3,08,03,04,,,,,,,,,,1.66,1.06,1.27,4*09
$GPGSV,3,1,11,16,02,180,,22,35,137,39.1,31,76,219,39.0,30,35,077,,1*64
$GPGSV,3,2,11,01,34,313,,05,23,051,,11,22,284,,12,15,044,,1*6B
$GPGSV,3,3,11,20,10,315,38.5,18,04,136,,14,57,053,39.0,1*5C
$GLGSV,1,1,04,74,16,263,38.9,65,61,250,39.3,82,22,085,,72,15,332,,1*73
$GAGSV,1,1,00,7*73
$GBGSV,3,1,11,07,01,166,,08,73,348,39.3,09,56,270,,03,43,190,38.2,1*73
$GBGSV,3,2,11,01,38,147,,02,30,229,,04,27,124,37.9,12,22,246,,1*61
$GBGSV,3,3,11,05,15,248,,14,05,239,38.3,06,75,332,,1*51
$GNRMC,025133.000,A,3900.0006,N,11613.9783,E,0.00,157.18,280612,,,A,V*04
$GNVTG,157.18,T,,M,0.00,N,0.01,K,A*28
$GNZDA,025133.000,28,06,2012,,*43
$GNGGA,025134.000,3900.0006,N,11613.9783,E,1,9,1.06,-7.6,M,-6.8,M,,*7F
$PAIRACC,4.80,10.54*77
$GNGLL,3900.0006,N,11613.9783,E,025134.000,A,A*4B
$GNGSA,A,3,22,31,20,14,,,,,,,,,1.66,1.06,1.27,1*06
$GNGSA,A,3,74,65,,,,,,,,,,,1.66,1.06,1.27,2*00
$GNGSA,A,3,,,,,,,,,,,,,1.66,1.06,1.27,3*01
$GNGSA,A,3,08,03,04,,,,,,,,,,1.66,1.06,1.27,4*09
$GPGSV,3,1,11,16,02,180,,22,35,137,39.0,31,76,219,39.1,30,35,077,,1*64
$GPGSV,3,2,11,01,34,313,,05,23,051,,11,22,284,,12,15,044,,1*6B
$GPGSV,3,3,11,20,10,315,38.4,18,04,136,,14,57,053,39.0,1*5D
$GLGSV,1,1,04,74,16,263,39.4,65,61,250,39.0,82,22,085,,72,15,332,,1*7C
$GAGSV,1,1,00,7*73
$GBGSV,3,1,11,07,01,166,,08,73,348,39.1,09,56,270,,03,43,190,38.3,1*70
$GBGSV,3,2,11,01,38,147,,02,30,229,,04,27,124,37.8,12,22,246,,1*60
$GBGSV,3,3,11,05,15,248,,14,05,239,38.9,06,75,332,,1*5B
$GNRMC,025134.000,A,3900.0006,N,11613.9783,E,0.00,125.73,280612,,,A,V*0B
$GNVTG,125.73,T,,M,0.00,N,0.01,K,A*20
$GNZDA,025134.000,28,06,2012,,*44
$GNGGA,025135.000,3900.0006,N,11613.9784,E,1,9,1.06,-7.6,M,-6.8,M,,*79
$PAIRACC,4.55,10.21*7D
$GNGLL,3900.0006,N,11613.9784,E,025135.000,A,A*4D
$GNGSA,A,3,22,31,20,14,,,,,,,,,1.66,1.06,1.27,1*06
$GNGSA,A,3,74,65,,,,,,,,,,,1.66,1.06,1.27,2*00
$GNGSA,A,3,,,,,,,,,,,,,1.66,1.06,1.27,3*01
$GNGSA,A,3,08,03,04,,,,,,,,,,1.66,1.06,1.27,4*09
$GPGSV,3,1,11,16,02,180,,22,35,137,38.8,31,76,219,38.8,30,35,077,,1*65
$GPGSV,3,2,11,01,34,313,,05,23,051,,11,22,284,,12,15,044,,1*6B
$GPGSV,3,3,11,20,10,315,38.4,18,04,136,,14,57,053,38.9,1*55
$GLGSV,1,1,04,74,16,263,38.8,65,61,250,39.7,82,22,085,,72,15,332,,1*76
$GAGSV,1,1,00,7*73
$GBGSV,3,1,11,07,01,166,,08,73,348,38.5,09,56,270,,03,43,190,38.6,1*70
$GBGSV,3,2,11,01,38,147,,02,30,229,,04,27,124,38.3,12,22,246,,1*64
$GBGSV,3,3,11,05,15,248,,14,05,239,37.9,06,75,332,,1*54
$GNRMC,025135.000,A,3900.0006,N,11613.9784,E,0.00,138.55,280612,,,A,V*05
$GNVTG,138.55,T,,M,0.00,N,0.01,K,A*28
$GNZDA,025135.000,28,06,2012,,*45
$GNGGA,025136.000,3900.0006,N,11613.9784,E,1,9,1.06,-7.6,M,-6.8,M,,*7A
$PAIRACC,4.53,10.14*7D
$GNGLL,3900.0006,N,11613.9784,E,025136.000,A,A*4E
$GNGSA,A,3,22,31,20,14,,,,,,,,,1.66,1.06,1.27,1*06
$GNGSA,A,3,74,65,,,,,,,,,,,1.66,1.06,1.27,2*00
$GNGSA,A,3,,,,,,,,,,,,,1.66,1.06,1.27,3*01
$GNGSA,A,3,08,03,04,,,,,,,,,,1.66,1.06,1.27,4*09
$GPGSV,3,1,11,16,02,180,,22,35,137,38.7,31,76,219,38.7,30,35,077,,1*65
$GPGSV,3,2,11,01,34,313,,05,23,051,,11,22,284,,12,15,044,,1*6B
$GPGSV,3,3,11,20,10,315,38.8,18,04,136,,14,57,053,38.4,1*54
$GLGSV,1,1,04,74,16,263,39.5,65,61,250,39.2,82,22,085,,72,15,332,,1*7F
$GAGSV,1,1,00,7*73
$GBGSV,3,1,11,07,01,166,,08,73,348,38.9,09,56,270,,03,43,190,38.3,1*79
$GBGSV,3,2,11,01,38,147,,02,30,229,,04,27,124,38.1,12,22,246,,1*66
$GBGSV,3,3,11,05,15,248,,14,05,239,38.2,06,75,332,,1*50
$GNRMC,025136.000,A,3900.0006,N,11613.9784,E,0.01,129.11,280612,,,A,V*07
$GNVTG,129.11,T,,M,0.01,N,0.01,K,A*29
$GNZDA,025136.000,28,06,2012,,*46
$GNGGA,025137.000,3900.0006,N,11613.9784,E,1,9,1.06,-7.6,M,-6.8,M,,*7B
$PAIRACC,4.53,10.14*7D
$GNGLL,3900.0006,N,11613.9784,E,025137.000,A,A*4F
$GNGSA,A,3,22,31,20,14,,,,,,,,,1.66,1.06,1.27,1*06
$GNGSA,A,3,74,65,,,,,,,,,,,1.66,1.06,1.27,2*00
$GNGSA,A,3,,,,,,,,,,,,,1.66,1.06,1.27,3*01
$GNGSA,A,3,08,03,04,,,,,,,,,,1.66,1.06,1.27,4*09
$GPGSV,3,1,11,16,02,180,,22,35,137,38.7,31,76,219,38.8,30,35,077,,1*6A
$GPGSV,3,2,11,01,34,313,,05,23,051,,11,22,284,,12,15,044,,1*6B
$GPGSV,3,3,11,20,10,315,38.1,18,04,136,,14,57,053,38.8,1*51
$GLGSV,1,1,04,74,16,263,39.4,65,61,250,39.2,82,22,085,,72,15,332,,1*7E
$GAGSV,1,1,00,7*73
$GBGSV,3,1,11,07,01,166,,08,73,348,38.7,09,56,270,,03,43,190,38.0,1*74
$GBGSV,3,2,11,01,38,147,,02,30,229,,04,27,124,37.9,12,22,246,,1*61
$GBGSV,3,3,11,05,15,248,,14,05,239,38.5,06,75,332,,1*57
$GNRMC,025137.000,A,3900.0006,N,11613.9784,E,0.01,122.03,280612,,,A,V*0E
$GNVTG,122.03,T,,M,0.01,N,0.01,K,A*21
$GNZDA,025137.000,28,06,2012,,*47
$GNGGA,025138.000,3900.0006,N,11613.9784,E,1,9,1.06,-7.6,M,-6.8,M,,*74
$PAIRACC,4.53,10.14*7D
$GNGLL,3900.0006,N,11613.9784,E,025138.000,A,A*40
$GNGSA,A,3,22,31,20,14,,,,,,,,,1.66,1.06,1.27,1*06
$GNGSA,A,3,74,65,,,,,,,,,,,1.66,1.06,1.27,2*00
$GNGSA,A,3,,,,,,,,,,,,,1.66,1.06,1.27,3*01
$GNGSA,A,3,08,03,04,,,,,,,,,,1.66,1.06,1.27,4*09
$GPGSV,3,1,11,16,02,180,,22,35,137,38.6,31,76,219,38.7,30,35,077,,1*64
$GPGSV,3,2,11,01,34,313,,05,23,051,,11,22,284,,12,15,044,,1*6B
$GPGSV,3,3,11,20,10,315,38.3,18,04,136,,14,57,053,38.9,1*52
$GLGSV,1,1,04,74,16,263,39.3,65,61,250,39.7,82,22,085,,72,15,332,,1*7C
$GAGSV,1,1,00,7*73
$GBGSV,3,1,11,07,01,166,,08,73,348,38.9,09,56,270,,03,43,190,38.7,1*7D
$GBGSV,3,2,11,01,38,147,,02,30,229,,04,27,124,38.7,12,22,246,,1*60
$GBGSV,3,3,11,05,15,248,,14,05,239,39.2,06,75,332,,1*51
$GNRMC,025138.000,A,3900.0006,N,11613.9784,E,0.01,140.97,280612,,,A,V*08
$GNVTG,140.97,T,,M,0.01,N,0.01,K,A*28
$GNZDA,025138.000,28,06,2012,,*48
$GNGGA,025139.000,3900.0006,N,11613.9784,E,1,9,1.06,-7.6,M,-6.8,M,,*75
$PAIRACC,4.55,10.21*7D
$GNGLL,3900.0006,N,11613.9784,E,025139.000,A,A*41
$GNGSA,A,3,22,31,20,14,,,,,,,,,1.66,1.06,1.27,1*06
$GNGSA,A,3,74,65,,,,,,,,,,,1.66,1.06,1.27,2*00
$GNGSA,A,3,,,,,,,,,,,,,1.66,1.06,1.27,3*01
$GNGSA,A,3,08,03,04,,,,,,,,,,1.66,1.06,1.27,4*09
$GPGSV,3,1,11,16,02,180,,22,35,137,38.9,31,76,219,39.0,30,35,077,,1*6D
$GPGSV,3,2,11,01,34,313,,05,23,051,,11,22,284,,12,15,044,,1*6B
$GPGSV,3,3,11,20,10,315,38.7,18,04,136,,14,57,053,38.7,1*58
$GLGSV,1,1,04,74,16,263,38.7,65,61,250,39.2,82,22,085,,72,15,332,,1*7C
$GAGSV,1,1,00,7*73
$GBGSV,3,1,11,07,01,166,,08,73,348,39.1,09,56,270,,03,43,190,38.5,1*76
$GBGSV,3,2,11,01,38,147,,02,30,229,,04,27,124,37.8,12,22,246,,1*60
$GBGSV,3,3,11,05,15,248,,14,05,239,39.0,06,75,332,,1*53
$GNRMC,025139.000,A,3900.0006,N,11613.9784,E,0.01,157.13,280612,,,A,V*03
$GNVTG,157.13,T,,M,0.01,N,0.01,K,A*22
$GNZDA,025139.000,28,06,2012,,*49
$GNGGA,025140.000,3900.0006,N,11613.9784,E,1,9,1.06,-7.6,M,-6.8,M,,*7B
$PAIRACC,4.53,10.14*7D
$GNGLL,3900.0006,N,11613.9784,E,025140.000,A,A*4F
$GNGSA,A,3,22,31,20,14,,,,,,,,,1.66,1.06,1.27,1*06
$GNGSA,A,3,74,65,,,,,,,,,,,1.66,1.06,1.27,2*00
$GNGSA,A,3,,,,,,,,,,,,,1.66,1.06,1.27,3*01
$GNGSA,A,3,08,03,04,,,,,,,,,,1.66,1.06,1.27,4*09
$GPGSV,3,1,11,16,02,180,,22,35,137,38.9,31,76,219,38.9,30,35,077,,1*65
$GPGSV,3,2,11,01,34,313,,05,23,051,,11,22,284,,12,15,044,,1*6B
$GPGSV,3,3,11,20,10,315,38.8,18,04,136,,14,57,053,38.8,1*58
$GLGSV,1,1,04,74,16,263,39.0,65,61,250,39.2,82,22,085,,72,15,332,,1*7A
$GAGSV,1,1,00,7*73
$GBGSV,3,1,11,07,01,166,,08,73,348,38.9,09,56,270,,03,43,190,38.5,1*7F
$GBGSV,3,2,11,01,38,147,,02,30,229,,04,27,124,38.3,12,22,246,,1*64
$GBGSV,3,3,11,05,15,248,,14,05,239,39.2,06,75,332,,1*51
$GNRMC,025140.000,A,3900.0006,N,11613.9784,E,0.01,152.17,280612,,,A,V*0C
$GNVTG,152.17,T,,M,0.01,N,0.01,K,A*23
$GNZDA,025140.000,28,06,2012,,*47
$GNGGA,025141.000,3900.0006,N,11613.9784,E,1,9,1.06,-7.6,M,-6.8,M,,*7A
$PAIRACC,4.52,10.12*7A
$GNGLL,3900.0006,N,11613.9784,E,025141.000,A,A*4E
$GNGSA,A,3,22,31,20,14,,,,,,,,,1.66,1.06,1.27,1*06
$GNGSA,A,3,74,65,,,,,,,,,,,1.66,1.06,1.27,2*00
$GNGSA,A,3,,,,,,,,,,,,,1.66,1.06,1.27,3*01
$GNGSA,A,3,08,03,04,,,,,,,,,,1.66,1.06,1.27,4*09
$GPGSV,3,1,11,16,02,180,,22,35,137,38.9,31,76,219,38.8,30,35,077,,1*64
$GPGSV,3,2,11,01,34,313,,05,23,051,,11,22,284,,12,15,044,,1*6B
$GPGSV,3,3,11,20,10,315,38.3,18,04,136,,14,57,053,39.1,1*5B
$GLGSV,1,1,04,74,16,263,39.1,65,61,250,39.4,82,22,085,,72,15,332,,1*7D
$GAGSV,1,1,00,7*73
$GBGSV,3,1,11,07,01,166,,08,73,348,39.2,09,56,270,,03,43,190,38.7,1*77
$GBGSV,3,2,11,01,38,147,,02,30,229,,04,27,124,38.7,12,22,246,,1*60
$GBGSV,3,3,11,05,15,248,,14,05,239,39.1,06,75,332,,1*52
$GNRMC,025141.000,A,3900.0006,N,11613.9784,E,0.01,147.18,280612,,,A,V*06
$GNVTG,147.18,T,,M,0.01,N,0.01,K,A*28
$GNZDA,025141.000,28,06,2012,,*46
$GNGGA,025142.000,3900.0006,N,11613.9784,E,1,9,1.06,-7.6,M,-6.8,M,,*79
$PAIRACC,4.85,10.80*7B
$GNGLL,3900.0006,N,11613.9784,E,025142.000,A,A*4D
$GNGSA,A,3,22,31,20,14,,,,,,,,,1.66,1.06,1.27,1*06
$GNGSA,A,3,74,65,,,,,,,,,,,1.66,1.06,1.27,2*00
$GNGSA,A,3,,,,,,,,,,,,,1.66,1.06,1.27,3*01
$GNGSA,A,3,08,03,04,,,,,,,,,,1.66,1.06,1.27,4*09
$GPGSV,3,1,11,16,02,180,,22,35,137,38.7,31,76,219,38.5,30,35,077,,1*67
$GPGSV,3,2,11,01,34,313,,05,23,051,,11,22,284,,12,15,044,,1*6B
$GPGSV,3,3,11,20,10,315,38.6,18,04,136,,14,57,053,38.5,1*5B
$GLGSV,1,1,04,74,16,263,38.7,65,61,250,39.8,82,22,085,,72,15,332,,1*76
$GAGSV,1,1,00,7*73
$GBGSV,3,1,11,07,01,166,,08,73,348,38.7,09,56,270,,03,43,190,38.3,1*77
$GBGSV,3,2,11,01,38,147,,02,30,229,,04,27,124,37.9,12,22,246,,1*61
$GBGSV,3,3,11,05,15,248,,14,05,239,38.4,06,75,332,,1*56
$GNRMC,025142.000,A,3900.0006,N,11613.9784,E,0.01,162.86,280612,,,A,V*05
$GNVTG,162.86,T,,M,0.01,N,0.01,K,A*28
$GNZDA,025142.000,28,06,2012,,*45
$GNGGA,025143.000,3900.0006,N,11613.9784,E,1,9,1.06,-7.6,M,-6.8,M,,*78
$PAIRACC,4.53,10.14*7D
$GNGLL,3900.0006,N,11613.9784,E,025143.000,A,A*4C
$GNGSA,A,3,22,31,20,14,,,,,,,,,1.66,1.06,1.27,1*06
$GNGSA,A,3,74,65,,,,,,,,,,,1.66,1.06,1.27,2*00
$GNGSA,A,3,,,,,,,,,,,,,1.66,1.06,1.27,3*01
$GNGSA,A,3,08,03,04,,,,,,,,,,1.66,1.06,1.27,4*09
$GPGSV,3,1,11,16,02,180,,22,35,137,39.4,31,76,219,38.6,30,35,077,,1*66
$GPGSV,3,2,11,01,34,313,,05,23,051,,11,22,284,,12,15,044,,1*6B
$GPGSV,3,3,11,20,10,315,38.2,18,04,136,,14,57,053,39.0,1*5B
$GLGSV,1,1,04,74,16,263,38.8,65,61,250,38.5,82,22,085,,72,15,332,,1*75
$GAGSV,1,1,00,7*73
$GBGSV,3,1,11,07,01,166,,08,73,348,38.8,09,56,270,,03,43,190,38.2,1*79
$GBGSV,3,2,11,01,38,147,,02,30,229,,04,27,124,38.0,12,22,246,,1*67
$GBGSV,3,3,11,05,15,248,,14,05,239,38.1,06,75,332,,1*53
$GNRMC,025143.000,A,3900.0006,N,11613.9784,E,0.01,161.03,280612,,,A,V*0A
$GNVTG,161.03,T,,M,0.01,N,0.01,K,A*26
$GNZDA,025143.000,28,06,2012,,*44
$GNGGA,025144.000,3900.0005,N,11613.9784,E,1,9,1.06,-7.6,M,-6.8,M,,*7C
$PAIRACC,4.75,10.42*7A
$GNGLL,3900.0005,N,11613.9784,E,025144.000,A,A*48
$GNGSA,A,3,22,31,20,14,,,,,,,,,1.66,1.06,1.27,1*06
$GNGSA,A,3,74,65,,,,,,,,,,,1.66,1.06,1.27,2*00
$GNGSA,A,3,,,,,,,,,,,,,1.66,1.06,1.27,3*01
$GNGSA,A,3,08,03,04,,,,,,,,,,1.66,1.06,1.27,4*09
$GPGSV,3,1,11,16,02,180,,22,35,137,39.0,31,76,219,39.2,30,35,077,,1*67
$GPGSV,3,2,11,01,34,313,,05,23,051,,11,22,284,,12,15,044,,1*6B
$GPGSV,3,3,11,20,10,315,38.5,18,04,136,,14,57,053,38.5,1*58
$GLGSV,1,1,04,74,16,263,39.2,65,61,250,39.4,82,22,085,,72,15,332,,1*7E
$GAGSV,1,1,00,7*73
$GBGSV,3,1,11,07,01,166,,08,73,348,38.8,09,56,270,,03,43,190,38.4,1*7F
$GBGSV,3,2,11,01,38,147,,02,30,229,,04,27,124,38.7,12,22,246,,1*60
$GBGSV,3,3,11,05,15,248,,14,05,239,38.6,06,75,332,,1*54
$GNRMC,025144.000,A,3900.0005,N,11613.9784,E,0.01,162.64,280612,,,A,V*0C
$GNVTG,162.64,T,,M,0.01,N,0.01,K,A*24
$GNZDA,025144.000,28,06,2012,,*43
$GNGGA,025145.000,3900.0005,N,11613.9784,E,1,9,1.06,-7.6,M,-6.8,M,,*7D
$PAIRACC,4.62,10.50*7F
$GNGLL,3900.0005,N,11613.9784,E,025145.000,A,A*49
$GNGSA,A,3,22,31,20,14,,,,,,,,,1.66,1.06,1.27,1*06
$GNGSA,A,3,74,65,,,,,,,,,,,1.66,1.06,1.27,2*00
$GNGSA,A,3,,,,,,,,,,,,,1.66,1.06,1.27,3*01
$GNGSA,A,3,08,03,04,,,,,,,,,,1.66,1.06,1.27,4*09
$GPGSV,3,1,11,16,02,180,,22,35,137,38.9,31,76,219,39.1,30,35,077,,1*6C
$GPGSV,3,2,11,01,34,313,,05,23,051,,11,22,284,,12,15,044,,1*6B
$GPGSV,3,3,11,20,10,315,38.2,18,04,136,,14,57,053,39.0,1*5B
$GLGSV,1,1,04,74,16,263,39.0,65,61,250,39.8,82,22,085,,72,15,332,,1*70
$GAGSV,1,1,00,7*73
$GBGSV,3,1,11,07,01,166,,08,73,348,38.8,09,56,270,,03,43,190,38.7,1*7C
$GBGSV,3,2,11,01,38,147,,02,30,229,,04,27,124,38.4,12,22,246,,1*63
$GBGSV,3,3,11,05,15,248,,14,05,239,38.9,06,75,332,,1*5B
$GNRMC,025145.000,A,3900.0005,N,11613.9784,E,0.01,202.98,280612,,,A,V*0B
$GNVTG,202.98,T,,M,0.01,N,0.01,K,A*22
$GNZDA,025145.000,28,06,2012,,*42
$GNGGA,025146.000,3900.0005,N,11613.9784,E,1,9,1.06,-7.6,M,-6.8,M,,*7E
$PAIRACC,4.76,10.44*7F
$GNGLL,3900.0005,N,11613.9784,E,025146.000,A,A*4A
$GNGSA,A,3,22,31,20,14,,,,,,,,,1.66,1.06,1.28,1*09
$GNGSA,A,3,74,65,,,,,,,,,,,1.66,1.06,1.28,2*0F
$GNGSA,A,3,,,,,,,,,,,,,1.66,1.06,1.28,3*0E
$GNGSA,A,3,08,03,04,,,,,,,,,,1.66,1.06,1.28,4*06
$GPGSV,3,1,11,16,02,180,,22,35,137,38.5,31,76,219,38.7,30,35,077,,1*67
$GPGSV,3,2,11,01,34,313,,05,23,051,,11,22,284,,12,15,044,,1*6B
$GPGSV,3,3,11,20,10,315,38.4,18,04,136,,14,57,053,38.4,1*58
$GLGSV,1,1,04,74,16,263,39.6,65,61,250,39.3,82,22,085,,72,15,332,,1*7D
$GAGSV,1,1,00,7*73
$GBGSV,3,1,11,07,01,166,,08,73,348,38.6,09,56,270,,03,43,190,38.1,1*74
$GBGSV,3,2,11,01,38,147,,02,30,229,,04,27,124,38.3,12,22,246,,1*64
$GBGSV,3,3,11,05,15,248,,14,05,239,38.6,06,75,332,,1*54
$GNRMC,025146.000,A,3900.0005,N,11613.9784,E,0.00,171.33,280612,,,A,V*0F
$GNVTG,171.33,T,,M,0.00,N,0.01,K,A*25
$GNZDA,025146.000,28,06,2012,,*41
$GNGGA,025147.000,3900.0005,N,11613.9784,E,1,9,1.06,-7.6,M,-6.8,M,,*7F
$PAIRACC,4.62,10.49*77
$GNGLL,3900.0005,N,11613.9784,E,025147.000,A,A*4B
$GNGSA,A,3,22,31,20,14,,,,,,,,,1.66,1.06,1.27,1*06
$GNGSA,A,3,74,65,,,,,,,,,,,1.66,1.06,1.27,2*00
$GNGSA,A,3,,,,,,,,,,,,,1.66,1.06,1.27,3*01
$GNGSA,A,3,08,03,04,,,,,,,,,,1.66,1.06,1.27,4*09
$GPGSV,3,1,11,16,02,180,,22,35,137,38.9,31,76,219,39.0,30,35,077,,1*6D
$GPGSV,3,2,11,01,34,313,,05,23,051,,11,22,284,,12,15,044,,1*6B
$GPGSV,3,3,11,20,10,315,38.6,18,04,136,,14,57,053,39.1,1*5E
$GLGSV,1,1,04,74,16,263,39.0,65,61,250,39.6,82,22,085,,72,15,332,,1*7E
$GAGSV,1,1,00,7*73
$GBGSV,3,1,11,07,01,166,,08,73,348,38.7,09,56,270,,03,43,190,38.8,1*7C
$GBGSV,3,2,11,01,38,147,,02,30,229,,04,27,124,38.9,12,22,246,,1*6E
$GBGSV,3,3,11,05,15,248,,14,05,239,38.4,06,75,332,,1*56
$GNRMC,025147.000,A,3900.0005,N,11613.9784,E,0.00,179.27,280612,,,A,V*03
$GNVTG,179.27,T,,M,0.00,N,0.01,K,A*28
$GNZDA,025147.000,28,06,2012,,*40
$GNGGA,025148.000,3900.0005,N,11613.9783,E,1,10,0.99,-7.6,M,-6.8,M,,*48
$PAIRACC,4.41,9.63*46
$GNGLL,3900.0005,N,11613.9783,E,025148.000,A,A*43
$GNGSA,A,3,22,31,20,14,,,,,,,,,1.53,0.99,1.17,1*04
$GNGSA,A,3,74,65,,,,,,,,,,,1.53,0.99,1.17,2*02
$GNGSA,A,3,,,,,,,,,,,,,1.53,0.99,1.17,3*03
$GNGSA,A,3,08,03,04,14,,,,,,,,,1.53,0.99,1.17,4*0E
$GPGSV,3,1,11,16,02,180,,22,35,137,38.9,31,76,219,38.7,30,35,077,,1*6B
$GPGSV,3,2,11,01,34,313,,05,23,051,,11,22,284,,12,15,044,,1*6B
$GPGSV,3,3,11,20,10,315,38.5,18,04,136,,14,57,053,39.0,1*5C
$GLGSV,1,1,04,74,16,263,39.2,65,61,250,39.6,82,22,085,,72,15,332,,1*7C
$GAGSV,1,1,00,7*73
$GBGSV,3,1,11,07,01,166,,08,73,348,38.6,09,56,270,,03,43,190,38.4,1*71
$GBGSV,3,2,11,01,38,147,,02,30,229,,04,27,124,38.1,12,22,246,,1*66
$GBGSV,3,3,11,05,15,248,,14,05,239,38.6,06,75,332,,1*54
$GNRMC,025148.000,A,3900.0005,N,11613.9783,E,0.01,205.81,280612,,,A,V*0E
$GNVTG,205.81,T,,M,0.01,N,0.01,K,A*2D
$GNZDA,025148.000,28,06,2012,,*4F
$GNGGA,025149.000,3900.0005,N,11613.9783,E,1,10,0.99,-7.6,M,-6.8,M,,*49
$PAIRACC,4.74,10.37*79
$GNGLL,3900.0005,N,11613.9783,E,025149.000,A,A*42
$GNGSA,A,3,22,31,20,14,,,,,,,,,1.53,0.99,1.17,1*04
$GNGSA,A,3,74,65,,,,,,,,,,,1.53,0.99,1.17,2*02
$GNGSA,A,3,,,,,,,,,,,,,1.53,0.99,1.17,3*03
$GNGSA,A,3,08,03,04,14,,,,,,,,,1.53,0.99,1.17,4*0E
$GPGSV,3,1,11,16,02,180,,22,35,137,38.8,31,76,219,38.6,30,35,077,,1*6B
$GPGSV,3,2,11,01,34,313,,05,23,051,,11,22,284,,12,15,044,,1*6B
$GPGSV,3,3,11,20,10,315,38.4,18,04,136,,14,57,053,39.0,1*5D
$GLGSV,1,1,04,74,16,263,39.3,65,61,250,39.7,82,22,085,,72,15,332,,1*7C
$GAGSV,1,1,00,7*73
$GBGSV,3,1,11,07,01,166,,08,73,348,38.7,09,56,270,,03,43,190,38.3,1*77
$GBGSV,3,2,11,01,38,147,,02,30,229,,04,27,124,37.9,12,22,246,,1*61
$GBGSV,3,3,11,05,15,248,,14,05,239,38.7,06,75,332,,1*55
$GNRMC,025149.000,A,3900.0005,N,11613.9783,E,0.01,184.28,280612,,,A,V*06
$GNVTG,184.28,T,,M,0.01,N,0.01,K,A*24
$GNZDA,025149.000,28,06,2012,,*4E
$GNGGA,025150.000,3900.0005,N,11613.9783,E,1,10,0.99,-7.7,M,-6.8,M,,*40
$PAIRACC,4.45,9.76*46
$GNGLL,3900.0005,N,11613.9783,E,025150.000,A,A*4A
$GNGSA,A,3,22,31,20,14,,,,,,,,,1.53,0.99,1.17,1*04
$GNGSA,A,3,74,65,,,,,,,,,,,1.53,0.99,1.17,2*02
$GNGSA,A,3,,,,,,,,,,,,,1.53,0.99,1.17,3*03
$GNGSA,A,3,08,03,04,14,,,,,,,,,1.53,0.99,1.17,4*0E
$GPGSV,3,1,11,16,02,180,,22,35,137,39.0,31,76,219,38.9,30,35,077,,1*6D
$GPGSV,3,2,11,01,34,313,,05,23,051,,11,22,284,,12,15,044,,1*6B
$GPGSV,3,3,11,20,10,315,38.5,18,04,136,,14,57,053,39.4,1*58
$GLGSV,1,1,04,74,16,263,39.0,65,61,250,39.8,82,22,085,,72,15,332,,1*70
$GAGSV,1,1,00,7*73
$GBGSV,3,1,11,07,01,166,,08,73,348,38.2,09,56,270,,03,43,190,38.4,1*75
$GBGSV,3,2,11,01,38,147,,02,30,229,,04,27,124,38.8,12,22,246,,1*6F
$GBGSV,3,3,11,05,15,248,,14,05,239,38.7,06,75,332,,1*55
$GNRMC,025150.000,A,3900.0005,N,11613.9783,E,0.01,179.51,280612,,,A,V*02
$GNVTG,179.51,T,,M,0.01,N,0.01,K,A*28
$GNZDA,025150.000,28,06,2012,,*46
$GNGGA,025151.000,3900.0005,N,11613.9782,E,1,10,0.99,-7.7,M,-6.8,M,,*40
$PAIRACC,4.73,10.14*7F
$GNGLL,3900.0005,N,11613.9782,E,025151.000,A,A*4A
$GNGSA,A,3,22,31,20,14,,,,,,,,,1.53,0.99,1.17,1*04
$GNGSA,A,3,74,65,,,,,,,,,,,1.53,0.99,1.17,2*02
$GNGSA,A,3,,,,,,,,,,,,,1.53,0.99,1.17,3*03
$GNGSA,A,3,08,03,04,14,,,,,,,,,1.53,0.99,1.17,4*0E
$GPGSV,3,1,11,16,02,180,,22,35,137,38.6,31,76,219,39.1,30,35,077,,1*63
$GPGSV,3,2,11,01,34,313,,05,23,051,,11,22,284,,12,15,044,,1*6B
$GPGSV,3,3,11,20,10,315,38.6,18,04,136,,14,57,053,38.9,1*57
$GLGSV,1,1,04,74,16,263,38.8,65,61,250,39.3,82,22,085,,72,15,332,,1*72
$GAGSV,1,1,00,7*73
$GBGSV,3,1,11,07,01,166,,08,73,348,39.3,09,56,270,,03,43,190,38.3,1*72
$GBGSV,3,2,11,01,38,147,,02,30,229,,04,27,124,38.0,12,22,246,,1*67
$GBGSV,3,3,11,05,15,248,,14,05,239,39.2,06,75,332,,1*51
$GNRMC,025151.000,A,3900.0005,N,11613.9782,E,0.01,194.18,280612,,,A,V*0C
$GNVTG,194.18,T,,M,0.01,N,0.01,K,A*26
$GNZDA,025151.000,28,06,2012,,*47
$GNGGA,025152.000,3900.0005,N,11613.9782,E,1,10,0.99,-7.7,M,-6.8,M,,*43
$PAIRACC,4.55,10.15*7A
$GNGLL,3900.0005,N,11613.9782,E,025152.000,A,A*49
$GNGSA,A,3,22,31,20,14,,,,,,,,,1.53,0.99,1.17,1*04
$GNGSA,A,3,74,65,,,,,,,,,,,1.53,0.99,1.17,2*02
$GNGSA,A,3,,,,,,,,,,,,,1.53,0.99,1.17,3*03
$GNGSA,A,3,08,03,04,14,,,,,,,,,1.53,0.99,1.17,4*0E
$GPGSV,3,1,11,16,02,180,,22,35,137,38.9,31,76,219,38.8,30,35,077,,1*64
$GPGSV,3,2,11,01,34,313,,05,23,051,,11,22,284,,12,15,044,,1*6B
$GPGSV,3,3,11,20,10,315,38.4,18,04,136,,14,57,053,38.8,1*54
$GLGSV,1,1,04,74,16,263,39.3,65,61,250,39.1,82,22,085,,72,15,332,,1*7A
$GAGSV,1,1,00,7*73
$GBGSV,3,1,11,07,01,166,,08,73,348,38.7,09,56,270,,03,43,190,38.3,1*77
$GBGSV,3,2,11,01,38,147,,02,30,229,,04,27,124,38.4,12,22,246,,1*63
$GBGSV,3,3,11,05,15,248,,14,05,239,38.7,06,75,332,,1*55
$GNRMC,025152.000,A,3900.0005,N,11613.9782,E,0.01,189.07,280612,,,A,V*0D
$GNVTG,189.07,T,,M,0.01,N,0.01,K,A*24
$GNZDA,025152.000,28,06,2012,,*44
$GNGGA,025153.000,3900.0004,N,11613.9782,E,1,10,0.99,-7.7,M,-6.8,M,,*43
$PAIRACC,4.77,10.25*79
$GNGLL,3900.0004,N,11613.9782,E,025153.000,A,A*49
$GNGSA,A,3,22,31,20,14,,,,,,,,,1.53,0.99,1.17,1*04
$GNGSA,A,3,74,65,,,,,,,,,,,1.53,0.99,1.17,2*02
$GNGSA,A,3,,,,,,,,,,,,,1.53,0.99,1.17,3*03
$GNGSA,A,3,08,03,04,14,,,,,,,,,1.53,0.99,1.17,4*0E
$GPGSV,3,1,11,16,02,180,,22,35,137,39.1,31,76,219,39.1,30,35,077,,1*65
$GPGSV,3,2,11,01,34,313,,05,23,051,,11,22,284,,12,15,044,,1*6B
$GPGSV,3,3,11,20,10,315,38.5,18,04,136,,14,57,053,38.9,1*54
$GLGSV,1,1,04,74,16,263,39.5,65,61,250,39.2,82,22,085,,72,15,332,,1*7F
$GAGSV,1,1,00,7*73
$GBGSV,3,1,11,07,01,166,,08,73,348,38.6,09,56,270,,03,43,190,38.8,1*7D
$GBGSV,3,2,11,01,38,147,,02,30,229,,04,27,124,38.4,12,22,246,,1*63
$GBGSV,3,3,11,05,15,248,,14,05,239,38.5,06,75,332,,1*57
$GNRMC,025153.000,A,3900.0004,N,11613.9782,E,0.01,198.24,280612,,,A,V*0C
$GNVTG,198.24,T,,M,0.01,N,0.01,K,A*25
$GNZDA,025153.000,28,06,2012,,*45
