$GNGGA,021140.000,3900.0002,N,11613.9814,E,1,12,0.86,-11.7,M,-6.8,M,,*78
$PAIRACC,4.73,10.57*78
$GNGLL,3900.0002,N,11613.9814,E,021140.000,A,A*49
$GNGSA,A,3,31,14,18,01,,,,,,,,,1.35,0.86,1.04,1*02
$GNGSA,A,3,71,70,76,82,,,,,,,,,1.35,0.86,1.04,2*04
$GNGSA,A,3,,,,,,,,,,,,,1.35,0.86,1.04,3*0F
$GNGSA,A,3,08,03,04,05,,,,,,,,,1.35,0.86,1.04,4*02
$GPGSV,2,1,06,31,56,206,38.5,14,67,021,39.1,30,31,098,,05,27,069,,1*69
$GPGSV,2,2,06,18,19,127,39.3,01,18,309,38.9,1*6E
$GLGSV,1,1,04,71,46,317,39.5,70,61,200,39.0,76,16,252,39.2,82,09,103,39.3,1*79
$GAGSV,1,1,00,7*73
$GBGSV,1,1,04,08,75,328,39.1,03,43,190,37.8,04,27,125,38.8,05,15,248,39.1,1*7A
$GNRMC,021140.000,A,3900.0002,N,11613.9814,E,0.00,341.71,280612,,,A,V*0B
$GNVTG,341.71,T,,M,0.00,N,0.00,K,A*23
$GNZDA,021140.000,28,06,2012,,*43
$GNGGA,021141.000,3900.0002,N,11613.9814,E,1,12,0.86,-11.7,M,-6.8,M,,*79
$PAIRACC,4.64,10.27*79
$GNGLL,3900.0002,N,11613.9814,E,021141.000,A,A*48
$GNGSA,A,3,31,14,18,01,,,,,,,,,1.35,0.86,1.04,1*02
$GNGSA,A,3,71,70,76,82,,,,,,,,,1.35,0.86,1.04,2*04
$GNGSA,A,3,,,,,,,,,,,,,1.35,0.86,1.04,3*0F
$GNGSA,A,3,08,03,04,05,,,,,,,,,1.35,0.86,1.04,4*02
$GPGSV,2,1,06,31,56,206,39.0,14,67,021,39.7,30,31,098,,05,27,069,,1*6B
$GPGSV,2,2,06,18,19,127,39.2,01,18,309,38.8,1*6E
$GLGSV,1,1,04,71,46,317,39.6,70,61,200,39.1,76,16,252,39.1,82,09,103,39.2,1*79
$GAGSV,1,1,00,7*73
$GBGSV,1,1,04,08,75,328,39.1,03,43,190,38.6,04,27,125,38.8,05,15,248,38.7,1*7C
$GNRMC,021141.000,A,3900.0002,N,11613.9814,E,0.00,336.22,280612,,,A,V*0C
$GNVTG,336.22,T,,M,0.00,N,0.00,K,A*25
$GNZDA,021141.000,28,06,2012,,*42
$GNGGA,021142.000,3900.0002,N,11613.9814,E,1,12,0.86,-11.7,M,-6.8,M,,*7A
$PAIRACC,4.76,10.54*7E
$GNGLL,3900.0002,N,11613.9814,E,021142.000,A,A*4B
$GNGSA,A,3,31,14,18,01,,,,,,,,,1.35,0.86,1.04,1*02
$GNGSA,A,3,71,70,76,82,,,,,,,,,1.35,0.86,1.04,2*04
$GNGSA,A,3,,,,,,,,,,,,,1.35,0.86,1.04,3*0F
$GNGSA,A,3,08,03,04,05,,,,,,,,,1.35,0.86,1.04,4*02
$GPGSV,2,1,06,31,56,206,39.2,14,67,021,39.1,30,31,098,,05,27,069,,1*6F
$GPGSV,2,2,06,18,19,127,39.2,01,18,309,38.4,1*62
$GLGSV,1,1,04,71,46,317,39.3,70,61,200,39.5,76,16,252,39.1,82,09,103,39.5,1*7F
$GAGSV,1,1,00,7*73
$GBGSV,1,1,04,08,75,328,39.0,03,43,190,38.0,04,27,125,38.5,05,15,248,38.8,1*79
$GNRMC,021142.000,A,3900.0002,N,11613.9814,E,0.00,250.05,280612,,,A,V*0B
$GNVTG,250.05,T,,M,0.00,N,0.00,K,A*21
$GNZDA,021142.000,28,06,2012,,*41
$GNGGA,021143.000,3900.0002,N,11613.9815,E,1,12,0.86,-11.7,M,-6.8,M,,*7A
$PAIRACC,4.69,10.31*73
$GNGLL,3900.0002,N,11613.9815,E,021143.000,A,A*4B
$GNGSA,A,3,31,14,18,01,,,,,,,,,1.35,0.86,1.04,1*02
$GNGSA,A,3,71,70,76,82,,,,,,,,,1.35,0.86,1.04,2*04
$GNGSA,A,3,,,,,,,,,,,,,1.35,0.86,1.04,3*0F
$GNGSA,A,3,08,03,04,05,,,,,,,,,1.35,0.86,1.04,4*02
$GPGSV,2,1,06,31,56,206,38.4,14,67,021,39.7,30,31,098,,05,27,069,,1*6E
$GPGSV,2,2,06,18,19,127,38.8,01,18,309,39.1,1*6D
$GLGSV,1,1,04,71,46,317,39.0,70,61,200,39.2,76,16,252,39.5,82,09,103,39.1,1*7B
$GAGSV,1,1,00,7*73
$GBGSV,1,1,04,08,75,328,38.9,03,43,190,37.7,04,27,125,38.6,05,15,248,39.0,1*73
$GNRMC,021143.000,A,3900.0002,N,11613.9815,E,0.00,0.00,280612,,,A,V*09
$GNVTG,0.00,T,,M,0.00,N,0.00,K,A*23
$GNZDA,021143.000,28,06,2012,,*40
$GNGGA,021144.000,3900.0002,N,11613.9815,E,1,12,0.86,-11.7,M,-6.8,M,,*7D
$PAIRACC,4.70,10.36*7C
$GNGLL,3900.0002,N,11613.9815,E,021144.000,A,A*4C
$GNGSA,A,3,31,14,18,01,,,,,,,,,1.35,0.86,1.04,1*02
$GNGSA,A,3,71,70,76,82,,,,,,,,,1.35,0.86,1.04,2*04
$GNGSA,A,3,,,,,,,,,,,,,1.35,0.86,1.04,3*0F
$GNGSA,A,3,08,03,04,05,,,,,,,,,1.35,0.86,1.04,4*02
$GPGSV,2,1,06,31,56,206,38.9,14,67,021,39.2,30,31,098,,05,27,069,,1*66
$GPGSV,2,2,06,18,19,127,39.2,01,18,309,39.0,1*67
$GLGSV,1,1,04,71,46,317,39.1,70,61,200,39.1,76,16,252,39.0,82,09,103,39.3,1*7E
$GAGSV,1,1,00,7*73
$GBGSV,1,1,04,08,75,328,38.8,03,43,190,38.7,04,27,125,38.7,05,15,248,38.8,1*75
$GNRMC,021144.000,A,3900.0002,N,11613.9815,E,0.00,253.40,280612,,,A,V*0E
$GNVTG,253.40,T,,M,0.00,N,0.00,K,A*23
$GNZDA,021144.000,28,06,2012,,*47
$GNGGA,021145.000,3900.0002,N,11613.9815,E,1,12,0.86,-11.7,M,-6.8,M,,*7C
$PAIRACC,4.66,10.35*78
$GNGLL,3900.0002,N,11613.9815,E,021145.000,A,A*4D
$GNGSA,A,3,31,14,18,01,,,,,,,,,1.35,0.86,1.04,1*02
$GNGSA,A,3,71,70,76,82,,,,,,,,,1.35,0.86,1.04,2*04
$GNGSA,A,3,,,,,,,,,,,,,1.35,0.86,1.04,3*0F
$GNGSA,A,3,08,03,04,05,,,,,,,,,1.35,0.86,1.04,4*02
$GPGSV,2,1,06,31,56,206,39.2,14,67,021,39.5,30,31,098,,05,27,069,,1*6B
$GPGSV,2,2,06,18,19,127,39.2,01,18,309,39.0,1*67
$GLGSV,1,1,04,71,46,317,39.4,70,61,200,39.5,76,16,252,39.5,82,09,103,39.0,1*79
$GAGSV,1,1,00,7*73
$GBGSV,1,1,04,08,75,328,39.1,03,43,190,37.7,04,27,125,38.4,05,15,248,38.9,1*70
$GNRMC,021145.000,A,3900.0002,N,11613.9815,E,0.00,92.28,280612,,,A,V*3E
$GNVTG,92.28,T,,M,0.00,N,0.00,K,A*12
$GNZDA,021145.000,28,06,2012,,*46
$GNGGA,021146.000,3900.0002,N,11613.9815,E,1,12,0.86,-11.7,M,-6.8,M,,*7F
$PAIRACC,4.75,10.35*7A
$GNGLL,3900.0002,N,11613.9815,E,021146.000,A,A*4E
$GNGSA,A,3,31,14,18,01,,,,,,,,,1.35,0.86,1.04,1*02
$GNGSA,A,3,71,70,76,82,,,,,,,,,1.35,0.86,1.04,2*04
$GNGSA,A,3,,,,,,,,,,,,,1.35,0.86,1.04,3*0F
$GNGSA,A,3,08,03,04,05,,,,,,,,,1.35,0.86,1.04,4*02
$GPGSV,2,1,06,31,56,206,38.7,14,67,021,39.3,30,31,098,,05,27,069,,1*69
$GPGSV,2,2,06,18,19,127,39.3,01,18,309,38.8,1*6F
$GLGSV,1,1,04,71,46,317,39.0,70,61,200,39.6,76,16,252,39.2,82,09,103,39.2,1*7B
$GAGSV,1,1,00,7*73
$GBGSV,1,1,04,08,75,328,39.1,03,43,190,37.4,04,27,125,38.5,05,15,248,38.4,1*7F
$GNRMC,021146.000,A,3900.0002,N,11613.9815,E,0.00,0.00,280612,,,A,V*0C
$GNVTG,0.00,T,,M,0.00,N,0.00,K,A*23
$GNZDA,021146.000,28,06,2012,,*45
$GNGGA,021147.000,3900.0002,N,11613.9815,E,1,12,0.86,-11.7,M,-6.8,M,,*7E
$PAIRACC,4.72,10.45*7A
$GNGLL,3900.0002,N,11613.9815,E,021147.000,A,A*4F
$GNGSA,A,3,31,14,18,01,,,,,,,,,1.35,0.86,1.04,1*02
$GNGSA,A,3,71,70,76,82,,,,,,,,,1.35,0.86,1.04,2*04
$GNGSA,A,3,,,,,,,,,,,,,1.35,0.86,1.04,3*0F
$GNGSA,A,3,08,03,04,05,,,,,,,,,1.35,0.86,1.04,4*02
$GPGSV,2,1,06,31,56,206,39.1,14,67,021,38.9,30,31,098,,05,27,069,,1*65
$GPGSV,2,2,06,18,19,127,38.7,01,18,309,38.7,1*65
$GLGSV,1,1,04,71,46,317,38.8,70,61,200,38.7,76,16,252,39.0,82,09,103,38.9,1*7A
$GAGSV,1,1,00,7*73
$GBGSV,1,1,04,08,75,328,38.7,03,43,190,38.5,04,27,125,38.7,05,15,248,38.3,1*73
$GNRMC,021147.000,A,3900.0002,N,11613.9815,E,0.00,0.00,280612,,,A,V*0D
$GNVTG,0.00,T,,M,0.00,N,0.00,K,A*23
$GNZDA,021147.000,28,06,2012,,*44
$GNGGA,021148.000,3900.0002,N,11613.9815,E,1,12,0.86,-11.7,M,-6.8,M,,*71
$PAIRACC,4.64,10.28*76
$GNGLL,3900.0002,N,11613.9815,E,021148.000,A,A*40
$GNGSA,A,3,31,14,18,01,,,,,,,,,1.35,0.86,1.04,1*02
$GNGSA,A,3,71,70,76,82,,,,,,,,,1.35,0.86,1.04,2*04
$GNGSA,A,3,,,,,,,,,,,,,1.35,0.86,1.04,3*0F
$GNGSA,A,3,08,03,04,05,,,,,,,,,1.35,0.86,1.04,4*02
$GPGSV,2,1,06,31,56,206,38.9,14,67,021,39.1,30,31,098,,05,27,069,,1*65
$GPGSV,2,2,06,18,19,127,38.9,01,18,309,38.8,1*64
$GLGSV,1,1,04,71,46,317,39.2,70,61,200,39.5,76,16,252,38.8,82,09,103,39.3,1*70
$GAGSV,1,1,00,7*73
$GBGSV,1,1,04,08,75,328,38.5,03,43,190,37.5,04,27,125,38.5,05,15,248,38.6,1*79
$GNRMC,021148.000,A,3900.0002,N,11613.9815,E,0.00,296.06,280612,,,A,V*09
$GNVTG,296.06,T,,M,0.00,N,0.00,K,A*28
$GNZDA,021148.000,28,06,2012,,*4B
$GNGGA,021149.000,3900.0002,N,11613.9815,E,1,12,0.86,-11.7,M,-6.8,M,,*70
$PAIRACC,4.70,10.31*7B
$GNGLL,3900.0002,N,11613.9815,E,021149.000,A,A*41
$GNGSA,A,3,31,14,18,01,,,,,,,,,1.35,0.86,1.04,1*02
$GNGSA,A,3,71,70,76,82,,,,,,,,,1.35,0.86,1.04,2*04
$GNGSA,A,3,,,,,,,,,,,,,1.35,0.86,1.04,3*0F
$GNGSA,A,3,08,03,04,05,,,,,,,,,1.35,0.86,1.04,4*02
$GPGSV,2,1,06,31,56,206,39.3,14,67,021,39.1,30,31,098,,05,27,069,,1*6E
$GPGSV,2,2,06,18,19,127,39.2,01,18,309,38.8,1*6E
$GLGSV,1,1,04,71,46,317,38.8,70,61,200,39.5,76,16,252,39.0,82,09,103,39.1,1*70
$GAGSV,1,1,00,7*73
$GBGSV,1,1,04,08,75,328,38.5,03,43,190,37.3,04,27,125,38.5,05,15,248,38.6,1*7F
$GNRMC,021149.000,A,3900.0002,N,11613.9815,E,0.00,269.04,280612,,,A,V*0A
$GNVTG,269.04,T,,M,0.00,N,0.00,K,A*2A
$GNZDA,021149.000,28,06,2012,,*4A
$GNGGA,021150.000,3900.0002,N,11613.9815,E,1,12,0.86,-11.7,M,-6.8,M,,*78
$PAIRACC,4.78,10.64*73
$GNGLL,3900.0002,N,11613.9815,E,021150.000,A,A*49
$GNGSA,A,3,31,14,18,01,,,,,,,,,1.35,0.86,1.04,1*02
$GNGSA,A,3,71,70,76,82,,,,,,,,,1.35,0.86,1.04,2*04
$GNGSA,A,3,,,,,,,,,,,,,1.35,0.86,1.04,3*0F
$GNGSA,A,3,08,03,04,05,,,,,,,,,1.35,0.86,1.04,4*02
$GPGSV,2,1,06,31,56,206,39.3,14,67,021,39.0,30,31,098,,05,27,069,,1*6F
$GPGSV,2,2,06,18,19,127,39.3,01,18,309,38.9,1*6E
$GLGSV,1,1,04,71,46,317,38.9,70,61,200,38.9,76,16,252,38.9,82,09,103,38.8,1*7C
$GAGSV,1,1,00,7*73
$GBGSV,1,1,04,08,75,328,38.7,03,43,190,38.4,04,27,125,37.9,05,15,248,38.3,1*73
$GNRMC,021150.000,A,3900.0002,N,11613.9815,E,0.00,243.33,280612,,,A,V*0E
$GNVTG,243.33,T,,M,0.00,N,0.00,K,A*26
$GNZDA,021150.000,28,06,2012,,*42
$GNGGA,021151.000,3900.0002,N,11613.9815,E,1,12,0.86,-11.7,M,-6.8,M,,*79
$PAIRACC,4.64,10.28*76
$GNGLL,3900.0002,N,11613.9815,E,021151.000,A,A*48
$GNGSA,A,3,31,14,18,01,,,,,,,,,1.35,0.86,1.04,1*02
$GNGSA,A,3,71,70,76,82,,,,,,,,,1.35,0.86,1.04,2*04
$GNGSA,A,3,,,,,,,,,,,,,1.35,0.86,1.04,3*0F
$GNGSA,A,3,08,03,04,05,,,,,,,,,1.35,0.86,1.04,4*02
$GPGSV,2,1,06,31,56,206,39.3,14,67,021,39.6,30,31,098,,05,27,069,,1*69
$GPGSV,2,2,06,18,19,127,39.1,01,18,309,38.9,1*6C
$GLGSV,1,1,04,71,46,317,39.0,70,61,200,38.8,76,16,252,39.0,82,09,103,39.0,1*74
$GAGSV,1,1,00,7*73
$GBGSV,1,1,04,08,75,328,38.7,03,43,190,37.2,04,27,125,38.3,05,15,248,38.8,1*74
$GNRMC,021151.000,A,3900.0002,N,11613.9815,E,0.00,254.87,280612,,,A,V*06
$GNVTG,254.87,T,,M,0.00,N,0.00,K,A*2F
$GNZDA,021151.000,28,06,2012,,*43
$GNGGA,021152.000,3900.0002,N,11613.9815,E,1,12,0.86,-11.7,M,-6.8,M,,*7A
$PAIRACC,4.70,10.35*7F
$GNGLL,3900.0002,N,11613.9815,E,021152.000,A,A*4B
$GNGSA,A,3,31,14,18,01,,,,,,,,,1.35,0.86,1.04,1*02
$GNGSA,A,3,71,70,76,82,,,,,,,,,1.35,0.86,1.04,2*04
$GNGSA,A,3,,,,,,,,,,,,,1.35,0.86,1.04,3*0F
$GNGSA,A,3,08,03,04,05,,,,,,,,,1.35,0.86,1.04,4*02
$GPGSV,2,1,06,31,56,206,38.8,14,67,021,39.2,30,31,098,,05,27,069,,1*67
$GPGSV,2,2,06,18,19,127,39.0,01,18,309,38.8,1*6C
$GLGSV,1,1,04,71,46,317,39.1,70,61,200,39.5,76,16,252,39.2,82,09,103,38.9,1*73
$GAGSV,1,1,00,7*73
$GBGSV,1,1,04,08,75,328,38.8,03,43,190,37.7,04,27,125,38.3,05,15,248,38.5,1*73
$GNRMC,021152.000,A,3900.0002,N,11613.9815,E,0.00,0.00,280612,,,A,V*09
$GNVTG,0.00,T,,M,0.00,N,0.00,K,A*23
$GNZDA,021152.000,28,06,2012,,*40
$GNGGA,021153.000,3900.0002,N,11613.9814,E,1,12,0.86,-11.7,M,-6.8,M,,*7A
$PAIRACC,4.66,10.32*7F
$GNGLL,3900.0002,N,11613.9814,E,021153.000,A,A*4B
$GNGSA,A,3,31,14,18,01,,,,,,,,,1.35,0.86,1.04,1*02
$GNGSA,A,3,71,70,76,82,,,,,,,,,1.35,0.86,1.04,2*04
$GNGSA,A,3,,,,,,,,,,,,,1.35,0.86,1.04,3*0F
$GNGSA,A,3,08,03,04,05,,,,,,,,,1.35,0.86,1.04,4*02
$GPGSV,2,1,06,31,56,206,39.0,14,67,021,39.2,30,31,098,,05,27,069,,1*6E
$GPGSV,2,2,06,18,19,127,39.2,01,18,309,38.9,1*6F
$GLGSV,1,1,04,71,46,317,39.0,70,61,200,39.6,76,16,252,38.7,82,09,103,39.2,1*7F
$GAGSV,1,1,00,7*73
$GBGSV,1,1,04,08,75,328,38.7,03,43,190,38.1,04,27,125,38.3,05,15,248,38.4,1*74
$GNRMC,021153.000,A,3900.0002,N,11613.9814,E,0.00,281.34,280612,,,A,V*05
$GNVTG,281.34,T,,M,0.00,N,0.00,K,A*2F
$GNZDA,021153.000,28,06,2012,,*41
$GNGGA,021154.000,3900.0003,N,11613.9815,E,1,12,0.86,-11.7,M,-6.8,M,,*7D
$PAIRACC,4.73,10.39*70
$GNGLL,3900.0003,N,11613.9815,E,021154.000,A,A*4C
$GNGSA,A,3,31,14,18,01,,,,,,,,,1.35,0.86,1.04,1*02
$GNGSA,A,3,71,70,76,82,,,,,,,,,1.35,0.86,1.04,2*04
$GNGSA,A,3,,,,,,,,,,,,,1.35,0.86,1.04,3*0F
$GNGSA,A,3,08,03,04,05,,,,,,,,,1.35,0.86,1.04,4*02
$GPGSV,2,1,06,31,56,206,39.0,14,67,021,39.1,30,31,098,,05,27,069,,1*6D
$GPGSV,2,2,06,18,19,127,39.5,01,18,309,38.8,1*69
$GLGSV,1,1,04,71,46,317,38.8,70,61,200,39.1,76,16,252,39.5,82,09,103,39.2,1*72
$GAGSV,1,1,00,7*73
$GBGSV,1,1,04,08,75,328,39.0,03,43,190,38.0,04,27,125,38.6,05,15,248,38.3,1*71
$GNRMC,021154.000,A,3900.0003,N,11613.9815,E,0.00,335.86,280612,,,A,V*05
$GNVTG,335.86,T,,M,0.00,N,0.00,K,A*28
$GNZDA,021154.000,28,06,2012,,*46
$GNGGA,021155.000,3900.0002,N,11613.9814,E,1,12,0.86,-11.7,M,-6.8,M,,*7C
$PAIRACC,4.67,10.37*7B
$GNGLL,3900.0002,N,11613.9814,E,021155.000,A,A*4D
$GNGSA,A,3,31,14,18,01,,,,,,,,,1.35,0.86,1.04,1*02
$GNGSA,A,3,71,70,76,82,,,,,,,,,1.35,0.86,1.04,2*04
$GNGSA,A,3,,,,,,,,,,,,,1.35,0.86,1.04,3*0F
$GNGSA,A,3,08,03,04,05,,,,,,,,,1.35,0.86,1.04,4*02
$GPGSV,2,1,06,31,56,206,39.2,14,67,021,39.1,30,31,098,,05,27,069,,1*6F
$GPGSV,2,2,06,18,19,127,39.0,01,18,309,38.9,1*6D
$GLGSV,1,1,04,71,46,317,38.7,70,61,200,39.2,76,16,252,38.7,82,09,103,39.0,1*7F
$GAGSV,1,1,00,7*73
$GBGSV,1,1,04,08,75,328,38.9,03,43,190,37.7,04,27,125,38.2,05,15,248,38.8,1*7E
$GNRMC,021155.000,A,3900.0002,N,11613.9814,E,0.00,226.58,280612,,,A,V*04
$GNVTG,226.58,T,,M,0.00,N,0.00,K,A*28
$GNZDA,021155.000,28,06,2012,,*47
$GNGGA,021156.000,3900.0003,N,11613.9814,E,1,12,0.86,-11.7,M,-6.8,M,,*7E
$PAIRACC,4.68,10.31*72
$GNGLL,3900.0003,N,11613.9814,E,021156.000,A,A*4F
$GNGSA,A,3,31,14,18,01,,,,,,,,,1.35,0.86,1.04,1*02
$GNGSA,A,3,71,70,76,82,,,,,,,,,1.35,0.86,1.04,2*04
$GNGSA,A,3,,,,,,,,,,,,,1.35,0.86,1.04,3*0F
$GNGSA,A,3,08,03,04,05,,,,,,,,,1.35,0.86,1.04,4*02
$GPGSV,2,1,06,31,56,206,39.0,14,67,021,39.5,30,31,098,,05,27,069,,1*69
$GPGSV,2,2,06,18,19,127,39.6,01,18,309,38.9,1*6B
$GLGSV,1,1,04,71,46,317,38.9,70,61,200,39.7,76,16,252,38.9,82,09,103,39.4,1*7E
$GAGSV,1,1,00,7*73
$GBGSV,1,1,04,08,75,328,38.9,03,43,190,38.2,04,27,125,38.4,05,15,248,38.7,1*7D
$GNRMC,021156.000,A,3900.0003,N,11613.9814,E,0.00,258.25,280612,,,A,V*05
$GNVTG,258.25,T,,M,0.00,N,0.00,K,A*2B
$GNZDA,021156.000,28,06,2012,,*44
$GNGGA,021157.000,3900.0003,N,11613.9814,E,1,12,0.86,-11.7,M,-6.8,M,,*7F
$PAIRACC,4.77,10.59*72
$GNGLL,3900.0003,N,11613.9814,E,021157.000,A,A*4E
$GNGSA,A,3,31,14,18,01,,,,,,,,,1.35,0.86,1.04,1*02
$GNGSA,A,3,71,70,76,82,,,,,,,,,1.35,0.86,1.04,2*04
$GNGSA,A,3,,,,,,,,,,,,,1.35,0.86,1.04,3*0F
$GNGSA,A,3,08,03,04,05,,,,,,,,,1.35,0.86,1.04,4*02
$GPGSV,2,1,06,31,56,206,38.6,14,67,021,39.5,30,31,098,,05,27,069,,1*6E
$GPGSV,2,2,06,18,19,127,39.2,01,18,309,38.8,1*6E
$GLGSV,1,1,04,71,46,317,38.9,70,61,200,39.4,76,16,252,38.9,82,09,103,39.1,1*78
$GAGSV,1,1,00,7*73
$GBGSV,1,1,04,08,75,328,38.9,03,43,190,37.5,04,27,125,38.1,05,15,248,38.8,1*7F
$GNRMC,021157.000,A,3900.0003,N,11613.9814,E,0.00,281.42,280612,,,A,V*01
$GNVTG,281.42,T,,M,0.00,N,0.00,K,A*2E
$GNZDA,021157.000,28,06,2012,,*45
$GNGGA,021158.000,3900.0003,N,11613.9814,E,1,12,0.86,-11.7,M,-6.8,M,,*70
$PAIRACC,4.64,10.28*76
$GNGLL,3900.0003,N,11613.9814,E,021158.000,A,A*41
$GNGSA,A,3,31,14,18,01,,,,,,,,,1.35,0.86,1.04,1*02
$GNGSA,A,3,71,70,76,82,,,,,,,,,1.35,0.86,1.04,2*04
$GNGSA,A,3,,,,,,,,,,,,,1.35,0.86,1.04,3*0F
$GNGSA,A,3,08,03,04,05,,,,,,,,,1.35,0.86,1.04,4*02
$GPGSV,2,1,06,31,56,206,38.8,14,67,021,39.4,30,31,098,,05,27,069,,1*61
$GPGSV,2,2,06,18,19,127,39.3,01,18,309,38.8,1*6F
$GLGSV,1,1,04,71,46,317,39.0,70,61,200,38.9,76,16,252,39.2,82,09,103,39.3,1*74
$GAGSV,1,1,00,7*73
$GBGSV,1,1,04,08,75,328,38.6,03,43,190,37.4,04,27,125,38.4,05,15,248,38.9,1*75
$GNRMC,021158.000,A,3900.0003,N,11613.9814,E,0.00,298.27,280612,,,A,V*05
$GNVTG,298.27,T,,M,0.00,N,0.00,K,A*25
$GNZDA,021158.000,28,06,2012,,*4A
$GNGGA,021159.000,3900.0003,N,11613.9814,E,1,12,0.86,-11.7,M,-6.8,M,,*71
$PAIRACC,4.81,10.65*74
$GNGLL,3900.0003,N,11613.9814,E,021159.000,A,A*40
$GNGSA,A,3,31,14,18,01,,,,,,,,,1.35,0.86,1.04,1*02
$GNGSA,A,3,71,70,76,82,,,,,,,,,1.35,0.86,1.04,2*04
$GNGSA,A,3,,,,,,,,,,,,,1.35,0.86,1.04,3*0F
$GNGSA,A,3,08,03,04,05,,,,,,,,,1.35,0.86,1.04,4*02
$GPGSV,2,1,06,31,56,206,39.1,14,67,021,39.1,30,31,098,,05,27,069,,1*6C
$GPGSV,2,2,06,18,19,127,38.8,01,18,309,38.4,1*69
$GLGSV,1,1,04,71,46,317,39.2,70,61,200,38.8,76,16,252,39.1,82,09,103,39.2,1*75
$GAGSV,1,1,00,7*73
$GBGSV,1,1,04,08,75,328,38.4,03,43,190,38.9,04,27,125,38.3,05,15,248,38.5,1*7E
$GNRMC,021159.000,A,3900.0003,N,11613.9814,E,0.00,319.30,280612,,,A,V*0A
$GNVTG,319.30,T,,M,0.00,N,0.00,K,A*2B
$GNZDA,021159.000,28,06,2012,,*4B
$GNGGA,021200.000,3900.0003,N,11613.9814,E,1,12,0.86,-11.7,M,-6.8,M,,*7E
$PAIRACC,4.65,10.32*7C
$GNGLL,3900.0003,N,11613.9814,E,021200.000,A,A*4F
$GNGSA,A,3,31,14,18,01,,,,,,,,,1.35,0.86,1.04,1*02
$GNGSA,A,3,71,70,76,82,,,,,,,,,1.35,0.86,1.04,2*04
$GNGSA,A,3,,,,,,,,,,,,,1.35,0.86,1.04,3*0F
$GNGSA,A,3,08,03,04,05,,,,,,,,,1.35,0.86,1.04,4*02
$GPGSV,2,1,06,31,56,206,39.1,14,67,021,38.9,30,31,098,,05,27,069,,1*65
$GPGSV,2,2,06,18,19,127,39.3,01,18,309,39.0,1*66
$GLGSV,1,1,04,71,46,317,39.2,70,61,200,39.1,76,16,252,39.3,82,09,103,38.7,1*7B
$GAGSV,1,1,00,7*73
$GBGSV,1,1,04,08,75,328,38.3,03,43,190,37.5,04,27,125,38.2,05,15,248,38.1,1*7F
$GNRMC,021200.000,A,3900.0003,N,11613.9814,E,0.00,353.99,280612,,,A,V*08
$GNVTG,353.99,T,,M,0.00,N,0.00,K,A*26
$GNZDA,021200.000,28,06,2012,,*44
$GNGGA,021201.000,3900.0003,N,11613.9814,E,1,12,0.86,-11.7,M,-6.8,M,,*7F
$PAIRACC,4.80,10.60*70
$GNGLL,3900.0003,N,11613.9814,E,021201.000,A,A*4E
$GNGSA,A,3,31,14,18,01,,,,,,,,,1.35,0.86,1.04,1*02
$GNGSA,A,3,71,70,76,82,,,,,,,,,1.35,0.86,1.04,2*04
$GNGSA,A,3,,,,,,,,,,,,,1.35,0.86,1.04,3*0F
$GNGSA,A,3,08,03,04,05,,,,,,,,,1.35,0.86,1.04,4*02
$GPGSV,2,1,06,31,56,206,39.0,14,67,021,39.0,30,31,098,,05,27,069,,1*6C
$GPGSV,2,2,06,18,19,127,39.5,01,18,309,39.0,1*60
$GLGSV,1,1,04,71,46,317,38.8,70,61,200,39.4,76,16,252,38.8,82,09,103,38.7,1*7F
$GAGSV,1,1,00,7*73
$GBGSV,1,1,04,08,75,328,39.0,03,43,190,37.6,04,27,125,38.2,05,15,248,38.4,1*7B
$GNRMC,021201.000,A,3900.0003,N,11613.9814,E,0.00,0.00,280612,,,A,V*0C
$GNVTG,0.00,T,,M,0.00,N,0.00,K,A*23
$GNZDA,021201.000,28,06,2012,,*45
$GNGGA,021202.000,3900.0003,N,11613.9815,E,1,12,0.86,-11.7,M,-6.8,M,,*7D
$PAIRACC,4.67,10.32*7E
$GNGLL,3900.0003,N,11613.9815,E,021202.000,A,A*4C
$GNGSA,A,3,31,14,18,01,,,,,,,,,1.35,0.86,1.04,1*02
$GNGSA,A,3,71,70,76,82,,,,,,,,,1.35,0.86,1.04,2*04
$GNGSA,A,3,,,,,,,,,,,,,1.35,0.86,1.04,3*0F
$GNGSA,A,3,08,03,04,05,,,,,,,,,1.35,0.86,1.04,4*02
$GPGSV,2,1,06,31,56,206,39.0,14,67,021,39.2,30,31,098,,05,27,069,,1*6E
$GPGSV,2,2,06,18,19,127,39.0,01,18,309,38.7,1*63
$GLGSV,1,1,04,71,46,317,39.0,70,61,200,39.3,76,16,252,39.4,82,09,103,39.3,1*79
$GAGSV,1,1,00,7*73
$GBGSV,1,1,04,08,75,328,38.9,03,43,190,38.6,04,27,125,38.5,05,15,248,38.6,1*79
$GNRMC,021202.000,A,3900.0003,N,11613.9815,E,0.00,0.00,280612,,,A,V*0E
$GNVTG,0.00,T,,M,0.00,N,0.00,K,A*23
$GNZDA,021202.000,28,06,2012,,*46
$GNGGA,021203.000,3900.0003,N,11613.9815,E,1,12,0.86,-11.7,M,-6.8,M,,*7C
$PAIRACC,4.70,10.37*7D
$GNGLL,3900.0003,N,11613.9815,E,021203.000,A,A*4D
$GNGSA,A,3,31,14,18,01,,,,,,,,,1.35,0.86,1.04,1*02
$GNGSA,A,3,71,70,76,82,,,,,,,,,1.35,0.86,1.04,2*04
$GNGSA,A,3,,,,,,,,,,,,,1.35,0.86,1.04,3*0F
$GNGSA,A,3,08,03,04,05,,,,,,,,,1.35,0.86,1.04,4*02
$GPGSV,2,1,06,31,56,206,39.1,14,67,021,39.2,30,31,098,,05,27,069,,1*6F
$GPGSV,2,2,06,18,19,127,39.5,01,18,309,38.8,1*69
$GLGSV,1,1,04,71,46,317,39.3,70,61,200,39.0,76,16,252,39.1,82,09,103,39.2,1*7D
$GAGSV,1,1,00,7*73
$GBGSV,1,1,04,08,75,328,38.7,03,43,190,37.8,04,27,125,38.4,05,15,248,38.4,1*75
$GNRMC,021203.000,A,3900.0003,N,11613.9815,E,0.00,295.43,280612,,,A,V*06
$GNVTG,295.43,T,,M,0.00,N,0.00,K,A*2A
$GNZDA,021203.000,28,06,2012,,*47
$GNGGA,021204.000,3900.0003,N,11613.9815,E,1,12,0.86,-11.7,M,-6.8,M,,*7B
$PAIRACC,4.75,10.59*70
$GNGLL,3900.0003,N,11613.9815,E,021204.000,A,A*4A
$GNGSA,A,3,31,14,18,01,,,,,,,,,1.35,0.86,1.04,1*02
$GNGSA,A,3,71,70,76,82,,,,,,,,,1.35,0.86,1.04,2*04
$GNGSA,A,3,,,,,,,,,,,,,1.35,0.86,1.04,3*0F
$GNGSA,A,3,08,03,04,05,,,,,,,,,1.35,0.86,1.04,4*02
$GPGSV,2,1,06,31,56,206,38.8,14,67,021,38.7,30,31,098,,05,27,069,,1*63
$GPGSV,2,2,06,18,19,127,39.4,01,18,309,38.6,1*66
$GLGSV,1,1,04,71,46,317,38.9,70,61,200,39.6,76,16,252,39.0,82,09,103,39.2,1*71
$GAGSV,1,1,00,7*73
$GBGSV,2,1,05,06,77,307,,08,75,328,38.6,03,43,190,38.2,04,27,125,38.6,1*6D
$GBGSV,2,2,05,05,15,248,39.1,1*59
$GNRMC,021204.000,A,3900.0003,N,11613.9815,E,0.00,256.93,280612,,,A,V*03
$GNVTG,256.93,T,,M,0.00,N,0.00,K,A*28
$GNZDA,021204.000,28,06,2012,,*40
$GNGGA,021205.000,3900.0003,N,11613.9815,E,1,12,0.86,-11.7,M,-6.8,M,,*7A
$PAIRACC,4.71,10.42*7E
$GNGLL,3900.0003,N,11613.9815,E,021205.000,A,A*4B
$GNGSA,A,3,31,14,18,01,,,,,,,,,1.35,0.86,1.04,1*02
$GNGSA,A,3,71,70,76,82,,,,,,,,,1.35,0.86,1.04,2*04
$GNGSA,A,3,,,,,,,,,,,,,1.35,0.86,1.04,3*0F
$GNGSA,A,3,08,03,04,05,,,,,,,,,1.35,0.86,1.04,4*02
$GPGSV,2,1,06,31,56,206,38.8,14,67,021,39.2,30,31,098,,05,27,069,,1*67
$GPGSV,2,2,06,18,19,127,39.0,01,18,309,38.5,1*61
$GLGSV,1,1,04,71,46,317,39.1,70,61,200,39.1,76,16,252,38.4,82,09,103,38.9,1*70
$GAGSV,1,1,00,7*73
$GBGSV,2,1,05,06,77,307,,08,75,328,38.7,03,43,190,38.7,04,27,125,38.8,1*67
$GBGSV,2,2,05,05,15,248,38.5,1*5C
$GNRMC,021205.000,A,3900.0003,N,11613.9815,E,0.00,0.00,280612,,,A,V*09
$GNVTG,0.00,T,,M,0.00,N,0.00,K,A*23
$GNZDA,021205.000,28,06,2012,,*41
$GNGGA,021206.000,3900.0003,N,11613.9815,E,1,12,0.86,-11.7,M,-6.8,M,,*79
$PAIRACC,4.72,10.37*7F
$GNGLL,3900.0003,N,11613.9815,E,021206.000,A,A*48
$GNGSA,A,3,31,14,18,01,,,,,,,,,1.35,0.86,1.04,1*02
$GNGSA,A,3,71,70,76,82,,,,,,,,,1.35,0.86,1.04,2*04
$GNGSA,A,3,,,,,,,,,,,,,1.35,0.86,1.04,3*0F
$GNGSA,A,3,08,03,04,05,,,,,,,,,1.35,0.86,1.04,4*02
$GPGSV,2,1,06,31,56,206,38.9,14,67,021,38.9,30,31,098,,05,27,069,,1*6C
$GPGSV,2,2,06,18,19,127,39.0,01,18,309,38.8,1*6C
$GLGSV,1,1,04,71,46,317,38.8,70,61,200,39.0,76,16,252,39.0,82,09,103,39.0,1*74
$GAGSV,1,1,00,7*73
$GBGSV,2,1,05,06,77,307,,08,75,328,39.3,03,43,190,37.9,04,27,125,38.6,1*6D
$GBGSV,2,2,05,05,15,248,38.6,1*5F
$GNRMC,021206.000,A,3900.0003,N,11613.9815,E,0.00,0.00,280612,,,A,V*0A
$GNVTG,0.00,T,,M,0.00,N,0.00,K,A*23
$GNZDA,021206.000,28,06,2012,,*42
$GNGGA,021207.000,3900.0003,N,11613.9815,E,1,12,0.86,-11.7,M,-6.8,M,,*78
$PAIRACC,4.73,10.50*7F
$GNGLL,3900.0003,N,11613.9815,E,021207.000,A,A*49
$GNGSA,A,3,31,14,18,01,,,,,,,,,1.35,0.86,1.04,1*02
$GNGSA,A,3,76,70,71,82,,,,,,,,,1.35,0.86,1.04,2*04
$GNGSA,A,3,,,,,,,,,,,,,1.35,0.86,1.04,3*0F
$GNGSA,A,3,08,03,04,05,,,,,,,,,1.35,0.86,1.04,4*02
$GPGSV,2,1,06,31,56,206,38.2,30,31,098,,14,67,021,39.2,05,27,069,,1*6D
$GPGSV,2,2,06,18,19,127,39.2,01,18,309,38.5,1*63
$GLGSV,1,1,04,76,16,252,39.5,70,61,200,39.0,71,46,317,39.1,82,09,103,39.2,1*7B
$GAGSV,1,1,00,7*73
$GBGSV,2,1,06,06,77,307,,08,75,328,39.2,09,55,255,,03,43,190,37.5,1*7C
$GBGSV,2,2,06,04,27,125,38.3,05,15,248,39.2,1*78
$GNRMC,021207.000,A,3900.0003,N,11613.9815,E,0.00,287.50,280612,,,A,V*03
$GNVTG,287.50,T,,M,0.00,N,0.00,K,A*2B
$GNZDA,021207.000,28,06,2012,,*43
$GNGGA,021208.000,3900.0003,N,11613.9815,E,1,12,0.85,-11.7,M,-6.8,M,,*74
$PAIRACC,4.72,10.40*7F
$GNGLL,3900.0003,N,11613.9815,E,021208.000,A,A*46
$GNGSA,A,3,31,14,18,01,,,,,,,,,1.35,0.85,1.04,1*01
$GNGSA,A,3,71,70,76,82,,,,,,,,,1.35,0.85,1.04,2*07
$GNGSA,A,3,,,,,,,,,,,,,1.35,0.85,1.04,3*0C
$GNGSA,A,3,08,03,04,05,,,,,,,,,1.35,0.85,1.04,4*01
$GPGSV,2,1,06,31,56,206,38.6,30,31,098,,14,67,021,39.1,05,27,069,,1*6A
$GPGSV,2,2,06,18,19,127,39.1,01,18,309,38.6,1*63
$GLGSV,2,1,05,71,46,317,39.3,70,61,200,39.7,73,47,273,,76,16,252,39.0,1*6F
$GLGSV,2,2,05,82,09,103,39.6,1*5E
$GAGSV,1,1,00,7*73
$GBGSV,2,1,06,06,77,307,,08,75,328,39.3,09,55,255,,03,43,190,38.2,1*75
$GBGSV,2,2,06,04,27,125,39.0,05,15,248,38.8,1*71
$GNRMC,021208.000,A,3900.0003,N,11613.9815,E,0.00,312.46,280612,,,A,V*06
$GNVTG,312.46,T,,M,0.00,N,0.00,K,A*21
$GNZDA,021208.000,28,06,2012,,*4C
$GNGGA,021209.000,3900.0003,N,11613.9815,E,1,12,0.86,-11.7,M,-6.8,M,,*76
$PAIRACC,4.66,10.41*7B
$GNGLL,3900.0003,N,11613.9815,E,021209.000,A,A*47
$GNGSA,A,3,31,14,01,18,,,,,,,,,1.35,0.86,1.04,1*02
$GNGSA,A,3,70,71,76,82,,,,,,,,,1.35,0.86,1.04,2*04
$GNGSA,A,3,,,,,,,,,,,,,1.35,0.86,1.04,3*0F
$GNGSA,A,3,08,03,04,05,,,,,,,,,1.35,0.86,1.04,4*02
$GPGSV,2,1,06,31,56,206,39.1,30,31,098,,05,27,069,,14,67,021,39.3,1*6E
$GPGSV,2,2,06,01,19,310,38.2,18,19,127,39.5,1*6A
$GLGSV,2,1,06,81,13,053,,70,61,200,39.3,71,46,317,39.1,76,16,252,39.1,1*67
$GLGSV,2,2,06,79,11,051,,82,09,103,39.4,1*65
$GAGSV,1,1,00,7*73
$GBGSV,2,1,06,06,77,307,,08,75,328,39.1,09,55,255,,03,43,190,38.0,1*75
$GBGSV,2,2,06,04,27,125,38.4,05,15,248,38.7,1*7B
$GNRMC,021209.000,A,3900.0003,N,11613.9815,E,0.00,0.00,280612,,,A,V*05
$GNVTG,0.00,T,,M,0.00,N,0.00,K,A*23
$GNZDA,021209.000,28,06,2012,,*4D
$GNGGA,021210.000,3900.0003,N,11613.9815,E,1,12,0.85,-11.7,M,-6.8,M,,*7D
$PAIRACC,4.68,10.36*75
$GNGLL,3900.0003,N,11613.9815,E,021210.000,A,A*4F
$GNGSA,A,3,31,14,01,18,,,,,,,,,1.35,0.85,1.04,1*01
$GNGSA,A,3,70,71,76,82,,,,,,,,,1.35,0.85,1.04,2*07
$GNGSA,A,3,,,,,,,,,,,,,1.35,0.85,1.04,3*0C
$GNGSA,A,3,03,08,04,05,,,,,,,,,1.35,0.85,1.04,4*01
$GPGSV,2,1,06,31,56,206,39.1,30,31,098,,05,27,069,,14,67,021,39.4,1*69
$GPGSV,2,2,06,01,19,310,38.5,18,19,127,39.5,1*6D
$GLGSV,2,1,05,81,13,053,,70,61,200,38.7,71,46,317,39.2,76,16,252,39.4,1*67
$GLGSV,2,2,05,82,09,103,39.1,1*59
$GAGSV,1,1,00,7*73
$GBGSV,2,1,07,03,43,190,37.7,08,75,328,38.9,09,55,255,,06,77,307,,1*75
$GBGSV,2,2,07,04,27,125,38.3,05,15,248,39.0,12,09,235,,1*45
$GNRMC,021210.000,A,3900.0003,N,11613.9815,E,0.00,339.87,280612,,,A,V*0B
$GNVTG,339.87,T,,M,0.00,N,0.00,K,A*25
$GNZDA,021210.000,28,06,2012,,*45
$GNGGA,021211.000,3900.0003,N,11613.9815,E,1,12,0.86,-11.7,M,-6.8,M,,*7F
$PAIRACC,4.69,10.38*7A
$GNGLL,3900.0003,N,11613.9815,E,021211.000,A,A*4E
$GNGSA,A,3,31,14,01,18,,,,,,,,,1.35,0.86,1.04,1*02
$GNGSA,A,3,70,71,76,82,,,,,,,,,1.35,0.86,1.04,2*04
$GNGSA,A,3,,,,,,,,,,,,,1.35,0.86,1.04,3*0F
$GNGSA,A,3,08,03,04,05,,,,,,,,,1.35,0.86,1.04,4*02
$GPGSV,2,1,06,31,56,206,38.9,30,31,098,,05,27,069,,14,67,021,39.4,1*60
$GPGSV,2,2,06,01,19,310,38.7,18,19,127,39.1,1*6B
$GLGSV,2,1,06,81,13,053,,70,61,200,39.2,71,46,317,38.8,76,16,252,38.8,1*66
$GLGSV,2,2,06,82,09,103,39.0,74,03,247,,1*6A
$GAGSV,1,1,00,7*73
$GBGSV,2,1,06,08,75,328,38.7,09,55,255,,03,43,190,38.2,04,27,125,38.8,1*68
$GBGSV,2,2,06,05,15,248,38.4,12,09,235,,1*60
$GNRMC,021211.000,A,3900.0003,N,11613.9815,E,0.00,0.00,280612,,,A,V*0C
$GNVTG,0.00,T,,M,0.00,N,0.00,K,A*23
$GNZDA,021211.000,28,06,2012,,*44
$GNGGA,021212.000,3900.0003,N,11613.9815,E,1,12,0.85,-11.7,M,-6.8,M,,*7F
$PAIRACC,4.63,10.26*7F
$GNGLL,3900.0003,N,11613.9815,E,021212.000,A,A*4D
$GNGSA,A,3,31,14,01,18,,,,,,,,,1.35,0.85,1.04,1*01
$GNGSA,A,3,70,71,76,82,,,,,,,,,1.35,0.85,1.04,2*07
$GNGSA,A,3,,,,,,,,,,,,,1.35,0.85,1.04,3*0C
$GNGSA,A,3,03,08,04,05,,,,,,,,,1.35,0.85,1.04,4*01
$GPGSV,2,1,06,31,56,206,38.9,30,31,098,,05,27,069,,14,67,021,39.3,1*67
$GPGSV,2,2,06,01,19,310,39.1,18,19,127,39.5,1*68
$GLGSV,2,1,06,81,13,053,,70,61,200,39.4,71,46,317,39.6,76,16,252,39.3,1*65
$GLGSV,2,2,06,82,09,103,39.4,88,01,010,,1*6F
$GAGSV,1,1,00,7*73
$GBGSV,2,1,07,01,37,147,,09,55,255,,03,43,190,37.9,08,75,328,39.4,1*72
$GBGSV,2,2,07,04,27,125,38.5,05,15,248,38.7,12,09,235,,1*45
$GNRMC,021212.000,A,3900.0003,N,11613.9815,E,0.00,0.00,280612,,,A,V*0F
$GNVTG,0.00,T,,M,0.00,N,0.00,K,A*23
$GNZDA,021212.000,28,06,2012,,*47
$GNGGA,021213.000,3900.0003,N,11613.9815,E,1,12,0.86,-11.7,M,-6.8,M,,*7D
$PAIRACC,4.71,10.43*7F
$GNGLL,3900.0003,N,11613.9815,E,021213.000,A,A*4C
$GNGSA,A,3,31,14,01,18,,,,,,,,,1.35,0.86,1.04,1*02
$GNGSA,A,3,76,70,71,82,,,,,,,,,1.35,0.86,1.04,2*04
$GNGSA,A,3,,,,,,,,,,,,,1.35,0.86,1.04,3*0F
$GNGSA,A,3,03,08,04,05,,,,,,,,,1.35,0.86,1.04,4*02
$GPGSV,2,1,06,31,56,206,39.0,30,31,098,,14,67,021,39.3,05,27,068,,1*6E
$GPGSV,2,2,06,01,19,310,39.2,18,19,127,39.2,1*6C
$GLGSV,1,1,04,76,16,252,38.8,70,61,200,39.1,71,46,317,39.2,82,09,103,38.9,1*7F
$GAGSV,1,1,00,7*73
$GBGSV,2,1,07,02,30,229,,03,43,190,38.0,01,37,147,,08,75,328,39.1,1*72
$GBGSV,2,2,07,04,27,125,38.7,05,15,248,38.7,12,09,235,,1*47
$GNRMC,021213.000,A,3900.0003,N,11613.9815,E,0.00,0.00,280612,,,A,V*0E
$GNVTG,0.00,T,,M,0.00,N,0.00,K,A*23
$GNZDA,021213.000,28,06,2012,,*46
$GNGGA,021214.000,3900.0003,N,11613.9815,E,1,12,0.86,-11.7,M,-6.8,M,,*7A
$PAIRACC,4.65,10.48*71
$GNGLL,3900.0003,N,11613.9815,E,021214.000,A,A*4B
$GNGSA,A,3,31,14,01,18,,,,,,,,,1.35,0.86,1.04,1*02
$GNGSA,A,3,76,70,71,82,,,,,,,,,1.35,0.86,1.04,2*04
$GNGSA,A,3,,,,,,,,,,,,,1.35,0.86,1.04,3*0F
$GNGSA,A,3,08,03,04,05,,,,,,,,,1.35,0.86,1.04,4*02
$GPGSV,2,1,06,31,56,206,38.7,30,31,098,,14,67,021,39.3,05,27,068,,1*68
$GPGSV,2,2,06,01,19,310,39.0,18,19,127,39.2,1*6E
$GLGSV,1,1,04,76,16,252,39.1,70,61,200,39.4,71,46,317,39.3,82,09,103,39.2,1*79
$GAGSV,1,1,00,7*73
$GBGSV,2,1,06,08,75,328,39.1,03,43,190,38.4,02,30,229,,04,27,125,38.6,1*64
$GBGSV,2,2,06,05,15,248,38.7,12,09,235,,1*63
$GNRMC,021214.000,A,3900.0003,N,11613.9815,E,0.00,266.04,280612,,,A,V*0F
$GNVTG,266.04,T,,M,0.00,N,0.00,K,A*25
$GNZDA,021214.000,28,06,2012,,*41
$GNGGA,021215.000,3900.0003,N,11613.9815,E,1,12,0.85,-11.7,M,-6.8,M,,*78
$PAIRACC,4.70,10.39*73
$GNGLL,3900.0003,N,11613.9815,E,021215.000,A,A*4A
$GNGSA,A,3,31,14,01,18,,,,,,,,,1.35,0.85,1.04,1*01
$GNGSA,A,3,71,70,76,82,,,,,,,,,1.35,0.85,1.04,2*07
$GNGSA,A,3,,,,,,,,,,,,,1.35,0.85,1.04,3*0C
$GNGSA,A,3,08,03,04,05,,,,,,,,,1.35,0.85,1.04,4*01
$GPGSV,2,1,06,31,56,206,39.2,14,67,021,39.2,30,31,098,,05,27,068,,1*6D
$GPGSV,2,2,06,01,19,310,38.6,18,19,127,39.2,1*69
$GLGSV,1,1,04,71,46,317,38.7,70,61,200,39.0,76,16,252,39.3,82,09,103,38.7,1*7E
$GAGSV,1,1,00,7*73
$GBGSV,2,1,05,08,75,328,39.2,03,43,190,37.7,04,27,125,38.5,05,15,248,38.8,1*71
$GBGSV,2,2,05,12,09,235,,1*4D
$GNRMC,021215.000,A,3900.0003,N,11613.9815,E,0.00,220.98,280612,,,A,V*09
$GNVTG,220.98,T,,M,0.00,N,0.00,K,A*22
$GNZDA,021215.000,28,06,2012,,*40
$GNGGA,021216.000,3900.0003,N,11613.9815,E,1,12,0.85,-11.7,M,-6.8,M,,*7B
$PAIRACC,4.68,10.44*70
$GNGLL,3900.0003,N,11613.9815,E,021216.000,A,A*49
$GNGSA,A,3,31,14,01,18,,,,,,,,,1.35,0.85,1.04,1*01
$GNGSA,A,3,71,70,76,82,,,,,,,,,1.35,0.85,1.04,2*07
$GNGSA,A,3,,,,,,,,,,,,,1.35,0.85,1.04,3*0C
$GNGSA,A,3,08,03,04,05,,,,,,,,,1.35,0.85,1.04,4*01
$GPGSV,2,1,06,31,56,206,38.7,14,67,021,39.2,30,31,098,,05,27,068,,1*69
$GPGSV,2,2,06,01,19,310,38.9,18,19,127,39.2,1*66
$GLGSV,1,1,04,71,46,317,39.3,70,61,200,39.3,76,16,252,39.5,82,09,103,39.0,1*78
$GAGSV,1,1,00,7*73
$GBGSV,1,1,04,08,75,328,38.8,03,43,190,37.5,04,27,125,38.6,05,15,248,38.8,1*79
$GNRMC,021216.000,A,3900.0003,N,11613.9815,E,0.00,0.00,280612,,,A,V*0B
$GNVTG,0.00,T,,M,0.00,N,0.00,K,A*23
$GNZDA,021216.000,28,06,2012,,*43
$GNGGA,021217.000,3900.0003,N,11613.9815,E,1,12,0.86,-11.7,M,-6.8,M,,*79
$PAIRACC,4.71,10.35*7E
$GNGLL,3900.0003,N,11613.9815,E,021217.000,A,A*48
$GNGSA,A,3,31,14,01,18,,,,,,,,,1.35,0.86,1.04,1*02
$GNGSA,A,3,71,70,76,82,,,,,,,,,1.35,0.86,1.04,2*04
$GNGSA,A,3,,,,,,,,,,,,,1.35,0.86,1.04,3*0F
$GNGSA,A,3,08,03,04,05,,,,,,,,,1.35,0.86,1.04,4*02
$GPGSV,2,1,06,31,56,206,38.9,14,67,021,38.7,30,31,098,,05,27,068,,1*63
$GPGSV,2,2,06,01,19,310,38.9,18,19,127,39.2,1*66
$GLGSV,1,1,04,71,46,317,39.0,70,61,200,39.2,76,16,252,39.2,82,09,103,38.8,1*74
$GAGSV,1,1,00,7*73
$GBGSV,2,1,05,06,77,307,,08,75,328,39.0,03,43,190,38.5,04,27,125,39.1,1*6B
$GBGSV,2,2,05,05,15,248,38.9,1*50
$GNRMC,021217.000,A,3900.0003,N,11613.9815,E,0.00,358.06,280612,,,A,V*02
$GNVTG,358.06,T,,M,0.00,N,0.00,K,A*2B
$GNZDA,021217.000,28,06,2012,,*42
$GNGGA,021218.000,3900.0003,N,11613.9815,E,1,12,0.85,-11.7,M,-6.8,M,,*75
$PAIRACC,4.68,10.36*75
$GNGLL,3900.0003,N,11613.9815,E,021218.000,A,A*47
$GNGSA,A,3,31,14,01,18,,,,,,,,,1.35,0.85,1.04,1*01
$GNGSA,A,3,71,70,76,82,,,,,,,,,1.35,0.85,1.04,2*07
$GNGSA,A,3,,,,,,,,,,,,,1.35,0.85,1.04,3*0C
$GNGSA,A,3,08,03,04,05,,,,,,,,,1.35,0.85,1.04,4*01
$GPGSV,2,1,06,31,56,206,38.2,14,67,021,39.3,30,31,098,,05,27,068,,1*6D
$GPGSV,2,2,06,01,19,310,38.4,18,19,127,39.2,1*6B
$GLGSV,1,1,04,71,46,317,39.0,70,61,200,39.0,76,16,252,39.1,82,09,103,38.7,1*7A
$GAGSV,1,1,00,7*73
$GBGSV,2,1,05,06,77,307,,08,75,328,39.5,03,43,190,38.0,04,27,125,38.8,1*63
$GBGSV,2,2,05,05,15,248,39.0,1*58
$GNRMC,021218.000,A,3900.0003,N,11613.9815,E,0.00,357.59,280612,,,A,V*08
$GNVTG,357.59,T,,M,0.00,N,0.00,K,A*2E
$GNZDA,021218.000,28,06,2012,,*4D
$GNGGA,021219.000,3900.0003,N,11613.9815,E,1,12,0.85,-11.7,M,-6.8,M,,*74
$PAIRACC,4.65,10.45*7C
$GNGLL,3900.0003,N,11613.9815,E,021219.000,A,A*46
$GNGSA,A,3,31,14,01,18,,,,,,,,,1.35,0.85,1.04,1*01
$GNGSA,A,3,71,70,76,82,,,,,,,,,1.35,0.85,1.04,2*07
$GNGSA,A,3,,,,,,,,,,,,,1.35,0.85,1.04,3*0C
$GNGSA,A,3,08,03,04,05,,,,,,,,,1.35,0.85,1.04,4*01
$GPGSV,2,1,06,31,56,206,38.4,30,31,098,,14,67,021,39.5,05,27,068,,1*6D
$GPGSV,2,2,06,01,19,310,38.3,18,19,127,39.0,1*6E
$GLGSV,2,1,05,71,46,317,39.1,65,61,299,,70,61,200,38.5,76,16,252,39.0,1*69
$GLGSV,2,2,05,82,09,103,39.0,1*58
$GAGSV,1,1,00,7*73
$GBGSV,2,1,05,08,75,328,39.1,09,55,255,,03,43,190,37.5,04,27,125,38.2,1*6E
$GBGSV,2,2,05,05,15,248,38.7,1*5E
$GNRMC,021219.000,A,3900.0003,N,11613.9815,E,0.00,0.00,280612,,,A,V*04
$GNVTG,0.00,T,,M,0.00,N,0.00,K,A*23
$GNZDA,021219.000,28,06,2012,,*4C
$GNGGA,021220.000,3900.0003,N,11613.9815,E,1,12,0.85,-11.7,M,-6.8,M,,*7E
$PAIRACC,4.67,10.31*7D
$GNGLL,3900.0003,N,11613.9815,E,021220.000,A,A*4C
$GNGSA,A,3,14,01,18,31,,,,,,,,,1.35,0.85,1.04,1*01
$GNGSA,A,3,82,76,70,71,,,,,,,,,1.35,0.85,1.04,2*07
$GNGSA,A,3,,,,,,,,,,,,,1.35,0.85,1.04,3*0C
$GNGSA,A,3,08,03,04,05,,,,,,,,,1.35,0.85,1.04,4*01
$GPGSV,2,1,06,30,31,098,,05,27,068,,14,67,021,38.9,01,19,310,38.8,1*62
$GPGSV,2,2,06,18,19,127,39.2,31,56,206,39.1,1*61
$GLGSV,2,1,07,82,09,103,39.0,76,16,252,38.7,70,61,200,39.2,73,47,273,,1*6D
$GLGSV,2,2,07,71,46,317,39.1,81,13,053,,79,11,051,,1*5C
$GAGSV,1,1,00,7*73
$GBGSV,2,1,05,08,75,328,38.8,09,55,255,,03,43,190,38.6,04,27,125,38.5,1*6D
$GBGSV,2,2,05,05,15,248,38.4,1*5D
$GNRMC,021220.000,A,3900.0003,N,11613.9815,E,0.00,0.00,280612,,,A,V*0E
$GNVTG,0.00,T,,M,0.00,N,0.00,K,A*23
$GNZDA,021220.000,28,06,2012,,*46
$GNGGA,021221.000,3900.0003,N,11613.9815,E,1,12,0.85,-11.7,M,-6.8,M,,*7F
$PAIRACC,4.63,10.31*79
$GNGLL,3900.0003,N,11613.9815,E,021221.000,A,A*4D
$GNGSA,A,3,31,14,01,18,,,,,,,,,1.35,0.85,1.04,1*01
$GNGSA,A,3,76,70,71,82,,,,,,,,,1.35,0.85,1.04,2*07
$GNGSA,A,3,,,,,,,,,,,,,1.35,0.85,1.04,3*0C
$GNGSA,A,3,08,03,04,05,,,,,,,,,1.35,0.85,1.04,4*01
$GPGSV,2,1,06,31,56,206,39.2,30,31,098,,14,67,021,39.4,05,27,068,,1*6B
$GPGSV,2,2,06,01,19,310,38.7,18,19,127,39.3,1*69
$GLGSV,2,1,05,76,16,252,39.0,70,61,200,39.3,71,46,317,39.2,81,13,053,,1*66
$GLGSV,2,2,05,82,09,103,39.0,1*58
$GAGSV,1,1,00,7*73
$GBGSV,2,1,05,08,75,328,38.9,09,55,255,,03,43,190,38.1,04,27,125,38.5,1*6B
$GBGSV,2,2,05,05,15,248,38.8,1*51
$GNRMC,021221.000,A,3900.0003,N,11613.9815,E,0.00,13.67,280612,,,A,V*3C
$GNVTG,13.67,T,,M,0.00,N,0.00,K,A*10
$GNZDA,021221.000,28,06,2012,,*47
$GNGGA,021222.000,3900.0003,N,11613.9815,E,1,12,0.85,-11.7,M,-6.8,M,,*7C
$PAIRACC,4.78,10.54*70
$GNGLL,3900.0003,N,11613.9815,E,021222.000,A,A*4E
$GNGSA,A,3,31,14,01,18,,,,,,,,,1.35,0.85,1.04,1*01
$GNGSA,A,3,76,70,71,82,,,,,,,,,1.35,0.85,1.04,2*07
$GNGSA,A,3,,,,,,,,,,,,,1.35,0.85,1.04,3*0C
$GNGSA,A,3,08,03,04,05,,,,,,,,,1.35,0.85,1.04,4*01
$GPGSV,2,1,06,31,56,206,39.1,30,31,098,,14,66,024,39.3,05,27,068,,1*6B
$GPGSV,2,2,06,01,19,310,39.1,18,19,127,39.6,1*6B
$GLGSV,2,1,05,76,16,252,39.2,70,61,200,39.3,71,46,317,38.8,81,13,053,,1*6F
$GLGSV,2,2,05,82,09,103,39.2,1*5A
$GAGSV,1,1,00,7*73
$GBGSV,2,1,05,08,75,328,39.1,09,55,255,,03,43,190,37.9,04,27,125,38.6,1*66
$GBGSV,2,2,05,05,15,248,38.4,1*5D
$GNRMC,021222.000,A,3900.0003,N,11613.9815,E,0.00,26.35,280612,,,A,V*3E
$GNVTG,26.35,T,,M,0.00,N,0.00,K,A*11
$GNZDA,021222.000,28,06,2012,,*44
$GNGGA,021223.000,3900.0003,N,11613.9815,E,1,12,0.86,-11.7,M,-6.8,M,,*7E
$PAIRACC,4.66,10.37*7A
$GNGLL,3900.0003,N,11613.9815,E,021223.000,A,A*4F
$GNGSA,A,3,31,14,01,18,,,,,,,,,1.35,0.86,1.04,1*02
$GNGSA,A,3,76,70,71,82,,,,,,,,,1.35,0.86,1.04,2*04
$GNGSA,A,3,,,,,,,,,,,,,1.35,0.86,1.04,3*0F
$GNGSA,A,3,08,03,04,05,,,,,,,,,1.35,0.86,1.04,4*02
$GPGSV,2,1,06,31,56,206,38.9,30,31,098,,14,66,024,39.4,05,27,068,,1*65
$GPGSV,2,2,06,01,19,310,39.1,18,19,127,39.4,1*69
$GLGSV,1,1,04,76,16,252,39.3,70,61,200,39.2,71,46,317,38.8,82,09,103,39.4,1*71
$GAGSV,1,1,00,7*73
$GBGSV,2,1,06,08,75,328,38.8,09,55,255,,03,43,190,38.7,04,27,125,39.0,1*6B
$GBGSV,2,2,06,05,15,248,38.8,12,09,235,,1*6C
$GNRMC,021223.000,A,3900.0003,N,11613.9815,E,0.00,39.54,280612,,,A,V*36
$GNVTG,39.54,T,,M,0.00,N,0.00,K,A*18
$GNZDA,021223.000,28,06,2012,,*45
$GNGGA,021224.000,3900.0003,N,11613.9815,E,1,12,0.86,-11.7,M,-6.8,M,,*79
$PAIRACC,4.82,10.68*7A
$GNGLL,3900.0003,N,11613.9815,E,021224.000,A,A*48
$GNGSA,A,3,31,01,14,18,,,,,,,,,1.35,0.86,1.04,1*02
$GNGSA,A,3,70,71,76,82,,,,,,,,,1.35,0.86,1.04,2*04
$GNGSA,A,3,,,,,,,,,,,,,1.35,0.86,1.04,3*0F
$GNGSA,A,3,03,04,05,08,,,,,,,,,1.35,0.86,1.04,4*02
$GPGSV,2,1,06,31,56,206,38.9,30,31,098,,05,27,068,,01,19,310,38.8,1*60
$GPGSV,2,2,06,14,66,024,39.7,18,19,127,39.3,1*60
$GLGSV,2,1,06,74,03,247,,70,61,200,38.9,71,46,317,39.0,76,16,252,39.3,1*63
$GLGSV,2,2,06,82,09,103,39.2,88,01,010,,1*69
$GAGSV,1,1,00,7*73
$GBGSV,2,1,08,12,09,235,,09,55,255,,03,43,190,37.6,01,37,147,,1*6F
$GBGSV,2,2,08,02,30,229,,04,27,125,38.7,05,15,248,38.4,08,75,328,38.9,1*62
$GNRMC,021224.000,A,3900.0003,N,11613.9815,E,0.00,0.00,280612,,,A,V*0A
$GNVTG,0.00,T,,M,0.00,N,0.00,K,A*23
$GNZDA,021224.000,28,06,2012,,*42
$GNGGA,021225.000,3900.0003,N,11613.9815,E,1,12,0.85,-11.7,M,-6.8,M,,*7B
$PAIRACC,4.66,10.37*7A
$GNGLL,3900.0003,N,11613.9815,E,021225.000,A,A*49
$GNGSA,A,3,31,14,01,18,,,,,,,,,1.35,0.85,1.04,1*01
$GNGSA,A,3,76,70,71,82,,,,,,,,,1.35,0.85,1.04,2*07
$GNGSA,A,3,,,,,,,,,,,,,1.35,0.85,1.04,3*0C
$GNGSA,A,3,03,08,04,05,,,,,,,,,1.35,0.85,1.04,4*01
$GPGSV,2,1,06,31,56,206,39.2,30,31,098,,14,66,024,38.8,05,27,068,,1*62
$GPGSV,2,2,06,01,19,310,38.8,18,19,127,39.6,1*63
$GLGSV,1,1,04,76,16,252,38.8,70,61,200,39.3,71,46,317,39.3,82,09,103,38.6,1*73
$GAGSV,1,1,00,7*73
$GBGSV,2,1,07,02,30,229,,03,43,190,37.3,01,37,147,,08,75,328,38.5,1*7B
$GBGSV,2,2,07,04,27,125,38.1,05,15,248,38.5,12,09,235,,1*43
$GNRMC,021225.000,A,3900.0003,N,11613.9815,E,0.00,0.00,280612,,,A,V*0B
$GNVTG,0.00,T,,M,0.00,N,0.00,K,A*23
$GNZDA,021225.000,28,06,2012,,*43
$GNGGA,021226.000,3900.0003,N,11613.9815,E,1,12,0.85,-11.7,M,-6.8,M,,*78
$PAIRACC,4.71,10.37*7C
$GNGLL,3900.0003,N,11613.9815,E,021226.000,A,A*4A
$GNGSA,A,3,31,14,01,18,,,,,,,,,1.35,0.85,1.04,1*01
$GNGSA,A,3,71,70,76,82,,,,,,,,,1.35,0.85,1.04,2*07
$GNGSA,A,3,,,,,,,,,,,,,1.35,0.85,1.04,3*0C
$GNGSA,A,3,08,03,04,05,,,,,,,,,1.35,0.85,1.04,4*01
$GPGSV,2,1,06,31,56,206,39.1,14,66,024,39.4,30,31,098,,05,27,068,,1*6C
$GPGSV,2,2,06,01,19,310,38.9,18,18,128,38.9,1*62
$GLGSV,1,1,04,71,46,317,39.4,70,61,200,39.4,76,16,252,39.0,82,09,103,38.8,1*74
$GAGSV,1,1,00,7*73
$GBGSV,2,1,05,08,75,328,38.5,03,43,190,38.5,04,27,125,38.7,05,15,248,38.3,1*73
$GBGSV,2,2,05,12,09,235,,1*4D
$GNRMC,021226.000,A,3900.0003,N,11613.9815,E,0.00,201.86,280612,,,A,V*05
$GNVTG,201.86,T,,M,0.00,N,0.00,K,A*2E
$GNZDA,021226.000,28,06,2012,,*40
$GNGGA,021227.000,3900.0003,N,11613.9815,E,1,12,0.85,-11.7,M,-6.8,M,,*79
$PAIRACC,4.71,10.50*7D
$GNGLL,3900.0003,N,11613.9815,E,021227.000,A,A*4B
$GNGSA,A,3,31,14,01,18,,,,,,,,,1.35,0.85,1.04,1*01
$GNGSA,A,3,71,70,76,82,,,,,,,,,1.35,0.85,1.04,2*07
$GNGSA,A,3,,,,,,,,,,,,,1.35,0.85,1.04,3*0C
$GNGSA,A,3,08,03,04,05,,,,,,,,,1.35,0.85,1.04,4*01
$GPGSV,2,1,06,31,56,206,39.2,14,66,024,39.2,30,31,098,,05,27,068,,1*69
$GPGSV,2,2,06,01,19,310,39.0,18,18,128,39.0,1*62
$GLGSV,1,1,04,71,46,317,39.1,70,61,200,39.5,76,16,252,39.4,82,09,103,39.3,1*7E
$GAGSV,1,1,00,7*73
$GBGSV,2,1,05,08,75,328,38.7,03,43,190,37.3,04,27,125,38.3,05,15,248,38.0,1*7F
$GBGSV,2,2,05,12,09,235,,1*4D
$GNRMC,021227.000,A,3900.0003,N,11613.9815,E,0.00,185.04,280612,,,A,V*01
$GNVTG,185.04,T,,M,0.00,N,0.00,K,A*2B
$GNZDA,021227.000,28,06,2012,,*41
$GNGGA,021228.000,3900.0003,N,11613.9815,E,1,12,0.86,-11.7,M,-6.8,M,,*75
$PAIRACC,4.73,10.42*7C
$GNGLL,3900.0003,N,11613.9815,E,021228.000,A,A*44
$GNGSA,A,3,31,14,01,18,,,,,,,,,1.35,0.86,1.04,1*02
$GNGSA,A,3,71,70,76,82,,,,,,,,,1.35,0.86,1.04,2*04
$GNGSA,A,3,,,,,,,,,,,,,1.35,0.86,1.04,3*0F
$GNGSA,A,3,08,03,04,05,,,,,,,,,1.35,0.86,1.04,4*02
$GPGSV,2,1,06,31,56,206,39.4,14,66,024,39.1,30,31,098,,05,27,068,,1*6C
$GPGSV,2,2,06,01,19,310,39.0,18,18,128,39.2,1*60
$GLGSV,1,1,04,71,46,317,38.9,70,61,200,39.4,76,16,252,39.6,82,09,103,39.4,1*73
$GAGSV,1,1,00,7*73
$GBGSV,2,1,05,08,75,328,39.0,03,43,190,37.4,04,27,125,38.5,05,15,248,38.5,1*7D
$GBGSV,2,2,05,12,09,235,,1*4D
$GNRMC,021228.000,A,3900.0003,N,11613.9815,E,0.00,223.74,280612,,,A,V*06
$GNVTG,223.74,T,,M,0.00,N,0.00,K,A*23
$GNZDA,021228.000,28,06,2012,,*4E
$GNGGA,021229.000,3900.0003,N,11613.9815,E,1,12,0.85,-11.7,M,-6.8,M,,*77
$PAIRACC,4.67,10.46*7D
$GNGLL,3900.0003,N,11613.9815,E,021229.000,A,A*45
$GNGSA,A,3,31,14,01,18,,,,,,,,,1.35,0.85,1.04,1*01
$GNGSA,A,3,71,70,76,82,,,,,,,,,1.35,0.85,1.04,2*07
$GNGSA,A,3,,,,,,,,,,,,,1.35,0.85,1.04,3*0C
$GNGSA,A,3,08,03,04,05,,,,,,,,,1.35,0.85,1.04,4*01
$GPGSV,2,1,06,31,56,206,39.0,14,66,024,39.4,30,31,098,,05,27,068,,1*6D
$GPGSV,2,2,06,01,19,310,38.9,18,18,128,39.1,1*6B
$GLGSV,1,1,04,71,46,317,39.0,70,61,200,39.0,76,16,252,39.2,82,09,103,39.3,1*7C
$GAGSV,1,1,00,7*73
$GBGSV,1,1,04,08,75,328,38.7,03,43,190,38.2,04,27,125,38.7,05,15,248,38.5,1*72
$GNRMC,021229.000,A,3900.0003,N,11613.9815,E,0.00,0.00,280612,,,A,V*07
$GNVTG,0.00,T,,M,0.00,N,0.00,K,A*23
$GNZDA,021229.000,28,06,2012,,*4F
$GNGGA,021230.000,3900.0003,N,11613.9816,E,1,12,0.85,-11.7,M,-6.8,M,,*7C
$PAIRACC,4.72,10.40*7F
$GNGLL,3900.0003,N,11613.9816,E,021230.000,A,A*4E
$GNGSA,A,3,31,14,01,18,,,,,,,,,1.35,0.85,1.04,1*01
$GNGSA,A,3,71,70,76,82,,,,,,,,,1.35,0.85,1.04,2*07
$GNGSA,A,3,,,,,,,,,,,,,1.35,0.85,1.04,3*0C
$GNGSA,A,3,08,03,04,05,,,,,,,,,1.35,0.85,1.04,4*01
$GPGSV,2,1,06,31,56,206,39.1,14,66,024,39.1,30,31,098,,05,27,068,,1*69
$GPGSV,2,2,06,01,19,310,38.5,18,18,128,39.2,1*64
$GLGSV,1,1,04,71,46,317,39.1,70,61,200,39.0,76,16,252,39.4,82,09,103,38.9,1*70
$GAGSV,1,1,00,7*73
$GBGSV,1,1,04,08,75,328,38.4,03,43,190,37.8,04,27,125,38.4,05,15,248,38.6,1*74
$GNRMC,021230.000,A,3900.0003,N,11613.9816,E,0.00,0.00,280612,,,A,V*0C
$GNVTG,0.00,T,,M,0.00,N,0.00,K,A*23
$GNZDA,021230.000,28,06,2012,,*47
$GNGGA,021231.000,3900.0003,N,11613.9816,E,1,12,0.85,-11.7,M,-6.8,M,,*7D
$PAIRACC,4.69,10.52*76
$GNGLL,3900.0003,N,11613.9816,E,021231.000,A,A*4F
$GNGSA,A,3,31,14,01,18,,,,,,,,,1.35,0.85,1.04,1*01
$GNGSA,A,3,71,70,76,82,,,,,,,,,1.35,0.85,1.04,2*07
$GNGSA,A,3,,,,,,,,,,,,,1.35,0.85,1.04,3*0C
$GNGSA,A,3,08,03,04,05,,,,,,,,,1.35,0.85,1.04,4*01
$GPGSV,2,1,06,31,56,206,39.2,14,66,024,39.1,30,31,098,,05,27,068,,1*6A
$GPGSV,2,2,06,01,19,310,39.0,18,18,128,38.6,1*65
$GLGSV,1,1,04,71,46,317,39.0,70,61,200,39.0,76,16,252,38.8,82,09,103,38.7,1*72
$GAGSV,1,1,00,7*73
$GBGSV,1,1,04,08,75,328,38.6,03,43,190,37.5,04,27,125,38.5,05,15,248,38.3,1*7F
$GNRMC,021231.000,A,3900.0003,N,11613.9816,E,0.00,0.00,280612,,,A,V*0D
$GNVTG,0.00,T,,M,0.00,N,0.00,K,A*23
$GNZDA,021231.000,28,06,2012,,*46
$GNGGA,021232.000,3900.0003,N,11613.9816,E,1,12,0.85,-11.7,M,-6.8,M,,*7E
$PAIRACC,4.67,10.32*7E
$GNGLL,3900.0003,N,11613.9816,E,021232.000,A,A*4C
$GNGSA,A,3,31,14,01,18,,,,,,,,,1.35,0.85,1.04,1*01
$GNGSA,A,3,71,70,76,82,,,,,,,,,1.35,0.85,1.04,2*07
$GNGSA,A,3,,,,,,,,,,,,,1.35,0.85,1.04,3*0C
$GNGSA,A,3,08,03,04,05,,,,,,,,,1.35,0.85,1.04,4*01
$GPGSV,2,1,06,31,56,206,39.5,14,66,024,39.1,30,31,098,,05,27,068,,1*6D
$GPGSV,2,2,06,01,19,310,38.6,18,18,128,39.1,1*64
$GLGSV,1,1,04,71,46,317,39.2,70,61,200,39.7,76,16,252,39.7,82,09,103,39.5,1*7A
$GAGSV,1,1,00,7*73
$GBGSV,1,1,04,08,75,328,38.5,03,43,190,38.4,04,27,125,38.5,05,15,248,38.6,1*77
$GNRMC,021232.000,A,3900.0003,N,11613.9816,E,0.00,0.00,280612,,,A,V*0E
$GNVTG,0.00,T,,M,0.00,N,0.00,K,A*23
$GNZDA,021232.000,28,06,2012,,*45
$GNGGA,021233.000,3900.0003,N,11613.9816,E,1,12,0.85,-11.7,M,-6.8,M,,*7F
$PAIRACC,4.68,10.38*7B
$GNGLL,3900.0003,N,11613.9816,E,021233.000,A,A*4D
$GNGSA,A,3,31,14,01,18,,,,,,,,,1.35,0.85,1.04,1*01
$GNGSA,A,3,71,70,76,82,,,,,,,,,1.35,0.85,1.04,2*07
$GNGSA,A,3,,,,,,,,,,,,,1.35,0.85,1.04,3*0C
$GNGSA,A,3,08,03,04,05,,,,,,,,,1.35,0.85,1.04,4*01
$GPGSV,2,1,06,31,56,206,39.1,14,66,024,39.4,30,31,098,,05,27,068,,1*6C
$GPGSV,2,2,06,01,19,310,38.8,18,18,128,38.8,1*62
$GLGSV,1,1,04,71,46,317,39.0,70,61,200,39.3,76,16,252,39.0,82,09,103,39.2,1*7C
$GAGSV,1,1,00,7*73
$GBGSV,1,1,04,08,75,328,38.5,03,43,190,37.9,04,27,125,38.4,05,15,248,38.5,1*77
$GNRMC,021233.000,A,3900.0003,N,11613.9816,E,0.00,226.67,280612,,,A,V*08
$GNVTG,226.67,T,,M,0.00,N,0.00,K,A*24
$GNZDA,021233.000,28,06,2012,,*44
$GNGGA,021234.000,3900.0003,N,11613.9816,E,1,12,0.85,-11.7,M,-6.8,M,,*78
$PAIRACC,4.68,10.36*75
$GNGLL,3900.0003,N,11613.9816,E,021234.000,A,A*4A
$GNGSA,A,3,31,14,01,18,,,,,,,,,1.35,0.85,1.04,1*01
$GNGSA,A,3,71,70,76,82,,,,,,,,,1.35,0.85,1.04,2*07
$GNGSA,A,3,,,,,,,,,,,,,1.35,0.85,1.04,3*0C
$GNGSA,A,3,08,03,04,05,,,,,,,,,1.35,0.85,1.04,4*01
$GPGSV,2,1,06,31,56,206,38.9,14,66,024,39.4,30,31,098,,05,27,068,,1*65
$GPGSV,2,2,06,01,19,310,38.9,18,18,128,39.2,1*68
$GLGSV,1,1,04,71,46,317,39.3,70,61,200,39.2,76,16,252,39.2,82,09,103,39.1,1*7F
$GAGSV,1,1,00,7*73
$GBGSV,1,1,04,08,75,328,38.7,03,43,190,37.6,04,27,125,38.7,05,15,248,38.6,1*7A
$GNRMC,021234.000,A,3900.0003,N,11613.9816,E,0.00,0.00,280612,,,A,V*08
$GNVTG,0.00,T,,M,0.00,N,0.00,K,A*23
$GNZDA,021234.000,28,06,2012,,*43
$GNGGA,021235.000,3900.0003,N,11613.9816,E,1,12,0.85,-11.7,M,-6.8,M,,*79
$PAIRACC,4.73,10.40*7E
$GNGLL,3900.0003,N,11613.9816,E,021235.000,A,A*4B
$GNGSA,A,3,31,14,01,18,,,,,,,,,1.35,0.85,1.04,1*01
$GNGSA,A,3,71,70,76,82,,,,,,,,,1.35,0.85,1.04,2*07
$GNGSA,A,3,,,,,,,,,,,,,1.35,0.85,1.04,3*0C
$GNGSA,A,3,08,03,04,05,,,,,,,,,1.35,0.85,1.04,4*01
$GPGSV,2,1,06,31,56,206,38.7,14,66,024,39.0,30,31,098,,05,27,068,,1*6F
$GPGSV,2,2,06,01,19,310,38.1,18,18,128,38.9,1*6A
$GLGSV,1,1,04,71,46,317,39.0,70,61,200,39.0,76,16,252,39.3,82,09,103,39.0,1*7E
$GAGSV,1,1,00,7*73
$GBGSV,1,1,04,08,75,328,38.3,03,43,190,38.6,04,27,125,38.4,05,15,248,38.7,1*73
$GNRMC,021235.000,A,3900.0003,N,11613.9816,E,0.00,0.00,280612,,,A,V*09
$GNVTG,0.00,T,,M,0.00,N,0.00,K,A*23
$GNZDA,021235.000,28,06,2012,,*42
$GNGGA,021236.000,3900.0003,N,11613.9816,E,1,12,0.85,-11.7,M,-6.8,M,,*7A
$PAIRACC,4.64,10.33*7C
$GNGLL,3900.0003,N,11613.9816,E,021236.000,A,A*48
$GNGSA,A,3,31,14,01,18,,,,,,,,,1.35,0.85,1.04,1*01
$GNGSA,A,3,71,70,76,82,,,,,,,,,1.35,0.85,1.04,2*07
$GNGSA,A,3,,,,,,,,,,,,,1.35,0.85,1.04,3*0C
$GNGSA,A,3,08,03,04,05,,,,,,,,,1.35,0.85,1.04,4*01
$GPGSV,2,1,06,31,56,206,38.6,14,66,024,39.3,30,31,098,,05,27,068,,1*6D
$GPGSV,2,2,06,01,19,310,38.6,18,18,128,39.2,1*67
$GLGSV,1,1,04,71,46,317,39.6,70,61,200,38.8,76,16,252,39.1,82,09,103,39.3,1*70
$GAGSV,1,1,00,7*73
$GBGSV,1,1,04,08,75,328,38.2,03,43,190,37.5,04,27,125,38.6,05,15,248,38.5,1*7E
$GNRMC,021236.000,A,3900.0003,N,11613.9816,E,0.00,271.66,280612,,,A,V*0E
$GNVTG,271.66,T,,M,0.00,N,0.00,K,A*27
$GNZDA,021236.000,28,06,2012,,*41
$GNGGA,021237.000,3900.0003,N,11613.9816,E,1,12,0.85,-11.7,M,-6.8,M,,*7B
$PAIRACC,4.68,10.35*76
$GNGLL,3900.0003,N,11613.9816,E,021237.000,A,A*49
$GNGSA,A,3,31,14,01,18,,,,,,,,,1.35,0.85,1.04,1*01
$GNGSA,A,3,71,70,76,82,,,,,,,,,1.35,0.85,1.04,2*07
$GNGSA,A,3,,,,,,,,,,,,,1.35,0.85,1.04,3*0C
$GNGSA,A,3,08,03,04,05,,,,,,,,,1.35,0.85,1.04,4*01
$GPGSV,2,1,06,31,56,206,38.5,14,66,024,39.1,30,31,098,,05,27,068,,1*6C
$GPGSV,2,2,06,01,19,310,38.2,18,18,128,39.2,1*63
$GLGSV,1,1,04,71,46,317,39.3,70,61,200,39.1,76,16,252,39.6,82,09,103,39.3,1*7A
$GAGSV,1,1,00,7*73
$GBGSV,1,1,04,08,75,328,39.2,03,43,190,37.2,04,27,125,38.8,05,15,248,38.4,1*77
$GNRMC,021237.000,A,3900.0003,N,11613.9816,E,0.00,0.00,280612,,,A,V*0B
$GNVTG,0.00,T,,M,0.00,N,0.00,K,A*23
$GNZDA,021237.000,28,06,2012,,*40
$GNGGA,021238.000,3900.0003,N,11613.9816,E,1,12,0.85,-11.7,M,-6.8,M,,*74
$PAIRACC,4.75,10.55*7C
$GNGLL,3900.0003,N,11613.9816,E,021238.000,A,A*46
$GNGSA,A,3,31,14,01,18,,,,,,,,,1.35,0.85,1.04,1*01
$GNGSA,A,3,71,70,76,82,,,,,,,,,1.35,0.85,1.04,2*07
$GNGSA,A,3,,,,,,,,,,,,,1.35,0.85,1.04,3*0C
$GNGSA,A,3,08,03,04,05,,,,,,,,,1.35,0.85,1.04,4*01
$GPGSV,2,1,06,31,56,206,38.5,14,66,024,39.1,30,31,097,,05,27,068,,1*63
$GPGSV,2,2,06,01,19,310,38.4,18,18,128,39.3,1*64
$GLGSV,1,1,04,71,46,317,39.2,70,61,200,39.1,76,16,252,39.1,82,09,103,39.2,1*7D
$GAGSV,1,1,00,7*73
$GBGSV,1,1,04,08,75,328,39.0,03,43,190,38.5,04,27,125,38.9,05,15,248,38.8,1*70
$GNRMC,021238.000,A,3900.0003,N,11613.9816,E,0.00,293.97,280612,,,A,V*02
$GNVTG,293.97,T,,M,0.00,N,0.00,K,A*25
$GNZDA,021238.000,28,06,2012,,*4F
$GNGGA,021239.000,3900.0003,N,11613.9816,E,1,12,0.85,-11.7,M,-6.8,M,,*75
$PAIRACC,4.72,10.48*77
$GNGLL,3900.0003,N,11613.9816,E,021239.000,A,A*47
$GNGSA,A,3,31,14,01,18,,,,,,,,,1.35,0.85,1.04,1*01
$GNGSA,A,3,71,70,76,82,,,,,,,,,1.35,0.85,1.04,2*07
$GNGSA,A,3,,,,,,,,,,,,,1.35,0.85,1.04,3*0C
$GNGSA,A,3,08,03,04,05,,,,,,,,,1.35,0.85,1.04,4*01
$GPGSV,2,1,06,31,57,206,38.9,14,66,024,38.9,30,31,097,,05,27,068,,1*67
$GPGSV,2,2,06,01,19,310,38.5,18,18,128,39.1,1*67
$GLGSV,1,1,04,71,46,317,39.2,70,61,200,38.9,76,16,252,39.6,82,09,103,39.1,1*70
$GAGSV,1,1,00,7*73
$GBGSV,1,1,04,08,75,328,39.8,03,43,190,37.8,04,27,125,38.9,05,15,248,38.7,1*75
$GNRMC,021239.000,A,3900.0003,N,11613.9816,E,0.00,0.00,280612,,,A,V*05
$GNVTG,0.00,T,,M,0.00,N,0.00,K,A*23
$GNZDA,021239.000,28,06,2012,,*4E
$GNGGA,021240.000,3900.0003,N,11613.9816,E,1,12,0.85,-11.7,M,-6.8,M,,*7B
$PAIRACC,4.76,10.57*7D
$GNGLL,3900.0003,N,11613.9816,E,021240.000,A,A*49
$GNGSA,A,3,31,14,01,18,,,,,,,,,1.35,0.85,1.04,1*01
$GNGSA,A,3,71,70,76,82,,,,,,,,,1.35,0.85,1.04,2*07
$GNGSA,A,3,,,,,,,,,,,,,1.35,0.85,1.04,3*0C
$GNGSA,A,3,08,03,04,05,,,,,,,,,1.35,0.85,1.04,4*01
$GPGSV,2,1,06,31,57,206,39.1,14,66,024,39.0,30,31,097,,05,27,068,,1*66
$GPGSV,2,2,06,01,19,310,38.8,18,18,128,39.4,1*6F
$GLGSV,1,1,04,71,46,317,39.3,70,61,200,38.8,76,16,252,39.2,82,09,103,38.8,1*7C
$GAGSV,1,1,00,7*73
$GBGSV,1,1,04,08,75,328,39.2,03,43,190,37.7,04,27,125,38.9,05,15,248,38.9,1*7E
$GNRMC,021240.000,A,3900.0003,N,11613.9816,E,0.00,0.00,280612,,,A,V*0B
$GNVTG,0.00,T,,M,0.00,N,0.00,K,A*23
$GNZDA,021240.000,28,06,2012,,*40
$GNGGA,021241.000,3900.0003,N,11613.9816,E,1,12,0.85,-11.7,M,-6.8,M,,*7A
$PAIRACC,4.69,10.37*75
$GNGLL,3900.0003,N,11613.9816,E,021241.000,A,A*48
$GNGSA,A,3,31,14,01,18,,,,,,,,,1.35,0.85,1.04,1*01
$GNGSA,A,3,71,70,76,82,,,,,,,,,1.35,0.85,1.04,2*07
$GNGSA,A,3,,,,,,,,,,,,,1.35,0.85,1.04,3*0C
$GNGSA,A,3,08,03,04,05,,,,,,,,,1.35,0.85,1.04,4*01
$GPGSV,2,1,06,31,57,206,39.2,14,66,024,38.9,30,31,097,,05,27,068,,1*6D
$GPGSV,2,2,06,01,19,310,38.2,18,18,128,39.3,1*62
$GLGSV,1,1,04,71,46,317,39.1,70,61,200,39.0,76,16,252,38.7,82,09,103,39.1,1*7B
$GAGSV,1,1,00,7*73
$GBGSV,1,1,04,08,75,328,39.1,03,43,190,38.5,04,27,125,38.7,05,15,248,38.6,1*71
$GNRMC,021241.000,A,3900.0003,N,11613.9816,E,0.00,191.41,280612,,,A,V*06
$GNVTG,191.41,T,,M,0.00,N,0.00,K,A*2F
$GNZDA,021241.000,28,06,2012,,*41
$GNGGA,021242.000,3900.0003,N,11613.9816,E,1,12,0.85,-11.7,M,-6.8,M,,*79
$PAIRACC,4.76,10.56*7C
$GNGLL,3900.0003,N,11613.9816,E,021242.000,A,A*4B
$GNGSA,A,3,31,14,01,18,,,,,,,,,1.35,0.85,1.04,1*01
$GNGSA,A,3,71,70,76,82,,,,,,,,,1.35,0.85,1.04,2*07
$GNGSA,A,3,,,,,,,,,,,,,1.35,0.85,1.04,3*0C
$GNGSA,A,3,08,03,04,05,,,,,,,,,1.35,0.85,1.04,4*01
$GPGSV,2,1,06,31,57,206,38.9,14,66,024,39.5,30,31,097,,05,27,068,,1*6A
$GPGSV,2,2,06,01,19,310,38.8,18,18,128,39.2,1*69
$GLGSV,1,1,04,71,46,317,38.8,70,61,200,39.1,76,16,252,38.5,82,09,103,39.4,1*75
$GAGSV,1,1,00,7*73
$GBGSV,1,1,04,08,75,328,38.9,03,43,190,38.1,04,27,125,38.8,05,15,248,39.2,1*76
$GNRMC,021242.000,A,3900.0003,N,11613.9816,E,0.00,237.80,280612,,,A,V*07
$GNVTG,237.80,T,,M,0.00,N,0.00,K,A*2D
$GNZDA,021242.000,28,06,2012,,*42
$GNGGA,021243.000,3900.0003,N,11613.9816,E,1,12,0.85,-11.7,M,-6.8,M,,*78
$PAIRACC,4.70,10.42*7F
$GNGLL,3900.0003,N,11613.9816,E,021243.000,A,A*4A
$GNGSA,A,3,31,14,01,18,,,,,,,,,1.35,0.85,1.04,1*01
$GNGSA,A,3,71,70,76,82,,,,,,,,,1.35,0.85,1.04,2*07
$GNGSA,A,3,,,,,,,,,,,,,1.35,0.85,1.04,3*0C
$GNGSA,A,3,08,03,04,05,,,,,,,,,1.35,0.85,1.04,4*01
$GPGSV,2,1,06,31,57,206,39.0,14,66,024,39.1,30,31,097,,05,27,068,,1*66
$GPGSV,2,2,06,01,19,310,38.7,18,18,128,39.5,1*61
$GLGSV,1,1,04,71,46,317,39.1,70,61,200,39.0,76,16,252,38.8,82,09,103,39.1,1*74
$GAGSV,1,1,00,7*73
$GBGSV,1,1,04,08,75,328,39.0,03,43,190,37.8,04,27,125,39.0,05,15,248,38.8,1*7A
$GNRMC,021243.000,A,3900.0003,N,11613.9816,E,0.00,185.19,280612,,,A,V*0C
$GNVTG,185.19,T,,M,0.00,N,0.00,K,A*27
$GNZDA,021243.000,28,06,2012,,*43
$GNGGA,021244.000,3900.0003,N,11613.9816,E,1,12,0.85,-11.7,M,-6.8,M,,*7F
$PAIRACC,4.63,10.30*78
$GNGLL,3900.0003,N,11613.9816,E,021244.000,A,A*4D
$GNGSA,A,3,31,14,01,18,,,,,,,,,1.35,0.85,1.04,1*01
$GNGSA,A,3,71,70,76,82,,,,,,,,,1.35,0.85,1.04,2*07
$GNGSA,A,3,,,,,,,,,,,,,1.35,0.85,1.04,3*0C
$GNGSA,A,3,08,03,04,05,,,,,,,,,1.35,0.85,1.04,4*01
$GPGSV,2,1,06,31,57,206,38.9,14,66,024,39.1,30,31,097,,05,27,068,,1*6E
$GPGSV,2,2,06,01,19,310,38.7,18,18,128,39.1,1*65
$GLGSV,1,1,04,71,46,317,39.6,70,61,200,39.6,76,16,252,39.3,82,09,103,39.0,1*7E
$GAGSV,1,1,00,7*73
$GBGSV,1,1,04,08,75,328,39.0,03,43,190,38.7,04,27,125,39.0,05,15,248,39.0,1*73
$GNRMC,021244.000,A,3900.0003,N,11613.9816,E,0.00,176.62,280612,,,A,V*0B
$GNVTG,176.62,T,,M,0.00,N,0.00,K,A*27
$GNZDA,021244.000,28,06,2012,,*44
$GNGGA,021245.000,3900.0003,N,11613.9816,E,1,12,0.85,-11.7,M,-6.8,M,,*7E
$PAIRACC,4.68,10.39*7A
$GNGLL,3900.0003,N,11613.9816,E,021245.000,A,A*4C
$GNGSA,A,3,31,14,01,18,,,,,,,,,1.35,0.85,1.04,1*01
$GNGSA,A,3,71,70,76,82,,,,,,,,,1.35,0.85,1.04,2*07
$GNGSA,A,3,,,,,,,,,,,,,1.35,0.85,1.04,3*0C
$GNGSA,A,3,08,03,04,05,,,,,,,,,1.35,0.85,1.04,4*01
$GPGSV,2,1,06,31,57,206,38.7,14,66,024,38.9,30,31,097,,05,27,068,,1*69
$GPGSV,2,2,06,01,19,310,38.7,18,18,128,39.0,1*64
$GLGSV,1,1,04,71,46,317,39.1,70,61,200,39.2,76,16,252,38.7,82,09,103,39.0,1*78
$GAGSV,1,1,00,7*73
$GBGSV,1,1,04,08,75,328,39.2,03,43,190,37.7,04,27,125,39.1,05,15,248,38.5,1*7B
$GNRMC,021245.000,A,3900.0003,N,11613.9816,E,0.00,206.78,280612,,,A,V*05
$GNVTG,206.78,T,,M,0.00,N,0.00,K,A*28
$GNZDA,021245.000,28,06,2012,,*45
$GNGGA,021246.000,3900.0003,N,11613.9816,E,1,12,0.85,-11.7,M,-6.8,M,,*7D
$PAIRACC,4.67,10.47*7C
$GNGLL,3900.0003,N,11613.9816,E,021246.000,A,A*4F
$GNGSA,A,3,31,14,01,18,,,,,,,,,1.35,0.85,1.04,1*01
$GNGSA,A,3,71,70,76,82,,,,,,,,,1.35,0.85,1.04,2*07
$GNGSA,A,3,,,,,,,,,,,,,1.35,0.85,1.04,3*0C
$GNGSA,A,3,08,03,04,05,,,,,,,,,1.35,0.85,1.04,4*01
$GPGSV,2,1,06,31,57,206,38.9,14,66,024,38.8,30,31,097,,05,27,068,,1*66
$GPGSV,2,2,06,01,19,310,38.3,18,18,128,39.1,1*61
$GLGSV,1,1,04,71,46,317,39.1,70,61,200,39.0,76,16,252,39.0,82,09,103,39.4,1*78
$GAGSV,1,1,00,7*73
$GBGSV,1,1,04,08,75,328,38.9,03,43,190,37.6,04,27,125,38.8,05,15,248,38.9,1*74
$GNRMC,021246.000,A,3900.0003,N,11613.9816,E,0.00,239.29,280612,,,A,V*0E
$GNVTG,239.29,T,,M,0.00,N,0.00,K,A*20
$GNZDA,021246.000,28,06,2012,,*46
$GNGGA,021247.000,3900.0003,N,11613.9816,E,1,12,0.85,-11.7,M,-6.8,M,,*7C
$PAIRACC,4.66,10.39*74
$GNGLL,3900.0003,N,11613.9816,E,021247.000,A,A*4E
$GNGSA,A,3,31,14,01,18,,,,,,,,,1.35,0.85,1.04,1*01
$GNGSA,A,3,70,71,76,82,,,,,,,,,1.35,0.85,1.04,2*07
$GNGSA,A,3,,,,,,,,,,,,,1.35,0.85,1.04,3*0C
$GNGSA,A,3,08,03,04,05,,,,,,,,,1.35,0.85,1.04,4*01
$GPGSV,2,1,07,05,27,068,,31,57,206,38.8,30,31,097,,14,66,024,38.9,1*67
$GPGSV,2,2,07,11,22,301,,01,19,310,38.6,18,18,128,38.9,1*5E
$GLGSV,1,1,04,70,61,200,39.1,71,46,317,38.6,76,16,252,38.8,82,09,103,38.6,1*75
$GAGSV,1,1,00,7*73
$GBGSV,1,1,04,08,75,328,38.8,03,43,190,38.3,04,27,125,38.9,05,15,248,38.8,1*7F
$GNRMC,021247.000,A,3900.0003,N,11613.9816,E,0.00,257.20,280612,,,A,V*0E
$GNVTG,257.20,T,,M,0.00,N,0.00,K,A*21
$GNZDA,021247.000,28,06,2012,,*47
$GNGGA,021248.000,3900.0003,N,11613.9816,E,1,12,0.85,-11.7,M,-6.8,M,,*73
$PAIRACC,4.62,10.29*71
$GNGLL,3900.0003,N,11613.9816,E,021248.000,A,A*41
$GNGSA,A,3,31,14,01,18,,,,,,,,,1.35,0.85,1.04,1*01
$GNGSA,A,3,70,71,76,82,,,,,,,,,1.35,0.85,1.04,2*07
$GNGSA,A,3,,,,,,,,,,,,,1.35,0.85,1.04,3*0C
$GNGSA,A,3,08,03,04,05,,,,,,,,,1.35,0.85,1.04,4*01
$GPGSV,2,1,07,05,27,068,,31,57,206,39.2,30,31,097,,14,66,024,39.4,1*60
$GPGSV,2,2,07,11,22,301,,01,19,310,38.4,18,18,128,39.3,1*57
$GLGSV,1,1,04,70,61,200,39.0,71,46,317,39.1,76,16,252,38.7,82,09,103,38.9,1*72
$GAGSV,1,1,00,7*73
$GBGSV,1,1,04,08,75,328,39.3,03,43,190,37.9,04,27,125,39.1,05,15,248,38.9,1*78
$GNRMC,021248.000,A,3900.0003,N,11613.9816,E,0.00,269.95,280612,,,A,V*02
$GNVTG,269.95,T,,M,0.00,N,0.00,K,A*22
$GNZDA,021248.000,28,06,2012,,*48
$GNGGA,021249.000,3900.0003,N,11613.9816,E,1,12,0.85,-11.7,M,-6.8,M,,*72
$PAIRACC,4.74,10.55*7D
$GNGLL,3900.0003,N,11613.9816,E,021249.000,A,A*40
$GNGSA,A,3,31,14,01,18,,,,,,,,,1.35,0.85,1.04,1*01
$GNGSA,A,3,70,71,76,82,,,,,,,,,1.35,0.85,1.04,2*07
$GNGSA,A,3,,,,,,,,,,,,,1.35,0.85,1.04,3*0C
$GNGSA,A,3,08,03,04,05,,,,,,,,,1.35,0.85,1.04,4*01
$GPGSV,2,1,07,05,27,068,,31,57,206,38.7,30,31,097,,14,66,024,39.3,1*63
$GPGSV,2,2,07,11,22,301,,01,19,310,38.2,18,18,128,39.1,1*53
$GLGSV,1,1,04,70,61,200,39.6,71,46,317,39.3,76,16,252,39.2,82,09,103,39.0,1*7A
$GAGSV,1,1,00,7*73
$GBGSV,1,1,04,08,75,328,39.3,03,43,190,38.0,04,27,125,38.8,05,15,248,38.7,1*78
$GNRMC,021249.000,A,3900.0003,N,11613.9816,E,0.00,0.00,280612,,,A,V*02
$GNVTG,0.00,T,,M,0.00,N,0.00,K,A*23
$GNZDA,021249.000,28,06,2012,,*49
$GNGGA,021250.000,3900.0003,N,11613.9816,E,1,12,0.85,-11.7,M,-6.8,M,,*7A
$PAIRACC,4.70,10.39*73
$GNGLL,3900.0003,N,11613.9816,E,021250.000,A,A*48
$GNGSA,A,3,31,14,01,18,,,,,,,,,1.35,0.85,1.04,1*01
$GNGSA,A,3,70,71,76,82,,,,,,,,,1.35,0.85,1.04,2*07
$GNGSA,A,3,,,,,,,,,,,,,1.35,0.85,1.04,3*0C
$GNGSA,A,3,08,03,04,05,,,,,,,,,1.35,0.85,1.04,4*01
$GPGSV,2,1,07,05,27,068,,31,57,206,38.9,30,31,097,,14,66,024,38.9,1*66
$GPGSV,2,2,07,11,22,301,,01,19,310,38.6,18,18,128,38.9,1*5E
$GLGSV,1,1,04,70,61,200,39.1,71,46,317,39.0,76,16,252,39.1,82,09,103,39.2,1*7F
$GAGSV,1,1,00,7*73
$GBGSV,1,1,04,08,75,328,39.1,03,43,190,38.9,04,27,125,39.0,05,15,248,38.8,1*75
$GNRMC,021250.000,A,3900.0003,N,11613.9816,E,0.00,256.02,280612,,,A,V*09
$GNVTG,256.02,T,,M,0.00,N,0.00,K,A*20
$GNZDA,021250.000,28,06,2012,,*41
$GNGGA,021251.000,3900.0003,N,11613.9816,E,1,12,0.85,-11.7,M,-6.8,M,,*7B
$PAIRACC,4.64,10.34*7B
$GNGLL,3900.0003,N,11613.9816,E,021251.000,A,A*49
$GNGSA,A,3,31,14,01,18,,,,,,,,,1.35,0.85,1.04,1*01
$GNGSA,A,3,70,71,76,82,,,,,,,,,1.35,0.85,1.04,2*07
$GNGSA,A,3,,,,,,,,,,,,,1.35,0.85,1.04,3*0C
$GNGSA,A,3,08,03,04,05,,,,,,,,,1.35,0.85,1.04,4*01
$GPGSV,2,1,07,05,27,068,,31,57,206,38.8,30,31,097,,14,66,024,39.3,1*6C
$GPGSV,2,2,07,11,22,301,,01,19,310,38.9,18,18,128,39.3,1*5A
$GLGSV,1,1,04,70,61,200,39.1,71,46,317,38.8,76,16,252,38.9,82,09,103,38.4,1*78
$GAGSV,1,1,00,7*73
$GBGSV,1,1,04,08,75,328,39.1,03,43,190,37.9,04,27,125,39.0,05,15,248,38.6,1*74
$GNRMC,021251.000,A,3900.0003,N,11613.9816,E,0.00,189.11,280612,,,A,V*0B
$GNVTG,189.11,T,,M,0.00,N,0.00,K,A*23
$GNZDA,021251.000,28,06,2012,,*40
$GNGGA,021252.000,3900.0003,N,11613.9816,E,1,12,0.85,-11.7,M,-6.8,M,,*78
$PAIRACC,4.80,10.61*71
$GNGLL,3900.0003,N,11613.9816,E,021252.000,A,A*4A
$GNGSA,A,3,31,14,01,18,,,,,,,,,1.35,0.85,1.04,1*01
$GNGSA,A,3,70,71,76,82,,,,,,,,,1.35,0.85,1.04,2*07
$GNGSA,A,3,,,,,,,,,,,,,1.35,0.85,1.04,3*0C
$GNGSA,A,3,08,03,04,05,,,,,,,,,1.35,0.85,1.04,4*01
$GPGSV,2,1,07,05,27,068,,31,57,206,38.9,30,31,097,,14,66,024,39.2,1*6C
$GPGSV,2,2,07,11,22,301,,01,19,310,38.3,18,18,128,39.0,1*53
$GLGSV,1,1,04,70,61,200,38.5,71,46,317,39.0,76,16,252,39.2,82,09,103,39.0,1*7B
$GAGSV,1,1,00,7*73
$GBGSV,1,1,04,08,75,328,38.9,03,43,190,37.9,04,27,125,38.5,05,15,248,38.8,1*77
$GNRMC,021252.000,A,3900.0003,N,11613.9816,E,0.00,0.00,280612,,,A,V*08
$GNVTG,0.00,T,,M,0.00,N,0.00,K,A*23
$GNZDA,021252.000,28,06,2012,,*43
$GNGGA,021253.000,3900.0003,N,11613.9816,E,1,12,0.85,-11.7,M,-6.8,M,,*79
$PAIRACC,4.65,10.35*7B
$GNGLL,3900.0003,N,11613.9816,E,021253.000,A,A*4B
$GNGSA,A,3,31,14,01,18,,,,,,,,,1.35,0.85,1.04,1*01
$GNGSA,A,3,70,71,76,82,,,,,,,,,1.35,0.85,1.04,2*07
$GNGSA,A,3,,,,,,,,,,,,,1.35,0.85,1.04,3*0C
$GNGSA,A,3,08,03,04,05,,,,,,,,,1.35,0.85,1.04,4*01
$GPGSV,2,1,07,05,27,068,,31,57,206,39.4,30,31,097,,14,66,024,39.1,1*63
$GPGSV,2,2,07,11,22,301,,01,19,310,38.3,18,18,128,39.1,1*52
$GLGSV,1,1,04,70,61,200,38.9,71,46,317,39.0,76,16,252,38.8,82,09,103,38.6,1*7B
$GAGSV,1,1,00,7*73
$GBGSV,1,1,04,08,75,328,39.2,03,43,190,38.5,04,27,125,38.7,05,15,248,39.0,1*75
$GNRMC,021253.000,A,3900.0003,N,11613.9816,E,0.00,218.52,280612,,,A,V*05
$GNVTG,218.52,T,,M,0.00,N,0.00,K,A*2F
$GNZDA,021253.000,28,06,2012,,*42
$GNGGA,021254.000,3900.0003,N,11613.9816,E,1,12,0.85,-11.7,M,-6.8,M,,*7E
$PAIRACC,4.80,10.61*71
$GNGLL,3900.0003,N,11613.9816,E,021254.000,A,A*4C
$GNGSA,A,3,31,14,01,18,,,,,,,,,1.35,0.85,1.04,1*01
$GNGSA,A,3,70,71,76,82,,,,,,,,,1.35,0.85,1.04,2*07
$GNGSA,A,3,,,,,,,,,,,,,1.35,0.85,1.04,3*0C
$GNGSA,A,3,08,03,04,05,,,,,,,,,1.35,0.85,1.04,4*01
$GPGSV,2,1,07,05,27,068,,31,57,206,39.2,30,31,097,,14,66,024,39.1,1*65
$GPGSV,2,2,07,11,22,301,,01,19,310,38.5,18,18,128,39.1,1*54
$GLGSV,1,1,04,70,61,200,38.8,71,46,317,39.0,76,16,252,39.2,82,09,103,39.1,1*77
$GAGSV,1,1,00,7*73
$GBGSV,1,1,04,08,75,328,39.2,03,43,190,38.2,04,27,125,38.8,05,15,248,38.6,1*7A
$GNRMC,021254.000,A,3900.0003,N,11613.9816,E,0.00,120.97,280612,,,A,V*03
$GNVTG,120.97,T,,M,0.00,N,0.00,K,A*2E
$GNZDA,021254.000,28,06,2012,,*45
$GNGGA,021255.000,3900.0003,N,11613.9816,E,1,12,0.85,-11.7,M,-6.8,M,,*7F
$PAIRACC,4.65,10.36*78
$GNGLL,3900.0003,N,11613.9816,E,021255.000,A,A*4D
$GNGSA,A,3,31,14,01,18,,,,,,,,,1.35,0.85,1.04,1*01
$GNGSA,A,3,70,71,76,82,,,,,,,,,1.35,0.85,1.04,2*07
$GNGSA,A,3,,,,,,,,,,,,,1.35,0.85,1.04,3*0C
$GNGSA,A,3,08,03,04,05,,,,,,,,,1.35,0.85,1.04,4*01
$GPGSV,2,1,07,05,27,068,,31,57,206,39.0,30,31,097,,14,66,024,39.2,1*64
$GPGSV,2,2,07,11,22,301,,01,19,310,39.1,18,18,128,39.0,1*50
$GLGSV,1,1,04,70,61,200,39.0,71,46,317,38.3,76,16,252,39.0,82,09,103,39.2,1*7D
$GAGSV,1,1,00,7*73
$GBGSV,1,1,04,08,75,328,38.8,03,43,190,37.7,04,27,125,38.7,05,15,248,39.0,1*73
$GNRMC,021255.000,A,3900.0003,N,11613.9816,E,0.00,255.47,280612,,,A,V*0E
$GNVTG,255.47,T,,M,0.00,N,0.00,K,A*22
$GNZDA,021255.000,28,06,2012,,*44
$GNGGA,021256.000,3900.0003,N,11613.9816,E,1,12,0.85,-11.7,M,-6.8,M,,*7C
$PAIRACC,4.75,10.52*7B
$GNGLL,3900.0003,N,11613.9816,E,021256.000,A,A*4E
$GNGSA,A,3,31,14,01,18,,,,,,,,,1.35,0.85,1.05,1*00
$GNGSA,A,3,70,71,76,82,,,,,,,,,1.35,0.85,1.05,2*06
$GNGSA,A,3,,,,,,,,,,,,,1.35,0.85,1.05,3*0D
$GNGSA,A,3,08,03,04,05,,,,,,,,,1.35,0.85,1.05,4*00
$GPGSV,2,1,07,05,27,068,,31,57,206,38.6,30,31,097,,14,66,024,39.0,1*61
$GPGSV,2,2,07,11,22,301,,01,19,310,38.8,18,18,128,39.3,1*5B
$GLGSV,1,1,04,70,61,200,39.5,71,46,317,38.6,76,16,252,38.4,82,09,103,39.5,1*7F
$GAGSV,1,1,00,7*73
$GBGSV,1,1,04,08,75,328,39.1,03,43,190,38.7,04,27,125,38.9,05,15,248,38.7,1*7C
$GNRMC,021256.000,A,3900.0003,N,11613.9816,E,0.00,251.72,280612,,,A,V*0F
$GNVTG,251.72,T,,M,0.00,N,0.00,K,A*20
$GNZDA,021256.000,28,06,2012,,*47
$GNGGA,021257.000,3900.0003,N,11613.9816,E,1,12,0.85,-11.7,M,-6.8,M,,*7D
$PAIRACC,4.68,10.43*77
$GNGLL,3900.0003,N,11613.9816,E,021257.000,A,A*4F
$GNGSA,A,3,31,14,01,18,,,,,,,,,1.35,0.85,1.05,1*00
$GNGSA,A,3,70,71,76,82,,,,,,,,,1.35,0.85,1.05,2*06
$GNGSA,A,3,,,,,,,,,,,,,1.35,0.85,1.05,3*0D
$GNGSA,A,3,08,03,04,05,,,,,,,,,1.35,0.85,1.05,4*00
$GPGSV,2,1,07,05,27,068,,31,57,206,39.1,30,31,097,,14,66,024,39.3,1*64
$GPGSV,2,2,07,11,22,301,,01,19,310,38.8,18,18,128,39.3,1*5B
$GLGSV,1,1,04,70,61,200,39.2,71,46,317,39.2,76,16,252,39.4,82,09,103,38.6,1*7E
$GAGSV,1,1,00,7*73
$GBGSV,1,1,04,08,75,328,38.8,03,43,190,38.2,04,27,125,38.7,05,15,248,39.0,1*79
$GNRMC,021257.000,A,3900.0003,N,11613.9816,E,0.00,221.33,280612,,,A,V*0C
$GNVTG,221.33,T,,M,0.00,N,0.00,K,A*22
$GNZDA,021257.000,28,06,2012,,*46
$GNGGA,021258.000,3900.0003,N,11613.9816,E,1,12,0.85,-11.7,M,-6.8,M,,*72
$PAIRACC,4.77,10.58*73
$GNGLL,3900.0003,N,11613.9816,E,021258.000,A,A*40
$GNGSA,A,3,31,14,01,18,,,,,,,,,1.35,0.85,1.04,1*01
$GNGSA,A,3,70,71,76,82,,,,,,,,,1.35,0.85,1.04,2*07
$GNGSA,A,3,,,,,,,,,,,,,1.35,0.85,1.04,3*0C
$GNGSA,A,3,08,03,04,05,,,,,,,,,1.35,0.85,1.04,4*01
$GPGSV,2,1,07,05,27,068,,31,57,206,38.9,30,31,097,,14,66,024,39.4,1*6A
$GPGSV,2,2,07,11,22,301,,01,19,310,38.7,18,18,128,39.3,1*54
$GLGSV,1,1,04,70,61,200,39.1,71,46,317,38.6,76,16,252,38.6,82,09,103,39.3,1*7F
$GAGSV,1,1,00,7*73
$GBGSV,1,1,04,08,75,328,38.8,03,43,190,37.6,04,27,125,39.0,05,15,248,39.0,1*74
$GNRMC,021258.000,A,3900.0003,N,11613.9816,E,0.00,238.67,280612,,,A,V*0A
$GNVTG,238.67,T,,M,0.00,N,0.00,K,A*2B
$GNZDA,021258.000,28,06,2012,,*49
$GNGGA,021259.000,3900.0003,N,11613.9816,E,1,12,0.85,-11.7,M,-6.8,M,,*73
$PAIRACC,4.69,10.42*77
$GNGLL,3900.0003,N,11613.9816,E,021259.000,A,A*41
$GNGSA,A,3,31,14,01,18,,,,,,,,,1.35,0.85,1.05,1*00
$GNGSA,A,3,70,71,76,82,,,,,,,,,1.35,0.85,1.05,2*06
$GNGSA,A,3,,,,,,,,,,,,,1.35,0.85,1.05,3*0D
$GNGSA,A,3,08,03,04,05,,,,,,,,,1.35,0.85,1.05,4*00
$GPGSV,2,1,07,05,27,068,,31,57,206,39.0,30,31,097,,14,66,024,39.2,1*64
$GPGSV,2,2,07,11,22,301,,01,19,310,38.8,18,18,128,39.0,1*58
$GLGSV,1,1,04,70,61,200,39.1,71,46,317,39.0,76,16,252,39.2,82,09,103,39.0,1*7E
$GAGSV,1,1,00,7*73
$GBGSV,1,1,04,08,75,328,39.3,03,43,190,38.8,04,27,125,38.9,05,15,248,39.2,1*75
$GNRMC,021259.000,A,3900.0003,N,11613.9816,E,0.00,214.07,280612,,,A,V*03
$GNVTG,214.07,T,,M,0.00,N,0.00,K,A*23
$GNZDA,021259.000,28,06,2012,,*48
$GNGGA,021300.000,3900.0002,N,11613.9816,E,1,12,0.85,-11.7,M,-6.8,M,,*7F
$PAIRACC,4.75,10.57*7E
$GNGLL,3900.0002,N,11613.9816,E,021300.000,A,A*4D
$GNGSA,A,3,31,14,01,18,,,,,,,,,1.35,0.85,1.05,1*00
$GNGSA,A,3,70,71,76,82,,,,,,,,,1.35,0.85,1.05,2*06
$GNGSA,A,3,,,,,,,,,,,,,1.35,0.85,1.05,3*0D
$GNGSA,A,3,08,03,04,05,,,,,,,,,1.35,0.85,1.05,4*00
$GPGSV,2,1,07,05,27,068,,31,57,206,38.7,30,31,097,,14,66,024,39.1,1*61
$GPGSV,2,2,07,11,22,301,,01,19,310,39.0,18,18,128,39.3,1*52
$GLGSV,1,1,04,70,61,200,39.2,71,46,317,39.2,76,16,252,39.3,82,09,103,39.2,1*7C
$GAGSV,1,1,00,7*73
$GBGSV,1,1,04,08,75,328,39.0,03,43,190,37.9,04,27,125,38.5,05,15,248,38.6,1*71
$GNRMC,021300.000,A,3900.0002,N,11613.9816,E,0.00,225.00,280612,,,A,V*0A
$GNVTG,225.00,T,,M,0.00,N,0.00,K,A*26
$GNZDA,021300.000,28,06,2012,,*45
$GNGGA,021301.000,3900.0002,N,11613.9816,E,1,12,0.85,-11.7,M,-6.8,M,,*7E
$PAIRACC,4.73,10.53*7C
$GNGLL,3900.0002,N,11613.9816,E,021301.000,A,A*4C
$GNGSA,A,3,31,14,01,18,,,,,,,,,1.35,0.85,1.05,1*00
$GNGSA,A,3,70,71,76,82,,,,,,,,,1.35,0.85,1.05,2*06
$GNGSA,A,3,,,,,,,,,,,,,1.35,0.85,1.05,3*0D
$GNGSA,A,3,08,03,04,05,,,,,,,,,1.35,0.85,1.05,4*00
$GPGSV,2,1,07,05,27,068,,31,57,206,38.8,30,31,097,,14,66,024,39.1,1*6E
$GPGSV,2,2,07,11,22,301,,01,19,310,38.9,18,18,128,39.2,1*5B
$GLGSV,1,1,04,70,61,200,38.9,71,46,317,39.2,76,16,252,39.3,82,09,103,39.0,1*74
$GAGSV,1,1,00,7*73
$GBGSV,1,1,04,08,75,328,38.9,03,43,190,37.8,04,27,125,38.8,05,15,248,38.7,1*74
$GNRMC,021301.000,A,3900.0002,N,11613.9816,E,0.00,158.41,280612,,,A,V*07
$GNVTG,158.41,T,,M,0.00,N,0.00,K,A*2A
$GNZDA,021301.000,28,06,2012,,*44
$GNGGA,021302.000,3900.0002,N,11613.9816,E,1,12,0.85,-11.7,M,-6.8,M,,*7D
$PAIRACC,4.76,10.59*73
$GNGLL,3900.0002,N,11613.9816,E,021302.000,A,A*4F
$GNGSA,A,3,31,14,01,18,,,,,,,,,1.35,0.85,1.05,1*00
$GNGSA,A,3,70,71,76,82,,,,,,,,,1.35,0.85,1.05,2*06
$GNGSA,A,3,,,,,,,,,,,,,1.35,0.85,1.05,3*0D
$GNGSA,A,3,08,03,04,05,,,,,,,,,1.35,0.85,1.05,4*00
$GPGSV,2,1,07,05,27,068,,31,57,206,39.0,30,31,097,,14,66,024,39.1,1*67
$GPGSV,2,2,07,11,22,301,,01,19,310,39.2,18,18,128,39.4,1*57
$GLGSV,1,1,04,70,61,200,38.9,71,46,317,39.1,76,16,252,39.0,82,09,103,39.2,1*76
$GAGSV,1,1,00,7*73
$GBGSV,1,1,04,08,75,328,38.6,03,43,190,38.9,04,27,125,38.9,05,15,248,38.8,1*7B
$GNRMC,021302.000,A,3900.0002,N,11613.9816,E,0.00,200.06,280612,,,A,V*09
$GNVTG,200.06,T,,M,0.00,N,0.00,K,A*27
$GNZDA,021302.000,28,06,2012,,*47
$GNGGA,021303.000,3900.0002,N,11613.9816,E,1,12,0.85,-11.7,M,-6.8,M,,*7C
$PAIRACC,4.73,10.53*7C
$GNGLL,3900.0002,N,11613.9816,E,021303.000,A,A*4E
$GNGSA,A,3,31,14,01,18,,,,,,,,,1.35,0.85,1.05,1*00
$GNGSA,A,3,70,71,76,82,,,,,,,,,1.35,0.85,1.05,2*06
$GNGSA,A,3,,,,,,,,,,,,,1.35,0.85,1.05,3*0D
$GNGSA,A,3,08,03,04,05,,,,,,,,,1.35,0.85,1.05,4*00
$GPGSV,2,1,07,05,27,068,,31,57,206,38.8,30,31,097,,14,66,024,39.6,1*69
$GPGSV,2,2,07,11,22,301,,01,19,310,38.5,18,18,128,39.6,1*53
$GLGSV,1,1,04,70,61,200,38.6,71,46,317,39.0,76,16,252,39.2,82,09,103,39.1,1*79
$GAGSV,1,1,00,7*73
$GBGSV,1,1,04,08,75,328,38.1,03,43,190,37.5,04,27,125,39.1,05,15,248,38.9,1*77
$GNRMC,021303.000,A,3900.0002,N,11613.9816,E,0.00,183.00,280612,,,A,V*06
$GNVTG,183.00,T,,M,0.00,N,0.00,K,A*29
$GNZDA,021303.000,28,06,2012,,*46
$GNGGA,021304.000,3900.0002,N,11613.9816,E,1,12,0.85,-11.7,M,-6.8,M,,*7B
$PAIRACC,4.76,10.60*79
$GNGLL,3900.0002,N,11613.9816,E,021304.000,A,A*49
$GNGSA,A,3,31,14,01,18,,,,,,,,,1.35,0.85,1.05,1*00
$GNGSA,A,3,70,71,76,82,,,,,,,,,1.35,0.85,1.05,2*06
$GNGSA,A,3,,,,,,,,,,,,,1.35,0.85,1.05,3*0D
$GNGSA,A,3,08,03,04,05,,,,,,,,,1.35,0.85,1.05,4*00
$GPGSV,2,1,07,05,27,068,,31,57,206,38.5,30,31,097,,14,66,024,39.2,1*60
$GPGSV,2,2,07,11,22,301,,01,19,310,38.5,18,18,128,39.5,1*50
$GLGSV,1,1,04,70,61,200,39.3,71,46,317,39.1,76,16,252,39.1,82,09,103,38.8,1*77
$GAGSV,1,1,00,7*73
$GBGSV,1,1,04,08,75,328,39.0,03,43,190,37.8,04,27,125,38.7,05,15,248,38.6,1*72
$GNRMC,021304.000,A,3900.0002,N,11613.9816,E,0.00,0.00,280612,,,A,V*0B
$GNVTG,0.00,T,,M,0.00,N,0.00,K,A*23
$GNZDA,021304.000,28,06,2012,,*41
$GNGGA,021305.000,3900.0002,N,11613.9816,E,1,12,0.85,-11.7,M,-6.8,M,,*7A
$PAIRACC,4.69,10.39*7B
$GNGLL,3900.0002,N,11613.9816,E,021305.000,A,A*48
$GNGSA,A,3,31,14,01,18,,,,,,,,,1.35,0.85,1.05,1*00
$GNGSA,A,3,70,71,76,82,,,,,,,,,1.35,0.85,1.05,2*06
$GNGSA,A,3,,,,,,,,,,,,,1.35,0.85,1.05,3*0D
$GNGSA,A,3,08,03,04,05,,,,,,,,,1.35,0.85,1.05,4*00
$GPGSV,2,1,07,05,27,068,,31,57,206,39.1,30,31,097,,14,66,024,39.3,1*64
$GPGSV,2,2,07,11,22,301,,01,19,310,38.6,18,18,128,39.2,1*54
$GLGSV,1,1,04,70,61,200,39.2,71,46,317,39.3,76,16,252,39.2,82,09,103,38.9,1*76
$GAGSV,1,1,00,7*73
$GBGSV,1,1,04,08,75,328,39.5,03,43,190,38.4,04,27,125,38.7,05,15,248,39.2,1*71
$GNRMC,021305.000,A,3900.0002,N,11613.9816,E,0.00,0.00,280612,,,A,V*0A
$GNVTG,0.00,T,,M,0.00,N,0.00,K,A*23
$GNZDA,021305.000,28,06,2012,,*40
$GNGGA,021306.000,3900.0002,N,11613.9816,E,1,12,0.85,-11.7,M,-6.8,M,,*79
$PAIRACC,4.78,10.68*7F
$GNGLL,3900.0002,N,11613.9816,E,021306.000,A,A*4B
$GNGSA,A,3,31,14,01,18,,,,,,,,,1.35,0.85,1.05,1*00
$GNGSA,A,3,70,71,76,82,,,,,,,,,1.35,0.85,1.05,2*06
$GNGSA,A,3,,,,,,,,,,,,,1.35,0.85,1.05,3*0D
$GNGSA,A,3,08,03,04,05,,,,,,,,,1.35,0.85,1.05,4*00
$GPGSV,2,1,07,05,27,068,,31,57,206,38.4,30,31,097,,14,66,024,39.1,1*62
$GPGSV,2,2,07,11,22,301,,01,19,310,38.7,18,18,128,39.3,1*54
$GLGSV,1,1,04,70,61,200,39.4,71,46,317,38.9,76,16,252,39.2,82,09,103,39.6,1*75
$GAGSV,1,1,00,7*73
$GBGSV,1,1,04,08,75,328,38.9,03,43,190,37.9,04,27,125,39.1,05,15,248,39.0,1*7B
$GNRMC,021306.000,A,3900.0002,N,11613.9816,E,0.00,0.00,280612,,,A,V*09
$GNVTG,0.00,T,,M,0.00,N,0.00,K,A*23
$GNZDA,021306.000,28,06,2012,,*43
$GNGGA,021307.000,3900.0002,N,11613.9816,E,1,12,0.85,-11.7,M,-6.8,M,,*78
$PAIRACC,4.65,10.37*79
$GNGLL,3900.0002,N,11613.9816,E,021307.000,A,A*4A
$GNGSA,A,3,31,14,01,18,,,,,,,,,1.35,0.85,1.05,1*00
$GNGSA,A,3,70,71,76,82,,,,,,,,,1.35,0.85,1.05,2*06
$GNGSA,A,3,,,,,,,,,,,,,1.35,0.85,1.05,3*0D
$GNGSA,A,3,08,03,04,05,,,,,,,,,1.35,0.85,1.05,4*00
$GPGSV,2,1,07,05,27,068,,31,57,206,39.1,30,31,097,,14,66,024,38.8,1*6E
$GPGSV,2,2,07,11,22,301,,01,19,310,38.8,18,18,128,39.1,1*59
$GLGSV,1,1,04,70,61,200,39.2,71,46,317,38.6,76,16,252,38.9,82,09,103,39.2,1*72
$GAGSV,1,1,00,7*73
$GBGSV,1,1,04,08,75,328,38.8,03,43,190,37.8,04,27,125,38.4,05,15,248,38.6,1*78
$GNRMC,021307.000,A,3900.0002,N,11613.9816,E,0.00,235.85,280612,,,A,V*01
$GNVTG,235.85,T,,M,0.00,N,0.00,K,A*2A
$GNZDA,021307.000,28,06,2012,,*42
$GNGGA,021308.000,3900.0002,N,11613.9816,E,1,12,0.85,-11.7,M,-6.8,M,,*77
$PAIRACC,4.71,10.41*7D
$GNGLL,3900.0002,N,11613.9816,E,021308.000,A,A*45
$GNGSA,A,3,31,14,01,18,,,,,,,,,1.35,0.85,1.05,1*00
$GNGSA,A,3,70,71,76,82,,,,,,,,,1.35,0.85,1.05,2*06
$GNGSA,A,3,,,,,,,,,,,,,1.35,0.85,1.05,3*0D
$GNGSA,A,3,08,03,04,05,,,,,,,,,1.35,0.85,1.05,4*00
$GPGSV,2,1,07,05,27,068,,31,57,206,38.7,30,31,097,,14,66,024,39.0,1*60
$GPGSV,2,2,07,11,22,301,,01,19,310,38.7,18,18,128,39.2,1*55
$GLGSV,1,1,04,70,61,200,38.9,71,46,317,39.0,76,16,252,38.9,82,09,103,39.5,1*78
$GAGSV,1,1,00,7*73
$GBGSV,1,1,04,08,75,328,38.7,03,43,190,38.8,04,27,125,38.7,05,15,248,38.6,1*7B
$GNRMC,021308.000,A,3900.0002,N,11613.9816,E,0.00,291.21,280612,,,A,V*0E
$GNVTG,291.21,T,,M,0.00,N,0.00,K,A*2A
$GNZDA,021308.000,28,06,2012,,*4D
$GNGGA,021309.000,3900.0002,N,11613.9816,E,1,12,0.85,-11.7,M,-6.8,M,,*76
$PAIRACC,4.64,10.36*79
$GNGLL,3900.0002,N,11613.9816,E,021309.000,A,A*44
$GNGSA,A,3,31,14,01,18,,,,,,,,,1.35,0.85,1.05,1*00
$GNGSA,A,3,70,71,76,82,,,,,,,,,1.35,0.85,1.05,2*06
$GNGSA,A,3,,,,,,,,,,,,,1.35,0.85,1.05,3*0D
$GNGSA,A,3,08,03,04,05,,,,,,,,,1.35,0.85,1.05,4*00
$GPGSV,2,1,07,05,27,068,,31,57,206,39.0,30,31,097,,14,66,024,39.1,1*67
$GPGSV,2,2,07,11,22,301,,01,19,310,38.9,18,18,128,39.1,1*58
$GLGSV,1,1,04,70,61,200,39.2,71,46,317,39.0,76,16,252,39.3,82,09,103,39.4,1*78
$GAGSV,1,1,00,7*73
$GBGSV,1,1,04,08,75,328,39.0,03,43,190,38.1,04,27,125,38.9,05,15,248,39.0,1*7D
$GNRMC,021309.000,A,3900.0002,N,11613.9816,E,0.00,307.22,280612,,,A,V*02
$GNVTG,307.22,T,,M,0.00,N,0.00,K,A*27
$GNZDA,021309.000,28,06,2012,,*4C
$GNGGA,021310.000,3900.0002,N,11613.9816,E,1,12,0.85,-11.8,M,-6.8,M,,*71
$PAIRACC,4.69,10.45*70
$GNGLL,3900.0002,N,11613.9816,E,021310.000,A,A*4C
$GNGSA,A,3,31,14,01,18,,,,,,,,,1.35,0.85,1.05,1*00
$GNGSA,A,3,70,71,76,82,,,,,,,,,1.35,0.85,1.05,2*06
$GNGSA,A,3,,,,,,,,,,,,,1.35,0.85,1.05,3*0D
$GNGSA,A,3,08,03,04,05,,,,,,,,,1.35,0.85,1.05,4*00
$GPGSV,2,1,07,05,27,068,,31,57,206,39.1,30,31,097,,14,66,024,39.2,1*65
$GPGSV,2,2,07,11,22,301,,01,19,310,38.3,18,18,128,39.3,1*50
$GLGSV,1,1,04,70,61,200,39.0,71,46,317,38.9,76,16,252,39.1,82,09,103,38.9,1*7C
$GAGSV,1,1,00,7*73
$GBGSV,1,1,04,08,75,328,38.9,03,43,190,37.8,04,27,125,38.4,05,15,248,38.9,1*76
$GNRMC,021310.000,A,3900.0002,N,11613.9816,E,0.00,243.85,280612,,,A,V*06
$GNVTG,243.85,T,,M,0.00,N,0.00,K,A*2B
$GNZDA,021310.000,28,06,2012,,*44
$GNGGA,021311.000,3900.0002,N,11613.9816,E,1,12,0.85,-11.8,M,-6.8,M,,*70
$PAIRACC,4.69,10.39*7B
$GNGLL,3900.0002,N,11613.9816,E,021311.000,A,A*4D
$GNGSA,A,3,31,14,01,18,,,,,,,,,1.35,0.85,1.05,1*00
$GNGSA,A,3,70,71,76,82,,,,,,,,,1.35,0.85,1.05,2*06
$GNGSA,A,3,,,,,,,,,,,,,1.35,0.85,1.05,3*0D
$GNGSA,A,3,08,03,04,05,,,,,,,,,1.35,0.85,1.05,4*00
$GPGSV,2,1,07,05,27,068,,31,57,206,38.9,30,31,097,,14,66,024,39.1,1*6F
$GPGSV,2,2,07,11,22,301,,01,19,310,38.3,18,18,128,39.0,1*53
$GLGSV,1,1,04,70,61,200,39.4,71,46,317,39.0,76,16,252,39.1,82,09,103,38.5,1*7C
$GAGSV,1,1,00,7*73
$GBGSV,1,1,04,08,75,328,39.3,03,43,190,38.9,04,27,125,38.6,05,15,248,38.7,1*7F
$GNRMC,021311.000,A,3900.0002,N,11613.9816,E,0.00,32.84,280612,,,A,V*32
$GNVTG,32.84,T,,M,0.00,N,0.00,K,A*1E
$GNZDA,021311.000,28,06,2012,,*45
$GNGGA,021312.000,3900.0002,N,11613.9816,E,1,12,0.85,-11.8,M,-6.8,M,,*73
$PAIRACC,4.65,10.35*7B
$GNGLL,3900.0002,N,11613.9816,E,021312.000,A,A*4E
$GNGSA,A,3,31,14,01,18,,,,,,,,,1.35,0.85,1.05,1*00
$GNGSA,A,3,70,71,76,82,,,,,,,,,1.35,0.85,1.05,2*06
$GNGSA,A,3,,,,,,,,,,,,,1.35,0.85,1.05,3*0D
$GNGSA,A,3,08,03,04,05,,,,,,,,,1.35,0.85,1.05,4*00
$GPGSV,2,1,07,05,27,068,,31,57,206,39.0,30,31,097,,14,66,024,39.1,1*67
$GPGSV,2,2,07,11,22,301,,01,19,310,39.2,18,18,128,39.4,1*57
$GLGSV,1,1,04,70,61,200,39.5,71,46,317,39.1,76,16,252,39.0,82,09,103,39.2,1*7B
$GAGSV,1,1,00,7*73
$GBGSV,1,1,04,08,75,328,39.2,03,43,190,37.6,04,27,125,38.8,05,15,248,38.7,1*70
$GNRMC,021312.000,A,3900.0002,N,11613.9816,E,0.00,291.45,280612,,,A,V*07
$GNVTG,291.45,T,,M,0.00,N,0.00,K,A*28
$GNZDA,021312.000,28,06,2012,,*46
$GNGGA,021313.000,3900.0002,N,11613.9816,E,1,12,0.85,-11.8,M,-6.8,M,,*72
$PAIRACC,4.73,10.66*7A
$GNGLL,3900.0002,N,11613.9816,E,021313.000,A,A*4F
$GNGSA,A,3,31,14,01,18,,,,,,,,,1.35,0.85,1.05,1*00
$GNGSA,A,3,70,71,76,82,,,,,,,,,1.35,0.85,1.05,2*06
$GNGSA,A,3,,,,,,,,,,,,,1.35,0.85,1.05,3*0D
$GNGSA,A,3,08,03,04,05,,,,,,,,,1.35,0.85,1.05,4*00
$GPGSV,2,1,07,05,27,068,,31,57,206,39.1,30,31,097,,14,66,024,39.5,1*62
$GPGSV,2,2,07,11,22,301,,01,19,310,38.7,18,18,128,39.3,1*54
$GLGSV,1,1,04,70,61,200,39.6,71,46,317,39.1,76,16,252,38.5,82,09,103,38.7,1*78
$GAGSV,1,1,00,7*73
$GBGSV,1,1,04,08,75,328,39.1,03,43,190,37.8,04,27,125,39.2,05,15,248,38.8,1*79
$GNRMC,021313.000,A,3900.0002,N,11613.9816,E,0.00,250.54,280612,,,A,V*0B
$GNVTG,250.54,T,,M,0.00,N,0.00,K,A*25
$GNZDA,021313.000,28,06,2012,,*47
$GNGGA,021314.000,3900.0002,N,11613.9816,E,1,12,0.85,-11.8,M,-6.8,M,,*75
$PAIRACC,4.75,10.45*7D
$GNGLL,3900.0002,N,11613.9816,E,021314.000,A,A*48
$GNGSA,A,3,31,14,01,18,,,,,,,,,1.35,0.85,1.05,1*00
$GNGSA,A,3,70,71,76,82,,,,,,,,,1.35,0.85,1.05,2*06
$GNGSA,A,3,,,,,,,,,,,,,1.35,0.85,1.05,3*0D
$GNGSA,A,3,08,03,04,05,,,,,,,,,1.35,0.85,1.05,4*00
$GPGSV,2,1,07,05,27,068,,31,57,206,38.7,30,31,097,,14,66,024,39.0,1*60
$GPGSV,2,2,07,11,22,301,,01,19,310,38.5,18,18,128,39.1,1*54
$GLGSV,1,1,04,70,61,200,39.5,71,46,317,38.8,76,16,252,39.1,82,09,103,39.0,1*70
$GAGSV,1,1,00,7*73
$GBGSV,1,1,04,08,75,328,39.2,03,43,190,38.5,04,27,125,38.8,05,15,248,39.0,1*7A
$GNRMC,021314.000,A,3900.0002,N,11613.9816,E,0.00,259.04,280612,,,A,V*00
$GNVTG,259.04,T,,M,0.00,N,0.00,K,A*29
$GNZDA,021314.000,28,06,2012,,*40
$GNGGA,021315.000,3900.0002,N,11613.9816,E,1,12,0.85,-11.8,M,-6.8,M,,*74
$PAIRACC,4.73,10.64*78
$GNGLL,3900.0002,N,11613.9816,E,021315.000,A,A*49
$GNGSA,A,3,31,14,01,18,,,,,,,,,1.35,0.85,1.05,1*00
$GNGSA,A,3,70,71,76,82,,,,,,,,,1.35,0.85,1.05,2*06
$GNGSA,A,3,,,,,,,,,,,,,1.35,0.85,1.05,3*0D
$GNGSA,A,3,08,03,04,05,,,,,,,,,1.35,0.85,1.05,4*00
$GPGSV,2,1,07,05,27,068,,31,57,206,38.9,30,31,097,,14,66,024,39.0,1*6E
$GPGSV,2,2,07,11,22,301,,01,19,310,38.8,18,18,128,39.1,1*59
$GLGSV,1,1,04,70,61,200,39.2,71,46,317,38.8,76,16,252,38.5,82,09,103,39.0,1*72
$GAGSV,1,1,00,7*73
$GBGSV,1,1,04,08,75,328,39.2,03,43,190,37.4,04,27,125,38.6,05,15,248,38.6,1*7D
$GNRMC,021315.000,A,3900.0002,N,11613.9816,E,0.00,230.52,280612,,,A,V*0D
$GNVTG,230.52,T,,M,0.00,N,0.00,K,A*25
$GNZDA,021315.000,28,06,2012,,*41
$GNGGA,021316.000,3900.0002,N,11613.9816,E,1,12,0.85,-11.8,M,-6.8,M,,*77
$PAIRACC,4.69,10.40*75
$GNGLL,3900.0002,N,11613.9816,E,021316.000,A,A*4A
$GNGSA,A,3,31,14,01,18,,,,,,,,,1.35,0.85,1.05,1*00
$GNGSA,A,3,70,71,76,82,,,,,,,,,1.35,0.85,1.05,2*06
$GNGSA,A,3,,,,,,,,,,,,,1.35,0.85,1.05,3*0D
$GNGSA,A,3,08,03,04,05,,,,,,,,,1.35,0.85,1.05,4*00
$GPGSV,2,1,07,05,27,068,,31,57,206,39.0,30,31,097,,14,66,024,39.3,1*65
$GPGSV,2,2,07,11,22,301,,01,19,310,38.6,18,18,128,39.1,1*57
$GLGSV,1,1,04,70,61,200,39.3,71,46,317,39.1,76,16,252,39.1,82,09,103,39.2,1*7C
$GAGSV,1,1,00,7*73
$GBGSV,1,1,04,08,75,328,39.2,03,43,190,38.2,04,27,125,38.7,05,15,248,38.8,1*7B
$GNRMC,021316.000,A,3900.0002,N,11613.9816,E,0.00,234.79,280612,,,A,V*03
$GNVTG,234.79,T,,M,0.00,N,0.00,K,A*28
$GNZDA,021316.000,28,06,2012,,*42
$GNGGA,021317.000,3900.0002,N,11613.9816,E,1,12,0.85,-11.8,M,-6.8,M,,*76
$PAIRACC,4.73,10.58*77
$GNGLL,3900.0002,N,11613.9816,E,021317.000,A,A*4B
$GNGSA,A,3,18,31,01,14,,,,,,,,,1.35,0.85,1.05,1*00
$GNGSA,A,3,70,71,76,82,,,,,,,,,1.35,0.85,1.05,2*06
$GNGSA,A,3,,,,,,,,,,,,,1.35,0.85,1.05,3*0D
$GNGSA,A,3,08,03,04,05,,,,,,,,,1.35,0.85,1.05,4*00
$GPGSV,2,1,08,18,18,128,38.9,31,57,206,38.7,30,31,097,,05,27,068,,1*6F
$GPGSV,2,2,08,11,22,301,,12,20,058,,01,19,310,39.2,14,66,024,39.2,1*6A
$GLGSV,1,1,04,70,61,200,38.7,71,46,317,39.2,76,16,252,38.9,82,09,103,38.7,1*77
$GAGSV,1,1,00,7*73
$GBGSV,1,1,04,08,75,328,39.0,03,43,190,38.7,04,27,125,38.6,05,15,248,39.1,1*75
$GNRMC,021317.000,A,3900.0002,N,11613.9816,E,0.00,248.78,280612,,,A,V*08
$GNVTG,248.78,T,,M,0.00,N,0.00,K,A*22
$GNZDA,021317.000,28,06,2012,,*43
$GNGGA,021318.000,3900.0002,N,11613.9816,E,1,12,0.85,-11.8,M,-6.8,M,,*79
$PAIRACC,4.67,10.45*7E
$GNGLL,3900.0002,N,11613.9816,E,021318.000,A,A*44
$GNGSA,A,3,18,31,01,14,,,,,,,,,1.35,0.85,1.05,1*00
$GNGSA,A,3,70,71,76,82,,,,,,,,,1.35,0.85,1.05,2*06
$GNGSA,A,3,,,,,,,,,,,,,1.35,0.85,1.05,3*0D
$GNGSA,A,3,08,03,04,05,,,,,,,,,1.35,0.85,1.05,4*00
$GPGSV,2,1,08,18,18,128,39.0,31,57,206,38.9,30,31,097,,05,27,068,,1*69
$GPGSV,2,2,08,11,22,301,,12,20,058,,01,19,310,38.5,14,66,024,38.9,1*66
$GLGSV,1,1,04,70,61,200,38.6,71,46,317,39.4,76,16,252,39.0,82,09,103,39.2,1*7C
$GAGSV,1,1,00,7*73
$GBGSV,1,1,04,08,75,328,39.3,03,43,190,37.8,04,27,125,38.8,05,15,248,39.0,1*79
$GNRMC,021318.000,A,3900.0002,N,11613.9816,E,0.00,292.05,280612,,,A,V*0A
$GNVTG,292.05,T,,M,0.00,N,0.01,K,A*2E
$GNZDA,021318.000,28,06,2012,,*4C
$GNGGA,021319.000,3900.0002,N,11613.9816,E,1,12,0.85,-11.8,M,-6.8,M,,*78
$PAIRACC,4.65,10.50*78
$GNGLL,3900.0002,N,11613.9816,E,021319.000,A,A*45
$GNGSA,A,3,18,31,01,14,,,,,,,,,1.35,0.85,1.05,1*00
$GNGSA,A,3,70,71,76,82,,,,,,,,,1.35,0.85,1.05,2*06
$GNGSA,A,3,,,,,,,,,,,,,1.35,0.85,1.05,3*0D
$GNGSA,A,3,08,03,04,05,,,,,,,,,1.35,0.85,1.05,4*00
$GPGSV,2,1,08,18,18,128,39.0,31,57,206,38.7,30,31,097,,05,27,068,,1*67
$GPGSV,2,2,08,11,22,301,,12,20,058,,01,19,310,38.6,14,66,024,38.9,1*65
$GLGSV,1,1,04,70,61,200,39.2,71,46,317,39.5,76,16,252,39.2,82,09,103,38.5,1*7C
$GAGSV,1,1,00,7*73
$GBGSV,1,1,04,08,75,328,38.8,03,43,190,38.0,04,27,125,38.8,05,15,248,38.5,1*70
$GNRMC,021319.000,A,3900.0002,N,11613.9816,E,0.00,308.83,280612,,,A,V*07
$GNVTG,308.83,T,,M,0.00,N,0.01,K,A*22
$GNZDA,021319.000,28,06,2012,,*4D
$GNGGA,021320.000,3900.0002,N,11613.9816,E,1,12,0.85,-11.8,M,-6.8,M,,*72
$PAIRACC,4.70,10.46*7B
$GNGLL,3900.0002,N,11613.9816,E,021320.000,A,A*4F
$GNGSA,A,3,18,31,01,14,,,,,,,,,1.35,0.85,1.05,1*00
$GNGSA,A,3,70,71,76,82,,,,,,,,,1.35,0.85,1.05,2*06
$GNGSA,A,3,,,,,,,,,,,,,1.35,0.85,1.05,3*0D
$GNGSA,A,3,08,03,04,05,,,,,,,,,1.35,0.85,1.05,4*00
$GPGSV,2,1,08,18,18,128,39.1,31,57,206,39.1,30,31,097,,05,27,068,,1*61
$GPGSV,2,2,08,11,22,301,,12,20,058,,01,19,310,39.0,14,66,024,39.1,1*6B
$GLGSV,1,1,04,70,61,200,38.9,71,46,317,39.1,76,16,252,39.1,82,09,103,39.3,1*76
$GAGSV,1,1,00,7*73
$GBGSV,1,1,04,08,75,328,38.4,03,43,190,38.6,04,27,125,38.6,05,15,248,38.8,1*79
$GNRMC,021320.000,A,3900.0002,N,11613.9816,E,0.00,269.54,280612,,,A,V*01
$GNVTG,269.54,T,,M,0.00,N,0.01,K,A*2E
$GNZDA,021320.000,28,06,2012,,*47
$GNGGA,021321.000,3900.0003,N,11613.9816,E,1,12,0.85,-11.8,M,-6.8,M,,*72
$PAIRACC,4.66,10.37*7A
$GNGLL,3900.0003,N,11613.9816,E,021321.000,A,A*4F
$GNGSA,A,3,18,31,01,14,,,,,,,,,1.35,0.85,1.05,1*00
$GNGSA,A,3,70,71,76,82,,,,,,,,,1.35,0.85,1.05,2*06
$GNGSA,A,3,,,,,,,,,,,,,1.35,0.85,1.05,3*0D
$GNGSA,A,3,08,03,04,05,,,,,,,,,1.35,0.85,1.05,4*00
$GPGSV,2,1,08,18,18,128,39.2,31,57,206,39.0,30,31,097,,05,27,068,,1*63
$GPGSV,2,2,08,11,22,301,,12,20,058,,01,19,310,39.1,14,66,024,39.5,1*6E
$GLGSV,1,1,04,70,61,200,39.0,71,46,317,38.9,76,16,252,39.4,82,09,103,39.1,1*70
$GAGSV,1,1,00,7*73
$GBGSV,1,1,04,08,75,328,38.8,03,43,190,38.0,04,27,125,38.7,05,15,248,38.7,1*7D
$GNRMC,021321.000,A,3900.0003,N,11613.9816,E,0.00,291.72,280612,,,A,V*02
$GNVTG,291.72,T,,M,0.00,N,0.01,K,A*2D
$GNZDA,021321.000,28,06,2012,,*46
$GNGGA,021322.000,3900.0003,N,11613.9816,E,1,12,0.85,-11.8,M,-6.8,M,,*71
$PAIRACC,4.71,10.45*79
$GNGLL,3900.0003,N,11613.9816,E,021322.000,A,A*4C
$GNGSA,A,3,18,31,01,14,,,,,,,,,1.35,0.85,1.05,1*00
$GNGSA,A,3,70,71,76,82,,,,,,,,,1.35,0.85,1.05,2*06
$GNGSA,A,3,,,,,,,,,,,,,1.35,0.85,1.05,3*0D
$GNGSA,A,3,08,03,04,05,,,,,,,,,1.35,0.85,1.05,4*00
$GPGSV,2,1,08,18,18,128,39.4,31,57,206,38.9,30,31,097,,05,27,068,,1*6D
$GPGSV,2,2,08,11,22,301,,12,20,058,,01,19,310,38.4,14,66,024,39.3,1*6C
$GLGSV,1,1,04,70,61,200,39.5,71,46,317,38.9,76,16,252,39.0,82,09,103,39.1,1*71
$GAGSV,1,1,00,7*73
$GBGSV,1,1,04,08,75,328,39.2,03,43,190,37.7,04,27,125,38.5,05,15,248,38.5,1*7E
$GNRMC,021322.000,A,3900.0003,N,11613.9816,E,0.00,269.10,280612,,,A,V*02
$GNVTG,269.10,T,,M,0.00,N,0.01,K,A*2E
$GNZDA,021322.000,28,06,2012,,*45
$GNGGA,021323.000,3900.0003,N,11613.9815,E,1,12,0.85,-11.8,M,-6.8,M,,*73
$PAIRACC,4.67,10.54*7E
$GNGLL,3900.0003,N,11613.9815,E,021323.000,A,A*4E
$GNGSA,A,3,18,31,01,14,,,,,,,,,1.35,0.85,1.05,1*00
$GNGSA,A,3,70,71,76,82,,,,,,,,,1.35,0.85,1.05,2*06
$GNGSA,A,3,,,,,,,,,,,,,1.35,0.85,1.05,3*0D
$GNGSA,A,3,08,03,04,05,,,,,,,,,1.35,0.85,1.05,4*00
$GPGSV,2,1,08,18,18,128,38.8,31,57,206,39.3,30,31,097,,05,27,068,,1*6B
$GPGSV,2,2,08,11,22,301,,12,20,058,,01,19,310,38.5,14,66,024,39.4,1*6A
$GLGSV,1,1,04,70,61,200,39.4,71,46,317,39.3,76,16,252,38.8,82,09,103,38.6,1*74
$GAGSV,1,1,00,7*73
$GBGSV,1,1,04,08,75,328,39.0,03,43,190,39.1,04,27,125,39.0,05,15,248,38.6,1*73
$GNRMC,021323.000,A,3900.0003,N,11613.9815,E,0.00,268.70,280612,,,A,V*07
$GNVTG,268.70,T,,M,0.00,N,0.01,K,A*29
$GNZDA,021323.000,28,06,2012,,*44
$GNGGA,021324.000,3900.0003,N,11613.9815,E,1,12,0.85,-11.8,M,-6.8,M,,*74
$PAIRACC,4.73,10.41*7F
$GNGLL,3900.0003,N,11613.9815,E,021324.000,A,A*49
$GNGSA,A,3,18,31,01,14,,,,,,,,,1.35,0.85,1.05,1*00
$GNGSA,A,3,70,71,76,82,,,,,,,,,1.35,0.85,1.05,2*06
$GNGSA,A,3,,,,,,,,,,,,,1.35,0.85,1.05,3*0D
$GNGSA,A,3,08,03,04,05,,,,,,,,,1.35,0.85,1.05,4*00
$GPGSV,2,1,08,18,18,128,39.4,31,57,206,38.9,30,31,097,,05,27,068,,1*6D
$GPGSV,2,2,08,11,22,301,,12,20,058,,01,19,310,38.5,14,66,024,38.9,1*66
$GLGSV,1,1,04,70,61,200,39.2,71,46,317,38.9,76,16,252,38.9,82,09,103,38.8,1*76
$GAGSV,1,1,00,7*73
$GBGSV,1,1,04,08,75,328,38.9,03,43,190,37.9,04,27,125,38.9,05,15,248,38.5,1*76
$GNRMC,021324.000,A,3900.0003,N,11613.9815,E,0.00,264.23,280612,,,A,V*0A
$GNVTG,264.23,T,,M,0.00,N,0.01,K,A*23
$GNZDA,021324.000,28,06,2012,,*43
$GNGGA,021325.000,3900.0003,N,11613.9815,E,1,12,0.85,-11.8,M,-6.8,M,,*75
$PAIRACC,4.64,10.36*79
$GNGLL,3900.0003,N,11613.9815,E,021325.000,A,A*48
$GNGSA,A,3,18,31,01,14,,,,,,,,,1.35,0.85,1.05,1*00
$GNGSA,A,3,70,71,76,82,,,,,,,,,1.35,0.85,1.05,2*06
$GNGSA,A,3,,,,,,,,,,,,,1.35,0.85,1.05,3*0D
$GNGSA,A,3,08,03,04,05,,,,,,,,,1.35,0.85,1.05,4*00
$GPGSV,2,1,08,18,18,128,39.3,31,57,206,39.0,30,31,097,,05,27,068,,1*62
$GPGSV,2,2,08,11,22,301,,12,20,058,,01,19,310,39.0,14,66,024,39.3,1*69
$GLGSV,1,1,04,70,61,200,39.4,71,46,317,39.1,76,16,252,39.3,82,09,103,38.9,1*73
$GAGSV,1,1,00,7*73
$GBGSV,1,1,04,08,75,328,39.6,03,43,190,37.6,04,27,125,39.0,05,15,248,38.7,1*7D
$GNRMC,021325.000,A,3900.0003,N,11613.9815,E,0.00,281.00,280612,,,A,V*01
$GNVTG,281.00,T,,M,0.00,N,0.01,K,A*29
$GNZDA,021325.000,28,06,2012,,*42
$GNGGA,021326.000,3900.0003,N,11613.9815,E,1,12,0.85,-11.8,M,-6.8,M,,*76
$PAIRACC,4.69,10.41*74
$GNGLL,3900.0003,N,11613.9815,E,021326.000,A,A*4B
$GNGSA,A,3,18,31,01,14,,,,,,,,,1.35,0.85,1.05,1*00
$GNGSA,A,3,70,71,76,82,,,,,,,,,1.35,0.85,1.05,2*06
$GNGSA,A,3,,,,,,,,,,,,,1.35,0.85,1.05,3*0D
$GNGSA,A,3,08,03,04,05,,,,,,,,,1.35,0.85,1.05,4*00
$GPGSV,2,1,08,18,18,128,39.0,31,57,206,39.2,30,31,097,,05,27,068,,1*63
$GPGSV,2,2,08,11,22,301,,12,20,058,,01,19,310,38.8,14,66,024,39.4,1*67
$GLGSV,1,1,04,70,61,200,39.1,71,46,317,39.1,76,16,252,39.1,82,09,103,38.7,1*7A
$GAGSV,1,1,00,7*73
$GBGSV,1,1,04,08,75,328,39.1,03,43,190,38.8,04,27,125,38.8,05,15,248,39.0,1*74
$GNRMC,021326.000,A,3900.0003,N,11613.9815,E,0.00,257.57,280612,,,A,V*0B
$GNVTG,257.57,T,,M,0.00,N,0.01,K,A*20
$GNZDA,021326.000,28,06,2012,,*41
$GNGGA,021327.000,3900.0003,N,11613.9815,E,1,12,0.85,-11.8,M,-6.8,M,,*77
$PAIRACC,4.72,10.45*7A
$GNGLL,3900.0003,N,11613.9815,E,021327.000,A,A*4A
$GNGSA,A,3,18,31,01,14,,,,,,,,,1.35,0.85,1.05,1*00
$GNGSA,A,3,70,71,76,82,,,,,,,,,1.35,0.85,1.05,2*06
$GNGSA,A,3,,,,,,,,,,,,,1.35,0.85,1.05,3*0D
$GNGSA,A,3,08,03,04,05,,,,,,,,,1.35,0.85,1.05,4*00
$GPGSV,2,1,08,18,18,128,39.1,31,57,206,38.9,30,31,097,,05,27,068,,1*68
$GPGSV,2,2,08,11,22,301,,12,20,058,,01,19,310,38.7,14,66,024,39.0,1*6C
$GLGSV,1,1,04,70,61,200,38.6,71,46,317,39.1,76,16,252,39.1,82,09,103,38.8,1*73
$GAGSV,1,1,00,7*73
$GBGSV,2,1,05,06,77,307,,08,75,328,39.3,03,43,190,38.0,04,27,125,38.7,1*6A
$GBGSV,2,2,05,05,15,248,38.9,1*50
$GNRMC,021327.000,A,3900.0003,N,11613.9815,E,0.00,240.28,280612,,,A,V*04
$GNVTG,240.28,T,,M,0.00,N,0.01,K,A*2E
$GNZDA,021327.000,28,06,2012,,*40
$GNGGA,021328.000,3900.0003,N,11613.9815,E,1,12,0.85,-11.8,M,-6.8,M,,*78
$PAIRACC,4.65,10.46*7F
$GNGLL,3900.0003,N,11613.9815,E,021328.000,A,A*45
$GNGSA,A,3,18,31,01,14,,,,,,,,,1.35,0.85,1.05,1*00
$GNGSA,A,3,70,71,76,82,,,,,,,,,1.35,0.85,1.05,2*06
$GNGSA,A,3,,,,,,,,,,,,,1.35,0.85,1.05,3*0D
$GNGSA,A,3,08,03,04,05,,,,,,,,,1.35,0.85,1.05,4*00
$GPGSV,2,1,08,18,18,128,39.1,31,57,206,38.5,30,31,097,,05,27,068,,1*64
$GPGSV,2,2,08,11,22,301,,12,20,058,,01,19,310,38.9,14,66,024,39.2,1*60
$GLGSV,1,1,04,70,61,200,39.1,71,46,317,38.9,76,16,252,39.2,82,09,103,38.9,1*7E
$GAGSV,1,1,00,7*73
$GBGSV,2,1,05,08,75,328,39.0,09,55,255,,03,43,190,37.9,04,27,125,38.7,1*66
$GBGSV,2,2,05,05,15,248,38.9,1*50
$GNRMC,021328.000,A,3900.0003,N,11613.9815,E,0.00,211.31,280612,,,A,V*07
$GNVTG,211.31,T,,M,0.00,N,0.01,K,A*22
$GNZDA,021328.000,28,06,2012,,*4F
$GNGGA,021329.000,3900.0003,N,11613.9815,E,1,12,0.85,-11.8,M,-6.8,M,,*79
$PAIRACC,4.74,10.51*79
$GNGLL,3900.0003,N,11613.9815,E,021329.000,A,A*44
$GNGSA,A,3,18,31,01,14,,,,,,,,,1.35,0.85,1.05,1*00
$GNGSA,A,3,70,71,76,82,,,,,,,,,1.35,0.85,1.05,2*06
$GNGSA,A,3,,,,,,,,,,,,,1.35,0.85,1.05,3*0D
$GNGSA,A,3,08,03,04,05,,,,,,,,,1.35,0.85,1.05,4*00
$GPGSV,2,1,08,18,18,128,38.9,31,57,206,39.4,30,31,097,,05,27,068,,1*6D
$GPGSV,2,2,08,11,22,301,,12,20,058,,01,19,310,38.5,14,66,024,38.8,1*67
$GLGSV,1,1,04,70,59,199,39.1,71,46,317,38.9,76,16,252,38.8,82,09,103,38.8,1*7C
$GAGSV,1,1,00,7*73
$GBGSV,2,1,05,08,75,328,39.0,09,55,255,,03,43,190,38.7,04,27,125,38.4,1*64
$GBGSV,2,2,05,05,15,248,38.4,1*5D
$GNRMC,021329.000,A,3900.0003,N,11613.9815,E,0.00,201.23,280612,,,A,V*04
$GNVTG,201.23,T,,M,0.00,N,0.01,K,A*20
$GNZDA,021329.000,28,06,2012,,*4E
$GNGGA,021330.000,3900.0002,N,11613.9815,E,1,12,0.85,-11.8,M,-6.8,M,,*70
$PAIRACC,4.70,10.52*7E
$GNGLL,3900.0002,N,11613.9815,E,021330.000,A,A*4D
$GNGSA,A,3,18,14,01,31,,,,,,,,,1.35,0.85,1.05,1*00
$GNGSA,A,3,71,70,76,82,,,,,,,,,1.35,0.85,1.05,2*06
$GNGSA,A,3,,,,,,,,,,,,,1.35,0.85,1.05,3*0D
$GNGSA,A,3,08,03,04,05,,,,,,,,,1.35,0.85,1.05,4*00
$GPGSV,2,1,08,18,18,128,39.1,14,66,024,38.9,30,31,097,,05,27,068,,1*6F
$GPGSV,2,2,08,11,22,301,,12,20,058,,01,19,310,38.7,31,57,206,38.9,1*63
$GLGSV,2,1,05,71,47,315,39.0,70,59,199,38.7,76,16,252,39.2,81,13,053,,1*68
$GLGSV,2,2,05,82,09,103,38.9,1*50
$GAGSV,1,1,00,7*73
$GBGSV,2,1,05,08,75,328,38.7,09,55,255,,03,43,190,38.1,04,27,125,38.5,1*65
$GBGSV,2,2,05,05,15,248,38.3,1*5A
$GNRMC,021330.000,A,3900.0002,N,11613.9815,E,0.00,177.12,280612,,,A,V*0D
$GNVTG,177.12,T,,M,0.00,N,0.00,K,A*21
$GNZDA,021330.000,28,06,2012,,*46
$GNGGA,021331.000,3900.0002,N,11613.9815,E,1,12,0.85,-11.8,M,-6.8,M,,*71
$PAIRACC,4.64,10.38*77
$GNGLL,3900.0002,N,11613.9815,E,021331.000,A,A*4C
$GNGSA,A,3,18,14,01,31,,,,,,,,,1.35,0.85,1.05,1*00
$GNGSA,A,3,71,70,76,82,,,,,,,,,1.35,0.85,1.05,2*06
$GNGSA,A,3,,,,,,,,,,,,,1.35,0.85,1.05,3*0D
$GNGSA,A,3,08,03,04,05,,,,,,,,,1.35,0.85,1.05,4*00
$GPGSV,2,1,08,18,18,128,39.0,14,66,024,39.2,30,31,097,,05,27,068,,1*64
$GPGSV,2,2,08,11,22,301,,12,20,058,,01,19,310,38.7,31,57,206,39.3,1*68
$GLGSV,2,1,05,71,47,315,39.3,70,59,199,39.2,76,16,252,39.3,79,11,051,,1*69
$GLGSV,2,2,05,82,09,103,38.7,1*5E
$GAGSV,1,1,00,7*73
$GBGSV,2,1,06,08,75,328,39.1,09,55,255,,03,43,190,37.5,04,27,125,38.6,1*69
$GBGSV,2,2,06,05,15,248,38.6,12,09,235,,1*62
$GNRMC,021331.000,A,3900.0002,N,11613.9815,E,0.00,180.46,280612,,,A,V*05
$GNVTG,180.46,T,,M,0.00,N,0.00,K,A*28
$GNZDA,021331.000,28,06,2012,,*47
$GNGGA,021332.000,3900.0002,N,11613.9815,E,1,12,0.85,-11.8,M,-6.8,M,,*72
$PAIRACC,4.72,10.40*7F
$GNGLL,3900.0002,N,11613.9815,E,021332.000,A,A*4F
$GNGSA,A,3,18,14,01,31,,,,,,,,,1.35,0.85,1.05,1*00
$GNGSA,A,3,71,70,76,82,,,,,,,,,1.35,0.85,1.05,2*06
$GNGSA,A,3,,,,,,,,,,,,,1.35,0.85,1.05,3*0D
$GNGSA,A,3,08,03,04,05,,,,,,,,,1.35,0.85,1.05,4*00
$GPGSV,2,1,08,18,18,128,39.2,14,66,024,38.9,30,31,097,,05,27,068,,1*6C
$GPGSV,2,2,08,11,22,301,,12,20,058,,01,19,310,38.8,31,57,206,39.5,1*61
$GLGSV,2,1,05,71,47,315,38.0,70,59,199,39.6,76,16,252,39.2,82,09,103,38.7,1*77
$GLGSV,2,2,05,74,03,247,,1*4C
$GAGSV,1,1,00,7*73
$GBGSV,2,1,05,08,75,328,39.2,09,55,255,,03,43,190,38.4,04,27,125,39.0,1*60
$GBGSV,2,2,05,05,15,248,38.5,1*5C
$GNRMC,021332.000,A,3900.0002,N,11613.9815,E,0.00,186.01,280612,,,A,V*03
$GNVTG,186.01,T,,M,0.00,N,0.00,K,A*2D
$GNZDA,021332.000,28,06,2012,,*44
$GNGGA,021333.000,3900.0002,N,11613.9815,E,1,12,0.85,-11.8,M,-6.8,M,,*73
$PAIRACC,4.72,10.61*7C
$GNGLL,3900.0002,N,11613.9815,E,021333.000,A,A*4E
$GNGSA,A,3,18,31,01,14,,,,,,,,,1.35,0.85,1.05,1*00
$GNGSA,A,3,70,71,76,82,,,,,,,,,1.35,0.85,1.05,2*06
$GNGSA,A,3,,,,,,,,,,,,,1.35,0.85,1.05,3*0D
$GNGSA,A,3,08,03,04,05,,,,,,,,,1.35,0.85,1.05,4*00
$GPGSV,2,1,08,18,18,128,39.4,31,57,206,39.1,30,31,097,,05,27,068,,1*64
$GPGSV,2,2,08,11,22,301,,12,20,058,,01,19,310,38.8,14,66,024,39.0,1*63
$GLGSV,1,1,04,70,59,199,38.8,71,47,315,37.3,76,16,252,39.0,82,09,103,38.8,1*7B
$GAGSV,1,1,00,7*73
$GBGSV,2,1,05,08,75,328,38.7,09,55,255,,03,43,190,38.2,04,27,125,38.7,1*64
$GBGSV,2,2,05,05,15,248,39.0,1*58
$GNRMC,021333.000,A,3900.0002,N,11613.9815,E,0.00,236.16,280612,,,A,V*0C
$GNVTG,236.16,T,,M,0.00,N,0.00,K,A*23
$GNZDA,021333.000,28,06,2012,,*45
$GNGGA,021334.000,3900.0002,N,11613.9815,E,1,12,0.85,-11.8,M,-6.8,M,,*74
$PAIRACC,4.65,10.34*7A
$GNGLL,3900.0002,N,11613.9815,E,021334.000,A,A*49
$GNGSA,A,3,18,14,01,31,,,,,,,,,1.35,0.85,1.05,1*00
$GNGSA,A,3,71,70,76,82,,,,,,,,,1.35,0.85,1.05,2*06
$GNGSA,A,3,,,,,,,,,,,,,1.35,0.85,1.05,3*0D
$GNGSA,A,3,08,03,04,05,,,,,,,,,1.35,0.85,1.05,4*00
$GPGSV,2,1,08,18,18,128,39.1,14,66,024,39.4,30,31,097,,05,27,068,,1*63
$GPGSV,2,2,08,11,22,301,,12,20,058,,01,19,310,38.7,31,57,206,38.9,1*63
$GLGSV,2,1,05,71,47,315,38.0,70,59,199,39.2,76,16,252,39.3,82,09,103,38.5,1*70
$GLGSV,2,2,05,88,01,010,,1*4D
$GAGSV,1,1,00,7*73
$GBGSV,2,1,06,08,75,328,38.9,09,55,255,,03,43,190,37.8,02,30,229,,1*71
$GBGSV,2,2,06,04,27,125,38.4,05,15,248,38.6,1*7A
$GNRMC,021334.000,A,3900.0002,N,11613.9815,E,0.00,244.78,280612,,,A,V*06
$GNVTG,244.78,T,,M,0.00,N,0.00,K,A*2E
$GNZDA,021334.000,28,06,2012,,*42
$GNGGA,021335.000,3900.0002,N,11613.9815,E,1,12,0.85,-11.8,M,-6.8,M,,*75
$PAIRACC,4.82,10.75*76
$GNGLL,3900.0002,N,11613.9815,E,021335.000,A,A*48
$GNGSA,A,3,18,31,01,14,,,,,,,,,1.35,0.85,1.05,1*00
$GNGSA,A,3,70,71,76,82,,,,,,,,,1.35,0.85,1.05,2*06
$GNGSA,A,3,,,,,,,,,,,,,1.35,0.85,1.05,3*0D
$GNGSA,A,3,08,03,04,05,,,,,,,,,1.35,0.85,1.05,4*00
$GPGSV,2,1,08,18,18,128,39.0,31,57,206,38.9,30,31,097,,05,27,068,,1*69
$GPGSV,2,2,08,11,22,301,,12,20,058,,01,19,310,38.7,14,66,024,39.1,1*6D
$GLGSV,1,1,04,70,59,199,39.8,71,47,315,37.4,76,17,253,39.0,82,09,103,39.0,1*74
$GAGSV,1,1,00,7*73
$GBGSV,2,1,05,08,75,328,38.6,03,43,190,38.7,02,30,229,,04,27,125,38.8,1*6C
$GBGSV,2,2,05,05,15,248,38.7,1*5E
$GNRMC,021335.000,A,3900.0002,N,11613.9815,E,0.00,228.92,280612,,,A,V*09
$GNVTG,228.92,T,,M,0.00,N,0.00,K,A*20
$GNZDA,021335.000,28,06,2012,,*43
$GNGGA,021336.000,3900.0002,N,11613.9815,E,1,12,0.85,-11.8,M,-6.8,M,,*76
$PAIRACC,4.67,10.44*7F
$GNGLL,3900.0002,N,11613.9815,E,021336.000,A,A*4B
$GNGSA,A,3,18,31,01,14,,,,,,,,,1.35,0.85,1.05,1*00
$GNGSA,A,3,70,71,76,82,,,,,,,,,1.35,0.85,1.05,2*06
$GNGSA,A,3,,,,,,,,,,,,,1.35,0.85,1.05,3*0D
$GNGSA,A,3,08,03,04,05,,,,,,,,,1.35,0.85,1.05,4*00
$GPGSV,2,1,08,18,18,128,39.2,31,57,206,38.9,30,31,097,,05,27,068,,1*6B
$GPGSV,2,2,08,11,22,301,,12,20,058,,01,19,310,38.3,14,66,024,39.3,1*6B
$GLGSV,1,1,04,70,59,199,39.3,71,47,315,38.6,76,17,253,39.1,82,09,103,39.0,1*73
$GAGSV,1,1,00,7*73
$GBGSV,1,1,04,08,75,328,39.0,03,43,190,37.8,04,27,125,38.7,05,15,248,38.6,1*72
$GNRMC,021336.000,A,3900.0002,N,11613.9815,E,0.00,0.00,280612,,,A,V*09
$GNVTG,0.00,T,,M,0.00,N,0.00,K,A*23
$GNZDA,021336.000,28,06,2012,,*40
$GNGGA,021337.000,3900.0002,N,11613.9815,E,1,12,0.85,-11.8,M,-6.8,M,,*77
$PAIRACC,4.64,10.38*77
$GNGLL,3900.0002,N,11613.9815,E,021337.000,A,A*4A
$GNGSA,A,3,18,31,01,14,,,,,,,,,1.35,0.85,1.05,1*00
$GNGSA,A,3,70,71,76,82,,,,,,,,,1.35,0.85,1.05,2*06
$GNGSA,A,3,,,,,,,,,,,,,1.35,0.85,1.05,3*0D
$GNGSA,A,3,08,03,04,05,,,,,,,,,1.35,0.85,1.05,4*00
$GPGSV,2,1,08,18,18,128,38.7,31,57,206,39.0,30,31,097,,05,27,068,,1*67
$GPGSV,2,2,08,11,22,301,,12,20,058,,01,19,310,38.4,14,66,024,39.3,1*6C
$GLGSV,1,1,04,70,59,199,39.7,71,47,315,37.1,76,17,253,39.1,82,09,103,38.8,1*76
$GAGSV,1,1,00,7*73
$GBGSV,1,1,04,08,75,328,39.3,03,43,190,38.0,04,27,125,38.8,05,15,248,38.6,1*79
$GNRMC,021337.000,A,3900.0002,N,11613.9815,E,0.00,240.57,280612,,,A,V*0C
$GNVTG,240.57,T,,M,0.00,N,0.00,K,A*27
$GNZDA,021337.000,28,06,2012,,*41
$GNGGA,021338.000,3900.0002,N,11613.9815,E,1,12,0.85,-11.8,M,-6.8,M,,*78
$PAIRACC,4.81,10.67*76
$GNGLL,3900.0002,N,11613.9815,E,021338.000,A,A*45
$GNGSA,A,3,18,31,01,14,,,,,,,,,1.35,0.85,1.05,1*00
$GNGSA,A,3,70,71,76,82,,,,,,,,,1.35,0.85,1.05,2*06
$GNGSA,A,3,,,,,,,,,,,,,1.35,0.85,1.05,3*0D
$GNGSA,A,3,08,03,04,05,,,,,,,,,1.35,0.85,1.05,4*00
$GPGSV,2,1,08,18,18,128,39.3,31,57,206,38.9,30,31,097,,05,27,068,,1*6A
$GPGSV,2,2,08,11,22,301,,12,20,058,,01,19,310,38.6,14,66,024,39.2,1*6F
$GLGSV,1,1,04,70,59,199,39.3,71,47,315,37.7,76,17,253,39.0,82,09,103,38.5,1*78
$GAGSV,1,1,00,7*73
$GBGSV,1,1,04,08,75,328,39.0,03,43,190,38.8,04,27,125,39.1,05,15,248,38.5,1*79
$GNRMC,021338.000,A,3900.0002,N,11613.9815,E,0.00,256.80,280612,,,A,V*0E
$GNVTG,256.80,T,,M,0.00,N,0.00,K,A*2A
$GNZDA,021338.000,28,06,2012,,*4E
$GNGGA,021339.000,3900.0002,N,11613.9815,E,1,12,0.85,-11.8,M,-6.8,M,,*79
$PAIRACC,4.68,10.52*77
$GNGLL,3900.0002,N,11613.9815,E,021339.000,A,A*44
$GNGSA,A,3,18,31,01,14,,,,,,,,,1.35,0.85,1.05,1*00
$GNGSA,A,3,70,71,76,82,,,,,,,,,1.35,0.85,1.05,2*06
$GNGSA,A,3,,,,,,,,,,,,,1.35,0.85,1.05,3*0D
$GNGSA,A,3,08,03,04,05,,,,,,,,,1.35,0.85,1.05,4*00
$GPGSV,2,1,08,18,18,128,39.1,31,57,206,39.0,30,31,097,,05,27,068,,1*60
$GPGSV,2,2,08,11,22,301,,12,20,058,,01,19,310,38.3,14,66,024,39.2,1*6A
$GLGSV,1,1,04,70,59,199,39.2,71,47,315,39.0,76,17,253,39.2,82,09,103,39.1,1*77
$GAGSV,1,1,00,7*73
$GBGSV,1,1,04,08,75,328,39.1,03,43,190,38.0,04,27,125,38.7,05,15,248,38.1,1*73
$GNRMC,021339.000,A,3900.0002,N,11613.9815,E,0.00,211.67,280612,,,A,V*05
$GNVTG,211.67,T,,M,0.00,N,0.00,K,A*20
$GNZDA,021339.000,28,06,2012,,*4F
$GNGGA,021340.000,3900.0002,N,11613.9815,E,1,12,0.85,-11.8,M,-6.8,M,,*77
$PAIRACC,4.81,10.68*79
$GNGLL,3900.0002,N,11613.9815,E,021340.000,A,A*4A
$GNGSA,A,3,18,31,01,14,,,,,,,,,1.35,0.85,1.05,1*00
$GNGSA,A,3,70,71,76,82,,,,,,,,,1.35,0.85,1.05,2*06
$GNGSA,A,3,,,,,,,,,,,,,1.35,0.85,1.05,3*0D
$GNGSA,A,3,08,03,04,05,,,,,,,,,1.35,0.85,1.05,4*00
$GPGSV,2,1,08,18,18,128,39.1,31,57,206,39.1,30,31,097,,05,27,068,,1*61
$GPGSV,2,2,08,11,22,301,,12,20,058,,01,19,310,38.8,14,66,024,39.2,1*61
$GLGSV,1,1,04,70,59,199,39.3,71,47,315,39.0,76,17,253,39.2,82,09,103,39.4,1*73
$GAGSV,1,1,00,7*73
$GBGSV,1,1,04,08,75,328,38.8,03,43,190,38.0,04,27,125,38.7,05,15,248,39.0,1*7B
$GNRMC,021340.000,A,3900.0002,N,11613.9815,E,0.00,254.43,280612,,,A,V*0C
$GNVTG,254.43,T,,M,0.00,N,0.00,K,A*27
$GNZDA,021340.000,28,06,2012,,*41
$GNGGA,021341.000,3900.0002,N,11613.9815,E,1,12,0.85,-11.8,M,-6.8,M,,*76
$PAIRACC,4.68,10.53*76
$GNGLL,3900.0002,N,11613.9815,E,021341.000,A,A*4B
$GNGSA,A,3,18,31,01,14,,,,,,,,,1.35,0.85,1.05,1*00
$GNGSA,A,3,70,71,76,82,,,,,,,,,1.35,0.85,1.05,2*06
$GNGSA,A,3,,,,,,,,,,,,,1.35,0.85,1.05,3*0D
$GNGSA,A,3,08,03,04,05,,,,,,,,,1.35,0.85,1.05,4*00
$GPGSV,2,1,08,18,18,128,39.0,31,57,206,39.0,30,31,097,,05,27,068,,1*61
$GPGSV,2,2,08,11,22,301,,12,20,058,,01,19,310,38.3,14,66,024,39.4,1*6C
$GLGSV,1,1,04,70,59,199,39.5,71,47,315,39.2,76,17,253,39.2,82,10,102,39.2,1*78
$GAGSV,1,1,00,7*73
$GBGSV,1,1,04,08,75,328,38.9,03,43,190,38.9,04,27,125,38.6,05,15,248,38.8,1*7B
$GNRMC,021341.000,A,3900.0002,N,11613.9815,E,0.00,251.94,280612,,,A,V*02
$GNVTG,251.94,T,,M,0.00,N,0.00,K,A*28
$GNZDA,021341.000,28,06,2012,,*40
$GNGGA,021342.000,3900.0002,N,11613.9815,E,1,12,0.85,-11.8,M,-6.8,M,,*75
$PAIRACC,4.81,10.68*79
$GNGLL,3900.0002,N,11613.9815,E,021342.000,A,A*48
$GNGSA,A,3,18,31,01,14,,,,,,,,,1.35,0.85,1.05,1*00
$GNGSA,A,3,70,71,76,82,,,,,,,,,1.35,0.85,1.05,2*06
$GNGSA,A,3,,,,,,,,,,,,,1.35,0.85,1.05,3*0D
$GNGSA,A,3,08,03,04,05,,,,,,,,,1.35,0.85,1.05,4*00
$GPGSV,2,1,08,18,18,128,39.3,31,57,206,39.1,30,31,097,,05,27,068,,1*63
$GPGSV,2,2,08,11,22,301,,12,20,058,,01,19,310,38.5,14,66,024,39.4,1*6A
$GLGSV,1,1,04,70,59,199,39.3,71,47,315,39.3,76,17,253,39.1,82,10,102,39.3,1*7D
$GAGSV,1,1,00,7*73
$GBGSV,1,1,04,08,75,328,39.0,03,43,190,38.0,04,27,125,38.4,05,15,248,38.7,1*77
$GNRMC,021342.000,A,3900.0002,N,11613.9815,E,0.00,268.65,280612,,,A,V*05
$GNVTG,268.65,T,,M,0.00,N,0.00,K,A*2C
$GNZDA,021342.000,28,06,2012,,*43
$GNGGA,021343.000,3900.0002,N,11613.9815,E,1,12,0.85,-11.8,M,-6.8,M,,*74
$PAIRACC,4.65,10.39*77
$GNGLL,3900.0002,N,11613.9815,E,021343.000,A,A*49
$GNGSA,A,3,18,31,01,14,,,,,,,,,1.35,0.85,1.05,1*00
$GNGSA,A,3,70,71,76,82,,,,,,,,,1.35,0.85,1.05,2*06
$GNGSA,A,3,,,,,,,,,,,,,1.35,0.85,1.05,3*0D
$GNGSA,A,3,08,03,04,05,,,,,,,,,1.35,0.85,1.05,4*00
$GPGSV,2,1,08,18,18,128,39.2,31,57,206,38.9,30,31,097,,05,27,068,,1*6B
$GPGSV,2,2,08,11,22,301,,12,20,058,,01,19,310,38.5,14,66,024,38.9,1*66
$GLGSV,1,1,04,70,59,199,38.9,71,47,315,39.2,76,17,253,39.1,82,10,102,39.5,1*71
$GAGSV,1,1,00,7*73
$GBGSV,1,1,04,08,75,328,39.2,03,43,190,37.5,04,27,125,38.8,05,15,248,38.7,1*73
$GNRMC,021343.000,A,3900.0002,N,11613.9815,E,0.00,274.17,280612,,,A,V*0C
$GNVTG,274.17,T,,M,0.00,N,0.00,K,A*24
$GNZDA,021343.000,28,06,2012,,*42
$GNGGA,021344.000,3900.0002,N,11613.9815,E,1,12,0.85,-11.8,M,-6.8,M,,*73
$PAIRACC,4.72,10.57*79
$GNGLL,3900.0002,N,11613.9815,E,021344.000,A,A*4E
$GNGSA,A,3,18,31,01,14,,,,,,,,,1.35,0.85,1.05,1*00
$GNGSA,A,3,70,71,76,82,,,,,,,,,1.35,0.85,1.05,2*06
$GNGSA,A,3,,,,,,,,,,,,,1.35,0.85,1.05,3*0D
$GNGSA,A,3,08,03,04,05,,,,,,,,,1.35,0.85,1.05,4*00
$GPGSV,2,1,08,18,18,128,39.3,31,57,206,39.2,30,31,097,,05,27,068,,1*60
$GPGSV,2,2,08,11,22,301,,12,20,058,,01,19,310,39.0,14,66,024,38.7,1*6C
$GLGSV,1,1,04,70,59,199,39.2,71,47,315,39.2,76,17,253,39.3,82,10,102,38.9,1*74
$GAGSV,1,1,00,7*73
$GBGSV,1,1,04,08,75,328,39.2,03,43,190,38.4,04,27,125,38.6,05,15,248,38.6,1*72
$GNRMC,021344.000,A,3900.0002,N,11613.9815,E,0.00,0.00,280612,,,A,V*0C
$GNVTG,0.00,T,,M,0.00,N,0.00,K,A*23
$GNZDA,021344.000,28,06,2012,,*45
$GNGGA,021345.000,3900.0002,N,11613.9815,E,1,12,0.85,-11.8,M,-6.8,M,,*72
$PAIRACC,4.66,10.45*7F
$GNGLL,3900.0002,N,11613.9815,E,021345.000,A,A*4F
$GNGSA,A,3,18,31,01,14,,,,,,,,,1.35,0.85,1.05,1*00
$GNGSA,A,3,70,71,76,82,,,,,,,,,1.35,0.85,1.05,2*06
$GNGSA,A,3,,,,,,,,,,,,,1.35,0.85,1.05,3*0D
$GNGSA,A,3,08,03,04,05,,,,,,,,,1.35,0.85,1.05,4*00
$GPGSV,2,1,08,18,18,128,39.2,31,57,206,39.3,30,31,097,,05,27,068,,1*60
$GPGSV,2,2,08,11,22,301,,12,20,058,,01,19,310,39.1,14,66,024,39.2,1*69
$GLGSV,1,1,04,70,59,199,39.2,71,47,315,39.3,76,17,253,39.0,82,10,102,39.0,1*7E
$GAGSV,1,1,00,7*73
$GBGSV,1,1,04,08,75,328,38.6,03,43,190,38.4,04,27,125,38.8,05,15,248,38.8,1*77
$GNRMC,021345.000,A,3900.0002,N,11613.9815,E,0.00,312.36,280612,,,A,V*08
$GNVTG,312.36,T,,M,0.00,N,0.00,K,A*26
$GNZDA,021345.000,28,06,2012,,*44
$GNGGA,021346.000,3900.0002,N,11613.9815,E,1,12,0.85,-11.8,M,-6.8,M,,*71
$PAIRACC,4.74,10.59*71
$GNGLL,3900.0002,N,11613.9815,E,021346.000,A,A*4C
$GNGSA,A,3,18,31,01,14,,,,,,,,,1.35,0.85,1.05,1*00
$GNGSA,A,3,70,71,76,82,,,,,,,,,1.35,0.85,1.05,2*06
$GNGSA,A,3,,,,,,,,,,,,,1.35,0.85,1.05,3*0D
$GNGSA,A,3,08,03,04,05,,,,,,,,,1.35,0.85,1.05,4*00
$GPGSV,2,1,08,18,18,128,39.1,31,57,206,39.2,30,31,097,,05,27,068,,1*62
$GPGSV,2,2,08,11,22,301,,12,20,058,,01,19,310,38.9,14,66,024,39.2,1*60
$GLGSV,1,1,04,70,59,199,39.1,71,47,315,38.8,76,17,253,38.7,82,10,102,39.0,1*71
$GAGSV,1,1,00,7*73
$GBGSV,1,1,04,08,75,328,38.9,03,43,190,37.6,04,27,125,38.7,05,15,248,38.5,1*77
$GNRMC,021346.000,A,3900.0002,N,11613.9815,E,0.00,289.99,280612,,,A,V*0D
$GNVTG,289.99,T,,M,0.00,N,0.00,K,A*20
$GNZDA,021346.000,28,06,2012,,*47
$GNGGA,021347.000,3900.0002,N,11613.9815,E,1,12,0.85,-11.8,M,-6.8,M,,*70
$PAIRACC,4.74,10.60*7B
$GNGLL,3900.0002,N,11613.9815,E,021347.000,A,A*4D
$GNGSA,A,3,18,31,01,14,,,,,,,,,1.35,0.85,1.05,1*00
$GNGSA,A,3,70,71,76,82,,,,,,,,,1.35,0.85,1.05,2*06
$GNGSA,A,3,,,,,,,,,,,,,1.35,0.85,1.05,3*0D
$GNGSA,A,3,08,03,04,05,,,,,,,,,1.35,0.85,1.05,4*00
$GPGSV,2,1,08,18,18,128,39.3,31,57,206,39.1,30,31,097,,05,27,068,,1*63
$GPGSV,2,2,08,11,22,301,,12,20,058,,01,19,310,38.8,14,66,024,39.0,1*63
$GLGSV,1,1,04,70,59,199,38.8,71,47,315,39.0,76,17,253,38.8,82,10,102,39.0,1*7F
$GAGSV,1,1,00,7*73
$GBGSV,1,1,04,08,75,328,39.0,03,43,190,37.3,04,27,125,38.6,05,15,248,38.3,1*7D
$GNRMC,021347.000,A,3900.0002,N,11613.9815,E,0.00,315.24,280612,,,A,V*0E
$GNVTG,315.24,T,,M,0.00,N,0.00,K,A*22
$GNZDA,021347.000,28,06,2012,,*46
$GNGGA,021348.000,3900.0002,N,11613.9815,E,1,12,0.85,-11.8,M,-6.8,M,,*7F
$PAIRACC,4.67,10.54*7E
$GNGLL,3900.0002,N,11613.9815,E,021348.000,A,A*42
$GNGSA,A,3,18,31,01,14,,,,,,,,,1.35,0.85,1.05,1*00
$GNGSA,A,3,70,71,76,82,,,,,,,,,1.35,0.85,1.05,2*06
$GNGSA,A,3,,,,,,,,,,,,,1.35,0.85,1.05,3*0D
$GNGSA,A,3,08,03,04,05,,,,,,,,,1.35,0.85,1.05,4*00
$GPGSV,2,1,08,18,18,128,38.7,31,57,206,39.2,30,31,097,,05,27,068,,1*65
$GPGSV,2,2,08,11,22,301,,12,20,058,,01,19,310,38.5,14,66,024,39.3,1*6D
$GLGSV,1,1,04,70,59,199,39.3,71,47,315,39.1,76,17,253,39.0,82,10,102,38.8,1*74
$GAGSV,1,1,00,7*73
$GBGSV,1,1,04,08,75,328,39.1,03,43,190,38.1,04,27,125,38.8,05,15,248,38.6,1*7A
$GNRMC,021348.000,A,3900.0002,N,11613.9815,E,0.00,294.39,280612,,,A,V*05
$GNVTG,294.39,T,,M,0.00,N,0.00,K,A*26
$GNZDA,021348.000,28,06,2012,,*49
$GNGGA,021349.000,3900.0003,N,11613.9815,E,1,12,0.85,-11.8,M,-6.8,M,,*7F
$PAIRACC,4.79,10.53*76
$GNGLL,3900.0003,N,11613.9815,E,021349.000,A,A*42
$GNGSA,A,3,18,31,01,14,,,,,,,,,1.35,0.85,1.05,1*00
$GNGSA,A,3,70,71,76,82,,,,,,,,,1.35,0.85,1.05,2*06
$GNGSA,A,3,,,,,,,,,,,,,1.35,0.85,1.05,3*0D
$GNGSA,A,3,08,03,04,05,,,,,,,,,1.35,0.85,1.05,4*00
$GPGSV,2,1,08,18,18,128,39.2,31,57,206,39.1,30,31,097,,05,27,068,,1*62
$GPGSV,2,2,08,11,22,301,,12,20,058,,01,19,310,38.6,14,66,024,39.5,1*68
$GLGSV,1,1,04,70,59,199,39.1,71,47,315,38.9,76,17,253,39.0,82,10,102,39.1,1*77
$GAGSV,1,1,00,7*73
$GBGSV,1,1,04,08,75,328,39.4,03,43,190,38.0,04,27,125,38.7,05,15,248,38.8,1*7F
$GNRMC,021349.000,A,3900.0003,N,11613.9815,E,0.00,342.21,280612,,,A,V*06
$GNVTG,342.21,T,,M,0.00,N,0.00,K,A*25
$GNZDA,021349.000,28,06,2012,,*48
$GNGGA,021350.000,3900.0003,N,11613.9815,E,1,12,0.85,-11.8,M,-6.8,M,,*77
$PAIRACC,4.65,10.53*7B
$GNGLL,3900.0003,N,11613.9815,E,021350.000,A,A*4A
$GNGSA,A,3,18,31,01,14,,,,,,,,,1.35,0.85,1.05,1*00
$GNGSA,A,3,70,71,76,82,,,,,,,,,1.35,0.85,1.05,2*06
$GNGSA,A,3,,,,,,,,,,,,,1.35,0.85,1.05,3*0D
$GNGSA,A,3,08,03,04,05,,,,,,,,,1.35,0.85,1.05,4*00
$GPGSV,2,1,08,18,18,128,39.4,31,57,206,39.4,30,31,097,,05,27,068,,1*61
$GPGSV,2,2,08,11,22,301,,12,20,058,,01,19,310,39.0,14,66,024,39.2,1*68
$GLGSV,1,1,04,70,59,199,39.2,71,47,315,39.6,76,17,253,38.8,82,10,102,38.8,1*7B
$GAGSV,1,1,00,7*73
$GBGSV,1,1,04,08,75,328,39.0,03,43,190,37.5,04,27,125,38.6,05,15,248,38.6,1*7E
$GNRMC,021350.000,A,3900.0003,N,11613.9815,E,0.00,0.00,280612,,,A,V*08
$GNVTG,0.00,T,,M,0.00,N,0.00,K,A*23
$GNZDA,021350.000,28,06,2012,,*40
$GNGGA,021351.000,3900.0003,N,11613.9815,E,1,12,0.85,-11.8,M,-6.8,M,,*76
$PAIRACC,4.72,10.43*7C
$GNGLL,3900.0003,N,11613.9815,E,021351.000,A,A*4B
$GNGSA,A,3,18,31,01,14,,,,,,,,,1.35,0.85,1.05,1*00
$GNGSA,A,3,70,71,76,82,,,,,,,,,1.35,0.85,1.05,2*06
$GNGSA,A,3,,,,,,,,,,,,,1.35,0.85,1.05,3*0D
$GNGSA,A,3,08,03,04,05,,,,,,,,,1.35,0.85,1.05,4*00
$GPGSV,2,1,08,18,18,128,39.6,31,57,206,39.1,30,31,097,,05,27,068,,1*66
$GPGSV,2,2,08,11,22,301,,12,20,058,,01,19,310,38.7,14,66,024,38.5,1*68
$GLGSV,1,1,04,70,59,199,39.3,71,47,315,39.5,76,17,253,39.5,82,10,102,38.9,1*74
$GAGSV,1,1,00,7*73
$GBGSV,1,1,04,08,75,328,39.4,03,43,190,38.2,04,27,125,38.8,05,15,248,38.6,1*7C
$GNRMC,021351.000,A,3900.0003,N,11613.9815,E,0.00,0.00,280612,,,A,V*09
$GNVTG,0.00,T,,M,0.00,N,0.00,K,A*23
$GNZDA,021351.000,28,06,2012,,*41
$GNGGA,021352.000,3900.0003,N,11613.9815,E,1,12,0.85,-11.8,M,-6.8,M,,*75
$PAIRACC,4.65,10.54*7C
$GNGLL,3900.0003,N,11613.9815,E,021352.000,A,A*48
$GNGSA,A,3,18,31,01,14,,,,,,,,,1.35,0.85,1.05,1*00
$GNGSA,A,3,70,71,76,82,,,,,,,,,1.35,0.85,1.05,2*06
$GNGSA,A,3,,,,,,,,,,,,,1.35,0.85,1.05,3*0D
$GNGSA,A,3,08,03,04,05,,,,,,,,,1.35,0.85,1.05,4*00
$GPGSV,2,1,08,18,18,128,39.2,31,57,206,38.7,30,31,097,,05,27,068,,1*65
$GPGSV,2,2,08,11,22,301,,12,20,058,,01,19,310,39.0,14,66,024,39.4,1*6E
$GLGSV,1,1,04,70,59,199,39.2,71,47,315,39.8,76,17,253,39.5,82,10,102,38.9,1*78
$GAGSV,1,1,00,7*73
$GBGSV,1,1,04,08,75,328,38.8,03,43,190,37.9,04,27,125,38.7,05,15,248,38.6,1*7A
$GNRMC,021352.000,A,3900.0003,N,11613.9815,E,0.00,352.40,280612,,,A,V*0A
$GNVTG,352.40,T,,M,0.00,N,0.00,K,A*23
$GNZDA,021352.000,28,06,2012,,*42
$GNGGA,021353.000,3900.0003,N,11613.9815,E,1,12,0.85,-11.8,M,-6.8,M,,*74
$PAIRACC,4.72,10.44*7B
$GNGLL,3900.0003,N,11613.9815,E,021353.000,A,A*49
$GNGSA,A,3,18,31,01,14,,,,,,,,,1.35,0.85,1.05,1*00
$GNGSA,A,3,70,71,76,82,,,,,,,,,1.35,0.85,1.05,2*06
$GNGSA,A,3,,,,,,,,,,,,,1.35,0.85,1.05,3*0D
$GNGSA,A,3,08,03,04,05,,,,,,,,,1.35,0.85,1.05,4*00
$GPGSV,2,1,08,18,18,128,39.7,31,57,206,39.2,30,31,097,,05,27,068,,1*64
$GPGSV,2,2,08,11,22,301,,12,20,058,,01,19,310,38.9,14,66,024,39.0,1*62
$GLGSV,1,1,04,70,59,199,39.5,71,47,315,39.3,76,17,253,39.1,82,10,102,39.2,1*7A
$GAGSV,1,1,00,7*73
$GBGSV,1,1,04,08,75,328,39.1,03,43,190,36.7,04,27,125,38.8,05,15,248,38.7,1*73
$GNRMC,021353.000,A,3900.0003,N,11613.9815,E,0.00,255.14,280612,,,A,V*0C
$GNVTG,255.14,T,,M,0.00,N,0.00,K,A*24
$GNZDA,021353.000,28,06,2012,,*43
$GNGGA,021354.000,3900.0003,N,11613.9815,E,1,12,0.85,-11.8,M,-6.8,M,,*73
$PAIRACC,4.74,10.69*72
$GNGLL,3900.0003,N,11613.9815,E,021354.000,A,A*4E
$GNGSA,A,3,18,31,01,14,,,,,,,,,1.35,0.85,1.05,1*00
$GNGSA,A,3,70,71,76,82,,,,,,,,,1.35,0.85,1.05,2*06
$GNGSA,A,3,,,,,,,,,,,,,1.35,0.85,1.05,3*0D
$GNGSA,A,3,08,03,04,05,,,,,,,,,1.35,0.85,1.05,4*00
$GPGSV,2,1,08,18,18,128,39.3,31,57,206,39.3,30,31,097,,05,27,068,,1*61
$GPGSV,2,2,08,11,22,301,,12,20,058,,01,19,310,38.8,14,66,024,38.8,1*6A
$GLGSV,1,1,04,70,59,199,39.3,71,47,315,39.5,76,17,253,38.8,82,10,102,39.3,1*73
$GAGSV,1,1,00,7*73
$GBGSV,1,1,04,08,75,328,39.0,03,43,190,37.8,04,27,125,38.8,05,15,248,38.1,1*7A
$GNRMC,021354.000,A,3900.0003,N,11613.9815,E,0.00,240.44,280612,,,A,V*0A
$GNVTG,240.44,T,,M,0.00,N,0.00,K,A*25
$GNZDA,021354.000,28,06,2012,,*44
$GNGGA,021355.000,3900.0002,N,11613.9815,E,1,12,0.85,-11.8,M,-6.8,M,,*73
$PAIRACC,4.63,10.36*7E
$GNGLL,3900.0002,N,11613.9815,E,021355.000,A,A*4E
$GNGSA,A,3,18,31,01,14,,,,,,,,,1.35,0.85,1.05,1*00
$GNGSA,A,3,70,71,76,82,,,,,,,,,1.35,0.85,1.05,2*06
$GNGSA,A,3,,,,,,,,,,,,,1.35,0.85,1.05,3*0D
$GNGSA,A,3,08,03,04,05,,,,,,,,,1.35,0.85,1.05,4*00
$GPGSV,2,1,08,18,18,128,39.5,31,57,206,39.2,30,31,097,,05,27,068,,1*66
$GPGSV,2,2,08,11,22,301,,12,20,058,,01,19,310,38.8,14,66,024,39.6,1*65
$GLGSV,1,1,04,70,59,199,39.2,71,47,315,39.2,76,17,253,38.8,82,10,102,38.9,1*7E
$GAGSV,1,1,00,7*73
$GBGSV,1,1,04,08,75,330,39.3,03,43,190,37.8,04,27,125,38.6,05,15,248,38.5,1*7A
$GNRMC,021355.000,A,3900.0002,N,11613.9815,E,0.00,230.81,280612,,,A,V*04
$GNVTG,230.81,T,,M,0.00,N,0.00,K,A*2B
$GNZDA,021355.000,28,06,2012,,*45
$GNGGA,021356.000,3900.0002,N,11613.9815,E,1,12,0.85,-11.9,M,-6.8,M,,*71
$PAIRACC,4.80,10.67*77
$GNGLL,3900.0002,N,11613.9815,E,021356.000,A,A*4D
$GNGSA,A,3,18,31,01,14,,,,,,,,,1.35,0.85,1.05,1*00
$GNGSA,A,3,70,71,76,82,,,,,,,,,1.35,0.85,1.05,2*06
$GNGSA,A,3,,,,,,,,,,,,,1.35,0.85,1.05,3*0D
$GNGSA,A,3,08,03,04,05,,,,,,,,,1.35,0.85,1.05,4*00
$GPGSV,2,1,08,18,18,128,39.2,31,57,206,38.9,30,31,097,,05,27,068,,1*6B
$GPGSV,2,2,08,11,22,301,,12,20,058,,01,19,310,39.0,14,66,024,39.0,1*6A
$GLGSV,1,1,04,70,59,199,39.5,71,47,315,39.1,76,17,253,39.2,82,10,102,38.9,1*71
$GAGSV,1,1,00,7*73
$GBGSV,1,1,04,08,75,330,38.7,03,43,190,36.4,04,27,125,38.6,05,15,248,38.6,1*71
$GNRMC,021356.000,A,3900.0002,N,11613.9815,E,0.00,0.00,280612,,,A,V*0F
$GNVTG,0.00,T,,M,0.00,N,0.00,K,A*23
$GNZDA,021356.000,28,06,2012,,*46
$GNGGA,021357.000,3900.0002,N,11613.9815,E,1,12,0.85,-11.9,M,-6.8,M,,*70
$PAIRACC,4.66,10.43*79
$GNGLL,3900.0002,N,11613.9815,E,021357.000,A,A*4C
$GNGSA,A,3,18,31,01,14,,,,,,,,,1.35,0.85,1.05,1*00
$GNGSA,A,3,70,71,76,82,,,,,,,,,1.35,0.85,1.05,2*06
$GNGSA,A,3,,,,,,,,,,,,,1.35,0.85,1.05,3*0D
$GNGSA,A,3,08,03,04,05,,,,,,,,,1.35,0.85,1.05,4*00
$GPGSV,2,1,08,18,18,128,39.4,31,57,206,38.9,30,31,097,,05,27,068,,1*6D
$GPGSV,2,2,08,11,22,301,,12,20,058,,01,19,310,39.2,14,66,024,39.1,1*69
$GLGSV,1,1,04,70,59,199,39.0,71,47,315,39.1,76,17,253,39.0,82,10,102,39.1,1*7F
$GAGSV,1,1,00,7*73
$GBGSV,1,1,04,08,75,330,38.8,03,43,190,38.4,04,27,125,38.9,05,15,248,38.6,1*7F
$GNRMC,021357.000,A,3900.0002,N,11613.9815,E,0.00,232.49,280612,,,A,V*00
$GNVTG,232.49,T,,M,0.00,N,0.00,K,A*2D
$GNZDA,021357.000,28,06,2012,,*47
$GNGGA,021358.000,3900.0002,N,11613.9815,E,1,12,0.85,-11.9,M,-6.8,M,,*7F
$PAIRACC,4.68,10.55*70
$GNGLL,3900.0002,N,11613.9815,E,021358.000,A,A*43
$GNGSA,A,3,18,31,01,14,,,,,,,,,1.35,0.85,1.05,1*00
$GNGSA,A,3,70,71,76,82,,,,,,,,,1.35,0.85,1.05,2*06
$GNGSA,A,3,,,,,,,,,,,,,1.35,0.85,1.05,3*0D
$GNGSA,A,3,08,03,04,05,,,,,,,,,1.35,0.85,1.05,4*00
$GPGSV,2,1,08,18,18,128,39.2,31,57,206,38.8,30,31,097,,05,27,068,,1*6A
$GPGSV,2,2,08,11,22,301,,12,20,058,,01,19,310,38.8,14,66,024,39.7,1*64
$GLGSV,1,1,04,70,59,199,39.5,71,47,315,39.1,76,17,253,39.0,82,10,102,39.0,1*7B
$GAGSV,1,1,00,7*73
$GBGSV,1,1,04,08,75,330,38.7,03,43,190,37.6,04,27,125,39.0,05,15,248,38.4,1*77
$GNRMC,021358.000,A,3900.0002,N,11613.9815,E,0.00,206.76,280612,,,A,V*04
$GNVTG,206.76,T,,M,0.00,N,0.00,K,A*26
$GNZDA,021358.000,28,06,2012,,*48
$GNGGA,021359.000,3900.0002,N,11613.9815,E,1,12,0.85,-11.9,M,-6.8,M,,*7E
$PAIRACC,4.76,10.49*72
$GNGLL,3900.0002,N,11613.9815,E,021359.000,A,A*42
$GNGSA,A,3,18,31,01,14,,,,,,,,,1.35,0.85,1.05,1*00
$GNGSA,A,3,70,71,76,82,,,,,,,,,1.35,0.85,1.05,2*06
$GNGSA,A,3,,,,,,,,,,,,,1.35,0.85,1.05,3*0D
$GNGSA,A,3,08,03,04,05,,,,,,,,,1.35,0.85,1.05,4*00
$GPGSV,2,1,08,18,18,128,38.9,31,57,206,38.9,30,31,097,,05,27,068,,1*61
$GPGSV,2,2,08,11,22,301,,12,20,058,,01,19,310,38.4,14,66,024,39.1,1*6E
$GLGSV,1,1,04,70,59,199,39.2,71,47,315,39.4,76,17,253,39.0,82,10,102,39.1,1*78
$GAGSV,1,1,00,7*73
$GBGSV,1,1,04,08,75,330,39.6,03,43,190,37.7,04,27,125,38.5,05,15,248,38.4,1*72
$GNRMC,021359.000,A,3900.0002,N,11613.9815,E,0.00,201.38,280612,,,A,V*08
$GNVTG,201.38,T,,M,0.00,N,0.00,K,A*2B
$GNZDA,021359.000,28,06,2012,,*49
$GNGGA,021400.000,3900.0002,N,11613.9815,E,1,12,0.85,-11.9,M,-6.8,M,,*75
$PAIRACC,4.66,10.50*7B
$GNGLL,3900.0002,N,11613.9815,E,021400.000,A,A*49
$GNGSA,A,3,18,31,01,14,,,,,,,,,1.35,0.85,1.05,1*00
$GNGSA,A,3,70,71,76,82,,,,,,,,,1.35,0.85,1.05,2*06
$GNGSA,A,3,,,,,,,,,,,,,1.35,0.85,1.05,3*0D
$GNGSA,A,3,08,03,04,05,,,,,,,,,1.35,0.85,1.05,4*00
$GPGSV,2,1,08,18,18,128,39.3,31,57,206,39.1,30,31,097,,05,27,068,,1*63
$GPGSV,2,2,08,11,22,301,,12,20,058,,01,19,310,38.7,14,66,024,39.2,1*6E
$GLGSV,1,1,04,70,59,199,39.8,71,47,315,39.1,76,17,253,39.3,82,10,102,39.5,1*70
$GAGSV,1,1,00,7*73
$GBGSV,1,1,04,08,75,330,39.2,03,43,190,38.5,04,27,125,39.1,05,15,248,38.8,1*72
$GNRMC,021400.000,A,3900.0002,N,11613.9815,E,0.00,190.75,280612,,,A,V*01
$GNVTG,190.75,T,,M,0.00,N,0.01,K,A*28
$GNZDA,021400.000,28,06,2012,,*42
$GNGGA,021401.000,3900.0002,N,11613.9815,E,1,12,0.85,-11.9,M,-6.8,M,,*74
$PAIRACC,4.74,10.52*7A
$GNGLL,3900.0002,N,11613.9815,E,021401.000,A,A*48
$GNGSA,A,3,18,31,01,14,,,,,,,,,1.35,0.85,1.05,1*00
$GNGSA,A,3,70,71,76,82,,,,,,,,,1.35,0.85,1.05,2*06
$GNGSA,A,3,,,,,,,,,,,,,1.35,0.85,1.05,3*0D
$GNGSA,A,3,08,03,04,05,,,,,,,,,1.35,0.85,1.05,4*00
$GPGSV,2,1,08,18,18,128,39.2,31,57,206,39.0,30,31,097,,05,27,068,,1*63
$GPGSV,2,2,08,11,22,301,,12,20,058,,01,19,310,38.9,14,66,024,39.3,1*61
$GLGSV,1,1,04,70,59,199,39.3,71,47,315,39.0,76,17,253,39.4,82,10,102,38.8,1*71
$GAGSV,1,1,00,7*73
$GBGSV,1,1,04,08,75,330,39.4,03,43,190,37.9,04,27,125,38.9,05,15,248,38.3,1*75
$GNRMC,021401.000,A,3900.0002,N,11613.9815,E,0.00,168.30,280612,,,A,V*06
$GNVTG,168.30,T,,M,0.00,N,0.00,K,A*2F
$GNZDA,021401.000,28,06,2012,,*43
$GNGGA,021402.000,3900.0002,N,11613.9815,E,1,12,0.85,-11.9,M,-6.8,M,,*77
$PAIRACC,4.64,10.50*79
$GNGLL,3900.0002,N,11613.9815,E,021402.000,A,A*4B
$GNGSA,A,3,18,31,01,14,,,,,,,,,1.35,0.85,1.05,1*00
$GNGSA,A,3,70,71,76,82,,,,,,,,,1.35,0.85,1.05,2*06
$GNGSA,A,3,,,,,,,,,,,,,1.35,0.85,1.05,3*0D
$GNGSA,A,3,08,03,04,05,,,,,,,,,1.35,0.85,1.05,4*00
$GPGSV,2,1,08,18,18,128,39.8,31,57,206,38.9,30,31,097,,05,27,068,,1*61
$GPGSV,2,2,08,11,22,301,,12,20,058,,01,19,310,38.8,14,66,024,39.4,1*67
$GLGSV,1,1,04,70,59,199,39.3,71,47,315,38.9,76,17,253,39.3,82,10,102,39.1,1*76
$GAGSV,1,1,00,7*73
$GBGSV,1,1,04,08,75,330,39.1,03,43,190,36.9,04,27,125,38.7,05,15,248,38.3,1*7F
$GNRMC,021402.000,A,3900.0002,N,11613.9815,E,0.00,215.53,280612,,,A,V*09
$GNVTG,215.53,T,,M,0.00,N,0.00,K,A*23
$GNZDA,021402.000,28,06,2012,,*40
$GNGGA,021403.000,3900.0002,N,11613.9815,E,1,12,0.85,-11.9,M,-6.8,M,,*76
$PAIRACC,4.83,10.73*71
$GNGLL,3900.0002,N,11613.9815,E,021403.000,A,A*4A
$GNGSA,A,3,18,31,01,14,,,,,,,,,1.35,0.85,1.05,1*00
$GNGSA,A,3,70,71,76,82,,,,,,,,,1.35,0.85,1.05,2*06
$GNGSA,A,3,,,,,,,,,,,,,1.35,0.85,1.05,3*0D
$GNGSA,A,3,08,03,04,05,,,,,,,,,1.35,0.85,1.05,4*00
$GPGSV,2,1,08,18,18,128,39.0,31,57,206,39.0,30,31,097,,05,27,068,,1*61
$GPGSV,2,2,08,11,22,301,,12,20,058,,01,19,310,38.9,14,66,024,39.2,1*60
$GLGSV,1,1,04,70,59,199,39.6,71,47,315,39.4,76,17,253,39.2,82,10,102,39.1,1*7E
$GAGSV,1,1,00,7*73
$GBGSV,1,1,04,08,75,330,39.0,03,43,190,37.7,04,27,125,38.9,05,15,248,38.6,1*7A
$GNRMC,021403.000,A,3900.0002,N,11613.9815,E,0.00,0.00,280612,,,A,V*08
$GNVTG,0.00,T,,M,0.00,N,0.00,K,A*23
$GNZDA,021403.000,28,06,2012,,*41
$GNGGA,021404.000,3900.0002,N,11613.9815,E,1,12,0.85,-11.9,M,-6.8,M,,*71
$PAIRACC,4.66,10.51*7A
$GNGLL,3900.0002,N,11613.9815,E,021404.000,A,A*4D
$GNGSA,A,3,18,31,01,14,,,,,,,,,1.35,0.85,1.05,1*00
$GNGSA,A,3,70,71,76,82,,,,,,,,,1.35,0.85,1.05,2*06
$GNGSA,A,3,,,,,,,,,,,,,1.35,0.85,1.05,3*0D
$GNGSA,A,3,08,03,04,05,,,,,,,,,1.35,0.85,1.05,4*00
$GPGSV,2,1,08,18,18,128,39.2,31,57,206,39.3,30,31,097,,05,27,068,,1*60
$GPGSV,2,2,08,11,22,301,,12,20,058,,01,19,310,38.7,14,66,024,39.2,1*6E
$GLGSV,1,1,04,70,59,199,39.7,71,47,315,39.0,76,17,253,39.1,82,10,102,39.2,1*7B
$GAGSV,1,1,00,7*73
$GBGSV,1,1,04,08,75,330,38.8,03,43,190,38.3,04,27,125,39.0,05,15,248,38.4,1*72
$GNRMC,021404.000,A,3900.0002,N,11613.9815,E,0.00,269.63,280612,,,A,V*07
$GNVTG,269.63,T,,M,0.00,N,0.00,K,A*2B
$GNZDA,021404.000,28,06,2012,,*46
$GNGGA,021405.000,3900.0002,N,11613.9815,E,1,12,0.85,-11.9,M,-6.8,M,,*70
$PAIRACC,4.75,10.54*7D
$GNGLL,3900.0002,N,11613.9815,E,021405.000,A,A*4C
$GNGSA,A,3,18,31,01,14,,,,,,,,,1.35,0.85,1.05,1*00
$GNGSA,A,3,70,71,76,82,,,,,,,,,1.35,0.85,1.05,2*06
$GNGSA,A,3,,,,,,,,,,,,,1.35,0.85,1.05,3*0D
$GNGSA,A,3,08,03,04,05,,,,,,,,,1.35,0.85,1.05,4*00
$GPGSV,2,1,08,18,18,128,39.0,31,57,206,38.7,30,31,097,,05,27,068,,1*67
$GPGSV,2,2,08,11,22,301,,12,20,058,,01,19,310,38.5,14,66,024,39.1,1*6F
$GLGSV,1,1,04,70,59,199,39.4,71,47,315,39.5,76,17,253,39.4,82,10,102,39.1,1*7B
$GAGSV,1,1,00,7*73
$GBGSV,1,1,04,08,75,330,39.0,03,43,190,37.4,04,27,125,38.9,05,15,248,38.5,1*7A
$GNRMC,021405.000,A,3900.0002,N,11613.9815,E,0.00,316.09,280612,,,A,V*03
$GNVTG,316.09,T,,M,0.00,N,0.00,K,A*2E
$GNZDA,021405.000,28,06,2012,,*47
$GNGGA,021406.000,3900.0002,N,11613.9815,E,1,12,0.85,-11.9,M,-6.8,M,,*73
$PAIRACC,4.68,10.44*70
$GNGLL,3900.0002,N,11613.9815,E,021406.000,A,A*4F
$GNGSA,A,3,18,31,01,14,,,,,,,,,1.35,0.85,1.05,1*00
$GNGSA,A,3,70,71,76,82,,,,,,,,,1.35,0.85,1.05,2*06
$GNGSA,A,3,,,,,,,,,,,,,1.35,0.85,1.05,3*0D
$GNGSA,A,3,08,03,04,05,,,,,,,,,1.35,0.85,1.05,4*00
$GPGSV,2,1,08,18,18,128,39.0,31,57,206,39.1,30,31,097,,05,27,068,,1*60
$GPGSV,2,2,08,11,22,301,,12,20,058,,01,19,310,39.0,14,66,024,39.5,1*6F
$GLGSV,1,1,04,70,59,199,39.3,71,47,315,39.1,76,17,253,38.7,82,10,102,38.9,1*73
$GAGSV,1,1,00,7*73
$GBGSV,1,1,04,08,75,330,39.0,03,43,190,37.8,04,27,125,38.6,05,15,248,38.5,1*79
$GNRMC,021406.000,A,3900.0002,N,11613.9815,E,0.00,284.46,280612,,,A,V*01
$GNVTG,284.46,T,,M,0.00,N,0.00,K,A*2F
$GNZDA,021406.000,28,06,2012,,*44
$GNGGA,021407.000,3900.0002,N,11613.9815,E,1,12,0.85,-11.9,M,-6.8,M,,*72
$PAIRACC,4.68,10.46*72
$GNGLL,3900.0002,N,11613.9815,E,021407.000,A,A*4E
$GNGSA,A,3,18,31,01,14,,,,,,,,,1.35,0.85,1.05,1*00
$GNGSA,A,3,70,71,76,82,,,,,,,,,1.35,0.85,1.05,2*06
$GNGSA,A,3,,,,,,,,,,,,,1.35,0.85,1.05,3*0D
$GNGSA,A,3,08,03,04,05,,,,,,,,,1.35,0.85,1.05,4*00
$GPGSV,2,1,08,18,18,128,39.1,31,57,206,39.3,30,31,097,,05,27,068,,1*63
$GPGSV,2,2,08,11,22,301,,12,20,058,,01,19,310,38.3,14,66,024,39.4,1*6C
$GLGSV,1,1,04,70,59,199,39.1,71,47,315,39.3,76,17,253,38.9,82,10,102,39.2,1*77
$GAGSV,1,1,00,7*73
$GBGSV,1,1,04,08,75,330,39.0,03,43,190,38.2,04,27,125,38.4,05,15,248,38.6,1*7D
$GNRMC,021407.000,A,3900.0002,N,11613.9815,E,0.00,288.43,280612,,,A,V*09
$GNVTG,288.43,T,,M,0.00,N,0.00,K,A*26
$GNZDA,021407.000,28,06,2012,,*45
$GNGGA,021408.000,3900.0002,N,11613.9815,E,1,12,0.85,-11.9,M,-6.8,M,,*7D
$PAIRACC,4.78,10.67*70
$GNGLL,3900.0002,N,11613.9815,E,021408.000,A,A*41
$GNGSA,A,3,18,31,01,14,,,,,,,,,1.35,0.85,1.05,1*00
$GNGSA,A,3,70,71,76,82,,,,,,,,,1.35,0.85,1.05,2*06
$GNGSA,A,3,,,,,,,,,,,,,1.35,0.85,1.05,3*0D
$GNGSA,A,3,08,03,04,05,,,,,,,,,1.35,0.85,1.05,4*00
$GPGSV,2,1,08,18,18,128,39.1,31,57,206,38.5,30,31,097,,05,27,068,,1*64
$GPGSV,2,2,08,11,22,301,,12,20,058,,01,19,310,38.8,14,66,024,39.2,1*61
$GLGSV,1,1,04,70,59,199,39.4,71,47,315,39.5,76,17,253,38.8,82,10,102,39.3,1*74
$GAGSV,1,1,00,7*73
$GBGSV,1,1,04,08,75,330,38.7,03,43,190,37.5,04,27,125,39.0,05,15,248,38.4,1*74
$GNRMC,021408.000,A,3900.0002,N,11613.9815,E,0.00,288.51,280612,,,A,V*05
$GNVTG,288.51,T,,M,0.00,N,0.00,K,A*25
$GNZDA,021408.000,28,06,2012,,*4A
$GNGGA,021409.000,3900.0002,N,11613.9815,E,1,12,0.85,-11.9,M,-6.8,M,,*7C
$PAIRACC,4.67,10.41*7A
$GNGLL,3900.0002,N,11613.9815,E,021409.000,A,A*40
$GNGSA,A,3,18,31,01,14,,,,,,,,,1.35,0.85,1.05,1*00
$GNGSA,A,3,70,71,76,82,,,,,,,,,1.35,0.85,1.05,2*06
$GNGSA,A,3,,,,,,,,,,,,,1.35,0.85,1.05,3*0D
$GNGSA,A,3,08,03,04,05,,,,,,,,,1.35,0.85,1.05,4*00
$GPGSV,2,1,08,18,18,128,39.2,31,57,206,39.0,30,31,097,,05,27,068,,1*63
$GPGSV,2,2,08,11,22,301,,12,20,058,,01,19,310,38.9,14,66,024,39.1,1*63
$GLGSV,1,1,04,70,59,199,39.2,71,47,315,39.3,76,17,253,39.4,82,10,102,39.2,1*78
$GAGSV,1,1,00,7*73
$GBGSV,1,1,04,08,75,330,39.4,03,43,190,38.1,04,27,125,38.8,05,15,248,38.8,1*78
$GNRMC,021409.000,A,3900.0002,N,11613.9815,E,0.00,339.44,280612,,,A,V*0B
$GNVTG,339.44,T,,M,0.00,N,0.00,K,A*2A
$GNZDA,021409.000,28,06,2012,,*4B
$GNGGA,021410.000,3900.0002,N,11613.9815,E,1,12,0.85,-11.9,M,-6.8,M,,*74
$PAIRACC,4.80,10.70*71
$GNGLL,3900.0002,N,11613.9815,E,021410.000,A,A*48
$GNGSA,A,3,18,31,01,14,,,,,,,,,1.35,0.85,1.05,1*00
$GNGSA,A,3,70,71,76,82,,,,,,,,,1.35,0.85,1.05,2*06
$GNGSA,A,3,,,,,,,,,,,,,1.35,0.85,1.05,3*0D
$GNGSA,A,3,08,03,04,05,,,,,,,,,1.35,0.85,1.05,4*00
$GPGSV,2,1,08,18,18,128,39.5,31,57,206,38.8,30,31,097,,05,27,068,,1*6D
$GPGSV,2,2,08,11,22,301,,12,20,058,,01,19,310,38.2,14,66,024,38.9,1*61
$GLGSV,1,1,04,70,59,199,39.5,71,47,315,39.2,76,17,253,39.0,82,10,102,39.5,1*7D
$GAGSV,1,1,00,7*73
$GBGSV,1,1,04,08,75,330,39.0,03,43,190,37.8,04,27,125,38.7,05,15,248,38.5,1*78
$GNRMC,021410.000,A,3900.0002,N,11613.9815,E,0.00,324.71,280612,,,A,V*09
$GNVTG,324.71,T,,M,0.00,N,0.00,K,A*20
$GNZDA,021410.000,28,06,2012,,*43
$GNGGA,021411.000,3900.0002,N,11613.9815,E,1,12,0.85,-11.9,M,-6.8,M,,*75
$PAIRACC,4.67,10.43*78
$GNGLL,3900.0002,N,11613.9815,E,021411.000,A,A*49
$GNGSA,A,3,18,31,01,14,,,,,,,,,1.35,0.85,1.05,1*00
$GNGSA,A,3,70,71,76,82,,,,,,,,,1.35,0.85,1.05,2*06
$GNGSA,A,3,,,,,,,,,,,,,1.35,0.85,1.05,3*0D
$GNGSA,A,3,08,03,04,05,,,,,,,,,1.35,0.85,1.05,4*00
$GPGSV,2,1,08,18,18,128,39.2,31,57,206,38.8,30,31,097,,05,27,068,,1*6A
$GPGSV,2,2,08,11,22,301,,12,20,058,,01,19,310,38.5,14,66,024,39.0,1*6E
$GLGSV,1,1,04,70,59,199,39.0,71,47,315,39.3,76,17,253,39.3,82,10,102,39.3,1*7C
$GAGSV,1,1,00,7*73
$GBGSV,1,1,04,08,75,330,39.1,03,43,190,37.1,04,27,125,38.8,05,15,248,38.5,1*7F
$GNRMC,021411.000,A,3900.0002,N,11613.9815,E,0.00,322.70,280612,,,A,V*0F
$GNVTG,322.70,T,,M,0.00,N,0.00,K,A*27
$GNZDA,021411.000,28,06,2012,,*42
$GNGGA,021412.000,3900.0002,N,11613.9815,E,1,12,0.85,-11.9,M,-6.8,M,,*76
$PAIRACC,4.67,10.47*7C
$GNGLL,3900.0002,N,11613.9815,E,021412.000,A,A*4A
$GNGSA,A,3,18,31,01,14,,,,,,,,,1.35,0.85,1.05,1*00
$GNGSA,A,3,70,71,76,82,,,,,,,,,1.35,0.85,1.05,2*06
$GNGSA,A,3,,,,,,,,,,,,,1.35,0.85,1.05,3*0D
$GNGSA,A,3,08,03,04,05,,,,,,,,,1.35,0.85,1.05,4*00
$GPGSV,2,1,08,18,18,128,39.0,31,57,206,39.0,30,31,097,,05,27,068,,1*61
$GPGSV,2,2,08,11,22,301,,12,20,058,,01,19,310,38.9,14,66,024,39.0,1*62
$GLGSV,1,1,04,70,59,199,39.3,71,47,315,39.7,76,17,253,37.7,82,10,102,39.2,1*70
$GAGSV,1,1,00,7*73
$GBGSV,1,1,04,08,75,330,39.2,03,43,190,38.3,04,27,125,38.7,05,15,248,38.6,1*7D
$GNRMC,021412.000,A,3900.0002,N,11613.9815,E,0.00,247.80,280612,,,A,V*01
$GNVTG,247.80,T,,M,0.00,N,0.00,K,A*2A
$GNZDA,021412.000,28,06,2012,,*41
$GNGGA,021413.000,3900.0002,N,11613.9815,E,1,12,0.85,-11.9,M,-6.8,M,,*77
$PAIRACC,4.75,10.65*7F
$GNGLL,3900.0002,N,11613.9815,E,021413.000,A,A*4B
$GNGSA,A,3,18,31,01,14,,,,,,,,,1.35,0.85,1.05,1*00
$GNGSA,A,3,70,71,76,82,,,,,,,,,1.35,0.85,1.05,2*06
$GNGSA,A,3,,,,,,,,,,,,,1.35,0.85,1.05,3*0D
$GNGSA,A,3,08,03,04,05,,,,,,,,,1.35,0.85,1.05,4*00
$GPGSV,2,1,08,18,18,128,39.1,31,57,206,39.1,30,31,097,,05,27,068,,1*61
$GPGSV,2,2,08,11,22,301,,12,20,058,,01,19,310,38.4,14,66,024,39.3,1*6C
$GLGSV,1,1,04,70,59,199,39.5,71,47,315,39.3,76,17,253,37.3,82,10,102,38.8,1*7D
$GAGSV,1,1,00,7*73
$GBGSV,1,1,04,08,75,330,38.4,03,43,190,38.0,04,27,125,38.5,05,15,248,38.6,1*7B
$GNRMC,021413.000,A,3900.0002,N,11613.9815,E,0.00,267.12,280612,,,A,V*09
$GNVTG,267.12,T,,M,0.00,N,0.00,K,A*23
$GNZDA,021413.000,28,06,2012,,*40
$GNGGA,021414.000,3900.0002,N,11613.9815,E,1,12,0.85,-11.9,M,-6.8,M,,*70
$PAIRACC,4.64,10.43*7B
$GNGLL,3900.0002,N,11613.9815,E,021414.000,A,A*4C
$GNGSA,A,3,18,31,01,14,,,,,,,,,1.35,0.85,1.05,1*00
$GNGSA,A,3,70,71,76,82,,,,,,,,,1.35,0.85,1.05,2*06
$GNGSA,A,3,,,,,,,,,,,,,1.35,0.85,1.05,3*0D
$GNGSA,A,3,08,03,04,05,,,,,,,,,1.35,0.85,1.05,4*00
$GPGSV,2,1,08,18,18,128,39.5,31,57,206,39.2,30,31,097,,05,27,068,,1*66
$GPGSV,2,2,08,11,22,301,,12,20,058,,01,19,310,38.9,14,66,024,39.2,1*60
$GLGSV,1,1,04,70,59,199,39.2,71,47,315,39.4,76,17,253,38.5,82,10,102,39.3,1*7E
$GAGSV,1,1,00,7*73
$GBGSV,1,1,04,08,75,330,38.9,03,43,190,37.3,04,27,125,38.6,05,15,248,38.4,1*7B
$GNRMC,021414.000,A,3900.0002,N,11613.9815,E,0.00,262.57,280612,,,A,V*0A
$GNVTG,262.57,T,,M,0.00,N,0.00,K,A*27
$GNZDA,021414.000,28,06,2012,,*47
$GNGGA,021415.000,3900.0002,N,11613.9815,E,1,12,0.85,-11.9,M,-6.8,M,,*71
$PAIRACC,4.74,10.45*7C
$GNGLL,3900.0002,N,11613.9815,E,021415.000,A,A*4D
$GNGSA,A,3,18,31,01,14,,,,,,,,,1.35,0.85,1.05,1*00
$GNGSA,A,3,70,71,76,82,,,,,,,,,1.35,0.85,1.05,2*06
$GNGSA,A,3,,,,,,,,,,,,,1.35,0.85,1.05,3*0D
$GNGSA,A,3,08,03,04,05,,,,,,,,,1.35,0.85,1.05,4*00
$GPGSV,2,1,08,18,18,128,39.3,31,57,206,38.9,30,31,097,,05,27,068,,1*6A
$GPGSV,2,2,08,11,22,301,,12,20,058,,01,19,310,39.1,14,66,024,39.0,1*6B
$GLGSV,1,1,04,70,59,199,39.5,71,47,315,39.1,76,17,253,37.5,82,10,102,39.4,1*74
$GAGSV,1,1,00,7*73
$GBGSV,1,1,04,08,75,330,39.2,03,43,190,38.0,04,27,125,38.8,05,15,248,38.5,1*72
$GNRMC,021415.000,A,3900.0002,N,11613.9815,E,0.00,289.05,280612,,,A,V*09
$GNVTG,289.05,T,,M,0.00,N,0.00,K,A*25
$GNZDA,021415.000,28,06,2012,,*46
$GNGGA,021416.000,3900.0002,N,11613.9815,E,1,12,0.85,-11.9,M,-6.8,M,,*72
$PAIRACC,4.65,10.55*7D
$GNGLL,3900.0002,N,11613.9815,E,021416.000,A,A*4E
$GNGSA,A,3,18,31,01,14,,,,,,,,,1.35,0.85,1.05,1*00
$GNGSA,A,3,70,71,76,82,,,,,,,,,1.35,0.85,1.05,2*06
$GNGSA,A,3,,,,,,,,,,,,,1.35,0.85,1.05,3*0D
$GNGSA,A,3,08,03,04,05,,,,,,,,,1.35,0.85,1.05,4*00
$GPGSV,2,1,08,18,18,128,39.1,31,57,206,38.7,30,31,097,,05,27,068,,1*66
$GPGSV,2,2,08,11,22,301,,12,20,058,,01,19,310,39.2,14,66,024,39.4,1*6C
$GLGSV,1,1,04,70,59,199,39.4,71,47,315,38.9,76,17,253,38.3,82,10,102,39.3,1*72
$GAGSV,1,1,00,7*73
$GBGSV,1,1,04,08,75,330,39.0,03,43,190,38.4,04,27,125,39.0,05,15,248,38.9,1*71
$GNRMC,021416.000,A,3900.0002,N,11613.9815,E,0.00,278.15,280612,,,A,V*05
$GNVTG,278.15,T,,M,0.00,N,0.00,K,A*2A
$GNZDA,021416.000,28,06,2012,,*45
$GNGGA,021417.000,3900.0002,N,11613.9815,E,1,12,0.85,-11.9,M,-6.8,M,,*73
$PAIRACC,4.71,10.54*79
$GNGLL,3900.0002,N,11613.9815,E,021417.000,A,A*4F
$GNGSA,A,3,18,31,01,14,,,,,,,,,1.35,0.85,1.05,1*00
$GNGSA,A,3,70,71,76,82,,,,,,,,,1.35,0.85,1.05,2*06
$GNGSA,A,3,,,,,,,,,,,,,1.35,0.85,1.05,3*0D
$GNGSA,A,3,08,03,04,05,,,,,,,,,1.35,0.85,1.05,4*00
$GPGSV,2,1,08,18,18,128,39.3,31,57,206,39.2,30,31,097,,05,27,068,,1*60
$GPGSV,2,2,08,11,22,301,,12,20,058,,01,19,310,38.9,14,66,024,39.1,1*63
$GLGSV,1,1,04,70,59,199,39.1,71,47,315,38.9,76,17,253,37.7,82,10,102,39.1,1*7E
$GAGSV,1,1,00,7*73
$GBGSV,1,1,04,08,75,330,39.0,03,43,190,37.9,04,27,125,38.8,05,15,248,38.4,1*77
$GNRMC,021417.000,A,3900.0002,N,11613.9815,E,0.00,282.98,280612,,,A,V*04
$GNVTG,282.98,T,,M,0.00,N,0.00,K,A*2A
$GNZDA,021417.000,28,06,2012,,*44
$GNGGA,021418.000,3900.0003,N,11613.9815,E,1,12,0.85,-11.9,M,-6.8,M,,*7D
$PAIRACC,4.69,10.47*72
$GNGLL,3900.0003,N,11613.9815,E,021418.000,A,A*41
$GNGSA,A,3,18,31,01,14,,,,,,,,,1.35,0.85,1.05,1*00
$GNGSA,A,3,70,71,76,82,,,,,,,,,1.35,0.85,1.05,2*06
$GNGSA,A,3,,,,,,,,,,,,,1.35,0.85,1.05,3*0D
$GNGSA,A,3,08,03,04,05,,,,,,,,,1.35,0.85,1.05,4*00
$GPGSV,2,1,08,18,18,128,39.2,31,57,206,38.8,30,31,097,,05,27,068,,1*6A
$GPGSV,2,2,08,11,22,301,,12,20,058,,01,19,310,38.7,14,66,024,39.4,1*68
$GLGSV,1,1,04,70,59,199,39.3,71,47,315,39.0,76,17,253,39.3,82,10,102,39.5,1*7A
$GAGSV,1,1,00,7*73
$GBGSV,1,1,04,08,75,330,38.9,03,43,190,37.6,04,27,125,38.7,05,15,248,38.0,1*7B
$GNRMC,021418.000,A,3900.0003,N,11613.9815,E,0.00,312.54,280612,,,A,V*02
$GNVTG,312.54,T,,M,0.00,N,0.00,K,A*22
$GNZDA,021418.000,28,06,2012,,*4B
$GNGGA,021419.000,3900.0003,N,11613.9815,E,1,12,0.85,-11.9,M,-6.8,M,,*7C
$PAIRACC,4.69,10.46*73
$GNGLL,3900.0003,N,11613.9815,E,021419.000,A,A*40
$GNGSA,A,3,18,31,01,14,,,,,,,,,1.35,0.85,1.05,1*00
$GNGSA,A,3,70,71,76,82,,,,,,,,,1.35,0.85,1.05,2*06
$GNGSA,A,3,,,,,,,,,,,,,1.35,0.85,1.05,3*0D
$GNGSA,A,3,08,03,04,05,,,,,,,,,1.35,0.85,1.05,4*00
$GPGSV,2,1,08,18,18,128,39.0,31,57,206,38.8,30,31,097,,05,27,068,,1*68
$GPGSV,2,2,08,11,22,301,,12,20,058,,01,19,310,38.6,14,66,024,38.9,1*65
$GLGSV,1,1,04,70,59,199,39.3,71,47,315,38.8,76,17,253,39.3,82,10,102,39.0,1*76
$GAGSV,1,1,00,7*73
$GBGSV,1,1,04,08,75,330,38.6,03,43,190,37.9,04,27,125,38.2,05,15,248,38.4,1*7A
$GNRMC,021419.000,A,3900.0003,N,11613.9815,E,0.00,318.61,280612,,,A,V*0F
$GNVTG,318.61,T,,M,0.00,N,0.00,K,A*2E
$GNZDA,021419.000,28,06,2012,,*4A
$GNGGA,021420.000,3900.0003,N,11613.9815,E,1,12,0.85,-11.9,M,-6.8,M,,*76
$PAIRACC,4.65,10.43*7A
$GNGLL,3900.0003,N,11613.9815,E,021420.000,A,A*4A
$GNGSA,A,3,18,31,01,14,,,,,,,,,1.35,0.85,1.05,1*00
$GNGSA,A,3,70,71,76,82,,,,,,,,,1.35,0.85,1.05,2*06
$GNGSA,A,3,,,,,,,,,,,,,1.35,0.85,1.05,3*0D
$GNGSA,A,3,08,03,04,05,,,,,,,,,1.35,0.85,1.05,4*00
$GPGSV,2,1,08,18,18,128,39.2,31,57,206,39.1,30,31,097,,05,27,068,,1*62
$GPGSV,2,2,08,11,22,301,,12,20,058,,01,19,310,39.3,14,66,024,39.4,1*6D
$GLGSV,1,1,04,70,59,199,39.7,71,47,315,39.2,76,17,253,39.0,82,10,102,38.8,1*73
$GAGSV,1,1,00,7*73
$GBGSV,1,1,04,08,75,330,39.1,03,43,190,37.6,04,27,125,38.8,05,15,248,38.3,1*7E
$GNRMC,021420.000,A,3900.0003,N,11613.9815,E,0.00,312.65,280612,,,A,V*0B
$GNVTG,312.65,T,,M,0.00,N,0.00,K,A*20
$GNZDA,021420.000,28,06,2012,,*40
$GNGGA,021421.000,3900.0003,N,11613.9815,E,1,12,0.85,-11.9,M,-6.8,M,,*77
$PAIRACC,4.76,10.57*7D
$GNGLL,3900.0003,N,11613.9815,E,021421.000,A,A*4B
$GNGSA,A,3,18,31,01,14,,,,,,,,,1.35,0.85,1.05,1*00
$GNGSA,A,3,70,71,76,82,,,,,,,,,1.35,0.85,1.05,2*06
$GNGSA,A,3,,,,,,,,,,,,,1.35,0.85,1.05,3*0D
$GNGSA,A,3,08,03,04,05,,,,,,,,,1.35,0.85,1.05,4*00
$GPGSV,2,1,08,18,18,128,39.3,31,57,206,39.2,30,31,097,,05,27,068,,1*60
$GPGSV,2,2,08,11,22,301,,12,20,058,,01,19,310,38.5,14,66,024,39.1,1*6F
$GLGSV,1,1,04,70,59,199,39.5,71,47,315,38.9,76,17,253,39.0,82,10,102,38.9,1*7A
$GAGSV,1,1,00,7*73
$GBGSV,1,1,04,08,75,330,39.6,03,43,190,38.0,04,27,125,39.0,05,15,248,38.4,1*7E
$GNRMC,021421.000,A,3900.0003,N,11613.9815,E,0.00,318.54,280612,,,A,V*02
$GNVTG,318.54,T,,M,0.00,N,0.00,K,A*28
$GNZDA,021421.000,28,06,2012,,*41
$GNGGA,021422.000,3900.0003,N,11613.9815,E,1,12,0.85,-11.9,M,-6.8,M,,*74
$PAIRACC,4.68,10.54*71
$GNGLL,3900.0003,N,11613.9815,E,021422.000,A,A*48
$GNGSA,A,3,18,31,01,14,,,,,,,,,1.35,0.85,1.05,1*00
$GNGSA,A,3,70,71,76,82,,,,,,,,,1.35,0.85,1.05,2*06
$GNGSA,A,3,,,,,,,,,,,,,1.35,0.85,1.05,3*0D
$GNGSA,A,3,08,03,04,05,,,,,,,,,1.35,0.85,1.05,4*00
$GPGSV,2,1,08,18,18,128,39.6,31,57,206,39.2,30,31,097,,05,27,068,,1*65
$GPGSV,2,2,08,11,22,301,,12,20,058,,01,19,310,39.4,14,66,024,39.4,1*6A
$GLGSV,1,1,04,70,59,199,39.2,71,47,315,39.1,76,17,253,39.1,82,10,102,39.3,1*7E
$GAGSV,1,1,00,7*73
$GBGSV,1,1,04,08,75,330,39.5,03,43,190,37.6,04,27,125,38.8,05,15,248,38.4,1*7D
$GNRMC,021422.000,A,3900.0003,N,11613.9815,E,0.00,356.86,280612,,,A,V*04
$GNVTG,356.86,T,,M,0.00,N,0.00,K,A*2D
$GNZDA,021422.000,28,06,2012,,*42
$GNGGA,021423.000,3900.0003,N,11613.9815,E,1,12,0.85,-11.9,M,-6.8,M,,*75
$PAIRACC,4.78,10.69*7E
$GNGLL,3900.0003,N,11613.9815,E,021423.000,A,A*49
$GNGSA,A,3,18,31,01,14,,,,,,,,,1.35,0.85,1.05,1*00
$GNGSA,A,3,70,71,76,82,,,,,,,,,1.35,0.85,1.05,2*06
$GNGSA,A,3,,,,,,,,,,,,,1.35,0.85,1.05,3*0D
$GNGSA,A,3,08,03,04,05,,,,,,,,,1.35,0.85,1.05,4*00
$GPGSV,2,1,08,18,18,128,39.3,31,57,206,39.0,30,31,097,,05,27,068,,1*62
$GPGSV,2,2,08,11,22,301,,12,20,058,,01,19,310,38.8,14,66,024,39.3,1*60
$GLGSV,1,1,04,70,59,199,39.2,71,47,315,39.3,76,17,253,38.9,82,10,102,39.0,1*76
$GAGSV,1,1,00,7*73
$GBGSV,1,1,04,08,75,330,39.1,03,43,190,36.5,04,27,125,38.4,05,15,248,38.3,1*70
$GNRMC,021423.000,A,3900.0003,N,11613.9815,E,0.00,333.87,280612,,,A,V*07
$GNVTG,333.87,T,,M,0.00,N,0.00,K,A*2F
$GNZDA,021423.000,28,06,2012,,*43
$GNGGA,021424.000,3900.0003,N,11613.9815,E,1,12,0.85,-11.9,M,-6.8,M,,*72
$PAIRACC,4.63,10.37*7F
$GNGLL,3900.0003,N,11613.9815,E,021424.000,A,A*4E
$GNGSA,A,3,18,31,01,14,,,,,,,,,1.35,0.85,1.05,1*00
$GNGSA,A,3,70,71,76,82,,,,,,,,,1.35,0.85,1.05,2*06
$GNGSA,A,3,,,,,,,,,,,,,1.35,0.85,1.05,3*0D
$GNGSA,A,3,08,03,04,05,,,,,,,,,1.35,0.85,1.05,4*00
$GPGSV,2,1,08,18,18,128,39.3,31,57,206,39.2,30,31,097,,05,27,068,,1*60
$GPGSV,2,2,08,11,22,301,,12,20,058,,01,19,310,38.3,14,66,024,39.6,1*6E
$GLGSV,1,1,04,70,59,199,39.0,71,47,315,39.2,76,17,253,39.2,82,10,102,39.2,1*7D
$GAGSV,1,1,00,7*73
$GBGSV,1,1,04,08,75,330,39.2,03,43,190,38.4,04,27,125,38.8,05,15,248,38.3,1*70
$GNRMC,021424.000,A,3900.0003,N,11613.9815,E,0.00,0.00,280612,,,A,V*0C
$GNVTG,0.00,T,,M,0.00,N,0.00,K,A*23
$GNZDA,021424.000,28,06,2012,,*44
$GNGGA,021425.000,3900.0003,N,11613.9815,E,1,12,0.85,-11.9,M,-6.8,M,,*73
$PAIRACC,4.73,10.64*78
$GNGLL,3900.0003,N,11613.9815,E,021425.000,A,A*4F
$GNGSA,A,3,18,31,01,14,,,,,,,,,1.35,0.85,1.05,1*00
$GNGSA,A,3,70,71,76,82,,,,,,,,,1.35,0.85,1.05,2*06
$GNGSA,A,3,,,,,,,,,,,,,1.35,0.85,1.05,3*0D
$GNGSA,A,3,08,03,04,05,,,,,,,,,1.35,0.85,1.05,4*00
$GPGSV,2,1,08,18,18,128,39.3,31,57,206,39.3,30,31,097,,05,27,068,,1*61
$GPGSV,2,2,08,11,22,301,,12,20,058,,01,19,310,38.8,14,66,024,39.2,1*61
$GLGSV,2,1,05,65,62,297,,70,59,199,39.3,71,47,315,39.1,76,17,253,39.5,1*6D
$GLGSV,2,2,05,82,10,102,38.9,1*59
$GAGSV,1,1,00,7*73
$GBGSV,1,1,04,08,75,330,39.0,03,43,190,38.0,04,27,125,39.0,05,15,248,38.7,1*7B
$GNRMC,021425.000,A,3900.0003,N,11613.9815,E,0.00,151.83,280612,,,A,V*03
$GNVTG,151.83,T,,M,0.00,N,0.00,K,A*2D
$GNZDA,021425.000,28,06,2012,,*45
$GNGGA,021426.000,3900.0003,N,11613.9815,E,1,12,0.85,-11.9,M,-6.8,M,,*70
$PAIRACC,4.68,10.46*72
$GNGLL,3900.0003,N,11613.9815,E,021426.000,A,A*4C
$GNGSA,A,3,18,31,01,14,,,,,,,,,1.35,0.85,1.05,1*00
$GNGSA,A,3,70,71,76,82,,,,,,,,,1.35,0.85,1.05,2*06
$GNGSA,A,3,,,,,,,,,,,,,1.35,0.85,1.05,3*0D
$GNGSA,A,3,08,03,04,05,,,,,,,,,1.35,0.85,1.05,4*00
$GPGSV,2,1,08,18,18,128,38.9,31,57,206,39.2,30,31,097,,05,27,068,,1*6B
$GPGSV,2,2,08,11,22,301,,12,20,058,,01,19,310,39.0,14,66,024,39.3,1*69
$GLGSV,1,1,04,70,59,199,38.7,71,47,315,39.2,76,17,253,39.0,82,10,102,39.2,1*79
$GAGSV,1,1,00,7*73
$GBGSV,2,1,05,08,75,330,39.3,09,55,256,,03,43,190,37.2,04,27,125,38.5,1*66
$GBGSV,2,2,05,05,15,248,38.7,1*5E
$GNRMC,021426.000,A,3900.0003,N,11613.9815,E,0.00,217.99,280612,,,A,V*0A
$GNVTG,217.99,T,,M,0.00,N,0.00,K,A*27
$GNZDA,021426.000,28,06,2012,,*46
$GNGGA,021427.000,3900.0003,N,11613.9815,E,1,12,0.85,-11.9,M,-6.8,M,,*71
$PAIRACC,4.69,10.47*72
$GNGLL,3900.0003,N,11613.9815,E,021427.000,A,A*4D
$GNGSA,A,3,18,14,01,31,,,,,,,,,1.35,0.85,1.05,1*00
$GNGSA,A,3,70,71,76,82,,,,,,,,,1.35,0.85,1.05,2*06
$GNGSA,A,3,,,,,,,,,,,,,1.35,0.85,1.05,3*0D
$GNGSA,A,3,08,03,04,05,,,,,,,,,1.35,0.85,1.05,4*00
$GPGSV,2,1,08,18,18,128,39.2,14,66,024,39.5,30,31,097,,05,27,068,,1*61
$GPGSV,2,2,08,11,22,301,,12,20,058,,01,19,310,38.8,31,57,206,39.0,1*64
$GLGSV,2,1,06,73,48,275,,70,59,199,38.8,71,47,315,39.1,76,17,253,38.6,1*65
$GLGSV,2,2,06,81,13,051,,82,10,102,38.9,1*65
$GAGSV,1,1,00,7*73
$GBGSV,1,1,04,08,75,330,39.3,03,43,190,38.1,04,27,125,38.8,05,15,248,38.6,1*71
$GNRMC,021427.000,A,3900.0003,N,11613.9815,E,0.00,236.77,280612,,,A,V*08
$GNVTG,236.77,T,,M,0.00,N,0.00,K,A*24
$GNZDA,021427.000,28,06,2012,,*47
$GNGGA,021428.000,3900.0003,N,11613.9815,E,1,12,0.85,-11.9,M,-6.8,M,,*7E
$PAIRACC,4.64,10.43*7B
$GNGLL,3900.0003,N,11613.9815,E,021428.000,A,A*42
$GNGSA,A,3,18,14,01,31,,,,,,,,,1.35,0.85,1.05,1*00
$GNGSA,A,3,71,70,76,82,,,,,,,,,1.35,0.85,1.05,2*06
$GNGSA,A,3,,,,,,,,,,,,,1.35,0.85,1.05,3*0D
$GNGSA,A,3,08,03,04,05,,,,,,,,,1.35,0.85,1.05,4*00
$GPGSV,2,1,08,18,18,128,39.3,14,66,024,39.2,30,31,097,,05,27,068,,1*67
$GPGSV,2,2,08,11,22,301,,12,20,058,,01,19,310,38.9,31,57,206,39.3,1*66
$GLGSV,2,1,05,71,47,315,39.3,70,59,199,38.9,76,17,253,38.8,82,10,102,38.8,1*76
$GLGSV,2,2,05,79,10,051,,1*46
$GAGSV,1,1,00,7*73
$GBGSV,2,1,05,08,75,330,39.3,03,43,190,38.5,04,27,125,38.4,05,15,248,38.5,1*78
$GBGSV,2,2,05,12,10,236,,1*46
$GNRMC,021428.000,A,3900.0003,N,11613.9815,E,0.00,235.79,280612,,,A,V*0A
$GNVTG,235.79,T,,M,0.00,N,0.00,K,A*29
$GNZDA,021428.000,28,06,2012,,*48
$GNGGA,021429.000,3900.0003,N,11613.9815,E,1,12,0.85,-11.9,M,-6.8,M,,*7F
$PAIRACC,4.70,10.56*7A
$GNGLL,3900.0003,N,11613.9815,E,021429.000,A,A*43
$GNGSA,A,3,18,14,01,31,,,,,,,,,1.35,0.85,1.05,1*00
$GNGSA,A,3,71,70,76,82,,,,,,,,,1.35,0.85,1.05,2*06
$GNGSA,A,3,,,,,,,,,,,,,1.35,0.85,1.05,3*0D
$GNGSA,A,3,08,03,04,05,,,,,,,,,1.35,0.85,1.05,4*00
$GPGSV,2,1,08,18,18,128,39.0,14,66,024,38.8,30,31,097,,05,27,068,,1*6F
$GPGSV,2,2,08,11,22,301,,12,20,058,,01,19,310,39.0,31,57,206,39.2,1*6F
$GLGSV,2,1,05,71,47,315,38.8,70,59,199,39.0,76,17,253,39.5,82,10,102,38.9,1*79
$GLGSV,2,2,05,74,04,248,,1*44
$GAGSV,1,1,00,7*73
$GBGSV,2,1,05,08,75,330,39.0,03,43,190,37.6,04,27,125,38.7,05,15,248,38.4,1*75
$GBGSV,2,2,05,12,10,236,,1*46
$GNRMC,021429.000,A,3900.0003,N,11613.9815,E,0.00,189.92,280612,,,A,V*0A
$GNVTG,189.92,T,,M,0.00,N,0.00,K,A*28
$GNZDA,021429.000,28,06,2012,,*49
$GNGGA,021430.000,3900.0003,N,11613.9815,E,1,12,0.85,-11.8,M,-6.8,M,,*76
$PAIRACC,4.70,10.48*75
$GNGLL,3900.0003,N,11613.9815,E,021430.000,A,A*4B
$GNGSA,A,3,18,14,01,31,,,,,,,,,1.35,0.85,1.05,1*00
$GNGSA,A,3,71,70,76,82,,,,,,,,,1.35,0.85,1.05,2*06
$GNGSA,A,3,,,,,,,,,,,,,1.35,0.85,1.05,3*0D
$GNGSA,A,3,03,08,04,05,,,,,,,,,1.35,0.85,1.05,4*00
$GPGSV,2,1,08,18,18,128,39.2,14,66,024,39.5,30,31,097,,05,27,068,,1*61
$GPGSV,2,2,08,11,22,301,,12,20,058,,01,19,310,39.0,31,57,206,39.0,1*6D
$GLGSV,1,1,04,71,47,315,38.9,70,59,199,39.0,76,17,253,38.9,82,10,102,39.2,1*7D
$GAGSV,1,1,00,7*73
$GBGSV,2,1,07,02,30,229,,03,43,190,37.8,01,37,147,,08,75,330,38.8,1*74
$GBGSV,2,2,07,04,27,125,38.7,05,15,248,38.2,12,10,236,,1*49
$GNRMC,021430.000,A,3900.0003,N,11613.9815,E,0.00,235.41,280612,,,A,V*08
$GNVTG,235.41,T,,M,0.00,N,0.00,K,A*22
$GNZDA,021430.000,28,06,2012,,*41
$GNGGA,021431.000,3900.0003,N,11613.9815,E,1,12,0.85,-11.8,M,-6.8,M,,*77
$PAIRACC,4.68,10.45*71
$GNGLL,3900.0003,N,11613.9815,E,021431.000,A,A*4A
$GNGSA,A,3,18,14,01,31,,,,,,,,,1.35,0.85,1.05,1*00
$GNGSA,A,3,71,70,76,82,,,,,,,,,1.35,0.85,1.05,2*06
$GNGSA,A,3,,,,,,,,,,,,,1.35,0.85,1.05,3*0D
$GNGSA,A,3,03,08,04,05,,,,,,,,,1.35,0.85,1.05,4*00
$GPGSV,2,1,08,18,18,128,38.7,14,66,024,39.2,30,31,097,,05,27,068,,1*62
$GPGSV,2,2,08,11,22,301,,12,20,058,,01,19,310,38.8,31,57,206,39.0,1*64
$GLGSV,1,1,04,71,47,315,39.5,70,59,199,39.2,76,17,253,39.3,82,10,102,39.3,1*78
$GAGSV,1,1,00,7*73
$GBGSV,2,1,07,02,30,229,,03,43,190,37.6,01,37,147,,08,75,330,39.2,1*71
$GBGSV,2,2,07,04,27,125,38.7,05,15,248,38.7,12,10,236,,1*4C
$GNRMC,021431.000,A,3900.0003,N,11613.9815,E,0.00,273.87,280612,,,A,V*01
$GNVTG,273.87,T,,M,0.00,N,0.00,K,A*2A
$GNZDA,021431.000,28,06,2012,,*40
$GNGGA,021432.000,3900.0003,N,11613.9815,E,1,12,0.85,-11.8,M,-6.8,M,,*74
$PAIRACC,4.68,10.47*73
$GNGLL,3900.0003,N,11613.9815,E,021432.000,A,A*49
$GNGSA,A,3,18,14,01,31,,,,,,,,,1.35,0.85,1.05,1*00
$GNGSA,A,3,71,70,76,82,,,,,,,,,1.35,0.85,1.05,2*06
$GNGSA,A,3,,,,,,,,,,,,,1.35,0.85,1.05,3*0D
$GNGSA,A,3,03,08,04,05,,,,,,,,,1.35,0.85,1.05,4*00
$GPGSV,2,1,08,18,18,128,39.2,14,66,024,39.3,30,31,097,,05,27,068,,1*67
$GPGSV,2,2,08,11,22,301,,12,20,058,,01,19,310,38.5,31,57,206,39.1,1*68
$GLGSV,1,1,04,71,47,315,39.1,70,59,199,38.9,76,17,253,38.5,82,10,102,39.5,1*77
$GAGSV,1,1,00,7*73
$GBGSV,2,1,07,02,30,229,,03,43,190,38.6,01,37,147,,08,75,330,39.3,1*7F
$GBGSV,2,2,07,04,27,125,38.8,05,15,248,38.6,12,10,236,,1*42
$GNRMC,021432.000,A,3900.0003,N,11613.9815,E,0.00,269.58,280612,,,A,V*0B
$GNVTG,269.58,T,,M,0.00,N,0.01,K,A*22
$GNZDA,021432.000,28,06,2012,,*43
$GNGGA,021433.000,3900.0003,N,11613.9815,E,1,12,0.85,-11.8,M,-6.8,M,,*75
$PAIRACC,4.72,10.51*7F
$GNGLL,3900.0003,N,11613.9815,E,021433.000,A,A*48
$GNGSA,A,3,18,14,01,31,,,,,,,,,1.35,0.85,1.05,1*00
$GNGSA,A,3,71,70,76,82,,,,,,,,,1.35,0.85,1.05,2*06
$GNGSA,A,3,,,,,,,,,,,,,1.35,0.85,1.05,3*0D
$GNGSA,A,3,08,03,04,05,,,,,,,,,1.35,0.85,1.05,4*00
$GPGSV,2,1,08,18,18,128,38.9,14,66,024,39.1,30,31,097,,05,27,068,,1*6F
$GPGSV,2,2,08,11,22,301,,12,20,058,,01,19,310,39.0,31,57,206,39.1,1*6C
$GLGSV,1,1,04,71,47,315,39.1,70,59,199,38.8,76,17,253,39.3,82,10,102,38.8,1*7D
$GAGSV,1,1,00,7*73
$GBGSV,2,1,06,08,75,330,39.2,03,43,190,37.9,01,37,147,,04,27,125,38.5,1*60
$GBGSV,2,2,06,05,15,248,37.9,12,10,236,,1*69
$GNRMC,021433.000,A,3900.0003,N,11613.9815,E,0.00,0.00,280612,,,A,V*0A
$GNVTG,0.00,T,,M,0.00,N,0.00,K,A*23
$GNZDA,021433.000,28,06,2012,,*42
$GNGGA,021434.000,3900.0003,N,11613.9815,E,1,12,0.85,-11.8,M,-6.8,M,,*72
$PAIRACC,4.64,10.52*7B
$GNGLL,3900.0003,N,11613.9815,E,021434.000,A,A*4F
$GNGSA,A,3,18,31,01,14,,,,,,,,,1.35,0.85,1.05,1*00
$GNGSA,A,3,70,71,76,82,,,,,,,,,1.35,0.85,1.05,2*06
$GNGSA,A,3,,,,,,,,,,,,,1.35,0.85,1.05,3*0D
$GNGSA,A,3,08,03,04,05,,,,,,,,,1.35,0.85,1.05,4*00
$GPGSV,2,1,08,18,18,128,39.5,31,57,206,39.1,30,31,097,,05,27,068,,1*65
$GPGSV,2,2,08,11,22,301,,12,20,058,,01,19,310,38.6,14,66,024,38.9,1*65
$GLGSV,1,1,04,70,59,199,39.5,71,47,315,39.2,76,17,253,39.4,82,10,102,38.9,1*74
$GAGSV,1,1,00,7*73
$GBGSV,2,1,05,08,75,330,38.8,03,43,190,37.5,04,27,125,38.6,05,15,248,38.4,1*7E
$GBGSV,2,2,05,12,10,236,,1*46
$GNRMC,021434.000,A,3900.0003,N,11613.9815,E,0.00,0.00,280612,,,A,V*0D
$GNVTG,0.00,T,,M,0.00,N,0.00,K,A*23
$GNZDA,021434.000,28,06,2012,,*45
$GNGGA,021435.000,3900.0003,N,11613.9815,E,1,12,0.85,-11.8,M,-6.8,M,,*73
$PAIRACC,4.67,10.47*7C
$GNGLL,3900.0003,N,11613.9815,E,021435.000,A,A*4E
$GNGSA,A,3,18,31,01,14,,,,,,,,,1.35,0.85,1.05,1*00
$GNGSA,A,3,70,71,76,82,,,,,,,,,1.35,0.85,1.05,2*06
$GNGSA,A,3,,,,,,,,,,,,,1.35,0.85,1.05,3*0D
$GNGSA,A,3,08,03,04,05,,,,,,,,,1.35,0.85,1.05,4*00
$GPGSV,2,1,08,18,18,128,38.9,31,57,206,38.9,30,31,097,,05,27,068,,1*61
$GPGSV,2,2,08,11,22,301,,12,20,058,,01,19,310,38.6,14,66,024,39.2,1*6F
$GLGSV,1,1,04,70,59,199,39.0,71,47,315,39.1,76,17,253,39.7,82,10,102,38.9,1*71
$GAGSV,1,1,00,7*73
$GBGSV,1,1,04,08,75,330,39.0,03,43,190,38.4,04,27,125,38.4,05,15,248,38.6,1*7B
$GNRMC,021435.000,A,3900.0003,N,11613.9815,E,0.00,24.42,280612,,,A,V*3C
$GNVTG,24.42,T,,M,0.00,N,0.00,K,A*13
$GNZDA,021435.000,28,06,2012,,*44
$GNGGA,021436.000,3900.0003,N,11613.9815,E,1,12,0.85,-11.8,M,-6.8,M,,*70
$PAIRACC,4.62,10.38*71
$GNGLL,3900.0003,N,11613.9815,E,021436.000,A,A*4D
$GNGSA,A,3,18,31,01,14,,,,,,,,,1.35,0.85,1.05,1*00
$GNGSA,A,3,70,71,76,82,,,,,,,,,1.35,0.85,1.05,2*06
$GNGSA,A,3,,,,,,,,,,,,,1.35,0.85,1.05,3*0D
$GNGSA,A,3,08,03,04,05,,,,,,,,,1.35,0.85,1.05,4*00
$GPGSV,2,1,08,18,18,128,39.4,31,57,206,39.2,30,31,097,,05,27,068,,1*67
$GPGSV,2,2,08,11,22,301,,12,20,058,,01,19,310,38.9,14,66,024,39.5,1*67
$GLGSV,1,1,04,70,59,199,39.6,71,47,315,39.1,76,17,253,39.4,82,10,102,39.3,1*7F
$GAGSV,1,1,00,7*73
$GBGSV,1,1,04,08,75,330,39.0,03,43,190,38.6,04,27,125,38.6,05,15,248,38.7,1*7A
$GNRMC,021436.000,A,3900.0003,N,11613.9815,E,0.00,280.51,280612,,,A,V*01
$GNVTG,280.51,T,,M,0.00,N,0.00,K,A*2D
$GNZDA,021436.000,28,06,2012,,*47
$GNGGA,021437.000,3900.0002,N,11613.9815,E,1,12,0.85,-11.8,M,-6.8,M,,*70
$PAIRACC,4.80,10.59*7A
$GNGLL,3900.0002,N,11613.9815,E,021437.000,A,A*4D
$GNGSA,A,3,18,31,01,14,,,,,,,,,1.35,0.85,1.05,1*00
$GNGSA,A,3,70,71,76,82,,,,,,,,,1.35,0.85,1.05,2*06
$GNGSA,A,3,,,,,,,,,,,,,1.35,0.85,1.05,3*0D
$GNGSA,A,3,08,03,04,05,,,,,,,,,1.35,0.85,1.05,4*00
$GPGSV,2,1,08,18,18,128,39.7,31,57,206,38.9,30,31,097,,05,27,068,,1*6E
$GPGSV,2,2,08,11,22,301,,12,20,058,,01,19,310,38.6,14,66,024,39.1,1*6C
$GLGSV,1,1,04,70,59,199,38.9,71,47,315,39.0,76,17,253,38.8,82,10,102,39.5,1*7B
$GAGSV,1,1,00,7*73
$GBGSV,1,1,04,08,75,330,39.2,03,43,190,38.1,04,27,125,39.0,05,15,248,38.7,1*78
$GNRMC,021437.000,A,3900.0002,N,11613.9815,E,0.00,214.59,280612,,,A,V*04
$GNVTG,214.59,T,,M,0.00,N,0.00,K,A*28
$GNZDA,021437.000,28,06,2012,,*46
$GNGGA,021438.000,3900.0002,N,11613.9815,E,1,12,0.85,-11.8,M,-6.8,M,,*7F
$PAIRACC,4.65,10.56*7E
$GNGLL,3900.0002,N,11613.9815,E,021438.000,A,A*42
$GNGSA,A,3,18,31,01,14,,,,,,,,,1.35,0.85,1.05,1*00
$GNGSA,A,3,70,71,76,82,,,,,,,,,1.35,0.85,1.05,2*06
$GNGSA,A,3,,,,,,,,,,,,,1.35,0.85,1.05,3*0D
$GNGSA,A,3,08,03,04,05,,,,,,,,,1.35,0.85,1.05,4*00
$GPGSV,2,1,08,18,18,128,38.7,31,57,206,38.9,30,31,097,,05,27,068,,1*6F
$GPGSV,2,2,08,11,22,301,,12,20,058,,01,19,310,39.1,14,66,024,38.9,1*63
$GLGSV,1,1,04,70,59,199,39.3,71,47,315,39.1,76,17,253,39.2,82,10,102,39.1,1*7E
$GAGSV,1,1,00,7*73
$GBGSV,1,1,04,08,75,330,39.1,03,43,190,38.7,04,27,125,39.1,05,15,248,38.8,1*73
$GNRMC,021438.000,A,3900.0002,N,11613.9815,E,0.00,207.61,280612,,,A,V*02
$GNVTG,207.61,T,,M,0.00,N,0.00,K,A*21
$GNZDA,021438.000,28,06,2012,,*49
$GNGGA,021439.000,3900.0002,N,11613.9815,E,1,12,0.85,-11.8,M,-6.8,M,,*7E
$PAIRACC,4.65,10.41*78
$GNGLL,3900.0002,N,11613.9815,E,021439.000,A,A*43
$GNGSA,A,3,18,31,01,14,,,,,,,,,1.35,0.85,1.05,1*00
$GNGSA,A,3,70,71,76,82,,,,,,,,,1.35,0.85,1.05,2*06
$GNGSA,A,3,,,,,,,,,,,,,1.35,0.85,1.05,3*0D
$GNGSA,A,3,08,03,04,05,,,,,,,,,1.35,0.85,1.05,4*00
$GPGSV,2,1,08,18,18,128,39.3,31,57,206,38.7,30,31,097,,05,27,068,,1*64
$GPGSV,2,2,08,11,22,301,,12,20,058,,01,19,310,38.7,14,66,024,39.5,1*69
$GLGSV,1,1,04,70,59,199,39.1,71,47,315,39.2,76,17,253,39.7,82,10,102,39.3,1*78
$GAGSV,1,1,00,7*73
$GBGSV,1,1,04,08,75,330,39.3,03,43,190,38.4,04,27,125,39.0,05,15,248,38.4,1*7F
$GNRMC,021439.000,A,3900.0002,N,11613.9815,E,0.00,267.03,280612,,,A,V*01
$GNVTG,267.03,T,,M,0.00,N,0.00,K,A*23
$GNZDA,021439.000,28,06,2012,,*48
$GNGGA,021440.000,3900.0002,N,11613.9815,E,1,12,0.85,-11.8,M,-6.8,M,,*70
$PAIRACC,4.68,10.45*71
$GNGLL,3900.0002,N,11613.9815,E,021440.000,A,A*4D
$GNGSA,A,3,18,31,01,14,,,,,,,,,1.35,0.85,1.05,1*00
$GNGSA,A,3,70,71,76,82,,,,,,,,,1.35,0.85,1.05,2*06
$GNGSA,A,3,,,,,,,,,,,,,1.35,0.85,1.05,3*0D
$GNGSA,A,3,08,03,04,05,,,,,,,,,1.35,0.85,1.05,4*00
$GPGSV,2,1,08,18,18,128,39.5,31,57,206,39.0,30,31,097,,05,27,068,,1*64
$GPGSV,2,2,08,11,22,301,,12,20,058,,01,19,310,38.5,14,66,024,39.1,1*6F
$GLGSV,1,1,04,70,59,199,39.6,71,47,315,39.2,76,17,253,39.3,82,10,102,39.5,1*7D
$GAGSV,1,1,00,7*73
$GBGSV,1,1,04,08,75,330,39.2,03,43,190,38.2,04,27,125,38.8,05,15,248,38.8,1*7D
$GNRMC,021440.000,A,3900.0002,N,11613.9815,E,0.00,245.11,280612,,,A,V*0C
$GNVTG,245.11,T,,M,0.00,N,0.00,K,A*20
$GNZDA,021440.000,28,06,2012,,*46
$GNGGA,021441.000,3900.0002,N,11613.9815,E,1,12,0.85,-11.8,M,-6.8,M,,*71
$PAIRACC,4.65,10.55*7D
$GNGLL,3900.0002,N,11613.9815,E,021441.000,A,A*4C
$GNGSA,A,3,18,31,01,14,,,,,,,,,1.35,0.85,1.05,1*00
$GNGSA,A,3,70,71,76,82,,,,,,,,,1.35,0.85,1.05,2*06
$GNGSA,A,3,,,,,,,,,,,,,1.35,0.85,1.05,3*0D
$GNGSA,A,3,08,03,04,05,,,,,,,,,1.35,0.85,1.05,4*00
$GPGSV,2,1,08,18,18,128,38.9,31,57,206,39.4,30,31,097,,05,27,068,,1*6D
$GPGSV,2,2,08,11,22,301,,12,20,058,,01,19,310,38.4,14,66,024,39.3,1*6C
$GLGSV,1,1,04,70,59,199,39.2,71,47,315,38.9,76,17,253,39.3,82,10,102,38.9,1*7E
$GAGSV,1,1,00,7*73
$GBGSV,1,1,04,08,75,330,38.6,03,43,190,38.8,04,27,125,39.0,05,15,248,39.0,1*72
$GNRMC,021441.000,A,3900.0002,N,11613.9815,E,0.00,212.31,280612,,,A,V*0D
$GNVTG,212.31,T,,M,0.00,N,0.00,K,A*20
$GNZDA,021441.000,28,06,2012,,*47
$GNGGA,021442.000,3900.0002,N,11613.9815,E,1,12,0.85,-11.8,M,-6.8,M,,*72
$PAIRACC,4.64,10.42*7A
$GNGLL,3900.0002,N,11613.9815,E,021442.000,A,A*4F
$GNGSA,A,3,18,31,01,14,,,,,,,,,1.35,0.85,1.05,1*00
$GNGSA,A,3,70,71,76,82,,,,,,,,,1.35,0.85,1.05,2*06
$GNGSA,A,3,,,,,,,,,,,,,1.35,0.85,1.05,3*0D
$GNGSA,A,3,08,03,04,05,,,,,,,,,1.35,0.85,1.05,4*00
$GPGSV,2,1,08,18,18,128,39.3,31,57,206,39.2,30,31,097,,05,27,068,,1*60
$GPGSV,2,2,08,11,22,301,,12,20,058,,01,19,310,39.0,14,66,024,39.3,1*69
$GLGSV,1,1,04,70,59,199,39.3,71,47,315,39.0,76,17,253,39.0,82,10,102,39.0,1*7C
$GAGSV,1,1,00,7*73
$GBGSV,1,1,04,08,75,330,39.2,03,43,190,37.8,04,27,125,38.5,05,15,248,38.5,1*78
$GNRMC,021442.000,A,3900.0002,N,11613.9815,E,0.00,204.43,280612,,,A,V*0C
$GNVTG,204.43,T,,M,0.00,N,0.00,K,A*22
$GNZDA,021442.000,28,06,2012,,*44
$GNGGA,021443.000,3900.0002,N,11613.9815,E,1,12,0.85,-11.8,M,-6.8,M,,*73
$PAIRACC,4.73,10.64*78
$GNGLL,3900.0002,N,11613.9815,E,021443.000,A,A*4E
$GNGSA,A,3,18,31,01,14,,,,,,,,,1.35,0.85,1.05,1*00
$GNGSA,A,3,70,71,76,82,,,,,,,,,1.35,0.85,1.05,2*06
$GNGSA,A,3,,,,,,,,,,,,,1.35,0.85,1.05,3*0D
$GNGSA,A,3,08,03,04,05,,,,,,,,,1.35,0.85,1.05,4*00
$GPGSV,2,1,08,18,18,128,39.2,31,57,206,39.0,30,31,097,,05,27,068,,1*63
$GPGSV,2,2,08,11,22,301,,12,20,058,,01,19,310,38.8,14,66,024,39.1,1*62
$GLGSV,1,1,04,70,59,199,39.3,71,47,315,38.9,76,17,253,38.9,82,10,102,39.0,1*7C
$GAGSV,1,1,00,7*73
$GBGSV,1,1,04,08,75,330,38.7,03,43,190,38.4,04,27,125,38.9,05,15,248,38.7,1*71
$GNRMC,021443.000,A,3900.0002,N,11613.9815,E,0.00,204.88,280612,,,A,V*0A
$GNVTG,204.88,T,,M,0.00,N,0.01,K,A*24
$GNZDA,021443.000,28,06,2012,,*45
$GNGGA,021444.000,3900.0002,N,11613.9815,E,1,12,0.85,-11.8,M,-6.8,M,,*74
$PAIRACC,4.65,10.41*78
$GNGLL,3900.0002,N,11613.9815,E,021444.000,A,A*49
$GNGSA,A,3,18,31,01,14,,,,,,,,,1.35,0.85,1.05,1*00
$GNGSA,A,3,70,71,76,82,,,,,,,,,1.35,0.85,1.05,2*06
$GNGSA,A,3,,,,,,,,,,,,,1.35,0.85,1.05,3*0D
$GNGSA,A,3,08,03,04,05,,,,,,,,,1.35,0.85,1.05,4*00
$GPGSV,2,1,08,18,18,128,38.9,31,57,206,39.2,30,31,097,,05,27,068,,1*6B
$GPGSV,2,2,08,11,22,301,,12,20,058,,01,19,310,38.5,14,66,024,39.3,1*6D
$GLGSV,1,1,04,70,59,199,38.9,71,47,315,39.2,76,17,253,39.0,82,10,102,38.9,1*7D
$GAGSV,1,1,00,7*73
$GBGSV,1,1,04,08,75,330,39.4,03,43,190,39.0,04,27,125,39.0,05,15,248,38.8,1*71
$GNRMC,021444.000,A,3900.0002,N,11613.9815,E,0.00,210.96,280612,,,A,V*07
$GNVTG,210.96,T,,M,0.00,N,0.01,K,A*2E
$GNZDA,021444.000,28,06,2012,,*42
$GNGGA,021445.000,3900.0002,N,11613.9815,E,1,12,0.85,-11.8,M,-6.8,M,,*75
$PAIRACC,4.70,10.60*7F
$GNGLL,3900.0002,N,11613.9815,E,021445.000,A,A*48
$GNGSA,A,3,18,31,01,14,,,,,,,,,1.35,0.85,1.05,1*00
$GNGSA,A,3,70,71,76,82,,,,,,,,,1.35,0.85,1.05,2*06
$GNGSA,A,3,,,,,,,,,,,,,1.35,0.85,1.05,3*0D
$GNGSA,A,3,08,03,04,05,,,,,,,,,1.35,0.85,1.05,4*00
$GPGSV,2,1,08,18,18,128,39.0,31,57,206,38.6,30,31,097,,05,27,068,,1*66
$GPGSV,2,2,08,11,22,301,,12,20,058,,01,19,310,38.8,14,66,024,39.5,1*66
$GLGSV,1,1,04,70,59,199,38.9,71,47,315,38.8,76,17,253,39.4,82,10,102,39.0,1*7A
$GAGSV,1,1,00,7*73
$GBGSV,1,1,04,08,75,330,39.0,03,43,190,37.9,04,27,125,38.5,05,15,248,38.1,1*7F
$GNRMC,021445.000,A,3900.0002,N,11613.9815,E,0.00,0.00,280612,,,A,V*0A
$GNVTG,0.00,T,,M,0.00,N,0.00,K,A*23
$GNZDA,021445.000,28,06,2012,,*43
$GNGGA,021446.000,3900.0002,N,11613.9815,E,1,12,0.85,-11.8,M,-6.8,M,,*76
$PAIRACC,4.64,10.43*7B
$GNGLL,3900.0002,N,11613.9815,E,021446.000,A,A*4B
$GNGSA,A,3,18,31,01,14,,,,,,,,,1.35,0.85,1.05,1*00
$GNGSA,A,3,70,71,76,82,,,,,,,,,1.35,0.85,1.05,2*06
$GNGSA,A,3,,,,,,,,,,,,,1.35,0.85,1.05,3*0D
$GNGSA,A,3,08,03,04,05,,,,,,,,,1.35,0.85,1.05,4*00
$GPGSV,2,1,08,18,18,128,39.2,31,57,206,39.1,30,31,097,,05,27,068,,1*62
$GPGSV,2,2,08,11,22,301,,12,20,058,,01,19,310,39.0,14,66,024,39.2,1*68
$GLGSV,1,1,04,70,59,199,38.8,71,47,315,39.0,76,17,253,39.0,82,10,102,39.3,1*75
$GAGSV,1,1,00,7*73
$GBGSV,1,1,04,08,75,330,38.6,03,43,190,37.9,04,27,125,38.6,05,15,248,39.2,1*79
$GNRMC,021446.000,A,3900.0002,N,11613.9815,E,0.00,243.47,280612,,,A,V*0F
$GNVTG,243.47,T,,M,0.00,N,0.00,K,A*25
$GNZDA,021446.000,28,06,2012,,*40
$GNGGA,021447.000,3900.0002,N,11613.9815,E,1,12,0.85,-11.8,M,-6.8,M,,*77
$PAIRACC,4.72,10.50*7E
$GNGLL,3900.0002,N,11613.9815,E,021447.000,A,A*4A
$GNGSA,A,3,18,31,01,14,,,,,,,,,1.35,0.85,1.05,1*00
$GNGSA,A,3,70,71,76,82,,,,,,,,,1.35,0.85,1.05,2*06
$GNGSA,A,3,,,,,,,,,,,,,1.35,0.85,1.05,3*0D
$GNGSA,A,3,08,03,04,05,,,,,,,,,1.35,0.85,1.05,4*00
$GPGSV,2,1,08,18,18,128,39.3,31,57,206,39.0,30,31,097,,05,27,068,,1*62
$GPGSV,2,2,08,11,22,301,,12,20,058,,01,19,310,39.0,14,66,024,38.9,1*62
$GLGSV,1,1,04,70,59,199,38.9,71,47,315,39.3,76,17,253,39.3,82,10,102,39.2,1*75
$GAGSV,1,1,00,7*73
$GBGSV,1,1,04,08,75,330,39.0,03,43,190,38.7,04,27,125,38.7,05,15,248,38.7,1*7A
$GNRMC,021447.000,A,3900.0002,N,11613.9815,E,0.00,307.45,280612,,,A,V*0D
$GNVTG,307.45,T,,M,0.00,N,0.00,K,A*26
$GNZDA,021447.000,28,06,2012,,*41
$GNGGA,021448.000,3900.0002,N,11613.9815,E,1,12,0.85,-11.8,M,-6.8,M,,*78
$PAIRACC,4.64,10.46*7E
$GNGLL,3900.0002,N,11613.9815,E,021448.000,A,A*45
$GNGSA,A,3,18,31,01,14,,,,,,,,,1.35,0.85,1.05,1*00
$GNGSA,A,3,70,71,76,82,,,,,,,,,1.35,0.85,1.05,2*06
$GNGSA,A,3,,,,,,,,,,,,,1.35,0.85,1.05,3*0D
$GNGSA,A,3,08,03,04,05,,,,,,,,,1.35,0.85,1.05,4*00
$GPGSV,2,1,08,18,18,128,39.2,31,57,206,39.1,30,31,097,,05,27,068,,1*62
$GPGSV,2,2,08,11,22,301,,12,20,058,,01,19,310,38.7,14,66,024,39.3,1*6F
$GLGSV,1,1,04,70,59,199,39.4,71,47,315,39.1,76,17,253,39.0,82,10,102,39.1,1*7B
$GAGSV,1,1,00,7*73
$GBGSV,1,1,04,08,75,330,39.3,03,43,190,38.1,04,27,125,38.5,05,15,248,38.8,1*72
$GNRMC,021448.000,A,3900.0002,N,11613.9815,E,0.00,285.70,280612,,,A,V*0F
$GNVTG,285.70,T,,M,0.00,N,0.00,K,A*2B
$GNZDA,021448.000,28,06,2012,,*4E
$GNGGA,021449.000,3900.0002,N,11613.9815,E,1,12,0.85,-11.8,M,-6.8,M,,*79
$PAIRACC,4.69,10.46*73
$GNGLL,3900.0002,N,11613.9815,E,021449.000,A,A*44
$GNGSA,A,3,18,31,01,14,,,,,,,,,1.35,0.85,1.05,1*00
$GNGSA,A,3,70,71,76,82,,,,,,,,,1.35,0.85,1.05,2*06
$GNGSA,A,3,,,,,,,,,,,,,1.35,0.85,1.05,3*0D
$GNGSA,A,3,08,03,04,05,,,,,,,,,1.35,0.85,1.05,4*00
$GPGSV,2,1,08,18,18,128,39.1,31,57,206,38.7,30,31,097,,05,27,068,,1*66
$GPGSV,2,2,08,11,22,301,,12,20,058,,01,19,310,38.8,14,66,024,39.3,1*60
$GLGSV,1,1,04,70,59,199,39.8,71,47,315,39.0,76,17,253,38.9,82,10,102,39.3,1*7C
$GAGSV,1,1,00,7*73
$GBGSV,1,1,04,08,75,330,39.4,03,43,190,37.6,04,27,125,38.7,05,15,248,38.6,1*71
$GNRMC,021449.000,A,3900.0002,N,11613.9815,E,0.00,256.44,280612,,,A,V*07
$GNVTG,256.44,T,,M,0.00,N,0.00,K,A*22
$GNZDA,021449.000,28,06,2012,,*4F
$GNGGA,021450.000,3900.0002,N,11613.9815,E,1,12,0.85,-11.8,M,-6.8,M,,*71
$PAIRACC,4.69,10.58*7C
$GNGLL,3900.0002,N,11613.9815,E,021450.000,A,A*4C
$GNGSA,A,3,18,31,01,14,,,,,,,,,1.35,0.85,1.05,1*00
$GNGSA,A,3,70,71,76,82,,,,,,,,,1.35,0.85,1.05,2*06
$GNGSA,A,3,,,,,,,,,,,,,1.35,0.85,1.05,3*0D
$GNGSA,A,3,08,03,04,05,,,,,,,,,1.35,0.85,1.05,4*00
$GPGSV,2,1,08,18,18,128,38.7,31,57,206,39.2,30,31,097,,05,27,068,,1*65
$GPGSV,2,2,08,11,22,301,,12,20,058,,01,19,310,39.1,14,66,024,39.1,1*6A
$GLGSV,1,1,04,70,59,199,38.5,71,47,315,39.6,76,17,253,39.1,82,10,102,39.3,1*7F
$GAGSV,1,1,00,7*73
$GBGSV,1,1,04,08,75,330,39.0,03,43,190,38.3,04,27,125,38.6,05,15,248,38.4,1*7C
$GNRMC,021450.000,A,3900.0002,N,11613.9815,E,0.00,290.71,280612,,,A,V*03
$GNVTG,290.71,T,,M,0.00,N,0.00,K,A*2E
$GNZDA,021450.000,28,06,2012,,*47
$GNGGA,021451.000,3900.0002,N,11613.9815,E,1,12,0.85,-11.9,M,-6.8,M,,*71
$PAIRACC,4.66,10.50*7B
$GNGLL,3900.0002,N,11613.9815,E,021451.000,A,A*4D
$GNGSA,A,3,18,31,01,14,,,,,,,,,1.35,0.85,1.05,1*00
$GNGSA,A,3,70,71,76,82,,,,,,,,,1.35,0.85,1.05,2*06
$GNGSA,A,3,,,,,,,,,,,,,1.35,0.85,1.05,3*0D
$GNGSA,A,3,08,03,04,05,,,,,,,,,1.35,0.85,1.05,4*00
$GPGSV,2,1,08,18,18,128,39.4,31,57,206,39.2,30,31,097,,05,27,068,,1*67
$GPGSV,2,2,08,11,22,301,,12,20,058,,01,19,310,38.8,14,66,024,39.5,1*66
$GLGSV,1,1,04,70,59,199,39.6,71,47,315,39.0,76,17,253,39.3,82,10,102,39.0,1*7A
$GAGSV,1,1,00,7*73
$GBGSV,1,1,04,08,75,330,38.6,03,43,190,38.2,04,27,125,38.5,05,15,248,38.7,1*7A
$GNRMC,021451.000,A,3900.0002,N,11613.9815,E,0.00,338.47,280612,,,A,V*04
$GNVTG,338.47,T,,M,0.00,N,0.00,K,A*28
$GNZDA,021451.000,28,06,2012,,*46
$GNGGA,021452.000,3900.0002,N,11613.9815,E,1,12,0.85,-11.9,M,-6.8,M,,*72
$PAIRACC,4.76,10.69*70
$GNGLL,3900.0002,N,11613.9815,E,021452.000,A,A*4E
$GNGSA,A,3,18,31,01,14,,,,,,,,,1.35,0.85,1.05,1*00
$GNGSA,A,3,70,71,76,82,,,,,,,,,1.35,0.85,1.05,2*06
$GNGSA,A,3,,,,,,,,,,,,,1.35,0.85,1.05,3*0D
$GNGSA,A,3,08,03,04,05,,,,,,,,,1.35,0.85,1.05,4*00
$GPGSV,2,1,08,18,18,128,39.0,31,57,206,39.1,30,31,097,,05,27,068,,1*60
$GPGSV,2,2,08,11,22,301,,12,20,058,,01,19,310,39.0,14,66,024,38.9,1*62
$GLGSV,1,1,04,70,59,199,39.3,71,47,315,38.9,76,17,253,39.3,82,10,102,39.0,1*77
$GAGSV,1,1,00,7*73
$GBGSV,1,1,04,08,75,330,38.6,03,43,190,38.1,04,27,125,38.7,05,15,248,38.2,1*7E
$GNRMC,021452.000,A,3900.0002,N,11613.9815,E,0.00,0.00,280612,,,A,V*0C
$GNVTG,0.00,T,,M,0.00,N,0.00,K,A*23
$GNZDA,021452.000,28,06,2012,,*45
$GNGGA,021453.000,3900.0002,N,11613.9815,E,1,12,0.85,-11.9,M,-6.8,M,,*73
$PAIRACC,4.63,10.44*7B
$GNGLL,3900.0002,N,11613.9815,E,021453.000,A,A*4F
$GNGSA,A,3,18,31,01,14,,,,,,,,,1.35,0.85,1.05,1*00
$GNGSA,A,3,70,71,76,82,,,,,,,,,1.35,0.85,1.05,2*06
$GNGSA,A,3,,,,,,,,,,,,,1.35,0.85,1.05,3*0D
$GNGSA,A,3,08,03,04,05,,,,,,,,,1.35,0.85,1.05,4*00
$GPGSV,2,1,08,18,18,128,38.9,31,57,206,39.4,30,31,097,,05,27,068,,1*6D
$GPGSV,2,2,08,11,22,301,,12,20,058,,01,19,310,39.0,14,66,024,38.9,1*62
$GLGSV,1,1,04,70,59,199,39.1,71,47,315,38.2,76,17,253,38.9,82,10,102,39.2,1*77
$GAGSV,1,1,00,7*73
$GBGSV,1,1,04,08,75,330,38.7,03,43,190,38.7,04,27,125,38.4,05,15,248,38.9,1*71
$GNRMC,021453.000,A,3900.0002,N,11613.9815,E,0.00,270.64,280612,,,A,V*0A
$GNVTG,270.64,T,,M,0.00,N,0.00,K,A*24
$GNZDA,021453.000,28,06,2012,,*44
$GNGGA,021454.000,3900.0002,N,11613.9815,E,1,12,0.85,-11.9,M,-6.8,M,,*74
$PAIRACC,4.67,10.51*7B
$GNGLL,3900.0002,N,11613.9815,E,021454.000,A,A*48
$GNGSA,A,3,18,31,01,14,,,,,,,,,1.35,0.85,1.05,1*00
$GNGSA,A,3,70,71,76,82,,,,,,,,,1.35,0.85,1.05,2*06
$GNGSA,A,3,,,,,,,,,,,,,1.35,0.85,1.05,3*0D
$GNGSA,A,3,08,03,04,05,,,,,,,,,1.35,0.85,1.05,4*00
$GPGSV,2,1,08,18,18,128,38.9,31,57,206,39.4,30,31,097,,05,27,068,,1*6D
$GPGSV,2,2,08,11,22,301,,12,20,058,,01,19,310,39.0,14,66,024,39.4,1*6E
$GLGSV,1,1,04,70,59,199,39.1,71,47,315,39.2,76,17,253,39.1,82,10,102,38.8,1*74
$GAGSV,1,1,00,7*73
$GBGSV,1,1,04,08,75,330,39.0,03,43,190,38.1,04,27,125,38.3,05,15,248,38.8,1*77
$GNRMC,021454.000,A,3900.0002,N,11613.9815,E,0.00,282.08,280612,,,A,V*0A
$GNVTG,282.08,T,,M,0.00,N,0.00,K,A*23
$GNZDA,021454.000,28,06,2012,,*43
$GNGGA,021455.000,3900.0002,N,11613.9815,E,1,12,0.85,-11.9,M,-6.8,M,,*75
$PAIRACC,4.69,10.56*72
$GNGLL,3900.0002,N,11613.9815,E,021455.000,A,A*49
$GNGSA,A,3,18,31,01,14,,,,,,,,,1.35,0.85,1.05,1*00
$GNGSA,A,3,70,71,76,82,,,,,,,,,1.35,0.85,1.05,2*06
$GNGSA,A,3,,,,,,,,,,,,,1.35,0.85,1.05,3*0D
$GNGSA,A,3,08,03,04,05,,,,,,,,,1.35,0.85,1.05,4*00
$GPGSV,2,1,08,18,18,128,39.2,31,57,206,39.2,30,31,097,,05,27,068,,1*61
$GPGSV,2,2,08,11,22,301,,12,20,058,,01,19,310,39.0,14,66,024,39.0,1*6A
$GLGSV,1,1,04,70,59,199,38.8,71,47,315,38.8,76,17,253,39.0,82,10,102,39.2,1*7D
$GAGSV,1,1,00,7*73
$GBGSV,1,1,04,08,75,330,39.0,03,43,190,37.8,04,27,125,38.5,05,15,248,38.6,1*79
$GNRMC,021455.000,A,3900.0002,N,11613.9815,E,0.00,265.94,280612,,,A,V*07
$GNVTG,265.94,T,,M,0.00,N,0.00,K,A*2F
$GNZDA,021455.000,28,06,2012,,*42
$GNGGA,021456.000,3900.0003,N,11613.9815,E,1,12,0.85,-11.9,M,-6.8,M,,*77
$PAIRACC,4.71,10.50*7D
$GNGLL,3900.0003,N,11613.9815,E,021456.000,A,A*4B
$GNGSA,A,3,18,31,01,14,,,,,,,,,1.35,0.85,1.05,1*00
$GNGSA,A,3,70,71,76,82,,,,,,,,,1.35,0.85,1.05,2*06
$GNGSA,A,3,,,,,,,,,,,,,1.35,0.85,1.05,3*0D
$GNGSA,A,3,08,03,04,05,,,,,,,,,1.35,0.85,1.05,4*00
$GPGSV,2,1,08,18,18,128,39.1,31,57,206,39.0,30,31,097,,05,27,068,,1*60
$GPGSV,2,2,08,11,22,301,,01,20,310,38.6,12,20,058,,14,66,024,39.0,1*67
$GLGSV,1,1,04,70,59,199,39.0,71,47,315,39.2,76,17,253,39.0,82,10,102,39.6,1*7B
$GAGSV,1,1,00,7*73
$GBGSV,1,1,04,08,75,330,39.7,03,43,190,39.0,04,27,125,38.8,05,15,248,38.6,1*75
$GNRMC,021456.000,A,3900.0003,N,11613.9815,E,0.00,295.23,280612,,,A,V*06
$GNVTG,295.23,T,,M,0.00,N,0.00,K,A*2C
$GNZDA,021456.000,28,06,2012,,*41
$GNGGA,021457.000,3900.0003,N,11613.9815,E,1,12,0.85,-11.9,M,-6.8,M,,*76
$PAIRACC,4.67,10.61*78
$GNGLL,3900.0003,N,11613.9815,E,021457.000,A,A*4A
$GNGSA,A,3,18,31,01,14,,,,,,,,,1.36,0.85,1.06,1*00
$GNGSA,A,3,70,71,76,82,,,,,,,,,1.36,0.85,1.06,2*06
$GNGSA,A,3,,,,,,,,,,,,,1.36,0.85,1.06,3*0D
$GNGSA,A,3,08,03,04,05,,,,,,,,,1.36,0.85,1.06,4*00
$GPGSV,2,1,08,18,18,128,38.7,31,57,206,39.3,30,31,097,,05,27,068,,1*64
$GPGSV,2,2,08,11,22,301,,01,20,310,39.1,12,20,058,,14,66,024,39.1,1*60
$GLGSV,1,1,04,70,59,199,39.3,71,47,315,39.1,76,17,253,39.0,82,10,102,39.0,1*7D
$GAGSV,1,1,00,7*73
$GBGSV,1,1,04,08,75,330,39.2,03,43,190,38.1,04,27,125,38.9,05,15,248,38.3,1*74
$GNRMC,021457.000,A,3900.0003,N,11613.9815,E,0.00,267.05,280612,,,A,V*0E
$GNVTG,267.05,T,,M,0.00,N,0.00,K,A*25
$GNZDA,021457.000,28,06,2012,,*40
$GNGGA,021458.000,3900.0003,N,11613.9815,E,1,12,0.85,-11.8,M,-6.8,M,,*78
$PAIRACC,4.77,10.63*7B
$GNGLL,3900.0003,N,11613.9815,E,021458.000,A,A*45
$GNGSA,A,3,18,31,01,14,,,,,,,,,1.36,0.85,1.06,1*00
$GNGSA,A,3,70,71,76,82,,,,,,,,,1.36,0.85,1.06,2*06
$GNGSA,A,3,,,,,,,,,,,,,1.36,0.85,1.06,3*0D
$GNGSA,A,3,08,03,04,05,,,,,,,,,1.36,0.85,1.06,4*00
$GPGSV,2,1,08,18,18,128,38.8,31,57,206,38.9,30,31,097,,05,27,068,,1*60
$GPGSV,2,2,08,11,22,301,,01,20,310,39.1,12,20,058,,14,66,024,38.9,1*69
$GLGSV,1,1,04,70,59,199,39.1,71,47,315,38.7,76,17,253,39.4,82,10,102,39.4,1*78
$GAGSV,1,1,00,7*73
$GBGSV,2,1,05,06,77,309,,08,75,330,39.3,03,43,190,38.1,04,27,125,38.5,1*6E
$GBGSV,2,2,05,05,15,248,38.6,1*5F
$GNRMC,021458.000,A,3900.0003,N,11613.9815,E,0.00,319.50,280612,,,A,V*09
$GNVTG,319.50,T,,M,0.00,N,0.00,K,A*2D
$GNZDA,021458.000,28,06,2012,,*4F
$GNGGA,021459.000,3900.0003,N,11613.9815,E,1,12,0.85,-11.8,M,-6.8,M,,*79
$PAIRACC,4.68,10.62*74
$GNGLL,3900.0003,N,11613.9815,E,021459.000,A,A*44
$GNGSA,A,3,18,31,01,14,,,,,,,,,1.36,0.85,1.06,1*00
$GNGSA,A,3,70,71,76,82,,,,,,,,,1.36,0.85,1.06,2*06
$GNGSA,A,3,,,,,,,,,,,,,1.36,0.85,1.06,3*0D
$GNGSA,A,3,08,03,04,05,,,,,,,,,1.36,0.85,1.06,4*00
$GPGSV,2,1,08,18,18,128,38.8,31,57,206,38.8,30,31,097,,05,27,068,,1*61
$GPGSV,2,2,08,11,22,301,,01,20,310,38.8,12,20,058,,14,66,024,38.8,1*60
$GLGSV,1,1,04,70,59,199,39.1,71,47,315,38.8,76,17,253,38.9,82,10,102,38.6,1*78
$GAGSV,1,1,00,7*73
$GBGSV,2,1,05,06,77,309,,08,75,330,39.4,03,43,190,38.7,04,27,125,39.3,1*68
$GBGSV,2,2,05,05,15,248,38.6,1*5F
$GNRMC,021459.000,A,3900.0003,N,11613.9815,E,0.00,317.44,280612,,,A,V*03
$GNVTG,317.44,T,,M,0.00,N,0.00,K,A*26
$GNZDA,021459.000,28,06,2012,,*4E
$GNGGA,021500.000,3900.0003,N,11613.9815,E,1,12,0.85,-11.8,M,-6.8,M,,*74
$PAIRACC,4.61,10.39*73
$GNGLL,3900.0003,N,11613.9815,E,021500.000,A,A*49
$GNGSA,A,3,18,31,01,14,,,,,,,,,1.36,0.85,1.06,1*00
$GNGSA,A,3,70,71,76,82,,,,,,,,,1.36,0.85,1.06,2*06
$GNGSA,A,3,,,,,,,,,,,,,1.36,0.85,1.06,3*0D
$GNGSA,A,3,08,03,04,05,,,,,,,,,1.36,0.85,1.06,4*00
$GPGSV,2,1,08,18,18,128,39.2,31,57,206,39.3,30,31,097,,05,27,066,,1*6E
$GPGSV,2,2,08,11,22,301,,01,20,310,38.6,12,20,058,,14,66,024,38.7,1*61
$GLGSV,2,1,05,65,62,297,,70,59,199,39.2,71,47,315,39.2,76,17,253,39.3,1*69
$GLGSV,2,2,05,82,10,102,38.8,1*58
$GAGSV,1,1,00,7*73
$GBGSV,1,1,04,08,75,330,39.0,03,43,190,37.9,04,27,125,38.2,05,15,248,38.4,1*7D
$GNRMC,021500.000,A,3900.0003,N,11613.9815,E,0.00,348.61,280612,,,A,V*03
$GNVTG,348.61,T,,M,0.00,N,0.01,K,A*2A
$GNZDA,021500.000,28,06,2012,,*43
$GNGGA,021501.000,3900.0003,N,11613.9815,E,1,12,0.85,-11.8,M,-6.8,M,,*75
$PAIRACC,4.70,10.51*7D
$GNGLL,3900.0003,N,11613.9815,E,021501.000,A,A*48
$GNGSA,A,3,18,31,01,14,,,,,,,,,1.36,0.85,1.06,1*00
$GNGSA,A,3,70,71,76,82,,,,,,,,,1.36,0.85,1.06,2*06
$GNGSA,A,3,,,,,,,,,,,,,1.36,0.85,1.06,3*0D
$GNGSA,A,3,08,03,04,05,,,,,,,,,1.36,0.85,1.06,4*00
$GPGSV,2,1,08,18,18,128,39.4,31,57,206,39.0,30,31,097,,05,27,066,,1*6B
$GPGSV,2,2,08,11,22,301,,12,20,058,,01,20,310,38.8,14,66,024,39.3,1*6A
$GLGSV,1,1,04,70,59,199,39.6,71,47,315,38.8,76,17,253,39.0,82,10,102,39.2,1*72
$GAGSV,1,1,00,7*73
$GBGSV,2,1,05,08,75,330,39.4,09,55,256,,03,43,190,38.5,04,27,125,38.7,1*6B
$GBGSV,2,2,05,05,15,248,38.7,1*5E
$GNRMC,021501.000,A,3900.0003,N,11613.9815,E,0.00,283.75,280612,,,A,V*01
$GNVTG,283.75,T,,M,0.00,N,0.01,K,A*29
$GNZDA,021501.000,28,06,2012,,*42
$GNGGA,021502.000,3900.0003,N,11613.9815,E,1,12,0.85,-11.8,M,-6.8,M,,*76
$PAIRACC,4.66,10.41*7B
$GNGLL,3900.0003,N,11613.9815,E,021502.000,A,A*4B
$GNGSA,A,3,18,31,01,14,,,,,,,,,1.36,0.85,1.06,1*00
$GNGSA,A,3,70,71,76,82,,,,,,,,,1.36,0.85,1.06,2*06
$GNGSA,A,3,,,,,,,,,,,,,1.36,0.85,1.06,3*0D
$GNGSA,A,3,08,03,04,05,,,,,,,,,1.36,0.85,1.06,4*00
$GPGSV,2,1,08,18,18,128,39.0,31,57,206,39.1,30,31,097,,05,27,066,,1*6E
$GPGSV,2,2,08,11,22,301,,01,20,310,39.2,12,20,058,,14,66,024,39.0,1*62
$GLGSV,2,1,05,70,59,199,39.5,73,48,275,,71,47,315,39.0,76,17,253,39.1,1*6D
$GLGSV,2,2,05,82,10,102,39.3,1*52
$GAGSV,1,1,00,7*73
$GBGSV,1,1,04,08,75,330,39.3,03,43,190,38.9,04,27,125,38.8,05,15,248,38.9,1*76
$GNRMC,021502.000,A,3900.0003,N,11613.9815,E,0.00,306.41,280612,,,A,V*09
$GNVTG,306.41,T,,M,0.00,N,0.01,K,A*22
$GNZDA,021502.000,28,06,2012,,*41
$GNGGA,021503.000,3900.0003,N,11613.9815,E,1,12,0.85,-11.8,M,-6.8,M,,*77
$PAIRACC,4.66,10.66*7E
$GNGLL,3900.0003,N,11613.9815,E,021503.000,A,A*4A
$GNGSA,A,3,18,31,01,14,,,,,,,,,1.36,0.85,1.06,1*00
$GNGSA,A,3,70,71,76,82,,,,,,,,,1.36,0.85,1.06,2*06
$GNGSA,A,3,,,,,,,,,,,,,1.36,0.85,1.06,3*0D
$GNGSA,A,3,08,03,04,05,,,,,,,,,1.36,0.85,1.06,4*00
$GPGSV,2,1,08,18,18,128,39.2,31,57,206,39.1,30,31,097,,05,27,066,,1*6C
$GPGSV,2,2,08,11,22,301,,01,20,310,38.4,12,20,058,,14,66,024,38.9,1*6D
$GLGSV,2,1,05,70,59,199,39.3,71,47,315,39.2,76,17,253,39.1,81,13,051,,1*6E
$GLGSV,2,2,05,82,10,102,39.2,1*53
$GAGSV,1,1,00,7*73
$GBGSV,1,1,04,08,75,330,38.7,03,43,190,38.6,04,27,125,38.7,05,15,248,38.8,1*72
$GNRMC,021503.000,A,3900.0003,N,11613.9815,E,0.00,302.78,280612,,,A,V*06
$GNVTG,302.78,T,,M,0.00,N,0.01,K,A*2C
$GNZDA,021503.000,28,06,2012,,*40
$GNGGA,021504.000,3900.0003,N,11613.9815,E,1,12,0.85,-11.8,M,-6.8,M,,*70
$PAIRACC,4.65,10.46*7F
$GNGLL,3900.0003,N,11613.9815,E,021504.000,A,A*4D
$GNGSA,A,3,18,14,01,31,,,,,,,,,1.36,0.85,1.06,1*00
$GNGSA,A,3,71,70,76,82,,,,,,,,,1.36,0.85,1.06,2*06
$GNGSA,A,3,,,,,,,,,,,,,1.36,0.85,1.06,3*0D
$GNGSA,A,3,08,03,04,05,,,,,,,,,1.36,0.85,1.06,4*00
$GPGSV,2,1,08,18,18,128,39.1,14,66,024,39.1,30,31,097,,05,27,066,,1*68
$GPGSV,2,2,08,11,22,301,,01,20,310,38.8,12,20,058,,31,57,206,39.3,1*6D
$GLGSV,2,1,05,71,47,315,38.8,70,59,199,39.3,76,17,253,39.5,82,10,102,39.0,1*72
$GLGSV,2,2,05,79,10,051,,1*46
$GAGSV,1,1,00,7*73
$GBGSV,2,1,05,08,75,330,39.3,03,43,190,37.6,04,27,125,38.8,05,15,248,38.5,1*78
$GBGSV,2,2,05,12,10,236,,1*46
$GNRMC,021504.000,A,3900.0003,N,11613.9815,E,0.00,0.00,280612,,,A,V*0F
$GNVTG,0.00,T,,M,0.00,N,0.00,K,A*23
$GNZDA,021504.000,28,06,2012,,*47
$GNGGA,021505.000,3900.0003,N,11613.9815,E,1,12,0.85,-11.9,M,-6.8,M,,*70
$PAIRACC,4.68,10.61*77
$GNGLL,3900.0003,N,11613.9815,E,021505.000,A,A*4C
$GNGSA,A,3,18,31,01,14,,,,,,,,,1.36,0.85,1.06,1*00
$GNGSA,A,3,70,71,76,82,,,,,,,,,1.36,0.85,1.06,2*06
$GNGSA,A,3,,,,,,,,,,,,,1.36,0.85,1.06,3*0D
$GNGSA,A,3,08,03,04,05,,,,,,,,,1.36,0.85,1.06,4*00
$GPGSV,2,1,08,18,18,128,39.5,31,57,206,39.0,30,31,097,,05,27,066,,1*6A
$GPGSV,2,2,08,11,22,301,,01,20,310,38.8,12,20,058,,14,66,024,39.3,1*6A
$GLGSV,1,1,04,70,59,199,39.2,71,47,315,38.7,76,17,253,38.9,82,10,102,39.2,1*71
$GAGSV,1,1,00,7*73
$GBGSV,2,1,05,08,75,330,38.9,03,43,190,38.7,04,27,125,38.8,05,15,248,38.6,1*7E
$GBGSV,2,2,05,12,10,236,,1*46
$GNRMC,021505.000,A,3900.0003,N,11613.9815,E,0.00,249.87,280612,,,A,V*0E
$GNVTG,249.87,T,,M,0.00,N,0.00,K,A*23
$GNZDA,021505.000,28,06,2012,,*46
$GNGGA,021506.000,3900.0003,N,11613.9815,E,1,12,0.85,-11.9,M,-6.8,M,,*73
$PAIRACC,4.70,10.50*7C
$GNGLL,3900.0003,N,11613.9815,E,021506.000,A,A*4F
$GNGSA,A,3,18,14,01,31,,,,,,,,,1.36,0.85,1.06,1*00
$GNGSA,A,3,71,70,76,82,,,,,,,,,1.36,0.85,1.06,2*06
$GNGSA,A,3,,,,,,,,,,,,,1.36,0.85,1.06,3*0D
$GNGSA,A,3,08,03,04,05,,,,,,,,,1.36,0.85,1.06,4*00
$GPGSV,2,1,08,18,18,128,39.2,14,66,024,39.0,30,31,097,,05,27,066,,1*6A
$GPGSV,2,2,08,11,22,300,,01,20,310,38.8,12,20,058,,31,57,206,39.1,1*6E
$GLGSV,1,1,04,71,47,315,39.2,70,59,199,38.7,76,17,253,39.5,82,10,102,39.3,1*7D
$GAGSV,1,1,00,7*73
$GBGSV,2,1,06,08,75,330,39.1,03,43,190,38.4,01,37,147,,04,27,125,38.5,1*61
$GBGSV,2,2,06,05,15,248,38.3,12,10,236,,1*6C
$GNRMC,021506.000,A,3900.0003,N,11613.9815,E,0.00,0.00,280612,,,A,V*0D
$GNVTG,0.00,T,,M,0.00,N,0.00,K,A*23
$GNZDA,021506.000,28,06,2012,,*45
$GNGGA,021507.000,3900.0003,N,11613.9815,E,1,12,0.85,-11.9,M,-6.8,M,,*72
$PAIRACC,4.65,10.45*7C
$GNGLL,3900.0003,N,11613.9815,E,021507.000,A,A*4E
$GNGSA,A,3,18,14,01,31,,,,,,,,,1.36,0.85,1.06,1*00
$GNGSA,A,3,71,70,76,82,,,,,,,,,1.36,0.85,1.06,2*06
$GNGSA,A,3,,,,,,,,,,,,,1.36,0.85,1.06,3*0D
$GNGSA,A,3,03,08,04,05,,,,,,,,,1.36,0.85,1.06,4*00
$GPGSV,2,1,08,18,18,128,38.9,14,66,024,39.0,30,31,097,,05,27,066,,1*60
$GPGSV,2,2,08,11,22,300,,01,20,310,38.7,12,20,058,,31,57,206,38.6,1*67
$GLGSV,1,1,04,71,47,315,39.0,70,59,199,39.1,76,17,253,39.0,82,10,102,39.2,1*7C
$GAGSV,1,1,00,7*73
$GBGSV,2,1,07,02,30,229,,03,43,190,37.6,01,37,147,,08,75,330,38.9,1*7B
$GBGSV,2,2,07,04,27,125,38.9,05,15,248,38.0,12,10,236,,1*45
$GNRMC,021507.000,A,3900.0003,N,11613.9815,E,0.00,275.88,280612,,,A,V*0C
$GNVTG,275.88,T,,M,0.00,N,0.00,K,A*23
$GNZDA,021507.000,28,06,2012,,*44
$GNGGA,021508.000,3900.0003,N,11613.9815,E,1,12,0.85,-11.9,M,-6.8,M,,*7D
$PAIRACC,4.61,10.39*73
$GNGLL,3900.0003,N,11613.9815,E,021508.000,A,A*41
$GNGSA,A,3,18,14,01,31,,,,,,,,,1.36,0.85,1.06,1*00
$GNGSA,A,3,71,70,76,82,,,,,,,,,1.36,0.85,1.06,2*06
$GNGSA,A,3,,,,,,,,,,,,,1.36,0.85,1.06,3*0D
$GNGSA,A,3,08,03,04,05,,,,,,,,,1.36,0.85,1.06,4*00
$GPGSV,2,1,08,18,18,128,39.3,14,66,024,39.1,30,31,097,,05,27,066,,1*6A
$GPGSV,2,2,08,11,22,300,,01,20,310,39.0,12,20,058,,31,57,206,38.9,1*6E
$GLGSV,1,1,04,71,47,315,38.9,70,59,199,39.3,76,17,253,38.8,82,10,102,39.1,1*7C
$GAGSV,1,1,00,7*73
$GBGSV,2,1,06,08,75,330,38.8,03,43,190,38.7,02,30,229,,04,27,125,39.1,1*60
$GBGSV,2,2,06,05,15,248,38.6,12,10,236,,1*69
$GNRMC,021508.000,A,3900.0003,N,11613.9815,E,0.00,265.59,280612,,,A,V*0E
$GNVTG,265.59,T,,M,0.00,N,0.00,K,A*2E
$GNZDA,021508.000,28,06,2012,,*4B
$GNGGA,021509.000,3900.0003,N,11613.9815,E,1,12,0.85,-11.9,M,-6.8,M,,*7C
$PAIRACC,4.67,10.51*7B
$GNGLL,3900.0003,N,11613.9815,E,021509.000,A,A*40
$GNGSA,A,3,18,31,01,14,,,,,,,,,1.36,0.85,1.06,1*00
$GNGSA,A,3,70,71,76,82,,,,,,,,,1.36,0.85,1.06,2*06
$GNGSA,A,3,,,,,,,,,,,,,1.36,0.85,1.06,3*0D
$GNGSA,A,3,08,03,04,05,,,,,,,,,1.36,0.85,1.06,4*00
$GPGSV,2,1,08,18,18,128,39.3,31,57,206,38.9,30,31,097,,05,27,066,,1*64
$GPGSV,2,2,08,11,22,300,,01,20,310,38.7,12,20,058,,14,66,026,39.1,1*64
$GLGSV,1,1,04,70,59,199,39.4,71,47,315,39.1,76,17,253,38.8,82,10,102,39.1,1*72
$GAGSV,1,1,00,7*73
$GBGSV,2,1,05,08,75,330,38.9,03,43,190,38.1,04,27,125,38.8,05,15,248,38.3,1*7D
$GBGSV,2,2,05,12,10,236,,1*46
$GNRMC,021509.000,A,3900.0003,N,11613.9815,E,0.00,159.66,280612,,,A,V*0F
$GNVTG,159.66,T,,M,0.00,N,0.00,K,A*2E
$GNZDA,021509.000,28,06,2012,,*4A
$GNGGA,021510.000,3900.0003,N,11613.9815,E,1,12,0.85,-11.9,M,-6.8,M,,*74
$PAIRACC,4.70,10.46*7B
$GNGLL,3900.0003,N,11613.9815,E,021510.000,A,A*48
$GNGSA,A,3,18,31,01,14,,,,,,,,,1.36,0.85,1.06,1*00
$GNGSA,A,3,70,71,76,82,,,,,,,,,1.36,0.85,1.06,2*06
$GNGSA,A,3,,,,,,,,,,,,,1.36,0.85,1.06,3*0D
$GNGSA,A,3,08,03,04,05,,,,,,,,,1.36,0.85,1.06,4*00
$GPGSV,2,1,08,18,18,128,39.4,31,57,206,38.8,30,31,097,,05,27,066,,1*62
$GPGSV,2,2,08,11,22,300,,01,20,310,39.0,12,20,058,,14,66,026,38.7,1*65
$GLGSV,1,1,04,70,59,199,39.2,71,47,315,39.3,76,17,253,39.5,82,10,102,39.4,1*7F
$GAGSV,1,1,00,7*73
$GBGSV,2,1,05,08,75,330,39.2,03,43,190,38.4,04,27,125,38.9,05,15,248,38.8,1*78
$GBGSV,2,2,05,12,10,236,,1*46
$GNRMC,021510.000,A,3900.0003,N,11613.9815,E,0.00,0.00,280612,,,A,V*0A
$GNVTG,0.00,T,,M,0.00,N,0.00,K,A*23
$GNZDA,021510.000,28,06,2012,,*42
$GNGGA,021511.000,3900.0003,N,11613.9815,E,1,12,0.85,-11.9,M,-6.8,M,,*75
$PAIRACC,4.67,10.61*78
$GNGLL,3900.0003,N,11613.9815,E,021511.000,A,A*49
$GNGSA,A,3,18,31,01,14,,,,,,,,,1.36,0.85,1.06,1*00
$GNGSA,A,3,70,71,76,82,,,,,,,,,1.36,0.85,1.06,2*06
$GNGSA,A,3,,,,,,,,,,,,,1.36,0.85,1.06,3*0D
$GNGSA,A,3,08,03,04,05,,,,,,,,,1.36,0.85,1.06,4*00
$GPGSV,2,1,08,18,18,128,39.0,31,57,206,39.0,30,31,097,,05,27,066,,1*6F
$GPGSV,2,2,08,11,22,300,,01,20,310,39.1,12,20,058,,14,66,026,39.0,1*62
$GLGSV,1,1,04,70,59,199,39.2,71,47,315,38.4,76,17,253,39.1,82,10,102,39.3,1*7A
$GAGSV,1,1,00,7*73
$GBGSV,1,1,04,08,75,330,39.0,03,43,190,39.0,04,27,125,39.0,05,15,248,39.0,1*7C
$GNRMC,021511.000,A,3900.0003,N,11613.9815,E,0.00,200.96,280612,,,A,V*06
$GNVTG,200.96,T,,M,0.00,N,0.00,K,A*2E
$GNZDA,021511.000,28,06,2012,,*43
$GNGGA,021512.000,3900.0003,N,11613.9815,E,1,12,0.85,-11.9,M,-6.8,M,,*76
$PAIRACC,4.66,10.46*7C
$GNGLL,3900.0003,N,11613.9815,E,021512.000,A,A*4A
$GNGSA,A,3,18,31,01,14,,,,,,,,,1.36,0.85,1.06,1*00
$GNGSA,A,3,70,71,76,82,,,,,,,,,1.36,0.85,1.06,2*06
$GNGSA,A,3,,,,,,,,,,,,,1.36,0.85,1.06,3*0D
$GNGSA,A,3,08,03,04,05,,,,,,,,,1.36,0.85,1.06,4*00
$GPGSV,2,1,08,18,18,128,38.8,31,57,206,39.0,30,31,097,,05,27,066,,1*66
$GPGSV,2,2,08,11,22,300,,01,20,310,38.6,12,20,058,,14,66,026,39.5,1*61
$GLGSV,1,1,04,70,59,199,38.8,71,47,315,38.7,76,17,253,38.8,82,10,102,39.1,1*78
$GAGSV,1,1,00,7*73
$GBGSV,1,1,04,08,75,330,39.2,03,43,190,38.1,04,27,125,38.7,05,15,248,38.0,1*79
$GNRMC,021512.000,A,3900.0003,N,11613.9815,E,0.00,190.90,280612,,,A,V*09
$GNVTG,190.90,T,,M,0.00,N,0.00,K,A*22
$GNZDA,021512.000,28,06,2012,,*40
$GNGGA,021513.000,3900.0003,N,11613.9815,E,1,12,0.85,-11.9,M,-6.8,M,,*77
$PAIRACC,4.75,10.66*7C
$GNGLL,3900.0003,N,11613.9815,E,021513.000,A,A*4B
$GNGSA,A,3,18,31,01,14,,,,,,,,,1.36,0.85,1.06,1*00
$GNGSA,A,3,70,71,76,82,,,,,,,,,1.36,0.85,1.06,2*06
$GNGSA,A,3,,,,,,,,,,,,,1.36,0.85,1.06,3*0D
$GNGSA,A,3,08,03,04,05,,,,,,,,,1.36,0.85,1.06,4*00
$GPGSV,2,1,08,18,17,129,39.3,31,57,206,39.1,30,31,097,,05,27,066,,1*63
$GPGSV,2,2,08,11,22,300,,01,20,310,39.3,12,20,058,,14,66,026,39.0,1*60
$GLGSV,1,1,04,70,59,199,39.2,71,47,315,38.9,76,17,253,39.1,82,10,102,39.5,1*71
$GAGSV,1,1,00,7*73
$GBGSV,1,1,04,08,75,330,38.8,03,43,190,38.3,04,27,125,38.8,05,15,248,38.4,1*7B
$GNRMC,021513.000,A,3900.0003,N,11613.9815,E,0.00,229.68,280612,,,A,V*0E
$GNVTG,229.68,T,,M,0.00,N,0.00,K,A*24
$GNZDA,021513.000,28,06,2012,,*41
$GNGGA,021514.000,3900.0003,N,11613.9815,E,1,12,0.85,-11.9,M,-6.8,M,,*70
$PAIRACC,4.68,10.55*70
$GNGLL,3900.0003,N,11613.9815,E,021514.000,A,A*4C
$GNGSA,A,3,18,31,01,14,,,,,,,,,1.36,0.85,1.06,1*00
$GNGSA,A,3,70,71,76,82,,,,,,,,,1.36,0.85,1.06,2*06
$GNGSA,A,3,,,,,,,,,,,,,1.36,0.85,1.06,3*0D
$GNGSA,A,3,08,03,04,05,,,,,,,,,1.36,0.85,1.06,4*00
$GPGSV,2,1,08,18,17,129,39.0,31,57,206,39.0,30,31,097,,05,27,066,,1*61
$GPGSV,2,2,08,11,22,300,,01,20,310,38.9,12,20,058,,14,66,026,38.6,1*6C
$GLGSV,1,1,04,70,59,199,39.0,71,47,315,39.2,76,17,253,39.2,82,10,102,39.2,1*7D
$GAGSV,1,1,00,7*73
$GBGSV,1,1,04,08,75,330,38.8,03,43,190,38.3,04,27,125,39.2,05,15,248,38.8,1*7C
$GNRMC,021514.000,A,3900.0003,N,11613.9815,E,0.00,245.39,280612,,,A,V*07
$GNVTG,245.39,T,,M,0.00,N,0.00,K,A*2A
$GNZDA,021514.000,28,06,2012,,*46
$GNGGA,021515.000,3900.0003,N,11613.9815,E,1,12,0.85,-11.9,M,-6.8,M,,*71
$PAIRACC,4.71,10.53*7E
$GNGLL,3900.0003,N,11613.9815,E,021515.000,A,A*4D
$GNGSA,A,3,18,31,01,14,,,,,,,,,1.36,0.85,1.06,1*00
$GNGSA,A,3,70,71,76,82,,,,,,,,,1.36,0.85,1.06,2*06
$GNGSA,A,3,,,,,,,,,,,,,1.36,0.85,1.06,3*0D
$GNGSA,A,3,08,03,04,05,,,,,,,,,1.36,0.85,1.06,4*00
$GPGSV,2,1,08,18,17,129,39.1,31,57,206,38.8,30,31,097,,05,27,066,,1*69
$GPGSV,2,2,08,11,22,300,,01,20,310,39.1,12,20,058,,14,66,026,39.0,1*62
$GLGSV,1,1,04,70,59,199,39.3,71,47,315,38.8,76,17,253,17.6,82,10,102,18.1,1*7D
$GAGSV,1,1,00,7*73
$GBGSV,1,1,04,08,75,330,38.8,03,43,190,38.1,04,27,125,38.4,05,15,248,38.9,1*78
$GNRMC,021515.000,A,3900.0003,N,11613.9815,E,0.00,199.66,280612,,,A,V*0E
$GNVTG,199.66,T,,M,0.00,N,0.00,K,A*22
$GNZDA,021515.000,28,06,2012,,*47
$GNGGA,021516.000,3900.0003,N,11613.9815,E,1,12,0.85,-11.9,M,-6.8,M,,*72
$PAIRACC,4.74,10.69*72
$GNGLL,3900.0003,N,11613.9815,E,021516.000,A,A*4E
$GNGSA,A,3,18,14,01,31,,,,,,,,,1.36,0.85,1.06,1*00
$GNGSA,A,3,70,71,76,82,,,,,,,,,1.36,0.85,1.06,2*06
$GNGSA,A,3,,,,,,,,,,,,,1.36,0.85,1.06,3*0D
$GNGSA,A,3,08,03,04,05,,,,,,,,,1.36,0.85,1.06,4*00
$GPGSV,2,1,08,18,17,129,39.4,14,66,026,39.0,30,31,097,,05,27,066,,1*60
$GPGSV,2,2,08,11,22,300,,01,20,310,39.2,12,20,058,,31,57,206,39.0,1*64
$GLGSV,2,1,05,70,59,199,38.9,65,62,297,,71,47,315,39.3,76,17,253,13.2,1*6B
$GLGSV,2,2,05,82,10,102,13.8,1*51
$GAGSV,1,1,00,7*73
$GBGSV,2,1,05,08,75,330,38.8,09,55,256,,03,43,190,38.2,04,27,125,38.4,1*62
$GBGSV,2,2,05,05,15,248,38.2,1*5B
$GNRMC,021516.000,A,3900.0003,N,11613.9815,E,0.00,213.10,280612,,,A,V*0D
$GNVTG,213.10,T,,M,0.00,N,0.00,K,A*22
$GNZDA,021516.000,28,06,2012,,*44
$GNGGA,021517.000,3900.0003,N,11613.9815,E,1,12,0.85,-11.9,M,-6.8,M,,*73
$PAIRACC,4.84,11.03*70
$GNGLL,3900.0003,N,11613.9815,E,021517.000,A,A*4F
$GNGSA,A,3,18,14,01,31,,,,,,,,,1.36,0.85,1.06,1*00
$GNGSA,A,3,70,71,76,82,,,,,,,,,1.36,0.85,1.06,2*06
$GNGSA,A,3,,,,,,,,,,,,,1.36,0.85,1.06,3*0D
$GNGSA,A,3,08,03,04,05,,,,,,,,,1.36,0.85,1.06,4*00
$GPGSV,2,1,08,18,17,129,39.0,14,66,026,39.1,30,31,097,,05,27,066,,1*65
$GPGSV,2,2,08,11,22,300,,01,20,310,38.9,12,20,058,,31,57,206,39.2,1*6C
$GLGSV,2,1,05,73,48,275,,70,59,199,40.0,71,47,315,39.1,76,17,253,12.7,1*68
$GLGSV,2,2,05,82,10,102,14.4,1*5A
$GAGSV,1,1,00,7*73
$GBGSV,2,1,05,08,75,330,39.3,09,55,256,,03,43,190,38.2,04,27,125,38.8,1*64
$GBGSV,2,2,05,05,15,248,38.9,1*50
$GNRMC,021517.000,A,3900.0003,N,11613.9815,E,0.00,260.53,280612,,,A,V*0F
$GNVTG,260.53,T,,M,0.00,N,0.00,K,A*21
$GNZDA,021517.000,28,06,2012,,*45
$GNGGA,021518.000,3900.0003,N,11613.9815,E,1,12,0.85,-11.9,M,-6.8,M,,*7C
$PAIRACC,4.93,11.15*71
$GNGLL,3900.0003,N,11613.9815,E,021518.000,A,A*40
$GNGSA,A,3,18,14,01,31,,,,,,,,,1.36,0.85,1.06,1*00
$GNGSA,A,3,76,70,71,82,,,,,,,,,1.36,0.85,1.06,2*06
$GNGSA,A,3,,,,,,,,,,,,,1.36,0.85,1.06,3*0D
$GNGSA,A,3,08,03,04,05,,,,,,,,,1.36,0.85,1.06,4*00
$GPGSV,2,1,08,18,17,129,38.9,30,31,097,,14,66,026,39.0,05,27,066,,1*6C
$GPGSV,2,2,08,11,22,300,,01,20,310,38.7,12,20,058,,31,57,206,38.8,1*69
$GLGSV,2,1,06,76,17,253,13.4,70,59,199,39.5,71,47,315,39.6,81,13,051,,1*62
$GLGSV,2,2,06,82,10,102,11.1,79,10,051,39.1,1*77
$GAGSV,1,1,00,7*73
$GBGSV,2,1,06,08,75,330,39.2,09,55,256,,03,43,190,38.6,04,27,125,38.7,1*6D
$GBGSV,2,2,06,05,15,248,38.5,12,10,236,,1*6A
$GNRMC,021518.000,A,3900.0003,N,11613.9815,E,0.00,270.00,280612,,,A,V*07
$GNVTG,270.00,T,,M,0.00,N,0.00,K,A*26
$GNZDA,021518.000,28,06,2012,,*4A
$GNGGA,021519.000,3900.0003,N,11613.9815,E,1,12,0.85,-11.9,M,-6.8,M,,*7D
$PAIRACC,5.07,11.46*7B
$GNGLL,3900.0003,N,11613.9815,E,021519.000,A,A*41
$GNGSA,A,3,18,14,01,31,,,,,,,,,1.36,0.85,1.06,1*00
$GNGSA,A,3,71,70,76,82,,,,,,,,,1.36,0.85,1.06,2*06
$GNGSA,A,3,,,,,,,,,,,,,1.36,0.85,1.06,3*0D
$GNGSA,A,3,08,03,04,05,,,,,,,,,1.36,0.85,1.06,4*00
$GPGSV,2,1,08,18,17,129,38.9,14,66,026,38.8,30,31,097,,05,27,066,,1*65
$GPGSV,2,2,08,11,22,300,,01,20,310,38.4,12,20,058,,31,57,206,38.8,1*6A
$GLGSV,2,1,05,71,47,315,39.1,70,59,199,39.2,76,17,253,11.8,82,10,102,11.5,1*73
$GLGSV,2,2,05,79,10,051,38.9,1*5A
$GAGSV,1,1,00,7*73
$GBGSV,2,1,06,08,75,330,39.1,09,55,256,,03,43,190,37.8,04,27,125,38.5,1*6D
$GBGSV,2,2,06,05,15,248,38.3,12,10,236,,1*6C
$GNRMC,021519.000,A,3900.0003,N,11613.9815,E,0.00,274.78,280612,,,A,V*0D
$GNVTG,274.78,T,,M,0.00,N,0.00,K,A*2D
$GNZDA,021519.000,28,06,2012,,*4B
$GNGGA,021520.000,3900.0003,N,11613.9815,E,1,10,1.00,-11.9,M,-6.8,M,,*79
$PAIRACC,4.97,11.51*75
$GNGLL,3900.0003,N,11613.9815,E,021520.000,A,A*4B
$GNGSA,A,3,18,14,01,31,,,,,,,,,1.60,1.00,1.25,1*0E
$GNGSA,A,3,71,70,,,,,,,,,,,1.60,1.00,1.25,2*03
$GNGSA,A,3,,,,,,,,,,,,,1.60,1.00,1.25,3*03
$GNGSA,A,3,08,03,04,05,,,,,,,,,1.60,1.00,1.25,4*0E
$GPGSV,2,1,08,18,17,129,39.1,14,66,026,39.4,30,31,097,,05,27,066,,1*61
$GPGSV,2,2,08,11,22,300,,01,20,310,38.7,12,20,058,,31,57,206,39.4,1*64
$GLGSV,2,1,05,71,47,315,38.9,70,59,199,39.3,76,17,253,,82,10,102,,1*76
$GLGSV,2,2,05,79,10,051,39.1,1*53
$GAGSV,1,1,00,7*73
$GBGSV,2,1,06,08,75,330,38.6,09,55,256,,03,43,190,38.7,04,27,125,38.7,1*69
$GBGSV,2,2,06,05,15,248,38.6,12,10,236,,1*69
$GNRMC,021520.000,A,3900.0003,N,11613.9815,E,0.00,258.04,280612,,,A,V*02
$GNVTG,258.04,T,,M,0.00,N,0.00,K,A*28
$GNZDA,021520.000,28,06,2012,,*41
$GNGGA,021521.000,3900.0003,N,11613.9815,E,1,10,1.00,-11.9,M,-6.8,M,,*78
$PAIRACC,5.03,11.46*7F
$GNGLL,3900.0003,N,11613.9815,E,021521.000,A,A*4A
$GNGSA,A,3,18,14,01,31,,,,,,,,,1.60,1.00,1.25,1*0E
$GNGSA,A,3,70,71,,,,,,,,,,,1.60,1.00,1.25,2*03
$GNGSA,A,3,,,,,,,,,,,,,1.60,1.00,1.25,3*03
$GNGSA,A,3,03,08,04,05,,,,,,,,,1.60,1.00,1.25,4*0E
$GPGSV,2,1,08,18,17,129,39.0,30,31,097,,14,66,026,39.2,05,27,066,,1*66
$GPGSV,2,2,08,11,22,300,,01,20,310,38.7,12,20,058,,31,57,206,38.9,1*68
$GLGSV,2,1,06,76,17,253,,70,59,199,39.3,71,47,315,39.1,82,10,102,,1*7C
$GLGSV,2,2,06,79,10,051,38.7,74,04,248,36.4,1*71
$GAGSV,1,1,00,7*73
$GBGSV,2,1,07,01,37,147,,09,55,256,,03,43,190,38.2,08,75,330,39.1,1*79
$GBGSV,2,2,07,04,27,125,38.5,05,15,248,38.9,12,10,236,,1*40
$GNRMC,021521.000,A,3900.0003,N,11613.9815,E,0.00,255.62,280612,,,A,V*0E
$GNVTG,255.62,T,,M,0.00,N,0.00,K,A*25
$GNZDA,021521.000,28,06,2012,,*40
$GNGGA,021522.000,3900.0003,N,11613.9815,E,1,10,1.00,-11.9,M,-6.8,M,,*7B
$PAIRACC,5.00,11.38*75
$GNGLL,3900.0003,N,11613.9815,E,021522.000,A,A*49
$GNGSA,A,3,18,14,01,31,,,,,,,,,1.60,1.00,1.25,1*0E
$GNGSA,A,3,70,71,,,,,,,,,,,1.60,1.00,1.25,2*03
$GNGSA,A,3,,,,,,,,,,,,,1.60,1.00,1.25,3*03
$GNGSA,A,3,03,08,04,05,,,,,,,,,1.60,1.00,1.25,4*0E
$GPGSV,2,1,08,18,17,129,39.7,30,31,097,,14,66,026,39.3,05,27,066,,1*60
$GPGSV,2,2,08,11,22,300,,01,20,310,38.7,12,20,058,,31,57,206,39.2,1*62
$GLGSV,2,1,06,76,17,253,,70,59,199,38.8,71,47,315,39.0,82,10,102,,1*77
$GLGSV,2,2,06,79,10,051,38.7,74,04,248,39.7,1*7D
$GAGSV,1,1,00,7*73
$GBGSV,2,1,07,01,37,147,,09,55,256,,03,43,190,38.0,08,75,330,39.2,1*78
$GBGSV,2,2,07,04,27,125,38.3,05,15,248,38.5,12,10,236,,1*4A
$GNRMC,021522.000,A,3900.0003,N,11613.9815,E,0.00,234.39,280612,,,A,V*04
$GNVTG,234.39,T,,M,0.00,N,0.00,K,A*2C
$GNZDA,021522.000,28,06,2012,,*43
$GNGGA,021523.000,3900.0003,N,11613.9815,E,1,10,1.00,-11.9,M,-6.8,M,,*7A
$PAIRACC,5.10,11.66*7F
$GNGLL,3900.0003,N,11613.9815,E,021523.000,A,A*48
$GNGSA,A,3,18,14,01,31,,,,,,,,,1.60,1.00,1.25,1*0E
$GNGSA,A,3,70,71,,,,,,,,,,,1.60,1.00,1.25,2*03
$GNGSA,A,3,,,,,,,,,,,,,1.60,1.00,1.25,3*03
$GNGSA,A,3,08,03,04,05,,,,,,,,,1.60,1.00,1.25,4*0E
$GPGSV,2,1,08,18,17,129,39.1,30,31,097,,14,66,026,39.0,05,27,066,,1*65
$GPGSV,2,2,08,11,22,300,,01,20,310,39.0,12,20,058,,31,57,206,39.1,1*67
$GLGSV,2,1,06,76,17,253,,70,59,199,39.8,71,47,315,38.7,82,10,102,,1*70
$GLGSV,2,2,06,79,10,051,38.5,74,04,248,39.1,1*79
$GAGSV,1,1,00,7*73
$GBGSV,2,1,06,08,75,330,38.9,03,43,190,39.2,01,37,147,,04,27,125,38.7,1*6D
$GBGSV,2,2,06,05,15,248,38.9,12,10,236,,1*66
$GNRMC,021523.000,A,3900.0003,N,11613.9815,E,0.00,221.41,280612,,,A,V*0E
$GNVTG,221.41,T,,M,0.00,N,0.00,K,A*27
$GNZDA,021523.000,28,06,2012,,*42
$GNGGA,021524.000,3900.0003,N,11613.9815,E,1,10,1.00,-11.9,M,-6.8,M,,*7D
$PAIRACC,4.96,11.35*76
$GNGLL,3900.0003,N,11613.9815,E,021524.000,A,A*4F
$GNGSA,A,3,18,14,01,31,,,,,,,,,1.60,1.00,1.25,1*0E
$GNGSA,A,3,71,70,,,,,,,,,,,1.60,1.00,1.25,2*03
$GNGSA,A,3,,,,,,,,,,,,,1.60,1.00,1.25,3*03
$GNGSA,A,3,08,03,04,05,,,,,,,,,1.60,1.00,1.25,4*0E
$GPGSV,2,1,08,18,17,129,39.3,14,66,026,39.2,30,31,097,,05,27,066,,1*65
$GPGSV,2,2,08,11,22,300,,01,20,310,38.8,12,20,058,,31,57,206,38.9,1*67
$GLGSV,2,1,06,71,47,315,39.4,70,59,199,39.7,76,17,253,,82,10,102,,1*7D
$GLGSV,2,2,06,79,10,051,39.0,74,04,248,38.8,1*75
$GAGSV,1,1,00,7*73
$GBGSV,1,1,04,08,75,330,38.9,03,43,190,38.2,04,27,125,38.5,05,15,248,38.3,1*71
$GNRMC,021524.000,A,3900.0003,N,11613.9815,E,0.00,214.31,280612,,,A,V*08
$GNVTG,214.31,T,,M,0.00,N,0.01,K,A*27
$GNZDA,021524.000,28,06,2012,,*45
$GNGGA,021525.000,3900.0003,N,11613.9815,E,1,10,1.00,-11.9,M,-6.8,M,,*7C
$PAIRACC,5.04,11.47*79
$GNGLL,3900.0003,N,11613.9815,E,021525.000,A,A*4E
$GNGSA,A,3,18,14,01,31,,,,,,,,,1.60,1.00,1.25,1*0E
$GNGSA,A,3,71,70,,,,,,,,,,,1.60,1.00,1.25,2*03
$GNGSA,A,3,,,,,,,,,,,,,1.60,1.00,1.25,3*03
$GNGSA,A,3,08,03,04,05,,,,,,,,,1.60,1.00,1.25,4*0E
$GPGSV,2,1,08,18,17,129,39.2,14,66,026,39.1,30,32,096,,05,27,066,,1*65
$GPGSV,2,2,08,11,22,300,,01,20,310,39.0,12,20,058,,31,57,206,38.8,1*6F
$GLGSV,2,1,06,71,47,315,39.1,70,59,199,39.3,76,17,253,,82,10,102,,1*7C
$GLGSV,2,2,06,79,10,051,39.2,74,04,248,39.1,1*7F
$GAGSV,1,1,00,7*73
$GBGSV,1,1,04,08,75,330,38.7,03,43,190,38.1,04,27,125,38.8,05,15,248,38.6,1*74
$GNRMC,021525.000,A,3900.0003,N,11613.9815,E,0.00,226.77,280612,,,A,V*0A
$GNVTG,226.77,T,,M,0.00,N,0.01,K,A*24
$GNZDA,021525.000,28,06,2012,,*44
$GNGGA,021526.000,3900.0003,N,11613.9815,E,1,10,1.00,-11.9,M,-6.8,M,,*7F
$PAIRACC,4.96,11.37*74
$GNGLL,3900.0003,N,11613.9815,E,021526.000,A,A*4D
$GNGSA,A,3,18,14,01,31,,,,,,,,,1.60,1.00,1.25,1*0E
$GNGSA,A,3,71,70,,,,,,,,,,,1.60,1.00,1.25,2*03
$GNGSA,A,3,,,,,,,,,,,,,1.60,1.00,1.25,3*03
$GNGSA,A,3,08,03,04,05,,,,,,,,,1.60,1.00,1.25,4*0E
$GPGSV,2,1,08,18,17,129,38.9,14,66,026,39.3,30,32,096,,05,27,066,,1*6D
$GPGSV,2,2,08,11,22,300,,01,20,310,39.0,12,20,058,,31,58,207,39.0,1*68
$GLGSV,2,1,06,71,47,315,39.2,70,59,199,39.3,76,17,253,,82,10,102,,1*7F
$GLGSV,2,2,06,79,10,051,39.3,74,04,248,39.4,1*7B
$GAGSV,1,1,00,7*73
$GBGSV,1,1,04,08,75,330,38.7,03,43,190,38.8,04,27,125,38.7,05,15,248,38.8,1*7C
$GNRMC,021526.000,A,3900.0003,N,11613.9815,E,0.00,220.73,280612,,,A,V*0B
$GNVTG,220.73,T,,M,0.00,N,0.01,K,A*26
$GNZDA,021526.000,28,06,2012,,*47
$GNGGA,021527.000,3900.0003,N,11613.9815,E,1,10,1.00,-11.9,M,-6.8,M,,*7E
$PAIRACC,5.00,11.43*79
$GNGLL,3900.0003,N,11613.9815,E,021527.000,A,A*4C
$GNGSA,A,3,18,14,01,31,,,,,,,,,1.60,1.00,1.25,1*0E
$GNGSA,A,3,71,70,,,,,,,,,,,1.60,1.00,1.25,2*03
$GNGSA,A,3,,,,,,,,,,,,,1.60,1.00,1.25,3*03
$GNGSA,A,3,08,03,04,05,,,,,,,,,1.60,1.00,1.25,4*0E
$GPGSV,2,1,08,18,17,129,39.1,14,66,026,39.4,30,32,096,,05,27,066,,1*63
$GPGSV,2,2,08,11,22,300,,01,20,310,38.8,12,20,058,,31,58,207,38.7,1*67
$GLGSV,2,1,06,71,47,315,38.9,70,59,199,39.3,76,17,253,,82,10,102,,1*75
$GLGSV,2,2,06,79,10,051,38.5,74,04,248,39.1,1*79
$GAGSV,1,1,00,7*73
$GBGSV,1,1,04,08,75,330,39.2,03,43,190,37.7,04,27,125,38.5,05,15,248,37.8,1*75
$GNRMC,021527.000,A,3900.0003,N,11613.9815,E,0.00,211.33,280612,,,A,V*0C
$GNVTG,211.33,T,,M,0.00,N,0.01,K,A*20
$GNZDA,021527.000,28,06,2012,,*46
$GNGGA,021528.000,3900.0003,N,11613.9815,E,1,10,1.00,-11.9,M,-6.8,M,,*71
$PAIRACC,5.03,11.55*7D
$GNGLL,3900.0003,N,11613.9815,E,021528.000,A,A*43
$GNGSA,A,3,18,14,01,31,,,,,,,,,1.60,1.00,1.25,1*0E
$GNGSA,A,3,71,70,,,,,,,,,,,1.60,1.00,1.25,2*03
$GNGSA,A,3,,,,,,,,,,,,,1.60,1.00,1.25,3*03
$GNGSA,A,3,08,03,04,05,,,,,,,,,1.60,1.00,1.25,4*0E
$GPGSV,2,1,08,18,17,129,39.0,14,66,026,38.8,30,32,096,,05,27,066,,1*6F
$GPGSV,2,2,08,11,22,300,,01,20,310,39.2,12,20,058,,31,58,207,38.8,1*63
$GLGSV,2,1,06,71,47,315,39.2,70,59,199,39.2,76,17,253,,82,10,102,,1*7E
$GLGSV,2,2,06,79,10,051,39.4,74,04,248,39.4,1*7C
$GAGSV,1,1,00,7*73
$GBGSV,1,1,04,08,75,330,38.9,03,43,190,38.4,04,27,125,38.6,05,15,248,38.4,1*73
$GNRMC,021528.000,A,3900.0003,N,11613.9815,E,0.00,214.64,280612,,,A,V*04
$GNVTG,214.64,T,,M,0.00,N,0.01,K,A*27
$GNZDA,021528.000,28,06,2012,,*49
$GNGGA,021529.000,3900.0003,N,11613.9815,E,1,10,1.00,-11.9,M,-6.8,M,,*70
$PAIRACC,5.02,11.55*7C
$GNGLL,3900.0003,N,11613.9815,E,021529.000,A,A*42
$GNGSA,A,3,18,14,01,31,,,,,,,,,1.60,1.00,1.25,1*0E
$GNGSA,A,3,71,70,,,,,,,,,,,1.60,1.00,1.25,2*03
$GNGSA,A,3,,,,,,,,,,,,,1.60,1.00,1.25,3*03
$GNGSA,A,3,08,03,04,05,,,,,,,,,1.60,1.00,1.25,4*0E
$GPGSV,2,1,08,18,17,129,38.8,14,66,026,39.7,30,32,096,,05,27,066,,1*68
$GPGSV,2,2,08,11,22,300,,01,20,310,38.6,12,20,058,,31,58,207,39.0,1*6F
$GLGSV,2,1,06,71,47,315,38.7,70,59,199,39.5,76,17,253,,82,10,102,,1*7D
$GLGSV,2,2,06,79,10,051,39.0,74,04,248,39.7,1*7B
$GAGSV,1,1,00,7*73
$GBGSV,1,1,04,08,75,330,39.0,03,43,190,38.3,04,27,125,39.0,05,15,248,38.6,1*79
$GNRMC,021529.000,A,3900.0003,N,11613.9815,E,0.00,211.72,280612,,,A,V*07
$GNVTG,211.72,T,,M,0.00,N,0.01,K,A*25
$GNZDA,021529.000,28,06,2012,,*48
$GNGGA,021530.000,3900.0003,N,11613.9815,E,1,10,1.00,-11.9,M,-6.8,M,,*78
$PAIRACC,5.02,11.38*77
$GNGLL,3900.0003,N,11613.9815,E,021530.000,A,A*4A
$GNGSA,A,3,18,14,01,31,,,,,,,,,1.60,1.00,1.25,1*0E
$GNGSA,A,3,71,70,,,,,,,,,,,1.60,1.00,1.25,2*03
$GNGSA,A,3,,,,,,,,,,,,,1.60,1.00,1.25,3*03
$GNGSA,A,3,08,03,04,05,,,,,,,,,1.60,1.00,1.25,4*0E
$GPGSV,2,1,08,18,17,129,39.5,14,66,026,38.8,30,32,096,,05,27,066,,1*6A
$GPGSV,2,2,08,11,22,300,,01,20,310,39.2,12,20,058,,31,58,207,38.7,1*6C
$GLGSV,2,1,06,71,47,315,39.0,70,59,199,39.3,76,17,253,,82,10,102,,1*7D
$GLGSV,2,2,06,79,10,051,39.7,74,04,248,39.7,1*7C
$GAGSV,1,1,00,7*73
$GBGSV,1,1,04,08,75,330,39.4,03,43,190,38.4,04,27,125,38.8,05,15,248,38.7,1*72
$GNRMC,021530.000,A,3900.0003,N,11613.9815,E,0.00,186.40,280612,,,A,V*03
$GNVTG,186.40,T,,M,0.00,N,0.01,K,A*29
$GNZDA,021530.000,28,06,2012,,*40
$GNGGA,021531.000,3900.0003,N,11613.9815,E,1,10,1.00,-11.9,M,-6.8,M,,*79
$PAIRACC,4.99,11.53*79
$GNGLL,3900.0003,N,11613.9815,E,021531.000,A,A*4B
$GNGSA,A,3,18,14,01,31,,,,,,,,,1.60,1.00,1.25,1*0E
$GNGSA,A,3,71,70,,,,,,,,,,,1.60,1.00,1.25,2*03
$GNGSA,A,3,,,,,,,,,,,,,1.60,1.00,1.25,3*03
$GNGSA,A,3,08,03,04,05,,,,,,,,,1.60,1.00,1.25,4*0E
$GPGSV,2,1,08,18,17,129,39.2,14,66,026,39.6,30,32,096,,05,27,066,,1*62
$GPGSV,2,2,08,11,22,300,,01,20,310,38.3,12,20,058,,31,58,207,39.1,1*6B
$GLGSV,2,1,06,71,47,315,38.9,70,59,199,39.2,76,17,253,,82,10,102,,1*74
$GLGSV,2,2,06,79,10,051,38.9,74,04,248,39.1,1*75
$GAGSV,1,1,00,7*73
$GBGSV,1,1,04,08,75,330,39.1,03,43,190,37.8,04,27,125,38.7,05,15,248,38.4,1*78
$GNRMC,021531.000,A,3900.0003,N,11613.9815,E,0.00,227.15,280612,,,A,V*0A
$GNVTG,227.15,T,,M,0.00,N,0.01,K,A*21
$GNZDA,021531.000,28,06,2012,,*41
$GNGGA,021532.000,3900.0003,N,11613.9815,E,1,10,1.00,-11.9,M,-6.8,M,,*7A
$PAIRACC,4.99,11.38*74
$GNGLL,3900.0003,N,11613.9815,E,021532.000,A,A*48
$GNGSA,A,3,18,14,01,31,,,,,,,,,1.60,1.00,1.25,1*0E
$GNGSA,A,3,71,70,,,,,,,,,,,1.60,1.00,1.25,2*03
$GNGSA,A,3,,,,,,,,,,,,,1.60,1.00,1.25,3*03
$GNGSA,A,3,08,03,04,05,,,,,,,,,1.60,1.00,1.25,4*0E
$GPGSV,2,1,08,18,17,129,39.1,14,66,026,39.4,30,32,096,,05,27,066,,1*63
$GPGSV,2,2,08,11,22,300,,01,20,310,38.7,12,20,058,,31,58,207,39.2,1*6C
$GLGSV,2,1,06,71,47,315,38.8,70,59,199,39.0,76,17,253,,82,10,102,,1*77
$GLGSV,2,2,06,79,10,051,39.1,74,04,248,39.5,1*78
$GAGSV,1,1,00,7*73
$GBGSV,1,1,04,08,75,330,39.4,03,43,190,38.7,04,27,125,39.0,05,15,248,39.0,1*7E
$GNRMC,021532.000,A,3900.0003,N,11613.9815,E,0.00,208.54,280612,,,A,V*01
$GNVTG,208.54,T,,M,0.00,N,0.01,K,A*29
$GNZDA,021532.000,28,06,2012,,*42
$GNGGA,021533.000,3900.0003,N,11613.9815,E,1,10,1.00,-11.9,M,-6.8,M,,*7B
$PAIRACC,5.08,11.59*7A
$GNGLL,3900.0003,N,11613.9815,E,021533.000,A,A*49
$GNGSA,A,3,18,14,01,31,,,,,,,,,1.60,1.00,1.25,1*0E
$GNGSA,A,3,71,70,,,,,,,,,,,1.60,1.00,1.25,2*03
$GNGSA,A,3,,,,,,,,,,,,,1.60,1.00,1.25,3*03
$GNGSA,A,3,08,03,04,05,,,,,,,,,1.60,1.00,1.25,4*0E
$GPGSV,2,1,08,18,17,129,39.2,14,66,026,39.0,30,32,096,,05,27,066,,1*64
$GPGSV,2,2,08,11,22,300,,01,20,310,38.9,12,20,058,,31,58,207,39.0,1*60
$GLGSV,2,1,06,71,47,315,39.3,70,59,199,38.9,76,17,253,,82,10,102,,1*75
$GLGSV,2,2,06,79,10,051,39.3,74,04,248,38.9,1*77
$GAGSV,1,1,00,7*73
$GBGSV,1,1,04,08,75,330,39.1,03,43,190,38.8,04,27,125,38.5,05,15,248,38.9,1*78
$GNRMC,021533.000,A,3900.0003,N,11613.9815,E,0.00,247.13,280612,,,A,V*08
$GNVTG,247.13,T,,M,0.00,N,0.00,K,A*20
$GNZDA,021533.000,28,06,2012,,*43
$GNGGA,021534.000,3900.0003,N,11613.9815,E,1,10,1.00,-11.9,M,-6.8,M,,*7C
$PAIRACC,4.97,11.42*77
$GNGLL,3900.0003,N,11613.9815,E,021534.000,A,A*4E
$GNGSA,A,3,18,14,01,31,,,,,,,,,1.60,1.00,1.25,1*0E
$GNGSA,A,3,71,70,,,,,,,,,,,1.60,1.00,1.25,2*03
$GNGSA,A,3,,,,,,,,,,,,,1.60,1.00,1.25,3*03
$GNGSA,A,3,08,03,04,05,,,,,,,,,1.60,1.00,1.25,4*0E
$GPGSV,2,1,08,18,17,129,38.7,14,66,026,39.6,30,32,096,,05,27,066,,1*66
$GPGSV,2,2,08,11,22,300,,01,20,310,38.9,12,20,058,,31,58,207,39.0,1*60
$GLGSV,2,1,06,71,47,315,39.2,70,59,199,39.2,76,17,253,,82,10,102,,1*7E
$GLGSV,2,2,06,79,10,051,39.1,74,04,248,39.0,1*7D
$GAGSV,1,1,00,7*73
$GBGSV,1,1,04,08,75,330,39.3,03,43,190,37.8,04,27,125,38.3,05,15,248,38.7,1*7D
$GNRMC,021534.000,A,3900.0003,N,11613.9815,E,0.00,238.59,280612,,,A,V*09
$GNVTG,238.59,T,,M,0.00,N,0.00,K,A*26
$GNZDA,021534.000,28,06,2012,,*44
$GNGGA,021535.000,3900.0003,N,11613.9815,E,1,10,1.00,-11.9,M,-6.8,M,,*7D
$PAIRACC,4.99,11.51*7B
$GNGLL,3900.0003,N,11613.9815,E,021535.000,A,A*4F
$GNGSA,A,3,18,14,01,31,,,,,,,,,1.60,1.00,1.25,1*0E
$GNGSA,A,3,71,70,,,,,,,,,,,1.60,1.00,1.25,2*03
$GNGSA,A,3,,,,,,,,,,,,,1.60,1.00,1.25,3*03
$GNGSA,A,3,08,03,04,05,,,,,,,,,1.60,1.00,1.25,4*0E
$GPGSV,2,1,08,18,17,129,39.0,14,66,026,39.3,30,32,096,,05,27,066,,1*65
$GPGSV,2,2,08,11,22,300,,01,20,310,38.8,12,20,058,,31,58,207,38.7,1*67
$GLGSV,2,1,06,71,47,315,38.3,70,59,199,39.2,76,17,253,,82,10,102,,1*7E
$GLGSV,2,2,06,79,10,051,38.8,74,04,248,39.0,1*75
$GAGSV,1,1,00,7*73
$GBGSV,1,1,04,08,75,330,39.1,03,43,190,38.7,04,27,125,38.7,05,15,248,39.2,1*7F
$GNRMC,021535.000,A,3900.0003,N,11613.9815,E,0.00,204.88,280612,,,A,V*0B
$GNVTG,204.88,T,,M,0.00,N,0.00,K,A*25
$GNZDA,021535.000,28,06,2012,,*45
$GNGGA,021536.000,3900.0003,N,11613.9815,E,1,10,1.00,-11.9,M,-6.8,M,,*7E
$PAIRACC,5.04,11.46*78
$GNGLL,3900.0003,N,11613.9815,E,021536.000,A,A*4C
$GNGSA,A,3,18,14,01,31,,,,,,,,,1.60,1.00,1.25,1*0E
$GNGSA,A,3,71,70,,,,,,,,,,,1.60,1.00,1.25,2*03
$GNGSA,A,3,,,,,,,,,,,,,1.60,1.00,1.25,3*03
$GNGSA,A,3,08,03,04,05,,,,,,,,,1.60,1.00,1.25,4*0E
$GPGSV,2,1,08,18,17,129,38.9,14,66,026,38.9,30,32,096,,05,27,066,,1*66
$GPGSV,2,2,08,11,22,300,,01,20,310,38.8,12,20,058,,31,58,207,38.3,1*63
$GLGSV,2,1,06,71,47,315,38.9,70,59,199,39.6,76,17,253,,82,10,102,,1*70
$GLGSV,2,2,06,79,10,051,39.2,74,04,248,39.5,1*7B
$GAGSV,1,1,00,7*73
$GBGSV,1,1,04,08,75,330,39.4,03,43,190,38.1,04,27,125,38.5,05,15,248,38.7,1*7A
$GNRMC,021536.000,A,3900.0003,N,11613.9815,E,0.00,202.29,280612,,,A,V*05
$GNVTG,202.29,T,,M,0.00,N,0.00,K,A*28
$GNZDA,021536.000,28,06,2012,,*46
$GNGGA,021537.000,3900.0003,N,11613.9815,E,1,10,1.00,-11.9,M,-6.8,M,,*7F
$PAIRACC,4.96,11.49*7D
$GNGLL,3900.0003,N,11613.9815,E,021537.000,A,A*4D
$GNGSA,A,3,18,14,01,31,,,,,,,,,1.60,1.00,1.25,1*0E
$GNGSA,A,3,71,70,,,,,,,,,,,1.60,1.00,1.25,2*03
$GNGSA,A,3,,,,,,,,,,,,,1.60,1.00,1.25,3*03
$GNGSA,A,3,08,03,04,05,,,,,,,,,1.60,1.00,1.25,4*0E
$GPGSV,2,1,08,18,17,129,38.9,14,66,026,39.3,30,32,096,,05,27,066,,1*6D
$GPGSV,2,2,08,11,22,300,,01,20,310,39.1,12,20,058,,31,58,207,38.6,1*6E
$GLGSV,2,1,06,71,47,315,39.4,70,59,199,39.8,76,17,253,,82,10,102,,1*72
$GLGSV,2,2,06,79,10,051,39.3,74,04,248,39.6,1*79
$GAGSV,1,1,00,7*73
$GBGSV,1,1,04,08,75,330,39.0,03,43,190,38.4,04,27,125,38.7,05,15,248,38.9,1*77
$GNRMC,021537.000,A,3900.0003,N,11613.9815,E,0.00,214.68,280612,,,A,V*06
$GNVTG,214.68,T,,M,0.00,N,0.00,K,A*2A
$GNZDA,021537.000,28,06,2012,,*47
$GNGGA,021538.000,3900.0003,N,11613.9815,E,1,10,1.00,-11.9,M,-6.8,M,,*70
$PAIRACC,5.06,11.51*7C
$GNGLL,3900.0003,N,11613.9815,E,021538.000,A,A*42
$GNGSA,A,3,18,14,01,31,,,,,,,,,1.60,1.00,1.25,1*0E
$GNGSA,A,3,71,70,,,,,,,,,,,1.60,1.00,1.25,2*03
$GNGSA,A,3,,,,,,,,,,,,,1.60,1.00,1.25,3*03
$GNGSA,A,3,08,03,04,05,,,,,,,,,1.60,1.00,1.25,4*0E
$GPGSV,2,1,08,18,17,129,39.6,14,66,026,39.0,30,32,096,,05,27,066,,1*60
$GPGSV,2,2,08,11,22,300,,01,20,310,38.9,12,20,058,,31,58,207,38.9,1*68
$GLGSV,2,1,06,71,47,315,39.1,70,59,199,39.2,76,17,253,,82,10,102,,1*7D
$GLGSV,2,2,06,79,10,051,39.2,74,04,248,39.1,1*7F
$GAGSV,1,1,00,7*73
$GBGSV,1,1,04,08,75,330,39.1,03,43,190,38.8,04,27,125,38.8,05,15,248,38.9,1*75
$GNRMC,021538.000,A,3900.0003,N,11613.9815,E,0.00,213.67,280612,,,A,V*01
$GNVTG,213.67,T,,M,0.00,N,0.00,K,A*22
$GNZDA,021538.000,28,06,2012,,*48
$GNGGA,021539.000,3900.0003,N,11613.9815,E,1,10,1.00,-11.9,M,-6.8,M,,*71
$PAIRACC,5.01,11.44*7F
$GNGLL,3900.0003,N,11613.9815,E,021539.000,A,A*43
$GNGSA,A,3,18,14,01,31,,,,,,,,,1.60,1.00,1.25,1*0E
$GNGSA,A,3,71,70,,,,,,,,,,,1.60,1.00,1.25,2*03
$GNGSA,A,3,,,,,,,,,,,,,1.60,1.00,1.25,3*03
$GNGSA,A,3,08,03,04,05,,,,,,,,,1.60,1.00,1.25,4*0E
$GPGSV,2,1,08,18,17,129,39.1,14,66,026,39.4,30,32,096,,05,27,066,,1*63
$GPGSV,2,2,08,11,22,300,,01,20,310,38.9,12,20,058,,31,58,207,39.0,1*60
$GLGSV,2,1,06,71,47,315,39.0,70,59,199,38.9,76,17,253,,82,10,102,,1*76
$GLGSV,2,2,06,79,10,051,38.7,74,04,248,39.4,1*7E
$GAGSV,1,1,00,7*73
$GBGSV,1,1,04,08,75,330,39.6,03,43,190,38.1,04,27,125,38.4,05,15,248,38.3,1*7D
$GNRMC,021539.000,A,3900.0003,N,11613.9815,E,0.00,216.44,280612,,,A,V*04
$GNVTG,216.44,T,,M,0.00,N,0.00,K,A*26
$GNZDA,021539.000,28,06,2012,,*49
$GNGGA,021540.000,3900.0003,N,11613.9815,E,1,11,0.82,-11.9,M,-6.8,M,,*75
$PAIRACC,4.57,10.64*7E
$GNGLL,3900.0003,N,11613.9815,E,021540.000,A,A*4D
$GNGSA,A,3,18,14,01,31,,,,,,,,,1.37,0.82,1.10,1*01
$GNGSA,A,3,71,70,79,,,,,,,,,,1.37,0.82,1.10,2*02
$GNGSA,A,3,,,,,,,,,,,,,1.37,0.82,1.10,3*0C
$GNGSA,A,3,08,03,04,05,,,,,,,,,1.37,0.82,1.10,4*01
$GPGSV,2,1,08,18,17,129,39.2,14,66,026,38.9,30,32,096,,05,27,066,,1*6C
$GPGSV,2,2,08,11,22,300,,01,20,310,38.9,12,20,058,,31,58,207,38.8,1*69
$GLGSV,2,1,06,71,47,315,39.3,70,59,199,39.1,76,17,253,,79,10,051,39.2,1*69
$GLGSV,2,2,06,82,10,102,,74,04,248,39.3,1*68
$GAGSV,1,1,00,7*73
$GBGSV,1,1,04,08,75,330,39.0,03,43,190,38.3,04,27,125,38.5,05,15,248,38.6,1*7D
$GNRMC,021540.000,A,3900.0003,N,11613.9815,E,0.00,228.24,280612,,,A,V*01
$GNVTG,228.24,T,,M,0.00,N,0.01,K,A*2C
$GNZDA,021540.000,28,06,2012,,*47
$GNGGA,021541.000,3900.0003,N,11613.9815,E,1,11,0.82,-11.9,M,-6.8,M,,*74
$PAIRACC,4.66,10.55*7E
$GNGLL,3900.0003,N,11613.9815,E,021541.000,A,A*4C
$GNGSA,A,3,18,14,01,31,,,,,,,,,1.37,0.82,1.10,1*01
$GNGSA,A,3,71,70,79,,,,,,,,,,1.37,0.82,1.10,2*02
$GNGSA,A,3,,,,,,,,,,,,,1.37,0.82,1.10,3*0C
$GNGSA,A,3,08,03,04,05,,,,,,,,,1.37,0.82,1.10,4*01
$GPGSV,2,1,08,18,17,129,39.2,14,66,026,39.1,30,32,096,,05,27,066,,1*65
$GPGSV,2,2,08,11,22,300,,01,20,310,38.8,12,20,058,,31,58,207,38.6,1*66
$GLGSV,2,1,06,71,47,315,39.0,70,59,199,39.3,76,17,253,,79,10,051,38.8,1*63
$GLGSV,2,2,06,82,10,102,,74,04,248,39.6,1*6D
$GAGSV,1,1,00,7*73
$GBGSV,1,1,04,08,75,330,39.1,03,43,190,39.0,04,27,125,38.4,05,15,248,39.0,1*78
$GNRMC,021541.000,A,3900.0003,N,11613.9815,E,0.00,221.88,280612,,,A,V*0F
$GNVTG,221.88,T,,M,0.00,N,0.01,K,A*23
$GNZDA,021541.000,28,06,2012,,*46
$GNGGA,021542.000,3900.0003,N,11613.9815,E,1,11,0.82,-11.9,M,-6.8,M,,*77
$PAIRACC,4.58,10.65*70
$GNGLL,3900.0003,N,11613.9815,E,021542.000,A,A*4F
$GNGSA,A,3,18,14,01,31,,,,,,,,,1.37,0.82,1.10,1*01
$GNGSA,A,3,71,70,79,,,,,,,,,,1.37,0.82,1.10,2*02
$GNGSA,A,3,,,,,,,,,,,,,1.37,0.82,1.10,3*0C
$GNGSA,A,3,08,03,04,05,,,,,,,,,1.37,0.82,1.10,4*01
$GPGSV,2,1,08,18,17,129,39.6,14,66,026,39.0,30,32,096,,05,27,066,,1*60
$GPGSV,2,2,08,11,22,300,,01,20,310,39.0,12,20,058,,31,58,207,38.8,1*61
$GLGSV,2,1,06,71,47,315,39.3,70,59,199,39.7,76,17,253,,79,10,051,39.5,1*68
$GLGSV,2,2,06,82,10,102,,74,04,248,38.8,1*62
$GAGSV,1,1,00,7*73
$GBGSV,1,1,04,08,75,330,39.0,03,43,190,38.1,04,27,125,38.3,05,15,248,38.1,1*7E
$GNRMC,021542.000,A,3900.0003,N,11613.9815,E,0.01,220.58,280612,,,A,V*01
$GNVTG,220.58,T,,M,0.01,N,0.01,K,A*2E
$GNZDA,021542.000,28,06,2012,,*45
$GNGGA,021543.000,3900.0003,N,11613.9815,E,1,11,0.82,-11.8,M,-6.8,M,,*77
$PAIRACC,4.66,10.57*7C
$GNGLL,3900.0003,N,11613.9815,E,021543.000,A,A*4E
$GNGSA,A,3,18,14,01,31,,,,,,,,,1.37,0.82,1.10,1*01
$GNGSA,A,3,71,70,79,,,,,,,,,,1.37,0.82,1.10,2*02
$GNGSA,A,3,,,,,,,,,,,,,1.37,0.82,1.10,3*0C
$GNGSA,A,3,08,03,04,05,,,,,,,,,1.37,0.82,1.10,4*01
$GPGSV,2,1,08,18,17,129,39.1,14,66,026,39.1,30,32,096,,05,27,066,,1*66
$GPGSV,2,2,08,11,22,300,,01,20,310,38.9,12,20,058,,31,58,207,39.0,1*60
$GLGSV,2,1,06,71,47,315,39.2,70,59,199,38.9,76,17,253,,79,10,051,38.8,1*6A
$GLGSV,2,2,06,82,10,102,,74,04,248,39.5,1*6E
$GAGSV,1,1,00,7*73
$GBGSV,1,1,04,08,75,330,38.8,03,43,190,38.2,04,27,125,38.8,05,15,248,38.5,1*7B
$GNRMC,021543.000,A,3900.0003,N,11613.9815,E,0.01,216.39,280612,,,A,V*02
$GNVTG,216.39,T,,M,0.01,N,0.01,K,A*2C
$GNZDA,021543.000,28,06,2012,,*44
$GNGGA,021544.000,3900.0003,N,11613.9815,E,1,11,0.82,-11.8,M,-6.8,M,,*70
$PAIRACC,4.57,10.47*7F
$GNGLL,3900.0003,N,11613.9815,E,021544.000,A,A*49
$GNGSA,A,3,18,14,01,31,,,,,,,,,1.37,0.82,1.10,1*01
$GNGSA,A,3,71,70,79,,,,,,,,,,1.37,0.82,1.10,2*02
$GNGSA,A,3,,,,,,,,,,,,,1.37,0.82,1.10,3*0C
$GNGSA,A,3,08,03,04,05,,,,,,,,,1.37,0.82,1.10,4*01
$GPGSV,2,1,08,18,17,129,39.0,14,66,026,38.8,30,32,096,,05,27,066,,1*6F
$GPGSV,2,2,08,11,22,300,,01,20,310,38.7,12,20,058,,31,58,207,38.5,1*6A
$GLGSV,2,1,06,71,47,315,38.8,70,59,199,39.4,76,17,253,,79,10,051,39.6,1*62
$GLGSV,2,2,06,82,10,102,,74,04,248,39.1,1*6A
$GAGSV,1,1,00,7*73
$GBGSV,1,1,04,08,75,330,39.4,03,43,190,38.6,04,27,125,39.1,05,15,248,38.8,1*77
$GNRMC,021544.000,A,3900.0003,N,11613.9815,E,0.01,220.53,280612,,,A,V*0C
$GNVTG,220.53,T,,M,0.01,N,0.01,K,A*25
$GNZDA,021544.000,28,06,2012,,*43
$GNGGA,021545.000,3900.0003,N,11613.9815,E,1,11,0.82,-11.8,M,-6.8,M,,*71
$PAIRACC,4.67,10.73*7B
$GNGLL,3900.0003,N,11613.9815,E,021545.000,A,A*48
$GNGSA,A,3,18,14,01,31,,,,,,,,,1.37,0.82,1.10,1*01
$GNGSA,A,3,71,70,79,,,,,,,,,,1.37,0.82,1.10,2*02
$GNGSA,A,3,,,,,,,,,,,,,1.37,0.82,1.10,3*0C
$GNGSA,A,3,08,03,04,05,,,,,,,,,1.37,0.82,1.10,4*01
$GPGSV,2,1,08,18,17,129,38.8,14,66,026,39.0,30,32,096,,05,27,066,,1*6F
$GPGSV,2,2,08,11,22,300,,01,20,310,39.0,12,20,058,,31,58,207,38.7,1*6E
$GLGSV,2,1,06,71,47,315,39.0,70,59,199,39.4,76,17,253,,79,10,051,39.5,1*68
$GLGSV,2,2,06,82,10,102,,74,04,248,39.3,1*68
$GAGSV,1,1,00,7*73
$GBGSV,1,1,04,08,75,330,39.4,03,43,190,38.5,04,27,125,38.6,05,15,248,38.9,1*73
$GNRMC,021545.000,A,3900.0003,N,11613.9815,E,0.01,223.09,280612,,,A,V*01
$GNVTG,223.09,T,,M,0.01,N,0.01,K,A*29
$GNZDA,021545.000,28,06,2012,,*42
$GNGGA,021546.000,3900.0003,N,11613.9815,E,1,11,0.82,-11.8,M,-6.8,M,,*72
$PAIRACC,4.57,10.49*71
$GNGLL,3900.0003,N,11613.9815,E,021546.000,A,A*4B
$GNGSA,A,3,18,14,01,31,,,,,,,,,1.37,0.82,1.10,1*01
$GNGSA,A,3,71,70,79,,,,,,,,,,1.37,0.82,1.10,2*02
$GNGSA,A,3,,,,,,,,,,,,,1.37,0.82,1.10,3*0C
$GNGSA,A,3,08,03,04,05,,,,,,,,,1.37,0.82,1.10,4*01
$GPGSV,2,1,08,18,17,129,39.0,14,66,026,39.0,30,32,096,,05,27,066,,1*66
$GPGSV,2,2,08,11,22,300,,01,20,310,38.8,12,20,058,,31,58,207,38.7,1*67
$GLGSV,2,1,06,71,47,315,38.8,70,59,199,39.2,76,17,253,,79,10,051,39.4,1*66
$GLGSV,2,2,06,82,10,102,,74,04,248,39.2,1*69
$GAGSV,1,1,00,7*73
$GBGSV,1,1,04,08,75,330,38.8,03,43,190,38.1,04,27,125,38.5,05,15,248,38.0,1*70
$GNRMC,021546.000,A,3900.0003,N,11613.9815,E,0.01,233.64,280612,,,A,V*08
$GNVTG,233.64,T,,M,0.01,N,0.02,K,A*20
$GNZDA,021546.000,28,06,2012,,*41
$GNGGA,021547.000,3900.0003,N,11613.9815,E,1,11,0.82,-11.8,M,-6.8,M,,*73
$PAIRACC,4.63,10.43*7C
$GNGLL,3900.0003,N,11613.9815,E,021547.000,A,A*4A
$GNGSA,A,3,18,14,01,31,,,,,,,,,1.37,0.82,1.10,1*01
$GNGSA,A,3,71,70,79,,,,,,,,,,1.37,0.82,1.10,2*02
$GNGSA,A,3,,,,,,,,,,,,,1.37,0.82,1.10,3*0C
$GNGSA,A,3,08,03,04,05,,,,,,,,,1.37,0.82,1.10,4*01
$GPGSV,2,1,08,18,17,129,39.3,14,66,026,38.8,30,32,096,,05,27,066,,1*6C
$GPGSV,2,2,08,11,22,300,,01,20,310,38.7,12,20,058,,31,58,207,39.0,1*6E
$GLGSV,2,1,06,71,47,315,38.8,70,59,199,39.3,76,17,253,,79,10,051,39.2,1*61
$GLGSV,2,2,06,82,10,102,,74,04,248,39.3,1*68
$GAGSV,1,1,00,7*73
$GBGSV,1,1,04,08,75,330,39.2,03,43,190,38.4,04,27,125,38.4,05,15,248,38.9,1*76
$GNRMC,021547.000,A,3900.0003,N,11613.9815,E,0.01,228.59,280612,,,A,V*0D
$GNVTG,228.59,T,,M,0.01,N,0.02,K,A*24
$GNZDA,021547.000,28,06,2012,,*40
$GNGGA,021548.000,3900.0003,N,11613.9815,E,1,11,0.82,-11.8,M,-6.8,M,,*7C
$PAIRACC,4.60,10.69*77
$GNGLL,3900.0003,N,11613.9815,E,021548.000,A,A*45
$GNGSA,A,3,18,14,01,31,,,,,,,,,1.37,0.82,1.10,1*01
$GNGSA,A,3,71,70,79,,,,,,,,,,1.37,0.82,1.10,2*02
$GNGSA,A,3,,,,,,,,,,,,,1.37,0.82,1.10,3*0C
$GNGSA,A,3,08,03,04,05,,,,,,,,,1.37,0.82,1.10,4*01
$GPGSV,2,1,08,18,17,129,38.9,14,66,026,39.1,30,32,096,,05,27,066,,1*6F
$GPGSV,2,2,08,11,22,300,,01,20,310,39.0,12,20,058,,31,58,207,39.3,1*6B
$GLGSV,2,1,06,71,47,315,38.9,70,59,199,39.0,76,17,253,,79,10,051,39.4,1*65
$GLGSV,2,2,06,82,10,102,,74,04,248,39.1,1*6A
$GAGSV,1,1,00,7*73
$GBGSV,1,1,04,08,75,330,38.8,03,43,190,38.5,04,27,125,38.4,05,15,248,38.5,1*70
$GNRMC,021548.000,A,3900.0003,N,11613.9815,E,0.01,223.89,280612,,,A,V*04
$GNVTG,223.89,T,,M,0.01,N,0.02,K,A*22
$GNZDA,021548.000,28,06,2012,,*4F
$GNGGA,021549.000,3900.0003,N,11613.9815,E,1,11,0.82,-11.8,M,-6.8,M,,*7D
$PAIRACC,4.59,10.42*74
$GNGLL,3900.0003,N,11613.9815,E,021549.000,A,A*44
$GNGSA,A,3,18,14,01,31,,,,,,,,,1.37,0.82,1.10,1*01
$GNGSA,A,3,71,70,79,,,,,,,,,,1.37,0.82,1.10,2*02
$GNGSA,A,3,,,,,,,,,,,,,1.37,0.82,1.10,3*0C
$GNGSA,A,3,08,03,04,05,,,,,,,,,1.37,0.82,1.10,4*01
$GPGSV,2,1,08,18,17,129,38.9,14,66,026,39.0,30,32,096,,05,27,066,,1*6E
$GPGSV,2,2,08,11,22,300,,01,20,310,39.0,12,20,058,,31,58,207,38.9,1*60
$GLGSV,2,1,06,71,47,315,38.5,70,59,199,39.2,76,17,253,,79,10,051,39.2,1*6D
$GLGSV,2,2,06,82,10,102,,74,04,248,39.0,1*6B
$GAGSV,1,1,00,7*73
$GBGSV,1,1,04,08,75,330,39.2,03,43,190,38.1,04,27,125,38.5,05,15,248,38.2,1*79
$GNRMC,021549.000,A,3900.0003,N,11613.9815,E,0.01,229.54,280612,,,A,V*0F
$GNVTG,229.54,T,,M,0.01,N,0.02,K,A*28
$GNZDA,021549.000,28,06,2012,,*4E
$GNGGA,021550.000,3900.0003,N,11613.9815,E,1,11,0.82,-11.8,M,-6.8,M,,*75
$PAIRACC,4.62,10.71*7C
$GNGLL,3900.0003,N,11613.9815,E,021550.000,A,A*4C
$GNGSA,A,3,18,14,01,31,,,,,,,,,1.37,0.82,1.10,1*01
$GNGSA,A,3,71,70,79,,,,,,,,,,1.37,0.82,1.10,2*02
$GNGSA,A,3,,,,,,,,,,,,,1.37,0.82,1.10,3*0C
$GNGSA,A,3,08,03,04,05,,,,,,,,,1.37,0.82,1.10,4*01
$GPGSV,2,1,08,18,17,129,38.9,14,66,026,39.1,30,32,096,,05,27,066,,1*6F
$GPGSV,2,2,08,11,22,300,,01,20,310,39.0,12,20,058,,31,58,207,39.2,1*6A
$GLGSV,2,1,06,71,47,315,39.0,70,59,199,39.7,76,17,253,,79,10,051,39.4,1*6A
$GLGSV,2,2,06,82,10,102,,74,04,248,38.9,1*63
$GAGSV,1,1,00,7*73
$GBGSV,1,1,04,08,75,330,39.4,03,43,190,39.1,04,27,125,38.5,05,15,248,38.9,1*75
$GNRMC,021550.000,A,3900.0003,N,11613.9815,E,0.01,222.42,280612,,,A,V*0B
$GNVTG,222.42,T,,M,0.01,N,0.02,K,A*24
$GNZDA,021550.000,28,06,2012,,*46
$GNGGA,021551.000,3900.0003,N,11613.9815,E,1,11,0.82,-11.8,M,-6.8,M,,*74
$PAIRACC,4.57,10.42*7A
$GNGLL,3900.0003,N,11613.9815,E,021551.000,A,A*4D
$GNGSA,A,3,18,14,01,31,,,,,,,,,1.37,0.82,1.10,1*01
$GNGSA,A,3,71,70,79,,,,,,,,,,1.37,0.82,1.10,2*02
$GNGSA,A,3,,,,,,,,,,,,,1.37,0.82,1.10,3*0C
$GNGSA,A,3,08,03,04,05,,,,,,,,,1.37,0.82,1.10,4*01
$GPGSV,2,1,08,18,17,129,39.1,14,66,026,39.3,30,32,096,,05,27,066,,1*64
$GPGSV,2,2,08,11,22,300,,01,20,310,39.1,12,20,058,,31,58,207,38.5,1*6D
$GLGSV,2,1,06,71,47,315,38.8,70,59,199,39.5,76,17,253,,79,10,051,39.1,1*64
$GLGSV,2,2,06,82,10,102,,74,04,248,39.1,1*6A
$GAGSV,1,1,00,7*73
$GBGSV,1,1,04,08,75,330,39.3,03,43,190,38.1,04,27,125,38.7,05,15,248,38.4,1*7C
$GNRMC,021551.000,A,3900.0003,N,11613.9815,E,0.01,216.00,280612,,,A,V*0B
$GNVTG,216.00,T,,M,0.01,N,0.02,K,A*25
$GNZDA,021551.000,28,06,2012,,*47
$GNGGA,021552.000,3900.0002,N,11613.9815,E,1,11,0.82,-11.8,M,-6.8,M,,*76
$PAIRACC,4.62,10.70*7D
$GNGLL,3900.0002,N,11613.9815,E,021552.000,A,A*4F
$GNGSA,A,3,18,14,01,31,,,,,,,,,1.37,0.82,1.10,1*01
$GNGSA,A,3,71,70,79,,,,,,,,,,1.37,0.82,1.10,2*02
$GNGSA,A,3,,,,,,,,,,,,,1.37,0.82,1.10,3*0C
$GNGSA,A,3,08,03,04,05,,,,,,,,,1.37,0.82,1.10,4*01
$GPGSV,2,1,08,18,17,129,38.9,14,66,026,39.0,30,32,096,,05,27,066,,1*6E
$GPGSV,2,2,08,11,22,300,,01,20,310,39.0,12,20,058,,31,58,207,38.8,1*61
$GLGSV,2,1,06,71,47,315,39.0,70,59,199,38.9,76,17,253,,79,10,051,39.8,1*69
$GLGSV,2,2,06,82,10,102,,74,04,248,39.1,1*6A
$GAGSV,1,1,00,7*73
$GBGSV,1,1,04,08,75,330,38.8,03,43,190,38.6,04,27,125,38.5,05,15,248,38.3,1*74
$GNRMC,021552.000,A,3900.0002,N,11613.9815,E,0.01,223.09,280612,,,A,V*06
$GNVTG,223.09,T,,M,0.01,N,0.02,K,A*2A
$GNZDA,021552.000,28,06,2012,,*44
$GNGGA,021553.000,3900.0002,N,11613.9815,E,1,11,0.82,-11.8,M,-6.8,M,,*77
$PAIRACC,4.57,10.43*7B
$GNGLL,3900.0002,N,11613.9815,E,021553.000,A,A*4E
$GNGSA,A,3,18,14,01,31,,,,,,,,,1.37,0.82,1.10,1*01
$GNGSA,A,3,71,70,79,,,,,,,,,,1.37,0.82,1.10,2*02
$GNGSA,A,3,,,,,,,,,,,,,1.37,0.82,1.10,3*0C
$GNGSA,A,3,08,03,04,05,,,,,,,,,1.37,0.82,1.10,4*01
$GPGSV,2,1,08,18,17,129,39.2,14,66,026,39.4,30,32,096,,05,27,066,,1*60
$GPGSV,2,2,08,11,22,300,,01,20,310,38.7,12,20,058,,31,58,207,39.1,1*6F
$GLGSV,2,1,06,71,47,315,39.2,70,59,199,38.8,76,17,253,,79,10,051,39.2,1*60
$GLGSV,2,2,06,82,10,102,,74,04,248,39.5,1*6E
$GAGSV,1,1,00,7*73
$GBGSV,1,1,04,08,75,330,38.6,03,43,190,39.0,04,27,125,38.8,05,15,248,39.0,1*72
$GNRMC,021553.000,A,3900.0002,N,11613.9815,E,0.01,234.88,280612,,,A,V*08
$GNVTG,234.88,T,,M,0.01,N,0.02,K,A*25
$GNZDA,021553.000,28,06,2012,,*45
$GNGGA,021554.000,3900.0003,N,11613.9815,E,1,11,0.82,-11.8,M,-6.8,M,,*71
$PAIRACC,4.59,10.70*75
$GNGLL,3900.0003,N,11613.9815,E,021554.000,A,A*48
$GNGSA,A,3,18,14,01,31,,,,,,,,,1.37,0.82,1.10,1*01
$GNGSA,A,3,71,70,79,,,,,,,,,,1.37,0.82,1.10,2*02
$GNGSA,A,3,,,,,,,,,,,,,1.37,0.82,1.10,3*0C
$GNGSA,A,3,08,03,04,05,,,,,,,,,1.37,0.82,1.10,4*01
$GPGSV,2,1,08,18,17,129,39.3,14,66,026,38.9,30,32,096,,05,27,066,,1*6D
$GPGSV,2,2,08,11,22,300,,01,20,310,39.1,12,20,058,,31,58,207,38.7,1*6F
$GLGSV,2,1,06,71,47,315,39.2,70,59,199,39.4,76,17,253,,79,10,051,39.9,1*66
$GLGSV,2,2,06,82,10,102,,74,04,248,39.1,1*6A
$GAGSV,1,1,00,7*73
$GBGSV,1,1,04,08,75,330,38.8,03,43,190,37.7,04,27,125,38.2,05,15,248,38.2,1*7C
$GNRMC,021554.000,A,3900.0003,N,11613.9815,E,0.01,242.60,280612,,,A,V*09
$GNVTG,242.60,T,,M,0.01,N,0.02,K,A*22
$GNZDA,021554.000,28,06,2012,,*42
$GNGGA,021555.000,3900.0003,N,11613.9815,E,1,11,0.82,-11.8,M,-6.8,M,,*70
$PAIRACC,4.63,10.46*79
$GNGLL,3900.0003,N,11613.9815,E,021555.000,A,A*49
$GNGSA,A,3,18,14,01,31,,,,,,,,,1.37,0.82,1.10,1*01
$GNGSA,A,3,71,70,79,,,,,,,,,,1.37,0.82,1.10,2*02
$GNGSA,A,3,,,,,,,,,,,,,1.37,0.82,1.10,3*0C
$GNGSA,A,3,08,03,04,05,,,,,,,,,1.37,0.82,1.10,4*01
$GPGSV,2,1,08,18,17,129,39.1,14,66,026,38.8,30,32,096,,05,27,066,,1*6E
$GPGSV,2,2,08,11,22,300,,01,20,310,38.6,12,20,058,,31,58,207,39.0,1*6F
$GLGSV,2,1,06,71,47,315,39.0,70,59,199,39.2,76,17,253,,79,10,051,38.9,1*63
$GLGSV,2,2,06,82,10,102,,74,04,248,38.9,1*63
$GAGSV,1,1,00,7*73
$GBGSV,1,1,04,08,75,330,39.0,03,43,190,38.2,04,27,125,38.6,05,15,248,38.7,1*7E
$GNRMC,021555.000,A,3900.0003,N,11613.9815,E,0.01,232.80,280612,,,A,V*01
$GNVTG,232.80,T,,M,0.01,N,0.02,K,A*2B
$GNZDA,021555.000,28,06,2012,,*43
$GNGGA,021556.000,3900.0002,N,11613.9815,E,1,11,0.82,-11.9,M,-6.8,M,,*73
$PAIRACC,4.55,10.60*78
$GNGLL,3900.0002,N,11613.9815,E,021556.000,A,A*4B
$GNGSA,A,3,18,14,01,31,,,,,,,,,1.37,0.82,1.10,1*01
$GNGSA,A,3,71,70,79,,,,,,,,,,1.37,0.82,1.10,2*02
$GNGSA,A,3,,,,,,,,,,,,,1.37,0.82,1.10,3*0C
$GNGSA,A,3,08,03,04,05,,,,,,,,,1.37,0.82,1.10,4*01
$GPGSV,2,1,08,18,17,129,39.1,14,66,026,39.4,30,32,096,,05,27,066,,1*63
$GPGSV,2,2,08,11,22,300,,01,20,310,38.9,12,20,058,,31,58,207,38.9,1*68
$GLGSV,2,1,06,71,47,315,39.4,70,59,199,39.2,76,17,253,,79,10,051,39.3,1*6C
$GLGSV,2,2,06,82,10,102,,74,04,248,39.2,1*69
$GAGSV,1,1,00,7*73
$GBGSV,1,1,04,08,75,330,39.1,03,43,190,38.9,04,27,125,38.4,05,15,248,38.9,1*78
$GNRMC,021556.000,A,3900.0002,N,11613.9815,E,0.01,231.24,280612,,,A,V*0E
$GNVTG,231.24,T,,M,0.01,N,0.02,K,A*26
$GNZDA,021556.000,28,06,2012,,*40
$GNGGA,021557.000,3900.0002,N,11613.9815,E,1,11,0.82,-11.9,M,-6.8,M,,*72
$PAIRACC,4.69,10.62*75
$GNGLL,3900.0002,N,11613.9815,E,021557.000,A,A*4A
$GNGSA,A,3,18,14,01,31,,,,,,,,,1.37,0.82,1.10,1*01
$GNGSA,A,3,71,70,79,,,,,,,,,,1.37,0.82,1.10,2*02
$GNGSA,A,3,,,,,,,,,,,,,1.37,0.82,1.10,3*0C
$GNGSA,A,3,08,03,04,05,,,,,,,,,1.37,0.82,1.10,4*01
$GPGSV,2,1,08,18,17,129,39.5,14,66,026,39.2,30,32,096,,05,27,066,,1*61
$GPGSV,2,2,08,11,22,300,,01,20,310,39.1,12,20,058,,31,58,207,38.8,1*60
$GLGSV,2,1,06,71,47,315,39.1,70,59,199,39.4,76,17,253,,79,10,051,38.9,1*64
$GLGSV,2,2,06,82,10,102,,74,04,248,38.7,1*6D
$GAGSV,1,1,00,7*73
$GBGSV,1,1,04,08,75,330,39.2,03,43,190,38.1,04,27,125,38.5,05,15,248,38.0,1*7B
$GNRMC,021557.000,A,3900.0002,N,11613.9815,E,0.01,224.35,280612,,,A,V*0B
$GNVTG,224.35,T,,M,0.01,N,0.02,K,A*22
$GNZDA,021557.000,28,06,2012,,*41
$GNGGA,021558.000,3900.0002,N,11613.9815,E,1,11,0.82,-11.9,M,-6.8,M,,*7D
$PAIRACC,4.55,10.58*73
$GNGLL,3900.0002,N,11613.9815,E,021558.000,A,A*45
$GNGSA,A,3,18,14,01,31,,,,,,,,,1.37,0.82,1.10,1*01
$GNGSA,A,3,71,70,79,,,,,,,,,,1.37,0.82,1.10,2*02
$GNGSA,A,3,,,,,,,,,,,,,1.37,0.82,1.10,3*0C
$GNGSA,A,3,08,03,04,05,,,,,,,,,1.37,0.82,1.10,4*01
$GPGSV,2,1,08,18,17,129,39.2,14,66,026,39.5,30,32,096,,05,27,066,,1*61
$GPGSV,2,2,08,11,22,300,,01,20,310,39.3,12,20,058,,31,58,207,38.6,1*6C
$GLGSV,2,1,06,71,47,315,39.4,70,59,199,39.2,76,17,253,,79,10,051,39.3,1*6C
$GLGSV,2,2,06,82,10,102,,74,04,248,39.3,1*68
$GAGSV,1,1,00,7*73
$GBGSV,1,1,04,08,75,330,38.7,03,43,190,37.9,04,27,125,38.2,05,15,248,38.6,1*79
$GNRMC,021558.000,A,3900.0002,N,11613.9815,E,0.01,236.06,280612,,,A,V*07
$GNVTG,236.06,T,,M,0.01,N,0.02,K,A*21
$GNZDA,021558.000,28,06,2012,,*4E
$GNGGA,021559.000,3900.0002,N,11613.9815,E,1,11,0.82,-11.9,M,-6.8,M,,*7C
$PAIRACC,4.69,10.63*74
$GNGLL,3900.0002,N,11613.9815,E,021559.000,A,A*44
$GNGSA,A,3,18,14,01,31,,,,,,,,,1.37,0.82,1.10,1*01
$GNGSA,A,3,71,70,79,,,,,,,,,,1.37,0.82,1.10,2*02
$GNGSA,A,3,,,,,,,,,,,,,1.37,0.82,1.10,3*0C
$GNGSA,A,3,08,03,04,05,,,,,,,,,1.37,0.82,1.10,4*01
$GPGSV,2,1,08,18,17,129,38.6,14,66,026,39.2,30,32,096,,05,27,066,,1*63
$GPGSV,2,2,08,11,22,300,,01,20,310,39.1,12,20,058,,31,58,207,38.9,1*61
$GLGSV,2,1,06,71,47,315,39.1,70,59,199,39.2,76,17,253,,79,10,051,39.0,1*6A
$GLGSV,2,2,06,82,10,102,,74,04,248,39.1,1*6A
$GAGSV,1,1,00,7*73
$GBGSV,1,1,04,08,75,330,38.8,03,43,190,38.7,04,27,125,38.9,05,15,248,39.1,1*7A
$GNRMC,021559.000,A,3900.0002,N,11613.9815,E,0.01,241.22,280612,,,A,V*00
$GNVTG,241.22,T,,M,0.01,N,0.02,K,A*27
$GNZDA,021559.000,28,06,2012,,*4F
$GNGGA,021600.000,3900.0003,N,11613.9815,E,1,11,0.82,-11.9,M,-6.8,M,,*72
$PAIRACC,4.57,10.62*78
$GNGLL,3900.0003,N,11613.9815,E,021600.000,A,A*4A
$GNGSA,A,3,18,14,01,31,,,,,,,,,1.37,0.82,1.10,1*01
$GNGSA,A,3,71,70,79,,,,,,,,,,1.37,0.82,1.10,2*02
$GNGSA,A,3,,,,,,,,,,,,,1.37,0.82,1.10,3*0C
$GNGSA,A,3,08,03,04,05,,,,,,,,,1.37,0.82,1.10,4*01
$GPGSV,2,1,08,18,17,129,39.0,14,66,026,39.0,30,32,096,,05,27,066,,1*66
$GPGSV,2,2,08,11,22,300,,01,20,310,39.0,12,20,058,,31,58,207,38.7,1*6E
$GLGSV,2,1,06,71,47,315,38.8,70,59,199,39.1,76,17,253,,79,10,051,39.0,1*61
$GLGSV,2,2,06,82,10,102,,74,04,248,39.1,1*6A
$GAGSV,1,1,00,7*73
$GBGSV,1,1,04,08,75,330,39.0,03,43,190,38.7,04,27,125,38.8,05,15,248,38.7,1*75
$GNRMC,021600.000,A,3900.0003,N,11613.9815,E,0.01,250.66,280612,,,A,V*0E
$GNVTG,250.66,T,,M,0.01,N,0.02,K,A*27
$GNZDA,021600.000,28,06,2012,,*40
$GNGGA,021601.000,3900.0003,N,11613.9815,E,1,11,0.82,-11.9,M,-6.8,M,,*73
$PAIRACC,4.60,10.60*7E
$GNGLL,3900.0003,N,11613.9815,E,021601.000,A,A*4B
$GNGSA,A,3,18,14,01,31,,,,,,,,,1.37,0.82,1.10,1*01
$GNGSA,A,3,71,70,79,,,,,,,,,,1.37,0.82,1.10,2*02
$GNGSA,A,3,,,,,,,,,,,,,1.37,0.82,1.10,3*0C
$GNGSA,A,3,08,03,04,05,,,,,,,,,1.37,0.82,1.10,4*01
$GPGSV,2,1,08,18,17,129,39.1,14,66,026,39.1,30,32,096,,05,27,066,,1*66
$GPGSV,2,2,08,11,22,300,,01,20,310,39.0,12,20,058,,31,58,207,39.2,1*6A
$GLGSV,2,1,06,71,47,315,39.5,70,59,199,39.3,76,17,253,,79,10,051,39.1,1*6E
$GLGSV,2,2,06,82,10,102,,74,04,248,39.6,1*6D
$GAGSV,1,1,00,7*73
$GBGSV,1,1,04,08,75,330,38.7,03,43,190,38.4,04,27,125,38.5,05,15,248,38.1,1*7B
$GNRMC,021601.000,A,3900.0003,N,11613.9815,E,0.01,244.16,280612,,,A,V*0D
$GNVTG,244.16,T,,M,0.01,N,0.02,K,A*25
$GNZDA,021601.000,28,06,2012,,*41
$GNGGA,021602.000,3900.0003,N,11613.9815,E,1,11,0.82,-11.9,M,-6.8,M,,*70
$PAIRACC,4.65,10.66*7D
$GNGLL,3900.0003,N,11613.9815,E,021602.000,A,A*48
$GNGSA,A,3,18,14,01,31,,,,,,,,,1.36,0.82,1.09,1*08
$GNGSA,A,3,71,70,79,,,,,,,,,,1.36,0.82,1.09,2*0B
$GNGSA,A,3,,,,,,,,,,,,,1.36,0.82,1.09,3*05
$GNGSA,A,3,08,03,04,05,,,,,,,,,1.36,0.82,1.09,4*08
$GPGSV,2,1,08,18,17,129,38.7,14,66,026,39.1,30,32,096,,05,27,066,,1*61
$GPGSV,2,2,08,11,22,300,,01,20,310,38.7,12,20,058,,31,58,207,38.9,1*66
$GLGSV,2,1,06,71,47,315,39.7,70,59,199,39.2,76,17,253,,79,10,051,39.7,1*6B
$GLGSV,2,2,06,82,10,102,,74,04,248,38.8,1*62
$GAGSV,1,1,00,7*73
$GBGSV,1,1,04,08,75,330,38.9,03,43,190,38.4,04,27,125,38.8,05,15,248,38.4,1*7D
$GNRMC,021602.000,A,3900.0003,N,11613.9815,E,0.01,242.98,280612,,,A,V*0E
$GNVTG,242.98,T,,M,0.01,N,0.02,K,A*25
$GNZDA,021602.000,28,06,2012,,*42
$GNGGA,021603.000,3900.0003,N,11613.9815,E,1,11,0.82,-11.9,M,-6.8,M,,*71
$PAIRACC,4.61,10.60*7F
$GNGLL,3900.0003,N,11613.9815,E,021603.000,A,A*49
$GNGSA,A,3,18,14,01,31,,,,,,,,,1.36,0.82,1.09,1*08
$GNGSA,A,3,71,70,79,,,,,,,,,,1.36,0.82,1.09,2*0B
$GNGSA,A,3,,,,,,,,,,,,,1.36,0.82,1.09,3*05
$GNGSA,A,3,08,03,04,05,,,,,,,,,1.36,0.82,1.09,4*08
$GPGSV,2,1,08,18,17,129,39.0,14,66,026,39.1,30,32,096,,05,27,066,,1*67
$GPGSV,2,2,08,11,22,300,,01,20,310,38.6,12,20,058,,31,58,207,39.0,1*6F
$GLGSV,2,1,06,71,47,315,39.0,70,59,199,39.0,76,17,253,,79,10,051,39.0,1*69
$GLGSV,2,2,06,82,10,102,,74,04,248,38.8,1*62
$GAGSV,1,1,00,7*73
$GBGSV,1,1,04,08,75,330,38.7,03,43,190,38.4,04,27,125,38.3,05,15,248,38.7,1*7B
$GNRMC,021603.000,A,3900.0003,N,11613.9815,E,0.01,239.53,280612,,,A,V*04
$GNVTG,239.53,T,,M,0.01,N,0.02,K,A*2E
$GNZDA,021603.000,28,06,2012,,*43
$GNGGA,021604.000,3900.0003,N,11613.9815,E,1,11,0.82,-11.9,M,-6.8,M,,*76
$PAIRACC,4.64,10.50*79
$GNGLL,3900.0003,N,11613.9815,E,021604.000,A,A*4E
$GNGSA,A,3,18,14,01,31,,,,,,,,,1.36,0.82,1.09,1*08
$GNGSA,A,3,71,70,79,,,,,,,,,,1.36,0.82,1.09,2*0B
$GNGSA,A,3,,,,,,,,,,,,,1.36,0.82,1.09,3*05
$GNGSA,A,3,08,03,04,05,,,,,,,,,1.36,0.82,1.09,4*08
$GPGSV,2,1,08,18,17,129,38.9,14,66,026,38.7,30,32,096,,05,27,066,,1*68
$GPGSV,2,2,08,11,22,300,,01,20,310,39.0,12,20,058,,31,58,207,39.1,1*69
$GLGSV,2,1,06,71,47,315,39.4,70,59,199,38.9,76,17,253,,79,10,051,39.1,1*64
$GLGSV,2,2,06,82,10,102,,74,04,248,38.0,1*6A
$GAGSV,1,1,00,7*73
$GBGSV,1,1,04,08,75,330,39.4,03,43,190,38.0,04,27,125,38.6,05,15,248,38.2,1*7D
$GNRMC,021604.000,A,3900.0003,N,11613.9815,E,0.01,237.59,280612,,,A,V*07
$GNVTG,237.59,T,,M,0.01,N,0.02,K,A*2A
$GNZDA,021604.000,28,06,2012,,*44
$GNGGA,021605.000,3900.0003,N,11613.9815,E,1,11,0.82,-11.9,M,-6.8,M,,*77
$PAIRACC,4.64,10.77*7C
$GNGLL,3900.0003,N,11613.9815,E,021605.000,A,A*4F
$GNGSA,A,3,18,14,01,31,,,,,,,,,1.36,0.82,1.09,1*08
$GNGSA,A,3,71,70,79,,,,,,,,,,1.36,0.82,1.09,2*0B
$GNGSA,A,3,,,,,,,,,,,,,1.36,0.82,1.09,3*05
$GNGSA,A,3,08,03,04,05,,,,,,,,,1.36,0.82,1.09,4*08
$GPGSV,2,1,08,18,17,129,39.0,14,66,026,38.8,30,32,096,,05,27,066,,1*6F
$GPGSV,2,2,08,11,22,300,,01,20,310,38.7,12,20,058,,31,58,207,38.9,1*66
$GLGSV,2,1,06,71,47,315,39.1,70,59,199,39.7,76,17,253,,79,10,051,39.4,1*6B
$GLGSV,2,2,06,82,10,102,,74,04,248,37.6,1*63
$GAGSV,1,1,00,7*73
$GBGSV,1,1,04,08,75,330,39.1,03,43,190,38.8,04,27,125,38.8,05,15,248,39.0,1*7D
$GNRMC,021605.000,A,3900.0003,N,11613.9815,E,0.01,224.22,280612,,,A,V*08
$GNVTG,224.22,T,,M,0.01,N,0.02,K,A*24
$GNZDA,021605.000,28,06,2012,,*45
$GNGGA,021606.000,3900.0003,N,11613.9815,E,1,11,0.82,-11.9,M,-6.8,M,,*74
$PAIRACC,4.64,10.50*79
$GNGLL,3900.0003,N,11613.9815,E,021606.000,A,A*4C
$GNGSA,A,3,18,14,01,31,,,,,,,,,1.36,0.82,1.09,1*08
$GNGSA,A,3,71,70,79,,,,,,,,,,1.36,0.82,1.09,2*0B
$GNGSA,A,3,,,,,,,,,,,,,1.36,0.82,1.09,3*05
$GNGSA,A,3,08,03,04,05,,,,,,,,,1.36,0.82,1.09,4*08
$GPGSV,2,1,08,18,17,129,39.0,14,66,026,38.9,30,32,096,,05,27,066,,1*6E
$GPGSV,2,2,08,11,22,300,,01,20,310,38.3,12,20,058,,31,58,207,39.0,1*6A
$GLGSV,2,1,06,71,47,315,39.6,70,59,199,39.3,76,17,253,,79,10,051,39.3,1*6F
$GLGSV,2,2,06,82,10,102,,74,04,248,38.3,1*69
$GAGSV,1,1,00,7*73
$GBGSV,2,1,05,06,77,309,,08,75,330,39.6,03,43,190,38.5,04,27,125,38.3,1*69
$GBGSV,2,2,05,05,15,248,38.4,1*5D
$GNRMC,021606.000,A,3900.0003,N,11613.9815,E,0.01,231.50,280612,,,A,V*0A
$GNVTG,231.50,T,,M,0.01,N,0.02,K,A*25
$GNZDA,021606.000,28,06,2012,,*46
$GNGGA,021607.000,3900.0003,N,11613.9815,E,1,11,0.82,-11.9,M,-6.8,M,,*75
$PAIRACC,4.65,10.78*72
$GNGLL,3900.0003,N,11613.9815,E,021607.000,A,A*4D
$GNGSA,A,3,18,14,01,31,,,,,,,,,1.36,0.82,1.09,1*08
$GNGSA,A,3,71,70,79,,,,,,,,,,1.36,0.82,1.09,2*0B
$GNGSA,A,3,,,,,,,,,,,,,1.36,0.82,1.09,3*05
$GNGSA,A,3,08,03,04,05,,,,,,,,,1.36,0.82,1.09,4*08
$GPGSV,2,1,08,18,17,129,39.1,30,32,096,,14,66,026,39.0,05,27,066,,1*67
$GPGSV,2,2,08,11,22,300,,01,20,310,38.8,12,20,058,,31,58,207,38.9,1*69
$GLGSV,2,1,07,71,47,315,39.3,65,62,297,,70,59,199,39.5,76,17,253,,1*7A
$GLGSV,2,2,07,79,10,051,39.5,82,10,102,,74,04,248,37.2,1*4C
$GAGSV,1,1,00,7*73
$GBGSV,2,1,06,06,77,309,,08,75,330,39.5,09,55,256,,03,43,190,38.6,1*73
$GBGSV,2,2,06,04,27,125,38.5,05,15,248,38.6,1*7B
$GNRMC,021607.000,A,3900.0003,N,11613.9815,E,0.01,232.34,280612,,,A,V*0A
$GNVTG,232.34,T,,M,0.01,N,0.02,K,A*24
$GNZDA,021607.000,28,06,2012,,*47
$GNGGA,021608.000,3900.0003,N,11613.9815,E,1,11,0.82,-11.9,M,-6.8,M,,*7A
$PAIRACC,4.60,10.47*7B
$GNGLL,3900.0003,N,11613.9815,E,021608.000,A,A*42
$GNGSA,A,3,18,14,01,31,,,,,,,,,1.36,0.82,1.09,1*08
$GNGSA,A,3,70,71,79,,,,,,,,,,1.36,0.82,1.09,2*0B
$GNGSA,A,3,,,,,,,,,,,,,1.36,0.82,1.09,3*05
$GNGSA,A,3,08,03,04,05,,,,,,,,,1.36,0.82,1.09,4*08
$GPGSV,2,1,08,18,17,129,38.7,30,32,096,,14,66,026,39.2,05,27,066,,1*62
$GPGSV,2,2,08,11,22,300,,01,20,310,39.2,12,20,058,,31,58,207,38.7,1*6C
$GLGSV,2,1,06,76,17,253,,70,59,199,38.9,71,47,315,39.0,79,10,051,39.4,1*65
$GLGSV,2,2,06,82,10,102,,74,04,248,38.3,1*69
$GAGSV,1,1,00,7*73
$GBGSV,2,1,06,06,77,309,,08,75,330,39.3,09,55,256,,03,43,190,39.1,1*73
$GBGSV,2,2,06,04,27,125,38.7,05,15,248,39.2,1*7C
$GNRMC,021608.000,A,3900.0003,N,11613.9815,E,0.01,229.54,280612,,,A,V*09
$GNVTG,229.54,T,,M,0.01,N,0.02,K,A*28
$GNZDA,021608.000,28,06,2012,,*48
$GNGGA,021609.000,3900.0003,N,11613.9815,E,1,11,0.82,-11.9,M,-6.8,M,,*7B
$PAIRACC,4.62,10.77*7A
$GNGLL,3900.0003,N,11613.9815,E,021609.000,A,A*43
$GNGSA,A,3,18,14,01,31,,,,,,,,,1.36,0.82,1.09,1*08
$GNGSA,A,3,70,71,79,,,,,,,,,,1.36,0.82,1.09,2*0B
$GNGSA,A,3,,,,,,,,,,,,,1.36,0.82,1.09,3*05
$GNGSA,A,3,08,03,04,05,,,,,,,,,1.36,0.82,1.09,4*08
$GPGSV,2,1,08,18,17,129,38.6,30,32,096,,14,66,026,39.2,05,27,066,,1*63
$GPGSV,2,2,08,11,22,300,,01,20,310,39.1,12,20,058,,31,58,207,38.5,1*6D
$GLGSV,2,1,06,76,17,253,,70,59,199,39.1,71,47,315,39.2,79,10,051,39.3,1*69
$GLGSV,2,2,06,82,10,102,,74,04,248,39.1,1*6A
$GAGSV,1,1,00,7*73
$GBGSV,2,1,06,06,77,309,,08,75,330,39.2,09,55,256,,03,43,190,38.4,1*76
$GBGSV,2,2,06,04,27,125,38.7,05,15,248,38.1,1*7E
$GNRMC,021609.000,A,3900.0003,N,11613.9815,E,0.01,240.68,280612,,,A,V*08
$GNVTG,240.68,T,,M,0.01,N,0.02,K,A*28
$GNZDA,021609.000,28,06,2012,,*49
$GNGGA,021610.000,3900.0003,N,11613.9815,E,1,11,0.82,-11.9,M,-6.8,M,,*73
$PAIRACC,3.88,8.95*4C
$GNGLL,3900.0003,N,11613.9815,E,021610.000,A,A*4B
$GNGSA,A,3,18,14,01,31,,,,,,,,,1.36,0.82,1.09,1*08
$GNGSA,A,3,70,71,79,,,,,,,,,,1.36,0.82,1.09,2*0B
$GNGSA,A,3,,,,,,,,,,,,,1.36,0.82,1.09,3*05
$GNGSA,A,3,08,03,04,05,,,,,,,,,1.36,0.82,1.09,4*08
$GPGSV,2,1,08,18,17,129,39.0,30,32,096,,14,66,026,39.2,05,27,066,,1*64
$GPGSV,2,2,08,11,22,300,,01,20,310,39.1,12,20,058,,31,58,207,38.8,1*60
$GLGSV,2,1,06,76,17,253,,70,59,199,39.7,71,47,315,39.1,79,10,051,39.1,1*6E
$GLGSV,2,2,06,82,10,102,,74,04,248,39.5,1*6E
$GAGSV,1,1,00,7*73
$GBGSV,2,1,06,06,77,309,,08,75,330,39.1,09,55,256,,03,43,190,38.5,1*74
$GBGSV,2,2,06,04,27,125,38.6,05,15,248,38.7,1*79
$GNRMC,021610.000,A,3900.0003,N,11613.9815,E,0.01,267.35,280612,,,A,V*0D
$GNVTG,267.35,T,,M,0.01,N,0.02,K,A*25
$GNZDA,021610.000,28,06,2012,,*41
$GNGGA,021611.000,3900.0003,N,11613.9815,E,1,11,0.82,-11.9,M,-6.8,M,,*72
$PAIRACC,4.13,9.53*42
$GNGLL,3900.0003,N,11613.9815,E,021611.000,A,A*4A
$GNGSA,A,3,18,14,01,31,,,,,,,,,1.36,0.82,1.09,1*08
$GNGSA,A,3,70,71,79,,,,,,,,,,1.36,0.82,1.09,2*0B
$GNGSA,A,3,,,,,,,,,,,,,1.36,0.82,1.09,3*05
$GNGSA,A,3,08,03,04,05,,,,,,,,,1.36,0.82,1.09,4*08
$GPGSV,2,1,08,18,17,129,39.0,30,32,096,,14,66,026,39.0,05,27,066,,1*66
$GPGSV,2,2,08,11,22,300,,01,20,310,38.9,12,20,058,,31,58,207,39.0,1*60
$GLGSV,2,1,07,76,17,253,,70,59,199,39.2,71,47,315,39.0,81,13,051,,1*7A
$GLGSV,2,2,07,79,10,051,39.2,82,10,102,,74,04,248,39.1,1*46
$GAGSV,1,1,00,7*73
$GBGSV,2,1,06,06,77,309,,08,75,330,39.1,09,55,256,,03,43,190,39.0,1*70
$GBGSV,2,2,06,04,27,125,38.9,05,15,248,39.0,1*70
$GNRMC,021611.000,A,3900.0003,N,11613.9815,E,0.01,253.91,280612,,,A,V*05
$GNVTG,253.91,T,,M,0.01,N,0.02,K,A*2C
$GNZDA,021611.000,28,06,2012,,*40
$GNGGA,021612.000,3900.0003,N,11613.9814,E,1,11,0.82,-11.9,M,-6.8,M,,*70
$PAIRACC,3.95,8.98*4D
$GNGLL,3900.0003,N,11613.9814,E,021612.000,A,A*48
$GNGSA,A,3,18,14,01,31,,,,,,,,,1.36,0.82,1.09,1*08
$GNGSA,A,3,70,71,79,,,,,,,,,,1.36,0.82,1.09,2*0B
$GNGSA,A,3,,,,,,,,,,,,,1.36,0.82,1.09,3*05
$GNGSA,A,3,03,08,04,05,,,,,,,,,1.36,0.82,1.09,4*08
$GPGSV,2,1,08,18,17,129,39.0,30,32,096,,05,27,066,,14,66,026,39.2,1*64
$GPGSV,2,2,08,11,22,300,,12,20,058,,01,20,310,38.8,31,58,207,38.0,1*60
$GLGSV,2,1,07,81,13,051,,70,59,199,39.2,71,47,315,39.6,76,17,253,,1*7C
$GLGSV,2,2,07,82,10,102,,79,10,051,39.5,74,04,248,39.4,1*44
$GAGSV,1,1,00,7*73
$GBGSV,2,1,07,01,37,147,,09,55,256,,03,43,190,38.0,08,75,330,39.2,1*78
$GBGSV,2,2,07,04,27,125,38.4,05,15,248,38.5,12,10,236,,1*4D
$GNRMC,021612.000,A,3900.0003,N,11613.9814,E,0.01,249.73,280612,,,A,V*00
$GNVTG,249.73,T,,M,0.01,N,0.02,K,A*2B
$GNZDA,021612.000,28,06,2012,,*43
$GNGGA,021613.000,3900.0003,N,11613.9814,E,1,11,0.82,-11.9,M,-6.8,M,,*71
$PAIRACC,4.17,9.49*4D
$GNGLL,3900.0003,N,11613.9814,E,021613.000,A,A*49
$GNGSA,A,3,18,14,01,31,,,,,,,,,1.36,0.82,1.09,1*08
$GNGSA,A,3,70,71,79,,,,,,,,,,1.36,0.82,1.09,2*0B
$GNGSA,A,3,,,,,,,,,,,,,1.36,0.82,1.09,3*05
$GNGSA,A,3,08,03,04,05,,,,,,,,,1.36,0.82,1.09,4*08
$GPGSV,2,1,08,18,17,129,39.2,30,32,096,,14,66,026,39.2,05,27,066,,1*66
$GPGSV,2,2,08,11,22,300,,01,20,310,38.9,12,20,058,,31,58,207,38.8,1*69
$GLGSV,2,1,06,76,17,253,,70,59,199,39.3,71,47,315,38.6,79,10,051,38.7,1*6B
$GLGSV,2,2,06,82,10,102,,74,04,248,39.2,1*69
$GAGSV,1,1,00,7*73
$GBGSV,2,1,06,08,75,330,39.2,09,55,256,,03,43,190,38.0,01,37,147,,1*79
$GBGSV,2,2,06,04,27,125,38.5,05,15,248,38.3,1*7E
$GNRMC,021613.000,A,3900.0003,N,11613.9814,E,0.01,274.48,280612,,,A,V*07
$GNVTG,274.48,T,,M,0.01,N,0.02,K,A*2D
$GNZDA,021613.000,28,06,2012,,*42
$GNGGA,021614.000,3900.0003,N,11613.9814,E,1,11,0.82,-11.8,M,-6.8,M,,*77
$PAIRACC,4.05,9.09*4A
$GNGLL,3900.0003,N,11613.9814,E,021614.000,A,A*4E
$GNGSA,A,3,18,14,01,31,,,,,,,,,1.36,0.82,1.09,1*08
$GNGSA,A,3,70,71,79,,,,,,,,,,1.36,0.82,1.09,2*0B
$GNGSA,A,3,,,,,,,,,,,,,1.36,0.82,1.09,3*05
$GNGSA,A,3,08,03,04,05,,,,,,,,,1.36,0.82,1.09,4*08
$GPGSV,2,1,08,18,17,129,39.2,30,32,096,,14,66,026,39.0,05,27,066,,1*64
$GPGSV,2,2,08,11,22,300,,01,20,310,38.4,12,20,058,,31,58,207,38.7,1*6B
$GLGSV,2,1,06,76,17,253,,70,59,199,39.3,71,47,315,39.3,79,10,051,39.5,1*6C
$GLGSV,2,2,06,82,10,102,,74,04,248,39.5,1*6E
$GAGSV,1,1,00,7*73
$GBGSV,2,1,06,08,75,330,39.7,03,43,190,38.2,01,37,147,,02,30,229,,1*7E
$GBGSV,2,2,06,04,27,125,38.9,05,15,248,38.4,1*75
$GNRMC,021614.000,A,3900.0003,N,11613.9814,E,0.01,262.58,280612,,,A,V*06
$GNVTG,262.58,T,,M,0.01,N,0.02,K,A*2B
$GNZDA,021614.000,28,06,2012,,*45
$GNGGA,021615.000,3900.0003,N,11613.9814,E,1,11,0.82,-11.8,M,-6.8,M,,*76
$PAIRACC,4.19,9.38*45
$GNGLL,3900.0003,N,11613.9814,E,021615.000,A,A*4F
$GNGSA,A,3,18,14,01,31,,,,,,,,,1.36,0.82,1.09,1*08
$GNGSA,A,3,71,70,79,,,,,,,,,,1.36,0.82,1.09,2*0B
$GNGSA,A,3,,,,,,,,,,,,,1.36,0.82,1.09,3*05
$GNGSA,A,3,08,03,04,05,,,,,,,,,1.36,0.82,1.09,4*08
$GPGSV,2,1,08,18,17,129,38.9,14,66,026,39.2,30,32,096,,05,27,066,,1*6C
$GPGSV,2,2,08,11,22,300,,01,20,310,38.5,12,20,058,,31,58,207,39.0,1*6C
$GLGSV,2,1,06,71,47,315,39.2,70,59,199,39.0,76,17,253,,79,10,051,39.4,1*6F
$GLGSV,2,2,06,82,10,102,,74,04,248,39.0,1*6B
$GAGSV,1,1,00,7*73
$GBGSV,2,1,05,08,75,330,39.1,03,43,190,38.2,02,30,229,,04,27,125,38.3,1*6D
$GBGSV,2,2,05,05,15,248,38.5,1*5C
$GNRMC,021615.000,A,3900.0003,N,11613.9814,E,0.01,243.78,280612,,,A,V*06
$GNVTG,243.78,T,,M,0.01,N,0.02,K,A*2A
$GNZDA,021615.000,28,06,2012,,*44
$GNGGA,021616.000,3900.0003,N,11613.9814,E,1,11,0.82,-11.8,M,-6.8,M,,*75
$PAIRACC,4.16,9.28*4B
$GNGLL,3900.0003,N,11613.9814,E,021616.000,A,A*4C
$GNGSA,A,3,18,14,01,31,,,,,,,,,1.36,0.82,1.09,1*08
$GNGSA,A,3,71,70,79,,,,,,,,,,1.36,0.82,1.09,2*0B
$GNGSA,A,3,,,,,,,,,,,,,1.36,0.82,1.09,3*05
$GNGSA,A,3,08,03,04,05,,,,,,,,,1.36,0.82,1.09,4*08
$GPGSV,2,1,08,18,17,129,39.1,14,66,026,39.0,30,32,096,,05,27,066,,1*67
$GPGSV,2,2,08,11,22,300,,01,20,310,38.8,12,20,058,,31,58,207,39.2,1*63
$GLGSV,2,1,06,71,47,315,39.2,70,58,198,39.2,76,17,253,,79,10,051,39.1,1*68
$GLGSV,2,2,06,82,10,102,,74,04,248,39.0,1*6B
$GAGSV,1,1,00,7*73
$GBGSV,2,1,05,08,75,330,39.1,03,43,190,38.0,02,30,229,,04,27,125,38.4,1*68
$GBGSV,2,2,05,05,15,248,38.3,1*5A
$GNRMC,021616.000,A,3900.0003,N,11613.9814,E,0.01,243.88,280612,,,A,V*0A
$GNVTG,243.88,T,,M,0.01,N,0.02,K,A*25
$GNZDA,021616.000,28,06,2012,,*47
$GNGGA,021617.000,3900.0003,N,11613.9813,E,1,11,0.82,-11.8,M,-6.8,M,,*73
$PAIRACC,4.23,9.38*4C
$GNGLL,3900.0003,N,11613.9813,E,021617.000,A,A*4A
$GNGSA,A,3,18,14,01,31,,,,,,,,,1.36,0.82,1.09,1*08
$GNGSA,A,3,71,70,79,,,,,,,,,,1.36,0.82,1.09,2*0B
$GNGSA,A,3,,,,,,,,,,,,,1.36,0.82,1.09,3*05
$GNGSA,A,3,08,03,04,05,,,,,,,,,1.36,0.82,1.09,4*08
$GPGSV,2,1,08,18,17,129,39.2,14,66,026,39.2,30,32,096,,05,27,066,,1*66
$GPGSV,2,2,08,11,22,300,,01,20,310,38.6,12,20,058,,31,58,207,38.8,1*66
$GLGSV,2,1,06,71,48,314,38.7,70,58,198,39.3,76,17,253,,79,10,051,39.2,1*60
$GLGSV,2,2,06,82,10,102,,74,04,248,38.6,1*6C
$GAGSV,1,1,00,7*73
$GBGSV,1,1,04,08,75,330,39.0,03,43,190,38.7,04,27,125,38.7,05,15,248,38.7,1*7A
$GNRMC,021617.000,A,3900.0003,N,11613.9813,E,0.01,251.66,280612,,,A,V*0F
$GNVTG,251.66,T,,M,0.01,N,0.02,K,A*26
$GNZDA,021617.000,28,06,2012,,*46
$GNGGA,021618.000,3900.0003,N,11613.9813,E,1,11,0.82,-11.7,M,-6.8,M,,*73
$PAIRACC,4.23,9.31*45
$GNGLL,3900.0003,N,11613.9813,E,021618.000,A,A*45
$GNGSA,A,3,18,14,01,31,,,,,,,,,1.36,0.82,1.09,1*08
$GNGSA,A,3,71,70,79,,,,,,,,,,1.36,0.82,1.09,2*0B
$GNGSA,A,3,,,,,,,,,,,,,1.36,0.82,1.09,3*05
$GNGSA,A,3,08,03,04,05,,,,,,,,,1.36,0.82,1.09,4*08
$GPGSV,2,1,08,18,17,129,39.0,14,66,026,39.5,30,32,096,,05,27,066,,1*63
$GPGSV,2,2,08,11,22,300,,01,20,310,38.9,12,20,058,,31,58,207,38.9,1*68
$GLGSV,2,1,06,71,48,314,39.0,70,58,198,39.4,76,17,253,,79,10,051,39.3,1*60
$GLGSV,2,2,06,82,10,102,,74,04,248,39.4,1*6F
$GAGSV,1,1,00,7*73
$GBGSV,1,1,04,08,75,330,39.0,03,43,190,38.3,04,27,125,38.5,05,15,248,38.8,1*73
$GNRMC,021618.000,A,3900.0003,N,11613.9813,E,0.01,240.71,280612,,,A,V*06
$GNVTG,240.71,T,,M,0.01,N,0.02,K,A*20
$GNZDA,021618.000,28,06,2012,,*49
$GNGGA,021619.000,3900.0002,N,11613.9813,E,1,11,0.82,-11.7,M,-6.8,M,,*73
$PAIRACC,4.27,9.26*47
$GNGLL,3900.0002,N,11613.9813,E,021619.000,A,A*45
$GNGSA,A,3,18,14,01,31,,,,,,,,,1.36,0.82,1.09,1*08
$GNGSA,A,3,71,70,79,,,,,,,,,,1.36,0.82,1.09,2*0B
$GNGSA,A,3,,,,,,,,,,,,,1.36,0.82,1.09,3*05
$GNGSA,A,3,08,03,04,05,,,,,,,,,1.36,0.82,1.09,4*08
$GPGSV,2,1,08,18,17,129,38.4,14,66,026,39.3,30,32,096,,05,27,066,,1*60
$GPGSV,2,2,08,11,22,300,,01,20,310,38.9,12,20,058,,31,58,207,38.7,1*66
$GLGSV,2,1,06,71,48,314,39.0,70,58,198,39.1,76,17,253,,79,10,051,39.3,1*65
$GLGSV,2,2,06,82,10,102,,74,04,248,38.8,1*62
$GAGSV,1,1,00,7*73
$GBGSV,1,1,04,08,75,330,39.2,03,43,190,38.2,04,27,125,38.4,05,15,248,38.5,1*7C
$GNRMC,021619.000,A,3900.0002,N,11613.9813,E,0.01,217.64,280612,,,A,V*00
$GNVTG,217.64,T,,M,0.01,N,0.02,K,A*26
$GNZDA,021619.000,28,06,2012,,*48
$GNGGA,021620.000,3900.0002,N,11613.9813,E,1,11,0.82,-11.7,M,-6.8,M,,*79
$PAIRACC,4.28,9.47*4F
$GNGLL,3900.0002,N,11613.9813,E,021620.000,A,A*4F
$GNGSA,A,3,18,14,01,31,,,,,,,,,1.36,0.82,1.09,1*08
$GNGSA,A,3,71,70,79,,,,,,,,,,1.36,0.82,1.09,2*0B
$GNGSA,A,3,,,,,,,,,,,,,1.36,0.82,1.09,3*05
$GNGSA,A,3,08,03,04,05,,,,,,,,,1.36,0.82,1.09,4*08
$GPGSV,2,1,08,18,17,129,39.0,14,66,026,39.2,30,32,096,,05,27,066,,1*64
$GPGSV,2,2,08,11,22,300,,01,20,310,38.4,12,20,058,,31,58,207,38.6,1*6A
$GLGSV,2,1,06,71,48,314,39.0,70,58,198,39.2,76,17,253,,79,10,051,39.6,1*63
$GLGSV,2,2,06,82,10,102,,74,05,249,39.2,1*69
$GAGSV,1,1,00,7*73
$GBGSV,1,1,04,08,75,330,39.4,03,43,190,38.8,04,27,125,38.6,05,15,248,38.9,1*7E
$GNRMC,021620.000,A,3900.0002,N,11613.9813,E,0.01,222.77,280612,,,A,V*0E
$GNVTG,222.77,T,,M,0.01,N,0.02,K,A*22
$GNZDA,021620.000,28,06,2012,,*42
$GNGGA,021621.000,3900.0002,N,11613.9812,E,1,12,0.77,-11.6,M,-6.8,M,,*71
$PAIRACC,4.03,8.31*46
$GNGLL,3900.0002,N,11613.9812,E,021621.000,A,A*4F
$GNGSA,A,3,18,14,01,31,,,,,,,,,1.22,0.77,0.95,1*03
$GNGSA,A,3,71,70,79,74,,,,,,,,,1.22,0.77,0.95,2*03
$GNGSA,A,3,,,,,,,,,,,,,1.22,0.77,0.95,3*0E
$GNGSA,A,3,08,03,04,05,,,,,,,,,1.22,0.77,0.95,4*03
$GPGSV,2,1,08,18,17,129,39.3,14,66,026,39.1,30,32,096,,05,27,066,,1*64
$GPGSV,2,2,08,11,22,300,,01,20,310,38.8,12,20,058,,31,58,207,39.6,1*67
$GLGSV,2,1,06,71,48,314,39.1,70,58,198,39.6,76,17,253,,79,10,051,38.8,1*69
$GLGSV,2,2,06,82,10,102,,74,05,249,39.7,1*6C
$GAGSV,1,1,00,7*73
$GBGSV,1,1,04,08,75,330,39.5,03,43,190,38.3,04,27,125,38.3,05,15,248,38.1,1*79
$GNRMC,021621.000,A,3900.0002,N,11613.9812,E,0.01,240.75,280612,,,A,V*08
$GNVTG,240.75,T,,M,0.01,N,0.03,K,A*25
$GNZDA,021621.000,28,06,2012,,*43
$GNGGA,021622.000,3900.0002,N,11613.9811,E,1,12,0.77,-11.6,M,-6.8,M,,*71
$PAIRACC,4.08,8.54*4E
$GNGLL,3900.0002,N,11613.9811,E,021622.000,A,A*4F
$GNGSA,A,3,18,14,01,31,,,,,,,,,1.22,0.77,0.95,1*03
$GNGSA,A,3,71,70,79,74,,,,,,,,,1.22,0.77,0.95,2*03
$GNGSA,A,3,,,,,,,,,,,,,1.22,0.77,0.95,3*0E
$GNGSA,A,3,08,03,04,05,,,,,,,,,1.22,0.77,0.95,4*03
$GPGSV,2,1,08,18,17,129,39.3,14,66,026,39.1,30,32,096,,05,27,066,,1*64
$GPGSV,2,2,08,11,22,300,,01,20,310,38.8,12,20,058,,31,58,207,38.8,1*68
$GLGSV,2,1,06,71,48,314,39.4,70,58,198,39.2,76,18,254,,79,10,051,39.5,1*6C
$GLGSV,2,2,06,82,10,102,,74,05,249,39.1,1*6A
$GAGSV,1,1,00,7*73
$GBGSV,1,1,04,08,75,330,38.9,03,43,190,38.3,04,27,125,38.5,05,15,248,38.5,1*76
$GNRMC,021622.000,A,3900.0002,N,11613.9811,E,0.01,240.18,280612,,,A,V*03
$GNVTG,240.18,T,,M,0.01,N,0.03,K,A*2E
$GNZDA,021622.000,28,06,2012,,*40
$GNGGA,021623.000,3900.0002,N,11613.9811,E,1,12,0.77,-11.6,M,-6.8,M,,*70
$PAIRACC,4.09,8.39*44
$GNGLL,3900.0002,N,11613.9811,E,021623.000,A,A*4E
$GNGSA,A,3,18,14,01,31,,,,,,,,,1.22,0.77,0.95,1*03
$GNGSA,A,3,71,70,79,74,,,,,,,,,1.22,0.77,0.95,2*03
$GNGSA,A,3,,,,,,,,,,,,,1.22,0.77,0.95,3*0E
$GNGSA,A,3,08,03,04,05,,,,,,,,,1.22,0.77,0.95,4*03
$GPGSV,2,1,08,18,17,129,38.9,14,66,026,38.9,30,32,096,,05,27,066,,1*66
$GPGSV,2,2,08,11,22,300,,01,20,310,38.7,12,20,058,,31,58,207,39.0,1*6E
$GLGSV,2,1,06,71,48,314,39.2,70,58,198,39.2,76,18,254,,79,10,051,39.5,1*6A
$GLGSV,2,2,06,82,10,102,,74,05,249,38.6,1*6C
$GAGSV,1,1,00,7*73
$GBGSV,1,1,04,08,75,330,39.3,03,43,190,38.8,04,27,125,38.9,05,15,248,38.7,1*78
$GNRMC,021623.000,A,3900.0002,N,11613.9811,E,0.01,245.86,280612,,,A,V*00
$GNVTG,245.86,T,,M,0.01,N,0.03,K,A*2C
$GNZDA,021623.000,28,06,2012,,*41
$GNGGA,021624.000,3900.0002,N,11613.9811,E,1,12,0.77,-11.6,M,-6.8,M,,*77
$PAIRACC,3.95,8.56*4F
$GNGLL,3900.0002,N,11613.9811,E,021624.000,A,A*49
$GNGSA,A,3,18,14,01,31,,,,,,,,,1.22,0.77,0.95,1*03
$GNGSA,A,3,71,70,79,74,,,,,,,,,1.22,0.77,0.95,2*03
$GNGSA,A,3,,,,,,,,,,,,,1.22,0.77,0.95,3*0E
$GNGSA,A,3,08,03,04,05,,,,,,,,,1.22,0.77,0.95,4*03
$GPGSV,2,1,08,18,17,129,39.0,14,66,026,39.0,30,32,096,,05,27,066,,1*66
$GPGSV,2,2,08,11,22,300,,01,20,310,38.8,12,20,058,,31,58,207,38.6,1*66
$GLGSV,2,1,06,71,48,314,39.0,70,58,198,39.6,76,18,254,,79,10,051,39.3,1*6A
$GLGSV,2,2,06,82,10,102,,74,05,249,39.2,1*69
$GAGSV,1,1,00,7*73
$GBGSV,1,1,04,08,75,330,39.3,03,43,190,37.9,04,27,125,38.8,05,15,248,38.3,1*73
$GNRMC,021624.000,A,3900.0002,N,11613.9811,E,0.01,213.04,280612,,,A,V*0E
$GNVTG,213.04,T,,M,0.01,N,0.03,K,A*25
$GNZDA,021624.000,28,06,2012,,*46
$GNGGA,021625.000,3900.0002,N,11613.9811,E,1,12,0.77,-11.5,M,-6.8,M,,*75
$PAIRACC,3.89,8.40*45
$GNGLL,3900.0002,N,11613.9811,E,021625.000,A,A*48
$GNGSA,A,3,18,14,01,31,,,,,,,,,1.22,0.77,0.95,1*03
$GNGSA,A,3,71,70,79,74,,,,,,,,,1.22,0.77,0.95,2*03
$GNGSA,A,3,,,,,,,,,,,,,1.22,0.77,0.95,3*0E
$GNGSA,A,3,08,03,04,05,,,,,,,,,1.22,0.77,0.95,4*03
$GPGSV,2,1,08,18,17,129,39.5,14,66,026,39.5,30,32,096,,05,27,066,,1*66
$GPGSV,2,2,08,11,22,300,,01,20,310,38.8,12,20,058,,31,58,207,38.8,1*68
$GLGSV,2,1,06,71,48,314,39.1,70,58,198,39.3,76,18,254,,82,10,102,,1*7A
$GLGSV,2,2,06,79,09,052,39.5,74,05,249,39.2,1*70
$GAGSV,1,1,00,7*73
$GBGSV,1,1,04,08,75,330,39.3,03,43,190,38.3,04,27,125,38.5,05,15,248,38.6,1*7E
$GNRMC,021625.000,A,3900.0002,N,11613.9811,E,0.01,234.12,280612,,,A,V*0D
$GNVTG,234.12,T,,M,0.01,N,0.03,K,A*27
$GNZDA,021625.000,28,06,2012,,*47
$GNGGA,021626.000,3900.0001,N,11613.9811,E,1,12,0.77,-11.5,M,-6.8,M,,*75
$PAIRACC,3.89,8.55*41
$GNGLL,3900.0001,N,11613.9811,E,021626.000,A,A*48
$GNGSA,A,3,18,14,01,31,,,,,,,,,1.22,0.77,0.95,1*03
$GNGSA,A,3,71,70,79,74,,,,,,,,,1.22,0.77,0.95,2*03
$GNGSA,A,3,,,,,,,,,,,,,1.22,0.77,0.95,3*0E
$GNGSA,A,3,08,03,04,05,,,,,,,,,1.22,0.77,0.95,4*03
$GPGSV,2,1,08,18,17,129,39.2,14,66,026,39.4,30,32,096,,05,27,066,,1*60
$GPGSV,2,2,08,11,22,300,,01,20,310,38.8,12,20,058,,31,58,207,38.7,1*67
$GLGSV,2,1,06,71,48,314,39.3,70,58,198,39.5,76,18,254,,82,10,102,,1*7E
$GLGSV,2,2,06,79,09,052,38.9,74,05,249,39.4,1*7B
$GAGSV,1,1,00,7*73
$GBGSV,1,1,04,08,75,330,39.4,03,43,190,39.0,04,27,125,38.7,05,15,248,38.7,1*78
$GNRMC,021626.000,A,3900.0001,N,11613.9811,E,0.01,214.77,280612,,,A,V*0C
$GNVTG,214.77,T,,M,0.01,N,0.02,K,A*27
$GNZDA,021626.000,28,06,2012,,*44
$GNGGA,021627.000,3900.0001,N,11613.9810,E,1,12,0.77,-11.5,M,-6.8,M,,*75
$PAIRACC,3.88,8.45*41
$GNGLL,3900.0001,N,11613.9810,E,021627.000,A,A*48
$GNGSA,A,3,18,14,01,31,,,,,,,,,1.22,0.77,0.95,1*03
$GNGSA,A,3,71,70,79,74,,,,,,,,,1.22,0.77,0.95,2*03
$GNGSA,A,3,,,,,,,,,,,,,1.22,0.77,0.95,3*0E
$GNGSA,A,3,08,03,04,05,,,,,,,,,1.22,0.77,0.95,4*03
$GPGSV,2,1,08,18,17,129,39.5,14,66,026,39.3,30,32,096,,05,27,066,,1*60
$GPGSV,2,2,08,11,22,300,,01,20,310,38.7,12,20,058,,31,58,207,39.1,1*6F
$GLGSV,2,1,06,71,48,314,39.0,70,58,198,39.3,76,18,254,,82,10,102,,1*7B
$GLGSV,2,2,06,79,09,052,39.0,74,05,249,39.2,1*75
$GAGSV,1,1,00,7*73
$GBGSV,1,1,04,08,75,330,39.0,03,43,190,37.9,04,27,125,38.7,05,15,248,38.2,1*7E
$GNRMC,021627.000,A,3900.0001,N,11613.9810,E,0.01,217.41,280612,,,A,V*0A
$GNVTG,217.41,T,,M,0.01,N,0.02,K,A*21
$GNZDA,021627.000,28,06,2012,,*45
$GNGGA,021628.000,3900.0001,N,11613.9810,E,1,12,0.77,-11.5,M,-6.8,M,,*7A
$PAIRACC,3.89,8.45*40
$GNGLL,3900.0001,N,11613.9810,E,021628.000,A,A*47
$GNGSA,A,3,18,14,01,31,,,,,,,,,1.22,0.77,0.95,1*03
$GNGSA,A,3,71,70,79,74,,,,,,,,,1.22,0.77,0.95,2*03
$GNGSA,A,3,,,,,,,,,,,,,1.22,0.77,0.95,3*0E
$GNGSA,A,3,08,03,04,05,,,,,,,,,1.22,0.77,0.95,4*03
$GPGSV,2,1,08,18,17,129,39.2,14,66,026,39.1,30,32,096,,05,27,066,,1*65
$GPGSV,2,2,08,11,22,300,,01,20,310,38.5,12,20,058,,31,58,207,38.9,1*64
$GLGSV,2,1,06,71,48,314,39.5,70,58,198,39.5,76,18,254,,82,11,101,,1*7A
$GLGSV,2,2,06,79,09,052,38.8,74,05,249,39.2,1*7C
$GAGSV,1,1,00,7*73
$GBGSV,1,1,04,08,75,330,39.2,03,43,190,38.0,04,27,125,38.4,05,15,248,38.4,1*7F
$GNRMC,021628.000,A,3900.0001,N,11613.9810,E,0.01,228.60,280612,,,A,V*0A
$GNVTG,228.60,T,,M,0.01,N,0.02,K,A*2E
$GNZDA,021628.000,28,06,2012,,*4A
$GNGGA,021629.000,3900.0001,N,11613.9810,E,1,12,0.77,-11.5,M,-6.8,M,,*7B
$PAIRACC,3.90,8.58*44
$GNGLL,3900.0001,N,11613.9810,E,021629.000,A,A*46
$GNGSA,A,3,18,14,01,31,,,,,,,,,1.22,0.77,0.95,1*03
$GNGSA,A,3,71,70,79,74,,,,,,,,,1.22,0.77,0.95,2*03
$GNGSA,A,3,,,,,,,,,,,,,1.22,0.77,0.95,3*0E
$GNGSA,A,3,08,03,04,05,,,,,,,,,1.22,0.77,0.95,4*03
$GPGSV,2,1,08,18,17,129,39.0,14,66,026,39.0,30,32,096,,05,27,066,,1*66
$GPGSV,2,2,08,11,22,300,,01,20,310,38.6,12,20,058,,31,58,207,38.9,1*67
$GLGSV,2,1,06,71,48,314,39.2,70,58,198,39.5,76,18,254,,82,11,101,,1*7D
$GLGSV,2,2,06,79,09,052,38.8,74,05,249,39.0,1*7E
$GAGSV,1,1,00,7*73
$GBGSV,1,1,04,08,75,330,39.4,03,43,190,38.9,04,27,125,38.9,05,15,248,38.6,1*7F
$GNRMC,021629.000,A,3900.0001,N,11613.9810,E,0.01,228.48,280612,,,A,V*01
$GNVTG,228.48,T,,M,0.01,N,0.02,K,A*24
$GNZDA,021629.000,28,06,2012,,*4B
$GNGGA,021630.000,3900.0001,N,11613.9810,E,1,12,0.77,-11.5,M,-6.8,M,,*73
$PAIRACC,3.84,8.35*4A
$GNGLL,3900.0001,N,11613.9810,E,021630.000,A,A*4E
$GNGSA,A,3,18,14,01,31,,,,,,,,,1.22,0.77,0.95,1*03
$GNGSA,A,3,71,70,79,74,,,,,,,,,1.22,0.77,0.95,2*03
$GNGSA,A,3,,,,,,,,,,,,,1.22,0.77,0.95,3*0E
$GNGSA,A,3,08,03,04,05,,,,,,,,,1.22,0.77,0.95,4*03
$GPGSV,2,1,08,18,17,129,39.2,14,66,026,39.6,30,32,096,,05,27,066,,1*62
$GPGSV,2,2,08,11,22,300,,01,20,310,38.6,12,20,058,,31,58,207,38.7,1*69
$GLGSV,2,1,06,71,48,314,39.2,70,58,198,39.0,76,18,254,,82,11,101,,1*78
$GLGSV,2,2,06,79,09,052,38.8,74,05,249,39.2,1*7C
$GAGSV,1,1,00,7*73
$GBGSV,1,1,04,08,75,330,38.7,03,43,190,38.4,04,27,125,38.6,05,15,248,38.7,1*7E
$GNRMC,021630.000,A,3900.0001,N,11613.9810,E,0.01,249.85,280612,,,A,V*0F
$GNVTG,249.85,T,,M,0.01,N,0.01,K,A*21
$GNZDA,021630.000,28,06,2012,,*43
