$GNGGA,221604.000,3900.0007,N,11613.9847,E,1,12,0.69,-15.3,M,-6.8,M,,*7F
$PAIRACC,3.70,8.48*4B
$GNGLL,3900.0007,N,11613.9847,E,221604.000,A,A*4F
$GNGSA,A,3,03,21,29,27,,,,,,,,,1.23,0.69,1.02,1*03
$GNGSA,A,3,79,78,85,68,,,,,,,,,1.23,0.69,1.02,2*0C
$GNGSA,A,3,,,,,,,,,,,,,1.23,0.69,1.02,3*0F
$GNGSA,A,3,08,04,09,05,,,,,,,,,1.23,0.69,1.02,4*08
$GPGSV,2,1,07,03,16,313,39.2,15,43,049,,09,30,127,,21,87,087,39.8,1*6C
$GPGSV,2,2,07,29,15,186,39.7,14,07,217,,27,06,034,39.8,1*5E
$GLGSV,1,1,04,79,64,068,40.0,78,15,029,39.9,85,14,280,39.8,68,11,110,40.1,1*72
$GAGSV,1,1,00,7*73
$GBGSV,1,1,04,08,53,181,39.4,04,27,125,39.3,09,21,191,39.6,05,15,249,38.8,1*76
$GNRMC,221604.000,A,3900.0007,N,11613.9847,E,0.01,344.42,280612,,,A,V*09
$GNVTG,344.42,T,,M,0.01,N,0.03,K,A*24
$GNZDA,221604.000,28,06,2012,,*46
$GNGGA,221605.000,3900.0007,N,11613.9847,E,1,12,0.68,-15.3,M,-6.8,M,,*7F
$PAIRACC,3.73,8.53*42
$GNGLL,3900.0007,N,11613.9847,E,221605.000,A,A*4E
$GNGSA,A,3,03,21,29,27,,,,,,,,,1.23,0.68,1.02,1*02
$GNGSA,A,3,79,78,85,68,,,,,,,,,1.23,0.68,1.02,2*0D
$GNGSA,A,3,,,,,,,,,,,,,1.23,0.68,1.02,3*0E
$GNGSA,A,3,08,04,09,05,,,,,,,,,1.23,0.68,1.02,4*09
$GPGSV,2,1,07,03,16,313,39.9,15,43,049,,09,30,127,,21,87,087,39.5,1*6A
$GPGSV,2,2,07,29,15,186,39.9,14,07,217,,27,06,034,39.7,1*5F
$GLGSV,1,1,04,79,64,068,40.6,78,15,029,40.3,85,14,280,40.1,68,11,110,40.1,1*77
$GAGSV,1,1,00,7*73
$GBGSV,1,1,04,08,53,181,39.5,04,27,125,39.2,09,21,191,39.0,05,15,249,39.2,1*7B
$GNRMC,221605.000,A,3900.0007,N,11613.9847,E,0.01,343.46,280612,,,A,V*0B
$GNVTG,343.46,T,,M,0.01,N,0.03,K,A*27
$GNZDA,221605.000,28,06,2012,,*47
$GNGGA,221606.000,3900.0008,N,11613.9847,E,1,12,0.68,-15.3,M,-6.8,M,,*73
$PAIRACC,3.71,8.55*46
$GNGLL,3900.0008,N,11613.9847,E,221606.000,A,A*42
$GNGSA,A,3,03,21,29,27,,,,,,,,,1.23,0.68,1.02,1*02
$GNGSA,A,3,79,78,85,68,,,,,,,,,1.23,0.68,1.02,2*0D
$GNGSA,A,3,,,,,,,,,,,,,1.23,0.68,1.02,3*0E
$GNGSA,A,3,08,04,09,05,,,,,,,,,1.23,0.68,1.02,4*09
$GPGSV,2,1,07,03,16,313,39.6,15,43,049,,09,30,127,,21,87,087,40.0,1*6E
$GPGSV,2,2,07,29,15,186,40.5,14,07,217,,27,06,034,40.0,1*54
$GLGSV,1,1,04,79,64,068,40.3,78,15,029,40.1,85,14,280,40.1,68,11,110,40.0,1*71
$GAGSV,1,1,00,7*73
$GBGSV,1,1,04,08,53,181,39.1,04,27,125,39.3,09,21,191,39.5,05,15,249,38.8,1*70
$GNRMC,221606.000,A,3900.0008,N,11613.9847,E,0.01,341.45,280612,,,A,V*06
$GNVTG,341.45,T,,M,0.01,N,0.03,K,A*26
$GNZDA,221606.000,28,06,2012,,*44
$GNGGA,221607.000,3900.0008,N,11613.9847,E,1,12,0.69,-15.2,M,-6.8,M,,*72
$PAIRACC,3.69,8.46*4D
$GNGLL,3900.0008,N,11613.9847,E,221607.000,A,A*43
$GNGSA,A,3,03,21,29,27,,,,,,,,,1.23,0.69,1.02,1*03
$GNGSA,A,3,79,78,85,68,,,,,,,,,1.23,0.69,1.02,2*0C
$GNGSA,A,3,,,,,,,,,,,,,1.23,0.69,1.02,3*0F
$GNGSA,A,3,08,04,09,05,,,,,,,,,1.23,0.69,1.02,4*08
$GPGSV,2,1,07,03,16,313,39.8,15,43,049,,09,30,127,,21,87,087,39.9,1*67
$GPGSV,2,2,07,29,15,186,39.7,14,07,217,,27,06,034,40.0,1*58
$GLGSV,1,1,04,79,64,068,39.9,78,15,029,39.7,85,14,280,40.2,68,11,110,39.6,1*76
$GAGSV,1,1,00,7*73
$GBGSV,1,1,04,08,53,181,39.2,04,27,125,39.2,09,21,191,39.2,05,15,249,39.3,1*7F
$GNRMC,221607.000,A,3900.0008,N,11613.9847,E,0.01,341.17,280612,,,A,V*00
$GNVTG,341.17,T,,M,0.01,N,0.03,K,A*21
$GNZDA,221607.000,28,06,2012,,*45
$GNGGA,221608.000,3900.0008,N,11613.9847,E,1,12,0.68,-15.2,M,-6.8,M,,*7C
$PAIRACC,3.70,8.47*44
$GNGLL,3900.0008,N,11613.9847,E,221608.000,A,A*4C
$GNGSA,A,3,03,21,29,27,,,,,,,,,1.23,0.68,1.02,1*02
$GNGSA,A,3,79,78,85,68,,,,,,,,,1.23,0.68,1.02,2*0D
$GNGSA,A,3,,,,,,,,,,,,,1.23,0.68,1.02,3*0E
$GNGSA,A,3,08,04,09,05,,,,,,,,,1.23,0.68,1.02,4*09
$GPGSV,2,1,07,03,16,313,39.7,15,43,049,,09,30,127,,21,87,087,39.8,1*69
$GPGSV,2,2,07,29,15,186,40.2,14,07,217,,27,06,034,40.1,1*52
$GLGSV,1,1,04,79,64,068,40.5,78,15,029,39.7,85,14,280,40.1,68,11,110,39.9,1*78
$GAGSV,1,1,00,7*73
$GBGSV,1,1,04,08,54,181,39.3,04,27,125,39.6,09,21,191,39.3,05,15,249,39.5,1*7A
$GNRMC,221608.000,A,3900.0008,N,11613.9847,E,0.01,342.93,280612,,,A,V*00
$GNVTG,342.93,T,,M,0.01,N,0.03,K,A*2E
$GNZDA,221608.000,28,06,2012,,*4A
$GNGGA,221609.000,3900.0008,N,11613.9847,E,1,12,0.68,-15.2,M,-6.8,M,,*7D
$PAIRACC,3.69,8.45*4E
$GNGLL,3900.0008,N,11613.9847,E,221609.000,A,A*4D
$GNGSA,A,3,03,21,29,27,,,,,,,,,1.23,0.68,1.02,1*02
$GNGSA,A,3,79,78,85,68,,,,,,,,,1.23,0.68,1.02,2*0D
$GNGSA,A,3,,,,,,,,,,,,,1.23,0.68,1.02,3*0E
$GNGSA,A,3,08,04,09,05,,,,,,,,,1.23,0.68,1.02,4*09
$GPGSV,2,1,07,03,16,313,39.8,15,43,049,,09,30,127,,21,87,087,40.0,1*60
$GPGSV,2,2,07,29,15,186,39.7,14,07,217,,27,06,034,39.7,1*51
$GLGSV,1,1,04,79,64,068,40.1,78,15,029,39.5,85,14,280,40.0,68,11,110,40.0,1*78
$GAGSV,1,1,00,7*73
$GBGSV,1,1,04,08,54,181,39.2,04,27,125,39.3,09,22,191,40.1,05,15,249,39.2,1*76
$GNRMC,221609.000,A,3900.0008,N,11613.9847,E,0.01,337.80,280612,,,A,V*01
$GNVTG,337.80,T,,M,0.01,N,0.03,K,A*2E
$GNZDA,221609.000,28,06,2012,,*4B
$GNGGA,221610.000,3900.0008,N,11613.9847,E,1,12,0.68,-15.2,M,-6.8,M,,*75
$PAIRACC,3.61,8.28*4D
$GNGLL,3900.0008,N,11613.9847,E,221610.000,A,A*45
$GNGSA,A,3,03,21,29,27,,,,,,,,,1.23,0.68,1.02,1*02
$GNGSA,A,3,79,78,85,68,,,,,,,,,1.23,0.68,1.02,2*0D
$GNGSA,A,3,,,,,,,,,,,,,1.23,0.68,1.02,3*0E
$GNGSA,A,3,08,04,09,05,,,,,,,,,1.23,0.68,1.02,4*09
$GPGSV,2,1,07,03,16,313,39.9,15,43,049,,09,30,127,,21,87,087,39.8,1*67
$GPGSV,2,2,07,29,15,186,39.9,14,07,217,,27,06,034,39.9,1*51
$GLGSV,1,1,04,79,64,068,40.2,78,15,029,39.8,85,14,280,40.1,68,11,110,40.1,1*76
$GAGSV,1,1,00,7*73
$GBGSV,1,1,04,08,54,181,39.1,04,27,125,39.2,09,22,191,39.8,05,15,249,39.0,1*71
$GNRMC,221610.000,A,3900.0008,N,11613.9847,E,0.01,325.55,280612,,,A,V*02
$GNVTG,325.55,T,,M,0.01,N,0.03,K,A*25
$GNZDA,221610.000,28,06,2012,,*43
$GNGGA,221611.000,3900.0008,N,11613.9847,E,1,12,0.68,-15.2,M,-6.8,M,,*74
$PAIRACC,3.65,8.36*46
$GNGLL,3900.0008,N,11613.9847,E,221611.000,A,A*44
$GNGSA,A,3,03,21,29,27,,,,,,,,,1.23,0.68,1.02,1*02
$GNGSA,A,3,79,78,85,68,,,,,,,,,1.23,0.68,1.02,2*0D
$GNGSA,A,3,,,,,,,,,,,,,1.23,0.68,1.02,3*0E
$GNGSA,A,3,08,04,09,05,,,,,,,,,1.23,0.68,1.02,4*09
$GPGSV,2,1,07,03,16,313,39.5,15,43,049,,09,30,127,,21,87,087,39.8,1*6B
$GPGSV,2,2,07,29,15,186,40.2,14,07,217,,27,06,034,39.9,1*54
$GLGSV,1,1,04,79,64,068,40.3,78,15,029,39.7,85,14,280,39.9,68,11,110,40.0,1*7F
$GAGSV,1,1,00,7*73
$GBGSV,1,1,04,08,54,181,39.8,04,27,125,39.6,09,22,191,39.4,05,15,249,39.4,1*74
$GNRMC,221611.000,A,3900.0008,N,11613.9847,E,0.01,329.03,280612,,,A,V*0C
$GNVTG,329.03,T,,M,0.01,N,0.03,K,A*2A
$GNZDA,221611.000,28,06,2012,,*42
$GNGGA,221612.000,3900.0009,N,11613.9847,E,1,12,0.68,-15.2,M,-6.8,M,,*76
$PAIRACC,3.64,8.29*49
$GNGLL,3900.0009,N,11613.9847,E,221612.000,A,A*46
$GNGSA,A,3,03,21,29,27,,,,,,,,,1.23,0.68,1.02,1*02
$GNGSA,A,3,79,78,85,68,,,,,,,,,1.23,0.68,1.02,2*0D
$GNGSA,A,3,,,,,,,,,,,,,1.23,0.68,1.02,3*0E
$GNGSA,A,3,08,04,09,05,,,,,,,,,1.23,0.68,1.02,4*09
$GPGSV,2,1,07,03,16,313,40.0,15,43,049,,09,30,127,,21,87,087,39.6,1*6E
$GPGSV,2,2,07,29,15,186,39.7,14,07,217,,27,06,034,39.8,1*5E
$GLGSV,1,1,04,79,64,068,40.1,78,15,029,39.7,85,14,280,39.8,68,11,110,40.1,1*7D
$GAGSV,1,1,00,7*73
$GBGSV,1,1,04,08,54,181,39.7,04,27,125,39.3,09,22,191,39.2,05,15,249,39.0,1*7C
$GNRMC,221612.000,A,3900.0009,N,11613.9847,E,0.01,325.51,280612,,,A,V*05
$GNVTG,325.51,T,,M,0.01,N,0.03,K,A*21
$GNZDA,221612.000,28,06,2012,,*41
$GNGGA,221613.000,3900.0009,N,11613.9847,E,1,12,0.68,-15.1,M,-6.8,M,,*74
$PAIRACC,3.68,8.35*48
$GNGLL,3900.0009,N,11613.9847,E,221613.000,A,A*47
$GNGSA,A,3,03,21,29,27,,,,,,,,,1.23,0.68,1.02,1*02
$GNGSA,A,3,79,78,85,68,,,,,,,,,1.23,0.68,1.02,2*0D
$GNGSA,A,3,,,,,,,,,,,,,1.23,0.68,1.02,3*0E
$GNGSA,A,3,08,04,09,05,,,,,,,,,1.23,0.68,1.02,4*09
$GPGSV,2,1,07,03,16,313,39.5,15,43,049,,09,30,127,,21,87,087,40.0,1*6D
$GPGSV,2,2,07,29,15,186,39.8,14,07,217,,27,06,034,39.8,1*51
$GLGSV,1,1,04,79,64,068,40.0,78,15,029,39.5,85,14,280,39.9,68,11,110,40.2,1*7C
$GAGSV,1,1,00,7*73
$GBGSV,1,1,04,08,54,181,39.7,04,27,125,39.1,09,22,191,39.3,05,15,249,38.8,1*76
$GNRMC,221613.000,A,3900.0009,N,11613.9847,E,0.01,329.86,280612,,,A,V*02
$GNVTG,329.86,T,,M,0.01,N,0.03,K,A*27
$GNZDA,221613.000,28,06,2012,,*40
$GNGGA,221614.000,3900.0009,N,11613.9847,E,1,12,0.68,-15.1,M,-6.8,M,,*73
$PAIRACC,3.67,8.28*4B
$GNGLL,3900.0009,N,11613.9847,E,221614.000,A,A*40
$GNGSA,A,3,03,21,29,27,,,,,,,,,1.23,0.68,1.02,1*02
$GNGSA,A,3,78,79,85,68,,,,,,,,,1.23,0.68,1.02,2*0D
$GNGSA,A,3,,,,,,,,,,,,,1.23,0.68,1.02,3*0E
$GNGSA,A,3,08,04,09,05,,,,,,,,,1.23,0.68,1.02,4*09
$GPGSV,2,1,07,03,16,313,39.9,21,87,087,39.8,09,30,127,,15,43,049,,1*67
$GPGSV,2,2,07,29,15,186,40.0,14,07,217,,27,06,034,39.7,1*58
$GLGSV,1,1,04,78,15,029,39.3,79,64,068,39.7,85,14,280,39.5,68,11,110,40.4,1*79
$GAGSV,1,1,00,7*73
$GBGSV,2,1,05,08,54,181,39.9,06,46,176,,04,27,125,39.4,09,22,191,39.4,1*6F
$GBGSV,2,2,05,05,15,249,39.1,1*58
$GNRMC,221614.000,A,3900.0009,N,11613.9847,E,0.01,337.60,280612,,,A,V*02
$GNVTG,337.60,T,,M,0.01,N,0.03,K,A*20
$GNZDA,221614.000,28,06,2012,,*47
$GNGGA,221615.000,3900.0009,N,11613.9846,E,1,12,0.68,-15.0,M,-6.8,M,,*72
$PAIRACC,3.70,8.30*44
$GNGLL,3900.0009,N,11613.9846,E,221615.000,A,A*40
$GNGSA,A,3,03,21,29,27,,,,,,,,,1.23,0.68,1.02,1*02
$GNGSA,A,3,79,78,85,68,,,,,,,,,1.23,0.68,1.02,2*0D
$GNGSA,A,3,,,,,,,,,,,,,1.23,0.68,1.02,3*0E
$GNGSA,A,3,08,04,09,05,,,,,,,,,1.23,0.68,1.02,4*09
$GPGSV,2,1,07,03,16,313,39.4,21,87,087,39.8,09,30,127,,15,43,049,,1*6A
$GPGSV,2,2,07,29,15,186,40.0,14,07,217,,27,06,034,39.8,1*57
$GLGSV,2,1,05,70,41,327,,79,64,068,40.1,78,15,029,39.9,85,14,280,39.5,1*6D
$GLGSV,2,2,05,68,11,110,40.3,1*5A
$GAGSV,1,1,00,7*73
$GBGSV,1,1,04,08,54,181,39.7,04,27,125,39.4,09,22,191,39.8,05,15,249,39.1,1*70
$GNRMC,221615.000,A,3900.0009,N,11613.9846,E,0.01,334.39,280612,,,A,V*0D
$GNVTG,334.39,T,,M,0.01,N,0.03,K,A*2F
$GNZDA,221615.000,28,06,2012,,*46
$GNGGA,221616.000,3900.0009,N,11613.9846,E,1,12,0.68,-15.0,M,-6.8,M,,*71
$PAIRACC,3.70,8.28*4D
$GNGLL,3900.0009,N,11613.9846,E,221616.000,A,A*43
$GNGSA,A,3,03,21,29,27,,,,,,,,,1.23,0.68,1.02,1*02
$GNGSA,A,3,78,79,85,68,,,,,,,,,1.23,0.68,1.02,2*0D
$GNGSA,A,3,,,,,,,,,,,,,1.23,0.68,1.02,3*0E
$GNGSA,A,3,08,04,09,05,,,,,,,,,1.23,0.68,1.02,4*09
$GPGSV,2,1,07,03,16,313,39.5,21,87,087,39.2,09,30,127,,15,43,049,,1*61
$GPGSV,2,2,07,29,15,186,39.6,14,07,217,,27,06,034,40.2,1*5B
$GLGSV,2,1,06,78,15,029,39.7,79,64,068,40.5,85,14,280,39.8,68,11,110,40.1,1*78
$GLGSV,2,2,06,65,08,308,,86,08,330,,1*78
$GAGSV,1,1,00,7*73
$GBGSV,1,1,04,08,54,181,39.7,04,27,125,39.4,09,22,191,39.4,05,15,249,39.0,1*7D
$GNRMC,221616.000,A,3900.0009,N,11613.9846,E,0.01,332.19,280612,,,A,V*0A
$GNVTG,332.19,T,,M,0.01,N,0.03,K,A*2B
$GNZDA,221616.000,28,06,2012,,*45
$GNGGA,221617.000,3900.0009,N,11613.9846,E,1,12,0.69,-14.9,M,-6.8,M,,*79
$PAIRACC,3.72,8.30*46
$GNGLL,3900.0009,N,11613.9846,E,221617.000,A,A*42
$GNGSA,A,3,27,03,29,21,,,,,,,,,1.23,0.69,1.02,1*03
$GNGSA,A,3,79,78,85,68,,,,,,,,,1.23,0.69,1.02,2*0C
$GNGSA,A,3,,,,,,,,,,,,,1.23,0.69,1.02,3*0F
$GNGSA,A,3,08,04,09,05,,,,,,,,,1.23,0.69,1.02,4*08
$GPGSV,2,1,08,27,06,034,39.9,18,62,310,,15,43,049,,09,30,127,,1*79
$GPGSV,2,2,08,03,16,313,39.5,29,15,186,40.0,14,07,217,,21,87,087,39.6,1*75
$GLGSV,2,1,05,79,64,068,39.9,78,15,029,40.0,85,14,280,39.6,68,11,110,40.1,1*7E
$GLGSV,2,2,05,86,08,330,,1*4B
$GAGSV,1,1,00,7*73
$GBGSV,1,1,04,08,54,181,39.8,04,27,125,39.4,09,22,191,39.2,05,15,249,39.1,1*75
$GNRMC,221617.000,A,3900.0009,N,11613.9846,E,0.01,340.73,280612,,,A,V*02
$GNVTG,340.73,T,,M,0.01,N,0.03,K,A*22
$GNZDA,221617.000,28,06,2012,,*44
$GNGGA,221618.000,3900.0010,N,11613.9846,E,1,12,0.68,-14.9,M,-6.8,M,,*7F
$PAIRACC,3.72,8.28*4F
$GNGLL,3900.0010,N,11613.9846,E,221618.000,A,A*45
$GNGSA,A,3,27,03,29,21,,,,,,,,,1.23,0.68,1.02,1*02
$GNGSA,A,3,79,78,85,68,,,,,,,,,1.23,0.68,1.02,2*0D
$GNGSA,A,3,,,,,,,,,,,,,1.23,0.68,1.02,3*0E
$GNGSA,A,3,08,04,09,05,,,,,,,,,1.23,0.68,1.02,4*09
$GPGSV,2,1,08,27,06,034,39.8,18,62,310,,15,43,049,,09,30,127,,1*78
$GPGSV,2,2,08,03,16,313,39.5,29,15,186,40.0,14,07,217,,21,87,087,39.7,1*74
$GLGSV,1,1,04,79,64,068,39.9,78,15,029,39.5,85,14,280,39.9,68,11,110,39.8,1*7F
$GAGSV,1,1,00,7*73
$GBGSV,2,1,05,08,54,181,39.5,04,27,125,39.3,09,22,191,39.4,05,15,249,38.7,1*7C
$GBGSV,2,2,05,10,06,213,,1*44
$GNRMC,221618.000,A,3900.0010,N,11613.9846,E,0.01,344.86,280612,,,A,V*0B
$GNVTG,344.86,T,,M,0.01,N,0.03,K,A*2C
$GNZDA,221618.000,28,06,2012,,*4B
$GNGGA,221619.000,3900.0010,N,11613.9846,E,1,12,0.68,-14.8,M,-6.8,M,,*7F
$PAIRACC,3.74,8.30*40
$GNGLL,3900.0010,N,11613.9846,E,221619.000,A,A*44
$GNGSA,A,3,27,03,29,21,,,,,,,,,1.23,0.68,1.02,1*02
$GNGSA,A,3,79,78,85,68,,,,,,,,,1.23,0.68,1.02,2*0D
$GNGSA,A,3,,,,,,,,,,,,,1.23,0.68,1.02,3*0E
$GNGSA,A,3,08,04,09,05,,,,,,,,,1.23,0.68,1.02,4*09
$GPGSV,2,1,08,27,06,034,40.3,18,62,310,,15,43,049,,09,30,127,,1*7D
$GPGSV,2,2,08,03,16,313,39.9,29,15,186,40.0,14,07,217,,21,87,087,39.5,1*7A
$GLGSV,1,1,04,79,64,068,40.0,78,15,029,39.9,85,14,280,39.9,68,11,110,40.4,1*76
$GAGSV,1,1,00,7*73
$GBGSV,2,1,05,08,54,181,39.5,04,27,125,39.3,09,22,191,39.2,05,15,249,39.2,1*7E
$GBGSV,2,2,05,10,06,213,,1*44
$GNRMC,221619.000,A,3900.0010,N,11613.9846,E,0.01,341.08,280612,,,A,V*09
$GNVTG,341.08,T,,M,0.01,N,0.03,K,A*2F
$GNZDA,221619.000,28,06,2012,,*4A
$GNGGA,221620.000,3900.0011,N,11613.9846,E,1,12,0.68,-14.8,M,-6.8,M,,*74
$PAIRACC,3.74,8.26*47
$GNGLL,3900.0011,N,11613.9846,E,221620.000,A,A*4F
$GNGSA,A,3,27,21,03,29,,,,,,,,,1.23,0.68,1.02,1*02
$GNGSA,A,3,85,79,78,68,,,,,,,,,1.23,0.68,1.02,2*0D
$GNGSA,A,3,,,,,,,,,,,,,1.23,0.68,1.02,3*0E
$GNGSA,A,3,04,08,09,05,,,,,,,,,1.23,0.68,1.02,4*09
$GPGSV,2,1,08,27,06,034,40.0,15,43,049,,09,30,127,,21,87,087,39.8,1*6E
$GPGSV,2,2,08,03,16,313,40.0,29,15,186,40.0,14,07,217,,18,62,310,,1*60
$GLGSV,2,1,08,85,14,280,39.8,79,64,068,39.8,70,41,327,,78,15,029,39.7,1*64
$GLGSV,2,2,08,68,11,110,40.1,65,08,308,,86,08,330,,80,03,025,,1*6F
$GAGSV,1,1,00,7*73
$GBGSV,2,1,07,04,27,125,39.4,03,44,191,,01,38,147,,08,54,181,39.9,1*7B
$GBGSV,2,2,07,09,22,191,39.2,05,15,249,39.6,10,06,213,,1*4C
$GNRMC,221620.000,A,3900.0011,N,11613.9846,E,0.01,344.27,280612,,,A,V*0A
$GNVTG,344.27,T,,M,0.01,N,0.03,K,A*27
$GNZDA,221620.000,28,06,2012,,*40
$GNGGA,221621.000,3900.0011,N,11613.9846,E,1,12,0.68,-14.7,M,-6.8,M,,*7A
$PAIRACC,3.75,8.28*48
$GNGLL,3900.0011,N,11613.9846,E,221621.000,A,A*4E
$GNGSA,A,3,27,21,03,29,,,,,,,,,1.23,0.68,1.02,1*02
$GNGSA,A,3,78,79,85,68,,,,,,,,,1.23,0.68,1.02,2*0D
$GNGSA,A,3,,,,,,,,,,,,,1.23,0.68,1.02,3*0E
$GNGSA,A,3,04,08,09,05,,,,,,,,,1.23,0.68,1.02,4*09
$GPGSV,2,1,08,27,06,034,40.0,21,87,087,39.9,15,43,049,,09,30,127,,1*6F
$GPGSV,2,2,08,03,16,313,39.7,29,15,186,40.3,14,07,217,,18,62,310,,1*6A
$GLGSV,1,1,04,78,15,029,39.4,79,64,068,40.4,85,14,280,39.8,68,11,110,40.0,1*7A
$GAGSV,1,1,00,7*73
$GBGSV,2,1,07,04,27,125,39.3,03,44,191,,01,38,147,,08,54,181,39.9,1*7C
$GBGSV,2,2,07,09,22,191,39.3,05,15,249,38.8,10,06,213,,1*42
$GNRMC,221621.000,A,3900.0011,N,11613.9846,E,0.01,343.95,280612,,,A,V*05
$GNVTG,343.95,T,,M,0.01,N,0.03,K,A*29
$GNZDA,221621.000,28,06,2012,,*41
$GNGGA,221622.000,3900.0011,N,11613.9846,E,1,12,0.68,-14.7,M,-6.8,M,,*79
$PAIRACC,3.77,8.28*4A
$GNGLL,3900.0011,N,11613.9846,E,221622.000,A,A*4D
$GNGSA,A,3,27,21,03,29,,,,,,,,,1.23,0.68,1.02,1*02
$GNGSA,A,3,85,79,78,68,,,,,,,,,1.23,0.68,1.02,2*0D
$GNGSA,A,3,,,,,,,,,,,,,1.23,0.68,1.02,3*0E
$GNGSA,A,3,08,04,09,05,,,,,,,,,1.23,0.68,1.02,4*09
$GPGSV,2,1,08,27,06,034,39.7,15,43,049,,21,87,087,39.8,09,30,127,,1*67
$GPGSV,2,2,08,03,16,313,39.6,29,15,186,39.8,14,07,217,,18,62,310,,1*6E
$GLGSV,2,1,06,85,14,280,40.3,79,64,068,40.5,78,15,029,39.8,68,11,110,40.0,1*73
$GLGSV,2,2,06,80,03,025,,84,01,233,,1*7D
$GAGSV,1,1,00,7*73
$GBGSV,2,1,06,08,54,181,39.2,02,30,229,,04,27,125,39.3,09,22,191,39.1,1*69
$GBGSV,2,2,06,05,15,249,38.8,10,06,213,,1*64
$GNRMC,221622.000,A,3900.0011,N,11613.9846,E,0.01,338.77,280612,,,A,V*06
$GNVTG,338.77,T,,M,0.01,N,0.03,K,A*29
$GNZDA,221622.000,28,06,2012,,*42
$GNGGA,221623.000,3900.0012,N,11613.9846,E,1,12,0.68,-14.6,M,-6.8,M,,*7A
$PAIRACC,3.77,8.27*45
$GNGLL,3900.0012,N,11613.9846,E,221623.000,A,A*4F
$GNGSA,A,3,27,21,03,29,,,,,,,,,1.22,0.68,1.01,1*00
$GNGSA,A,3,78,79,85,68,,,,,,,,,1.22,0.68,1.01,2*0F
$GNGSA,A,3,,,,,,,,,,,,,1.22,0.68,1.01,3*0C
$GNGSA,A,3,08,04,09,05,,,,,,,,,1.22,0.68,1.01,4*0B
$GPGSV,2,1,08,27,06,034,40.0,21,87,087,40.1,15,43,049,,09,30,127,,1*69
$GPGSV,2,2,08,03,16,313,40.2,29,15,186,39.8,14,07,217,,18,62,310,,1*64
$GLGSV,2,1,05,78,15,029,39.9,79,64,068,40.0,85,14,280,39.9,68,11,110,40.2,1*72
$GLGSV,2,2,05,84,01,233,,1*42
$GAGSV,1,1,00,7*73
$GBGSV,2,1,06,08,54,181,39.6,02,30,229,,04,27,125,39.5,09,22,191,39.0,1*6A
$GBGSV,2,2,06,05,15,249,39.2,10,06,213,,1*6F
$GNRMC,221623.000,A,3900.0012,N,11613.9846,E,0.01,342.10,280612,,,A,V*08
$GNVTG,342.10,T,,M,0.01,N,0.03,K,A*25
$GNZDA,221623.000,28,06,2012,,*43
$GNGGA,221624.000,3900.0012,N,11613.9846,E,1,12,0.68,-14.6,M,-6.8,M,,*7D
$PAIRACC,3.64,8.21*41
$GNGLL,3900.0012,N,11613.9846,E,221624.000,A,A*48
$GNGSA,A,3,27,21,03,29,,,,,,,,,1.22,0.68,1.01,1*00
$GNGSA,A,3,78,79,85,68,,,,,,,,,1.22,0.68,1.01,2*0F
$GNGSA,A,3,,,,,,,,,,,,,1.22,0.68,1.01,3*0C
$GNGSA,A,3,08,04,09,05,,,,,,,,,1.22,0.68,1.01,4*0B
$GPGSV,2,1,08,27,06,034,40.0,21,87,087,39.6,15,43,049,,09,30,127,,1*60
$GPGSV,2,2,08,03,16,313,39.7,29,15,186,40.0,14,07,217,,18,62,310,,1*69
$GLGSV,1,1,04,78,15,029,40.0,79,64,068,40.2,85,14,280,39.3,68,11,110,40.2,1*7F
$GAGSV,1,1,00,7*73
$GBGSV,2,1,06,08,54,181,39.4,02,30,229,,04,27,125,39.0,09,22,191,39.4,1*69
$GBGSV,2,2,06,05,15,249,38.9,10,06,213,,1*65
$GNRMC,221624.000,A,3900.0012,N,11613.9846,E,0.01,341.61,280612,,,A,V*0A
$GNVTG,341.61,T,,M,0.01,N,0.03,K,A*20
$GNZDA,221624.000,28,06,2012,,*44
$GNGGA,221625.000,3900.0012,N,11613.9846,E,1,12,0.69,-14.6,M,-6.8,M,,*7D
$PAIRACC,3.61,8.22*47
$GNGLL,3900.0012,N,11613.9846,E,221625.000,A,A*49
$GNGSA,A,3,27,21,03,29,,,,,,,,,1.22,0.69,1.01,1*01
$GNGSA,A,3,78,79,85,68,,,,,,,,,1.22,0.69,1.01,2*0E
$GNGSA,A,3,,,,,,,,,,,,,1.22,0.69,1.01,3*0D
$GNGSA,A,3,08,04,09,05,,,,,,,,,1.22,0.69,1.01,4*0A
$GPGSV,2,1,08,27,06,034,40.3,21,87,087,39.9,15,43,049,,09,30,127,,1*6C
$GPGSV,2,2,08,03,16,313,40.0,29,15,186,40.0,14,07,217,,18,62,310,,1*60
$GLGSV,1,1,04,78,15,029,39.8,79,64,068,40.4,85,14,280,39.3,68,11,110,40.2,1*7F
$GAGSV,1,1,00,7*73
$GBGSV,2,1,06,08,54,181,39.2,02,30,229,,04,27,125,39.0,09,22,191,39.6,1*6D
$GBGSV,2,2,06,05,15,249,38.9,10,06,213,,1*65
$GNRMC,221625.000,A,3900.0012,N,11613.9846,E,0.01,340.12,280612,,,A,V*0E
$GNVTG,340.12,T,,M,0.01,N,0.03,K,A*25
$GNZDA,221625.000,28,06,2012,,*45
$GNGGA,221626.000,3900.0012,N,11613.9846,E,1,12,0.68,-14.6,M,-6.8,M,,*7F
$PAIRACC,3.58,8.19*45
$GNGLL,3900.0012,N,11613.9846,E,221626.000,A,A*4A
$GNGSA,A,3,27,03,29,21,,,,,,,,,1.23,0.68,1.02,1*02
$GNGSA,A,3,79,78,85,68,,,,,,,,,1.23,0.68,1.02,2*0D
$GNGSA,A,3,,,,,,,,,,,,,1.23,0.68,1.02,3*0E
$GNGSA,A,3,08,04,09,05,,,,,,,,,1.23,0.68,1.02,4*09
$GPGSV,2,1,08,27,06,034,39.7,18,62,310,,15,43,049,,09,30,127,,1*77
$GPGSV,2,2,08,03,16,313,40.0,29,15,186,40.0,14,07,217,,21,87,087,39.9,1*71
$GLGSV,1,1,04,79,64,068,40.0,78,15,029,39.9,85,14,280,40.3,68,11,110,40.3,1*75
$GAGSV,1,1,00,7*73
$GBGSV,2,1,05,08,54,181,39.6,04,27,125,39.7,09,22,191,39.5,05,15,249,39.1,1*7D
$GBGSV,2,2,05,10,06,213,,1*44
$GNRMC,221626.000,A,3900.0012,N,11613.9846,E,0.01,340.43,280612,,,A,V*09
$GNVTG,340.43,T,,M,0.01,N,0.03,K,A*21
$GNZDA,221626.000,28,06,2012,,*46
$GNGGA,221627.000,3900.0012,N,11613.9846,E,1,12,0.68,-14.6,M,-6.8,M,,*7E
$PAIRACC,3.58,8.20*4F
$GNGLL,3900.0012,N,11613.9846,E,221627.000,A,A*4B
$GNGSA,A,3,27,03,29,21,,,,,,,,,1.22,0.68,1.01,1*00
$GNGSA,A,3,79,78,85,68,,,,,,,,,1.22,0.68,1.01,2*0F
$GNGSA,A,3,,,,,,,,,,,,,1.22,0.68,1.01,3*0C
$GNGSA,A,3,08,04,09,05,,,,,,,,,1.22,0.68,1.01,4*0B
$GPGSV,2,1,08,27,06,034,40.1,18,62,310,,15,43,049,,09,30,127,,1*7F
$GPGSV,2,2,08,03,16,313,40.0,29,15,186,39.9,14,07,217,,21,87,087,40.0,1*71
$GLGSV,1,1,04,79,64,068,40.0,78,15,029,39.8,85,14,280,39.8,68,11,110,40.1,1*73
$GAGSV,1,1,00,7*73
$GBGSV,1,1,04,08,54,181,39.9,04,27,125,39.7,09,22,191,39.4,05,15,249,38.5,1*74
$GNRMC,221627.000,A,3900.0012,N,11613.9846,E,0.01,340.51,280612,,,A,V*0B
$GNVTG,340.51,T,,M,0.01,N,0.02,K,A*23
$GNZDA,221627.000,28,06,2012,,*47
$GNGGA,221628.000,3900.0012,N,11613.9846,E,1,12,0.68,-14.6,M,-6.8,M,,*71
$PAIRACC,3.56,8.17*45
$GNGLL,3900.0012,N,11613.9846,E,221628.000,A,A*44
$GNGSA,A,3,27,03,29,21,,,,,,,,,1.22,0.68,1.01,1*00
$GNGSA,A,3,79,78,85,68,,,,,,,,,1.22,0.68,1.01,2*0F
$GNGSA,A,3,,,,,,,,,,,,,1.22,0.68,1.01,3*0C
$GNGSA,A,3,08,04,09,05,,,,,,,,,1.22,0.68,1.01,4*0B
$GPGSV,2,1,08,27,06,034,39.8,18,62,310,,15,43,049,,09,30,127,,1*78
$GPGSV,2,2,08,03,16,313,39.7,29,15,186,40.2,14,07,217,,21,87,087,39.9,1*7A
$GLGSV,1,1,04,79,64,068,39.9,78,15,029,39.8,85,14,280,39.9,68,11,110,40.2,1*76
$GAGSV,1,1,00,7*73
$GBGSV,1,1,04,08,54,181,39.8,04,27,125,39.1,09,22,191,39.6,05,15,249,38.8,1*7C
$GNRMC,221628.000,A,3900.0012,N,11613.9846,E,0.01,337.99,280612,,,A,V*00
$GNVTG,337.99,T,,M,0.01,N,0.02,K,A*27
$GNZDA,221628.000,28,06,2012,,*48
$GNGGA,221629.000,3900.0013,N,11613.9846,E,1,12,0.68,-14.5,M,-6.8,M,,*72
$PAIRACC,3.57,8.19*4A
$GNGLL,3900.0013,N,11613.9846,E,221629.000,A,A*44
$GNGSA,A,3,27,03,29,21,,,,,,,,,1.22,0.68,1.01,1*00
$GNGSA,A,3,79,78,85,68,,,,,,,,,1.22,0.68,1.01,2*0F
$GNGSA,A,3,,,,,,,,,,,,,1.22,0.68,1.01,3*0C
$GNGSA,A,3,08,04,09,05,,,,,,,,,1.22,0.68,1.01,4*0B
$GPGSV,2,1,08,27,06,034,40.4,18,62,310,,15,43,049,,09,30,127,,1*7A
$GPGSV,2,2,08,03,16,313,39.4,29,15,186,39.8,14,07,217,,21,87,087,39.7,1*73
$GLGSV,1,1,04,79,64,068,39.5,78,15,029,39.9,85,14,280,39.8,68,11,110,40.4,1*7C
$GAGSV,1,1,00,7*73
$GBGSV,1,1,04,08,54,181,39.9,04,27,125,39.3,09,22,191,39.5,05,15,249,39.5,1*70
$GNRMC,221629.000,A,3900.0013,N,11613.9846,E,0.01,339.22,280612,,,A,V*0E
$GNVTG,339.22,T,,M,0.01,N,0.02,K,A*29
$GNZDA,221629.000,28,06,2012,,*49
$GNGGA,221630.000,3900.0013,N,11613.9846,E,1,12,0.68,-14.5,M,-6.8,M,,*7A
$PAIRACC,3.56,8.16*44
$GNGLL,3900.0013,N,11613.9846,E,221630.000,A,A*4C
$GNGSA,A,3,27,03,29,21,,,,,,,,,1.22,0.68,1.01,1*00
$GNGSA,A,3,79,78,85,68,,,,,,,,,1.22,0.68,1.01,2*0F
$GNGSA,A,3,,,,,,,,,,,,,1.22,0.68,1.01,3*0C
$GNGSA,A,3,08,04,09,05,,,,,,,,,1.22,0.68,1.01,4*0B
$GPGSV,2,1,08,27,06,034,40.0,18,62,310,,15,43,049,,09,30,127,,1*7E
$GPGSV,2,2,08,03,16,313,39.8,29,15,186,40.5,14,07,217,,21,87,087,39.9,1*72
$GLGSV,1,1,04,79,64,068,40.3,78,15,029,39.9,85,14,280,39.9,68,11,110,40.1,1*70
$GAGSV,1,1,00,7*73
$GBGSV,1,1,04,08,54,181,39.6,04,27,125,39.2,09,22,191,39.5,05,15,249,38.7,1*7D
$GNRMC,221630.000,A,3900.0013,N,11613.9846,E,0.01,340.79,280612,,,A,V*06
$GNVTG,340.79,T,,M,0.01,N,0.02,K,A*29
$GNZDA,221630.000,28,06,2012,,*41
$GNGGA,221631.000,3900.0013,N,11613.9846,E,1,12,0.68,-14.5,M,-6.8,M,,*7B
$PAIRACC,3.58,8.20*4F
$GNGLL,3900.0013,N,11613.9846,E,221631.000,A,A*4D
$GNGSA,A,3,27,03,29,21,,,,,,,,,1.22,0.68,1.01,1*00
$GNGSA,A,3,79,78,85,68,,,,,,,,,1.22,0.68,1.01,2*0F
$GNGSA,A,3,,,,,,,,,,,,,1.22,0.68,1.01,3*0C
$GNGSA,A,3,08,04,09,05,,,,,,,,,1.22,0.68,1.01,4*0B
$GPGSV,2,1,08,27,06,034,39.8,18,62,310,,15,43,049,,09,30,127,,1*78
$GPGSV,2,2,08,03,16,313,40.0,29,15,186,39.9,14,07,217,,21,87,087,39.8,1*77
$GLGSV,1,1,04,79,64,068,39.7,78,15,029,40.0,85,14,280,39.5,68,11,110,40.0,1*70
$GAGSV,1,1,00,7*73
$GBGSV,1,1,04,08,54,181,39.7,04,27,125,39.1,09,22,191,39.1,05,15,249,38.9,1*75
$GNRMC,221631.000,A,3900.0013,N,11613.9846,E,0.01,338.46,280612,,,A,V*04
$GNVTG,338.46,T,,M,0.01,N,0.02,K,A*2A
$GNZDA,221631.000,28,06,2012,,*40
$GNGGA,221632.000,3900.0013,N,11613.9846,E,1,12,0.68,-14.5,M,-6.8,M,,*78
$PAIRACC,3.55,8.15*44
$GNGLL,3900.0013,N,11613.9846,E,221632.000,A,A*4E
$GNGSA,A,3,27,03,29,21,,,,,,,,,1.22,0.68,1.01,1*00
$GNGSA,A,3,79,78,85,68,,,,,,,,,1.22,0.68,1.01,2*0F
$GNGSA,A,3,,,,,,,,,,,,,1.22,0.68,1.01,3*0C
$GNGSA,A,3,08,04,09,05,,,,,,,,,1.22,0.68,1.01,4*0B
$GPGSV,2,1,08,27,06,034,40.3,18,62,310,,15,43,049,,09,30,127,,1*7D
$GPGSV,2,2,08,03,16,313,39.9,29,15,186,40.0,14,07,217,,21,87,087,40.2,1*73
$GLGSV,1,1,04,79,64,068,39.6,78,15,029,40.1,85,14,280,39.7,68,11,110,40.0,1*72
$GAGSV,1,1,00,7*73
$GBGSV,1,1,04,08,54,181,39.5,04,27,125,39.6,09,22,191,39.6,05,15,249,39.4,1*7B
$GNRMC,221632.000,A,3900.0013,N,11613.9846,E,0.01,336.57,280612,,,A,V*09
$GNVTG,336.57,T,,M,0.01,N,0.02,K,A*24
$GNZDA,221632.000,28,06,2012,,*43
$GNGGA,221633.000,3900.0013,N,11613.9846,E,1,12,0.68,-14.5,M,-6.8,M,,*79
$PAIRACC,3.58,8.21*4E
$GNGLL,3900.0013,N,11613.9846,E,221633.000,A,A*4F
$GNGSA,A,3,27,03,29,21,,,,,,,,,1.22,0.68,1.01,1*00
$GNGSA,A,3,79,78,85,68,,,,,,,,,1.22,0.68,1.01,2*0F
$GNGSA,A,3,,,,,,,,,,,,,1.22,0.68,1.01,3*0C
$GNGSA,A,3,08,04,09,05,,,,,,,,,1.22,0.68,1.01,4*0B
$GPGSV,2,1,08,27,06,034,39.8,18,62,310,,15,43,049,,09,30,127,,1*78
$GPGSV,2,2,08,03,16,313,39.4,29,15,186,39.5,14,07,217,,21,87,087,39.7,1*7E
$GLGSV,1,1,04,79,64,068,39.8,78,15,029,39.8,85,14,280,39.4,68,11,110,39.9,1*7F
$GAGSV,1,1,00,7*73
$GBGSV,1,1,04,08,54,181,39.6,04,27,125,39.4,09,22,191,38.7,05,15,249,39.1,1*7F
$GNRMC,221633.000,A,3900.0013,N,11613.9846,E,0.01,333.32,280612,,,A,V*0E
$GNVTG,333.32,T,,M,0.01,N,0.02,K,A*22
$GNZDA,221633.000,28,06,2012,,*42
$GNGGA,221634.000,3900.0013,N,11613.9846,E,1,12,0.68,-14.4,M,-6.8,M,,*7F
$PAIRACC,3.55,8.15*44
$GNGLL,3900.0013,N,11613.9846,E,221634.000,A,A*48
$GNGSA,A,3,27,03,29,21,,,,,,,,,1.22,0.68,1.01,1*00
$GNGSA,A,3,79,78,85,68,,,,,,,,,1.22,0.68,1.01,2*0F
$GNGSA,A,3,,,,,,,,,,,,,1.22,0.68,1.01,3*0C
$GNGSA,A,3,08,04,09,05,,,,,,,,,1.22,0.68,1.01,4*0B
$GPGSV,2,1,08,27,06,034,39.9,18,62,310,,15,43,049,,09,30,127,,1*79
$GPGSV,2,2,08,03,16,313,39.7,29,15,186,39.9,14,07,217,,21,87,087,39.6,1*70
$GLGSV,1,1,04,79,64,068,40.5,78,15,029,39.7,85,14,280,39.7,68,11,110,39.8,1*71
$GAGSV,1,1,00,7*73
$GBGSV,1,1,04,08,54,181,39.4,04,27,125,39.1,09,22,191,38.9,05,15,249,39.0,1*77
$GNRMC,221634.000,A,3900.0013,N,11613.9846,E,0.01,338.17,280612,,,A,V*05
$GNVTG,338.17,T,,M,0.01,N,0.02,K,A*2E
$GNZDA,221634.000,28,06,2012,,*45
$GNGGA,221635.000,3900.0013,N,11613.9846,E,1,12,0.68,-14.4,M,-6.8,M,,*7E
$PAIRACC,3.55,8.16*47
$GNGLL,3900.0013,N,11613.9846,E,221635.000,A,A*49
$GNGSA,A,3,27,03,29,21,,,,,,,,,1.22,0.68,1.01,1*00
$GNGSA,A,3,79,78,85,68,,,,,,,,,1.22,0.68,1.01,2*0F
$GNGSA,A,3,,,,,,,,,,,,,1.22,0.68,1.01,3*0C
$GNGSA,A,3,08,04,09,05,,,,,,,,,1.22,0.68,1.01,4*0B
$GPGSV,2,1,08,27,06,034,39.7,18,62,310,,15,43,049,,09,30,127,,1*77
$GPGSV,2,2,08,03,16,313,39.4,29,15,186,39.8,14,07,217,,21,87,087,40.0,1*7A
$GLGSV,1,1,04,79,64,068,40.2,78,15,029,40.2,85,14,280,39.4,68,11,110,40.0,1*78
$GAGSV,1,1,00,7*73
$GBGSV,1,1,04,08,54,181,39.5,04,27,125,39.5,09,22,191,39.2,05,15,249,39.6,1*7E
$GNRMC,221635.000,A,3900.0013,N,11613.9846,E,0.01,337.03,280612,,,A,V*0E
$GNVTG,337.03,T,,M,0.01,N,0.02,K,A*24
$GNZDA,221635.000,28,06,2012,,*44
$GNGGA,221636.000,3900.0013,N,11613.9846,E,1,12,0.69,-14.4,M,-6.8,M,,*7C
$PAIRACC,3.56,8.15*47
$GNGLL,3900.0013,N,11613.9846,E,221636.000,A,A*4A
$GNGSA,A,3,27,03,29,21,,,,,,,,,1.22,0.69,1.01,1*01
$GNGSA,A,3,79,78,85,68,,,,,,,,,1.22,0.69,1.01,2*0E
$GNGSA,A,3,,,,,,,,,,,,,1.22,0.69,1.01,3*0D
$GNGSA,A,3,08,04,09,05,,,,,,,,,1.22,0.69,1.01,4*0A
$GPGSV,2,1,08,27,06,034,40.0,18,62,310,,15,43,049,,09,30,127,,1*7E
$GPGSV,2,2,08,03,16,313,39.7,29,15,186,39.7,14,07,217,,21,87,087,39.3,1*7B
$GLGSV,1,1,04,79,64,068,40.2,78,15,029,40.2,85,14,280,39.7,68,11,110,40.0,1*7B
$GAGSV,1,1,00,7*73
$GBGSV,1,1,04,08,54,181,39.8,04,27,125,39.0,09,22,191,38.6,05,15,249,38.7,1*73
$GNRMC,221636.000,A,3900.0013,N,11613.9846,E,0.01,333.60,280612,,,A,V*0C
$GNVTG,333.60,T,,M,0.01,N,0.02,K,A*25
$GNZDA,221636.000,28,06,2012,,*47
$GNGGA,221637.000,3900.0013,N,11613.9846,E,1,12,0.68,-14.4,M,-6.8,M,,*7C
$PAIRACC,3.57,8.20*40
$GNGLL,3900.0013,N,11613.9846,E,221637.000,A,A*4B
$GNGSA,A,3,27,03,29,21,,,,,,,,,1.22,0.68,1.01,1*00
$GNGSA,A,3,79,78,85,68,,,,,,,,,1.22,0.68,1.01,2*0F
$GNGSA,A,3,,,,,,,,,,,,,1.22,0.68,1.01,3*0C
$GNGSA,A,3,08,04,09,05,,,,,,,,,1.22,0.68,1.01,4*0B
$GPGSV,2,1,08,27,06,034,39.9,18,62,310,,15,43,049,,09,30,127,,1*79
$GPGSV,2,2,08,03,16,313,39.1,29,15,186,39.8,14,07,217,,21,87,087,39.7,1*76
$GLGSV,1,1,04,79,64,068,40.0,78,15,029,39.9,85,14,280,40.5,68,11,110,40.0,1*70
$GAGSV,1,1,00,7*73
$GBGSV,1,1,04,08,54,181,39.6,04,27,125,39.1,09,22,191,39.6,05,15,249,39.0,1*7B
$GNRMC,221637.000,A,3900.0013,N,11613.9846,E,0.01,335.10,280612,,,A,V*0C
$GNVTG,335.10,T,,M,0.01,N,0.02,K,A*24
$GNZDA,221637.000,28,06,2012,,*46
$GNGGA,221638.000,3900.0013,N,11613.9846,E,1,12,0.68,-14.4,M,-6.8,M,,*73
$PAIRACC,3.54,8.13*43
$GNGLL,3900.0013,N,11613.9846,E,221638.000,A,A*44
$GNGSA,A,3,27,03,29,21,,,,,,,,,1.22,0.68,1.01,1*00
$GNGSA,A,3,79,78,85,68,,,,,,,,,1.22,0.68,1.01,2*0F
$GNGSA,A,3,,,,,,,,,,,,,1.22,0.68,1.01,3*0C
$GNGSA,A,3,08,04,09,05,,,,,,,,,1.22,0.68,1.01,4*0B
$GPGSV,2,1,08,27,06,034,39.5,18,62,310,,15,43,049,,09,30,127,,1*75
$GPGSV,2,2,08,03,16,313,39.5,29,15,186,39.9,14,07,217,,21,87,087,39.6,1*72
$GLGSV,1,1,04,79,64,068,39.9,78,15,029,39.7,85,14,280,40.2,68,11,110,40.3,1*7D
$GAGSV,1,1,00,7*73
$GBGSV,1,1,04,08,54,181,39.7,04,27,125,39.5,09,22,191,39.6,05,15,249,39.5,1*7B
$GNRMC,221638.000,A,3900.0013,N,11613.9846,E,0.01,338.11,280612,,,A,V*0F
$GNVTG,338.11,T,,M,0.01,N,0.02,K,A*28
$GNZDA,221638.000,28,06,2012,,*49
$GNGGA,221639.000,3900.0013,N,11613.9846,E,1,12,0.68,-14.3,M,-6.8,M,,*75
$PAIRACC,3.59,8.23*4D
$GNGLL,3900.0013,N,11613.9846,E,221639.000,A,A*45
$GNGSA,A,3,27,03,29,21,,,,,,,,,1.22,0.68,1.01,1*00
$GNGSA,A,3,79,78,85,68,,,,,,,,,1.22,0.68,1.01,2*0F
$GNGSA,A,3,,,,,,,,,,,,,1.22,0.68,1.01,3*0C
$GNGSA,A,3,08,04,09,05,,,,,,,,,1.22,0.68,1.01,4*0B
$GPGSV,2,1,08,27,06,034,39.8,18,62,310,,15,43,049,,09,30,127,,1*78
$GPGSV,2,2,08,03,16,313,39.8,29,15,186,39.9,14,07,217,,21,87,087,39.9,1*70
$GLGSV,1,1,04,79,64,068,40.4,78,15,029,39.7,85,14,280,39.7,68,11,110,39.8,1*70
$GAGSV,1,1,00,7*73
$GBGSV,1,1,04,08,54,181,39.8,04,27,125,39.5,09,22,191,39.7,05,15,249,38.5,1*74
$GNRMC,221639.000,A,3900.0013,N,11613.9846,E,0.01,338.38,280612,,,A,V*05
$GNVTG,338.38,T,,M,0.01,N,0.02,K,A*23
$GNZDA,221639.000,28,06,2012,,*48
$GNGGA,221640.000,3900.0013,N,11613.9846,E,1,12,0.68,-14.3,M,-6.8,M,,*7B
$PAIRACC,3.62,8.56*47
$GNGLL,3900.0013,N,11613.9846,E,221640.000,A,A*4B
$GNGSA,A,3,27,03,29,21,,,,,,,,,1.22,0.68,1.01,1*00
$GNGSA,A,3,79,78,85,68,,,,,,,,,1.22,0.68,1.01,2*0F
$GNGSA,A,3,,,,,,,,,,,,,1.22,0.68,1.01,3*0C
$GNGSA,A,3,08,04,09,05,,,,,,,,,1.22,0.68,1.01,4*0B
$GPGSV,2,1,08,27,06,034,39.8,18,62,310,,15,43,049,,09,30,127,,1*78
$GPGSV,2,2,08,03,16,313,39.7,29,15,186,39.5,14,07,217,,21,87,087,39.3,1*79
$GLGSV,1,1,04,79,64,068,40.3,78,15,029,40.0,85,14,280,40.0,68,11,110,40.1,1*70
$GAGSV,1,1,00,7*73
$GBGSV,1,1,04,08,54,181,39.8,04,27,125,39.2,09,22,191,39.7,05,15,249,38.9,1*7F
$GNRMC,221640.000,A,3900.0013,N,11613.9846,E,0.01,334.39,280612,,,A,V*06
$GNVTG,334.39,T,,M,0.01,N,0.02,K,A*2E
$GNZDA,221640.000,28,06,2012,,*46
$GNGGA,221641.000,3900.0013,N,11613.9846,E,1,12,0.68,-14.3,M,-6.8,M,,*7A
$PAIRACC,3.57,8.21*41
$GNGLL,3900.0013,N,11613.9846,E,221641.000,A,A*4A
$GNGSA,A,3,27,03,29,21,,,,,,,,,1.22,0.68,1.01,1*00
$GNGSA,A,3,79,78,85,68,,,,,,,,,1.22,0.68,1.01,2*0F
$GNGSA,A,3,,,,,,,,,,,,,1.22,0.68,1.01,3*0C
$GNGSA,A,3,08,04,09,05,,,,,,,,,1.22,0.68,1.01,4*0B
$GPGSV,2,1,08,27,06,034,39.9,18,62,310,,15,43,049,,09,30,127,,1*79
$GPGSV,2,2,08,03,16,313,39.8,29,15,186,39.9,14,07,217,,21,87,087,39.5,1*7C
$GLGSV,1,1,04,79,64,068,39.8,78,15,029,39.7,85,14,280,40.4,68,11,110,40.1,1*78
$GAGSV,1,1,00,7*73
$GBGSV,1,1,04,08,54,181,39.4,04,27,125,39.5,09,22,191,38.9,05,15,249,39.1,1*72
$GNRMC,221641.000,A,3900.0013,N,11613.9846,E,0.01,328.57,280612,,,A,V*02
$GNVTG,328.57,T,,M,0.01,N,0.02,K,A*2B
$GNZDA,221641.000,28,06,2012,,*47
$GNGGA,221642.000,3900.0013,N,11613.9846,E,1,12,0.68,-14.3,M,-6.8,M,,*79
$PAIRACC,3.55,8.20*42
$GNGLL,3900.0013,N,11613.9846,E,221642.000,A,A*49
$GNGSA,A,3,27,03,29,21,,,,,,,,,1.22,0.68,1.01,1*00
$GNGSA,A,3,79,78,85,68,,,,,,,,,1.22,0.68,1.01,2*0F
$GNGSA,A,3,,,,,,,,,,,,,1.22,0.68,1.01,3*0C
$GNGSA,A,3,08,04,09,05,,,,,,,,,1.22,0.68,1.01,4*0B
$GPGSV,2,1,08,27,06,034,40.0,18,62,310,,15,43,049,,09,30,127,,1*7E
$GPGSV,2,2,08,03,16,313,39.9,29,15,186,39.7,14,07,217,,21,87,087,39.8,1*7E
$GLGSV,1,1,04,79,64,068,40.3,78,15,029,39.8,85,14,280,39.7,68,11,110,39.9,1*79
$GAGSV,1,1,00,7*73
$GBGSV,1,1,04,08,54,181,38.7,04,27,125,39.2,09,22,191,39.3,05,15,249,38.7,1*7B
$GNRMC,221642.000,A,3900.0013,N,11613.9846,E,0.01,330.63,280612,,,A,V*0F
$GNVTG,330.63,T,,M,0.01,N,0.02,K,A*25
$GNZDA,221642.000,28,06,2012,,*44
$GNGGA,221643.000,3900.0014,N,11613.9846,E,1,12,0.68,-14.3,M,-6.8,M,,*7F
$PAIRACC,3.55,8.13*42
$GNGLL,3900.0014,N,11613.9846,E,221643.000,A,A*4F
$GNGSA,A,3,27,03,29,21,,,,,,,,,1.22,0.68,1.01,1*00
$GNGSA,A,3,79,78,85,68,,,,,,,,,1.22,0.68,1.01,2*0F
$GNGSA,A,3,,,,,,,,,,,,,1.22,0.68,1.01,3*0C
$GNGSA,A,3,08,04,09,05,,,,,,,,,1.22,0.68,1.01,4*0B
$GPGSV,2,1,08,27,06,034,40.2,18,62,310,,15,43,049,,09,30,127,,1*7C
$GPGSV,2,2,08,03,16,313,39.9,29,15,186,40.2,14,07,217,,21,87,087,39.4,1*79
$GLGSV,1,1,04,79,64,068,39.8,78,15,029,39.7,85,14,280,39.8,68,11,110,40.0,1*7B
$GAGSV,1,1,00,7*73
$GBGSV,1,1,04,08,54,181,39.2,04,27,125,38.8,09,22,191,39.5,05,15,249,38.6,1*73
$GNRMC,221643.000,A,3900.0014,N,11613.9846,E,0.01,325.67,280612,,,A,V*09
$GNVTG,325.67,T,,M,0.01,N,0.02,K,A*25
$GNZDA,221643.000,28,06,2012,,*45
$GNGGA,221644.000,3900.0014,N,11613.9846,E,1,12,0.68,-14.3,M,-6.8,M,,*78
$PAIRACC,3.54,8.12*42
$GNGLL,3900.0014,N,11613.9846,E,221644.000,A,A*48
$GNGSA,A,3,27,03,29,21,,,,,,,,,1.22,0.68,1.01,1*00
$GNGSA,A,3,79,78,85,68,,,,,,,,,1.22,0.68,1.01,2*0F
$GNGSA,A,3,,,,,,,,,,,,,1.22,0.68,1.01,3*0C
$GNGSA,A,3,08,04,09,05,,,,,,,,,1.22,0.68,1.01,4*0B
$GPGSV,2,1,08,27,06,034,40.1,18,62,310,,15,43,049,,09,30,127,,1*7F
$GPGSV,2,2,08,03,16,313,39.7,29,15,186,39.9,14,07,217,,21,87,087,39.7,1*71
$GLGSV,1,1,04,79,64,068,40.5,78,15,029,40.2,85,14,280,39.9,68,11,110,39.6,1*7A
$GAGSV,1,1,00,7*73
$GBGSV,1,1,04,08,54,181,40.0,04,27,125,39.4,09,22,191,40.0,05,15,249,39.4,1*7A
$GNRMC,221644.000,A,3900.0014,N,11613.9846,E,0.01,339.13,280612,,,A,V*00
$GNVTG,339.13,T,,M,0.01,N,0.02,K,A*2B
$GNZDA,221644.000,28,06,2012,,*42
$GNGGA,221645.000,3900.0014,N,11613.9846,E,1,12,0.68,-14.2,M,-6.8,M,,*78
$PAIRACC,3.56,8.17*45
$GNGLL,3900.0014,N,11613.9846,E,221645.000,A,A*49
$GNGSA,A,3,27,03,29,21,,,,,,,,,1.22,0.68,1.01,1*00
$GNGSA,A,3,79,78,85,68,,,,,,,,,1.22,0.68,1.01,2*0F
$GNGSA,A,3,,,,,,,,,,,,,1.22,0.68,1.01,3*0C
$GNGSA,A,3,08,04,09,05,,,,,,,,,1.22,0.68,1.01,4*0B
$GPGSV,2,1,08,27,06,034,40.0,18,62,310,,15,43,049,,09,30,127,,1*7E
$GPGSV,2,2,08,03,16,313,39.7,29,15,186,39.6,14,07,217,,21,87,087,40.0,1*77
$GLGSV,1,1,04,79,64,068,40.1,78,15,029,40.0,85,14,280,39.8,68,11,110,39.6,1*7D
$GAGSV,1,1,00,7*73
$GBGSV,1,1,04,08,54,181,40.0,04,27,125,39.3,09,22,191,39.8,05,15,249,38.6,1*78
$GNRMC,221645.000,A,3900.0014,N,11613.9846,E,0.01,333.59,280612,,,A,V*05
$GNVTG,333.59,T,,M,0.01,N,0.02,K,A*2F
$GNZDA,221645.000,28,06,2012,,*43
$GNGGA,221646.000,3900.0014,N,11613.9846,E,1,12,0.68,-14.2,M,-6.8,M,,*7B
$PAIRACC,3.53,8.11*46
$GNGLL,3900.0014,N,11613.9846,E,221646.000,A,A*4A
$GNGSA,A,3,27,03,29,21,,,,,,,,,1.22,0.68,1.01,1*00
$GNGSA,A,3,79,78,85,68,,,,,,,,,1.22,0.68,1.01,2*0F
$GNGSA,A,3,,,,,,,,,,,,,1.22,0.68,1.01,3*0C
$GNGSA,A,3,08,04,09,05,,,,,,,,,1.22,0.68,1.01,4*0B
$GPGSV,2,1,08,27,06,034,40.0,18,62,310,,15,43,049,,09,30,127,,1*7E
$GPGSV,2,2,08,03,16,313,39.9,29,15,186,39.7,14,07,217,,21,87,087,39.9,1*7F
$GLGSV,1,1,04,79,64,068,40.2,78,15,029,39.7,85,14,280,39.8,68,11,110,39.8,1*79
$GAGSV,1,1,00,7*73
$GBGSV,1,1,04,08,54,181,39.8,04,27,125,39.4,09,22,191,39.2,05,15,249,39.3,1*77
$GNRMC,221646.000,A,3900.0014,N,11613.9846,E,0.01,332.46,280612,,,A,V*09
$GNVTG,332.46,T,,M,0.01,N,0.02,K,A*20
$GNZDA,221646.000,28,06,2012,,*40
$GNGGA,221647.000,3900.0014,N,11613.9846,E,1,12,0.68,-14.2,M,-6.8,M,,*7A
$PAIRACC,3.54,8.11*41
$GNGLL,3900.0014,N,11613.9846,E,221647.000,A,A*4B
$GNGSA,A,3,27,03,29,21,,,,,,,,,1.22,0.68,1.01,1*00
$GNGSA,A,3,79,78,85,68,,,,,,,,,1.22,0.68,1.01,2*0F
$GNGSA,A,3,,,,,,,,,,,,,1.22,0.68,1.01,3*0C
$GNGSA,A,3,08,04,09,05,,,,,,,,,1.22,0.68,1.01,4*0B
$GPGSV,2,1,08,27,06,034,39.8,18,62,310,,15,43,049,,09,30,127,,1*78
$GPGSV,2,2,08,03,16,313,39.8,29,15,186,40.0,14,07,217,,21,87,087,39.7,1*79
$GLGSV,1,1,04,79,64,068,40.0,78,15,029,39.5,85,14,280,39.8,68,11,110,39.9,1*78
$GAGSV,1,1,00,7*73
$GBGSV,1,1,04,08,54,181,40.0,04,27,125,39.4,09,22,191,39.5,05,15,249,39.3,1*76
$GNRMC,221647.000,A,3900.0014,N,11613.9846,E,0.01,335.67,280612,,,A,V*0C
$GNVTG,335.67,T,,M,0.01,N,0.02,K,A*24
$GNZDA,221647.000,28,06,2012,,*41
$GNGGA,221648.000,3900.0014,N,11613.9846,E,1,12,0.68,-14.2,M,-6.8,M,,*75
$PAIRACC,3.55,8.13*42
$GNGLL,3900.0014,N,11613.9846,E,221648.000,A,A*44
$GNGSA,A,3,27,03,29,21,,,,,,,,,1.22,0.68,1.01,1*00
$GNGSA,A,3,79,78,85,68,,,,,,,,,1.22,0.68,1.01,2*0F
$GNGSA,A,3,,,,,,,,,,,,,1.22,0.68,1.01,3*0C
$GNGSA,A,3,08,04,09,05,,,,,,,,,1.22,0.68,1.01,4*0B
$GPGSV,2,1,08,27,06,034,39.8,18,62,310,,15,43,049,,09,30,127,,1*78
$GPGSV,2,2,08,03,16,313,39.9,29,15,186,39.9,14,07,217,,21,87,087,39.6,1*7E
$GLGSV,1,1,04,79,64,068,39.9,78,15,029,39.7,85,14,280,40.2,68,11,110,40.0,1*7E
$GAGSV,1,1,00,7*73
$GBGSV,1,1,04,08,54,181,39.8,04,27,125,39.0,09,22,191,38.8,05,15,249,39.0,1*7B
$GNRMC,221648.000,A,3900.0014,N,11613.9846,E,0.01,330.62,280612,,,A,V*03
$GNVTG,330.62,T,,M,0.01,N,0.02,K,A*24
$GNZDA,221648.000,28,06,2012,,*4E
$GNGGA,221649.000,3900.0014,N,11613.9846,E,1,12,0.68,-14.2,M,-6.8,M,,*74
$PAIRACC,3.54,8.11*41
$GNGLL,3900.0014,N,11613.9846,E,221649.000,A,A*45
$GNGSA,A,3,27,03,29,21,,,,,,,,,1.22,0.68,1.01,1*00
$GNGSA,A,3,79,78,85,68,,,,,,,,,1.22,0.68,1.01,2*0F
$GNGSA,A,3,,,,,,,,,,,,,1.22,0.68,1.01,3*0C
$GNGSA,A,3,08,04,09,05,,,,,,,,,1.22,0.68,1.01,4*0B
$GPGSV,2,1,08,27,06,034,39.7,18,62,310,,15,43,049,,09,30,127,,1*77
$GPGSV,2,2,08,03,16,313,39.7,29,15,186,39.7,14,07,217,,21,87,087,39.3,1*7B
$GLGSV,1,1,04,79,64,068,40.1,78,15,029,40.3,85,14,280,39.5,68,11,110,39.9,1*7C
$GAGSV,1,1,00,7*73
$GBGSV,1,1,04,08,54,181,39.4,04,27,125,39.3,09,22,191,39.1,05,15,249,38.9,1*74
$GNRMC,221649.000,A,3900.0014,N,11613.9846,E,0.01,334.96,280612,,,A,V*0D
$GNVTG,334.96,T,,M,0.01,N,0.02,K,A*2B
$GNZDA,221649.000,28,06,2012,,*4F
$GNGGA,221650.000,3900.0014,N,11613.9846,E,1,12,0.68,-14.2,M,-6.8,M,,*7C
$PAIRACC,3.53,8.09*4F
$GNGLL,3900.0014,N,11613.9846,E,221650.000,A,A*4D
$GNGSA,A,3,27,03,29,21,,,,,,,,,1.22,0.68,1.01,1*00
$GNGSA,A,3,79,78,85,68,,,,,,,,,1.22,0.68,1.01,2*0F
$GNGSA,A,3,,,,,,,,,,,,,1.22,0.68,1.01,3*0C
$GNGSA,A,3,08,04,09,05,,,,,,,,,1.22,0.68,1.01,4*0B
$GPGSV,2,1,08,27,06,034,40.2,18,62,310,,15,43,049,,09,30,127,,1*7C
$GPGSV,2,2,08,03,16,313,40.3,29,15,186,39.5,14,07,217,,21,87,087,39.9,1*79
$GLGSV,1,1,04,79,64,068,40.3,78,15,029,40.0,85,14,280,39.8,68,11,110,39.9,1*70
$GAGSV,1,1,00,7*73
$GBGSV,1,1,04,08,54,181,39.4,04,27,125,39.6,09,22,191,39.3,05,15,249,39.5,1*7E
$GNRMC,221650.000,A,3900.0014,N,11613.9846,E,0.01,331.79,280612,,,A,V*01
$GNVTG,331.79,T,,M,0.01,N,0.02,K,A*2F
$GNZDA,221650.000,28,06,2012,,*47
$GNGGA,221651.000,3900.0014,N,11613.9846,E,1,12,0.68,-14.2,M,-6.8,M,,*7D
$PAIRACC,3.53,8.10*47
$GNGLL,3900.0014,N,11613.9846,E,221651.000,A,A*4C
$GNGSA,A,3,27,03,29,21,,,,,,,,,1.22,0.68,1.01,1*00
$GNGSA,A,3,79,78,85,68,,,,,,,,,1.22,0.68,1.01,2*0F
$GNGSA,A,3,,,,,,,,,,,,,1.22,0.68,1.01,3*0C
$GNGSA,A,3,08,04,09,05,,,,,,,,,1.22,0.68,1.01,4*0B
$GPGSV,2,1,08,27,06,034,39.8,18,62,310,,15,43,049,,09,30,127,,1*78
$GPGSV,2,2,08,03,16,313,39.7,29,15,186,39.7,14,07,217,,21,87,087,39.7,1*7F
$GLGSV,1,1,04,79,64,068,39.7,78,15,029,40.0,85,14,280,39.8,68,11,110,40.0,1*7D
$GAGSV,1,1,00,7*73
$GBGSV,1,1,04,08,54,181,39.9,04,27,125,39.0,09,22,191,39.7,05,15,249,38.9,1*7C
$GNRMC,221651.000,A,3900.0014,N,11613.9846,E,0.01,326.68,280612,,,A,V*06
$GNVTG,326.68,T,,M,0.01,N,0.02,K,A*29
$GNZDA,221651.000,28,06,2012,,*46
$GNGGA,221652.000,3900.0014,N,11613.9846,E,1,12,0.68,-14.1,M,-6.8,M,,*7D
$PAIRACC,3.52,8.08*4F
$GNGLL,3900.0014,N,11613.9846,E,221652.000,A,A*4F
$GNGSA,A,3,27,03,29,21,,,,,,,,,1.22,0.68,1.01,1*00
$GNGSA,A,3,79,78,85,68,,,,,,,,,1.22,0.68,1.01,2*0F
$GNGSA,A,3,,,,,,,,,,,,,1.22,0.68,1.01,3*0C
$GNGSA,A,3,08,04,09,05,,,,,,,,,1.22,0.68,1.01,4*0B
$GPGSV,2,1,08,27,06,034,40.1,18,62,310,,15,43,049,,09,30,127,,1*7F
$GPGSV,2,2,08,03,16,313,39.8,29,15,186,39.7,14,07,217,,21,87,087,40.0,1*79
$GLGSV,1,1,04,79,64,068,40.2,78,15,029,40.3,85,14,280,40.2,68,11,110,40.0,1*71
$GAGSV,1,1,00,7*73
$GBGSV,1,1,04,08,54,181,39.4,04,27,125,39.1,09,22,191,39.3,05,15,249,38.8,1*75
$GNRMC,221652.000,A,3900.0014,N,11613.9846,E,0.01,327.04,280612,,,A,V*0E
$GNVTG,327.04,T,,M,0.01,N,0.02,K,A*22
$GNZDA,221652.000,28,06,2012,,*45
$GNGGA,221653.000,3900.0014,N,11613.9846,E,1,12,0.68,-14.1,M,-6.8,M,,*7C
$PAIRACC,3.53,8.10*47
$GNGLL,3900.0014,N,11613.9846,E,221653.000,A,A*4E
$GNGSA,A,3,27,03,29,21,,,,,,,,,1.22,0.68,1.01,1*00
$GNGSA,A,3,79,78,85,68,,,,,,,,,1.22,0.68,1.01,2*0F
$GNGSA,A,3,,,,,,,,,,,,,1.22,0.68,1.01,3*0C
$GNGSA,A,3,08,04,09,05,,,,,,,,,1.22,0.68,1.01,4*0B
$GPGSV,2,1,08,27,06,034,40.1,18,62,310,,15,43,049,,09,30,127,,1*7F
$GPGSV,2,2,08,03,16,313,39.6,29,15,186,40.0,14,07,217,,21,87,087,40.1,1*7F
$GLGSV,1,1,04,79,64,068,40.2,78,15,029,39.9,85,14,280,39.8,68,11,110,39.9,1*76
$GAGSV,1,1,00,7*73
$GBGSV,1,1,04,08,54,181,39.8,04,27,125,39.3,09,22,191,39.4,05,15,249,39.6,1*73
$GNRMC,221653.000,A,3900.0014,N,11613.9846,E,0.01,330.27,280612,,,A,V*08
$GNVTG,330.27,T,,M,0.01,N,0.02,K,A*25
$GNZDA,221653.000,28,06,2012,,*44
$GNGGA,221654.000,3900.0014,N,11613.9846,E,1,12,0.68,-14.1,M,-6.8,M,,*7B
$PAIRACC,3.52,8.07*40
$GNGLL,3900.0014,N,11613.9846,E,221654.000,A,A*49
$GNGSA,A,3,27,03,29,21,,,,,,,,,1.22,0.68,1.01,1*00
$GNGSA,A,3,79,78,85,68,,,,,,,,,1.22,0.68,1.01,2*0F
$GNGSA,A,3,,,,,,,,,,,,,1.22,0.68,1.01,3*0C
$GNGSA,A,3,08,04,09,05,,,,,,,,,1.22,0.68,1.01,4*0B
$GPGSV,2,1,08,27,06,034,39.8,18,62,310,,15,43,049,,09,30,127,,1*78
$GPGSV,2,2,08,03,16,313,39.7,29,15,186,39.9,14,07,217,,21,87,087,39.8,1*7E
$GLGSV,1,1,04,79,64,068,40.2,78,15,029,40.1,85,14,280,40.0,68,11,110,40.1,1*70
$GAGSV,1,1,00,7*73
$GBGSV,1,1,04,08,54,181,39.7,04,27,125,39.3,09,22,191,39.8,05,15,249,38.8,1*7F
$GNRMC,221654.000,A,3900.0014,N,11613.9846,E,0.01,333.24,280612,,,A,V*0F
$GNVTG,333.24,T,,M,0.01,N,0.02,K,A*25
$GNZDA,221654.000,28,06,2012,,*43
$GNGGA,221655.000,3900.0014,N,11613.9846,E,1,12,0.68,-14.1,M,-6.8,M,,*7A
$PAIRACC,3.52,8.09*4E
$GNGLL,3900.0014,N,11613.9846,E,221655.000,A,A*48
$GNGSA,A,3,27,03,29,21,,,,,,,,,1.22,0.68,1.01,1*00
$GNGSA,A,3,79,78,85,68,,,,,,,,,1.22,0.68,1.01,2*0F
$GNGSA,A,3,,,,,,,,,,,,,1.22,0.68,1.01,3*0C
$GNGSA,A,3,08,04,09,05,,,,,,,,,1.22,0.68,1.01,4*0B
$GPGSV,2,1,08,27,06,034,40.1,18,62,310,,15,43,049,,09,30,127,,1*7F
$GPGSV,2,2,08,03,16,313,40.0,29,15,186,39.4,14,07,217,,21,87,087,39.9,1*7B
$GLGSV,1,1,04,79,64,068,40.2,78,15,029,39.6,85,14,280,40.1,68,11,110,39.8,1*7F
$GAGSV,1,1,00,7*73
$GBGSV,1,1,04,08,54,181,39.8,04,27,125,39.2,09,22,191,39.6,05,15,249,38.8,1*7F
$GNRMC,221655.000,A,3900.0014,N,11613.9846,E,0.01,331.90,280612,,,A,V*03
$GNVTG,331.90,T,,M,0.01,N,0.02,K,A*28
$GNZDA,221655.000,28,06,2012,,*42
$GNGGA,221656.000,3900.0014,N,11613.9846,E,1,12,0.68,-14.1,M,-6.8,M,,*79
$PAIRACC,3.52,8.12*44
$GNGLL,3900.0014,N,11613.9846,E,221656.000,A,A*4B
$GNGSA,A,3,27,03,29,21,,,,,,,,,1.22,0.68,1.01,1*00
$GNGSA,A,3,79,78,85,68,,,,,,,,,1.22,0.68,1.01,2*0F
$GNGSA,A,3,,,,,,,,,,,,,1.22,0.68,1.01,3*0C
$GNGSA,A,3,08,04,09,05,,,,,,,,,1.22,0.68,1.01,4*0B
$GPGSV,2,1,08,27,06,034,40.2,18,62,310,,15,43,049,,09,30,127,,1*7C
$GPGSV,2,2,08,03,16,313,39.5,29,15,186,40.1,14,07,217,,21,87,087,39.4,1*76
$GLGSV,1,1,04,79,64,068,40.1,78,15,029,39.9,85,14,280,39.5,68,11,110,40.1,1*7E
$GAGSV,1,1,00,7*73
$GBGSV,1,1,04,08,54,181,38.8,04,27,125,39.3,09,22,191,39.4,05,15,249,39.5,1*71
$GNRMC,221656.000,A,3900.0014,N,11613.9846,E,0.01,333.50,280612,,,A,V*0E
$GNVTG,333.50,T,,M,0.01,N,0.02,K,A*26
$GNZDA,221656.000,28,06,2012,,*41
$GNGGA,221657.000,3900.0014,N,11613.9845,E,1,12,0.68,-14.1,M,-6.8,M,,*7B
$PAIRACC,3.52,8.07*40
$GNGLL,3900.0014,N,11613.9845,E,221657.000,A,A*49
$GNGSA,A,3,27,03,29,21,,,,,,,,,1.22,0.68,1.01,1*00
$GNGSA,A,3,79,78,85,68,,,,,,,,,1.22,0.68,1.01,2*0F
$GNGSA,A,3,,,,,,,,,,,,,1.22,0.68,1.01,3*0C
$GNGSA,A,3,08,04,09,05,,,,,,,,,1.22,0.68,1.01,4*0B
$GPGSV,2,1,08,27,06,034,39.9,18,62,310,,15,43,049,,09,30,127,,1*79
$GPGSV,2,2,08,03,16,313,39.9,29,15,186,40.0,14,07,217,,21,87,087,39.3,1*7C
$GLGSV,1,1,04,79,64,068,40.0,78,15,029,39.8,85,14,280,40.1,68,11,110,40.1,1*74
$GAGSV,1,1,00,7*73
$GBGSV,1,1,04,08,54,181,39.6,04,27,125,39.1,09,22,191,39.4,05,15,249,38.4,1*7C
$GNRMC,221657.000,A,3900.0014,N,11613.9845,E,0.01,333.74,280612,,,A,V*0A
$GNVTG,333.74,T,,M,0.01,N,0.02,K,A*20
$GNZDA,221657.000,28,06,2012,,*40
$GNGGA,221658.000,3900.0015,N,11613.9845,E,1,12,0.68,-14.1,M,-6.8,M,,*75
$PAIRACC,3.51,8.05*41
$GNGLL,3900.0015,N,11613.9845,E,221658.000,A,A*47
$GNGSA,A,3,27,03,29,21,,,,,,,,,1.22,0.68,1.01,1*00
$GNGSA,A,3,79,78,85,68,,,,,,,,,1.22,0.68,1.01,2*0F
$GNGSA,A,3,,,,,,,,,,,,,1.22,0.68,1.01,3*0C
$GNGSA,A,3,08,04,09,05,,,,,,,,,1.22,0.68,1.01,4*0B
$GPGSV,2,1,08,27,06,034,40.0,18,62,310,,15,43,049,,09,30,127,,1*7E
$GPGSV,2,2,08,03,16,313,39.9,29,15,186,39.9,14,07,217,,21,87,087,39.5,1*7D
$GLGSV,1,1,04,79,64,068,39.9,78,15,029,40.1,85,14,280,39.8,68,11,110,39.9,1*75
$GAGSV,1,1,00,7*73
$GBGSV,1,1,04,08,54,181,39.3,04,27,125,39.2,09,22,191,39.4,05,15,249,38.5,1*7B
$GNRMC,221658.000,A,3900.0015,N,11613.9845,E,0.01,329.65,280612,,,A,V*0F
$GNVTG,329.65,T,,M,0.01,N,0.02,K,A*2B
$GNZDA,221658.000,28,06,2012,,*4F
$GNGGA,221659.000,3900.0015,N,11613.9845,E,1,12,0.68,-14.1,M,-6.8,M,,*74
$PAIRACC,3.51,8.07*43
$GNGLL,3900.0015,N,11613.9845,E,221659.000,A,A*46
$GNGSA,A,3,27,03,29,21,,,,,,,,,1.22,0.68,1.01,1*00
$GNGSA,A,3,79,78,85,68,,,,,,,,,1.22,0.68,1.01,2*0F
$GNGSA,A,3,,,,,,,,,,,,,1.22,0.68,1.01,3*0C
$GNGSA,A,3,08,04,09,05,,,,,,,,,1.22,0.68,1.01,4*0B
$GPGSV,2,1,08,27,06,034,39.7,18,62,310,,15,43,049,,09,30,127,,1*77
$GPGSV,2,2,08,03,16,313,39.2,29,15,186,40.0,14,07,217,,21,87,087,39.8,1*7C
$GLGSV,1,1,04,79,64,068,40.1,78,15,029,39.7,85,14,280,39.6,68,11,110,40.5,1*77
$GAGSV,1,1,00,7*73
$GBGSV,1,1,04,08,54,181,39.5,04,27,125,39.3,09,22,191,39.7,05,15,249,39.5,1*7E
$GNRMC,221659.000,A,3900.0015,N,11613.9845,E,0.01,329.82,280612,,,A,V*07
$GNVTG,329.82,T,,M,0.01,N,0.02,K,A*22
$GNZDA,221659.000,28,06,2012,,*4E
$GNGGA,221700.000,3900.0015,N,11613.9845,E,1,12,0.68,-14.0,M,-6.8,M,,*78
$PAIRACC,3.51,8.03*47
$GNGLL,3900.0015,N,11613.9845,E,221700.000,A,A*4B
$GNGSA,A,3,27,03,29,21,,,,,,,,,1.22,0.68,1.01,1*00
$GNGSA,A,3,79,78,85,68,,,,,,,,,1.22,0.68,1.01,2*0F
$GNGSA,A,3,,,,,,,,,,,,,1.22,0.68,1.01,3*0C
$GNGSA,A,3,08,04,09,05,,,,,,,,,1.22,0.68,1.01,4*0B
$GPGSV,2,1,08,27,06,034,40.0,18,62,310,,15,43,049,,09,30,127,,1*7E
$GPGSV,2,2,08,03,16,313,40.0,29,15,186,39.7,14,07,217,,21,87,087,40.0,1*7F
$GLGSV,1,1,04,79,64,068,40.4,78,15,029,40.1,85,14,280,39.9,68,11,110,40.1,1*71
$GAGSV,1,1,00,7*73
$GBGSV,1,1,04,08,54,181,39.4,04,27,125,39.0,09,22,191,39.2,05,15,249,38.6,1*7B
$GNRMC,221700.000,A,3900.0015,N,11613.9845,E,0.01,338.68,280612,,,A,V*0E
$GNVTG,338.68,T,,M,0.01,N,0.02,K,A*26
$GNZDA,221700.000,28,06,2012,,*43
$GNGGA,221701.000,3900.0015,N,11613.9845,E,1,12,0.68,-14.0,M,-6.8,M,,*79
$PAIRACC,3.53,8.11*46
$GNGLL,3900.0015,N,11613.9845,E,221701.000,A,A*4A
$GNGSA,A,3,27,03,29,21,,,,,,,,,1.22,0.68,1.01,1*00
$GNGSA,A,3,79,78,85,68,,,,,,,,,1.22,0.68,1.01,2*0F
$GNGSA,A,3,,,,,,,,,,,,,1.22,0.68,1.01,3*0C
$GNGSA,A,3,08,04,09,05,,,,,,,,,1.22,0.68,1.01,4*0B
$GPGSV,2,1,08,27,06,034,39.9,18,62,310,,15,43,049,,09,30,127,,1*79
$GPGSV,2,2,08,03,16,313,39.8,29,15,186,39.7,14,07,217,,21,87,087,39.8,1*7F
$GLGSV,1,1,04,79,64,068,39.9,78,15,029,40.0,85,14,280,39.8,68,11,110,40.6,1*75
$GAGSV,1,1,00,7*73
$GBGSV,1,1,04,08,54,181,39.9,04,27,125,39.0,09,22,191,39.3,05,15,249,39.0,1*70
$GNRMC,221701.000,A,3900.0015,N,11613.9845,E,0.01,336.26,280612,,,A,V*0B
$GNVTG,336.26,T,,M,0.01,N,0.02,K,A*22
$GNZDA,221701.000,28,06,2012,,*42
$GNGGA,221702.000,3900.0015,N,11613.9845,E,1,12,0.68,-14.0,M,-6.8,M,,*7A
$PAIRACC,3.50,8.04*41
$GNGLL,3900.0015,N,11613.9845,E,221702.000,A,A*49
$GNGSA,A,3,27,03,29,21,,,,,,,,,1.22,0.68,1.01,1*00
$GNGSA,A,3,79,78,85,68,,,,,,,,,1.22,0.68,1.01,2*0F
$GNGSA,A,3,,,,,,,,,,,,,1.22,0.68,1.01,3*0C
$GNGSA,A,3,08,04,09,05,,,,,,,,,1.22,0.68,1.01,4*0B
$GPGSV,2,1,08,27,06,034,39.9,18,62,310,,15,43,049,,09,30,127,,1*79
$GPGSV,2,2,08,03,16,313,39.8,29,15,186,40.1,14,07,217,,21,87,087,40.0,1*71
$GLGSV,1,1,04,79,64,068,40.2,78,15,029,40.8,85,14,280,39.4,68,11,110,39.8,1*74
$GAGSV,1,1,00,7*73
$GBGSV,1,1,04,08,54,181,39.9,04,27,125,39.7,09,22,191,39.3,05,15,249,39.5,1*72
$GNRMC,221702.000,A,3900.0015,N,11613.9845,E,0.01,339.84,280612,,,A,V*0F
$GNVTG,339.84,T,,M,0.01,N,0.02,K,A*25
$GNZDA,221702.000,28,06,2012,,*41
$GNGGA,221703.000,3900.0015,N,11613.9845,E,1,12,0.68,-14.0,M,-6.8,M,,*7B
$PAIRACC,3.55,8.13*42
$GNGLL,3900.0015,N,11613.9845,E,221703.000,A,A*48
$GNGSA,A,3,27,03,29,21,,,,,,,,,1.22,0.68,1.01,1*00
$GNGSA,A,3,79,78,85,68,,,,,,,,,1.22,0.68,1.01,2*0F
$GNGSA,A,3,,,,,,,,,,,,,1.22,0.68,1.01,3*0C
$GNGSA,A,3,08,04,09,05,,,,,,,,,1.22,0.68,1.01,4*0B
$GPGSV,2,1,08,27,06,034,18.3,18,62,310,,15,43,049,,09,30,127,,1*70
$GPGSV,2,2,08,03,16,313,39.9,29,15,186,39.7,14,07,217,,21,87,087,40.0,1*78
$GLGSV,1,1,04,79,64,068,39.8,78,15,029,39.8,85,14,280,40.1,68,11,110,40.0,1*73
$GAGSV,1,1,00,7*73
$GBGSV,1,1,04,08,54,181,39.5,04,27,125,38.9,09,22,191,39.0,05,15,249,38.6,1*70
$GNRMC,221703.000,A,3900.0015,N,11613.9845,E,0.01,311.92,280612,,,A,V*03
$GNVTG,311.92,T,,M,0.01,N,0.02,K,A*28
$GNZDA,221703.000,28,06,2012,,*40
$GNGGA,221704.000,3900.0015,N,11613.9845,E,1,12,0.68,-14.0,M,-6.8,M,,*7C
$PAIRACC,3.52,8.07*40
$GNGLL,3900.0015,N,11613.9845,E,221704.000,A,A*4F
$GNGSA,A,3,27,03,29,21,,,,,,,,,1.22,0.68,1.01,1*00
$GNGSA,A,3,79,78,85,68,,,,,,,,,1.22,0.68,1.01,2*0F
$GNGSA,A,3,,,,,,,,,,,,,1.22,0.68,1.01,3*0C
$GNGSA,A,3,08,04,09,05,,,,,,,,,1.22,0.68,1.01,4*0B
$GPGSV,2,1,08,27,06,034,13.8,18,62,310,,15,43,049,,09,30,127,,1*70
$GPGSV,2,2,08,03,16,313,39.7,29,15,186,39.9,14,07,217,,21,87,087,40.0,1*78
$GLGSV,1,1,04,79,64,068,40.2,78,15,029,40.2,85,14,280,40.2,68,11,110,40.0,1*70
$GAGSV,1,1,00,7*73
$GBGSV,1,1,04,08,54,181,39.5,04,27,125,39.2,09,22,191,39.4,05,15,249,38.9,1*71
$GNRMC,221704.000,A,3900.0015,N,11613.9845,E,0.01,314.88,280612,,,A,V*0A
$GNVTG,314.88,T,,M,0.01,N,0.02,K,A*26
$GNZDA,221704.000,28,06,2012,,*47
$GNGGA,221705.000,3900.0015,N,11613.9845,E,1,11,0.74,-14.0,M,-6.8,M,,*73
$PAIRACC,3.55,8.13*42
$GNGLL,3900.0015,N,11613.9845,E,221705.000,A,A*4E
$GNGSA,A,3,03,29,21,,,,,,,,,,1.31,0.74,1.08,1*03
$GNGSA,A,3,79,78,85,68,,,,,,,,,1.31,0.74,1.08,2*09
$GNGSA,A,3,,,,,,,,,,,,,1.31,0.74,1.08,3*0A
$GNGSA,A,3,08,04,09,05,,,,,,,,,1.31,0.74,1.08,4*0D
$GPGSV,2,1,08,27,06,034,,18,62,310,,15,43,049,,09,30,127,,1*64
$GPGSV,2,2,08,03,16,313,39.8,29,15,186,39.9,14,07,217,,21,87,087,39.7,1*7E
$GLGSV,1,1,04,79,64,068,39.9,78,15,029,40.0,85,14,280,39.2,68,11,110,39.8,1*7F
$GAGSV,1,1,00,7*73
$GBGSV,1,1,04,08,54,181,40.0,04,27,125,39.5,09,22,191,39.5,05,15,249,39.1,1*75
$GNRMC,221705.000,A,3900.0015,N,11613.9845,E,0.01,311.41,280612,,,A,V*0B
$GNVTG,311.41,T,,M,0.01,N,0.02,K,A*26
$GNZDA,221705.000,28,06,2012,,*46
$GNGGA,221706.000,3900.0015,N,11613.9845,E,1,11,0.74,-13.9,M,-6.8,M,,*7E
$PAIRACC,3.58,8.12*4E
$GNGLL,3900.0015,N,11613.9845,E,221706.000,A,A*4D
$GNGSA,A,3,03,29,21,,,,,,,,,,1.31,0.74,1.08,1*03
$GNGSA,A,3,79,78,85,68,,,,,,,,,1.31,0.74,1.08,2*09
$GNGSA,A,3,,,,,,,,,,,,,1.31,0.74,1.08,3*0A
$GNGSA,A,3,08,04,09,05,,,,,,,,,1.31,0.74,1.08,4*0D
$GPGSV,2,1,08,27,06,034,,18,62,310,,15,43,049,,09,30,127,,1*64
$GPGSV,2,2,08,03,16,313,39.8,29,15,186,40.1,14,07,217,,21,87,087,39.8,1*77
$GLGSV,1,1,04,79,64,068,40.0,78,15,029,40.0,85,14,280,39.9,68,11,110,40.0,1*75
$GAGSV,1,1,00,7*73
$GBGSV,1,1,04,08,54,181,39.5,04,27,125,39.1,09,22,191,39.8,05,15,249,38.7,1*70
$GNRMC,221706.000,A,3900.0015,N,11613.9845,E,0.01,304.41,280612,,,A,V*0C
$GNVTG,304.41,T,,M,0.01,N,0.01,K,A*21
$GNZDA,221706.000,28,06,2012,,*45
$GNGGA,221707.000,3900.0015,N,11613.9845,E,1,11,0.74,-13.9,M,-6.8,M,,*7F
$PAIRACC,3.58,8.13*4F
$GNGLL,3900.0015,N,11613.9845,E,221707.000,A,A*4C
$GNGSA,A,3,03,29,21,,,,,,,,,,1.31,0.74,1.08,1*03
$GNGSA,A,3,79,78,85,68,,,,,,,,,1.31,0.74,1.08,2*09
$GNGSA,A,3,,,,,,,,,,,,,1.31,0.74,1.08,3*0A
$GNGSA,A,3,08,04,09,05,,,,,,,,,1.31,0.74,1.08,4*0D
$GPGSV,2,1,08,27,06,034,,18,62,310,,15,43,049,,09,30,127,,1*64
$GPGSV,2,2,08,03,16,313,39.5,29,15,186,40.2,14,07,217,,21,87,087,39.8,1*79
$GLGSV,1,1,04,79,64,068,40.2,78,15,029,40.1,85,14,280,40.2,68,11,110,40.1,1*72
$GAGSV,1,1,00,7*73
$GBGSV,1,1,04,08,54,181,39.6,04,27,125,39.2,09,22,191,39.7,05,15,249,38.8,1*70
$GNRMC,221707.000,A,3900.0015,N,11613.9845,E,0.01,297.98,280612,,,A,V*02
$GNVTG,297.98,T,,M,0.01,N,0.01,K,A*2E
$GNZDA,221707.000,28,06,2012,,*44
$GNGGA,221708.000,3900.0015,N,11613.9845,E,1,11,0.74,-13.9,M,-6.8,M,,*70
$PAIRACC,3.64,8.15*46
$GNGLL,3900.0015,N,11613.9845,E,221708.000,A,A*43
$GNGSA,A,3,03,29,21,,,,,,,,,,1.31,0.74,1.08,1*03
$GNGSA,A,3,79,78,85,68,,,,,,,,,1.31,0.74,1.08,2*09
$GNGSA,A,3,,,,,,,,,,,,,1.31,0.74,1.08,3*0A
$GNGSA,A,3,08,04,09,05,,,,,,,,,1.31,0.74,1.08,4*0D
$GPGSV,2,1,08,27,06,034,,18,62,310,,15,43,049,,09,30,127,,1*64
$GPGSV,2,2,08,03,16,313,39.8,29,15,186,39.7,14,07,217,,21,87,087,39.3,1*74
$GLGSV,1,1,04,79,64,068,40.0,78,15,029,40.3,85,14,280,39.8,68,11,110,40.0,1*77
$GAGSV,1,1,00,7*73
$GBGSV,1,1,04,08,54,181,40.0,04,27,125,39.1,09,22,191,39.7,05,15,249,39.2,1*70
$GNRMC,221708.000,A,3900.0015,N,11613.9845,E,0.01,297.50,280612,,,A,V*09
$GNVTG,297.50,T,,M,0.01,N,0.02,K,A*29
$GNZDA,221708.000,28,06,2012,,*4B
$GNGGA,221709.000,3900.0015,N,11613.9844,E,1,11,0.74,-13.8,M,-6.8,M,,*71
$PAIRACC,3.61,8.12*44
$GNGLL,3900.0015,N,11613.9844,E,221709.000,A,A*43
$GNGSA,A,3,03,29,21,,,,,,,,,,1.31,0.74,1.08,1*03
$GNGSA,A,3,79,78,85,68,,,,,,,,,1.31,0.74,1.08,2*09
$GNGSA,A,3,,,,,,,,,,,,,1.31,0.74,1.08,3*0A
$GNGSA,A,3,08,04,09,05,,,,,,,,,1.31,0.74,1.08,4*0D
$GPGSV,2,1,08,27,06,034,,18,62,310,,15,43,049,,09,30,127,,1*64
$GPGSV,2,2,08,03,16,313,39.6,29,15,186,39.9,14,07,217,,21,87,087,39.9,1*7E
$GLGSV,1,1,04,79,64,068,40.1,78,15,029,40.0,85,14,280,40.1,68,11,110,39.8,1*74
$GAGSV,1,1,00,7*73
$GBGSV,1,1,04,08,54,181,39.5,04,27,125,39.3,09,22,191,39.9,05,15,249,38.6,1*72
$GNRMC,221709.000,A,3900.0015,N,11613.9844,E,0.01,303.39,280612,,,A,V*0A
$GNVTG,303.39,T,,M,0.01,N,0.02,K,A*2A
$GNZDA,221709.000,28,06,2012,,*4A
$GNGGA,221710.000,3900.0015,N,11613.9844,E,1,11,0.74,-13.8,M,-6.8,M,,*79
$PAIRACC,3.61,8.08*4F
$GNGLL,3900.0015,N,11613.9844,E,221710.000,A,A*4B
$GNGSA,A,3,03,29,21,,,,,,,,,,1.31,0.74,1.08,1*03
$GNGSA,A,3,79,78,85,68,,,,,,,,,1.31,0.74,1.08,2*09
$GNGSA,A,3,,,,,,,,,,,,,1.31,0.74,1.08,3*0A
$GNGSA,A,3,08,04,09,05,,,,,,,,,1.31,0.74,1.08,4*0D
$GPGSV,2,1,08,27,06,034,,18,62,310,,15,43,049,,09,30,127,,1*64
$GPGSV,2,2,08,03,16,313,40.0,29,15,186,39.9,14,07,217,,21,87,087,40.1,1*70
$GLGSV,1,1,04,79,64,068,40.1,78,15,029,39.8,85,14,280,40.1,68,11,110,39.5,1*7F
$GAGSV,1,1,00,7*73
$GBGSV,1,1,04,08,54,181,39.4,04,27,125,38.8,09,22,191,39.7,05,15,249,38.9,1*78
$GNRMC,221710.000,A,3900.0015,N,11613.9844,E,0.01,308.01,280612,,,A,V*02
$GNVTG,308.01,T,,M,0.01,N,0.02,K,A*2A
$GNZDA,221710.000,28,06,2012,,*42
$GNGGA,221711.000,3900.0015,N,11613.9844,E,1,11,0.74,-13.7,M,-6.8,M,,*77
$PAIRACC,3.61,8.07*40
$GNGLL,3900.0015,N,11613.9844,E,221711.000,A,A*4A
$GNGSA,A,3,03,29,21,,,,,,,,,,1.31,0.74,1.08,1*03
$GNGSA,A,3,79,78,85,68,,,,,,,,,1.31,0.74,1.08,2*09
$GNGSA,A,3,,,,,,,,,,,,,1.31,0.74,1.08,3*0A
$GNGSA,A,3,08,04,09,05,,,,,,,,,1.31,0.74,1.08,4*0D
$GPGSV,2,1,08,27,06,034,,18,62,310,,15,43,049,,09,30,127,,1*64
$GPGSV,2,2,08,03,17,312,39.8,29,15,186,39.9,14,07,217,,21,87,087,40.0,1*77
$GLGSV,1,1,04,79,64,068,39.8,78,15,029,40.1,85,14,280,39.7,68,11,110,40.2,1*7E
$GAGSV,1,1,00,7*73
$GBGSV,1,1,04,08,54,181,39.5,04,27,125,39.4,09,22,191,39.2,05,15,249,39.7,1*7E
$GNRMC,221711.000,A,3900.0015,N,11613.9844,E,0.01,308.23,280612,,,A,V*03
$GNVTG,308.23,T,,M,0.01,N,0.02,K,A*2A
$GNZDA,221711.000,28,06,2012,,*43
$GNGGA,221712.000,3900.0015,N,11613.9844,E,1,11,0.74,-13.7,M,-6.8,M,,*74
$PAIRACC,3.62,8.08*4C
$GNGLL,3900.0015,N,11613.9844,E,221712.000,A,A*49
$GNGSA,A,3,03,29,21,,,,,,,,,,1.31,0.74,1.08,1*03
$GNGSA,A,3,79,78,85,68,,,,,,,,,1.31,0.74,1.08,2*09
$GNGSA,A,3,,,,,,,,,,,,,1.31,0.74,1.08,3*0A
$GNGSA,A,3,08,04,09,05,,,,,,,,,1.31,0.74,1.08,4*0D
$GPGSV,2,1,08,27,06,034,,18,62,310,,15,43,049,,09,30,127,,1*64
$GPGSV,2,2,08,03,17,312,40.0,29,15,186,40.2,14,07,217,,21,87,087,40.1,1*75
$GLGSV,1,1,04,79,64,068,40.0,78,15,029,40.3,85,14,280,39.8,68,11,110,39.6,1*7F
$GAGSV,1,1,00,7*73
$GBGSV,1,1,04,08,54,181,39.6,04,27,125,39.2,09,22,191,39.7,05,15,249,38.8,1*70
$GNRMC,221712.000,A,3900.0015,N,11613.9844,E,0.01,312.56,280612,,,A,V*09
$GNVTG,312.56,T,,M,0.01,N,0.02,K,A*23
$GNZDA,221712.000,28,06,2012,,*40
$GNGGA,221713.000,3900.0015,N,11613.9844,E,1,11,0.74,-13.7,M,-6.8,M,,*75
$PAIRACC,3.56,8.06*45
$GNGLL,3900.0015,N,11613.9844,E,221713.000,A,A*48
$GNGSA,A,3,03,29,21,,,,,,,,,,1.31,0.74,1.08,1*03
$GNGSA,A,3,79,78,85,68,,,,,,,,,1.31,0.74,1.08,2*09
$GNGSA,A,3,,,,,,,,,,,,,1.31,0.74,1.08,3*0A
$GNGSA,A,3,08,04,09,05,,,,,,,,,1.31,0.74,1.08,4*0D
$GPGSV,2,1,08,27,06,034,,18,62,310,,15,43,049,,09,30,127,,1*64
$GPGSV,2,2,08,03,17,312,39.9,29,15,186,39.7,14,07,217,,21,87,087,39.8,1*7E
$GLGSV,1,1,04,79,64,068,39.5,78,15,029,40.0,85,14,280,40.4,68,11,110,40.0,1*7D
$GAGSV,1,1,00,7*73
$GBGSV,1,1,04,08,54,181,39.2,04,27,125,38.9,09,22,191,39.2,05,15,249,38.8,1*7B
$GNRMC,221713.000,A,3900.0015,N,11613.9844,E,0.01,321.93,280612,,,A,V*01
$GNVTG,321.93,T,,M,0.01,N,0.02,K,A*2A
$GNZDA,221713.000,28,06,2012,,*41
$GNGGA,221714.000,3900.0015,N,11613.9843,E,1,11,0.74,-13.7,M,-6.8,M,,*75
$PAIRACC,3.54,8.04*45
$GNGLL,3900.0015,N,11613.9843,E,221714.000,A,A*48
$GNGSA,A,3,03,29,21,,,,,,,,,,1.31,0.74,1.08,1*03
$GNGSA,A,3,79,78,85,68,,,,,,,,,1.31,0.74,1.08,2*09
$GNGSA,A,3,,,,,,,,,,,,,1.31,0.74,1.08,3*0A
$GNGSA,A,3,08,04,09,05,,,,,,,,,1.31,0.74,1.08,4*0D
$GPGSV,2,1,08,27,06,034,,18,62,310,,15,43,049,,09,30,127,,1*64
$GPGSV,2,2,08,03,17,312,40.0,29,15,186,40.0,14,07,217,,21,87,087,39.3,1*7B
$GLGSV,1,1,04,79,64,068,40.2,78,15,029,40.1,85,14,280,39.6,68,11,110,40.2,1*7B
$GAGSV,1,1,00,7*73
$GBGSV,1,1,04,08,54,181,39.8,04,27,125,39.5,09,22,191,39.4,05,15,249,39.6,1*75
$GNRMC,221714.000,A,3900.0015,N,11613.9843,E,0.01,317.40,280612,,,A,V*0A
$GNVTG,317.40,T,,M,0.01,N,0.02,K,A*21
$GNZDA,221714.000,28,06,2012,,*46
$GNGGA,221715.000,3900.0015,N,11613.9843,E,1,11,0.74,-13.7,M,-6.8,M,,*74
$PAIRACC,3.53,8.13*44
$GNGLL,3900.0015,N,11613.9843,E,221715.000,A,A*49
$GNGSA,A,3,03,29,21,,,,,,,,,,1.31,0.74,1.08,1*03
$GNGSA,A,3,79,78,85,68,,,,,,,,,1.31,0.74,1.08,2*09
$GNGSA,A,3,,,,,,,,,,,,,1.31,0.74,1.08,3*0A
$GNGSA,A,3,08,04,09,05,,,,,,,,,1.31,0.74,1.08,4*0D
$GPGSV,2,1,08,27,06,034,,18,62,310,,15,43,049,,09,30,127,,1*64
$GPGSV,2,2,08,03,17,312,39.7,29,15,186,40.0,14,07,217,,21,87,087,39.5,1*74
$GLGSV,1,1,04,79,64,068,39.6,78,15,029,39.9,85,14,280,39.8,68,11,110,39.7,1*72
$GAGSV,1,1,00,7*73
$GBGSV,1,1,04,08,54,181,39.0,04,27,125,39.3,09,22,191,39.6,05,15,249,38.5,1*7B
$GNRMC,221715.000,A,3900.0015,N,11613.9843,E,0.01,322.18,280612,,,A,V*00
$GNVTG,322.18,T,,M,0.01,N,0.02,K,A*2A
$GNZDA,221715.000,28,06,2012,,*47
$GNGGA,221716.000,3900.0015,N,11613.9843,E,1,11,0.74,-13.6,M,-6.8,M,,*76
$PAIRACC,3.52,8.04*43
$GNGLL,3900.0015,N,11613.9843,E,221716.000,A,A*4A
$GNGSA,A,3,03,29,21,,,,,,,,,,1.31,0.74,1.08,1*03
$GNGSA,A,3,79,78,85,68,,,,,,,,,1.31,0.74,1.08,2*09
$GNGSA,A,3,,,,,,,,,,,,,1.31,0.74,1.08,3*0A
$GNGSA,A,3,08,04,09,05,,,,,,,,,1.31,0.74,1.08,4*0D
$GPGSV,2,1,08,27,06,034,,18,62,310,,15,43,049,,09,30,127,,1*64
$GPGSV,2,2,08,03,17,312,39.5,29,15,186,40.1,14,07,217,,21,87,087,39.8,1*7A
$GLGSV,1,1,04,79,64,068,39.7,78,15,029,39.6,85,14,280,40.0,68,11,110,39.7,1*7A
$GAGSV,1,1,00,7*73
$GBGSV,1,1,04,08,54,181,39.5,04,27,125,39.2,09,22,191,39.2,05,15,249,38.8,1*76
$GNRMC,221716.000,A,3900.0015,N,11613.9843,E,0.01,319.12,280612,,,A,V*01
$GNVTG,319.12,T,,M,0.01,N,0.02,K,A*28
$GNZDA,221716.000,28,06,2012,,*44
$GNGGA,221717.000,3900.0015,N,11613.9843,E,1,11,0.74,-13.6,M,-6.8,M,,*77
$PAIRACC,3.53,8.05*43
$GNGLL,3900.0015,N,11613.9843,E,221717.000,A,A*4B
$GNGSA,A,3,03,29,21,,,,,,,,,,1.31,0.74,1.08,1*03
$GNGSA,A,3,79,78,85,68,,,,,,,,,1.31,0.74,1.08,2*09
$GNGSA,A,3,,,,,,,,,,,,,1.31,0.74,1.08,3*0A
$GNGSA,A,3,08,04,09,05,,,,,,,,,1.31,0.74,1.08,4*0D
$GPGSV,2,1,08,27,06,034,,18,62,310,,15,43,049,,09,30,126,,1*65
$GPGSV,2,2,08,03,17,312,39.8,29,15,186,40.2,14,07,217,,21,87,087,39.9,1*75
$GLGSV,1,1,04,79,64,068,39.9,78,15,029,39.9,85,14,280,39.6,68,11,110,39.6,1*72
$GAGSV,1,1,00,7*73
$GBGSV,1,1,04,08,54,181,39.4,04,27,125,39.7,09,22,191,39.0,05,15,249,39.1,1*78
$GNRMC,221717.000,A,3900.0015,N,11613.9843,E,0.01,310.47,280612,,,A,V*09
$GNVTG,310.47,T,,M,0.01,N,0.02,K,A*21
$GNZDA,221717.000,28,06,2012,,*45
$GNGGA,221718.000,3900.0015,N,11613.9843,E,1,11,0.74,-13.6,M,-6.8,M,,*78
$PAIRACC,3.50,8.02*47
$GNGLL,3900.0015,N,11613.9843,E,221718.000,A,A*44
$GNGSA,A,3,03,29,21,,,,,,,,,,1.31,0.74,1.08,1*03
$GNGSA,A,3,79,78,85,68,,,,,,,,,1.31,0.74,1.08,2*09
$GNGSA,A,3,,,,,,,,,,,,,1.31,0.74,1.08,3*0A
$GNGSA,A,3,08,04,09,05,,,,,,,,,1.31,0.74,1.08,4*0D
$GPGSV,2,1,08,27,06,034,,18,62,310,,15,43,049,,09,30,126,,1*65
$GPGSV,2,2,08,03,17,312,39.5,29,15,186,40.3,14,07,217,,21,87,087,39.7,1*77
$GLGSV,1,1,04,79,64,068,39.9,78,15,029,40.1,85,14,280,39.5,68,11,110,39.6,1*77
$GAGSV,1,1,00,7*73
$GBGSV,1,1,04,08,54,181,39.7,04,27,125,38.9,09,22,191,39.8,05,15,249,38.5,1*79
$GNRMC,221718.000,A,3900.0015,N,11613.9843,E,0.01,313.72,280612,,,A,V*03
$GNVTG,313.72,T,,M,0.01,N,0.02,K,A*24
$GNZDA,221718.000,28,06,2012,,*4A
$GNGGA,221719.000,3900.0015,N,11613.9843,E,1,11,0.74,-13.6,M,-6.8,M,,*79
$PAIRACC,3.50,8.02*47
$GNGLL,3900.0015,N,11613.9843,E,221719.000,A,A*45
$GNGSA,A,3,03,29,21,,,,,,,,,,1.31,0.74,1.08,1*03
$GNGSA,A,3,79,78,85,68,,,,,,,,,1.31,0.74,1.08,2*09
$GNGSA,A,3,,,,,,,,,,,,,1.31,0.74,1.08,3*0A
$GNGSA,A,3,08,04,09,05,,,,,,,,,1.31,0.74,1.08,4*0D
$GPGSV,2,1,08,27,06,034,,18,62,310,,15,43,049,,09,30,126,,1*65
$GPGSV,2,2,08,03,17,312,39.6,29,15,186,39.5,14,07,217,,21,87,087,39.7,1*7C
$GLGSV,1,1,04,79,64,068,40.1,78,15,029,40.1,85,14,280,39.8,68,11,110,39.8,1*72
$GAGSV,1,1,00,7*73
$GBGSV,1,1,04,08,54,181,40.0,04,27,125,39.2,09,22,191,39.4,05,15,249,39.0,1*72
$GNRMC,221719.000,A,3900.0015,N,11613.9843,E,0.01,313.86,280612,,,A,V*09
$GNVTG,313.86,T,,M,0.01,N,0.02,K,A*2F
$GNZDA,221719.000,28,06,2012,,*4B
$GNGGA,221720.000,3900.0015,N,11613.9843,E,1,11,0.74,-13.6,M,-6.8,M,,*73
$PAIRACC,3.52,8.02*45
$GNGLL,3900.0015,N,11613.9843,E,221720.000,A,A*4F
$GNGSA,A,3,03,29,21,,,,,,,,,,1.31,0.74,1.08,1*03
$GNGSA,A,3,79,78,85,68,,,,,,,,,1.31,0.74,1.08,2*09
$GNGSA,A,3,,,,,,,,,,,,,1.31,0.74,1.08,3*0A
$GNGSA,A,3,08,04,09,05,,,,,,,,,1.31,0.74,1.08,4*0D
$GPGSV,2,1,08,27,06,034,,18,62,310,,15,43,049,,09,30,126,,1*65
$GPGSV,2,2,08,03,17,312,39.8,29,15,186,39.8,14,07,217,,21,87,087,40.1,1*77
$GLGSV,1,1,04,79,64,068,39.5,78,15,029,40.0,85,14,280,39.5,68,11,110,40.1,1*73
$GAGSV,1,1,00,7*73
$GBGSV,1,1,04,08,54,181,39.5,04,27,125,39.7,09,22,191,39.6,05,15,249,39.5,1*7B
$GNRMC,221720.000,A,3900.0015,N,11613.9843,E,0.01,309.57,280612,,,A,V*04
$GNVTG,309.57,T,,M,0.01,N,0.02,K,A*28
$GNZDA,221720.000,28,06,2012,,*41
$GNGGA,221721.000,3900.0015,N,11613.9843,E,1,11,0.74,-13.6,M,-6.8,M,,*72
$PAIRACC,3.51,8.01*45
$GNGLL,3900.0015,N,11613.9843,E,221721.000,A,A*4E
$GNGSA,A,3,03,29,21,,,,,,,,,,1.31,0.74,1.08,1*03
$GNGSA,A,3,79,78,85,68,,,,,,,,,1.31,0.74,1.08,2*09
$GNGSA,A,3,,,,,,,,,,,,,1.31,0.74,1.08,3*0A
$GNGSA,A,3,08,04,09,05,,,,,,,,,1.31,0.74,1.08,4*0D
$GPGSV,2,1,08,27,06,034,,18,62,310,,15,43,049,,09,30,126,,1*65
$GPGSV,2,2,08,03,17,312,39.7,29,15,186,39.9,14,07,217,,21,87,087,39.8,1*7E
$GLGSV,1,1,04,79,64,068,40.0,78,15,029,39.9,85,14,280,40.0,68,11,110,40.2,1*77
$GAGSV,1,1,00,7*73
$GBGSV,1,1,04,08,54,181,39.4,04,27,125,39.4,09,22,191,39.4,05,15,249,39.0,1*7E
$GNRMC,221721.000,A,3900.0015,N,11613.9843,E,0.01,312.94,280612,,,A,V*00
$GNVTG,312.94,T,,M,0.01,N,0.02,K,A*2D
$GNZDA,221721.000,28,06,2012,,*40
$GNGGA,221722.000,3900.0015,N,11613.9843,E,1,11,0.74,-13.5,M,-6.8,M,,*72
$PAIRACC,3.52,8.02*45
$GNGLL,3900.0015,N,11613.9843,E,221722.000,A,A*4D
$GNGSA,A,3,03,29,21,,,,,,,,,,1.31,0.74,1.08,1*03
$GNGSA,A,3,79,78,85,68,,,,,,,,,1.31,0.74,1.08,2*09
$GNGSA,A,3,,,,,,,,,,,,,1.31,0.74,1.08,3*0A
$GNGSA,A,3,08,04,09,05,,,,,,,,,1.31,0.74,1.08,4*0D
$GPGSV,2,1,08,27,06,034,,18,62,310,,15,43,049,,09,30,126,,1*65
$GPGSV,2,2,08,03,17,312,39.8,29,15,186,39.8,14,08,218,,21,87,087,40.0,1*76
$GLGSV,1,1,04,79,64,068,40.0,78,15,029,39.7,85,14,280,40.0,68,11,110,40.0,1*7B
$GAGSV,1,1,00,7*73
$GBGSV,1,1,04,08,54,181,39.5,04,27,125,39.2,09,22,191,39.6,05,15,249,38.5,1*7F
$GNRMC,221722.000,A,3900.0015,N,11613.9843,E,0.01,303.60,280612,,,A,V*08
$GNVTG,303.60,T,,M,0.01,N,0.02,K,A*26
$GNZDA,221722.000,28,06,2012,,*43
$GNGGA,221723.000,3900.0015,N,11613.9842,E,1,11,0.74,-13.5,M,-6.8,M,,*72
$PAIRACC,3.53,8.00*46
$GNGLL,3900.0015,N,11613.9842,E,221723.000,A,A*4D
$GNGSA,A,3,03,29,21,,,,,,,,,,1.31,0.74,1.08,1*03
$GNGSA,A,3,79,78,85,68,,,,,,,,,1.31,0.74,1.08,2*09
$GNGSA,A,3,,,,,,,,,,,,,1.31,0.74,1.08,3*0A
$GNGSA,A,3,08,04,09,05,,,,,,,,,1.31,0.74,1.08,4*0D
$GPGSV,2,1,08,27,06,034,,18,62,310,,15,42,049,,09,30,126,,1*64
$GPGSV,2,2,08,03,17,312,39.9,29,15,186,40.3,14,08,218,,21,87,087,40.0,1*72
$GLGSV,1,1,04,79,64,068,40.2,78,15,029,40.2,85,14,280,39.6,68,11,110,39.9,1*7D
$GAGSV,1,1,00,7*73
$GBGSV,1,1,04,08,54,181,39.8,04,27,125,39.3,09,22,191,39.6,05,15,249,39.4,1*73
$GNRMC,221723.000,A,3900.0015,N,11613.9842,E,0.01,294.17,280612,,,A,V*07
$GNVTG,294.17,T,,M,0.01,N,0.02,K,A*29
$GNZDA,221723.000,28,06,2012,,*42
$GNGGA,221724.000,3900.0015,N,11613.9842,E,1,11,0.74,-13.5,M,-6.8,M,,*75
$PAIRACC,3.55,8.00*40
$GNGLL,3900.0015,N,11613.9842,E,221724.000,A,A*4A
$GNGSA,A,3,21,03,29,,,,,,,,,,1.31,0.74,1.08,1*03
$GNGSA,A,3,79,78,85,68,,,,,,,,,1.31,0.74,1.08,2*09
$GNGSA,A,3,,,,,,,,,,,,,1.31,0.74,1.08,3*0A
$GNGSA,A,3,08,04,09,05,,,,,,,,,1.31,0.74,1.08,4*0D
$GPGSV,2,1,08,27,06,034,,21,87,087,39.8,15,42,049,,09,30,126,,1*74
$GPGSV,2,2,08,03,17,312,39.8,29,15,186,39.9,14,08,218,,18,62,310,,1*61
$GLGSV,2,1,06,70,41,327,,79,64,068,39.7,78,15,029,40.0,85,14,280,39.9,1*6D
$GLGSV,2,2,06,68,11,110,40.3,65,08,308,,1*69
$GAGSV,1,1,00,7*73
$GBGSV,1,1,04,08,54,181,39.4,04,27,125,39.2,09,22,191,39.2,05,15,249,38.9,1*76
$GNRMC,221724.000,A,3900.0015,N,11613.9842,E,0.01,291.06,280612,,,A,V*05
$GNVTG,291.06,T,,M,0.01,N,0.02,K,A*2C
$GNZDA,221724.000,28,06,2012,,*45
$GNGGA,221725.000,3900.0015,N,11613.9842,E,1,11,0.74,-13.5,M,-6.8,M,,*74
$PAIRACC,3.53,8.05*43
$GNGLL,3900.0015,N,11613.9842,E,221725.000,A,A*4B
$GNGSA,A,3,03,29,21,,,,,,,,,,1.31,0.74,1.08,1*03
$GNGSA,A,3,79,78,85,68,,,,,,,,,1.31,0.74,1.08,2*09
$GNGSA,A,3,,,,,,,,,,,,,1.31,0.74,1.08,3*0A
$GNGSA,A,3,08,04,09,05,,,,,,,,,1.31,0.74,1.08,4*0D
$GPGSV,2,1,08,27,06,034,,18,62,310,,15,42,049,,09,30,126,,1*64
$GPGSV,2,2,08,03,17,312,39.7,29,15,186,40.0,14,08,218,,21,87,087,39.9,1*78
$GLGSV,1,1,04,79,64,068,40.1,78,15,029,40.2,85,14,280,39.7,68,11,110,40.0,1*78
$GAGSV,1,1,00,7*73
$GBGSV,1,1,04,08,54,181,39.9,04,27,125,39.0,09,22,191,39.4,05,15,249,38.5,1*73
$GNRMC,221725.000,A,3900.0015,N,11613.9842,E,0.01,308.58,280612,,,A,V*0E
$GNVTG,308.58,T,,M,0.01,N,0.02,K,A*26
$GNZDA,221725.000,28,06,2012,,*44
$GNGGA,221726.000,3900.0015,N,11613.9842,E,1,11,0.74,-13.5,M,-6.8,M,,*77
$PAIRACC,3.50,7.99*4A
$GNGLL,3900.0015,N,11613.9842,E,221726.000,A,A*48
$GNGSA,A,3,21,03,29,,,,,,,,,,1.31,0.74,1.08,1*03
$GNGSA,A,3,78,79,85,68,,,,,,,,,1.31,0.74,1.08,2*09
$GNGSA,A,3,,,,,,,,,,,,,1.31,0.74,1.08,3*0A
$GNGSA,A,3,08,04,09,05,,,,,,,,,1.31,0.74,1.08,4*0D
$GPGSV,2,1,08,27,06,034,,21,87,087,39.6,15,42,049,,09,30,126,,1*7A
$GPGSV,2,2,08,03,17,312,39.5,29,15,186,39.8,14,08,218,,18,63,311,,1*6D
$GLGSV,2,1,05,78,15,029,40.2,79,64,068,39.9,85,14,280,39.7,68,11,110,40.1,1*7D
$GLGSV,2,2,05,86,08,330,,1*4B
$GAGSV,1,1,00,7*73
$GBGSV,2,1,05,08,54,181,39.3,04,27,125,39.2,09,22,191,39.3,05,15,249,39.3,1*79
$GBGSV,2,2,05,10,06,213,,1*44
$GNRMC,221726.000,A,3900.0015,N,11613.9842,E,0.01,312.69,280612,,,A,V*04
$GNVTG,312.69,T,,M,0.01,N,0.02,K,A*2F
$GNZDA,221726.000,28,06,2012,,*47
$GNGGA,221727.000,3900.0015,N,11613.9842,E,1,11,0.74,-13.5,M,-6.8,M,,*76
$PAIRACC,3.52,7.98*49
$GNGLL,3900.0015,N,11613.9842,E,221727.000,A,A*49
$GNGSA,A,3,21,03,29,,,,,,,,,,1.31,0.74,1.08,1*03
$GNGSA,A,3,85,79,78,68,,,,,,,,,1.31,0.74,1.08,2*09
$GNGSA,A,3,,,,,,,,,,,,,1.31,0.74,1.08,3*0A
$GNGSA,A,3,04,08,09,05,,,,,,,,,1.31,0.74,1.08,4*0D
$GPGSV,2,1,08,27,06,034,,15,42,049,,21,87,087,39.9,09,30,126,,1*75
$GPGSV,2,2,08,03,17,312,39.9,29,15,186,39.8,14,08,218,,18,63,311,,1*61
$GLGSV,2,1,05,85,14,280,40.0,79,64,068,40.2,78,15,029,40.1,68,11,110,40.1,1*72
$GLGSV,2,2,05,80,03,025,,1*41
$GAGSV,1,1,00,7*73
$GBGSV,2,1,07,04,27,125,39.1,01,38,147,,02,30,229,,08,54,181,39.9,1*7C
$GBGSV,2,2,07,09,22,191,40.0,05,15,249,38.8,10,06,213,,1*4F
$GNRMC,221727.000,A,3900.0015,N,11613.9842,E,0.01,310.91,280612,,,A,V*00
$GNVTG,310.91,T,,M,0.01,N,0.02,K,A*2A
$GNZDA,221727.000,28,06,2012,,*46
$GNGGA,221728.000,3900.0015,N,11613.9842,E,1,11,0.74,-13.4,M,-6.8,M,,*78
$PAIRACC,3.50,7.98*4B
$GNGLL,3900.0015,N,11613.9842,E,221728.000,A,A*46
$GNGSA,A,3,21,03,29,,,,,,,,,,1.31,0.74,1.08,1*03
$GNGSA,A,3,78,79,85,68,,,,,,,,,1.31,0.74,1.08,2*09
$GNGSA,A,3,,,,,,,,,,,,,1.31,0.74,1.08,3*0A
$GNGSA,A,3,04,08,09,05,,,,,,,,,1.31,0.74,1.08,4*0D
$GPGSV,2,1,08,27,06,034,,21,87,087,39.6,15,42,049,,09,30,126,,1*7A
$GPGSV,2,2,08,03,17,312,39.7,29,15,186,39.5,14,08,218,,18,63,311,,1*62
$GLGSV,1,1,04,78,15,029,40.1,79,64,068,40.1,85,14,280,39.8,68,11,110,39.9,1*73
$GAGSV,1,1,00,7*73
$GBGSV,2,1,07,04,27,125,39.6,01,38,147,,02,30,229,,08,54,181,39.5,1*77
$GBGSV,2,2,07,09,22,191,39.4,05,15,249,38.9,10,06,213,,1*44
$GNRMC,221728.000,A,3900.0015,N,11613.9842,E,0.01,318.86,280612,,,A,V*01
$GNVTG,318.86,T,,M,0.01,N,0.02,K,A*24
$GNZDA,221728.000,28,06,2012,,*49
$GNGGA,221729.000,3900.0015,N,11613.9842,E,1,11,0.74,-13.4,M,-6.8,M,,*79
$PAIRACC,3.49,7.98*43
$GNGLL,3900.0015,N,11613.9842,E,221729.000,A,A*47
$GNGSA,A,3,21,03,29,,,,,,,,,,1.31,0.74,1.08,1*03
$GNGSA,A,3,78,79,85,68,,,,,,,,,1.31,0.74,1.08,2*09
$GNGSA,A,3,,,,,,,,,,,,,1.31,0.74,1.08,3*0A
$GNGSA,A,3,08,04,09,05,,,,,,,,,1.31,0.74,1.08,4*0D
$GPGSV,2,1,08,27,06,034,,21,86,108,39.9,15,42,049,,09,30,126,,1*72
$GPGSV,2,2,08,03,17,312,39.8,29,15,186,40.0,14,08,218,,18,63,311,,1*66
$GLGSV,1,1,04,78,15,029,40.1,79,64,068,39.9,85,14,280,39.8,68,11,110,40.0,1*72
$GAGSV,1,1,00,7*73
$GBGSV,2,1,06,08,54,181,39.6,02,30,229,,04,27,125,39.3,09,22,191,39.6,1*6A
$GBGSV,2,2,06,05,15,249,39.8,10,06,213,,1*65
$GNRMC,221729.000,A,3900.0015,N,11613.9842,E,0.01,319.39,280612,,,A,V*05
$GNVTG,319.39,T,,M,0.01,N,0.02,K,A*21
$GNZDA,221729.000,28,06,2012,,*48
$GNGGA,221730.000,3900.0015,N,11613.9842,E,1,11,0.74,-13.4,M,-6.8,M,,*71
$PAIRACC,3.48,7.97*4D
$GNGLL,3900.0015,N,11613.9842,E,221730.000,A,A*4F
$GNGSA,A,3,21,03,29,,,,,,,,,,1.31,0.74,1.08,1*03
$GNGSA,A,3,78,79,85,68,,,,,,,,,1.31,0.74,1.08,2*09
$GNGSA,A,3,,,,,,,,,,,,,1.31,0.74,1.08,3*0A
$GNGSA,A,3,08,04,09,05,,,,,,,,,1.31,0.74,1.08,4*0D
$GPGSV,2,1,08,27,06,034,,21,86,108,39.9,15,42,049,,09,30,126,,1*72
$GPGSV,2,2,08,03,17,312,40.1,29,15,186,39.9,14,08,218,,18,63,311,,1*66
$GLGSV,2,1,05,78,15,029,40.2,79,64,068,40.3,85,14,280,39.9,68,11,110,40.1,1*77
$GLGSV,2,2,05,84,01,233,,1*42
$GAGSV,1,1,00,7*73
$GBGSV,2,1,05,08,54,181,39.6,04,27,125,39.2,09,22,191,39.1,05,15,249,38.8,1*74
$GBGSV,2,2,05,10,06,213,,1*44
$GNRMC,221730.000,A,3900.0015,N,11613.9842,E,0.01,323.92,280612,,,A,V*05
$GNVTG,323.92,T,,M,0.01,N,0.02,K,A*29
$GNZDA,221730.000,28,06,2012,,*40
$GNGGA,221731.000,3900.0015,N,11613.9842,E,1,11,0.74,-13.4,M,-6.8,M,,*70
$PAIRACC,3.48,7.97*4D
$GNGLL,3900.0015,N,11613.9842,E,221731.000,A,A*4E
$GNGSA,A,3,03,29,21,,,,,,,,,,1.31,0.74,1.08,1*03
$GNGSA,A,3,79,78,85,68,,,,,,,,,1.31,0.74,1.08,2*09
$GNGSA,A,3,,,,,,,,,,,,,1.31,0.74,1.08,3*0A
$GNGSA,A,3,08,04,09,05,,,,,,,,,1.31,0.74,1.08,4*0D
$GPGSV,2,1,08,27,06,034,,18,63,311,,15,42,049,,09,30,126,,1*64
$GPGSV,2,2,08,03,17,312,39.8,29,15,186,40.2,14,08,218,,21,86,108,40.1,1*74
$GLGSV,1,1,04,79,64,068,40.0,78,15,029,40.0,85,14,280,39.5,68,11,110,40.5,1*7C
$GAGSV,1,1,00,7*73
$GBGSV,2,1,05,08,54,181,39.6,04,27,125,38.9,09,22,191,39.2,05,15,249,38.4,1*71
$GBGSV,2,2,05,10,06,213,,1*44
$GNRMC,221731.000,A,3900.0015,N,11613.9842,E,0.01,315.55,280612,,,A,V*0A
$GNVTG,315.55,T,,M,0.01,N,0.02,K,A*27
$GNZDA,221731.000,28,06,2012,,*41
$GNGGA,221732.000,3900.0015,N,11613.9842,E,1,11,0.74,-13.4,M,-6.8,M,,*73
$PAIRACC,3.48,8.04*48
$GNGLL,3900.0015,N,11613.9842,E,221732.000,A,A*4D
$GNGSA,A,3,03,29,21,,,,,,,,,,1.31,0.74,1.08,1*03
$GNGSA,A,3,79,78,85,68,,,,,,,,,1.31,0.74,1.08,2*09
$GNGSA,A,3,,,,,,,,,,,,,1.31,0.74,1.08,3*0A
$GNGSA,A,3,08,04,09,05,,,,,,,,,1.31,0.74,1.08,4*0D
$GPGSV,2,1,08,27,06,034,,18,63,311,,15,42,049,,09,30,126,,1*64
$GPGSV,2,2,08,03,17,312,40.1,29,15,186,40.0,14,08,218,,21,86,108,40.0,1*70
$GLGSV,1,1,04,79,64,068,40.0,78,15,029,39.7,85,14,280,39.6,68,11,110,40.1,1*72
$GAGSV,1,1,00,7*73
$GBGSV,1,1,04,08,54,181,39.1,04,27,125,39.5,09,22,191,39.6,05,15,249,39.2,1*7A
$GNRMC,221732.000,A,3900.0015,N,11613.9842,E,0.01,314.99,280612,,,A,V*08
$GNVTG,314.99,T,,M,0.01,N,0.02,K,A*26
$GNZDA,221732.000,28,06,2012,,*42
$GNGGA,221733.000,3900.0015,N,11613.9842,E,1,11,0.74,-13.4,M,-6.8,M,,*72
$PAIRACC,3.47,7.96*43
$GNGLL,3900.0015,N,11613.9842,E,221733.000,A,A*4C
$GNGSA,A,3,03,29,21,,,,,,,,,,1.31,0.74,1.08,1*03
$GNGSA,A,3,79,78,85,68,,,,,,,,,1.31,0.74,1.08,2*09
$GNGSA,A,3,,,,,,,,,,,,,1.31,0.74,1.08,3*0A
$GNGSA,A,3,08,04,09,05,,,,,,,,,1.31,0.74,1.08,4*0D
$GPGSV,2,1,08,27,06,034,,18,63,311,,15,42,049,,09,30,126,,1*64
$GPGSV,2,2,08,03,17,312,39.6,29,15,186,39.8,14,08,218,,21,86,108,39.6,1*77
$GLGSV,1,1,04,79,64,068,40.1,78,15,029,40.2,85,14,280,39.9,68,11,110,40.4,1*72
$GAGSV,1,1,00,7*73
$GBGSV,1,1,04,08,54,181,39.9,04,27,125,38.8,09,22,191,39.5,05,15,249,38.3,1*7D
$GNRMC,221733.000,A,3900.0015,N,11613.9842,E,0.01,310.58,280612,,,A,V*00
$GNVTG,310.58,T,,M,0.01,N,0.02,K,A*2F
$GNZDA,221733.000,28,06,2012,,*43
$GNGGA,221734.000,3900.0015,N,11613.9841,E,1,11,0.74,-13.3,M,-6.8,M,,*71
$PAIRACC,3.49,7.94*4F
$GNGLL,3900.0015,N,11613.9841,E,221734.000,A,A*48
$GNGSA,A,3,03,29,21,,,,,,,,,,1.31,0.74,1.08,1*03
$GNGSA,A,3,79,78,85,68,,,,,,,,,1.31,0.74,1.08,2*09
$GNGSA,A,3,,,,,,,,,,,,,1.31,0.74,1.08,3*0A
$GNGSA,A,3,08,04,09,05,,,,,,,,,1.31,0.74,1.08,4*0D
$GPGSV,2,1,08,27,06,034,,18,63,311,,15,42,049,,09,30,126,,1*64
$GPGSV,2,2,08,03,17,312,39.6,29,15,186,39.9,14,08,218,,21,86,108,40.3,1*7D
$GLGSV,1,1,04,79,64,068,40.0,78,15,029,40.0,85,14,280,39.7,68,11,110,40.1,1*7A
$GAGSV,1,1,00,7*73
$GBGSV,1,1,04,08,54,181,40.0,04,27,125,39.0,09,22,191,39.8,05,15,249,38.7,1*7A
$GNRMC,221734.000,A,3900.0015,N,11613.9841,E,0.01,312.23,280612,,,A,V*0A
$GNVTG,312.23,T,,M,0.01,N,0.02,K,A*21
$GNZDA,221734.000,28,06,2012,,*44
$GNGGA,221735.000,3900.0015,N,11613.9841,E,1,11,0.74,-13.3,M,-6.8,M,,*70
$PAIRACC,3.48,7.94*4E
$GNGLL,3900.0015,N,11613.9841,E,221735.000,A,A*49
$GNGSA,A,3,21,03,29,,,,,,,,,,1.31,0.74,1.08,1*03
$GNGSA,A,3,78,85,68,79,,,,,,,,,1.31,0.74,1.08,2*09
$GNGSA,A,3,,,,,,,,,,,,,1.31,0.74,1.08,3*0A
$GNGSA,A,3,05,08,04,09,,,,,,,,,1.31,0.74,1.08,4*0D
$GPGSV,3,1,09,21,86,108,39.8,18,63,311,,15,42,049,,09,30,126,,1*78
$GPGSV,3,2,09,03,17,312,39.6,29,15,186,39.8,14,08,218,,27,05,033,,1*61
$GPGSV,3,3,09,26,,,34.6,1*76
$GLGSV,1,1,04,78,15,029,40.0,85,14,280,39.8,68,11,110,40.3,79,64,068,39.9,1*70
$GAGSV,1,1,00,7*73
$GBGSV,1,1,04,05,15,249,39.2,08,54,181,39.5,04,27,125,39.2,09,22,191,39.5,1*7A
$GNRMC,221735.000,A,3900.0015,N,11613.9841,E,0.01,317.86,280612,,,A,V*01
$GNVTG,317.86,T,,M,0.01,N,0.02,K,A*2B
$GNZDA,221735.000,28,06,2012,,*45
$GNGGA,221736.000,3900.0015,N,11613.9841,E,1,11,0.74,-13.3,M,-6.8,M,,*73
$PAIRACC,3.49,7.94*4F
$GNGLL,3900.0015,N,11613.9841,E,221736.000,A,A*4A
$GNGSA,A,3,21,03,29,,,,,,,,,,1.31,0.74,1.08,1*03
$GNGSA,A,3,78,85,68,79,,,,,,,,,1.31,0.74,1.08,2*09
$GNGSA,A,3,,,,,,,,,,,,,1.31,0.74,1.08,3*0A
$GNGSA,A,3,05,08,04,09,,,,,,,,,1.31,0.74,1.08,4*0D
$GPGSV,3,1,09,21,86,108,39.8,18,63,311,,15,42,049,,09,30,126,,1*78
$GPGSV,3,2,09,03,17,312,39.5,29,15,186,40.0,14,08,218,,27,05,033,,1*64
$GPGSV,3,3,09,26,,,38.8,1*74
$GLGSV,1,1,04,78,15,029,40.5,85,14,280,39.9,68,11,110,39.9,79,64,068,40.2,1*75
$GAGSV,1,1,00,7*73
$GBGSV,1,1,04,05,15,249,38.9,08,54,181,39.3,04,27,125,39.1,09,22,191,39.7,1*77
$GNRMC,221736.000,A,3900.0015,N,11613.9841,E,0.01,317.32,280612,,,A,V*0D
$GNVTG,317.32,T,,M,0.01,N,0.02,K,A*24
$GNZDA,221736.000,28,06,2012,,*46
$GNGGA,221737.000,3900.0015,N,11613.9841,E,1,11,0.74,-13.3,M,-6.8,M,,*72
$PAIRACC,3.48,7.93*49
$GNGLL,3900.0015,N,11613.9841,E,221737.000,A,A*4B
$GNGSA,A,3,21,03,29,,,,,,,,,,1.31,0.74,1.08,1*03
$GNGSA,A,3,78,85,68,79,,,,,,,,,1.31,0.74,1.08,2*09
$GNGSA,A,3,,,,,,,,,,,,,1.31,0.74,1.08,3*0A
$GNGSA,A,3,05,08,04,09,,,,,,,,,1.31,0.74,1.08,4*0D
$GPGSV,3,1,09,21,86,108,39.5,18,63,311,,15,42,049,,09,30,126,,1*75
$GPGSV,3,2,09,03,17,312,39.7,29,14,186,40.1,14,08,218,,27,05,033,,1*66
$GPGSV,3,3,09,26,,,39.9,1*74
$GLGSV,1,1,04,78,15,029,40.2,85,14,280,39.6,68,11,110,40.2,79,64,068,39.8,1*7C
$GAGSV,1,1,00,7*73
$GBGSV,1,1,04,05,15,249,39.0,08,54,181,39.8,04,27,125,39.1,09,22,191,39.4,1*77
$GNRMC,221737.000,A,3900.0015,N,11613.9841,E,0.01,315.07,280612,,,A,V*08
$GNVTG,315.07,T,,M,0.01,N,0.02,K,A*20
$GNZDA,221737.000,28,06,2012,,*47
$GNGGA,221738.000,3900.0015,N,11613.9841,E,1,11,0.74,-13.3,M,-6.8,M,,*7D
$PAIRACC,3.51,8.02*46
$GNGLL,3900.0015,N,11613.9841,E,221738.000,A,A*44
$GNGSA,A,3,21,03,29,,,,,,,,,,1.31,0.74,1.08,1*03
$GNGSA,A,3,78,85,68,79,,,,,,,,,1.31,0.74,1.08,2*09
$GNGSA,A,3,,,,,,,,,,,,,1.31,0.74,1.08,3*0A
$GNGSA,A,3,05,08,04,09,,,,,,,,,1.31,0.74,1.08,4*0D
$GPGSV,3,1,09,21,86,108,39.2,18,63,311,,15,42,049,,09,30,126,,1*72
$GPGSV,3,2,09,03,17,312,39.3,29,14,186,38.8,14,08,218,,27,05,033,,1*64
$GPGSV,3,3,09,26,,,39.2,1*7F
$GLGSV,1,1,04,78,15,029,39.7,85,14,280,39.6,68,11,110,39.7,79,64,068,39.9,1*7D
$GAGSV,1,1,00,7*73
$GBGSV,1,1,04,05,15,249,39.0,08,54,181,39.2,04,27,125,39.0,09,22,191,39.0,1*78
$GNRMC,221738.000,A,3900.0015,N,11613.9841,E,0.01,298.48,280612,,,A,V*08
$GNVTG,298.48,T,,M,0.01,N,0.02,K,A*2F
$GNZDA,221738.000,28,06,2012,,*48
$GNGGA,221739.000,3900.0015,N,11613.9841,E,1,11,0.74,-13.3,M,-6.8,M,,*7C
$PAIRACC,3.47,7.94*41
$GNGLL,3900.0015,N,11613.9841,E,221739.000,A,A*45
$GNGSA,A,3,21,03,29,,,,,,,,,,1.31,0.74,1.08,1*03
$GNGSA,A,3,78,85,68,79,,,,,,,,,1.31,0.74,1.08,2*09
$GNGSA,A,3,,,,,,,,,,,,,1.31,0.74,1.08,3*0A
$GNGSA,A,3,05,08,04,09,,,,,,,,,1.31,0.74,1.08,4*0D
$GPGSV,3,1,09,21,86,108,39.5,18,63,311,,15,42,049,,09,30,126,,1*75
$GPGSV,3,2,09,03,17,312,39.5,29,14,186,39.5,14,08,218,,27,05,033,,1*6E
$GPGSV,3,3,09,26,,,39.6,1*7B
$GLGSV,1,1,04,78,15,029,39.8,85,14,280,39.9,68,11,110,40.2,79,64,068,39.7,1*78
$GAGSV,1,1,00,7*73
$GBGSV,1,1,04,05,15,249,38.6,08,54,181,40.0,04,27,125,39.1,09,22,191,39.2,1*70
$GNRMC,221739.000,A,3900.0015,N,11613.9841,E,0.01,308.02,280612,,,A,V*0F
$GNVTG,308.02,T,,M,0.01,N,0.02,K,A*29
$GNZDA,221739.000,28,06,2012,,*49
$GNGGA,221740.000,3900.0015,N,11613.9841,E,1,11,0.74,-13.3,M,-6.8,M,,*72
$PAIRACC,3.46,7.94*40
$GNGLL,3900.0015,N,11613.9841,E,221740.000,A,A*4B
$GNGSA,A,3,21,03,29,,,,,,,,,,1.31,0.74,1.08,1*03
$GNGSA,A,3,78,85,68,79,,,,,,,,,1.31,0.74,1.08,2*09
$GNGSA,A,3,,,,,,,,,,,,,1.31,0.74,1.08,3*0A
$GNGSA,A,3,05,08,04,09,,,,,,,,,1.31,0.74,1.08,4*0D
$GPGSV,3,1,09,21,86,108,39.7,18,63,311,,15,42,049,,09,30,126,,1*77
$GPGSV,3,2,09,03,17,312,39.6,29,14,186,39.6,14,08,218,,27,05,033,,1*6E
$GPGSV,3,3,09,26,,,39.9,1*74
$GLGSV,1,1,04,78,15,029,40.1,85,14,280,39.7,68,11,110,40.3,79,64,068,40.4,1*7D
$GAGSV,1,1,00,7*73
$GBGSV,1,1,04,05,15,249,38.8,08,54,181,39.8,04,27,125,39.0,09,22,191,39.3,1*78
$GNRMC,221740.000,A,3900.0015,N,11613.9841,E,0.01,321.05,280612,,,A,V*0D
$GNVTG,321.05,T,,M,0.01,N,0.02,K,A*25
$GNZDA,221740.000,28,06,2012,,*47
$GNGGA,221741.000,3900.0015,N,11613.9841,E,1,11,0.74,-13.2,M,-6.8,M,,*72
$PAIRACC,3.46,7.92*46
$GNGLL,3900.0015,N,11613.9841,E,221741.000,A,A*4A
$GNGSA,A,3,03,29,21,,,,,,,,,,1.31,0.74,1.08,1*03
$GNGSA,A,3,79,78,85,68,,,,,,,,,1.31,0.74,1.08,2*09
$GNGSA,A,3,,,,,,,,,,,,,1.31,0.74,1.08,3*0A
$GNGSA,A,3,08,04,09,05,,,,,,,,,1.31,0.74,1.08,4*0D
$GPGSV,2,1,08,26,,,39.6,15,42,049,,09,30,126,,03,17,312,39.3,1*5B
$GPGSV,2,2,08,29,14,186,39.6,14,08,218,,27,05,033,,21,86,108,39.6,1*6F
$GLGSV,1,1,04,79,64,068,40.0,78,15,029,39.9,85,14,280,40.0,68,11,110,40.4,1*71
$GAGSV,1,1,00,7*73
$GBGSV,1,1,04,08,54,181,39.7,04,27,125,39.4,09,22,191,39.8,05,15,249,39.4,1*75
$GNRMC,221741.000,A,3900.0015,N,11613.9841,E,0.01,317.44,280612,,,A,V*0C
$GNVTG,317.44,T,,M,0.01,N,0.02,K,A*25
$GNZDA,221741.000,28,06,2012,,*46
$GNGGA,221742.000,3900.0015,N,11613.9841,E,1,11,0.74,-13.2,M,-6.8,M,,*71
$PAIRACC,3.46,7.92*46
$GNGLL,3900.0015,N,11613.9841,E,221742.000,A,A*49
$GNGSA,A,3,21,03,29,,,,,,,,,,1.31,0.74,1.08,1*03
$GNGSA,A,3,78,85,68,79,,,,,,,,,1.31,0.74,1.08,2*09
$GNGSA,A,3,,,,,,,,,,,,,1.31,0.74,1.08,3*0A
$GNGSA,A,3,05,08,04,09,,,,,,,,,1.31,0.74,1.08,4*0D
$GPGSV,3,1,09,21,86,108,39.7,18,63,311,,15,42,049,,09,30,126,,1*77
$GPGSV,3,2,09,03,17,312,39.3,29,14,186,39.9,14,08,218,,27,05,033,,1*64
$GPGSV,3,3,09,26,,,39.8,1*75
$GLGSV,1,1,04,78,15,029,40.6,85,14,280,39.8,68,11,110,40.5,79,64,068,40.6,1*71
$GAGSV,1,1,00,7*73
$GBGSV,1,1,04,05,15,249,38.5,08,54,181,39.7,04,27,125,39.2,09,22,191,39.6,1*7D
$GNRMC,221742.000,A,3900.0015,N,11613.9841,E,0.01,321.31,280612,,,A,V*08
$GNVTG,321.31,T,,M,0.01,N,0.02,K,A*22
$GNZDA,221742.000,28,06,2012,,*45
$GNGGA,221743.000,3900.0015,N,11613.9841,E,1,11,0.74,-13.2,M,-6.8,M,,*70
$PAIRACC,3.49,7.98*43
$GNGLL,3900.0015,N,11613.9841,E,221743.000,A,A*48
$GNGSA,A,3,21,03,29,,,,,,,,,,1.31,0.74,1.08,1*03
$GNGSA,A,3,78,85,68,79,,,,,,,,,1.31,0.74,1.08,2*09
$GNGSA,A,3,,,,,,,,,,,,,1.31,0.74,1.08,3*0A
$GNGSA,A,3,05,08,04,09,,,,,,,,,1.31,0.74,1.08,4*0D
$GPGSV,3,1,09,21,86,108,39.6,18,63,311,,15,42,049,,09,30,126,,1*76
$GPGSV,3,2,09,03,17,312,39.5,29,14,186,39.6,14,08,218,,27,05,033,,1*6D
$GPGSV,3,3,09,26,,,39.4,1*79
$GLGSV,1,1,04,78,15,029,39.8,85,14,280,39.5,68,11,110,39.8,79,64,068,39.8,1*7F
$GAGSV,1,1,00,7*73
$GBGSV,1,1,04,05,15,249,39.0,08,54,181,39.3,04,27,125,39.1,09,22,191,39.5,1*7D
$GNRMC,221743.000,A,3900.0015,N,11613.9841,E,0.01,309.35,280612,,,A,V*07
$GNVTG,309.35,T,,M,0.01,N,0.02,K,A*2C
$GNZDA,221743.000,28,06,2012,,*44
$GNGGA,221744.000,3900.0015,N,11613.9841,E,1,11,0.74,-13.2,M,-6.8,M,,*77
$PAIRACC,3.47,7.92*47
$GNGLL,3900.0015,N,11613.9841,E,221744.000,A,A*4F
$GNGSA,A,3,21,03,29,,,,,,,,,,1.31,0.74,1.08,1*03
$GNGSA,A,3,78,85,68,79,,,,,,,,,1.31,0.74,1.08,2*09
$GNGSA,A,3,,,,,,,,,,,,,1.31,0.74,1.08,3*0A
$GNGSA,A,3,05,08,04,09,,,,,,,,,1.31,0.74,1.08,4*0D
$GPGSV,3,1,09,21,86,108,39.7,18,63,311,,15,42,049,,09,30,126,,1*77
$GPGSV,3,2,09,03,17,312,39.2,29,14,186,39.5,14,08,218,,27,05,033,,1*69
$GPGSV,3,3,09,26,,,39.6,1*7B
$GLGSV,1,1,04,78,15,029,40.0,85,14,280,40.0,68,11,110,40.0,79,64,068,39.8,1*74
$GAGSV,1,1,00,7*73
$GBGSV,1,1,04,05,15,249,39.5,08,54,181,39.8,04,27,125,39.5,09,22,191,39.4,1*76
$GNRMC,221744.000,A,3900.0015,N,11613.9841,E,0.01,315.44,280612,,,A,V*0B
$GNVTG,315.44,T,,M,0.01,N,0.01,K,A*24
$GNZDA,221744.000,28,06,2012,,*43
$GNGGA,221745.000,3900.0015,N,11613.9841,E,1,11,0.74,-13.2,M,-6.8,M,,*76
$PAIRACC,3.52,7.92*43
$GNGLL,3900.0015,N,11613.9841,E,221745.000,A,A*4E
$GNGSA,A,3,21,03,29,,,,,,,,,,1.31,0.74,1.08,1*03
$GNGSA,A,3,78,85,68,79,,,,,,,,,1.31,0.74,1.08,2*09
$GNGSA,A,3,,,,,,,,,,,,,1.31,0.74,1.08,3*0A
$GNGSA,A,3,05,08,04,09,,,,,,,,,1.31,0.74,1.08,4*0D
$GPGSV,3,1,09,21,86,108,39.4,18,63,311,,15,42,049,,09,30,126,,1*74
$GPGSV,3,2,09,03,17,312,39.1,29,14,186,39.7,14,08,218,,27,05,033,,1*68
$GPGSV,3,3,09,26,,,39.7,1*7A
$GLGSV,1,1,04,78,15,029,39.6,85,14,280,39.5,68,11,110,39.7,79,64,068,39.7,1*71
$GAGSV,1,1,00,7*73
$GBGSV,1,1,04,05,15,249,38.7,08,54,181,39.2,04,27,125,38.9,09,22,191,39.6,1*70
$GNRMC,221745.000,A,3900.0015,N,11613.9841,E,0.01,306.08,280612,,,A,V*00
$GNVTG,306.08,T,,M,0.01,N,0.01,K,A*2E
$GNZDA,221745.000,28,06,2012,,*42
$GNGGA,221746.000,3900.0015,N,11613.9841,E,1,11,0.74,-13.1,M,-6.8,M,,*76
$PAIRACC,3.51,7.97*45
$GNGLL,3900.0015,N,11613.9841,E,221746.000,A,A*4D
$GNGSA,A,3,21,03,29,,,,,,,,,,1.31,0.74,1.08,1*03
$GNGSA,A,3,78,85,68,79,,,,,,,,,1.31,0.74,1.08,2*09
$GNGSA,A,3,,,,,,,,,,,,,1.31,0.74,1.08,3*0A
$GNGSA,A,3,05,08,04,09,,,,,,,,,1.31,0.74,1.08,4*0D
$GPGSV,3,1,09,21,86,108,39.8,18,63,311,,15,42,049,,09,30,126,,1*78
$GPGSV,3,2,09,03,17,312,39.7,29,14,186,40.1,14,08,218,,27,05,033,,1*66
$GPGSV,3,3,09,26,,,39.8,1*75
$GLGSV,1,1,04,78,15,029,39.9,85,14,280,40.0,68,11,110,39.9,79,64,068,39.7,1*7B
$GAGSV,1,1,00,7*73
$GBGSV,1,1,04,05,15,249,39.0,08,54,181,39.6,04,27,125,39.2,09,22,191,39.5,1*7B
$GNRMC,221746.000,A,3900.0015,N,11613.9841,E,0.01,290.37,280612,,,A,V*01
$GNVTG,290.37,T,,M,0.01,N,0.01,K,A*2C
$GNZDA,221746.000,28,06,2012,,*41
$GNGGA,221747.000,3900.0015,N,11613.9840,E,1,11,0.74,-13.1,M,-6.8,M,,*76
$PAIRACC,3.47,7.91*44
$GNGLL,3900.0015,N,11613.9840,E,221747.000,A,A*4D
$GNGSA,A,3,21,03,29,,,,,,,,,,1.31,0.74,1.08,1*03
$GNGSA,A,3,78,85,68,79,,,,,,,,,1.31,0.74,1.08,2*09
$GNGSA,A,3,,,,,,,,,,,,,1.31,0.74,1.08,3*0A
$GNGSA,A,3,05,08,04,09,,,,,,,,,1.31,0.74,1.08,4*0D
$GPGSV,3,1,09,21,86,108,39.2,18,63,311,,15,42,049,,09,30,126,,1*72
$GPGSV,3,2,09,03,17,312,39.3,29,14,186,39.7,14,08,218,,27,05,033,,1*6A
$GPGSV,3,3,09,26,,,39.8,1*75
$GLGSV,1,1,04,78,15,029,39.4,85,14,280,39.5,68,11,110,39.8,79,64,068,39.5,1*7E
$GAGSV,1,1,00,7*73
$GBGSV,1,1,04,05,15,249,39.4,08,54,181,39.3,04,27,125,39.6,09,22,191,40.1,1*74
$GNRMC,221747.000,A,3900.0015,N,11613.9840,E,0.01,303.86,280612,,,A,V*00
$GNVTG,303.86,T,,M,0.01,N,0.01,K,A*2D
$GNZDA,221747.000,28,06,2012,,*40
$GNGGA,221748.000,3900.0015,N,11613.9840,E,1,11,0.74,-13.1,M,-6.8,M,,*79
$PAIRACC,3.50,7.95*46
$GNGLL,3900.0015,N,11613.9840,E,221748.000,A,A*42
$GNGSA,A,3,21,03,29,,,,,,,,,,1.31,0.74,1.08,1*03
$GNGSA,A,3,78,85,68,79,,,,,,,,,1.31,0.74,1.08,2*09
$GNGSA,A,3,,,,,,,,,,,,,1.31,0.74,1.08,3*0A
$GNGSA,A,3,05,08,04,09,,,,,,,,,1.31,0.74,1.08,4*0D
$GPGSV,3,1,09,21,86,108,39.3,18,63,311,,15,42,049,,09,30,126,,1*73
$GPGSV,3,2,09,03,17,312,39.2,29,14,186,39.4,14,08,218,,27,05,033,,1*68
$GPGSV,3,3,09,26,,,39.3,1*7E
$GLGSV,1,1,04,78,15,029,39.3,85,14,280,39.3,68,11,110,39.8,79,64,068,40.3,1*77
$GAGSV,1,1,00,7*73
$GBGSV,1,1,04,05,15,249,38.4,08,54,181,39.4,04,27,125,39.0,09,22,191,39.6,1*7D
$GNRMC,221748.000,A,3900.0015,N,11613.9840,E,0.01,302.61,280612,,,A,V*07
$GNVTG,302.61,T,,M,0.01,N,0.01,K,A*25
$GNZDA,221748.000,28,06,2012,,*4F
$GNGGA,221749.000,3900.0015,N,11613.9840,E,1,11,0.74,-13.1,M,-6.8,M,,*78
$PAIRACC,3.52,8.16*40
$GNGLL,3900.0015,N,11613.9840,E,221749.000,A,A*43
$GNGSA,A,3,21,03,29,,,,,,,,,,1.31,0.74,1.08,1*03
$GNGSA,A,3,78,85,68,79,,,,,,,,,1.31,0.74,1.08,2*09
$GNGSA,A,3,,,,,,,,,,,,,1.31,0.74,1.08,3*0A
$GNGSA,A,3,05,08,04,09,,,,,,,,,1.31,0.74,1.08,4*0D
$GPGSV,3,1,09,21,86,108,39.1,18,63,311,,15,42,049,,09,30,126,,1*71
$GPGSV,3,2,09,03,17,312,38.9,29,14,186,39.4,14,08,218,,27,05,033,,1*62
$GPGSV,3,3,09,26,,,39.2,1*7F
$GLGSV,1,1,04,78,15,029,39.1,85,14,280,39.9,68,11,110,39.9,79,64,068,39.3,1*70
$GAGSV,1,1,00,7*73
$GBGSV,1,1,04,05,15,249,38.8,08,54,181,39.6,04,27,125,38.7,09,22,191,39.3,1*70
$GNRMC,221749.000,A,3900.0015,N,11613.9840,E,0.01,317.44,280612,,,A,V*05
$GNVTG,317.44,T,,M,0.01,N,0.01,K,A*26
$GNZDA,221749.000,28,06,2012,,*4E
$GNGGA,221750.000,3900.0015,N,11613.9840,E,1,11,0.74,-13.0,M,-6.8,M,,*71
$PAIRACC,3.46,7.90*44
$GNGLL,3900.0015,N,11613.9840,E,221750.000,A,A*4B
$GNGSA,A,3,21,03,29,,,,,,,,,,1.31,0.74,1.08,1*03
$GNGSA,A,3,78,85,68,79,,,,,,,,,1.31,0.74,1.08,2*09
$GNGSA,A,3,,,,,,,,,,,,,1.31,0.74,1.08,3*0A
$GNGSA,A,3,05,08,04,09,,,,,,,,,1.31,0.74,1.08,4*0D
$GPGSV,3,1,09,21,86,108,40.0,18,63,311,,15,42,049,,09,30,126,,1*7E
$GPGSV,3,2,09,03,17,312,40.2,29,14,186,40.3,14,08,218,,27,05,033,,1*6F
$GPGSV,3,3,09,26,,,40.1,1*72
$GLGSV,1,1,04,78,15,029,39.7,85,14,280,39.5,68,11,110,39.6,79,64,068,39.5,1*73
$GAGSV,1,1,00,7*73
$GBGSV,1,1,04,05,15,249,39.8,08,54,181,39.6,04,27,125,39.8,09,22,191,39.8,1*74
$GNRMC,221750.000,A,3900.0015,N,11613.9840,E,0.01,312.93,280612,,,A,V*02
$GNVTG,312.93,T,,M,0.01,N,0.01,K,A*29
$GNZDA,221750.000,28,06,2012,,*46
$GNGGA,221751.000,3900.0015,N,11613.9840,E,1,11,0.74,-13.0,M,-6.8,M,,*70
$PAIRACC,3.45,7.90*47
$GNGLL,3900.0015,N,11613.9840,E,221751.000,A,A*4A
$GNGSA,A,3,21,03,29,,,,,,,,,,1.31,0.74,1.08,1*03
$GNGSA,A,3,78,85,68,79,,,,,,,,,1.31,0.74,1.08,2*09
$GNGSA,A,3,,,,,,,,,,,,,1.31,0.74,1.08,3*0A
$GNGSA,A,3,05,08,04,09,,,,,,,,,1.31,0.74,1.08,4*0D
$GPGSV,3,1,09,21,86,108,40.1,18,63,311,,15,42,049,,09,30,126,,1*7F
$GPGSV,3,2,09,03,17,312,40.0,29,14,186,40.3,14,08,218,,27,05,033,,1*6D
$GPGSV,3,3,09,26,,,40.5,1*76
$GLGSV,1,1,04,78,15,029,39.5,85,14,280,39.5,68,11,110,40.0,79,64,068,39.9,1*75
$GAGSV,1,1,00,7*73
$GBGSV,1,1,04,05,15,249,38.7,08,54,181,39.9,04,27,125,39.7,09,22,191,40.0,1*7C
$GNRMC,221751.000,A,3900.0015,N,11613.9840,E,0.01,308.39,280612,,,A,V*08
$GNVTG,308.39,T,,M,0.01,N,0.01,K,A*22
$GNZDA,221751.000,28,06,2012,,*47
$GNGGA,221752.000,3900.0015,N,11613.9840,E,1,11,0.74,-13.0,M,-6.8,M,,*73
$PAIRACC,3.45,7.90*47
$GNGLL,3900.0015,N,11613.9840,E,221752.000,A,A*49
$GNGSA,A,3,21,03,29,,,,,,,,,,1.31,0.74,1.08,1*03
$GNGSA,A,3,78,85,68,79,,,,,,,,,1.31,0.74,1.08,2*09
$GNGSA,A,3,,,,,,,,,,,,,1.31,0.74,1.08,3*0A
$GNGSA,A,3,05,08,04,09,,,,,,,,,1.31,0.74,1.08,4*0D
$GPGSV,3,1,09,21,86,108,39.7,18,63,311,,15,42,049,,09,30,126,,1*77
$GPGSV,3,2,09,03,17,312,39.9,29,14,186,39.5,14,08,218,,27,05,033,,1*62
$GPGSV,3,3,09,26,,,39.9,1*74
$GLGSV,1,1,04,78,15,029,39.2,85,14,280,39.6,68,11,110,39.6,79,64,068,39.5,1*75
$GAGSV,1,1,00,7*73
$GBGSV,1,1,04,05,15,249,38.6,08,54,181,39.4,04,27,125,38.7,09,22,191,39.3,1*7C
$GNRMC,221752.000,A,3900.0015,N,11613.9840,E,0.01,315.12,280612,,,A,V*0E
$GNVTG,315.12,T,,M,0.01,N,0.01,K,A*27
$GNZDA,221752.000,28,06,2012,,*44
$GNGGA,221753.000,3900.0015,N,11613.9840,E,1,11,0.74,-13.0,M,-6.8,M,,*72
$PAIRACC,3.45,7.93*44
$GNGLL,3900.0015,N,11613.9840,E,221753.000,A,A*48
$GNGSA,A,3,21,03,29,,,,,,,,,,1.31,0.74,1.08,1*03
$GNGSA,A,3,78,85,68,79,,,,,,,,,1.31,0.74,1.08,2*09
$GNGSA,A,3,,,,,,,,,,,,,1.31,0.74,1.08,3*0A
$GNGSA,A,3,05,08,04,09,,,,,,,,,1.31,0.74,1.08,4*0D
$GPGSV,3,1,09,21,86,108,39.6,18,63,311,,15,42,049,,09,30,126,,1*76
$GPGSV,3,2,09,03,17,312,39.8,29,14,186,39.9,14,08,218,,27,05,033,,1*6F
$GPGSV,3,3,09,26,,,39.8,1*75
$GLGSV,1,1,04,78,15,029,39.8,85,14,280,39.5,68,11,110,39.2,79,64,068,39.0,1*7D
$GAGSV,1,1,00,7*73
$GBGSV,1,1,04,05,15,249,39.3,08,54,181,39.3,04,27,125,39.1,09,22,191,39.2,1*79
$GNRMC,221753.000,A,3900.0015,N,11613.9840,E,0.01,307.79,280612,,,A,V*01
$GNVTG,307.79,T,,M,0.01,N,0.01,K,A*29
$GNZDA,221753.000,28,06,2012,,*45
$GNGGA,221754.000,3900.0015,N,11613.9840,E,1,11,0.74,-13.0,M,-6.8,M,,*75
$PAIRACC,3.47,7.99*4C
$GNGLL,3900.0015,N,11613.9840,E,221754.000,A,A*4F
$GNGSA,A,3,21,03,29,,,,,,,,,,1.31,0.74,1.08,1*03
$GNGSA,A,3,78,85,68,79,,,,,,,,,1.31,0.74,1.08,2*09
$GNGSA,A,3,,,,,,,,,,,,,1.31,0.74,1.08,3*0A
$GNGSA,A,3,05,08,04,09,,,,,,,,,1.31,0.74,1.08,4*0D
$GPGSV,3,1,09,21,86,108,40.0,18,63,311,,15,42,049,,09,30,126,,1*7E
$GPGSV,3,2,09,03,17,312,39.7,29,14,186,39.7,14,08,218,,27,05,033,,1*6E
$GPGSV,3,3,09,26,,,39.7,1*7A
$GLGSV,1,1,04,78,15,029,39.2,85,14,280,39.4,68,11,110,39.1,79,64,068,39.6,1*73
$GAGSV,1,1,00,7*73
$GBGSV,1,1,04,05,15,249,38.5,08,54,181,38.8,04,27,125,38.9,09,22,191,39.7,1*78
$GNRMC,221754.000,A,3900.0015,N,11613.9840,E,0.01,318.64,280612,,,A,V*04
$GNVTG,318.64,T,,M,0.01,N,0.01,K,A*2B
$GNZDA,221754.000,28,06,2012,,*42
$GNGGA,221755.000,3900.0015,N,11613.9840,E,1,11,0.74,-13.0,M,-6.8,M,,*74
$PAIRACC,3.46,7.90*44
$GNGLL,3900.0015,N,11613.9840,E,221755.000,A,A*4E
$GNGSA,A,3,21,03,29,,,,,,,,,,1.31,0.74,1.08,1*03
$GNGSA,A,3,78,85,68,79,,,,,,,,,1.31,0.74,1.08,2*09
$GNGSA,A,3,,,,,,,,,,,,,1.31,0.74,1.08,3*0A
$GNGSA,A,3,05,08,04,09,,,,,,,,,1.31,0.74,1.08,4*0D
$GPGSV,3,1,09,21,86,108,39.5,18,63,311,,15,42,049,,09,30,126,,1*75
$GPGSV,3,2,09,03,17,312,39.5,29,14,186,40.2,14,08,218,,27,05,033,,1*67
$GPGSV,3,3,09,26,,,39.6,1*7B
$GLGSV,1,1,04,78,15,029,39.8,85,14,280,39.5,68,11,110,39.7,79,64,068,39.5,1*7D
$GAGSV,1,1,00,7*73
$GBGSV,1,1,04,05,15,249,38.5,08,54,181,39.6,04,27,125,38.9,09,22,191,39.0,1*70
$GNRMC,221755.000,A,3900.0015,N,11613.9840,E,0.01,307.02,280612,,,A,V*0B
$GNVTG,307.02,T,,M,0.01,N,0.01,K,A*25
$GNZDA,221755.000,28,06,2012,,*43
$GNGGA,221756.000,3900.0015,N,11613.9840,E,1,11,0.74,-13.0,M,-6.8,M,,*77
$PAIRACC,3.50,7.89*4B
$GNGLL,3900.0015,N,11613.9840,E,221756.000,A,A*4D
$GNGSA,A,3,21,03,29,,,,,,,,,,1.31,0.74,1.08,1*03
$GNGSA,A,3,78,85,68,79,,,,,,,,,1.31,0.74,1.08,2*09
$GNGSA,A,3,,,,,,,,,,,,,1.31,0.74,1.08,3*0A
$GNGSA,A,3,05,08,04,09,,,,,,,,,1.31,0.74,1.08,4*0D
$GPGSV,3,1,09,21,86,108,39.5,18,63,311,,15,42,049,,09,30,126,,1*75
$GPGSV,3,2,09,03,17,312,39.1,29,14,186,39.6,14,08,218,,27,05,033,,1*69
$GPGSV,3,3,09,26,,,39.6,1*7B
$GLGSV,1,1,04,78,15,029,39.5,85,14,280,38.7,68,11,110,39.6,79,64,068,39.7,1*70
$GAGSV,1,1,00,7*73
$GBGSV,1,1,04,05,15,249,39.2,08,54,181,39.7,04,27,125,39.3,09,22,191,39.5,1*79
$GNRMC,221756.000,A,3900.0015,N,11613.9840,E,0.01,308.95,280612,,,A,V*09
$GNVTG,308.95,T,,M,0.01,N,0.01,K,A*24
$GNZDA,221756.000,28,06,2012,,*40
$GNGGA,221757.000,3900.0015,N,11613.9840,E,1,11,0.74,-12.9,M,-6.8,M,,*7E
$PAIRACC,3.45,7.87*41
$GNGLL,3900.0015,N,11613.9840,E,221757.000,A,A*4C
$GNGSA,A,3,21,03,29,,,,,,,,,,1.31,0.74,1.08,1*03
$GNGSA,A,3,78,85,68,79,,,,,,,,,1.31,0.74,1.08,2*09
$GNGSA,A,3,,,,,,,,,,,,,1.31,0.74,1.08,3*0A
$GNGSA,A,3,05,08,04,09,,,,,,,,,1.31,0.74,1.08,4*0D
$GPGSV,3,1,09,21,86,108,39.4,18,63,311,,15,42,049,,09,30,126,,1*74
$GPGSV,3,2,09,03,17,312,39.7,29,14,186,39.6,14,08,218,,27,05,033,,1*6F
$GPGSV,3,3,09,26,,,39.6,1*7B
$GLGSV,1,1,04,78,15,029,39.4,85,14,280,39.3,68,11,110,39.6,79,64,068,39.2,1*71
$GAGSV,1,1,00,7*73
$GBGSV,1,1,04,05,15,249,38.3,08,54,181,40.1,04,27,125,38.9,09,22,191,39.4,1*7B
$GNRMC,221757.000,A,3900.0015,N,11613.9840,E,0.01,309.73,280612,,,A,V*01
$GNVTG,309.73,T,,M,0.01,N,0.01,K,A*2D
$GNZDA,221757.000,28,06,2012,,*41
$GNGGA,221758.000,3900.0015,N,11613.9840,E,1,11,0.74,-12.9,M,-6.8,M,,*71
$PAIRACC,3.48,7.90*4A
$GNGLL,3900.0015,N,11613.9840,E,221758.000,A,A*43
$GNGSA,A,3,21,03,29,,,,,,,,,,1.31,0.74,1.08,1*03
$GNGSA,A,3,78,85,68,79,,,,,,,,,1.31,0.74,1.08,2*09
$GNGSA,A,3,,,,,,,,,,,,,1.31,0.74,1.08,3*0A
$GNGSA,A,3,05,08,04,09,,,,,,,,,1.31,0.74,1.08,4*0D
$GPGSV,3,1,09,21,86,108,40.1,18,63,311,,15,42,049,,09,30,126,,1*7F
$GPGSV,3,2,09,03,17,312,39.7,29,14,186,39.9,14,08,218,,27,05,033,,1*60
$GPGSV,3,3,09,26,,,39.8,1*75
$GLGSV,1,1,04,78,15,029,39.2,85,14,280,39.4,68,11,110,39.3,79,64,068,39.4,1*73
$GAGSV,1,1,00,7*73
$GBGSV,1,1,04,05,15,249,38.8,08,54,181,40.1,04,27,125,39.6,09,22,191,39.7,1*7D
$GNRMC,221758.000,A,3900.0015,N,11613.9840,E,0.01,313.52,280612,,,A,V*06
$GNVTG,313.52,T,,M,0.01,N,0.01,K,A*25
$GNZDA,221758.000,28,06,2012,,*4E
$GNGGA,221759.000,3900.0015,N,11613.9840,E,1,11,0.74,-12.9,M,-6.8,M,,*70
$PAIRACC,3.63,8.35*43
$GNGLL,3900.0015,N,11613.9840,E,221759.000,A,A*42
$GNGSA,A,3,21,03,29,,,,,,,,,,1.31,0.74,1.08,1*03
$GNGSA,A,3,78,85,68,79,,,,,,,,,1.31,0.74,1.08,2*09
$GNGSA,A,3,,,,,,,,,,,,,1.31,0.74,1.08,3*0A
$GNGSA,A,3,05,08,04,09,,,,,,,,,1.31,0.74,1.08,4*0D
$GPGSV,3,1,09,21,86,108,40.1,18,63,311,,15,42,049,,09,30,126,,1*7F
$GPGSV,3,2,09,03,17,312,39.9,29,14,186,40.1,14,08,218,,27,05,033,,1*68
$GPGSV,3,3,09,26,,,40.0,1*73
$GLGSV,1,1,04,78,15,029,39.7,85,14,280,39.6,68,11,110,40.0,79,64,068,40.2,1*71
$GAGSV,1,1,00,7*73
$GBGSV,1,1,04,05,15,249,39.8,08,54,181,39.4,04,27,125,39.8,09,22,191,40.0,1*70
$GNRMC,221759.000,A,3900.0015,N,11613.9840,E,0.01,303.93,280612,,,A,V*0B
$GNVTG,303.93,T,,M,0.01,N,0.01,K,A*29
$GNZDA,221759.000,28,06,2012,,*4F
$GNGGA,221800.000,3900.0015,N,11613.9839,E,1,11,0.74,-12.9,M,-6.8,M,,*7D
$PAIRACC,3.52,7.92*43
$GNGLL,3900.0015,N,11613.9839,E,221800.000,A,A*4F
$GNGSA,A,3,21,03,29,,,,,,,,,,1.31,0.74,1.08,1*03
$GNGSA,A,3,78,85,68,79,,,,,,,,,1.31,0.74,1.08,2*09
$GNGSA,A,3,,,,,,,,,,,,,1.31,0.74,1.08,3*0A
$GNGSA,A,3,05,08,04,09,,,,,,,,,1.31,0.74,1.08,4*0D
$GPGSV,3,1,09,21,86,108,39.5,18,63,311,,15,42,049,,09,30,126,,1*75
$GPGSV,3,2,09,03,17,312,39.9,29,14,186,40.0,14,08,218,,27,05,033,,1*69
$GPGSV,3,3,09,26,,,40.1,1*72
$GLGSV,1,1,04,78,15,029,39.7,85,14,280,39.4,68,11,110,39.2,79,64,068,39.0,1*73
$GAGSV,1,1,00,7*73
$GBGSV,1,1,04,05,15,249,38.9,08,54,181,39.8,04,27,125,39.0,09,22,191,39.4,1*7E
$GNRMC,221800.000,A,3900.0015,N,11613.9839,E,0.01,302.55,280612,,,A,V*0D
$GNVTG,302.55,T,,M,0.01,N,0.01,K,A*22
$GNZDA,221800.000,28,06,2012,,*4C
$GNGGA,221801.000,3900.0015,N,11613.9839,E,1,11,0.74,-12.8,M,-6.8,M,,*7D
$PAIRACC,3.49,7.87*4D
$GNGLL,3900.0015,N,11613.9839,E,221801.000,A,A*4E
$GNGSA,A,3,21,03,29,,,,,,,,,,1.31,0.74,1.08,1*03
$GNGSA,A,3,78,85,68,79,,,,,,,,,1.31,0.74,1.08,2*09
$GNGSA,A,3,,,,,,,,,,,,,1.31,0.74,1.08,3*0A
$GNGSA,A,3,05,08,04,09,,,,,,,,,1.31,0.74,1.08,4*0D
$GPGSV,3,1,09,21,86,108,40.0,18,63,311,,15,42,049,,09,30,126,,1*7E
$GPGSV,3,2,09,03,17,312,39.7,29,14,186,39.9,14,08,218,,27,05,033,,1*60
$GPGSV,3,3,09,26,,,40.2,1*71
$GLGSV,1,1,04,78,15,029,39.5,85,14,280,39.0,68,11,110,39.2,79,64,068,40.0,1*7B
$GAGSV,1,1,00,7*73
$GBGSV,1,1,04,05,15,249,39.0,08,54,181,39.8,04,27,125,39.5,09,22,191,40.0,1*79
$GNRMC,221801.000,A,3900.0015,N,11613.9839,E,0.01,312.37,280612,,,A,V*09
$GNVTG,312.37,T,,M,0.01,N,0.01,K,A*27
$GNZDA,221801.000,28,06,2012,,*4D
$GNGGA,221802.000,3900.0015,N,11613.9839,E,1,11,0.74,-12.8,M,-6.8,M,,*7E
$PAIRACC,3.45,7.86*40
$GNGLL,3900.0015,N,11613.9839,E,221802.000,A,A*4D
$GNGSA,A,3,21,03,29,,,,,,,,,,1.31,0.74,1.08,1*03
$GNGSA,A,3,78,85,68,79,,,,,,,,,1.31,0.74,1.08,2*09
$GNGSA,A,3,,,,,,,,,,,,,1.31,0.74,1.08,3*0A
$GNGSA,A,3,05,08,04,09,,,,,,,,,1.31,0.74,1.08,4*0D
$GPGSV,3,1,09,21,86,108,39.7,18,63,311,,15,42,049,,09,30,126,,1*77
$GPGSV,3,2,09,03,17,312,39.4,29,14,186,40.2,14,08,218,,27,05,033,,1*66
$GPGSV,3,3,09,26,,,39.8,1*75
$GLGSV,1,1,04,78,15,029,39.6,85,14,280,39.5,68,11,110,39.9,79,64,068,39.7,1*7F
$GAGSV,1,1,00,7*73
$GBGSV,1,1,04,05,15,249,39.7,08,54,181,39.5,04,27,125,39.6,09,22,191,39.5,1*7B
$GNRMC,221802.000,A,3900.0015,N,11613.9839,E,0.01,314.71,280612,,,A,V*0E
$GNVTG,314.71,T,,M,0.01,N,0.01,K,A*23
$GNZDA,221802.000,28,06,2012,,*4E
$GNGGA,221803.000,3900.0015,N,11613.9839,E,1,11,0.74,-12.8,M,-6.8,M,,*7F
$PAIRACC,3.49,7.97*4C
$GNGLL,3900.0015,N,11613.9839,E,221803.000,A,A*4C
$GNGSA,A,3,21,03,29,,,,,,,,,,1.30,0.74,1.07,1*0D
$GNGSA,A,3,78,85,68,79,,,,,,,,,1.30,0.74,1.07,2*07
$GNGSA,A,3,,,,,,,,,,,,,1.30,0.74,1.07,3*04
$GNGSA,A,3,05,08,04,09,,,,,,,,,1.30,0.74,1.07,4*03
$GPGSV,3,1,09,21,86,108,39.5,18,63,311,,15,42,049,,09,30,126,,1*75
$GPGSV,3,2,09,03,17,312,39.6,29,14,186,39.6,14,08,218,,27,05,033,,1*6E
$GPGSV,3,3,09,26,,,40.1,1*72
$GLGSV,1,1,04,78,15,029,39.4,85,14,280,39.4,68,11,110,39.3,79,64,068,39.6,1*77
$GAGSV,1,1,00,7*73
$GBGSV,1,1,04,05,15,249,38.5,08,54,181,39.0,04,27,125,39.4,09,22,191,39.4,1*7E
$GNRMC,221803.000,A,3900.0015,N,11613.9839,E,0.01,320.82,280612,,,A,V*04
$GNVTG,320.82,T,,M,0.01,N,0.01,K,A*28
$GNZDA,221803.000,28,06,2012,,*4F
$GNGGA,221804.000,3900.0015,N,11613.9839,E,1,12,0.69,-12.8,M,-6.8,M,,*77
$PAIRACC,3.26,7.81*42
$GNGLL,3900.0015,N,11613.9839,E,221804.000,A,A*4B
$GNGSA,A,3,21,26,03,29,,,,,,,,,1.27,0.69,1.07,1*03
$GNGSA,A,3,78,85,68,79,,,,,,,,,1.27,0.69,1.07,2*0D
$GNGSA,A,3,,,,,,,,,,,,,1.27,0.69,1.07,3*0E
$GNGSA,A,3,05,08,04,09,,,,,,,,,1.27,0.69,1.07,4*09
$GPGSV,3,1,09,21,86,108,40.0,18,63,311,,15,42,049,,09,30,126,,1*7E
$GPGSV,3,2,09,26,23,045,39.7,03,17,312,39.9,29,14,186,40.3,14,08,218,,1*7D
$GPGSV,3,3,09,27,05,033,,1*5D
$GLGSV,1,1,04,78,15,029,39.9,85,14,280,39.4,68,11,110,39.5,79,64,068,39.6,1*7C
$GAGSV,1,1,00,7*73
$GBGSV,1,1,04,05,15,249,38.9,08,54,181,39.5,04,27,125,39.4,09,22,191,39.8,1*7B
$GNRMC,221804.000,A,3900.0015,N,11613.9839,E,0.01,312.33,280612,,,A,V*08
$GNVTG,312.33,T,,M,0.01,N,0.01,K,A*23
$GNZDA,221804.000,28,06,2012,,*48
$GNGGA,221805.000,3900.0015,N,11613.9839,E,1,12,0.69,-12.7,M,-6.8,M,,*79
$PAIRACC,3.35,8.26*42
$GNGLL,3900.0015,N,11613.9839,E,221805.000,A,A*4A
$GNGSA,A,3,21,26,03,29,,,,,,,,,1.27,0.69,1.07,1*03
$GNGSA,A,3,78,85,68,79,,,,,,,,,1.27,0.69,1.07,2*0D
$GNGSA,A,3,,,,,,,,,,,,,1.27,0.69,1.07,3*0E
$GNGSA,A,3,05,08,04,09,,,,,,,,,1.27,0.69,1.07,4*09
$GPGSV,3,1,09,21,86,108,40.2,18,63,311,,15,42,049,,09,30,126,,1*7C
$GPGSV,3,2,09,26,23,045,40.5,03,17,312,40.2,29,14,186,40.5,14,08,218,,1*72
$GPGSV,3,3,09,27,05,033,,1*5D
$GLGSV,1,1,04,78,15,029,40.0,85,14,280,39.7,68,11,110,40.0,79,64,068,40.4,1*7F
$GAGSV,1,1,00,7*73
$GBGSV,1,1,04,05,15,249,39.6,08,54,181,40.0,04,27,125,40.0,09,22,191,40.1,1*73
$GNRMC,221805.000,A,3900.0015,N,11613.9839,E,0.01,307.40,280612,,,A,V*09
$GNVTG,307.40,T,,M,0.01,N,0.01,K,A*23
$GNZDA,221805.000,28,06,2012,,*49
$GNGGA,221806.000,3900.0015,N,11613.9839,E,1,12,0.69,-12.7,M,-6.8,M,,*7A
$PAIRACC,3.29,7.80*4C
$GNGLL,3900.0015,N,11613.9839,E,221806.000,A,A*49
$GNGSA,A,3,21,26,03,29,,,,,,,,,1.27,0.69,1.07,1*03
$GNGSA,A,3,78,85,68,79,,,,,,,,,1.27,0.69,1.07,2*0D
$GNGSA,A,3,,,,,,,,,,,,,1.27,0.69,1.07,3*0E
$GNGSA,A,3,05,08,04,09,,,,,,,,,1.27,0.69,1.07,4*09
$GPGSV,3,1,09,21,86,108,40.2,18,63,311,,15,42,049,,09,30,126,,1*7C
$GPGSV,3,2,09,26,23,045,40.4,03,17,312,40.5,29,14,186,40.2,14,08,218,,1*73
$GPGSV,3,3,09,27,05,033,,1*5D
$GLGSV,1,1,04,78,15,029,40.4,85,14,280,39.4,68,11,110,40.3,79,64,068,39.7,1*76
$GAGSV,1,1,00,7*73
$GBGSV,1,1,04,05,15,249,38.6,08,54,181,39.7,04,27,125,39.4,09,22,191,40.0,1*70
$GNRMC,221806.000,A,3900.0015,N,11613.9839,E,0.01,300.63,280612,,,A,V*0C
$GNVTG,300.63,T,,M,0.01,N,0.01,K,A*25
$GNZDA,221806.000,28,06,2012,,*4A
$GNGGA,221807.000,3900.0015,N,11613.9839,E,1,12,0.69,-12.7,M,-6.8,M,,*7B
$PAIRACC,3.31,8.23*43
$GNGLL,3900.0015,N,11613.9839,E,221807.000,A,A*48
$GNGSA,A,3,21,26,03,29,,,,,,,,,1.27,0.69,1.07,1*03
$GNGSA,A,3,78,85,68,79,,,,,,,,,1.27,0.69,1.07,2*0D
$GNGSA,A,3,,,,,,,,,,,,,1.27,0.69,1.07,3*0E
$GNGSA,A,3,05,08,04,09,,,,,,,,,1.27,0.69,1.07,4*09
$GPGSV,3,1,09,21,86,108,40.4,18,63,311,,15,42,049,,09,30,126,,1*7A
$GPGSV,3,2,09,26,23,045,40.3,03,17,312,40.1,29,14,186,40.3,14,08,218,,1*71
$GPGSV,3,3,09,27,05,033,,1*5D
$GLGSV,1,1,04,78,15,029,39.9,85,14,280,40.0,68,11,110,40.4,79,64,068,40.3,1*72
$GAGSV,1,1,00,7*73
$GBGSV,1,1,04,05,15,249,39.0,08,54,181,40.0,04,27,125,39.5,09,22,191,40.0,1*7F
$GNRMC,221807.000,A,3900.0015,N,11613.9839,E,0.01,307.67,280612,,,A,V*0E
$GNVTG,307.67,T,,M,0.01,N,0.02,K,A*25
$GNZDA,221807.000,28,06,2012,,*4B
$GNGGA,221808.000,3900.0015,N,11613.9839,E,1,12,0.69,-12.6,M,-6.8,M,,*75
$PAIRACC,3.31,7.81*44
$GNGLL,3900.0015,N,11613.9839,E,221808.000,A,A*47
$GNGSA,A,3,21,26,03,29,,,,,,,,,1.27,0.69,1.07,1*03
$GNGSA,A,3,78,85,68,79,,,,,,,,,1.27,0.69,1.07,2*0D
$GNGSA,A,3,,,,,,,,,,,,,1.27,0.69,1.07,3*0E
$GNGSA,A,3,05,08,04,09,,,,,,,,,1.27,0.69,1.07,4*09
$GPGSV,3,1,09,21,86,108,40.4,18,63,311,,15,42,049,,09,30,126,,1*7A
$GPGSV,3,2,09,26,23,045,40.2,03,17,312,40.5,29,14,186,40.5,14,08,218,,1*72
$GPGSV,3,3,09,27,05,033,,1*5D
$GLGSV,1,1,04,78,15,029,40.4,85,14,280,40.0,68,11,110,40.0,79,64,068,40.0,1*76
$GAGSV,1,1,00,7*73
$GBGSV,1,1,04,05,15,249,39.7,08,54,181,39.6,04,27,125,39.5,09,22,191,39.7,1*79
$GNRMC,221808.000,A,3900.0015,N,11613.9839,E,0.01,305.96,280612,,,A,V*0D
$GNVTG,305.96,T,,M,0.01,N,0.02,K,A*29
$GNZDA,221808.000,28,06,2012,,*44
$GNGGA,221809.000,3900.0015,N,11613.9838,E,1,12,0.69,-12.6,M,-6.8,M,,*75
$PAIRACC,3.29,7.82*4E
$GNGLL,3900.0015,N,11613.9838,E,221809.000,A,A*47
$GNGSA,A,3,21,26,03,29,,,,,,,,,1.27,0.69,1.07,1*03
$GNGSA,A,3,78,85,68,79,,,,,,,,,1.27,0.69,1.07,2*0D
$GNGSA,A,3,,,,,,,,,,,,,1.27,0.69,1.07,3*0E
$GNGSA,A,3,05,08,04,09,,,,,,,,,1.27,0.69,1.07,4*09
$GPGSV,3,1,09,21,86,108,40.6,18,63,311,,15,42,049,,09,30,126,,1*78
$GPGSV,3,2,09,26,23,045,40.3,03,17,312,40.2,29,14,186,40.7,14,08,218,,1*76
$GPGSV,3,3,09,27,05,033,,1*5D
$GLGSV,1,1,04,78,15,029,39.7,85,14,280,39.8,68,11,110,40.0,79,64,068,39.7,1*74
$GAGSV,1,1,00,7*73
$GBGSV,1,1,04,05,15,249,39.2,08,54,181,39.5,04,27,125,39.4,09,22,191,39.7,1*7E
$GNRMC,221809.000,A,3900.0015,N,11613.9838,E,0.01,303.97,280612,,,A,V*0A
$GNVTG,303.97,T,,M,0.01,N,0.02,K,A*2E
$GNZDA,221809.000,28,06,2012,,*45
$GNGGA,221810.000,3900.0015,N,11613.9838,E,1,12,0.69,-12.6,M,-6.8,M,,*7D
$PAIRACC,3.28,7.75*47
$GNGLL,3900.0015,N,11613.9838,E,221810.000,A,A*4F
$GNGSA,A,3,21,26,03,29,,,,,,,,,1.27,0.69,1.07,1*03
$GNGSA,A,3,78,85,68,79,,,,,,,,,1.27,0.69,1.07,2*0D
$GNGSA,A,3,,,,,,,,,,,,,1.27,0.69,1.07,3*0E
$GNGSA,A,3,05,08,04,09,,,,,,,,,1.27,0.69,1.07,4*09
$GPGSV,3,1,09,21,86,108,40.2,18,63,311,,15,42,049,,09,30,126,,1*7C
$GPGSV,3,2,09,26,23,045,40.2,03,17,312,39.7,29,14,186,40.3,14,08,218,,1*78
$GPGSV,3,3,09,27,05,033,,1*5D
$GLGSV,1,1,04,78,15,029,40.0,85,14,280,40.1,68,11,110,39.7,79,64,068,40.5,1*7F
$GAGSV,1,1,00,7*73
$GBGSV,1,1,04,05,15,249,39.0,08,54,181,39.8,04,27,125,39.5,09,22,191,39.7,1*70
$GNRMC,221810.000,A,3900.0015,N,11613.9838,E,0.01,304.96,280612,,,A,V*04
$GNVTG,304.96,T,,M,0.01,N,0.02,K,A*28
$GNZDA,221810.000,28,06,2012,,*4D
$GNGGA,221811.000,3900.0014,N,11613.9838,E,1,12,0.69,-12.5,M,-6.8,M,,*7E
$PAIRACC,3.30,7.80*44
$GNGLL,3900.0014,N,11613.9838,E,221811.000,A,A*4F
$GNGSA,A,3,26,03,29,21,,,,,,,,,1.27,0.69,1.07,1*03
$GNGSA,A,3,79,78,85,68,,,,,,,,,1.27,0.69,1.07,2*0D
$GNGSA,A,3,,,,,,,,,,,,,1.27,0.69,1.07,3*0E
$GNGSA,A,3,08,04,09,05,,,,,,,,,1.27,0.69,1.07,4*09
$GPGSV,3,1,09,27,05,033,,18,63,311,,15,42,049,,09,30,126,,1*60
$GPGSV,3,2,09,26,23,045,40.5,03,17,312,40.0,29,14,186,40.5,14,08,218,,1*70
$GPGSV,3,3,09,21,86,108,40.4,1*47
$GLGSV,1,1,04,79,64,068,39.8,78,15,029,40.0,85,14,280,39.7,68,11,110,39.8,1*7B
$GAGSV,1,1,00,7*73
$GBGSV,2,1,05,08,54,181,39.4,06,46,176,,04,27,125,39.5,09,22,191,39.4,1*63
$GBGSV,2,2,05,05,15,249,39.5,1*5C
$GNRMC,221811.000,A,3900.0014,N,11613.9838,E,0.01,301.47,280612,,,A,V*0D
$GNVTG,301.47,T,,M,0.01,N,0.02,K,A*21
$GNZDA,221811.000,28,06,2012,,*4C
$GNGGA,221812.000,3900.0014,N,11613.9838,E,1,12,0.69,-12.5,M,-6.8,M,,*7D
$PAIRACC,3.29,7.75*46
$GNGLL,3900.0014,N,11613.9838,E,221812.000,A,A*4C
$GNGSA,A,3,26,03,29,21,,,,,,,,,1.27,0.69,1.07,1*03
$GNGSA,A,3,79,78,85,68,,,,,,,,,1.27,0.69,1.07,2*0D
$GNGSA,A,3,,,,,,,,,,,,,1.27,0.69,1.07,3*0E
$GNGSA,A,3,08,04,09,05,,,,,,,,,1.27,0.69,1.07,4*09
$GPGSV,3,1,09,27,05,033,,18,63,311,,15,42,049,,09,30,126,,1*60
$GPGSV,3,2,09,26,23,045,40.5,03,17,312,40.4,29,14,186,40.0,14,08,218,,1*71
$GPGSV,3,3,09,21,86,108,40.3,1*40
$GLGSV,1,1,04,79,64,068,40.6,78,15,029,40.8,85,14,280,40.4,68,11,110,40.0,1*78
$GAGSV,1,1,00,7*73
$GBGSV,2,1,05,08,54,181,40.1,06,46,176,,04,27,125,39.3,09,22,191,39.5,1*6F
$GBGSV,2,2,05,05,15,249,38.5,1*5D
$GNRMC,221812.000,A,3900.0014,N,11613.9838,E,0.01,312.41,280612,,,A,V*0A
$GNVTG,312.41,T,,M,0.01,N,0.02,K,A*25
$GNZDA,221812.000,28,06,2012,,*4F
$GNGGA,221813.000,3900.0014,N,11613.9838,E,1,12,0.69,-12.4,M,-6.8,M,,*7D
$PAIRACC,3.31,7.81*44
$GNGLL,3900.0014,N,11613.9838,E,221813.000,A,A*4D
$GNGSA,A,3,21,26,03,29,,,,,,,,,1.27,0.69,1.07,1*03
$GNGSA,A,3,78,79,85,68,,,,,,,,,1.27,0.69,1.07,2*0D
$GNGSA,A,3,,,,,,,,,,,,,1.27,0.69,1.07,3*0E
$GNGSA,A,3,08,04,09,05,,,,,,,,,1.27,0.69,1.07,4*09
$GPGSV,3,1,09,27,05,033,,15,42,049,,21,86,108,40.5,09,30,126,,1*74
$GPGSV,3,2,09,26,23,045,40.2,03,17,312,40.0,29,14,186,40.6,14,08,218,,1*74
$GPGSV,3,3,09,18,63,311,,1*52
$GLGSV,2,1,07,78,15,029,40.1,79,64,068,39.7,70,41,327,,85,14,280,39.9,1*6D
$GLGSV,2,2,07,68,11,110,40.1,86,08,330,,65,08,308,,1*5C
$GAGSV,1,1,00,7*73
$GBGSV,2,1,06,08,54,181,39.6,06,46,176,,04,27,125,39.4,09,22,191,39.7,1*60
$GBGSV,2,2,06,05,15,249,39.1,10,06,213,,1*6C
$GNRMC,221813.000,A,3900.0014,N,11613.9838,E,0.01,310.63,280612,,,A,V*09
$GNVTG,310.63,T,,M,0.01,N,0.02,K,A*27
$GNZDA,221813.000,28,06,2012,,*4E
$GNGGA,221814.000,3900.0014,N,11613.9838,E,1,12,0.69,-12.4,M,-6.8,M,,*7A
$PAIRACC,3.29,7.76*45
$GNGLL,3900.0014,N,11613.9838,E,221814.000,A,A*4A
$GNGSA,A,3,26,03,29,21,,,,,,,,,1.27,0.69,1.07,1*03
$GNGSA,A,3,79,78,85,68,,,,,,,,,1.27,0.69,1.07,2*0D
$GNGSA,A,3,,,,,,,,,,,,,1.27,0.69,1.07,3*0E
$GNGSA,A,3,08,04,09,05,,,,,,,,,1.27,0.69,1.07,4*09
$GPGSV,3,1,09,27,05,033,,18,63,311,,15,42,049,,09,30,126,,1*60
$GPGSV,3,2,09,26,23,045,40.4,03,17,312,40.4,29,14,186,40.4,14,08,218,,1*74
$GPGSV,3,3,09,21,86,108,40.4,1*47
$GLGSV,1,1,04,79,64,068,40.5,78,15,029,40.2,85,14,280,40.3,68,11,110,40.0,1*76
$GAGSV,1,1,00,7*73
$GBGSV,2,1,06,08,54,181,40.1,06,46,176,,04,27,125,39.7,09,22,191,40.0,1*63
$GBGSV,2,2,06,05,15,249,39.6,10,06,213,,1*6B
$GNRMC,221814.000,A,3900.0014,N,11613.9838,E,0.01,305.06,280612,,,A,V*09
$GNVTG,305.06,T,,M,0.01,N,0.02,K,A*20
$GNZDA,221814.000,28,06,2012,,*49
$GNGGA,221815.000,3900.0014,N,11613.9837,E,1,12,0.69,-12.4,M,-6.8,M,,*74
$PAIRACC,3.22,7.75*4D
$GNGLL,3900.0014,N,11613.9837,E,221815.000,A,A*44
$GNGSA,A,3,21,26,03,29,,,,,,,,,1.27,0.69,1.07,1*03
$GNGSA,A,3,78,79,85,68,,,,,,,,,1.27,0.69,1.07,2*0D
$GNGSA,A,3,,,,,,,,,,,,,1.27,0.69,1.07,3*0E
$GNGSA,A,3,04,08,09,05,,,,,,,,,1.27,0.69,1.07,4*09
$GPGSV,3,1,09,27,05,033,,21,86,108,40.2,15,42,049,,09,30,126,,1*73
$GPGSV,3,2,09,26,23,045,40.7,03,17,312,40.2,29,14,186,40.5,14,08,218,,1*70
$GPGSV,3,3,09,18,63,311,,1*52
$GLGSV,1,1,04,78,15,029,40.2,79,64,068,40.2,85,14,280,40.0,68,11,110,40.0,1*72
$GAGSV,1,1,00,7*73
$GBGSV,2,1,07,04,27,125,39.1,06,46,176,,01,38,147,,08,54,181,39.5,1*7C
$GBGSV,2,2,07,09,22,191,39.6,05,15,249,38.8,10,06,213,,1*47
$GNRMC,221815.000,A,3900.0014,N,11613.9837,E,0.01,316.23,280612,,,A,V*02
$GNVTG,316.23,T,,M,0.01,N,0.02,K,A*25
$GNZDA,221815.000,28,06,2012,,*48
$GNGGA,221816.000,3900.0014,N,11613.9837,E,1,12,0.69,-12.4,M,-6.8,M,,*77
$PAIRACC,3.20,7.79*43
$GNGLL,3900.0014,N,11613.9837,E,221816.000,A,A*47
$GNGSA,A,3,26,03,29,21,,,,,,,,,1.27,0.69,1.07,1*03
$GNGSA,A,3,79,78,85,68,,,,,,,,,1.27,0.69,1.07,2*0D
$GNGSA,A,3,,,,,,,,,,,,,1.27,0.69,1.07,3*0E
$GNGSA,A,3,08,04,09,05,,,,,,,,,1.27,0.69,1.07,4*09
$GPGSV,3,1,09,27,05,033,,18,63,311,,15,42,049,,09,30,126,,1*60
$GPGSV,3,2,09,26,23,045,40.4,03,17,312,40.2,29,14,186,40.3,14,08,218,,1*75
$GPGSV,3,3,09,21,86,108,40.2,1*41
$GLGSV,1,1,04,79,64,068,40.1,78,15,029,39.6,85,14,280,39.6,68,11,110,40.2,1*71
$GAGSV,1,1,00,7*73
$GBGSV,2,1,06,08,54,181,39.3,06,46,176,,04,27,125,39.3,09,22,191,39.8,1*6D
$GBGSV,2,2,06,05,15,249,39.1,10,06,213,,1*6C
$GNRMC,221816.000,A,3900.0014,N,11613.9837,E,0.01,317.57,280612,,,A,V*03
$GNVTG,317.57,T,,M,0.01,N,0.01,K,A*24
$GNZDA,221816.000,28,06,2012,,*4B
$GNGGA,221817.000,3900.0014,N,11613.9836,E,1,12,0.69,-12.4,M,-6.8,M,,*77
$PAIRACC,3.17,7.74*4A
$GNGLL,3900.0014,N,11613.9836,E,221817.000,A,A*47
$GNGSA,A,3,21,26,03,29,,,,,,,,,1.27,0.69,1.07,1*03
$GNGSA,A,3,78,79,85,68,,,,,,,,,1.27,0.69,1.07,2*0D
$GNGSA,A,3,,,,,,,,,,,,,1.27,0.69,1.07,3*0E
$GNGSA,A,3,04,08,09,05,,,,,,,,,1.27,0.69,1.07,4*09
$GPGSV,3,1,10,27,05,033,,21,86,108,40.3,15,42,049,,22,33,280,,1*7F
$GPGSV,3,2,10,09,30,126,,26,23,045,40.7,03,17,312,40.6,29,14,186,40.2,1*72
$GPGSV,3,3,10,14,08,218,,18,63,311,,1*6C
$GLGSV,2,1,05,78,15,029,40.2,79,64,068,40.0,85,14,280,40.1,68,11,110,39.8,1*75
$GLGSV,2,2,05,80,03,025,,1*41
$GAGSV,1,1,00,7*73
$GBGSV,2,1,07,04,27,125,39.6,03,44,191,,01,38,147,,08,54,181,39.4,1*74
$GBGSV,2,2,07,09,22,191,39.5,05,15,249,39.2,10,06,213,,1*4F
$GNRMC,221817.000,A,3900.0014,N,11613.9836,E,0.01,258.80,280612,,,A,V*03
$GNVTG,258.80,T,,M,0.01,N,0.02,K,A*27
$GNZDA,221817.000,28,06,2012,,*4A
$GNGGA,221818.000,3900.0013,N,11613.9836,E,1,12,0.69,-12.3,M,-6.8,M,,*78
$PAIRACC,3.34,8.29*4C
$GNGLL,3900.0013,N,11613.9836,E,221818.000,A,A*4F
$GNGSA,A,3,26,03,29,21,,,,,,,,,1.27,0.69,1.07,1*03
$GNGSA,A,3,79,78,85,68,,,,,,,,,1.27,0.69,1.07,2*0D
$GNGSA,A,3,,,,,,,,,,,,,1.27,0.69,1.07,3*0E
$GNGSA,A,3,04,08,09,05,,,,,,,,,1.27,0.69,1.07,4*09
$GPGSV,3,1,10,27,05,033,,18,63,311,,15,42,049,,22,33,280,,1*6D
$GPGSV,3,2,10,09,30,126,,26,23,045,40.4,03,17,312,40.2,29,14,186,40.2,1*75
$GPGSV,3,3,10,14,08,218,,21,86,108,40.1,1*7C
$GLGSV,1,1,04,79,64,068,40.0,78,15,029,40.1,85,14,280,39.8,68,11,110,39.9,1*72
$GAGSV,1,1,00,7*73
$GBGSV,2,1,07,04,27,125,38.8,03,44,191,,01,38,147,,08,54,181,39.6,1*79
$GBGSV,2,2,07,09,22,191,39.5,05,15,249,38.7,10,06,213,,1*4B
$GNRMC,221818.000,A,3900.0013,N,11613.9836,E,0.01,261.51,280612,,,A,V*0D
$GNVTG,261.51,T,,M,0.01,N,0.02,K,A*21
$GNZDA,221818.000,28,06,2012,,*45
$GNGGA,221819.000,3900.0013,N,11613.9835,E,1,12,0.69,-12.3,M,-6.8,M,,*7A
$PAIRACC,3.19,7.81*4E
$GNGLL,3900.0013,N,11613.9835,E,221819.000,A,A*4D
$GNGSA,A,3,26,03,29,21,,,,,,,,,1.27,0.69,1.07,1*03
$GNGSA,A,3,79,78,85,68,,,,,,,,,1.27,0.69,1.07,2*0D
$GNGSA,A,3,,,,,,,,,,,,,1.27,0.69,1.07,3*0E
$GNGSA,A,3,08,04,09,05,,,,,,,,,1.27,0.69,1.07,4*09
$GPGSV,3,1,10,27,05,033,,18,63,311,,15,42,049,,22,33,280,,1*6D
$GPGSV,3,2,10,09,30,126,,26,23,045,40.0,03,17,312,40.3,29,14,186,40.5,1*77
$GPGSV,3,3,10,14,08,218,,21,86,108,40.1,1*7C
$GLGSV,1,1,04,79,64,068,40.6,78,15,029,39.9,85,14,280,40.2,68,11,110,40.1,1*70
$GAGSV,1,1,00,7*73
$GBGSV,2,1,06,08,54,181,39.2,01,38,147,,04,27,125,39.2,09,22,191,39.7,1*6E
$GBGSV,2,2,06,05,15,249,38.8,10,06,213,,1*64
$GNRMC,221819.000,A,3900.0013,N,11613.9835,E,0.01,258.52,280612,,,A,V*06
$GNVTG,258.52,T,,M,0.01,N,0.02,K,A*28
$GNZDA,221819.000,28,06,2012,,*44
$GNGGA,221820.000,3900.0012,N,11613.9835,E,1,12,0.69,-12.3,M,-6.8,M,,*71
$PAIRACC,3.36,8.37*41
$GNGLL,3900.0012,N,11613.9835,E,221820.000,A,A*46
$GNGSA,A,3,26,03,29,21,,,,,,,,,1.27,0.69,1.07,1*03
$GNGSA,A,3,79,78,85,68,,,,,,,,,1.27,0.69,1.07,2*0D
$GNGSA,A,3,,,,,,,,,,,,,1.27,0.69,1.07,3*0E
$GNGSA,A,3,08,04,09,05,,,,,,,,,1.27,0.69,1.07,4*09
$GPGSV,3,1,10,27,05,033,,18,63,311,,15,42,049,,22,33,280,,1*6D
$GPGSV,3,2,10,09,30,126,,26,23,045,40.0,03,17,312,40.1,29,14,186,40.6,1*76
$GPGSV,3,3,10,14,08,218,,21,86,108,40.4,1*79
$GLGSV,2,1,05,79,64,068,39.3,78,15,029,39.8,85,14,280,39.8,68,11,110,40.0,1*7D
$GLGSV,2,2,05,84,01,233,,1*42
$GAGSV,1,1,00,7*73
$GBGSV,2,1,06,08,54,181,39.1,01,38,147,,02,30,229,,04,27,125,39.3,1*77
$GBGSV,2,2,06,09,22,191,39.8,05,15,249,39.4,1*72
$GNRMC,221820.000,A,3900.0012,N,11613.9835,E,0.01,260.35,280612,,,A,V*07
$GNVTG,260.35,T,,M,0.01,N,0.02,K,A*22
$GNZDA,221820.000,28,06,2012,,*4E
$GNGGA,221821.000,3900.0012,N,11613.9834,E,1,12,0.69,-12.3,M,-6.8,M,,*71
$PAIRACC,3.23,7.87*41
$GNGLL,3900.0012,N,11613.9834,E,221821.000,A,A*46
$GNGSA,A,3,21,26,03,29,,,,,,,,,1.27,0.69,1.06,1*02
$GNGSA,A,3,85,68,78,79,,,,,,,,,1.27,0.69,1.06,2*0C
$GNGSA,A,3,,,,,,,,,,,,,1.27,0.69,1.06,3*0F
$GNGSA,A,3,09,05,08,04,,,,,,,,,1.27,0.69,1.06,4*08
$GPGSV,3,1,10,21,86,108,40.4,18,63,311,,15,42,049,,22,33,280,,1*77
$GPGSV,3,2,10,09,30,126,,26,23,045,40.3,03,17,312,40.0,29,14,186,40.1,1*73
$GPGSV,3,3,10,14,08,218,,27,05,033,,1*63
$GLGSV,1,1,04,85,14,280,40.2,68,11,110,40.0,78,15,029,40.0,79,64,068,39.6,1*78
$GAGSV,1,1,00,7*73
$GBGSV,2,1,05,09,22,191,39.5,05,15,249,38.8,08,54,181,39.6,02,30,229,,1*69
$GBGSV,2,2,05,04,27,125,39.0,1*50
$GNRMC,221821.000,A,3900.0012,N,11613.9834,E,0.01,254.31,280612,,,A,V*04
$GNVTG,254.31,T,,M,0.01,N,0.02,K,A*21
$GNZDA,221821.000,28,06,2012,,*4F
$GNGGA,221822.000,3900.0012,N,11613.9834,E,1,12,0.69,-12.3,M,-6.8,M,,*72
$PAIRACC,3.40,8.42*42
$GNGLL,3900.0012,N,11613.9834,E,221822.000,A,A*45
$GNGSA,A,3,21,26,03,29,,,,,,,,,1.27,0.69,1.06,1*02
$GNGSA,A,3,85,68,78,79,,,,,,,,,1.27,0.69,1.06,2*0C
$GNGSA,A,3,,,,,,,,,,,,,1.27,0.69,1.06,3*0F
$GNGSA,A,3,09,05,08,04,,,,,,,,,1.27,0.69,1.06,4*08
$GPGSV,3,1,10,21,86,108,40.4,18,63,311,,15,42,049,,22,33,280,,1*77
$GPGSV,3,2,10,09,30,126,,26,23,045,40.7,03,17,312,40.4,29,14,186,40.1,1*73
$GPGSV,3,3,10,14,08,218,,27,05,033,,1*63
$GLGSV,1,1,04,85,14,280,39.9,68,11,110,40.1,78,15,029,39.9,79,64,068,39.9,1*74
$GAGSV,1,1,00,7*73
$GBGSV,2,1,05,09,22,191,39.0,05,15,249,38.6,08,54,181,39.8,02,30,229,,1*6C
$GBGSV,2,2,05,04,27,125,39.4,1*54
$GNRMC,221822.000,A,3900.0012,N,11613.9834,E,0.01,261.04,280612,,,A,V*07
$GNVTG,261.04,T,,M,0.01,N,0.03,K,A*20
$GNZDA,221822.000,28,06,2012,,*4C
$GNGGA,221823.000,3900.0011,N,11613.9833,E,1,12,0.69,-12.2,M,-6.8,M,,*76
$PAIRACC,3.24,7.93*43
$GNGLL,3900.0011,N,11613.9833,E,221823.000,A,A*40
$GNGSA,A,3,21,26,03,29,,,,,,,,,1.27,0.69,1.06,1*02
$GNGSA,A,3,78,85,68,79,,,,,,,,,1.27,0.69,1.06,2*0C
$GNGSA,A,3,,,,,,,,,,,,,1.27,0.69,1.06,3*0F
$GNGSA,A,3,05,08,04,09,,,,,,,,,1.27,0.69,1.06,4*08
$GPGSV,3,1,10,21,86,108,40.3,18,63,311,,15,42,049,,22,33,280,,1*70
$GPGSV,3,2,10,09,30,126,,26,23,045,40.5,03,17,312,40.4,29,14,186,40.4,1*74
$GPGSV,3,3,10,14,08,218,,27,05,033,,1*63
$GLGSV,1,1,04,78,15,029,40.2,85,14,280,39.7,68,11,110,40.1,79,64,068,39.8,1*7E
$GAGSV,1,1,00,7*73
$GBGSV,1,1,04,05,15,249,39.4,08,54,181,39.7,04,27,125,39.4,09,22,191,39.4,1*79
$GNRMC,221823.000,A,3900.0011,N,11613.9833,E,0.01,264.68,280612,,,A,V*0D
$GNVTG,264.68,T,,M,0.01,N,0.03,K,A*2F
$GNZDA,221823.000,28,06,2012,,*4D
$GNGGA,221824.000,3900.0011,N,11613.9833,E,1,12,0.69,-12.2,M,-6.8,M,,*71
$PAIRACC,3.41,8.48*49
$GNGLL,3900.0011,N,11613.9833,E,221824.000,A,A*47
$GNGSA,A,3,21,26,03,29,,,,,,,,,1.27,0.69,1.07,1*03
$GNGSA,A,3,78,85,68,79,,,,,,,,,1.27,0.69,1.07,2*0D
$GNGSA,A,3,,,,,,,,,,,,,1.27,0.69,1.07,3*0E
$GNGSA,A,3,05,08,04,09,,,,,,,,,1.27,0.69,1.07,4*09
$GPGSV,3,1,10,21,86,108,39.4,18,63,311,,15,42,049,,22,33,280,,1*79
$GPGSV,3,2,10,09,30,126,,26,23,045,39.9,03,17,312,40.2,29,14,186,39.8,1*72
$GPGSV,3,3,10,14,08,218,,27,05,033,,1*63
$GLGSV,1,1,04,78,15,029,40.2,85,14,280,40.1,68,11,110,40.0,79,64,068,40.0,1*71
$GAGSV,1,1,00,7*73
$GBGSV,1,1,04,05,15,249,38.3,08,54,181,39.5,04,27,125,39.1,09,22,191,39.2,1*7E
$GNRMC,221824.000,A,3900.0011,N,11613.9833,E,0.01,262.12,280612,,,A,V*01
$GNVTG,262.12,T,,M,0.01,N,0.03,K,A*24
$GNZDA,221824.000,28,06,2012,,*4A
$GNGGA,221825.000,3900.0011,N,11613.9833,E,1,12,0.69,-12.2,M,-6.8,M,,*70
$PAIRACC,3.25,7.96*47
$GNGLL,3900.0011,N,11613.9833,E,221825.000,A,A*46
$GNGSA,A,3,21,26,03,29,,,,,,,,,1.27,0.69,1.06,1*02
$GNGSA,A,3,78,85,68,79,,,,,,,,,1.27,0.69,1.06,2*0C
$GNGSA,A,3,,,,,,,,,,,,,1.27,0.69,1.06,3*0F
$GNGSA,A,3,05,08,04,09,,,,,,,,,1.27,0.69,1.06,4*08
$GPGSV,3,1,10,21,86,108,40.0,18,63,311,,15,42,049,,22,33,280,,1*73
$GPGSV,3,2,10,09,30,126,,26,23,045,40.4,03,17,312,39.9,29,14,186,40.2,1*70
$GPGSV,3,3,10,14,08,218,,27,05,033,,1*63
$GLGSV,1,1,04,78,15,029,39.5,85,14,280,39.7,68,11,110,39.8,79,64,068,39.6,1*7E
$GAGSV,1,1,00,7*73
$GBGSV,1,1,04,05,15,249,38.7,08,54,181,39.6,04,27,125,38.8,09,22,191,39.5,1*76
$GNRMC,221825.000,A,3900.0011,N,11613.9833,E,0.01,259.46,280612,,,A,V*09
$GNVTG,259.46,T,,M,0.01,N,0.03,K,A*2D
$GNZDA,221825.000,28,06,2012,,*4B
$GNGGA,221826.000,3900.0010,N,11613.9832,E,1,12,0.69,-12.2,M,-6.8,M,,*73
$PAIRACC,3.42,8.51*42
$GNGLL,3900.0010,N,11613.9832,E,221826.000,A,A*45
$GNGSA,A,3,21,26,03,29,,,,,,,,,1.27,0.69,1.06,1*02
$GNGSA,A,3,78,85,68,79,,,,,,,,,1.27,0.69,1.06,2*0C
$GNGSA,A,3,,,,,,,,,,,,,1.27,0.69,1.06,3*0F
$GNGSA,A,3,05,08,04,09,,,,,,,,,1.27,0.69,1.06,4*08
$GPGSV,3,1,10,21,86,108,40.1,18,63,311,,15,42,049,,22,33,280,,1*72
$GPGSV,3,2,10,09,30,126,,26,23,045,40.2,03,17,312,40.1,29,14,186,40.3,1*71
$GPGSV,3,3,10,14,08,218,,27,05,033,,1*63
$GLGSV,1,1,04,78,15,029,40.3,85,14,280,40.1,68,11,110,39.8,79,64,068,40.3,1*75
$GAGSV,1,1,00,7*73
$GBGSV,1,1,04,05,15,249,39.3,08,54,181,39.9,04,27,125,39.4,09,22,191,39.3,1*77
$GNRMC,221826.000,A,3900.0010,N,11613.9832,E,0.01,262.00,280612,,,A,V*00
$GNVTG,262.00,T,,M,0.01,N,0.03,K,A*27
$GNZDA,221826.000,28,06,2012,,*48
$GNGGA,221827.000,3900.0010,N,11613.9832,E,1,12,0.69,-12.2,M,-6.8,M,,*72
$PAIRACC,3.26,8.00*44
$GNGLL,3900.0010,N,11613.9832,E,221827.000,A,A*44
$GNGSA,A,3,21,26,03,29,,,,,,,,,1.27,0.69,1.06,1*02
$GNGSA,A,3,78,85,68,79,,,,,,,,,1.27,0.69,1.06,2*0C
$GNGSA,A,3,,,,,,,,,,,,,1.27,0.69,1.06,3*0F
$GNGSA,A,3,05,08,04,09,,,,,,,,,1.27,0.69,1.06,4*08
$GPGSV,3,1,10,21,86,108,39.9,18,63,311,,15,42,049,,22,33,280,,1*74
$GPGSV,3,2,10,09,30,126,,26,23,045,40.0,03,17,312,39.9,29,14,186,40.0,1*76
$GPGSV,3,3,10,14,08,218,,27,05,033,,1*63
$GLGSV,1,1,04,78,15,029,39.8,85,14,280,39.6,68,10,111,39.8,79,64,068,39.8,1*7C
$GAGSV,1,1,00,7*73
$GBGSV,1,1,04,05,15,249,38.3,08,54,181,40.0,04,27,125,38.9,09,22,191,39.3,1*7D
$GNRMC,221827.000,A,3900.0010,N,11613.9832,E,0.01,268.26,280612,,,A,V*0F
$GNVTG,268.26,T,,M,0.01,N,0.03,K,A*29
$GNZDA,221827.000,28,06,2012,,*49
$GNGGA,221828.000,3900.0010,N,11613.9831,E,1,12,0.69,-12.2,M,-6.8,M,,*7E
$PAIRACC,3.44,8.55*40
$GNGLL,3900.0010,N,11613.9831,E,221828.000,A,A*48
$GNGSA,A,3,21,26,03,29,,,,,,,,,1.27,0.69,1.06,1*02
$GNGSA,A,3,78,85,68,79,,,,,,,,,1.27,0.69,1.06,2*0C
$GNGSA,A,3,,,,,,,,,,,,,1.27,0.69,1.06,3*0F
$GNGSA,A,3,05,08,04,09,,,,,,,,,1.27,0.69,1.06,4*08
$GPGSV,3,1,10,21,86,108,39.7,18,63,311,,15,42,049,,22,33,280,,1*7A
$GPGSV,3,2,10,09,30,126,,26,23,045,40.0,03,17,312,39.3,29,14,186,40.0,1*7C
$GPGSV,3,3,10,14,08,218,,27,05,033,,1*63
$GLGSV,1,1,04,78,15,029,39.7,85,14,280,39.8,68,10,111,40.0,79,64,068,40.0,1*7D
$GAGSV,1,1,00,7*73
$GBGSV,1,1,04,05,15,249,38.6,08,54,181,39.6,04,27,125,39.3,09,22,191,39.2,1*7A
$GNRMC,221828.000,A,3900.0010,N,11613.9831,E,0.01,264.64,280612,,,A,V*09
$GNVTG,264.64,T,,M,0.01,N,0.03,K,A*23
$GNZDA,221828.000,28,06,2012,,*46
$GNGGA,221829.000,3900.0010,N,11613.9831,E,1,12,0.69,-12.1,M,-6.8,M,,*7C
$PAIRACC,3.28,8.02*48
$GNGLL,3900.0010,N,11613.9831,E,221829.000,A,A*49
$GNGSA,A,3,21,26,03,29,,,,,,,,,1.27,0.69,1.06,1*02
$GNGSA,A,3,78,85,68,79,,,,,,,,,1.27,0.69,1.06,2*0C
$GNGSA,A,3,,,,,,,,,,,,,1.27,0.69,1.06,3*0F
$GNGSA,A,3,05,08,04,09,,,,,,,,,1.27,0.69,1.06,4*08
$GPGSV,3,1,10,21,86,108,39.7,18,63,311,,15,42,049,,22,33,280,,1*7A
$GPGSV,3,2,10,09,30,126,,26,23,045,39.6,03,17,312,40.1,29,14,186,40.1,1*79
$GPGSV,3,3,10,14,08,218,,27,05,033,,1*63
$GLGSV,1,1,04,78,15,029,40.0,85,14,280,40.4,68,10,111,40.1,79,64,068,40.1,1*76
$GAGSV,1,1,00,7*73
$GBGSV,1,1,04,05,15,249,39.3,08,54,181,39.3,04,27,125,39.4,09,22,191,39.3,1*7D
$GNRMC,221829.000,A,3900.0010,N,11613.9831,E,0.01,258.33,280612,,,A,V*05
$GNVTG,258.33,T,,M,0.01,N,0.03,K,A*2E
$GNZDA,221829.000,28,06,2012,,*47
$GNGGA,221830.000,3900.0009,N,11613.9831,E,1,12,0.69,-12.1,M,-6.8,M,,*7C
$PAIRACC,3.45,8.57*43
$GNGLL,3900.0009,N,11613.9831,E,221830.000,A,A*49
$GNGSA,A,3,21,26,03,29,,,,,,,,,1.27,0.69,1.06,1*02
$GNGSA,A,3,78,85,68,79,,,,,,,,,1.27,0.69,1.06,2*0C
$GNGSA,A,3,,,,,,,,,,,,,1.27,0.69,1.06,3*0F
$GNGSA,A,3,05,08,04,09,,,,,,,,,1.27,0.69,1.06,4*08
$GPGSV,3,1,10,21,86,108,39.7,18,63,311,,15,42,049,,22,33,280,,1*7A
$GPGSV,3,2,10,09,30,126,,26,23,045,39.9,03,17,312,39.8,29,14,186,39.9,1*77
$GPGSV,3,3,10,14,08,218,,27,05,033,,1*63
$GLGSV,1,1,04,78,15,029,40.3,85,14,280,39.6,68,10,111,39.9,79,64,068,39.3,1*73
$GAGSV,1,1,00,7*73
$GBGSV,1,1,04,05,15,249,38.5,08,54,181,39.1,04,27,125,38.7,09,22,191,39.5,1*7C
$GNRMC,221830.000,A,3900.0009,N,11613.9831,E,0.01,263.35,280612,,,A,V*0B
$GNVTG,263.35,T,,M,0.01,N,0.02,K,A*21
$GNZDA,221830.000,28,06,2012,,*4F
$GNGGA,221831.000,3900.0009,N,11613.9830,E,1,12,0.69,-12.1,M,-6.8,M,,*7C
$PAIRACC,3.29,8.04*4F
$GNGLL,3900.0009,N,11613.9830,E,221831.000,A,A*49
$GNGSA,A,3,21,26,03,29,,,,,,,,,1.27,0.69,1.06,1*02
$GNGSA,A,3,78,85,68,79,,,,,,,,,1.27,0.69,1.06,2*0C
$GNGSA,A,3,,,,,,,,,,,,,1.27,0.69,1.06,3*0F
$GNGSA,A,3,05,08,04,09,,,,,,,,,1.27,0.69,1.06,4*08
$GPGSV,3,1,10,21,86,108,39.8,18,63,311,,15,42,049,,22,33,280,,1*75
$GPGSV,3,2,10,09,30,126,,26,23,045,40.0,03,17,312,39.6,29,14,186,39.5,1*72
$GPGSV,3,3,10,14,08,218,,27,05,033,,1*63
$GLGSV,1,1,04,78,15,029,39.9,85,14,280,39.8,68,10,111,40.2,79,64,068,40.0,1*71
$GAGSV,1,1,00,7*73
$GBGSV,1,1,04,05,15,249,39.0,08,54,181,39.2,04,27,125,39.1,09,22,191,39.3,1*7A
$GNRMC,221831.000,A,3900.0009,N,11613.9830,E,0.01,265.46,280612,,,A,V*09
$GNVTG,265.46,T,,M,0.01,N,0.02,K,A*23
$GNZDA,221831.000,28,06,2012,,*4E
$GNGGA,221832.000,3900.0009,N,11613.9830,E,1,12,0.69,-12.1,M,-6.8,M,,*7F
$PAIRACC,3.46,8.61*45
$GNGLL,3900.0009,N,11613.9830,E,221832.000,A,A*4A
$GNGSA,A,3,21,26,03,29,,,,,,,,,1.27,0.69,1.06,1*02
$GNGSA,A,3,78,85,68,79,,,,,,,,,1.27,0.69,1.06,2*0C
$GNGSA,A,3,,,,,,,,,,,,,1.27,0.69,1.06,3*0F
$GNGSA,A,3,05,08,04,09,,,,,,,,,1.27,0.69,1.06,4*08
$GPGSV,3,1,10,21,86,108,40.2,18,63,311,,15,42,049,,22,33,280,,1*71
$GPGSV,3,2,10,09,30,126,,26,23,045,39.7,03,17,312,40.3,29,14,186,40.0,1*7B
$GPGSV,3,3,10,14,08,218,,27,05,033,,1*63
$GLGSV,1,1,04,78,15,029,40.0,85,14,280,39.8,68,10,111,39.8,79,64,068,39.9,1*75
$GAGSV,1,1,00,7*73
$GBGSV,1,1,04,05,15,249,39.4,08,54,181,39.8,04,27,125,39.5,09,22,191,39.7,1*74
$GNRMC,221832.000,A,3900.0009,N,11613.9830,E,0.01,267.65,280612,,,A,V*09
$GNVTG,267.65,T,,M,0.01,N,0.03,K,A*21
$GNZDA,221832.000,28,06,2012,,*4D
$GNGGA,221833.000,3900.0009,N,11613.9829,E,1,12,0.69,-12.1,M,-6.8,M,,*76
$PAIRACC,3.30,8.10*42
$GNGLL,3900.0009,N,11613.9829,E,221833.000,A,A*43
$GNGSA,A,3,21,26,03,29,,,,,,,,,1.27,0.69,1.06,1*02
$GNGSA,A,3,78,85,68,79,,,,,,,,,1.27,0.69,1.06,2*0C
$GNGSA,A,3,,,,,,,,,,,,,1.27,0.69,1.06,3*0F
$GNGSA,A,3,05,08,04,09,,,,,,,,,1.27,0.69,1.06,4*08
$GPGSV,3,1,09,21,86,108,40.0,18,63,311,,15,42,049,,22,33,280,,1*7B
$GPGSV,3,2,09,09,30,126,,26,23,045,39.9,03,17,312,39.9,29,14,186,39.7,1*70
$GPGSV,3,3,09,27,05,033,,1*5D
$GLGSV,1,1,04,78,15,029,39.8,85,14,280,39.7,68,10,111,39.9,79,64,068,39.9,1*7D
$GAGSV,1,1,00,7*73
$GBGSV,1,1,04,05,15,249,38.6,08,54,181,38.7,04,27,125,38.8,09,22,191,39.8,1*7A
$GNRMC,221833.000,A,3900.0009,N,11613.9829,E,0.01,270.95,280612,,,A,V*09
$GNVTG,270.95,T,,M,0.01,N,0.02,K,A*29
$GNZDA,221833.000,28,06,2012,,*4C
$GNGGA,221834.000,3900.0008,N,11613.9829,E,1,12,0.69,-12.0,M,-6.8,M,,*71
$PAIRACC,3.46,8.54*43
$GNGLL,3900.0008,N,11613.9829,E,221834.000,A,A*45
$GNGSA,A,3,21,26,03,29,,,,,,,,,1.27,0.69,1.06,1*02
$GNGSA,A,3,78,85,68,79,,,,,,,,,1.27,0.69,1.06,2*0C
$GNGSA,A,3,,,,,,,,,,,,,1.27,0.69,1.06,3*0F
$GNGSA,A,3,05,08,04,09,,,,,,,,,1.27,0.69,1.06,4*08
$GPGSV,3,1,10,21,86,108,39.9,18,63,311,,15,42,049,,22,33,280,,1*74
$GPGSV,3,2,10,09,30,126,,26,23,045,40.0,03,17,312,39.8,29,14,186,40.1,1*76
$GPGSV,3,3,10,14,08,218,,27,05,033,,1*63
$GLGSV,1,1,04,78,15,029,39.9,85,14,280,39.7,68,10,111,39.9,79,64,068,40.2,1*79
$GAGSV,1,1,00,7*73
$GBGSV,1,1,04,05,15,249,38.9,08,54,181,39.4,04,27,125,39.1,09,22,191,39.4,1*73
$GNRMC,221834.000,A,3900.0008,N,11613.9829,E,0.01,270.85,280612,,,A,V*0E
$GNVTG,270.85,T,,M,0.01,N,0.03,K,A*29
$GNZDA,221834.000,28,06,2012,,*4B
$GNGGA,221835.000,3900.0008,N,11613.9829,E,1,12,0.69,-12.0,M,-6.8,M,,*70
$PAIRACC,3.31,8.14*47
$GNGLL,3900.0008,N,11613.9829,E,221835.000,A,A*44
$GNGSA,A,3,21,26,03,29,,,,,,,,,1.27,0.69,1.06,1*02
$GNGSA,A,3,78,85,68,79,,,,,,,,,1.27,0.69,1.06,2*0C
$GNGSA,A,3,,,,,,,,,,,,,1.27,0.69,1.06,3*0F
$GNGSA,A,3,05,08,04,09,,,,,,,,,1.27,0.69,1.06,4*08
$GPGSV,3,1,10,21,86,108,40.1,18,63,311,,15,42,049,,22,33,280,,1*72
$GPGSV,3,2,10,09,30,126,,26,23,045,39.8,03,17,312,40.0,29,14,186,39.8,1*71
$GPGSV,3,3,10,14,08,218,,27,05,033,,1*63
$GLGSV,1,1,04,78,15,029,40.2,85,14,280,39.7,68,10,111,40.0,79,64,068,40.0,1*79
$GAGSV,1,1,00,7*73
$GBGSV,1,1,04,05,15,249,39.3,08,54,181,40.0,04,27,125,39.4,09,22,191,39.5,1*76
$GNRMC,221835.000,A,3900.0008,N,11613.9829,E,0.01,270.27,280612,,,A,V*07
$GNVTG,270.27,T,,M,0.01,N,0.03,K,A*21
$GNZDA,221835.000,28,06,2012,,*4A
$GNGGA,221836.000,3900.0008,N,11613.9828,E,1,12,0.69,-12.0,M,-6.8,M,,*72
$PAIRACC,3.47,8.55*43
$GNGLL,3900.0008,N,11613.9828,E,221836.000,A,A*46
$GNGSA,A,3,21,26,03,29,,,,,,,,,1.27,0.69,1.06,1*02
$GNGSA,A,3,78,85,68,79,,,,,,,,,1.27,0.69,1.06,2*0C
$GNGSA,A,3,,,,,,,,,,,,,1.27,0.69,1.06,3*0F
$GNGSA,A,3,05,08,04,09,,,,,,,,,1.27,0.69,1.06,4*08
$GPGSV,3,1,10,21,86,108,39.8,18,63,311,,15,42,049,,22,33,280,,1*75
$GPGSV,3,2,10,09,30,126,,26,23,045,40.2,03,17,312,40.2,29,14,186,40.2,1*73
$GPGSV,3,3,10,14,08,218,,27,05,033,,1*63
$GLGSV,1,1,04,78,15,029,40.3,85,14,280,39.9,68,10,111,40.0,79,64,068,40.2,1*74
$GAGSV,1,1,00,7*73
$GBGSV,1,1,04,05,15,249,38.5,08,54,181,39.2,04,27,125,39.1,09,22,191,39.4,1*79
$GNRMC,221836.000,A,3900.0008,N,11613.9828,E,0.01,268.35,280612,,,A,V*0F
$GNVTG,268.35,T,,M,0.01,N,0.03,K,A*2B
$GNZDA,221836.000,28,06,2012,,*49
$GNGGA,221837.000,3900.0008,N,11613.9828,E,1,12,0.69,-12.0,M,-6.8,M,,*73
$PAIRACC,3.33,8.20*42
$GNGLL,3900.0008,N,11613.9828,E,221837.000,A,A*47
$GNGSA,A,3,21,26,03,29,,,,,,,,,1.27,0.69,1.06,1*02
$GNGSA,A,3,85,78,68,79,,,,,,,,,1.27,0.69,1.06,2*0C
$GNGSA,A,3,,,,,,,,,,,,,1.27,0.69,1.06,3*0F
$GNGSA,A,3,05,08,04,09,,,,,,,,,1.27,0.69,1.06,4*08
$GPGSV,3,1,10,21,86,108,39.5,18,63,311,,15,42,049,,22,33,280,,1*78
$GPGSV,3,2,10,09,30,126,,26,23,045,39.8,03,17,312,39.8,29,14,186,39.8,1*77
$GPGSV,3,3,10,14,08,218,,27,05,033,,1*63
$GLGSV,1,1,04,85,14,280,40.0,78,14,029,39.5,68,10,111,39.8,79,64,068,39.9,1*79
$GAGSV,1,1,00,7*73
$GBGSV,1,1,04,05,15,249,38.8,08,54,181,39.1,04,27,125,38.9,09,22,191,39.8,1*72
$GNRMC,221837.000,A,3900.0008,N,11613.9828,E,0.01,260.88,280612,,,A,V*00
$GNVTG,260.88,T,,M,0.01,N,0.03,K,A*25
$GNZDA,221837.000,28,06,2012,,*48
$GNGGA,221838.000,3900.0007,N,11613.9827,E,1,12,0.69,-11.9,M,-6.8,M,,*76
$PAIRACC,3.48,8.56*4F
$GNGLL,3900.0007,N,11613.9827,E,221838.000,A,A*48
$GNGSA,A,3,21,26,03,29,,,,,,,,,1.27,0.69,1.06,1*02
$GNGSA,A,3,85,78,68,79,,,,,,,,,1.27,0.69,1.06,2*0C
$GNGSA,A,3,,,,,,,,,,,,,1.27,0.69,1.06,3*0F
$GNGSA,A,3,05,08,04,09,,,,,,,,,1.27,0.69,1.06,4*08
$GPGSV,3,1,10,21,86,108,39.8,18,63,311,,15,42,049,,22,33,280,,1*75
$GPGSV,3,2,10,09,30,126,,26,23,045,39.8,03,17,312,40.0,29,14,186,39.9,1*70
$GPGSV,3,3,10,14,08,218,,27,05,033,,1*63
$GLGSV,1,1,04,85,14,280,40.7,78,14,029,39.8,68,10,111,40.2,79,63,065,40.1,1*7B
$GAGSV,1,1,00,7*73
$GBGSV,1,1,04,05,15,249,39.1,08,54,181,39.6,04,27,125,39.4,09,22,191,39.6,1*7F
$GNRMC,221838.000,A,3900.0007,N,11613.9827,E,0.01,260.38,280612,,,A,V*04
$GNVTG,260.38,T,,M,0.01,N,0.03,K,A*2E
$GNZDA,221838.000,28,06,2012,,*47
$GNGGA,221839.000,3900.0007,N,11613.9827,E,1,12,0.69,-11.9,M,-6.8,M,,*77
$PAIRACC,3.34,8.22*47
$GNGLL,3900.0007,N,11613.9827,E,221839.000,A,A*49
$GNGSA,A,3,21,26,03,29,,,,,,,,,1.27,0.69,1.06,1*02
$GNGSA,A,3,85,78,68,79,,,,,,,,,1.27,0.69,1.06,2*0C
$GNGSA,A,3,,,,,,,,,,,,,1.27,0.69,1.06,3*0F
$GNGSA,A,3,05,08,04,09,,,,,,,,,1.27,0.69,1.06,4*08
$GPGSV,3,1,10,21,86,108,39.9,18,63,311,,15,42,049,,22,33,280,,1*74
$GPGSV,3,2,10,09,30,126,,26,23,045,39.9,03,17,312,40.2,29,14,186,39.7,1*7D
$GPGSV,3,3,10,14,08,218,,27,05,033,,1*63
$GLGSV,1,1,04,85,14,280,40.0,78,14,029,39.9,68,10,111,39.8,79,63,065,39.9,1*7F
$GAGSV,1,1,00,7*73
$GBGSV,1,1,04,05,15,249,38.5,08,54,181,40.0,04,27,125,38.9,09,22,191,39.0,1*78
$GNRMC,221839.000,A,3900.0007,N,11613.9827,E,0.01,264.98,280612,,,A,V*0B
$GNVTG,264.98,T,,M,0.01,N,0.03,K,A*20
$GNZDA,221839.000,28,06,2012,,*46
$GNGGA,221840.000,3900.0007,N,11613.9827,E,1,12,0.69,-11.9,M,-6.8,M,,*79
$PAIRACC,3.47,8.56*40
$GNGLL,3900.0007,N,11613.9827,E,221840.000,A,A*47
$GNGSA,A,3,21,26,03,29,,,,,,,,,1.27,0.69,1.06,1*02
$GNGSA,A,3,85,78,68,79,,,,,,,,,1.27,0.69,1.06,2*0C
$GNGSA,A,3,,,,,,,,,,,,,1.27,0.69,1.06,3*0F
$GNGSA,A,3,05,08,04,09,,,,,,,,,1.27,0.69,1.06,4*08
$GPGSV,3,1,10,21,86,108,39.8,18,63,311,,15,42,049,,22,33,280,,1*75
$GPGSV,3,2,10,09,30,126,,26,23,045,39.7,03,17,312,39.9,29,14,186,40.2,1*7D
$GPGSV,3,3,10,14,08,218,,27,05,033,,1*63
$GLGSV,1,1,04,85,14,280,40.2,78,14,029,40.4,68,10,111,39.9,79,63,065,39.9,1*7F
$GAGSV,1,1,00,7*73
$GBGSV,1,1,04,05,15,249,38.8,08,54,181,39.5,04,27,125,39.1,09,22,191,39.7,1*70
$GNRMC,221840.000,A,3900.0007,N,11613.9827,E,0.01,270.74,280612,,,A,V*02
$GNVTG,270.74,T,,M,0.01,N,0.03,K,A*27
$GNZDA,221840.000,28,06,2012,,*48
$GNGGA,221841.000,3900.0007,N,11613.9826,E,1,12,0.69,-11.9,M,-6.8,M,,*79
$PAIRACC,3.35,8.25*41
$GNGLL,3900.0007,N,11613.9826,E,221841.000,A,A*47
$GNGSA,A,3,21,26,03,29,,,,,,,,,1.27,0.69,1.06,1*02
$GNGSA,A,3,85,78,68,79,,,,,,,,,1.27,0.69,1.06,2*0C
$GNGSA,A,3,,,,,,,,,,,,,1.27,0.69,1.06,3*0F
$GNGSA,A,3,05,08,04,09,,,,,,,,,1.27,0.69,1.06,4*08
$GPGSV,3,1,10,21,86,108,40.0,18,63,311,,15,42,049,,22,33,280,,1*73
$GPGSV,3,2,10,09,30,126,,26,23,045,39.8,03,17,312,39.8,29,14,186,40.2,1*73
$GPGSV,3,3,10,14,08,218,,27,05,033,,1*63
$GLGSV,1,1,04,85,14,280,39.8,78,14,029,39.4,68,10,111,39.7,79,63,065,39.8,1*7A
$GAGSV,1,1,00,7*73
$GBGSV,1,1,04,05,15,249,39.3,08,54,181,39.5,04,27,125,39.0,09,22,191,39.6,1*7A
$GNRMC,221841.000,A,3900.0007,N,11613.9826,E,0.01,272.51,280612,,,A,V*07
$GNVTG,272.51,T,,M,0.01,N,0.03,K,A*22
$GNZDA,221841.000,28,06,2012,,*49
$GNGGA,221842.000,3900.0006,N,11613.9826,E,1,12,0.69,-11.8,M,-6.8,M,,*7A
$PAIRACC,3.47,8.57*41
$GNGLL,3900.0006,N,11613.9826,E,221842.000,A,A*45
$GNGSA,A,3,21,26,03,29,,,,,,,,,1.27,0.69,1.06,1*02
$GNGSA,A,3,85,78,68,79,,,,,,,,,1.27,0.69,1.06,2*0C
$GNGSA,A,3,,,,,,,,,,,,,1.27,0.69,1.06,3*0F
$GNGSA,A,3,05,08,04,09,,,,,,,,,1.27,0.69,1.06,4*08
$GPGSV,3,1,10,21,86,108,40.0,18,63,311,,15,42,049,,22,33,280,,1*73
$GPGSV,3,2,10,09,30,126,,26,23,045,40.1,03,17,312,40.0,29,14,186,40.1,1*71
$GPGSV,3,3,10,14,08,218,,27,05,033,,1*63
$GLGSV,1,1,04,85,14,280,39.9,78,14,029,39.8,68,10,111,40.3,79,63,065,40.4,1*7F
$GAGSV,1,1,00,7*73
$GBGSV,1,1,04,05,15,249,38.5,08,54,181,39.5,04,27,125,39.0,09,22,191,39.7,1*7C
$GNRMC,221842.000,A,3900.0006,N,11613.9826,E,0.01,268.86,280612,,,A,V*04
$GNVTG,268.86,T,,M,0.01,N,0.03,K,A*23
$GNZDA,221842.000,28,06,2012,,*4A
$GNGGA,221843.000,3900.0006,N,11613.9826,E,1,12,0.69,-11.8,M,-6.8,M,,*7B
$PAIRACC,3.35,8.24*40
$GNGLL,3900.0006,N,11613.9826,E,221843.000,A,A*44
$GNGSA,A,3,21,26,03,29,,,,,,,,,1.27,0.69,1.06,1*02
$GNGSA,A,3,85,78,68,79,,,,,,,,,1.27,0.69,1.06,2*0C
$GNGSA,A,3,,,,,,,,,,,,,1.27,0.69,1.06,3*0F
$GNGSA,A,3,05,08,04,09,,,,,,,,,1.27,0.69,1.06,4*08
$GPGSV,3,1,10,21,86,108,40.1,18,63,311,,15,42,049,,22,33,280,,1*72
$GPGSV,3,2,10,09,30,126,,26,23,045,39.8,03,17,312,40.0,29,14,186,40.0,1*77
$GPGSV,3,3,10,14,08,218,,27,05,033,,1*63
$GLGSV,1,1,04,85,14,280,40.0,78,14,029,39.6,68,10,111,40.0,79,63,065,40.1,1*70
$GAGSV,1,1,00,7*73
$GBGSV,1,1,04,05,15,249,39.0,08,54,181,39.2,04,27,125,39.0,09,22,191,39.4,1*7C
$GNRMC,221843.000,A,3900.0006,N,11613.9826,E,0.01,270.41,280612,,,A,V*07
$GNVTG,270.41,T,,M,0.01,N,0.03,K,A*21
$GNZDA,221843.000,28,06,2012,,*4B
$GNGGA,221844.000,3900.0006,N,11613.9825,E,1,12,0.69,-11.8,M,-6.8,M,,*7F
$PAIRACC,3.47,8.58*4E
$GNGLL,3900.0006,N,11613.9825,E,221844.000,A,A*40
$GNGSA,A,3,21,26,03,29,,,,,,,,,1.27,0.69,1.06,1*02
$GNGSA,A,3,78,85,68,79,,,,,,,,,1.27,0.69,1.06,2*0C
$GNGSA,A,3,,,,,,,,,,,,,1.27,0.69,1.06,3*0F
$GNGSA,A,3,05,08,04,09,,,,,,,,,1.27,0.69,1.06,4*08
$GPGSV,3,1,10,21,86,108,40.2,18,63,311,,15,42,049,,22,33,280,,1*71
$GPGSV,3,2,10,09,30,126,,26,23,045,39.8,03,17,312,40.0,29,14,186,39.7,1*7E
$GPGSV,3,3,10,14,08,218,,27,05,033,,1*63
$GLGSV,1,1,04,78,14,029,39.8,85,13,278,40.0,68,10,111,40.3,79,63,065,40.3,1*7F
$GAGSV,1,1,00,7*73
$GBGSV,1,1,04,05,15,249,39.2,08,54,181,40.2,04,27,125,39.4,09,22,191,39.8,1*78
$GNRMC,221844.000,A,3900.0006,N,11613.9825,E,0.01,272.53,280612,,,A,V*02
$GNVTG,272.53,T,,M,0.01,N,0.02,K,A*21
$GNZDA,221844.000,28,06,2012,,*4C
$GNGGA,221845.000,3900.0006,N,11613.9825,E,1,12,0.69,-11.8,M,-6.8,M,,*7E
$PAIRACC,3.36,8.26*41
$GNGLL,3900.0006,N,11613.9825,E,221845.000,A,A*41
$GNGSA,A,3,21,26,03,29,,,,,,,,,1.27,0.69,1.06,1*02
$GNGSA,A,3,78,85,68,79,,,,,,,,,1.27,0.69,1.06,2*0C
$GNGSA,A,3,,,,,,,,,,,,,1.27,0.69,1.06,3*0F
$GNGSA,A,3,05,08,04,09,,,,,,,,,1.27,0.69,1.06,4*08
$GPGSV,3,1,10,21,86,108,39.6,18,63,311,,15,42,049,,22,33,280,,1*7B
$GPGSV,3,2,10,09,30,126,,26,23,045,39.8,03,17,312,40.0,29,14,186,39.5,1*7C
$GPGSV,3,3,10,14,08,218,,27,05,033,,1*63
$GLGSV,1,1,04,78,14,029,40.2,85,13,278,40.2,68,10,111,39.8,79,63,065,39.7,1*76
$GAGSV,1,1,00,7*73
$GBGSV,1,1,04,05,15,249,38.8,08,54,181,39.8,04,27,125,39.0,09,22,191,39.3,1*78
$GNRMC,221845.000,A,3900.0006,N,11613.9825,E,0.01,268.96,280612,,,A,V*01
$GNVTG,268.96,T,,M,0.01,N,0.02,K,A*23
$GNZDA,221845.000,28,06,2012,,*4D
$GNGGA,221846.000,3900.0006,N,11613.9825,E,1,12,0.69,-11.7,M,-6.8,M,,*72
$PAIRACC,3.47,8.59*4F
$GNGLL,3900.0006,N,11613.9825,E,221846.000,A,A*42
$GNGSA,A,3,21,26,03,29,,,,,,,,,1.27,0.69,1.06,1*02
$GNGSA,A,3,78,85,68,79,,,,,,,,,1.27,0.69,1.06,2*0C
$GNGSA,A,3,,,,,,,,,,,,,1.27,0.69,1.06,3*0F
$GNGSA,A,3,05,08,04,09,,,,,,,,,1.27,0.69,1.06,4*08
$GPGSV,3,1,10,21,86,108,39.5,18,63,311,,15,42,049,,22,33,280,,1*78
$GPGSV,3,2,10,09,30,126,,26,23,045,39.6,03,17,312,39.9,29,14,186,40.4,1*7A
$GPGSV,3,3,10,14,08,218,,27,05,033,,1*63
$GLGSV,1,1,04,78,14,029,39.6,85,13,278,39.8,68,10,111,39.9,79,63,065,39.9,1*77
$GAGSV,1,1,00,7*73
$GBGSV,1,1,04,05,15,249,38.9,08,54,181,39.4,04,27,125,39.3,09,22,191,39.8,1*7D
$GNRMC,221846.000,A,3900.0006,N,11613.9825,E,0.01,270.33,280612,,,A,V*04
$GNVTG,270.33,T,,M,0.01,N,0.02,K,A*25
$GNZDA,221846.000,28,06,2012,,*4E
$GNGGA,221847.000,3900.0005,N,11613.9825,E,1,12,0.69,-11.7,M,-6.8,M,,*70
$PAIRACC,3.36,8.27*40
$GNGLL,3900.0005,N,11613.9825,E,221847.000,A,A*40
$GNGSA,A,3,21,26,03,29,,,,,,,,,1.27,0.69,1.06,1*02
$GNGSA,A,3,78,85,68,79,,,,,,,,,1.27,0.69,1.06,2*0C
$GNGSA,A,3,,,,,,,,,,,,,1.27,0.69,1.06,3*0F
$GNGSA,A,3,05,08,04,09,,,,,,,,,1.27,0.69,1.06,4*08
$GPGSV,3,1,10,21,86,108,39.7,18,63,311,,15,42,049,,22,33,280,,1*7A
$GPGSV,3,2,10,09,30,126,,26,23,045,39.8,03,17,312,40.0,29,14,186,40.2,1*75
$GPGSV,3,3,10,14,08,218,,27,05,033,,1*63
$GLGSV,1,1,04,78,14,029,40.2,85,13,278,40.1,68,10,111,40.2,79,63,065,40.0,1*78
$GAGSV,1,1,00,7*73
$GBGSV,1,1,04,05,15,249,39.5,08,54,181,39.6,04,27,125,39.4,09,22,191,39.2,1*7F
$GNRMC,221847.000,A,3900.0005,N,11613.9825,E,0.01,272.42,280612,,,A,V*02
$GNVTG,272.42,T,,M,0.01,N,0.02,K,A*21
$GNZDA,221847.000,28,06,2012,,*4F
$GNGGA,221848.000,3900.0005,N,11613.9824,E,1,12,0.69,-11.7,M,-6.8,M,,*7E
$PAIRACC,3.49,8.62*49
$GNGLL,3900.0005,N,11613.9824,E,221848.000,A,A*4E
$GNGSA,A,3,21,26,03,29,,,,,,,,,1.27,0.69,1.06,1*02
$GNGSA,A,3,78,85,68,79,,,,,,,,,1.27,0.69,1.06,2*0C
$GNGSA,A,3,,,,,,,,,,,,,1.27,0.69,1.06,3*0F
$GNGSA,A,3,05,08,04,09,,,,,,,,,1.27,0.69,1.06,4*08
$GPGSV,3,1,10,21,86,108,39.7,18,63,311,,15,42,049,,22,33,280,,1*7A
$GPGSV,3,2,10,09,30,126,,26,23,045,40.0,03,17,312,39.8,29,14,186,39.8,1*71
$GPGSV,3,3,10,14,08,218,,27,05,033,,1*63
$GLGSV,1,1,04,78,14,029,40.0,85,13,278,39.8,68,10,111,40.1,79,63,065,39.6,1*76
$GAGSV,1,1,00,7*73
$GBGSV,1,1,04,05,15,249,39.0,08,54,181,39.5,04,27,125,39.1,09,22,191,39.0,1*7E
$GNRMC,221848.000,A,3900.0005,N,11613.9824,E,0.01,273.88,280612,,,A,V*0B
$GNVTG,273.88,T,,M,0.01,N,0.02,K,A*26
$GNZDA,221848.000,28,06,2012,,*40
$GNGGA,221849.000,3900.0005,N,11613.9824,E,1,12,0.69,-11.7,M,-6.8,M,,*7F
$PAIRACC,3.34,8.18*4E
$GNGLL,3900.0005,N,11613.9824,E,221849.000,A,A*4F
$GNGSA,A,3,21,26,03,29,,,,,,,,,1.27,0.69,1.06,1*02
$GNGSA,A,3,78,85,68,79,,,,,,,,,1.27,0.69,1.06,2*0C
$GNGSA,A,3,,,,,,,,,,,,,1.27,0.69,1.06,3*0F
$GNGSA,A,3,05,08,04,09,,,,,,,,,1.27,0.69,1.06,4*08
$GPGSV,3,1,10,21,86,108,39.7,18,63,311,,15,42,049,,22,33,280,,1*7A
$GPGSV,3,2,10,09,30,126,,26,23,045,39.8,03,17,312,40.2,29,14,186,39.7,1*7C
$GPGSV,3,3,10,14,08,218,,27,05,033,,1*63
$GLGSV,1,1,04,78,14,029,40.2,85,13,278,40.0,68,10,111,40.0,79,63,065,40.0,1*7B
$GAGSV,1,1,00,7*73
$GBGSV,1,1,04,05,15,249,38.7,08,54,181,39.4,04,27,125,39.1,09,22,191,39.6,1*7F
$GNRMC,221849.000,A,3900.0005,N,11613.9824,E,0.01,276.03,280612,,,A,V*0C
$GNVTG,276.03,T,,M,0.01,N,0.02,K,A*20
$GNZDA,221849.000,28,06,2012,,*41
$GNGGA,221850.000,3900.0005,N,11613.9824,E,1,12,0.69,-11.6,M,-6.8,M,,*76
$PAIRACC,3.51,8.71*42
$GNGLL,3900.0005,N,11613.9824,E,221850.000,A,A*47
$GNGSA,A,3,21,26,03,29,,,,,,,,,1.27,0.69,1.06,1*02
$GNGSA,A,3,78,85,68,79,,,,,,,,,1.27,0.69,1.06,2*0C
$GNGSA,A,3,,,,,,,,,,,,,1.27,0.69,1.06,3*0F
$GNGSA,A,3,05,08,04,09,,,,,,,,,1.27,0.69,1.06,4*08
$GPGSV,3,1,10,21,86,108,40.2,18,63,311,,15,42,049,,22,33,280,,1*71
$GPGSV,3,2,10,09,30,126,,26,23,045,40.0,03,17,312,39.8,29,14,186,40.1,1*76
$GPGSV,3,3,10,14,08,218,,27,05,033,,1*63
$GLGSV,1,1,04,78,14,029,40.1,85,13,278,39.7,68,10,111,40.0,79,63,065,40.3,1*72
$GAGSV,1,1,00,7*73
$GBGSV,1,1,04,05,15,249,39.5,08,54,181,39.4,04,27,125,39.4,09,22,191,39.5,1*7A
$GNRMC,221850.000,A,3900.0005,N,11613.9824,E,0.01,274.83,280612,,,A,V*0E
$GNVTG,274.83,T,,M,0.01,N,0.02,K,A*2A
$GNZDA,221850.000,28,06,2012,,*49
$GNGGA,221851.000,3900.0005,N,11613.9823,E,1,12,0.69,-11.6,M,-6.8,M,,*70
$PAIRACC,3.34,8.19*4F
$GNGLL,3900.0005,N,11613.9823,E,221851.000,A,A*41
$GNGSA,A,3,21,26,03,29,,,,,,,,,1.27,0.69,1.06,1*02
$GNGSA,A,3,78,85,68,79,,,,,,,,,1.27,0.69,1.06,2*0C
$GNGSA,A,3,,,,,,,,,,,,,1.27,0.69,1.06,3*0F
$GNGSA,A,3,05,08,04,09,,,,,,,,,1.27,0.69,1.06,4*08
$GPGSV,3,1,10,21,86,108,39.8,18,63,311,,15,42,049,,22,33,280,,1*75
$GPGSV,3,2,10,09,30,126,,26,23,045,40.0,03,17,312,40.0,29,14,186,40.0,1*71
$GPGSV,3,3,10,14,08,218,,27,05,033,,1*63
$GLGSV,1,1,04,78,14,029,39.7,85,13,278,39.8,68,10,111,39.8,79,63,065,39.8,1*76
$GAGSV,1,1,00,7*73
$GBGSV,1,1,04,05,15,249,38.3,08,54,181,39.6,04,27,125,38.8,09,22,191,39.5,1*72
$GNRMC,221851.000,A,3900.0005,N,11613.9823,E,0.01,280.77,280612,,,A,V*08
$GNVTG,280.77,T,,M,0.01,N,0.02,K,A*2A
$GNZDA,221851.000,28,06,2012,,*48
$GNGGA,221852.000,3900.0005,N,11613.9823,E,1,12,0.69,-11.6,M,-6.8,M,,*73
$PAIRACC,3.51,8.72*41
$GNGLL,3900.0005,N,11613.9823,E,221852.000,A,A*42
$GNGSA,A,3,21,26,03,29,,,,,,,,,1.27,0.69,1.06,1*02
$GNGSA,A,3,78,85,68,79,,,,,,,,,1.27,0.69,1.06,2*0C
$GNGSA,A,3,,,,,,,,,,,,,1.27,0.69,1.06,3*0F
$GNGSA,A,3,05,08,04,09,,,,,,,,,1.27,0.69,1.06,4*08
$GPGSV,3,1,10,21,86,108,39.7,18,63,311,,15,42,049,,22,33,280,,1*7A
$GPGSV,3,2,10,09,30,126,,26,23,045,40.0,03,17,312,40.2,29,14,186,40.0,1*73
$GPGSV,3,3,10,14,08,218,,27,05,033,,1*63
$GLGSV,1,1,04,78,14,029,40.1,85,13,278,39.8,68,10,111,39.8,79,63,065,40.5,1*7D
$GAGSV,1,1,00,7*73
$GBGSV,1,1,04,05,15,249,38.7,08,54,181,39.7,04,27,125,38.9,09,22,191,39.2,1*71
$GNRMC,221852.000,A,3900.0005,N,11613.9823,E,0.01,291.11,280612,,,A,V*0B
$GNVTG,291.11,T,,M,0.01,N,0.02,K,A*2A
$GNZDA,221852.000,28,06,2012,,*4B
$GNGGA,221853.000,3900.0004,N,11613.9823,E,1,12,0.69,-11.6,M,-6.8,M,,*73
$PAIRACC,3.34,8.19*4F
$GNGLL,3900.0004,N,11613.9823,E,221853.000,A,A*42
$GNGSA,A,3,21,26,03,29,,,,,,,,,1.27,0.69,1.06,1*02
$GNGSA,A,3,78,85,68,79,,,,,,,,,1.27,0.69,1.06,2*0C
$GNGSA,A,3,,,,,,,,,,,,,1.27,0.69,1.06,3*0F
$GNGSA,A,3,05,08,04,09,,,,,,,,,1.27,0.69,1.06,4*08
$GPGSV,3,1,10,21,86,108,40.2,18,63,311,,15,42,049,,22,33,280,,1*71
$GPGSV,3,2,10,09,30,126,,26,23,045,40.2,03,17,312,39.9,29,14,186,40.0,1*74
$GPGSV,3,3,10,14,08,218,,27,05,033,,1*63
$GLGSV,1,1,04,78,14,029,39.8,85,13,278,40.1,68,10,111,39.9,79,63,065,40.5,1*7C
$GAGSV,1,1,00,7*73
$GBGSV,1,1,04,05,15,249,39.2,08,54,181,39.5,04,27,125,39.6,09,22,191,39.4,1*7F
$GNRMC,221853.000,A,3900.0004,N,11613.9823,E,0.01,286.89,280612,,,A,V*0C
$GNVTG,286.89,T,,M,0.01,N,0.02,K,A*2D
$GNZDA,221853.000,28,06,2012,,*4A
$GNGGA,221854.000,3900.0004,N,11613.9822,E,1,12,0.69,-11.5,M,-6.8,M,,*76
$PAIRACC,3.38,8.26*4F
$GNGLL,3900.0004,N,11613.9822,E,221854.000,A,A*44
$GNGSA,A,3,21,26,03,29,,,,,,,,,1.27,0.69,1.06,1*02
$GNGSA,A,3,78,85,68,79,,,,,,,,,1.27,0.69,1.06,2*0C
$GNGSA,A,3,,,,,,,,,,,,,1.27,0.69,1.06,3*0F
$GNGSA,A,3,05,08,04,09,,,,,,,,,1.27,0.69,1.06,4*08
$GPGSV,3,1,10,21,86,108,40.1,18,63,311,,15,42,049,,22,33,280,,1*72
$GPGSV,3,2,10,09,30,126,,26,23,045,40.1,03,17,312,39.6,29,14,186,39.8,1*7E
$GPGSV,3,3,10,14,08,218,,27,05,033,,1*63
$GLGSV,1,1,04,78,14,029,39.6,85,13,278,39.9,68,10,111,39.9,79,63,065,40.0,1*71
$GAGSV,1,1,00,7*73
$GBGSV,1,1,04,05,15,249,38.8,08,54,181,39.6,04,27,125,38.9,09,22,191,38.8,1*74
$GNRMC,221854.000,A,3900.0004,N,11613.9822,E,0.01,281.16,280612,,,A,V*0B
$GNVTG,281.16,T,,M,0.01,N,0.02,K,A*2C
$GNZDA,221854.000,28,06,2012,,*4D
$GNGGA,221855.000,3900.0004,N,11613.9822,E,1,12,0.69,-11.5,M,-6.8,M,,*77
$PAIRACC,3.34,8.20*45
$GNGLL,3900.0004,N,11613.9822,E,221855.000,A,A*45
$GNGSA,A,3,21,26,03,29,,,,,,,,,1.27,0.69,1.06,1*02
$GNGSA,A,3,78,85,68,79,,,,,,,,,1.27,0.69,1.06,2*0C
$GNGSA,A,3,,,,,,,,,,,,,1.27,0.69,1.06,3*0F
$GNGSA,A,3,05,08,04,09,,,,,,,,,1.27,0.69,1.06,4*08
$GPGSV,3,1,10,21,86,108,39.8,18,63,311,,15,42,049,,22,33,280,,1*75
$GPGSV,3,2,10,09,30,126,,26,23,045,39.9,03,17,312,40.1,29,14,186,40.2,1*75
$GPGSV,3,3,10,14,08,218,,27,05,033,,1*63
$GLGSV,1,1,04,78,14,029,39.8,85,13,278,39.7,68,10,111,40.2,79,63,065,40.1,1*75
$GAGSV,1,1,00,7*73
$GBGSV,1,1,04,05,15,249,39.0,08,54,182,39.7,04,27,125,39.0,09,22,191,39.5,1*7B
$GNRMC,221855.000,A,3900.0004,N,11613.9822,E,0.01,280.00,280612,,,A,V*0C
$GNVTG,280.00,T,,M,0.01,N,0.02,K,A*2A
$GNZDA,221855.000,28,06,2012,,*4C
