$GNGGA,222800.000,3859.9988,N,11613.9808,E,1,12,0.68,-7.1,M,-6.8,M,,*47
$PAIRACC,3.36,7.79*44
$GNGLL,3859.9988,N,11613.9808,E,222800.000,A,A*47
$GNGSA,A,3,26,21,03,29,,,,,,,,,1.21,0.68,1.00,1*03
$GNGSA,A,3,79,78,85,68,,,,,,,,,1.21,0.68,1.00,2*0D
$GNGSA,A,3,,,,,,,,,,,,,1.21,0.68,1.00,3*0E
$GNGSA,A,3,08,04,09,05,,,,,,,,,1.21,0.68,1.00,4*09
$GPGSV,2,1,07,26,20,045,40.5,21,83,133,40.3,09,33,122,,15,38,048,,1*63
$GPGSV,2,2,07,03,18,309,40.1,14,12,219,,29,10,185,40.1,1*59
$GLGSV,2,1,05,70,46,332,,79,61,056,40.4,78,10,028,40.1,85,10,275,40.4,1*60
$GLGSV,2,2,05,68,07,114,40.3,1*59
$GAGSV,1,1,00,7*73
$GBGSV,1,1,04,08,56,184,39.5,04,27,125,38.9,09,24,193,39.0,05,15,249,39.2,1*76
$GNRMC,222800.000,A,3859.9988,N,11613.9808,E,0.01,314.50,280612,,,A,V*07
$GNVTG,314.50,T,,M,0.01,N,0.01,K,A*20
$GNZDA,222800.000,28,06,2012,,*4F
$GNGGA,222801.000,3859.9988,N,11613.9808,E,1,12,0.68,-7.1,M,-6.8,M,,*46
$PAIRACC,3.43,8.23*46
$GNGLL,3859.9988,N,11613.9808,E,222801.000,A,A*46
$GNGSA,A,3,26,21,03,29,,,,,,,,,1.21,0.68,1.00,1*03
$GNGSA,A,3,79,85,78,68,,,,,,,,,1.21,0.68,1.00,2*0D
$GNGSA,A,3,,,,,,,,,,,,,1.21,0.68,1.00,3*0E
$GNGSA,A,3,08,04,09,05,,,,,,,,,1.21,0.68,1.00,4*09
$GPGSV,2,1,07,26,20,045,39.9,21,83,133,39.8,09,33,122,,15,38,048,,1*64
$GPGSV,2,2,07,03,18,309,40.2,14,12,219,,29,10,185,39.8,1*5D
$GLGSV,2,1,05,65,12,311,,79,61,056,39.3,85,10,275,39.2,78,10,028,39.5,1*6F
$GLGSV,2,2,05,68,07,114,39.7,1*53
$GAGSV,1,1,00,7*73
$GBGSV,1,1,04,08,56,184,39.1,04,27,125,38.9,09,24,193,39.1,05,15,249,39.2,1*73
$GNRMC,222801.000,A,3859.9988,N,11613.9808,E,0.01,317.03,280612,,,A,V*03
$GNVTG,317.03,T,,M,0.01,N,0.01,K,A*25
$GNZDA,222801.000,28,06,2012,,*4E
$GNGGA,222802.000,3859.9988,N,11613.9808,E,1,12,0.69,-7.1,M,-6.8,M,,*44
$PAIRACC,3.33,7.76*4E
$GNGLL,3859.9988,N,11613.9808,E,222802.000,A,A*45
$GNGSA,A,3,26,21,03,29,,,,,,,,,1.21,0.69,1.00,1*02
$GNGSA,A,3,78,79,85,68,,,,,,,,,1.21,0.69,1.00,2*0C
$GNGSA,A,3,,,,,,,,,,,,,1.21,0.69,1.00,3*0F
$GNGSA,A,3,08,04,09,05,,,,,,,,,1.21,0.69,1.00,4*08
$GPGSV,2,1,07,26,20,045,40.3,21,83,133,40.2,09,33,122,,15,38,048,,1*64
$GPGSV,2,2,07,03,18,309,40.4,14,12,219,,29,10,185,40.5,1*58
$GLGSV,1,1,04,78,10,028,39.6,79,61,056,39.5,85,10,275,39.5,68,07,114,39.1,1*74
$GAGSV,1,1,00,7*73
$GBGSV,2,1,05,08,56,184,39.9,04,27,125,39.6,09,24,193,39.7,05,15,249,39.6,1*75
$GBGSV,2,2,05,10,04,212,,1*47
$GNRMC,222802.000,A,3859.9988,N,11613.9808,E,0.01,327.83,280612,,,A,V*0B
$GNVTG,327.83,T,,M,0.01,N,0.01,K,A*2E
$GNZDA,222802.000,28,06,2012,,*4D
$GNGGA,222803.000,3859.9988,N,11613.9808,E,1,12,0.69,-7.2,M,-6.8,M,,*46
$PAIRACC,3.46,8.25*45
$GNGLL,3859.9988,N,11613.9808,E,222803.000,A,A*44
$GNGSA,A,3,26,21,03,29,,,,,,,,,1.21,0.69,1.00,1*02
$GNGSA,A,3,78,79,85,68,,,,,,,,,1.21,0.69,1.00,2*0C
$GNGSA,A,3,,,,,,,,,,,,,1.21,0.69,1.00,3*0F
$GNGSA,A,3,08,04,09,05,,,,,,,,,1.21,0.69,1.00,4*08
$GPGSV,2,1,07,26,20,045,40.2,21,83,133,40.3,09,33,122,,15,38,048,,1*64
$GPGSV,2,2,07,03,18,309,39.7,14,12,219,,29,10,185,40.1,1*51
$GLGSV,2,1,05,78,10,028,39.7,79,61,056,39.6,85,10,275,39.5,68,07,114,39.8,1*7D
$GLGSV,2,2,05,73,03,198,,1*4A
$GAGSV,1,1,00,7*73
$GBGSV,2,1,05,08,56,184,39.2,04,27,125,38.9,09,24,193,39.8,05,15,249,39.4,1*7D
$GBGSV,2,2,05,10,04,212,,1*47
$GNRMC,222803.000,A,3859.9988,N,11613.9808,E,0.01,322.15,280612,,,A,V*00
$GNVTG,322.15,T,,M,0.01,N,0.01,K,A*24
$GNZDA,222803.000,28,06,2012,,*4C
$GNGGA,222804.000,3859.9988,N,11613.9808,E,1,12,0.69,-7.2,M,-6.8,M,,*41
$PAIRACC,3.34,7.78*47
$GNGLL,3859.9988,N,11613.9808,E,222804.000,A,A*43
$GNGSA,A,3,26,21,03,29,,,,,,,,,1.21,0.69,1.00,1*02
$GNGSA,A,3,85,79,78,68,,,,,,,,,1.21,0.69,1.00,2*0C
$GNGSA,A,3,,,,,,,,,,,,,1.21,0.69,1.00,3*0F
$GNGSA,A,3,08,04,09,05,,,,,,,,,1.21,0.69,1.00,4*08
$GPGSV,2,1,07,26,20,045,40.0,09,33,122,,21,83,133,40.1,15,38,048,,1*64
$GPGSV,2,2,07,03,18,309,39.7,14,12,219,,29,10,185,39.7,1*59
$GLGSV,2,1,05,85,10,275,39.5,79,61,056,39.1,78,10,028,38.8,68,07,114,39.4,1*78
$GLGSV,2,2,05,73,03,198,,1*4A
$GAGSV,1,1,00,7*73
$GBGSV,2,1,06,08,56,184,40.0,01,38,147,,04,27,125,38.9,09,24,193,40.0,1*62
$GBGSV,2,2,06,05,15,249,39.3,10,04,212,,1*6D
$GNRMC,222804.000,A,3859.9988,N,11613.9808,E,0.01,322.93,280612,,,A,V*09
$GNVTG,322.93,T,,M,0.01,N,0.01,K,A*2A
$GNZDA,222804.000,28,06,2012,,*4B
$GNGGA,222805.000,3859.9988,N,11613.9808,E,1,12,0.68,-7.2,M,-6.8,M,,*41
$PAIRACC,3.46,8.19*4A
$GNGLL,3859.9988,N,11613.9808,E,222805.000,A,A*42
$GNGSA,A,3,26,21,03,29,,,,,,,,,1.21,0.68,1.00,1*03
$GNGSA,A,3,78,79,85,68,,,,,,,,,1.21,0.68,1.00,2*0D
$GNGSA,A,3,,,,,,,,,,,,,1.21,0.68,1.00,3*0E
$GNGSA,A,3,08,04,09,05,,,,,,,,,1.21,0.68,1.00,4*09
$GPGSV,2,1,07,26,20,045,39.5,21,83,133,40.3,09,33,122,,15,38,048,,1*6D
$GPGSV,2,2,07,03,18,309,39.7,14,12,219,,29,10,185,39.7,1*59
$GLGSV,1,1,04,78,10,028,39.0,79,61,056,39.4,85,10,275,39.1,68,07,114,39.2,1*74
$GAGSV,1,1,00,7*73
$GBGSV,2,1,06,08,56,184,39.9,01,38,147,,04,27,125,39.6,09,24,193,39.8,1*6D
$GBGSV,2,2,06,05,15,249,39.1,10,04,212,,1*6F
$GNRMC,222805.000,A,3859.9988,N,11613.9808,E,0.01,323.01,280612,,,A,V*02
$GNVTG,323.01,T,,M,0.01,N,0.01,K,A*20
$GNZDA,222805.000,28,06,2012,,*4A
$GNGGA,222806.000,3859.9988,N,11613.9808,E,1,12,0.68,-7.2,M,-6.8,M,,*42
$PAIRACC,3.32,7.81*47
$GNGLL,3859.9988,N,11613.9808,E,222806.000,A,A*41
$GNGSA,A,3,21,26,03,29,,,,,,,,,1.21,0.68,1.00,1*03
$GNGSA,A,3,85,79,78,68,,,,,,,,,1.21,0.68,1.00,2*0D
$GNGSA,A,3,,,,,,,,,,,,,1.21,0.68,1.00,3*0E
$GNGSA,A,3,08,04,09,05,,,,,,,,,1.21,0.68,1.00,4*09
$GPGSV,2,1,07,21,83,133,39.8,09,33,122,,26,20,045,39.8,15,38,048,,1*65
$GPGSV,2,2,07,03,18,309,39.9,14,12,219,,29,10,185,39.7,1*57
$GLGSV,2,1,07,85,10,275,39.5,79,61,056,39.4,70,46,332,,65,12,311,,1*7F
$GLGSV,2,2,07,78,10,028,39.2,86,09,324,,68,07,114,39.8,1*4E
$GAGSV,1,1,00,7*73
$GBGSV,2,1,06,08,56,184,39.2,02,30,229,,04,27,125,38.4,09,24,193,39.3,1*6E
$GBGSV,2,2,06,05,15,249,39.0,10,04,212,,1*6E
$GNRMC,222806.000,A,3859.9988,N,11613.9808,E,0.01,326.97,280612,,,A,V*0B
$GNVTG,326.97,T,,M,0.01,N,0.01,K,A*2A
$GNZDA,222806.000,28,06,2012,,*49
$GNGGA,222807.000,3859.9988,N,11613.9808,E,1,12,0.68,-7.2,M,-6.8,M,,*43
$PAIRACC,3.49,8.22*4D
$GNGLL,3859.9988,N,11613.9808,E,222807.000,A,A*40
$GNGSA,A,3,26,21,03,29,,,,,,,,,1.21,0.68,1.00,1*03
$GNGSA,A,3,78,79,85,68,,,,,,,,,1.21,0.68,1.00,2*0D
$GNGSA,A,3,,,,,,,,,,,,,1.21,0.68,1.00,3*0E
$GNGSA,A,3,08,04,09,05,,,,,,,,,1.21,0.68,1.00,4*09
$GPGSV,2,1,07,26,20,045,39.6,21,83,133,39.8,09,33,122,,15,38,048,,1*6B
$GPGSV,2,2,07,03,18,309,39.9,14,12,219,,29,10,185,39.8,1*58
$GLGSV,1,1,04,78,10,028,39.2,79,61,056,40.0,85,10,275,39.7,68,07,114,39.3,1*7B
$GAGSV,1,1,00,7*73
$GBGSV,2,1,05,08,56,184,39.6,04,27,125,38.9,09,24,193,39.5,05,15,249,39.2,1*72
$GBGSV,2,2,05,10,04,212,,1*47
$GNRMC,222807.000,A,3859.9988,N,11613.9808,E,0.01,326.28,280612,,,A,V*0E
$GNVTG,326.28,T,,M,0.01,N,0.01,K,A*2E
$GNZDA,222807.000,28,06,2012,,*48
$GNGGA,222808.000,3859.9988,N,11613.9808,E,1,12,0.68,-7.2,M,-6.8,M,,*4C
$PAIRACC,3.32,7.81*47
$GNGLL,3859.9988,N,11613.9808,E,222808.000,A,A*4F
$GNGSA,A,3,26,21,03,29,,,,,,,,,1.21,0.68,1.00,1*03
$GNGSA,A,3,78,79,85,68,,,,,,,,,1.21,0.68,1.00,2*0D
$GNGSA,A,3,,,,,,,,,,,,,1.21,0.68,1.00,3*0E
$GNGSA,A,3,08,04,09,05,,,,,,,,,1.21,0.68,1.00,4*09
$GPGSV,2,1,07,26,20,045,40.0,21,83,133,40.3,09,33,122,,15,38,048,,1*66
$GPGSV,2,2,07,03,18,309,39.9,14,12,219,,29,10,185,40.3,1*5D
$GLGSV,1,1,04,78,10,028,39.8,79,61,056,39.8,85,10,275,39.8,68,07,114,39.7,1*7C
$GAGSV,1,1,00,7*73
$GBGSV,2,1,05,08,56,184,39.4,04,27,125,39.5,09,24,193,39.8,05,15,249,39.6,1*74
$GBGSV,2,2,05,10,04,212,,1*47
$GNRMC,222808.000,A,3859.9988,N,11613.9808,E,0.01,324.42,280612,,,A,V*0F
$GNVTG,324.42,T,,M,0.01,N,0.01,K,A*20
$GNZDA,222808.000,28,06,2012,,*47
$GNGGA,222809.000,3859.9988,N,11613.9809,E,1,12,0.68,-7.2,M,-6.8,M,,*4C
$PAIRACC,3.49,8.22*4D
$GNGLL,3859.9988,N,11613.9809,E,222809.000,A,A*4F
$GNGSA,A,3,26,21,03,29,,,,,,,,,1.21,0.68,1.00,1*03
$GNGSA,A,3,78,79,85,68,,,,,,,,,1.21,0.68,1.00,2*0D
$GNGSA,A,3,,,,,,,,,,,,,1.21,0.68,1.00,3*0E
$GNGSA,A,3,08,04,09,05,,,,,,,,,1.21,0.68,1.00,4*09
$GPGSV,2,1,07,26,20,045,40.2,21,83,133,40.0,09,33,122,,15,38,048,,1*67
$GPGSV,2,2,07,03,18,309,40.0,14,12,219,,29,10,185,40.3,1*5A
$GLGSV,1,1,04,78,10,028,39.8,79,61,056,39.6,85,10,275,39.4,68,07,114,39.5,1*7C
$GAGSV,1,1,00,7*73
$GBGSV,2,1,05,08,56,184,39.8,04,27,125,39.2,09,24,193,40.0,05,15,249,39.5,1*7A
$GBGSV,2,2,05,10,04,212,,1*47
$GNRMC,222809.000,A,3859.9988,N,11613.9809,E,0.01,331.01,280612,,,A,V*0C
$GNVTG,331.01,T,,M,0.01,N,0.01,K,A*23
$GNZDA,222809.000,28,06,2012,,*46
$GNGGA,222810.000,3859.9988,N,11613.9809,E,1,12,0.68,-7.2,M,-6.8,M,,*44
$PAIRACC,3.32,7.81*47
$GNGLL,3859.9988,N,11613.9809,E,222810.000,A,A*47
$GNGSA,A,3,26,21,03,29,,,,,,,,,1.21,0.68,1.00,1*03
$GNGSA,A,3,85,79,78,68,,,,,,,,,1.21,0.68,1.00,2*0D
$GNGSA,A,3,,,,,,,,,,,,,1.21,0.68,1.00,3*0E
$GNGSA,A,3,04,09,05,08,,,,,,,,,1.21,0.68,1.00,4*09
$GPGSV,2,1,07,26,20,045,40.1,09,33,122,,21,83,133,40.0,15,38,048,,1*64
$GPGSV,2,2,07,03,18,309,40.1,14,12,219,,29,10,185,40.1,1*59
$GLGSV,1,1,04,85,10,275,40.0,79,61,056,40.0,78,10,028,39.6,68,07,114,40.0,1*7B
$GAGSV,1,1,00,7*73
$GBGSV,2,1,08,10,04,212,,03,44,191,,01,38,147,,02,30,229,,1*73
$GBGSV,2,2,08,04,27,125,39.0,09,24,193,39.7,05,15,249,39.4,08,56,184,39.8,1*7E
$GNRMC,222810.000,A,3859.9988,N,11613.9809,E,0.01,336.17,280612,,,A,V*04
$GNVTG,336.17,T,,M,0.01,N,0.01,K,A*23
$GNZDA,222810.000,28,06,2012,,*4E
$GNGGA,222811.000,3859.9988,N,11613.9809,E,1,12,0.69,-7.2,M,-6.8,M,,*44
$PAIRACC,3.39,7.89*44
$GNGLL,3859.9988,N,11613.9809,E,222811.000,A,A*46
$GNGSA,A,3,26,21,03,29,,,,,,,,,1.21,0.69,1.00,1*02
$GNGSA,A,3,85,79,78,68,,,,,,,,,1.21,0.69,1.00,2*0C
$GNGSA,A,3,,,,,,,,,,,,,1.21,0.69,1.00,3*0F
$GNGSA,A,3,04,09,05,08,,,,,,,,,1.21,0.69,1.00,4*08
$GPGSV,2,1,07,26,20,045,40.2,09,33,122,,21,83,133,40.0,15,38,048,,1*67
$GPGSV,2,2,07,03,18,309,39.7,14,12,219,,29,10,185,40.1,1*51
$GLGSV,1,1,04,85,10,275,39.6,79,61,056,39.6,78,10,028,39.7,68,07,114,39.5,1*71
$GAGSV,1,1,00,7*73
$GBGSV,2,1,08,10,04,212,,03,44,191,,01,38,147,,02,30,229,,1*73
$GBGSV,2,2,08,04,27,125,39.3,09,24,193,39.3,05,15,249,39.4,08,56,184,39.7,1*76
$GNRMC,222811.000,A,3859.9988,N,11613.9809,E,0.01,323.57,280612,,,A,V*05
$GNVTG,323.57,T,,M,0.01,N,0.01,K,A*23
$GNZDA,222811.000,28,06,2012,,*4F
$GNGGA,222812.000,3859.9988,N,11613.9809,E,1,12,0.68,-7.2,M,-6.8,M,,*46
$PAIRACC,3.42,8.16*41
$GNGLL,3859.9988,N,11613.9809,E,222812.000,A,A*45
$GNGSA,A,3,26,21,03,29,,,,,,,,,1.21,0.68,1.00,1*03
$GNGSA,A,3,78,79,85,68,,,,,,,,,1.21,0.68,1.00,2*0D
$GNGSA,A,3,,,,,,,,,,,,,1.21,0.68,1.00,3*0E
$GNGSA,A,3,08,04,09,05,,,,,,,,,1.21,0.68,1.00,4*09
$GPGSV,2,1,07,26,20,045,39.7,21,83,133,39.9,09,33,122,,15,38,048,,1*6B
$GPGSV,2,2,07,03,18,309,39.9,14,12,219,,29,10,185,39.4,1*54
$GLGSV,1,1,04,78,10,028,39.6,79,61,056,40.0,85,10,275,39.6,68,07,114,39.7,1*7A
$GAGSV,1,1,00,7*73
$GBGSV,2,1,05,08,56,184,38.8,04,27,125,38.3,09,24,193,39.1,05,15,249,38.7,1*77
$GBGSV,2,2,05,10,04,212,,1*47
$GNRMC,222812.000,A,3859.9988,N,11613.9809,E,0.01,319.89,280612,,,A,V*0C
$GNVTG,319.89,T,,M,0.01,N,0.01,K,A*29
$GNZDA,222812.000,28,06,2012,,*4C
$GNGGA,222813.000,3859.9988,N,11613.9809,E,1,12,0.68,-7.2,M,-6.8,M,,*47
$PAIRACC,3.40,7.88*4B
$GNGLL,3859.9988,N,11613.9809,E,222813.000,A,A*44
$GNGSA,A,3,26,21,03,29,,,,,,,,,1.21,0.68,1.00,1*03
$GNGSA,A,3,79,78,85,68,,,,,,,,,1.21,0.68,1.00,2*0D
$GNGSA,A,3,,,,,,,,,,,,,1.21,0.68,1.00,3*0E
$GNGSA,A,3,08,04,09,05,,,,,,,,,1.21,0.68,1.00,4*09
$GPGSV,2,1,07,26,20,045,40.1,15,38,048,,09,33,122,,21,83,133,40.0,1*64
$GPGSV,2,2,07,03,18,309,39.6,14,12,219,,29,10,185,40.3,1*52
$GLGSV,1,1,04,79,61,056,39.9,78,10,028,39.8,85,10,275,39.8,68,07,114,40.0,1*74
$GAGSV,1,1,00,7*73
$GBGSV,1,1,04,08,56,184,39.3,04,27,125,39.1,09,24,193,39.5,05,15,249,39.2,1*7C
$GNRMC,222813.000,A,3859.9988,N,11613.9809,E,0.01,314.79,280612,,,A,V*0F
$GNVTG,314.79,T,,M,0.01,N,0.01,K,A*2B
$GNZDA,222813.000,28,06,2012,,*4D
$GNGGA,222814.000,3859.9988,N,11613.9809,E,1,12,0.68,-7.2,M,-6.8,M,,*40
$PAIRACC,3.42,8.16*41
$GNGLL,3859.9988,N,11613.9809,E,222814.000,A,A*43
$GNGSA,A,3,26,21,03,29,,,,,,,,,1.21,0.68,1.00,1*03
$GNGSA,A,3,79,78,85,68,,,,,,,,,1.21,0.68,1.00,2*0D
$GNGSA,A,3,,,,,,,,,,,,,1.21,0.68,1.00,3*0E
$GNGSA,A,3,08,04,09,05,,,,,,,,,1.21,0.68,1.00,4*09
$GPGSV,2,1,07,26,20,045,39.9,15,38,048,,09,33,122,,21,83,133,39.8,1*64
$GPGSV,2,2,07,03,18,309,40.0,14,12,219,,29,10,185,39.9,1*5E
$GLGSV,1,1,04,79,61,056,40.0,78,10,028,39.8,85,10,275,40.1,68,07,114,40.0,1*74
$GAGSV,1,1,00,7*73
$GBGSV,1,1,04,08,56,184,39.8,04,27,125,39.4,09,24,193,39.4,05,15,249,39.3,1*72
$GNRMC,222814.000,A,3859.9988,N,11613.9809,E,0.01,324.92,280612,,,A,V*0E
$GNVTG,324.92,T,,M,0.01,N,0.01,K,A*2D
$GNZDA,222814.000,28,06,2012,,*4A
$GNGGA,222815.000,3859.9988,N,11613.9809,E,1,12,0.68,-7.2,M,-6.8,M,,*41
$PAIRACC,3.40,7.90*42
$GNGLL,3859.9988,N,11613.9809,E,222815.000,A,A*42
$GNGSA,A,3,26,21,03,29,,,,,,,,,1.21,0.68,1.00,1*03
$GNGSA,A,3,79,78,85,68,,,,,,,,,1.21,0.68,1.00,2*0D
$GNGSA,A,3,,,,,,,,,,,,,1.21,0.68,1.00,3*0E
$GNGSA,A,3,08,04,09,05,,,,,,,,,1.21,0.68,1.00,4*09
$GPGSV,2,1,07,26,20,045,39.9,15,38,048,,09,33,122,,21,83,133,39.6,1*6A
$GPGSV,2,2,07,03,18,309,39.8,14,12,219,,29,10,185,40.0,1*5F
$GLGSV,1,1,04,79,61,056,39.9,78,10,028,39.6,85,10,275,39.8,68,07,114,40.0,1*7A
$GAGSV,1,1,00,7*73
$GBGSV,1,1,04,08,56,184,39.6,04,27,125,38.3,09,24,193,39.4,05,15,249,39.0,1*79
$GNRMC,222815.000,A,3859.9988,N,11613.9809,E,0.01,320.37,280612,,,A,V*04
$GNVTG,320.37,T,,M,0.01,N,0.01,K,A*26
$GNZDA,222815.000,28,06,2012,,*4B
$GNGGA,222816.000,3859.9988,N,11613.9809,E,1,12,0.68,-7.2,M,-6.8,M,,*42
$PAIRACC,3.42,8.17*40
$GNGLL,3859.9988,N,11613.9809,E,222816.000,A,A*41
$GNGSA,A,3,26,21,03,29,,,,,,,,,1.21,0.68,1.00,1*03
$GNGSA,A,3,79,78,85,68,,,,,,,,,1.21,0.68,1.00,2*0D
$GNGSA,A,3,,,,,,,,,,,,,1.21,0.68,1.00,3*0E
$GNGSA,A,3,08,04,09,05,,,,,,,,,1.21,0.68,1.00,4*09
$GPGSV,2,1,07,26,20,045,39.7,15,38,048,,09,33,122,,21,83,133,39.8,1*6A
$GPGSV,2,2,07,03,18,309,39.7,14,12,219,,29,10,185,40.1,1*51
$GLGSV,1,1,04,79,61,056,40.3,78,10,028,40.0,85,10,275,40.3,68,07,114,39.9,1*74
$GAGSV,1,1,00,7*73
$GBGSV,1,1,04,08,56,184,39.3,04,27,125,38.5,09,24,193,39.4,05,15,249,39.2,1*78
$GNRMC,222816.000,A,3859.9988,N,11613.9809,E,0.01,317.95,280612,,,A,V*0B
$GNVTG,317.95,T,,M,0.01,N,0.01,K,A*2A
$GNZDA,222816.000,28,06,2012,,*48
$GNGGA,222817.000,3859.9988,N,11613.9809,E,1,12,0.68,-7.2,M,-6.8,M,,*43
$PAIRACC,3.40,7.90*42
$GNGLL,3859.9988,N,11613.9809,E,222817.000,A,A*40
$GNGSA,A,3,26,21,03,29,,,,,,,,,1.21,0.68,1.00,1*03
$GNGSA,A,3,79,78,85,68,,,,,,,,,1.21,0.68,1.00,2*0D
$GNGSA,A,3,,,,,,,,,,,,,1.21,0.68,1.00,3*0E
$GNGSA,A,3,08,04,09,05,,,,,,,,,1.21,0.68,1.00,4*09
$GPGSV,2,1,07,26,20,045,39.9,15,38,048,,09,33,122,,21,83,133,40.2,1*60
$GPGSV,2,2,07,03,18,309,39.5,14,12,219,,29,10,185,40.2,1*50
$GLGSV,1,1,04,79,61,056,40.3,78,10,028,39.9,85,10,275,39.8,68,07,114,40.1,1*70
$GAGSV,1,1,00,7*73
$GBGSV,1,1,04,08,56,184,39.4,04,27,125,39.2,09,24,193,38.9,05,15,249,39.3,1*74
$GNRMC,222817.000,A,3859.9988,N,11613.9809,E,0.01,317.41,280612,,,A,V*03
$GNVTG,317.41,T,,M,0.01,N,0.01,K,A*23
$GNZDA,222817.000,28,06,2012,,*49
$GNGGA,222818.000,3859.9988,N,11613.9809,E,1,12,0.68,-7.2,M,-6.8,M,,*4C
$PAIRACC,3.32,7.75*4C
$GNGLL,3859.9988,N,11613.9809,E,222818.000,A,A*4F
$GNGSA,A,3,26,21,03,29,,,,,,,,,1.21,0.68,1.00,1*03
$GNGSA,A,3,79,78,85,68,,,,,,,,,1.21,0.68,1.00,2*0D
$GNGSA,A,3,,,,,,,,,,,,,1.21,0.68,1.00,3*0E
$GNGSA,A,3,08,04,09,05,,,,,,,,,1.21,0.68,1.00,4*09
$GPGSV,2,1,07,26,20,045,40.3,15,38,048,,09,33,122,,21,83,133,40.1,1*67
$GPGSV,2,2,07,03,18,309,39.6,14,12,219,,29,10,185,39.7,1*58
$GLGSV,1,1,04,79,61,056,40.6,78,10,028,40.2,85,10,275,40.1,68,07,114,40.4,1*72
$GAGSV,1,1,00,7*73
$GBGSV,1,1,04,08,56,184,39.7,04,27,125,38.6,09,24,193,39.5,05,15,249,39.0,1*7C
$GNRMC,222818.000,A,3859.9988,N,11613.9809,E,0.01,316.33,280612,,,A,V*08
$GNVTG,316.33,T,,M,0.01,N,0.01,K,A*27
$GNZDA,222818.000,28,06,2012,,*46
$GNGGA,222819.000,3859.9988,N,11613.9809,E,1,12,0.69,-7.2,M,-6.8,M,,*4C
$PAIRACC,3.50,8.31*47
$GNGLL,3859.9988,N,11613.9809,E,222819.000,A,A*4E
$GNGSA,A,3,26,21,03,29,,,,,,,,,1.21,0.69,1.00,1*02
$GNGSA,A,3,79,78,85,68,,,,,,,,,1.21,0.69,1.00,2*0C
$GNGSA,A,3,,,,,,,,,,,,,1.21,0.69,1.00,3*0F
$GNGSA,A,3,08,04,09,05,,,,,,,,,1.21,0.69,1.00,4*08
$GPGSV,2,1,07,26,20,045,40.0,15,38,048,,09,33,122,,21,83,133,39.7,1*6C
$GPGSV,2,2,07,03,18,309,40.0,14,12,219,,29,10,185,39.6,1*51
$GLGSV,1,1,04,79,61,056,40.1,78,10,028,39.8,85,10,275,39.5,68,07,114,40.0,1*7F
$GAGSV,1,1,00,7*73
$GBGSV,1,1,04,08,56,184,39.3,04,27,125,38.7,09,24,193,39.4,05,15,249,39.0,1*78
$GNRMC,222819.000,A,3859.9988,N,11613.9809,E,0.01,317.67,280612,,,A,V*09
$GNVTG,317.67,T,,M,0.01,N,0.01,K,A*27
$GNZDA,222819.000,28,06,2012,,*47
$GNGGA,222820.000,3859.9988,N,11613.9809,E,1,12,0.68,-7.2,M,-6.8,M,,*47
$PAIRACC,3.32,7.76*4F
$GNGLL,3859.9988,N,11613.9809,E,222820.000,A,A*44
$GNGSA,A,3,26,21,03,29,,,,,,,,,1.21,0.68,1.00,1*03
$GNGSA,A,3,79,78,85,68,,,,,,,,,1.21,0.68,1.00,2*0D
$GNGSA,A,3,,,,,,,,,,,,,1.21,0.68,1.00,3*0E
$GNGSA,A,3,08,04,09,05,,,,,,,,,1.21,0.68,1.00,4*09
$GPGSV,2,1,07,26,20,045,39.7,15,38,048,,09,33,122,,21,83,133,39.5,1*67
$GPGSV,2,2,07,03,18,309,39.8,14,12,219,,29,10,185,39.5,1*54
$GLGSV,1,1,04,79,61,056,40.0,78,10,028,39.7,85,10,275,39.4,68,07,114,39.7,1*79
$GAGSV,1,1,00,7*73
$GBGSV,1,1,04,08,56,184,39.3,04,27,125,38.9,09,24,193,38.9,05,15,249,39.2,1*78
$GNRMC,222820.000,A,3859.9988,N,11613.9809,E,0.01,315.81,280612,,,A,V*09
$GNVTG,315.81,T,,M,0.01,N,0.01,K,A*2D
$GNZDA,222820.000,28,06,2012,,*4D
$GNGGA,222821.000,3859.9988,N,11613.9809,E,1,12,0.69,-7.2,M,-6.8,M,,*47
$PAIRACC,3.41,8.22*45
$GNGLL,3859.9988,N,11613.9809,E,222821.000,A,A*45
$GNGSA,A,3,26,21,03,29,,,,,,,,,1.21,0.69,1.00,1*02
$GNGSA,A,3,79,78,85,68,,,,,,,,,1.21,0.69,1.00,2*0C
$GNGSA,A,3,,,,,,,,,,,,,1.21,0.69,1.00,3*0F
$GNGSA,A,3,08,04,09,05,,,,,,,,,1.21,0.69,1.00,4*08
$GPGSV,2,1,07,26,20,045,39.8,15,38,048,,09,33,122,,21,83,133,39.8,1*65
$GPGSV,2,2,07,03,18,309,39.4,14,12,219,,29,10,185,39.8,1*55
$GLGSV,1,1,04,79,61,056,39.6,78,10,028,39.4,85,10,275,39.2,68,07,114,39.6,1*75
$GAGSV,1,1,00,7*73
$GBGSV,1,1,04,08,56,184,38.9,04,27,125,38.6,09,24,193,38.9,05,15,249,39.0,1*7E
$GNRMC,222821.000,A,3859.9988,N,11613.9809,E,0.01,318.36,280612,,,A,V*09
$GNVTG,318.36,T,,M,0.01,N,0.01,K,A*2C
$GNZDA,222821.000,28,06,2012,,*4C
$GNGGA,222822.000,3859.9988,N,11613.9809,E,1,12,0.68,-7.2,M,-6.8,M,,*45
$PAIRACC,3.32,7.77*4E
$GNGLL,3859.9988,N,11613.9809,E,222822.000,A,A*46
$GNGSA,A,3,26,21,03,29,,,,,,,,,1.21,0.68,1.00,1*03
$GNGSA,A,3,79,78,85,68,,,,,,,,,1.21,0.68,1.00,2*0D
$GNGSA,A,3,,,,,,,,,,,,,1.21,0.68,1.00,3*0E
$GNGSA,A,3,08,04,09,05,,,,,,,,,1.21,0.68,1.00,4*09
$GPGSV,2,1,07,26,20,045,39.8,15,38,048,,09,33,122,,21,83,133,40.0,1*63
$GPGSV,2,2,07,03,18,309,39.6,14,12,219,,29,10,185,39.5,1*5A
$GLGSV,1,1,04,79,61,056,39.4,78,10,028,39.5,85,10,275,39.5,68,07,114,39.6,1*71
$GAGSV,1,1,00,7*73
$GBGSV,1,1,04,08,56,184,39.1,04,27,125,38.5,09,24,193,39.5,05,15,249,39.3,1*7A
$GNRMC,222822.000,A,3859.9988,N,11613.9809,E,0.01,320.10,280612,,,A,V*05
$GNVTG,320.10,T,,M,0.01,N,0.01,K,A*23
$GNZDA,222822.000,28,06,2012,,*4F
$GNGGA,222823.000,3859.9988,N,11613.9809,E,1,12,0.68,-7.2,M,-6.8,M,,*44
$PAIRACC,3.40,7.90*42
$GNGLL,3859.9988,N,11613.9809,E,222823.000,A,A*47
$GNGSA,A,3,26,21,03,29,,,,,,,,,1.21,0.68,1.00,1*03
$GNGSA,A,3,79,78,85,68,,,,,,,,,1.21,0.68,1.00,2*0D
$GNGSA,A,3,,,,,,,,,,,,,1.21,0.68,1.00,3*0E
$GNGSA,A,3,08,04,09,05,,,,,,,,,1.21,0.68,1.00,4*09
$GPGSV,2,1,07,26,20,045,39.8,15,38,048,,09,33,122,,21,83,133,40.3,1*60
$GPGSV,2,2,07,03,18,309,40.3,14,12,219,,29,10,185,40.4,1*5E
$GLGSV,1,1,04,79,61,056,40.0,78,10,028,39.8,85,10,275,39.2,68,07,114,39.8,1*7F
$GAGSV,1,1,00,7*73
$GBGSV,1,1,04,08,56,184,40.0,04,27,125,39.3,09,24,193,39.6,05,15,249,39.6,1*74
$GNRMC,222823.000,A,3859.9988,N,11613.9809,E,0.01,309.58,280612,,,A,V*03
$GNVTG,309.58,T,,M,0.01,N,0.01,K,A*24
$GNZDA,222823.000,28,06,2012,,*4E
$GNGGA,222824.000,3859.9988,N,11613.9808,E,1,12,0.68,-7.2,M,-6.8,M,,*42
$PAIRACC,3.42,8.18*4F
$GNGLL,3859.9988,N,11613.9808,E,222824.000,A,A*41
$GNGSA,A,3,26,21,03,29,,,,,,,,,1.21,0.68,1.00,1*03
$GNGSA,A,3,79,78,85,68,,,,,,,,,1.21,0.68,1.00,2*0D
$GNGSA,A,3,,,,,,,,,,,,,1.21,0.68,1.00,3*0E
$GNGSA,A,3,08,04,09,05,,,,,,,,,1.21,0.68,1.00,4*09
$GPGSV,2,1,07,26,20,045,40.4,15,38,048,,09,33,122,,21,83,133,40.4,1*65
$GPGSV,2,2,07,03,18,309,40.2,14,12,219,,29,10,185,39.8,1*5D
$GLGSV,1,1,04,79,61,056,40.5,78,10,028,39.7,85,10,275,40.1,68,07,114,39.9,1*79
$GAGSV,1,1,00,7*73
$GBGSV,1,1,04,08,56,184,39.7,04,27,125,38.8,09,24,193,39.5,05,15,249,39.3,1*71
$GNRMC,222824.000,A,3859.9988,N,11613.9808,E,0.01,306.70,280612,,,A,V*00
$GNVTG,306.70,T,,M,0.01,N,0.01,K,A*21
$GNZDA,222824.000,28,06,2012,,*49
$GNGGA,222825.000,3859.9988,N,11613.9808,E,1,12,0.69,-7.2,M,-6.8,M,,*42
$PAIRACC,3.40,7.90*42
$GNGLL,3859.9988,N,11613.9808,E,222825.000,A,A*40
$GNGSA,A,3,26,21,03,29,,,,,,,,,1.21,0.69,1.00,1*02
$GNGSA,A,3,79,78,85,68,,,,,,,,,1.21,0.69,1.00,2*0C
$GNGSA,A,3,,,,,,,,,,,,,1.21,0.69,1.00,3*0F
$GNGSA,A,3,08,04,09,05,,,,,,,,,1.21,0.69,1.00,4*08
$GPGSV,2,1,07,26,20,045,40.7,15,38,048,,09,33,122,,21,83,133,39.9,1*65
$GPGSV,2,2,07,03,18,309,40.3,14,12,219,,29,10,185,40.1,1*5B
$GLGSV,1,1,04,79,61,056,40.6,78,10,028,39.7,85,10,275,39.7,68,07,114,39.8,1*73
$GAGSV,1,1,00,7*73
$GBGSV,1,1,04,08,56,184,39.5,04,27,125,39.0,09,24,193,39.3,05,15,249,39.4,1*7B
$GNRMC,222825.000,A,3859.9988,N,11613.9808,E,0.01,316.21,280612,,,A,V*04
$GNVTG,316.21,T,,M,0.01,N,0.01,K,A*24
$GNZDA,222825.000,28,06,2012,,*48
$GNGGA,222826.000,3859.9988,N,11613.9808,E,1,12,0.68,-7.2,M,-6.8,M,,*40
$PAIRACC,3.42,8.18*4F
$GNGLL,3859.9988,N,11613.9808,E,222826.000,A,A*43
$GNGSA,A,3,26,21,03,29,,,,,,,,,1.21,0.68,1.00,1*03
$GNGSA,A,3,79,78,85,68,,,,,,,,,1.21,0.68,1.00,2*0D
$GNGSA,A,3,,,,,,,,,,,,,1.21,0.68,1.00,3*0E
$GNGSA,A,3,08,04,09,05,,,,,,,,,1.21,0.68,1.00,4*09
$GPGSV,2,1,07,26,20,045,40.5,15,38,048,,09,33,122,,21,83,133,40.0,1*60
$GPGSV,2,2,07,03,18,309,40.1,14,12,219,,29,10,185,40.3,1*5B
$GLGSV,1,1,04,79,61,056,40.3,78,10,028,39.8,85,10,275,39.6,68,07,114,39.5,1*75
$GAGSV,1,1,00,7*73
$GBGSV,1,1,04,08,56,184,39.4,04,27,125,39.5,09,24,193,39.7,05,15,249,39.5,1*7A
$GNRMC,222826.000,A,3859.9988,N,11613.9808,E,0.01,317.33,280612,,,A,V*05
$GNVTG,317.33,T,,M,0.01,N,0.01,K,A*26
$GNZDA,222826.000,28,06,2012,,*4B
$GNGGA,222827.000,3859.9988,N,11613.9808,E,1,12,0.68,-7.2,M,-6.8,M,,*41
$PAIRACC,3.38,7.89*45
$GNGLL,3859.9988,N,11613.9808,E,222827.000,A,A*42
$GNGSA,A,3,26,21,03,29,,,,,,,,,1.21,0.68,1.00,1*03
$GNGSA,A,3,79,78,85,68,,,,,,,,,1.21,0.68,1.00,2*0D
$GNGSA,A,3,,,,,,,,,,,,,1.21,0.68,1.00,3*0E
$GNGSA,A,3,08,04,09,05,,,,,,,,,1.21,0.68,1.00,4*09
$GPGSV,2,1,07,26,20,045,39.9,15,38,048,,09,33,122,,21,83,133,40.3,1*61
$GPGSV,2,2,07,03,18,309,40.3,14,12,219,,29,10,185,40.2,1*58
$GLGSV,1,1,04,79,61,056,40.2,78,10,028,39.6,85,10,275,39.2,68,07,114,39.8,1*73
$GAGSV,1,1,00,7*73
$GBGSV,1,1,04,08,56,184,39.4,04,27,125,38.8,09,24,193,39.9,05,15,249,39.5,1*78
$GNRMC,222827.000,A,3859.9988,N,11613.9808,E,0.01,317.43,280612,,,A,V*03
$GNVTG,317.43,T,,M,0.01,N,0.01,K,A*21
$GNZDA,222827.000,28,06,2012,,*4A
$GNGGA,222828.000,3859.9988,N,11613.9808,E,1,12,0.68,-7.2,M,-6.8,M,,*4E
$PAIRACC,3.35,7.79*47
$GNGLL,3859.9988,N,11613.9808,E,222828.000,A,A*4D
$GNGSA,A,3,26,21,03,29,,,,,,,,,1.21,0.68,1.00,1*03
$GNGSA,A,3,79,78,85,68,,,,,,,,,1.21,0.68,1.00,2*0D
$GNGSA,A,3,,,,,,,,,,,,,1.21,0.68,1.00,3*0E
$GNGSA,A,3,08,04,09,05,,,,,,,,,1.21,0.68,1.00,4*09
$GPGSV,2,1,07,26,20,045,39.9,15,38,048,,09,33,122,,21,83,133,40.4,1*66
$GPGSV,2,2,07,03,18,309,39.7,14,12,219,,29,10,185,40.5,1*55
$GLGSV,1,1,04,79,61,056,40.0,78,10,028,40.0,85,10,275,39.8,68,07,114,39.8,1*73
$GAGSV,1,1,00,7*73
$GBGSV,1,1,04,08,56,184,39.4,04,27,125,39.0,09,24,193,39.1,05,15,249,39.5,1*79
$GNRMC,222828.000,A,3859.9988,N,11613.9808,E,0.01,310.00,280612,,,A,V*0C
$GNVTG,310.00,T,,M,0.01,N,0.01,K,A*21
$GNZDA,222828.000,28,06,2012,,*45
$GNGGA,222829.000,3859.9988,N,11613.9808,E,1,12,0.68,-7.2,M,-6.8,M,,*4F
$PAIRACC,3.37,7.86*45
$GNGLL,3859.9988,N,11613.9808,E,222829.000,A,A*4C
$GNGSA,A,3,26,21,03,29,,,,,,,,,1.21,0.68,1.00,1*03
$GNGSA,A,3,79,78,85,68,,,,,,,,,1.21,0.68,1.00,2*0D
$GNGSA,A,3,,,,,,,,,,,,,1.21,0.68,1.00,3*0E
$GNGSA,A,3,08,04,09,05,,,,,,,,,1.21,0.68,1.00,4*09
$GPGSV,2,1,07,26,20,045,40.1,15,38,048,,09,33,122,,21,83,133,40.1,1*65
$GPGSV,2,2,07,03,18,309,40.0,14,12,219,,29,10,185,40.0,1*59
$GLGSV,1,1,04,79,61,056,40.3,78,10,028,39.9,85,10,275,39.7,68,07,114,39.5,1*75
$GAGSV,1,1,00,7*73
$GBGSV,1,1,04,08,56,184,39.6,04,27,125,39.4,09,24,193,39.3,05,15,249,39.5,1*7D
$GNRMC,222829.000,A,3859.9988,N,11613.9808,E,0.01,317.72,280612,,,A,V*0F
$GNVTG,317.72,T,,M,0.01,N,0.01,K,A*23
$GNZDA,222829.000,28,06,2012,,*44
$GNGGA,222830.000,3859.9988,N,11613.9808,E,1,12,0.68,-7.2,M,-6.8,M,,*47
$PAIRACC,3.32,7.77*4E
$GNGLL,3859.9988,N,11613.9808,E,222830.000,A,A*44
$GNGSA,A,3,26,21,03,29,,,,,,,,,1.21,0.68,1.00,1*03
$GNGSA,A,3,79,78,85,68,,,,,,,,,1.21,0.68,1.00,2*0D
$GNGSA,A,3,,,,,,,,,,,,,1.21,0.68,1.00,3*0E
$GNGSA,A,3,08,04,09,05,,,,,,,,,1.21,0.68,1.00,4*09
$GPGSV,2,1,07,26,20,045,40.1,15,38,048,,09,33,122,,21,83,133,40.1,1*65
$GPGSV,2,2,07,03,18,309,39.8,14,12,219,,29,10,185,40.1,1*5E
$GLGSV,1,1,04,79,61,056,40.1,78,10,028,40.0,85,10,275,39.6,68,07,114,39.7,1*73
$GAGSV,1,1,00,7*73
$GBGSV,1,1,04,08,56,184,40.0,04,27,125,39.0,09,24,193,39.7,05,15,249,39.5,1*75
$GNRMC,222830.000,A,3859.9988,N,11613.9808,E,0.01,324.44,280612,,,A,V*02
$GNVTG,324.44,T,,M,0.01,N,0.01,K,A*26
$GNZDA,222830.000,28,06,2012,,*4C
$GNGGA,222831.000,3859.9988,N,11613.9808,E,1,12,0.68,-7.2,M,-6.8,M,,*46
$PAIRACC,3.38,7.88*44
$GNGLL,3859.9988,N,11613.9808,E,222831.000,A,A*45
$GNGSA,A,3,26,21,03,29,,,,,,,,,1.21,0.68,1.00,1*03
$GNGSA,A,3,79,78,85,68,,,,,,,,,1.21,0.68,1.00,2*0D
$GNGSA,A,3,,,,,,,,,,,,,1.21,0.68,1.00,3*0E
$GNGSA,A,3,08,04,09,05,,,,,,,,,1.21,0.68,1.00,4*09
$GPGSV,2,1,07,26,20,045,39.9,15,38,048,,09,33,122,,21,83,133,39.8,1*64
$GPGSV,2,2,07,03,18,309,39.9,14,12,219,,29,10,185,40.0,1*5E
$GLGSV,1,1,04,79,61,056,40.4,78,10,028,39.8,85,10,275,39.5,68,07,114,39.5,1*71
$GAGSV,1,1,00,7*73
$GBGSV,1,1,04,08,56,184,39.3,04,27,125,38.8,09,24,193,39.4,05,15,249,39.2,1*75
$GNRMC,222831.000,A,3859.9988,N,11613.9808,E,0.01,325.54,280612,,,A,V*03
$GNVTG,325.54,T,,M,0.01,N,0.01,K,A*26
$GNZDA,222831.000,28,06,2012,,*4D
$GNGGA,222832.000,3859.9988,N,11613.9808,E,1,12,0.68,-7.2,M,-6.8,M,,*45
$PAIRACC,3.34,7.77*48
$GNGLL,3859.9988,N,11613.9808,E,222832.000,A,A*46
$GNGSA,A,3,26,21,03,29,,,,,,,,,1.21,0.68,1.00,1*03
$GNGSA,A,3,79,78,85,68,,,,,,,,,1.21,0.68,1.00,2*0D
$GNGSA,A,3,,,,,,,,,,,,,1.21,0.68,1.00,3*0E
$GNGSA,A,3,08,04,09,05,,,,,,,,,1.21,0.68,1.00,4*09
$GPGSV,2,1,07,26,20,045,40.3,15,38,048,,09,33,122,,21,83,133,40.2,1*64
$GPGSV,2,2,07,03,18,309,39.8,14,12,219,,29,10,185,40.0,1*5F
$GLGSV,1,1,04,79,61,056,40.0,78,10,028,39.6,85,10,275,40.1,68,07,114,39.8,1*7C
$GAGSV,1,1,00,7*73
$GBGSV,1,1,04,08,56,184,39.7,04,27,125,39.7,09,24,193,39.4,05,15,249,39.6,1*7B
$GNRMC,222832.000,A,3859.9988,N,11613.9808,E,0.01,326.99,280612,,,A,V*02
$GNVTG,326.99,T,,M,0.01,N,0.01,K,A*24
$GNZDA,222832.000,28,06,2012,,*4E
$GNGGA,222833.000,3859.9988,N,11613.9808,E,1,12,0.68,-7.2,M,-6.8,M,,*44
$PAIRACC,3.46,8.27*47
$GNGLL,3859.9988,N,11613.9808,E,222833.000,A,A*47
$GNGSA,A,3,26,21,03,29,,,,,,,,,1.21,0.68,1.00,1*03
$GNGSA,A,3,79,78,85,68,,,,,,,,,1.21,0.68,1.00,2*0D
$GNGSA,A,3,,,,,,,,,,,,,1.21,0.68,1.00,3*0E
$GNGSA,A,3,08,04,09,05,,,,,,,,,1.21,0.68,1.00,4*09
$GPGSV,2,1,07,26,20,045,40.2,15,38,048,,09,33,122,,21,83,133,40.0,1*67
$GPGSV,2,2,07,03,18,309,40.1,14,12,219,,29,10,185,39.8,1*5E
$GLGSV,1,1,04,79,61,056,40.1,78,10,028,40.1,85,10,275,40.0,68,07,114,39.3,1*7E
$GAGSV,1,1,00,7*73
$GBGSV,1,1,04,08,56,184,39.5,04,27,125,39.2,09,24,193,39.2,05,15,249,39.2,1*7E
$GNRMC,222833.000,A,3859.9988,N,11613.9808,E,0.01,331.27,280612,,,A,V*00
$GNVTG,331.27,T,,M,0.01,N,0.01,K,A*27
$GNZDA,222833.000,28,06,2012,,*4F
$GNGGA,222834.000,3859.9988,N,11613.9808,E,1,12,0.68,-7.2,M,-6.8,M,,*43
$PAIRACC,3.34,7.77*48
$GNGLL,3859.9988,N,11613.9808,E,222834.000,A,A*40
$GNGSA,A,3,26,21,03,29,,,,,,,,,1.21,0.68,1.00,1*03
$GNGSA,A,3,79,78,85,68,,,,,,,,,1.21,0.68,1.00,2*0D
$GNGSA,A,3,,,,,,,,,,,,,1.21,0.68,1.00,3*0E
$GNGSA,A,3,08,04,09,05,,,,,,,,,1.21,0.68,1.00,4*09
$GPGSV,2,1,07,26,20,045,40.1,15,38,048,,09,33,122,,21,83,133,40.2,1*66
$GPGSV,2,2,07,03,18,309,40.0,14,12,219,,29,10,185,40.0,1*59
$GLGSV,1,1,04,79,61,056,40.0,78,10,028,39.7,85,10,275,40.0,68,07,114,39.4,1*70
$GAGSV,1,1,00,7*73
$GBGSV,1,1,04,08,56,184,39.9,04,27,125,39.0,09,24,193,39.6,05,15,249,39.4,1*72
$GNRMC,222834.000,A,3859.9988,N,11613.9808,E,0.01,321.10,280612,,,A,V*02
$GNVTG,321.10,T,,M,0.01,N,0.01,K,A*22
$GNZDA,222834.000,28,06,2012,,*48
$GNGGA,222835.000,3859.9988,N,11613.9808,E,1,12,0.68,-7.2,M,-6.8,M,,*42
$PAIRACC,3.39,7.94*48
$GNGLL,3859.9988,N,11613.9808,E,222835.000,A,A*41
$GNGSA,A,3,26,21,03,29,,,,,,,,,1.21,0.68,1.00,1*03
$GNGSA,A,3,79,78,85,68,,,,,,,,,1.21,0.68,1.00,2*0D
$GNGSA,A,3,,,,,,,,,,,,,1.21,0.68,1.00,3*0E
$GNGSA,A,3,08,04,09,05,,,,,,,,,1.21,0.68,1.00,4*09
$GPGSV,2,1,07,26,20,045,39.6,15,38,048,,09,33,122,,21,83,133,40.0,1*6D
$GPGSV,2,2,07,03,18,309,40.0,14,12,219,,29,10,185,39.9,1*5E
$GLGSV,1,1,04,79,61,056,38.0,78,10,028,40.4,85,10,275,40.0,68,07,114,39.9,1*7F
$GAGSV,1,1,00,7*73
$GBGSV,1,1,04,08,56,184,39.6,04,27,125,39.5,09,24,193,39.2,05,15,249,39.1,1*79
$GNRMC,222835.000,A,3859.9988,N,11613.9808,E,0.01,316.12,280612,,,A,V*05
$GNVTG,316.12,T,,M,0.01,N,0.01,K,A*24
$GNZDA,222835.000,28,06,2012,,*49
$GNGGA,222836.000,3859.9988,N,11613.9808,E,1,12,0.68,-7.3,M,-6.8,M,,*40
$PAIRACC,3.44,8.12*43
$GNGLL,3859.9988,N,11613.9808,E,222836.000,A,A*42
$GNGSA,A,3,26,21,03,29,,,,,,,,,1.21,0.68,1.00,1*03
$GNGSA,A,3,79,78,85,68,,,,,,,,,1.21,0.68,1.00,2*0D
$GNGSA,A,3,,,,,,,,,,,,,1.21,0.68,1.00,3*0E
$GNGSA,A,3,08,04,09,05,,,,,,,,,1.21,0.68,1.00,4*09
$GPGSV,2,1,07,26,20,045,40.0,15,38,048,,09,33,122,,21,83,133,40.3,1*66
$GPGSV,2,2,07,03,18,309,39.8,14,12,219,,29,10,185,40.2,1*5D
$GLGSV,1,1,04,79,61,056,39.0,78,10,028,39.4,85,10,275,39.7,68,07,114,39.9,1*79
$GAGSV,1,1,00,7*73
$GBGSV,1,1,04,08,56,184,39.8,04,27,125,38.5,09,24,193,39.7,05,15,249,39.4,1*76
$GNRMC,222836.000,A,3859.9988,N,11613.9808,E,0.01,313.54,280612,,,A,V*01
$GNVTG,313.54,T,,M,0.01,N,0.01,K,A*23
$GNZDA,222836.000,28,06,2012,,*4A
$GNGGA,222837.000,3859.9988,N,11613.9808,E,1,12,0.69,-7.3,M,-6.8,M,,*40
$PAIRACC,3.39,7.88*45
$GNGLL,3859.9988,N,11613.9808,E,222837.000,A,A*43
$GNGSA,A,3,26,21,03,29,,,,,,,,,1.21,0.69,1.00,1*02
$GNGSA,A,3,79,78,85,68,,,,,,,,,1.21,0.69,1.00,2*0C
$GNGSA,A,3,,,,,,,,,,,,,1.21,0.69,1.00,3*0F
$GNGSA,A,3,08,04,09,05,,,,,,,,,1.21,0.69,1.00,4*08
$GPGSV,2,1,07,26,20,045,39.9,15,38,048,,09,33,122,,21,83,133,40.0,1*62
$GPGSV,2,2,07,03,18,309,39.8,14,12,219,,29,10,185,39.9,1*58
$GLGSV,1,1,04,79,61,056,37.8,78,10,028,40.2,85,10,275,39.3,68,07,114,39.9,1*73
$GAGSV,1,1,00,7*73
$GBGSV,1,1,04,08,56,184,39.7,04,27,125,39.0,09,24,193,39.4,05,15,249,39.5,1*7F
$GNRMC,222837.000,A,3859.9988,N,11613.9808,E,0.01,311.89,280612,,,A,V*02
$GNVTG,311.89,T,,M,0.01,N,0.01,K,A*21
$GNZDA,222837.000,28,06,2012,,*4B
$GNGGA,222838.000,3859.9988,N,11613.9808,E,1,12,0.69,-7.3,M,-6.8,M,,*4F
$PAIRACC,3.45,8.19*49
$GNGLL,3859.9988,N,11613.9808,E,222838.000,A,A*4C
$GNGSA,A,3,26,21,03,29,,,,,,,,,1.21,0.69,1.00,1*02
$GNGSA,A,3,79,78,85,68,,,,,,,,,1.21,0.69,1.00,2*0C
$GNGSA,A,3,,,,,,,,,,,,,1.21,0.69,1.00,3*0F
$GNGSA,A,3,08,04,09,05,,,,,,,,,1.21,0.69,1.00,4*08
$GPGSV,2,1,07,26,20,045,39.8,15,38,048,,09,33,122,,21,83,133,39.9,1*64
$GPGSV,2,2,07,03,18,309,39.7,14,12,219,,29,10,185,40.0,1*50
$GLGSV,1,1,04,79,61,056,38.6,78,10,028,40.3,85,10,275,39.8,68,07,114,39.7,1*76
$GAGSV,1,1,00,7*73
$GBGSV,1,1,04,08,56,184,39.8,04,27,125,39.3,09,24,193,39.0,05,15,249,39.5,1*77
$GNRMC,222838.000,A,3859.9988,N,11613.9808,E,0.01,301.19,280612,,,A,V*05
$GNVTG,301.19,T,,M,0.01,N,0.01,K,A*29
$GNZDA,222838.000,28,06,2012,,*44
$GNGGA,222839.000,3859.9988,N,11613.9808,E,1,12,0.68,-7.3,M,-6.8,M,,*4F
$PAIRACC,3.39,7.89*44
$GNGLL,3859.9988,N,11613.9808,E,222839.000,A,A*4D
$GNGSA,A,3,26,21,03,29,,,,,,,,,1.21,0.68,1.00,1*03
$GNGSA,A,3,79,78,85,68,,,,,,,,,1.21,0.68,1.00,2*0D
$GNGSA,A,3,,,,,,,,,,,,,1.21,0.68,1.00,3*0E
$GNGSA,A,3,08,04,09,05,,,,,,,,,1.21,0.68,1.00,4*09
$GPGSV,2,1,07,26,20,045,39.9,15,38,048,,09,33,122,,21,83,133,39.7,1*6B
$GPGSV,2,2,07,03,18,309,39.7,14,12,219,,29,10,185,39.8,1*56
$GLGSV,1,1,04,79,61,056,37.9,78,10,028,40.0,85,10,275,40.0,68,07,114,40.2,1*78
$GAGSV,1,1,00,7*73
$GBGSV,1,1,04,08,56,184,39.7,04,27,125,38.7,09,24,193,39.5,05,15,249,39.5,1*78
$GNRMC,222839.000,A,3859.9988,N,11613.9808,E,0.01,302.55,280612,,,A,V*0F
$GNVTG,302.55,T,,M,0.01,N,0.01,K,A*22
$GNZDA,222839.000,28,06,2012,,*45
$GNGGA,222840.000,3859.9988,N,11613.9808,E,1,12,0.68,-7.3,M,-6.8,M,,*41
$PAIRACC,3.27,7.63*4F
$GNGLL,3859.9988,N,11613.9808,E,222840.000,A,A*43
$GNGSA,A,3,26,21,03,29,,,,,,,,,1.21,0.68,1.00,1*03
$GNGSA,A,3,79,78,85,68,,,,,,,,,1.21,0.68,1.00,2*0D
$GNGSA,A,3,,,,,,,,,,,,,1.21,0.68,1.00,3*0E
$GNGSA,A,3,08,04,09,05,,,,,,,,,1.21,0.68,1.00,4*09
$GPGSV,2,1,07,26,20,045,39.8,15,38,048,,09,33,122,,21,83,133,39.7,1*6A
$GPGSV,2,2,07,03,18,309,39.9,14,12,219,,29,10,185,39.8,1*58
$GLGSV,1,1,04,79,61,056,39.0,78,10,028,39.6,85,10,275,40.2,68,07,114,39.8,1*71
$GAGSV,1,1,00,7*73
$GBGSV,1,1,04,08,56,184,39.6,04,27,125,38.7,09,24,193,39.7,05,15,249,39.6,1*78
$GNRMC,222840.000,A,3859.9988,N,11613.9808,E,0.01,283.48,280612,,,A,V*05
$GNVTG,283.48,T,,M,0.01,N,0.01,K,A*26
$GNZDA,222840.000,28,06,2012,,*4B
$GNGGA,222841.000,3859.9988,N,11613.9808,E,1,12,0.68,-7.3,M,-6.8,M,,*40
$PAIRACC,3.35,7.97*47
$GNGLL,3859.9988,N,11613.9808,E,222841.000,A,A*42
$GNGSA,A,3,26,21,03,29,,,,,,,,,1.21,0.68,1.00,1*03
$GNGSA,A,3,79,78,85,68,,,,,,,,,1.21,0.68,1.00,2*0D
$GNGSA,A,3,,,,,,,,,,,,,1.21,0.68,1.00,3*0E
$GNGSA,A,3,08,04,09,05,,,,,,,,,1.21,0.68,1.00,4*09
$GPGSV,2,1,07,26,20,045,40.0,15,38,048,,09,33,122,,21,83,133,40.1,1*64
$GPGSV,2,2,07,03,18,309,39.9,14,12,219,,29,10,185,39.7,1*57
$GLGSV,1,1,04,79,61,056,38.2,78,10,028,40.0,85,10,275,40.3,68,07,114,39.9,1*7A
$GAGSV,1,1,00,7*73
$GBGSV,1,1,04,08,56,184,39.0,04,27,125,39.3,09,24,193,39.9,05,15,249,39.6,1*75
$GNRMC,222841.000,A,3859.9988,N,11613.9808,E,0.01,284.69,280612,,,A,V*00
$GNVTG,284.69,T,,M,0.01,N,0.01,K,A*22
$GNZDA,222841.000,28,06,2012,,*4A
$GNGGA,222842.000,3859.9988,N,11613.9808,E,1,12,0.68,-7.3,M,-6.8,M,,*43
$PAIRACC,3.26,7.55*4B
$GNGLL,3859.9988,N,11613.9808,E,222842.000,A,A*41
$GNGSA,A,3,26,21,03,29,,,,,,,,,1.21,0.68,1.00,1*03
$GNGSA,A,3,79,78,85,68,,,,,,,,,1.21,0.68,1.00,2*0D
$GNGSA,A,3,,,,,,,,,,,,,1.21,0.68,1.00,3*0E
$GNGSA,A,3,08,04,09,05,,,,,,,,,1.21,0.68,1.00,4*09
$GPGSV,2,1,07,26,20,045,40.1,15,38,048,,09,33,122,,21,83,133,39.9,1*63
$GPGSV,2,2,07,03,18,309,39.6,14,12,219,,29,10,185,40.3,1*52
$GLGSV,1,1,04,79,61,056,39.5,78,10,028,39.8,85,10,275,40.1,68,07,114,40.0,1*7F
$GAGSV,1,1,00,7*73
$GBGSV,1,1,04,08,56,184,39.7,04,27,125,38.7,09,24,193,39.8,05,15,249,39.6,1*76
$GNRMC,222842.000,A,3859.9988,N,11613.9808,E,0.01,292.58,280612,,,A,V*06
$GNVTG,292.58,T,,M,0.01,N,0.01,K,A*27
$GNZDA,222842.000,28,06,2012,,*49
$GNGGA,222843.000,3859.9988,N,11613.9808,E,1,12,0.68,-7.3,M,-6.8,M,,*42
$PAIRACC,3.36,8.05*40
$GNGLL,3859.9988,N,11613.9808,E,222843.000,A,A*40
$GNGSA,A,3,26,21,03,29,,,,,,,,,1.21,0.68,1.00,1*03
$GNGSA,A,3,79,78,85,68,,,,,,,,,1.21,0.68,1.00,2*0D
$GNGSA,A,3,,,,,,,,,,,,,1.21,0.68,1.00,3*0E
$GNGSA,A,3,08,04,09,05,,,,,,,,,1.21,0.68,1.00,4*09
$GPGSV,2,1,07,26,20,045,39.8,15,38,048,,09,33,122,,21,83,133,40.2,1*61
$GPGSV,2,2,07,03,18,309,40.2,14,12,219,,29,10,185,39.9,1*5C
$GLGSV,1,1,04,79,61,056,38.0,78,10,028,39.8,85,10,275,39.8,68,07,114,39.7,1*75
$GAGSV,1,1,00,7*73
$GBGSV,1,1,04,08,56,184,39.1,04,27,125,39.0,09,24,193,39.1,05,15,249,39.5,1*7C
$GNRMC,222843.000,A,3859.9988,N,11613.9808,E,0.01,294.89,280612,,,A,V*0D
$GNVTG,294.89,T,,M,0.01,N,0.01,K,A*2D
$GNZDA,222843.000,28,06,2012,,*48
$GNGGA,222844.000,3859.9988,N,11613.9808,E,1,12,0.68,-7.3,M,-6.8,M,,*45
$PAIRACC,3.27,7.58*47
$GNGLL,3859.9988,N,11613.9808,E,222844.000,A,A*47
$GNGSA,A,3,26,21,03,29,,,,,,,,,1.21,0.68,1.00,1*03
$GNGSA,A,3,79,78,85,68,,,,,,,,,1.21,0.68,1.00,2*0D
$GNGSA,A,3,,,,,,,,,,,,,1.21,0.68,1.00,3*0E
$GNGSA,A,3,08,04,09,05,,,,,,,,,1.21,0.68,1.00,4*09
$GPGSV,2,1,07,26,20,045,39.8,15,38,048,,09,33,122,,21,83,133,39.8,1*65
$GPGSV,2,2,07,03,18,309,39.7,14,12,219,,29,10,185,39.8,1*56
$GLGSV,1,1,04,79,61,056,38.8,78,10,028,40.2,85,10,275,39.9,68,07,114,40.2,1*73
$GAGSV,1,1,00,7*73
$GBGSV,1,1,04,08,56,184,39.8,04,27,125,39.1,09,24,193,39.6,05,15,249,39.5,1*73
$GNRMC,222844.000,A,3859.9988,N,11613.9808,E,0.01,287.58,280612,,,A,V*04
$GNVTG,287.58,T,,M,0.01,N,0.01,K,A*23
$GNZDA,222844.000,28,06,2012,,*4F
$GNGGA,222845.000,3859.9988,N,11613.9808,E,1,12,0.68,-7.3,M,-6.8,M,,*44
$PAIRACC,3.37,8.06*42
$GNGLL,3859.9988,N,11613.9808,E,222845.000,A,A*46
$GNGSA,A,3,26,21,03,29,,,,,,,,,1.21,0.68,1.00,1*03
$GNGSA,A,3,79,78,85,68,,,,,,,,,1.21,0.68,1.00,2*0D
$GNGSA,A,3,,,,,,,,,,,,,1.21,0.68,1.00,3*0E
$GNGSA,A,3,08,04,09,05,,,,,,,,,1.21,0.68,1.00,4*09
$GPGSV,2,1,07,26,20,045,39.8,15,38,048,,09,33,122,,21,83,133,40.0,1*63
$GPGSV,2,2,07,03,19,308,40.0,14,12,219,,29,10,185,39.9,1*5E
$GLGSV,1,1,04,79,61,056,37.7,78,10,028,39.9,85,10,275,39.9,68,07,114,40.0,1*74
$GAGSV,1,1,00,7*73
$GBGSV,1,1,04,08,56,184,39.7,04,27,125,39.1,09,24,193,39.8,05,15,249,39.5,1*72
$GNRMC,222845.000,A,3859.9988,N,11613.9808,E,0.01,293.67,280612,,,A,V*0C
$GNVTG,293.67,T,,M,0.01,N,0.01,K,A*2A
$GNZDA,222845.000,28,06,2012,,*4E
$GNGGA,222846.000,3859.9988,N,11613.9808,E,1,12,0.68,-7.3,M,-6.8,M,,*47
$PAIRACC,3.25,7.55*48
$GNGLL,3859.9988,N,11613.9808,E,222846.000,A,A*45
$GNGSA,A,3,26,21,03,29,,,,,,,,,1.21,0.68,1.00,1*03
$GNGSA,A,3,79,78,85,68,,,,,,,,,1.21,0.68,1.00,2*0D
$GNGSA,A,3,,,,,,,,,,,,,1.21,0.68,1.00,3*0E
$GNGSA,A,3,08,04,09,05,,,,,,,,,1.21,0.68,1.00,4*09
$GPGSV,2,1,07,26,20,045,40.0,15,38,048,,09,33,122,,21,83,133,40.0,1*65
$GPGSV,2,2,07,03,19,308,39.8,14,12,219,,29,10,185,40.1,1*5E
$GLGSV,1,1,04,79,61,056,38.5,78,10,028,40.2,85,10,275,39.9,68,07,114,40.0,1*7C
$GAGSV,1,1,00,7*73
$GBGSV,1,1,04,08,56,184,39.7,04,27,125,38.8,09,24,193,39.6,05,15,249,39.6,1*77
$GNRMC,222846.000,A,3859.9988,N,11613.9808,E,0.01,302.07,280612,,,A,V*00
$GNVTG,302.07,T,,M,0.01,N,0.01,K,A*25
$GNZDA,222846.000,28,06,2012,,*4D
$GNGGA,222847.000,3859.9988,N,11613.9808,E,1,12,0.68,-7.3,M,-6.8,M,,*46
$PAIRACC,3.28,7.64*47
$GNGLL,3859.9988,N,11613.9808,E,222847.000,A,A*44
$GNGSA,A,3,29,26,03,21,,,,,,,,,1.21,0.68,1.00,1*03
$GNGSA,A,3,79,78,85,68,,,,,,,,,1.21,0.68,1.00,2*0D
$GNGSA,A,3,,,,,,,,,,,,,1.21,0.68,1.00,3*0E
$GNGSA,A,3,08,04,09,05,,,,,,,,,1.21,0.68,1.00,4*09
$GPGSV,2,1,08,29,10,185,40.4,18,65,322,,15,38,048,,09,33,122,,1*75
$GPGSV,2,2,08,26,20,045,39.8,03,19,308,39.7,14,12,219,,21,83,133,39.9,1*7C
$GLGSV,1,1,04,79,61,056,37.9,78,10,028,40.1,85,10,275,39.2,68,07,114,40.0,1*77
$GAGSV,1,1,00,7*73
$GBGSV,1,1,04,08,56,184,39.5,04,27,125,39.2,09,24,193,39.0,05,15,249,39.2,1*7C
$GNRMC,222847.000,A,3859.9988,N,11613.9808,E,0.01,286.14,280612,,,A,V*0E
$GNVTG,286.14,T,,M,0.01,N,0.01,K,A*2A
$GNZDA,222847.000,28,06,2012,,*4C
$GNGGA,222848.000,3859.9988,N,11613.9807,E,1,12,0.68,-7.3,M,-6.8,M,,*46
$PAIRACC,3.29,7.60*42
$GNGLL,3859.9988,N,11613.9807,E,222848.000,A,A*44
$GNGSA,A,3,29,26,03,21,,,,,,,,,1.21,0.68,1.00,1*03
$GNGSA,A,3,79,78,85,68,,,,,,,,,1.21,0.68,1.00,2*0D
$GNGSA,A,3,,,,,,,,,,,,,1.21,0.68,1.00,3*0E
$GNGSA,A,3,08,04,09,05,,,,,,,,,1.21,0.68,1.00,4*09
$GPGSV,2,1,08,29,10,185,39.7,18,65,322,,15,38,048,,09,33,122,,1*78
$GPGSV,2,2,08,26,20,045,39.9,03,19,308,39.7,14,12,219,,21,83,133,39.9,1*7D
$GLGSV,1,1,04,79,61,056,38.9,78,10,028,40.2,85,10,275,39.8,68,07,114,40.3,1*72
$GAGSV,1,1,00,7*73
$GBGSV,1,1,04,08,56,184,39.1,04,27,125,39.0,09,24,193,39.6,05,15,249,39.5,1*7B
$GNRMC,222848.000,A,3859.9988,N,11613.9807,E,0.01,298.05,280612,,,A,V*01
$GNVTG,298.05,T,,M,0.01,N,0.01,K,A*25
$GNZDA,222848.000,28,06,2012,,*43
$GNGGA,222849.000,3859.9988,N,11613.9807,E,1,12,0.68,-7.3,M,-6.8,M,,*47
$PAIRACC,3.25,7.62*4C
$GNGLL,3859.9988,N,11613.9807,E,222849.000,A,A*45
$GNGSA,A,3,29,26,03,21,,,,,,,,,1.21,0.68,1.00,1*03
$GNGSA,A,3,79,78,85,68,,,,,,,,,1.21,0.68,1.00,2*0D
$GNGSA,A,3,,,,,,,,,,,,,1.21,0.68,1.00,3*0E
$GNGSA,A,3,08,04,09,05,,,,,,,,,1.21,0.68,1.00,4*09
$GPGSV,2,1,08,29,10,185,39.8,18,65,322,,15,38,048,,09,33,122,,1*77
$GPGSV,2,2,08,26,20,045,39.7,03,19,308,40.0,14,12,219,,21,83,133,39.8,1*7B
$GLGSV,1,1,04,79,61,056,38.4,78,10,028,40.3,85,10,275,39.4,68,07,114,39.8,1*77
$GAGSV,1,1,00,7*73
$GBGSV,1,1,04,08,56,184,39.4,04,27,125,38.8,09,24,193,39.3,05,15,249,39.5,1*72
$GNRMC,222849.000,A,3859.9988,N,11613.9807,E,0.01,296.96,280612,,,A,V*04
$GNVTG,296.96,T,,M,0.01,N,0.01,K,A*21
$GNZDA,222849.000,28,06,2012,,*42
$GNGGA,222850.000,3859.9988,N,11613.9807,E,1,12,0.68,-7.3,M,-6.8,M,,*4F
$PAIRACC,3.27,7.59*46
$GNGLL,3859.9988,N,11613.9807,E,222850.000,A,A*4D
$GNGSA,A,3,29,26,03,21,,,,,,,,,1.21,0.68,1.00,1*03
$GNGSA,A,3,79,78,85,68,,,,,,,,,1.21,0.68,1.00,2*0D
$GNGSA,A,3,,,,,,,,,,,,,1.21,0.68,1.00,3*0E
$GNGSA,A,3,08,04,09,05,,,,,,,,,1.21,0.68,1.00,4*09
$GPGSV,2,1,08,29,10,185,40.4,18,65,322,,15,38,048,,09,33,122,,1*75
$GPGSV,2,2,08,26,20,045,39.8,03,19,308,40.1,14,12,219,,21,83,133,39.9,1*74
$GLGSV,1,1,04,79,61,056,38.5,78,10,028,39.6,85,10,275,39.8,68,07,114,40.0,1*77
$GAGSV,1,1,00,7*73
$GBGSV,1,1,04,08,56,184,39.3,04,27,125,39.3,09,24,193,39.2,05,15,249,39.6,1*7D
$GNRMC,222850.000,A,3859.9988,N,11613.9807,E,0.01,299.51,280612,,,A,V*08
$GNVTG,299.51,T,,M,0.01,N,0.01,K,A*25
$GNZDA,222850.000,28,06,2012,,*4A
$GNGGA,222851.000,3859.9988,N,11613.9807,E,1,12,0.69,-7.3,M,-6.8,M,,*4F
$PAIRACC,3.24,7.58*44
$GNGLL,3859.9988,N,11613.9807,E,222851.000,A,A*4C
$GNGSA,A,3,29,26,03,21,,,,,,,,,1.21,0.69,1.00,1*02
$GNGSA,A,3,79,78,85,68,,,,,,,,,1.21,0.69,1.00,2*0C
$GNGSA,A,3,,,,,,,,,,,,,1.21,0.69,1.00,3*0F
$GNGSA,A,3,08,04,09,05,,,,,,,,,1.21,0.69,1.00,4*08
$GPGSV,2,1,08,29,10,185,39.9,18,65,322,,15,38,048,,09,34,121,,1*72
$GPGSV,2,2,08,26,20,045,39.9,03,19,308,39.6,14,12,219,,21,83,133,40.1,1*7A
$GLGSV,1,1,04,79,61,056,38.2,78,10,028,39.5,85,10,275,39.9,68,07,114,40.2,1*70
$GAGSV,1,1,00,7*73
$GBGSV,1,1,04,08,56,184,39.8,04,27,125,38.8,09,24,193,39.7,05,15,249,39.3,1*7C
$GNRMC,222851.000,A,3859.9988,N,11613.9807,E,0.01,298.87,280612,,,A,V*03
$GNVTG,298.87,T,,M,0.01,N,0.01,K,A*2F
$GNZDA,222851.000,28,06,2012,,*4B
$GNGGA,222852.000,3859.9987,N,11613.9807,E,1,12,0.68,-7.3,M,-6.8,M,,*42
$PAIRACC,3.24,7.56*4A
$GNGLL,3859.9987,N,11613.9807,E,222852.000,A,A*40
$GNGSA,A,3,29,26,03,21,,,,,,,,,1.21,0.68,1.00,1*03
$GNGSA,A,3,79,78,85,68,,,,,,,,,1.21,0.68,1.00,2*0D
$GNGSA,A,3,,,,,,,,,,,,,1.21,0.68,1.00,3*0E
$GNGSA,A,3,08,04,09,05,,,,,,,,,1.21,0.68,1.00,4*09
$GPGSV,2,1,08,29,10,185,39.9,18,65,322,,15,38,048,,09,34,121,,1*72
$GPGSV,2,2,08,26,20,045,40.2,03,19,308,40.1,14,12,219,,21,83,133,40.0,1*77
$GLGSV,1,1,04,79,61,056,38.9,78,10,028,39.9,85,10,275,39.8,68,07,114,39.8,1*72
$GAGSV,1,1,00,7*73
$GBGSV,1,1,04,08,56,184,39.6,04,27,125,38.9,09,24,193,39.3,05,15,249,39.4,1*70
$GNRMC,222852.000,A,3859.9987,N,11613.9807,E,0.01,297.20,280612,,,A,V*0D
$GNVTG,297.20,T,,M,0.01,N,0.01,K,A*2D
$GNZDA,222852.000,28,06,2012,,*48
$GNGGA,222853.000,3859.9987,N,11613.9807,E,1,12,0.68,-7.3,M,-6.8,M,,*43
$PAIRACC,3.24,7.57*4B
$GNGLL,3859.9987,N,11613.9807,E,222853.000,A,A*41
$GNGSA,A,3,29,26,03,21,,,,,,,,,1.21,0.68,1.00,1*03
$GNGSA,A,3,79,78,85,68,,,,,,,,,1.21,0.68,1.00,2*0D
$GNGSA,A,3,,,,,,,,,,,,,1.21,0.68,1.00,3*0E
$GNGSA,A,3,08,04,09,05,,,,,,,,,1.21,0.68,1.00,4*09
$GPGSV,2,1,08,29,10,185,40.0,18,65,322,,15,38,048,,09,34,121,,1*75
$GPGSV,2,2,08,26,20,045,40.0,03,19,308,39.8,14,12,219,,21,83,133,39.9,1*75
$GLGSV,1,1,04,79,61,056,37.4,78,10,028,40.0,85,10,275,39.9,68,07,114,40.2,1*72
$GAGSV,1,1,00,7*73
$GBGSV,1,1,04,08,56,184,39.8,04,27,125,39.4,09,24,193,39.5,05,15,249,39.3,1*73
$GNRMC,222853.000,A,3859.9987,N,11613.9807,E,0.01,302.76,280612,,,A,V*02
$GNVTG,302.76,T,,M,0.01,N,0.01,K,A*23
$GNZDA,222853.000,28,06,2012,,*49
$GNGGA,222854.000,3859.9987,N,11613.9807,E,1,12,0.68,-7.3,M,-6.8,M,,*44
$PAIRACC,3.22,7.51*4B
$GNGLL,3859.9987,N,11613.9807,E,222854.000,A,A*46
$GNGSA,A,3,29,26,03,21,,,,,,,,,1.21,0.68,1.00,1*03
$GNGSA,A,3,79,78,85,68,,,,,,,,,1.21,0.68,1.00,2*0D
$GNGSA,A,3,,,,,,,,,,,,,1.21,0.68,1.00,3*0E
$GNGSA,A,3,08,04,09,05,,,,,,,,,1.21,0.68,1.00,4*09
$GPGSV,2,1,08,29,10,185,39.9,18,65,322,,15,38,048,,09,34,121,,1*72
$GPGSV,2,2,08,26,20,045,39.8,03,19,308,39.8,14,12,219,,21,83,133,40.2,1*76
$GLGSV,1,1,04,79,61,056,39.0,78,10,028,39.7,85,10,275,40.2,68,07,114,40.0,1*76
$GAGSV,1,1,00,7*73
$GBGSV,1,1,04,08,56,184,39.3,04,27,125,39.0,09,24,193,39.5,05,15,249,39.5,1*7A
$GNRMC,222854.000,A,3859.9987,N,11613.9807,E,0.01,292.32,280612,,,A,V*0D
$GNVTG,292.32,T,,M,0.01,N,0.01,K,A*2B
$GNZDA,222854.000,28,06,2012,,*4E
$GNGGA,222855.000,3859.9987,N,11613.9807,E,1,12,0.68,-7.3,M,-6.8,M,,*45
$PAIRACC,3.25,7.61*4F
$GNGLL,3859.9987,N,11613.9807,E,222855.000,A,A*47
$GNGSA,A,3,29,26,03,21,,,,,,,,,1.21,0.68,1.00,1*03
$GNGSA,A,3,79,78,85,68,,,,,,,,,1.21,0.68,1.00,2*0D
$GNGSA,A,3,,,,,,,,,,,,,1.21,0.68,1.00,3*0E
$GNGSA,A,3,08,04,09,05,,,,,,,,,1.21,0.68,1.00,4*09
$GPGSV,2,1,08,29,10,185,39.9,18,65,322,,15,38,048,,09,34,121,,1*72
$GPGSV,2,2,08,26,20,045,39.8,03,19,308,40.2,14,12,219,,21,83,133,39.8,1*76
$GLGSV,1,1,04,79,61,056,37.8,78,10,028,39.8,85,10,275,40.0,68,07,114,39.5,1*76
$GAGSV,1,1,00,7*73
$GBGSV,1,1,04,08,56,184,39.5,04,27,125,39.1,09,24,193,39.3,05,15,249,39.5,1*7B
$GNRMC,222855.000,A,3859.9987,N,11613.9807,E,0.01,296.11,280612,,,A,V*09
$GNVTG,296.11,T,,M,0.01,N,0.01,K,A*2E
$GNZDA,222855.000,28,06,2012,,*4F
$GNGGA,222856.000,3859.9987,N,11613.9807,E,1,12,0.68,-7.3,M,-6.8,M,,*46
$PAIRACC,3.26,7.58*46
$GNGLL,3859.9987,N,11613.9807,E,222856.000,A,A*44
$GNGSA,A,3,29,26,03,21,,,,,,,,,1.21,0.68,1.00,1*03
$GNGSA,A,3,79,78,85,68,,,,,,,,,1.21,0.68,1.00,2*0D
$GNGSA,A,3,,,,,,,,,,,,,1.21,0.68,1.00,3*0E
$GNGSA,A,3,08,04,09,05,,,,,,,,,1.21,0.68,1.00,4*09
$GPGSV,2,1,08,29,10,185,40.1,18,65,322,,15,38,048,,09,34,121,,1*74
$GPGSV,2,2,08,26,20,045,40.0,03,19,308,39.9,14,13,220,,21,83,133,40.0,1*78
$GLGSV,1,1,04,79,61,056,38.8,78,10,028,40.0,85,10,275,40.1,68,07,114,39.9,1*72
$GAGSV,1,1,00,7*73
$GBGSV,1,1,04,08,56,184,39.4,04,27,125,39.4,09,24,193,39.8,05,15,249,39.4,1*75
$GNRMC,222856.000,A,3859.9987,N,11613.9807,E,0.01,295.13,280612,,,A,V*0B
$GNVTG,295.13,T,,M,0.01,N,0.01,K,A*2F
$GNZDA,222856.000,28,06,2012,,*4C
$GNGGA,222857.000,3859.9987,N,11613.9807,E,1,12,0.68,-7.4,M,-6.8,M,,*40
$PAIRACC,3.25,7.60*4E
$GNGLL,3859.9987,N,11613.9807,E,222857.000,A,A*45
$GNGSA,A,3,29,26,03,21,,,,,,,,,1.21,0.68,1.00,1*03
$GNGSA,A,3,79,78,85,68,,,,,,,,,1.21,0.68,1.00,2*0D
$GNGSA,A,3,,,,,,,,,,,,,1.21,0.68,1.00,3*0E
$GNGSA,A,3,08,04,09,05,,,,,,,,,1.21,0.68,1.00,4*09
$GPGSV,2,1,08,29,10,185,39.9,18,65,322,,15,37,047,,09,34,121,,1*72
$GPGSV,2,2,08,26,20,045,39.9,03,19,308,40.0,14,13,220,,21,83,133,40.1,1*79
$GLGSV,1,1,04,79,61,056,37.6,78,10,028,40.1,85,10,275,39.9,68,07,114,39.4,1*79
$GAGSV,1,1,00,7*73
$GBGSV,1,1,04,08,56,184,39.6,04,27,125,39.0,09,24,193,39.7,05,15,249,39.5,1*7D
$GNRMC,222857.000,A,3859.9987,N,11613.9807,E,0.01,300.01,280612,,,A,V*04
$GNVTG,300.01,T,,M,0.01,N,0.01,K,A*21
$GNZDA,222857.000,28,06,2012,,*4D
$GNGGA,222858.000,3859.9987,N,11613.9807,E,1,12,0.69,-7.4,M,-6.8,M,,*4E
$PAIRACC,3.22,7.52*48
$GNGLL,3859.9987,N,11613.9807,E,222858.000,A,A*4A
$GNGSA,A,3,29,26,03,21,,,,,,,,,1.21,0.69,1.00,1*02
$GNGSA,A,3,79,78,85,68,,,,,,,,,1.21,0.69,1.00,2*0C
$GNGSA,A,3,,,,,,,,,,,,,1.21,0.69,1.00,3*0F
$GNGSA,A,3,08,04,09,05,,,,,,,,,1.21,0.69,1.00,4*08
$GPGSV,2,1,08,29,10,185,40.0,18,65,322,,15,37,047,,09,34,121,,1*75
$GPGSV,2,2,08,26,20,045,39.8,03,19,308,40.0,14,13,220,,21,83,133,39.8,1*7F
$GLGSV,1,1,04,79,61,056,38.6,78,10,028,39.9,85,10,275,39.5,68,07,114,40.1,1*77
$GAGSV,1,1,00,7*73
$GBGSV,1,1,04,08,56,184,39.5,04,27,125,39.3,09,24,193,39.5,05,15,249,39.5,1*7F
$GNRMC,222858.000,A,3859.9987,N,11613.9807,E,0.01,307.49,280612,,,A,V*00
$GNVTG,307.49,T,,M,0.01,N,0.01,K,A*2A
$GNZDA,222858.000,28,06,2012,,*42
$GNGGA,222859.000,3859.9987,N,11613.9807,E,1,12,0.68,-7.4,M,-6.8,M,,*4E
$PAIRACC,3.25,7.60*4E
$GNGLL,3859.9987,N,11613.9807,E,222859.000,A,A*4B
$GNGSA,A,3,29,26,03,21,,,,,,,,,1.21,0.68,1.00,1*03
$GNGSA,A,3,79,78,85,68,,,,,,,,,1.21,0.68,1.00,2*0D
$GNGSA,A,3,,,,,,,,,,,,,1.21,0.68,1.00,3*0E
$GNGSA,A,3,08,04,09,05,,,,,,,,,1.21,0.68,1.00,4*09
$GPGSV,2,1,08,29,10,185,39.9,18,65,322,,15,37,047,,09,34,121,,1*72
$GPGSV,2,2,08,26,20,045,39.9,03,19,308,40.3,14,13,220,,21,83,133,40.0,1*7B
$GLGSV,1,1,04,79,61,056,38.5,78,10,028,40.3,85,10,275,39.9,68,07,114,39.8,1*7B
$GAGSV,1,1,00,7*73
$GBGSV,1,1,04,08,56,184,39.5,04,27,125,39.6,09,24,193,39.8,05,15,249,39.5,1*77
$GNRMC,222859.000,A,3859.9987,N,11613.9807,E,0.01,307.51,280612,,,A,V*08
$GNVTG,307.51,T,,M,0.01,N,0.01,K,A*23
$GNZDA,222859.000,28,06,2012,,*43
$GNGGA,222900.000,3859.9987,N,11613.9807,E,1,12,0.68,-7.4,M,-6.8,M,,*43
$PAIRACC,3.22,7.51*4B
$GNGLL,3859.9987,N,11613.9807,E,222900.000,A,A*46
$GNGSA,A,3,29,26,03,21,,,,,,,,,1.21,0.68,1.00,1*03
$GNGSA,A,3,79,78,85,68,,,,,,,,,1.21,0.68,1.00,2*0D
$GNGSA,A,3,,,,,,,,,,,,,1.21,0.68,1.00,3*0E
$GNGSA,A,3,08,04,09,05,,,,,,,,,1.21,0.68,1.00,4*09
$GPGSV,2,1,08,29,10,185,39.8,18,65,322,,15,37,047,,09,34,121,,1*73
$GPGSV,2,2,08,26,20,045,40.0,03,19,308,40.0,14,13,220,,21,83,133,40.0,1*7F
$GLGSV,1,1,04,79,61,056,39.3,78,10,028,40.1,85,10,275,40.0,68,07,114,39.7,1*76
$GAGSV,1,1,00,7*73
$GBGSV,1,1,04,08,56,184,39.6,04,27,125,39.0,09,24,193,39.8,05,15,249,39.3,1*74
$GNRMC,222900.000,A,3859.9987,N,11613.9807,E,0.01,310.82,280612,,,A,V*0D
$GNVTG,310.82,T,,M,0.01,N,0.01,K,A*2B
$GNZDA,222900.000,28,06,2012,,*4E
$GNGGA,222901.000,3859.9987,N,11613.9807,E,1,12,0.69,-7.4,M,-6.8,M,,*43
$PAIRACC,3.26,7.72*4E
$GNGLL,3859.9987,N,11613.9807,E,222901.000,A,A*47
$GNGSA,A,3,29,26,03,21,,,,,,,,,1.21,0.69,1.00,1*02
$GNGSA,A,3,79,78,85,68,,,,,,,,,1.21,0.69,1.00,2*0C
$GNGSA,A,3,,,,,,,,,,,,,1.21,0.69,1.00,3*0F
$GNGSA,A,3,08,04,09,05,,,,,,,,,1.21,0.69,1.00,4*08
$GPGSV,2,1,08,29,10,185,39.6,18,65,322,,15,37,047,,09,34,121,,1*7D
$GPGSV,2,2,08,26,20,045,39.8,03,19,308,40.1,14,13,220,,21,83,133,39.8,1*7E
$GLGSV,1,1,04,79,61,056,38.3,78,10,028,39.8,85,10,275,40.2,68,07,114,40.2,1*79
$GAGSV,1,1,00,7*73
$GBGSV,1,1,04,08,56,184,39.1,04,27,125,39.1,09,24,193,39.8,05,15,249,39.6,1*77
$GNRMC,222901.000,A,3859.9987,N,11613.9807,E,0.01,316.59,280612,,,A,V*0C
$GNVTG,316.59,T,,M,0.01,N,0.01,K,A*2B
$GNZDA,222901.000,28,06,2012,,*4F
$GNGGA,222902.000,3859.9987,N,11613.9807,E,1,12,0.68,-7.4,M,-6.8,M,,*41
$PAIRACC,3.25,7.54*49
$GNGLL,3859.9987,N,11613.9807,E,222902.000,A,A*44
$GNGSA,A,3,29,26,03,21,,,,,,,,,1.21,0.68,1.00,1*03
$GNGSA,A,3,79,78,85,68,,,,,,,,,1.21,0.68,1.00,2*0D
$GNGSA,A,3,,,,,,,,,,,,,1.21,0.68,1.00,3*0E
$GNGSA,A,3,08,04,09,05,,,,,,,,,1.21,0.68,1.00,4*09
$GPGSV,2,1,08,29,10,185,40.1,18,65,322,,15,37,047,,09,34,121,,1*74
$GPGSV,2,2,08,26,20,045,40.0,03,19,308,39.3,14,13,220,,21,83,133,40.2,1*70
$GLGSV,1,1,04,79,61,056,39.0,78,10,028,40.2,85,10,275,40.2,68,07,114,40.1,1*7C
$GAGSV,1,1,00,7*73
$GBGSV,1,1,04,08,56,184,39.5,04,27,125,39.3,09,24,193,38.9,05,15,249,39.0,1*77
$GNRMC,222902.000,A,3859.9987,N,11613.9807,E,0.01,310.19,280612,,,A,V*0D
$GNVTG,310.19,T,,M,0.01,N,0.01,K,A*29
$GNZDA,222902.000,28,06,2012,,*4C
$GNGGA,222903.000,3859.9987,N,11613.9807,E,1,12,0.68,-7.4,M,-6.8,M,,*40
$PAIRACC,3.25,7.61*4F
$GNGLL,3859.9987,N,11613.9807,E,222903.000,A,A*45
$GNGSA,A,3,29,26,03,21,,,,,,,,,1.21,0.68,1.00,1*03
$GNGSA,A,3,79,78,85,68,,,,,,,,,1.21,0.68,1.00,2*0D
$GNGSA,A,3,,,,,,,,,,,,,1.21,0.68,1.00,3*0E
$GNGSA,A,3,08,04,09,05,,,,,,,,,1.21,0.68,1.00,4*09
$GPGSV,2,1,08,29,10,185,39.8,18,65,322,,15,37,047,,09,34,121,,1*73
$GPGSV,2,2,08,26,20,045,40.3,03,19,308,39.8,14,13,220,,21,81,136,40.0,1*7D
$GLGSV,1,1,04,79,61,056,38.5,78,10,028,39.7,85,10,275,40.0,68,07,114,40.0,1*70
$GAGSV,1,1,00,7*73
$GBGSV,1,1,04,08,56,184,39.4,04,27,125,38.7,09,24,193,38.9,05,15,249,39.3,1*70
$GNRMC,222903.000,A,3859.9987,N,11613.9807,E,0.01,300.02,280612,,,A,V*07
$GNVTG,300.02,T,,M,0.01,N,0.01,K,A*22
$GNZDA,222903.000,28,06,2012,,*4D
$GNGGA,222904.000,3859.9987,N,11613.9807,E,1,12,0.68,-7.4,M,-6.8,M,,*47
$PAIRACC,3.22,7.50*4A
$GNGLL,3859.9987,N,11613.9807,E,222904.000,A,A*42
$GNGSA,A,3,29,26,03,21,,,,,,,,,1.21,0.68,1.00,1*03
$GNGSA,A,3,79,78,85,68,,,,,,,,,1.21,0.68,1.00,2*0D
$GNGSA,A,3,,,,,,,,,,,,,1.21,0.68,1.00,3*0E
$GNGSA,A,3,08,04,09,05,,,,,,,,,1.21,0.68,1.00,4*09
$GPGSV,2,1,08,29,10,185,40.0,18,65,322,,15,37,047,,09,34,121,,1*75
$GPGSV,2,2,08,26,20,045,39.8,03,19,308,39.7,14,13,220,,21,81,136,40.0,1*77
$GLGSV,1,1,04,79,61,056,39.3,78,10,028,40.1,85,10,275,39.9,68,07,114,39.9,1*7F
$GAGSV,1,1,00,7*73
$GBGSV,1,1,04,08,56,184,39.7,04,27,125,39.2,09,24,193,39.4,05,15,249,39.1,1*79
$GNRMC,222904.000,A,3859.9987,N,11613.9807,E,0.01,315.52,280612,,,A,V*01
$GNVTG,315.52,T,,M,0.01,N,0.01,K,A*23
$GNZDA,222904.000,28,06,2012,,*4A
$GNGGA,222905.000,3859.9987,N,11613.9806,E,1,12,0.68,-7.4,M,-6.8,M,,*47
$PAIRACC,3.25,7.64*4A
$GNGLL,3859.9987,N,11613.9806,E,222905.000,A,A*42
$GNGSA,A,3,29,26,03,21,,,,,,,,,1.21,0.68,1.00,1*03
$GNGSA,A,3,79,85,78,68,,,,,,,,,1.21,0.68,1.00,2*0D
$GNGSA,A,3,,,,,,,,,,,,,1.21,0.68,1.00,3*0E
$GNGSA,A,3,08,04,09,05,,,,,,,,,1.21,0.68,1.00,4*09
$GPGSV,2,1,08,29,10,185,39.9,18,65,322,,15,37,047,,09,34,121,,1*72
$GPGSV,2,2,08,26,20,045,39.7,03,19,308,39.8,14,13,220,,21,81,136,39.6,1*7F
$GLGSV,1,1,04,79,61,056,38.1,85,10,275,40.0,78,10,028,39.9,68,07,114,39.6,1*72
$GAGSV,1,1,00,7*73
$GBGSV,2,1,05,08,56,184,39.5,06,49,178,,04,27,125,39.3,09,24,193,39.6,1*64
$GBGSV,2,2,05,05,15,249,39.4,1*5D
$GNRMC,222905.000,A,3859.9987,N,11613.9806,E,0.01,303.64,280612,,,A,V*03
$GNVTG,303.64,T,,M,0.01,N,0.01,K,A*21
$GNZDA,222905.000,28,06,2012,,*4B
$GNGGA,222906.000,3859.9987,N,11613.9806,E,1,12,0.68,-7.4,M,-6.8,M,,*44
$PAIRACC,3.22,7.50*4A
$GNGLL,3859.9987,N,11613.9806,E,222906.000,A,A*41
$GNGSA,A,3,29,26,03,21,,,,,,,,,1.21,0.68,1.00,1*03
$GNGSA,A,3,79,85,78,68,,,,,,,,,1.21,0.68,1.00,2*0D
$GNGSA,A,3,,,,,,,,,,,,,1.21,0.68,1.00,3*0E
$GNGSA,A,3,08,04,09,05,,,,,,,,,1.21,0.68,1.00,4*09
$GPGSV,2,1,08,29,10,185,39.8,18,65,322,,15,37,047,,09,34,121,,1*73
$GPGSV,2,2,08,26,20,045,39.9,03,19,308,40.2,14,13,220,,21,81,136,40.1,1*7C
$GLGSV,1,1,04,79,61,056,39.0,85,10,275,39.7,78,10,028,39.8,68,07,114,39.8,1*74
$GAGSV,1,1,00,7*73
$GBGSV,2,1,05,08,56,184,39.5,06,49,178,,04,27,125,38.9,09,24,193,39.2,1*6B
$GBGSV,2,2,05,05,15,249,39.6,1*5F
$GNRMC,222906.000,A,3859.9987,N,11613.9806,E,0.01,306.46,280612,,,A,V*05
$GNVTG,306.46,T,,M,0.01,N,0.01,K,A*24
$GNZDA,222906.000,28,06,2012,,*48
$GNGGA,222907.000,3859.9987,N,11613.9806,E,1,12,0.68,-7.3,M,-6.8,M,,*42
$PAIRACC,3.25,7.58*45
$GNGLL,3859.9987,N,11613.9806,E,222907.000,A,A*40
$GNGSA,A,3,29,21,26,03,,,,,,,,,1.20,0.68,0.99,1*03
$GNGSA,A,3,79,85,78,68,,,,,,,,,1.20,0.68,0.99,2*0D
$GNGSA,A,3,,,,,,,,,,,,,1.20,0.68,0.99,3*0E
$GNGSA,A,3,08,04,09,05,,,,,,,,,1.20,0.68,0.99,4*09
$GPGSV,2,1,08,29,10,185,39.7,15,37,047,,21,81,136,40.2,09,34,121,,1*63
$GPGSV,2,2,08,26,20,045,39.8,03,19,308,39.8,14,13,220,,18,65,322,,1*65
$GLGSV,2,1,07,65,12,311,,79,61,056,38.3,70,46,332,,85,10,275,40.0,1*72
$GLGSV,2,2,07,78,10,028,39.7,86,09,324,,68,07,114,40.0,1*4D
$GAGSV,1,1,00,7*73
$GBGSV,2,1,05,08,56,184,39.5,06,49,178,,04,27,125,38.8,09,24,193,39.5,1*6D
$GBGSV,2,2,05,05,15,249,39.3,1*5A
$GNRMC,222907.000,A,3859.9987,N,11613.9806,E,0.01,318.57,280612,,,A,V*0B
$GNVTG,318.57,T,,M,0.01,N,0.01,K,A*2B
$GNZDA,222907.000,28,06,2012,,*49
$GNGGA,222908.000,3859.9987,N,11613.9806,E,1,12,0.68,-7.3,M,-6.8,M,,*4D
$PAIRACC,3.22,7.50*4A
$GNGLL,3859.9987,N,11613.9806,E,222908.000,A,A*4F
$GNGSA,A,3,29,03,26,21,,,,,,,,,1.21,0.68,1.00,1*03
$GNGSA,A,3,79,85,78,68,,,,,,,,,1.21,0.68,1.00,2*0D
$GNGSA,A,3,,,,,,,,,,,,,1.21,0.68,1.00,3*0E
$GNGSA,A,3,08,04,09,05,,,,,,,,,1.21,0.68,1.00,4*09
$GPGSV,2,1,08,29,10,185,40.0,18,65,322,,15,37,047,,09,34,121,,1*75
$GPGSV,2,2,08,03,19,308,39.6,26,18,045,39.8,14,13,220,,21,81,136,40.0,1*7D
$GLGSV,1,1,04,79,61,056,38.9,85,10,275,39.8,78,10,028,39.9,68,07,114,39.9,1*73
$GAGSV,1,1,00,7*73
$GBGSV,2,1,05,08,56,184,39.9,06,49,178,,04,27,125,39.2,09,24,193,39.6,1*69
$GBGSV,2,2,05,05,15,249,39.2,1*5B
$GNRMC,222908.000,A,3859.9987,N,11613.9806,E,0.01,319.19,280612,,,A,V*0F
$GNVTG,319.19,T,,M,0.01,N,0.01,K,A*20
$GNZDA,222908.000,28,06,2012,,*46
$GNGGA,222909.000,3859.9987,N,11613.9806,E,1,12,0.68,-7.3,M,-6.8,M,,*4C
$PAIRACC,3.23,7.55*4E
$GNGLL,3859.9987,N,11613.9806,E,222909.000,A,A*4E
$GNGSA,A,3,29,03,26,21,,,,,,,,,1.20,0.68,0.99,1*03
$GNGSA,A,3,79,85,78,68,,,,,,,,,1.20,0.68,0.99,2*0D
$GNGSA,A,3,,,,,,,,,,,,,1.20,0.68,0.99,3*0E
$GNGSA,A,3,08,04,09,05,,,,,,,,,1.20,0.68,0.99,4*09
$GPGSV,2,1,08,29,10,185,39.8,18,65,322,,15,37,047,,09,34,121,,1*73
$GPGSV,2,2,08,03,19,308,40.1,26,18,045,39.9,14,13,220,,21,81,136,40.1,1*74
$GLGSV,1,1,04,79,61,056,38.0,85,10,275,40.1,78,10,028,40.1,68,07,114,40.0,1*7C
$GAGSV,1,1,00,7*73
$GBGSV,2,1,05,08,56,184,39.4,06,49,178,,04,27,125,38.8,09,24,193,39.9,1*60
$GBGSV,2,2,05,05,15,249,39.2,1*5B
$GNRMC,222909.000,A,3859.9987,N,11613.9806,E,0.01,307.33,280612,,,A,V*09
$GNVTG,307.33,T,,M,0.01,N,0.01,K,A*27
$GNZDA,222909.000,28,06,2012,,*47
$GNGGA,222910.000,3859.9987,N,11613.9806,E,1,12,0.69,-7.3,M,-6.8,M,,*45
$PAIRACC,3.29,7.59*48
$GNGLL,3859.9987,N,11613.9806,E,222910.000,A,A*46
$GNGSA,A,3,29,21,03,26,,,,,,,,,1.21,0.69,1.00,1*02
$GNGSA,A,3,85,79,78,68,,,,,,,,,1.21,0.69,1.00,2*0C
$GNGSA,A,3,,,,,,,,,,,,,1.21,0.69,1.00,3*0F
$GNGSA,A,3,08,04,09,05,,,,,,,,,1.21,0.69,1.00,4*08
$GPGSV,2,1,08,29,10,185,40.0,21,81,136,39.7,15,37,047,,09,34,121,,1*61
$GPGSV,2,2,08,03,19,308,39.6,26,18,045,40.2,14,13,220,,18,65,322,,1*64
$GLGSV,1,1,04,85,10,275,39.7,79,61,056,38.7,78,10,028,40.3,68,07,114,39.4,1*7B
$GAGSV,1,1,00,7*73
$GBGSV,2,1,06,08,56,184,39.4,06,49,178,,04,27,125,39.0,09,24,193,39.5,1*66
$GBGSV,2,2,06,05,15,249,39.6,10,04,212,,1*68
$GNRMC,222910.000,A,3859.9987,N,11613.9806,E,0.01,301.55,280612,,,A,V*07
$GNVTG,301.55,T,,M,0.01,N,0.01,K,A*21
$GNZDA,222910.000,28,06,2012,,*4F
$GNGGA,222911.000,3859.9987,N,11613.9806,E,1,12,0.68,-7.3,M,-6.8,M,,*45
$PAIRACC,3.23,7.54*4F
$GNGLL,3859.9987,N,11613.9806,E,222911.000,A,A*47
$GNGSA,A,3,29,21,03,26,,,,,,,,,1.20,0.68,0.99,1*03
$GNGSA,A,3,85,79,78,68,,,,,,,,,1.20,0.68,0.99,2*0D
$GNGSA,A,3,,,,,,,,,,,,,1.20,0.68,0.99,3*0E
$GNGSA,A,3,04,09,05,08,,,,,,,,,1.20,0.68,0.99,4*09
$GPGSV,2,1,08,29,09,184,39.9,15,37,047,,21,81,136,40.0,09,34,121,,1*66
$GPGSV,2,2,08,03,19,308,39.7,26,18,045,40.1,14,13,220,,18,65,322,,1*66
$GLGSV,2,1,05,85,10,275,39.4,79,61,056,37.8,78,10,028,40.1,68,07,114,40.1,1*73
$GLGSV,2,2,05,73,03,198,,1*4A
$GAGSV,1,1,00,7*73
$GBGSV,2,1,08,10,04,212,,06,49,178,,03,44,191,,01,38,147,,1*7E
$GBGSV,2,2,08,04,27,125,39.3,09,24,193,39.8,05,15,249,39.0,08,56,184,39.4,1*7A
$GNRMC,222911.000,A,3859.9987,N,11613.9806,E,0.01,307.82,280612,,,A,V*0A
$GNVTG,307.82,T,,M,0.01,N,0.01,K,A*2D
$GNZDA,222911.000,28,06,2012,,*4E
$GNGGA,222912.000,3859.9987,N,11613.9806,E,1,12,0.68,-7.3,M,-6.8,M,,*46
$PAIRACC,3.30,7.89*4D
$GNGLL,3859.9987,N,11613.9806,E,222912.000,A,A*44
$GNGSA,A,3,29,21,03,26,,,,,,,,,1.20,0.68,0.99,1*03
$GNGSA,A,3,78,79,85,68,,,,,,,,,1.20,0.68,0.99,2*0D
$GNGSA,A,3,,,,,,,,,,,,,1.20,0.68,0.99,3*0E
$GNGSA,A,3,04,08,09,05,,,,,,,,,1.20,0.68,0.99,4*09
$GPGSV,2,1,08,29,09,184,40.0,21,81,136,40.3,15,37,047,,09,34,121,,1*62
$GPGSV,2,2,08,03,19,308,39.5,26,18,045,39.8,14,13,220,,18,65,322,,1*63
$GLGSV,1,1,04,78,10,028,39.9,79,61,056,39.3,85,10,275,39.6,68,07,114,39.7,1*78
$GAGSV,1,1,00,7*73
$GBGSV,2,1,07,04,27,125,38.9,03,44,191,,02,30,229,,08,56,184,39.7,1*7E
$GBGSV,2,2,07,09,24,193,39.2,05,15,249,39.2,10,04,212,,1*4F
$GNRMC,222912.000,A,3859.9987,N,11613.9806,E,0.01,312.76,280612,,,A,V*06
$GNVTG,312.76,T,,M,0.01,N,0.01,K,A*22
$GNZDA,222912.000,28,06,2012,,*4D
$GNGGA,222913.000,3859.9987,N,11613.9806,E,1,12,0.68,-7.3,M,-6.8,M,,*47
$PAIRACC,3.24,7.61*4E
$GNGLL,3859.9987,N,11613.9806,E,222913.000,A,A*45
$GNGSA,A,3,29,21,03,26,,,,,,,,,1.20,0.68,0.99,1*03
$GNGSA,A,3,78,79,85,68,,,,,,,,,1.20,0.68,0.99,2*0D
$GNGSA,A,3,,,,,,,,,,,,,1.20,0.68,0.99,3*0E
$GNGSA,A,3,04,08,09,05,,,,,,,,,1.20,0.68,0.99,4*09
$GPGSV,2,1,08,29,09,184,39.9,21,81,136,39.9,15,37,047,,09,34,121,,1*61
$GPGSV,2,2,08,03,19,308,39.7,26,18,045,39.7,14,13,220,,18,65,322,,1*6E
$GLGSV,1,1,04,78,10,028,40.0,79,61,056,38.2,85,10,275,39.6,68,07,114,39.8,1*70
$GAGSV,1,1,00,7*73
$GBGSV,2,1,07,04,27,125,39.0,03,44,191,,02,30,229,,08,56,184,39.3,1*72
$GBGSV,2,2,07,09,24,193,39.2,05,15,249,39.3,10,04,212,,1*4E
$GNRMC,222913.000,A,3859.9987,N,11613.9806,E,0.01,289.80,280612,,,A,V*0D
$GNVTG,289.80,T,,M,0.01,N,0.01,K,A*28
$GNZDA,222913.000,28,06,2012,,*4C
$GNGGA,222914.000,3859.9987,N,11613.9806,E,1,12,0.68,-7.3,M,-6.8,M,,*40
$PAIRACC,3.30,7.91*44
$GNGLL,3859.9987,N,11613.9806,E,222914.000,A,A*42
$GNGSA,A,3,29,21,03,26,,,,,,,,,1.21,0.68,1.00,1*03
$GNGSA,A,3,78,79,85,68,,,,,,,,,1.21,0.68,1.00,2*0D
$GNGSA,A,3,,,,,,,,,,,,,1.21,0.68,1.00,3*0E
$GNGSA,A,3,08,04,09,05,,,,,,,,,1.21,0.68,1.00,4*09
$GPGSV,2,1,08,29,09,184,39.7,21,81,136,40.0,15,37,047,,09,34,121,,1*68
$GPGSV,2,2,08,03,19,308,39.9,26,18,045,39.9,14,13,220,,18,65,322,,1*6E
$GLGSV,1,1,04,78,10,028,40.0,79,61,056,39.0,85,10,275,39.4,68,07,114,39.7,1*7E
$GAGSV,1,1,00,7*73
$GBGSV,2,1,06,08,56,184,39.5,02,30,229,,04,27,125,39.3,09,24,193,39.6,1*6A
$GBGSV,2,2,06,05,15,249,39.5,10,04,212,,1*6B
$GNRMC,222914.000,A,3859.9987,N,11613.9806,E,0.01,289.87,280612,,,A,V*0D
$GNVTG,289.87,T,,M,0.01,N,0.01,K,A*2F
$GNZDA,222914.000,28,06,2012,,*4B
$GNGGA,222915.000,3859.9987,N,11613.9806,E,1,12,0.69,-7.3,M,-6.8,M,,*40
$PAIRACC,3.33,7.64*4D
$GNGLL,3859.9987,N,11613.9806,E,222915.000,A,A*43
$GNGSA,A,3,29,03,26,21,,,,,,,,,1.20,0.69,0.99,1*02
$GNGSA,A,3,79,78,85,68,,,,,,,,,1.20,0.69,0.99,2*0C
$GNGSA,A,3,,,,,,,,,,,,,1.20,0.69,0.99,3*0F
$GNGSA,A,3,08,04,09,05,,,,,,,,,1.20,0.69,0.99,4*08
$GPGSV,2,1,08,29,09,184,40.2,18,65,322,,15,37,047,,09,34,121,,1*7E
$GPGSV,2,2,08,03,19,308,40.0,26,18,045,39.7,14,13,220,,21,81,136,39.8,1*7C
$GLGSV,1,1,04,79,61,056,38.5,78,10,028,40.3,85,10,275,40.1,68,07,114,40.1,1*7A
$GAGSV,1,1,00,7*73
$GBGSV,2,1,05,08,56,184,39.9,04,27,125,38.8,09,24,193,39.6,05,15,249,39.1,1*7C
$GBGSV,2,2,05,10,04,212,,1*47
$GNRMC,222915.000,A,3859.9987,N,11613.9806,E,0.01,296.97,280612,,,A,V*03
$GNVTG,296.97,T,,M,0.01,N,0.01,K,A*20
$GNZDA,222915.000,28,06,2012,,*4A
$GNGGA,222916.000,3859.9987,N,11613.9806,E,1,12,0.69,-7.3,M,-6.8,M,,*43
$PAIRACC,3.29,7.59*48
$GNGLL,3859.9987,N,11613.9806,E,222916.000,A,A*40
$GNGSA,A,3,29,03,26,21,,,,,,,,,1.20,0.69,0.99,1*02
$GNGSA,A,3,79,78,85,68,,,,,,,,,1.20,0.69,0.99,2*0C
$GNGSA,A,3,,,,,,,,,,,,,1.20,0.69,0.99,3*0F
$GNGSA,A,3,08,04,09,05,,,,,,,,,1.20,0.69,0.99,4*08
$GPGSV,2,1,08,29,09,184,40.0,18,65,322,,15,37,047,,09,34,121,,1*7C
$GPGSV,2,2,08,03,19,308,39.9,26,18,045,39.9,14,13,220,,21,81,136,39.8,1*75
$GLGSV,1,1,04,79,61,056,39.4,78,10,028,40.2,85,10,275,40.0,68,07,114,39.9,1*7C
$GAGSV,1,1,00,7*73
$GBGSV,2,1,05,08,56,184,39.6,04,27,125,38.8,09,24,193,39.8,05,15,249,39.2,1*7E
$GBGSV,2,2,05,10,04,212,,1*47
$GNRMC,222916.000,A,3859.9987,N,11613.9806,E,0.01,310.51,280612,,,A,V*05
$GNVTG,310.51,T,,M,0.01,N,0.01,K,A*25
$GNZDA,222916.000,28,06,2012,,*49
$GNGGA,222917.000,3859.9987,N,11613.9806,E,1,12,0.68,-7.3,M,-6.8,M,,*43
$PAIRACC,3.34,7.96*47
$GNGLL,3859.9987,N,11613.9806,E,222917.000,A,A*41
$GNGSA,A,3,29,03,26,21,,,,,,,,,1.20,0.68,0.99,1*03
$GNGSA,A,3,79,78,85,68,,,,,,,,,1.20,0.68,0.99,2*0D
$GNGSA,A,3,,,,,,,,,,,,,1.20,0.68,0.99,3*0E
$GNGSA,A,3,08,04,09,05,,,,,,,,,1.20,0.68,0.99,4*09
$GPGSV,2,1,08,29,09,184,39.8,18,65,322,,15,37,047,,09,34,121,,1*7A
$GPGSV,2,2,08,03,19,308,40.0,26,18,045,40.1,14,13,220,,21,81,136,40.1,1*73
$GLGSV,1,1,04,79,61,056,38.4,78,10,028,40.0,85,10,275,40.0,68,07,114,39.8,1*7E
$GAGSV,1,1,00,7*73
$GBGSV,1,1,04,08,56,184,39.6,04,27,125,39.3,09,24,193,39.2,05,15,249,39.3,1*7D
$GNRMC,222917.000,A,3859.9987,N,11613.9806,E,0.01,300.29,280612,,,A,V*0A
$GNVTG,300.29,T,,M,0.01,N,0.01,K,A*2B
$GNZDA,222917.000,28,06,2012,,*48
$GNGGA,222918.000,3859.9987,N,11613.9806,E,1,12,0.68,-7.3,M,-6.8,M,,*4C
$PAIRACC,3.29,7.60*42
$GNGLL,3859.9987,N,11613.9806,E,222918.000,A,A*4E
$GNGSA,A,3,29,03,26,21,,,,,,,,,1.20,0.68,0.99,1*03
$GNGSA,A,3,79,78,85,68,,,,,,,,,1.20,0.68,0.99,2*0D
$GNGSA,A,3,,,,,,,,,,,,,1.20,0.68,0.99,3*0E
$GNGSA,A,3,08,04,09,05,,,,,,,,,1.20,0.68,0.99,4*09
$GPGSV,2,1,08,29,09,184,39.9,18,65,322,,15,37,047,,09,34,121,,1*7B
$GPGSV,2,2,08,03,19,308,40.0,26,18,045,40.0,14,13,220,,21,81,136,39.9,1*74
$GLGSV,1,1,04,79,61,056,39.2,78,10,028,40.1,85,10,275,39.7,68,07,114,40.5,1*72
$GAGSV,1,1,00,7*73
$GBGSV,1,1,04,08,56,184,39.2,04,27,125,38.5,09,24,193,39.3,05,15,249,39.4,1*78
$GNRMC,222918.000,A,3859.9987,N,11613.9806,E,0.01,307.58,280612,,,A,V*04
$GNVTG,307.58,T,,M,0.01,N,0.01,K,A*2A
$GNZDA,222918.000,28,06,2012,,*47
$GNGGA,222919.000,3859.9987,N,11613.9806,E,1,12,0.68,-7.3,M,-6.8,M,,*4D
$PAIRACC,3.34,7.96*47
$GNGLL,3859.9987,N,11613.9806,E,222919.000,A,A*4F
$GNGSA,A,3,29,03,26,21,,,,,,,,,1.20,0.68,0.99,1*03
$GNGSA,A,3,79,78,85,68,,,,,,,,,1.20,0.68,0.99,2*0D
$GNGSA,A,3,,,,,,,,,,,,,1.20,0.68,0.99,3*0E
$GNGSA,A,3,08,04,09,05,,,,,,,,,1.20,0.68,0.99,4*09
$GPGSV,2,1,08,29,09,184,39.8,18,65,322,,15,37,047,,09,34,121,,1*7A
$GPGSV,2,2,08,03,19,308,40.0,26,18,045,39.9,14,13,220,,21,81,136,40.0,1*74
$GLGSV,1,1,04,79,61,056,38.3,78,10,028,40.0,85,10,275,39.8,68,07,114,39.7,1*70
$GAGSV,1,1,00,7*73
$GBGSV,1,1,04,08,56,184,39.3,04,27,125,38.9,09,24,193,39.4,05,15,249,39.4,1*72
$GNRMC,222919.000,A,3859.9987,N,11613.9806,E,0.01,299.72,280612,,,A,V*0B
$GNVTG,299.72,T,,M,0.01,N,0.01,K,A*24
$GNZDA,222919.000,28,06,2012,,*46
$GNGGA,222920.000,3859.9987,N,11613.9806,E,1,12,0.68,-7.3,M,-6.8,M,,*47
$PAIRACC,3.30,7.61*4B
$GNGLL,3859.9987,N,11613.9806,E,222920.000,A,A*45
$GNGSA,A,3,29,03,26,21,,,,,,,,,1.20,0.68,0.99,1*03
$GNGSA,A,3,79,78,85,68,,,,,,,,,1.20,0.68,0.99,2*0D
$GNGSA,A,3,,,,,,,,,,,,,1.20,0.68,0.99,3*0E
$GNGSA,A,3,08,04,09,05,,,,,,,,,1.20,0.68,0.99,4*09
$GPGSV,2,1,08,29,09,184,39.9,18,65,322,,15,37,047,,09,34,121,,1*7B
$GPGSV,2,2,08,03,19,308,39.8,26,18,045,39.9,14,13,220,,21,81,136,40.1,1*73
$GLGSV,1,1,04,79,61,056,39.6,78,10,028,40.1,85,10,275,39.9,68,07,114,40.0,1*7D
$GAGSV,1,1,00,7*73
$GBGSV,1,1,04,08,56,184,39.7,04,27,125,39.4,09,24,193,39.4,05,15,249,39.4,1*7A
$GNRMC,222920.000,A,3859.9987,N,11613.9806,E,0.01,310.44,280612,,,A,V*04
$GNVTG,310.44,T,,M,0.01,N,0.01,K,A*21
$GNZDA,222920.000,28,06,2012,,*4C
$GNGGA,222921.000,3859.9987,N,11613.9806,E,1,12,0.68,-7.3,M,-6.8,M,,*46
$PAIRACC,3.34,7.96*47
$GNGLL,3859.9987,N,11613.9806,E,222921.000,A,A*44
$GNGSA,A,3,29,03,26,21,,,,,,,,,1.20,0.68,0.99,1*03
$GNGSA,A,3,79,78,85,68,,,,,,,,,1.20,0.68,0.99,2*0D
$GNGSA,A,3,,,,,,,,,,,,,1.20,0.68,0.99,3*0E
$GNGSA,A,3,08,04,09,05,,,,,,,,,1.20,0.68,0.99,4*09
$GPGSV,2,1,08,29,09,184,40.2,18,65,322,,15,37,047,,09,34,121,,1*7E
$GPGSV,2,2,08,03,19,308,39.6,26,18,045,40.0,14,13,220,,21,81,136,39.9,1*7C
$GLGSV,1,1,04,79,61,056,38.5,78,10,028,40.3,85,10,275,39.5,68,07,114,39.8,1*77
$GAGSV,1,1,00,7*73
$GBGSV,1,1,04,08,56,184,39.7,04,27,125,39.0,09,24,193,39.5,05,15,249,39.3,1*78
$GNRMC,222921.000,A,3859.9987,N,11613.9806,E,0.01,303.37,280612,,,A,V*03
$GNVTG,303.37,T,,M,0.01,N,0.01,K,A*27
$GNZDA,222921.000,28,06,2012,,*4D
$GNGGA,222922.000,3859.9987,N,11613.9806,E,1,12,0.68,-7.3,M,-6.8,M,,*45
$PAIRACC,3.30,7.60*4A
$GNGLL,3859.9987,N,11613.9806,E,222922.000,A,A*47
$GNGSA,A,3,29,03,26,21,,,,,,,,,1.20,0.68,0.99,1*03
$GNGSA,A,3,79,78,85,68,,,,,,,,,1.20,0.68,0.99,2*0D
$GNGSA,A,3,,,,,,,,,,,,,1.20,0.68,0.99,3*0E
$GNGSA,A,3,08,04,09,05,,,,,,,,,1.20,0.68,0.99,4*09
$GPGSV,2,1,08,29,09,184,40.0,18,65,322,,15,37,047,,09,34,121,,1*7C
$GPGSV,2,2,08,03,19,308,39.9,26,18,045,39.9,14,13,220,,21,81,136,39.8,1*75
$GLGSV,1,1,04,79,61,056,39.2,78,10,028,39.8,85,10,275,39.9,68,07,114,39.7,1*77
$GAGSV,1,1,00,7*73
$GBGSV,1,1,04,08,56,184,39.5,04,27,125,38.7,09,24,193,39.3,05,15,249,39.4,1*7D
$GNRMC,222922.000,A,3859.9987,N,11613.9806,E,0.01,303.89,280612,,,A,V*05
$GNVTG,303.89,T,,M,0.01,N,0.01,K,A*22
$GNZDA,222922.000,28,06,2012,,*4E
$GNGGA,222923.000,3859.9987,N,11613.9806,E,1,12,0.68,-7.3,M,-6.8,M,,*44
$PAIRACC,3.34,7.98*49
$GNGLL,3859.9987,N,11613.9806,E,222923.000,A,A*46
$GNGSA,A,3,29,03,26,21,,,,,,,,,1.20,0.68,0.99,1*03
$GNGSA,A,3,79,78,85,68,,,,,,,,,1.20,0.68,0.99,2*0D
$GNGSA,A,3,,,,,,,,,,,,,1.20,0.68,0.99,3*0E
$GNGSA,A,3,08,04,09,05,,,,,,,,,1.20,0.68,0.99,4*09
$GPGSV,2,1,08,29,09,184,39.9,18,65,322,,15,37,047,,09,34,121,,1*7B
$GPGSV,2,2,08,03,19,308,39.9,26,18,045,39.9,14,13,220,,21,81,136,40.1,1*72
$GLGSV,1,1,04,79,61,056,38.0,78,10,028,39.9,85,10,275,40.0,68,07,114,39.6,1*73
$GAGSV,1,1,00,7*73
$GBGSV,1,1,04,08,56,184,39.9,04,27,125,39.1,09,24,193,39.3,05,15,249,39.3,1*71
$GNRMC,222923.000,A,3859.9987,N,11613.9806,E,0.01,303.84,280612,,,A,V*09
$GNVTG,303.84,T,,M,0.01,N,0.01,K,A*2F
$GNZDA,222923.000,28,06,2012,,*4F
$GNGGA,222924.000,3859.9987,N,11613.9806,E,1,12,0.68,-7.3,M,-6.8,M,,*43
$PAIRACC,3.30,7.63*49
$GNGLL,3859.9987,N,11613.9806,E,222924.000,A,A*41
$GNGSA,A,3,29,03,26,21,,,,,,,,,1.20,0.68,0.99,1*03
$GNGSA,A,3,79,78,85,68,,,,,,,,,1.20,0.68,0.99,2*0D
$GNGSA,A,3,,,,,,,,,,,,,1.20,0.68,0.99,3*0E
$GNGSA,A,3,08,04,09,05,,,,,,,,,1.20,0.68,0.99,4*09
$GPGSV,2,1,08,29,09,184,40.2,18,65,322,,15,37,047,,09,34,121,,1*7E
$GPGSV,2,2,08,03,19,308,40.0,26,18,045,39.6,14,13,220,,21,81,136,40.0,1*7B
$GLGSV,1,1,04,79,61,056,39.4,78,10,028,40.0,85,10,275,39.8,68,07,114,39.8,1*79
$GAGSV,1,1,00,7*73
$GBGSV,1,1,04,08,56,184,39.0,04,27,125,38.8,09,24,193,39.3,05,15,249,39.1,1*72
$GNRMC,222924.000,A,3859.9987,N,11613.9806,E,0.01,323.02,280612,,,A,V*02
$GNVTG,323.02,T,,M,0.01,N,0.01,K,A*23
$GNZDA,222924.000,28,06,2012,,*48
$GNGGA,222925.000,3859.9987,N,11613.9806,E,1,12,0.68,-7.3,M,-6.8,M,,*42
$PAIRACC,3.25,7.62*4C
$GNGLL,3859.9987,N,11613.9806,E,222925.000,A,A*40
$GNGSA,A,3,29,03,26,21,,,,,,,,,1.20,0.68,0.99,1*03
$GNGSA,A,3,79,78,85,68,,,,,,,,,1.20,0.68,0.99,2*0D
$GNGSA,A,3,,,,,,,,,,,,,1.20,0.68,0.99,3*0E
$GNGSA,A,3,08,04,09,05,,,,,,,,,1.20,0.68,0.99,4*09
$GPGSV,2,1,08,29,09,184,39.8,18,65,322,,15,37,047,,09,34,121,,1*7A
$GPGSV,2,2,08,03,19,308,40.1,26,18,045,40.1,14,13,220,,21,81,136,40.0,1*73
$GLGSV,1,1,04,79,61,056,37.7,78,10,028,40.3,85,10,275,39.4,68,07,114,40.0,1*7D
$GAGSV,1,1,00,7*73
$GBGSV,1,1,04,08,56,184,39.7,04,27,125,39.1,09,24,193,39.6,05,15,249,38.8,1*70
$GNRMC,222925.000,A,3859.9987,N,11613.9806,E,0.01,323.76,280612,,,A,V*00
$GNVTG,323.76,T,,M,0.01,N,0.01,K,A*20
$GNZDA,222925.000,28,06,2012,,*49
$GNGGA,222926.000,3859.9987,N,11613.9806,E,1,12,0.68,-7.3,M,-6.8,M,,*41
$PAIRACC,3.30,7.62*48
$GNGLL,3859.9987,N,11613.9806,E,222926.000,A,A*43
$GNGSA,A,3,29,03,26,21,,,,,,,,,1.20,0.68,0.99,1*03
$GNGSA,A,3,79,78,85,68,,,,,,,,,1.20,0.68,0.99,2*0D
$GNGSA,A,3,,,,,,,,,,,,,1.20,0.68,0.99,3*0E
$GNGSA,A,3,08,04,09,05,,,,,,,,,1.20,0.68,0.99,4*09
$GPGSV,2,1,08,29,09,184,39.9,18,65,322,,15,37,047,,09,34,121,,1*7B
$GPGSV,2,2,08,03,19,308,39.7,26,18,045,40.0,14,13,220,,21,81,136,39.8,1*7C
$GLGSV,1,1,04,79,61,056,38.8,78,10,028,39.1,85,10,275,40.2,68,07,114,40.1,1*78
$GAGSV,1,1,00,7*73
$GBGSV,1,1,04,08,56,184,39.5,04,27,125,39.1,09,24,193,39.1,05,15,249,39.3,1*7F
$GNRMC,222926.000,A,3859.9987,N,11613.9806,E,0.01,327.64,280612,,,A,V*04
$GNVTG,327.64,T,,M,0.01,N,0.01,K,A*27
$GNZDA,222926.000,28,06,2012,,*4A
$GNGGA,222927.000,3859.9987,N,11613.9806,E,1,12,0.68,-7.3,M,-6.8,M,,*40
$PAIRACC,3.25,7.56*4B
$GNGLL,3859.9987,N,11613.9806,E,222927.000,A,A*42
$GNGSA,A,3,29,03,26,21,,,,,,,,,1.20,0.68,0.99,1*03
$GNGSA,A,3,79,78,85,68,,,,,,,,,1.20,0.68,0.99,2*0D
$GNGSA,A,3,,,,,,,,,,,,,1.20,0.68,0.99,3*0E
$GNGSA,A,3,08,04,09,05,,,,,,,,,1.20,0.68,0.99,4*09
$GPGSV,2,1,08,29,09,184,39.9,18,65,322,,15,37,047,,09,34,121,,1*7B
$GPGSV,2,2,08,03,19,308,39.8,26,18,045,40.2,14,13,220,,21,81,136,40.1,1*76
$GLGSV,1,1,04,79,61,056,38.0,78,10,028,38.0,85,10,275,39.8,68,07,114,40.3,1*76
$GAGSV,1,1,00,7*73
$GBGSV,1,1,04,08,56,184,40.1,04,27,125,39.0,09,24,193,39.5,05,15,249,38.9,1*7B
$GNRMC,222927.000,A,3859.9987,N,11613.9806,E,0.01,325.40,280612,,,A,V*01
$GNVTG,325.40,T,,M,0.01,N,0.01,K,A*23
$GNZDA,222927.000,28,06,2012,,*4B
$GNGGA,222928.000,3859.9987,N,11613.9806,E,1,12,0.68,-7.3,M,-6.8,M,,*4F
$PAIRACC,3.30,7.62*48
$GNGLL,3859.9987,N,11613.9806,E,222928.000,A,A*4D
$GNGSA,A,3,29,03,26,21,,,,,,,,,1.20,0.68,0.99,1*03
$GNGSA,A,3,79,78,85,68,,,,,,,,,1.20,0.68,0.99,2*0D
$GNGSA,A,3,,,,,,,,,,,,,1.20,0.68,0.99,3*0E
$GNGSA,A,3,08,04,09,05,,,,,,,,,1.20,0.68,0.99,4*09
$GPGSV,2,1,08,29,09,184,39.8,18,65,322,,15,37,047,,09,34,121,,1*7A
$GPGSV,2,2,08,03,19,308,40.0,26,18,045,40.0,14,13,220,,21,81,136,40.2,1*71
$GLGSV,1,1,04,79,61,056,39.0,78,10,028,39.1,85,10,275,39.8,68,07,114,39.8,1*72
$GAGSV,1,1,00,7*73
$GBGSV,1,1,04,08,56,184,39.7,04,27,125,38.9,09,24,193,39.4,05,15,249,39.3,1*71
$GNRMC,222928.000,A,3859.9987,N,11613.9806,E,0.01,327.61,280612,,,A,V*0F
$GNVTG,327.61,T,,M,0.01,N,0.01,K,A*22
$GNZDA,222928.000,28,06,2012,,*44
$GNGGA,222929.000,3859.9987,N,11613.9806,E,1,12,0.69,-7.3,M,-6.8,M,,*4F
$PAIRACC,3.25,7.57*4A
$GNGLL,3859.9987,N,11613.9806,E,222929.000,A,A*4C
$GNGSA,A,3,29,03,26,21,,,,,,,,,1.20,0.69,0.99,1*02
$GNGSA,A,3,79,78,85,68,,,,,,,,,1.20,0.69,0.99,2*0C
$GNGSA,A,3,,,,,,,,,,,,,1.20,0.69,0.99,3*0F
$GNGSA,A,3,08,04,09,05,,,,,,,,,1.20,0.69,0.99,4*08
$GPGSV,2,1,08,29,09,184,39.8,18,65,322,,15,37,047,,09,34,121,,1*7A
$GPGSV,2,2,08,03,19,308,39.9,26,18,045,40.1,14,13,220,,21,81,136,40.3,1*76
$GLGSV,1,1,04,79,61,056,38.2,78,10,028,38.0,85,10,275,39.2,68,07,114,40.2,1*7F
$GAGSV,1,1,00,7*73
$GBGSV,1,1,04,08,56,184,39.9,04,27,125,39.0,09,24,193,39.4,05,15,249,39.1,1*75
$GNRMC,222929.000,A,3859.9987,N,11613.9806,E,0.01,319.98,280612,,,A,V*05
$GNVTG,319.98,T,,M,0.01,N,0.01,K,A*29
$GNZDA,222929.000,28,06,2012,,*45
$GNGGA,222930.000,3859.9987,N,11613.9806,E,1,12,0.68,-7.3,M,-6.8,M,,*46
$PAIRACC,3.35,8.03*45
$GNGLL,3859.9987,N,11613.9806,E,222930.000,A,A*44
$GNGSA,A,3,29,03,26,21,,,,,,,,,1.20,0.68,0.99,1*03
$GNGSA,A,3,79,78,85,68,,,,,,,,,1.20,0.68,0.99,2*0D
$GNGSA,A,3,,,,,,,,,,,,,1.20,0.68,0.99,3*0E
$GNGSA,A,3,08,04,09,05,,,,,,,,,1.20,0.68,0.99,4*09
$GPGSV,2,1,08,29,09,184,40.1,18,65,322,,15,37,047,,09,34,121,,1*7D
$GPGSV,2,2,08,03,19,308,40.2,26,18,045,39.8,14,13,220,,21,81,136,39.9,1*70
$GLGSV,1,1,04,79,61,056,38.8,78,10,028,39.1,85,10,275,40.2,68,07,114,39.7,1*70
$GAGSV,1,1,00,7*73
$GBGSV,1,1,04,08,56,184,39.5,04,27,125,39.0,09,24,193,39.2,05,15,249,39.2,1*7C
$GNRMC,222930.000,A,3859.9987,N,11613.9806,E,0.01,321.49,280612,,,A,V*0A
$GNVTG,321.49,T,,M,0.01,N,0.01,K,A*2E
$GNZDA,222930.000,28,06,2012,,*4D
$GNGGA,222931.000,3859.9987,N,11613.9806,E,1,12,0.68,-7.3,M,-6.8,M,,*47
$PAIRACC,3.25,7.57*4A
$GNGLL,3859.9987,N,11613.9806,E,222931.000,A,A*45
$GNGSA,A,3,29,03,26,21,,,,,,,,,1.20,0.68,0.99,1*03
$GNGSA,A,3,79,78,85,68,,,,,,,,,1.20,0.68,0.99,2*0D
$GNGSA,A,3,,,,,,,,,,,,,1.20,0.68,0.99,3*0E
$GNGSA,A,3,08,04,09,05,,,,,,,,,1.20,0.68,0.99,4*09
$GPGSV,2,1,08,29,09,184,40.3,18,65,322,,15,37,047,,09,34,121,,1*7F
$GPGSV,2,2,08,03,19,308,40.0,26,18,045,40.1,14,13,220,,21,81,136,39.9,1*75
$GLGSV,1,1,04,79,61,056,38.5,78,10,028,37.9,85,10,275,40.3,68,07,114,39.8,1*75
$GAGSV,1,1,00,7*73
$GBGSV,1,1,04,08,56,184,39.3,04,27,125,38.8,09,24,193,39.2,05,15,249,39.4,1*75
$GNRMC,222931.000,A,3859.9987,N,11613.9806,E,0.01,324.20,280612,,,A,V*01
$GNVTG,324.20,T,,M,0.01,N,0.01,K,A*24
$GNZDA,222931.000,28,06,2012,,*4C
$GNGGA,222932.000,3859.9986,N,11613.9806,E,1,12,0.68,-7.3,M,-6.8,M,,*45
$PAIRACC,3.40,7.95*47
$GNGLL,3859.9986,N,11613.9806,E,222932.000,A,A*47
$GNGSA,A,3,29,03,26,21,,,,,,,,,1.20,0.68,0.99,1*03
$GNGSA,A,3,79,78,85,68,,,,,,,,,1.20,0.68,0.99,2*0D
$GNGSA,A,3,,,,,,,,,,,,,1.20,0.68,0.99,3*0E
$GNGSA,A,3,08,04,09,05,,,,,,,,,1.20,0.68,0.99,4*09
$GPGSV,2,1,08,29,09,184,39.3,18,65,322,,15,37,047,,09,34,121,,1*71
$GPGSV,2,2,08,03,19,308,40.0,26,18,045,39.5,14,13,220,,21,81,136,39.9,1*7F
$GLGSV,1,1,04,79,61,056,39.5,78,10,028,38.8,85,10,275,40.3,68,07,114,40.1,1*7D
$GAGSV,1,1,00,7*73
$GBGSV,1,1,04,08,56,184,38.9,04,27,125,39.2,09,24,193,39.0,05,15,249,39.4,1*77
$GNRMC,222932.000,A,3859.9986,N,11613.9806,E,0.01,309.38,280612,,,A,V*05
$GNVTG,309.38,T,,M,0.01,N,0.01,K,A*22
$GNZDA,222932.000,28,06,2012,,*4F
$GNGGA,222933.000,3859.9986,N,11613.9806,E,1,12,0.68,-7.3,M,-6.8,M,,*44
$PAIRACC,3.26,7.64*49
$GNGLL,3859.9986,N,11613.9806,E,222933.000,A,A*46
$GNGSA,A,3,29,03,26,21,,,,,,,,,1.20,0.68,0.99,1*03
$GNGSA,A,3,79,78,85,68,,,,,,,,,1.20,0.68,0.99,2*0D
$GNGSA,A,3,,,,,,,,,,,,,1.20,0.68,0.99,3*0E
$GNGSA,A,3,08,04,09,05,,,,,,,,,1.20,0.68,0.99,4*09
$GPGSV,2,1,08,29,09,184,40.3,18,65,322,,15,37,047,,09,34,121,,1*7F
$GPGSV,2,2,08,03,19,308,39.9,26,18,045,40.3,14,13,220,,21,81,136,40.1,1*76
$GLGSV,1,1,04,79,61,056,38.0,78,10,028,37.7,85,10,275,40.0,68,07,114,39.9,1*7C
$GAGSV,1,1,00,7*73
$GBGSV,1,1,04,08,56,184,38.9,04,27,125,39.0,09,24,193,39.9,05,15,249,39.1,1*79
$GNRMC,222933.000,A,3859.9986,N,11613.9806,E,0.01,309.37,280612,,,A,V*0B
$GNVTG,309.37,T,,M,0.01,N,0.01,K,A*2D
$GNZDA,222933.000,28,06,2012,,*4E
$GNGGA,222934.000,3859.9986,N,11613.9806,E,1,12,0.68,-7.3,M,-6.8,M,,*43
$PAIRACC,3.38,7.83*4F
$GNGLL,3859.9986,N,11613.9806,E,222934.000,A,A*41
$GNGSA,A,3,29,03,26,21,,,,,,,,,1.20,0.68,0.99,1*03
$GNGSA,A,3,79,78,85,68,,,,,,,,,1.20,0.68,0.99,2*0D
$GNGSA,A,3,,,,,,,,,,,,,1.20,0.68,0.99,3*0E
$GNGSA,A,3,08,04,09,05,,,,,,,,,1.20,0.68,0.99,4*09
$GPGSV,2,1,08,29,09,184,39.7,18,65,322,,15,37,047,,09,34,121,,1*75
$GPGSV,2,2,08,03,19,308,39.5,26,18,045,39.8,14,13,220,,21,81,136,40.1,1*7F
$GLGSV,1,1,04,79,61,056,39.3,78,10,028,39.2,85,10,275,39.8,68,07,114,40.0,1*74
$GAGSV,1,1,00,7*73
$GBGSV,1,1,04,08,56,184,39.4,04,27,125,38.5,09,24,193,39.3,05,15,249,39.2,1*78
$GNRMC,222934.000,A,3859.9986,N,11613.9806,E,0.01,322.81,280612,,,A,V*08
$GNVTG,322.81,T,,M,0.01,N,0.01,K,A*29
$GNZDA,222934.000,28,06,2012,,*49
$GNGGA,222935.000,3859.9986,N,11613.9806,E,1,12,0.68,-7.3,M,-6.8,M,,*42
$PAIRACC,3.27,7.74*49
$GNGLL,3859.9986,N,11613.9806,E,222935.000,A,A*40
$GNGSA,A,3,29,03,26,21,,,,,,,,,1.20,0.68,0.99,1*03
$GNGSA,A,3,79,78,85,68,,,,,,,,,1.20,0.68,0.99,2*0D
$GNGSA,A,3,,,,,,,,,,,,,1.20,0.68,0.99,3*0E
$GNGSA,A,3,08,04,09,05,,,,,,,,,1.20,0.68,0.99,4*09
$GPGSV,2,1,08,29,09,184,39.9,18,65,322,,15,37,047,,09,34,121,,1*7B
$GPGSV,2,2,08,03,19,308,39.8,26,18,045,39.8,14,13,220,,21,81,136,40.1,1*72
$GLGSV,1,1,04,79,61,056,37.6,78,10,028,38.2,85,10,275,39.5,68,07,114,39.7,1*7A
$GAGSV,1,1,00,7*73
$GBGSV,1,1,04,08,56,184,39.4,04,27,125,39.3,09,24,193,39.6,05,15,249,39.6,1*7E
$GNRMC,222935.000,A,3859.9986,N,11613.9806,E,0.01,323.48,280612,,,A,V*0D
$GNVTG,323.48,T,,M,0.01,N,0.01,K,A*2D
$GNZDA,222935.000,28,06,2012,,*48
$GNGGA,222936.000,3859.9986,N,11613.9806,E,1,12,0.69,-7.3,M,-6.8,M,,*40
$PAIRACC,3.33,7.85*42
$GNGLL,3859.9986,N,11613.9806,E,222936.000,A,A*43
$GNGSA,A,3,29,03,26,21,,,,,,,,,1.20,0.69,0.99,1*02
$GNGSA,A,3,79,78,85,68,,,,,,,,,1.20,0.69,0.99,2*0C
$GNGSA,A,3,,,,,,,,,,,,,1.20,0.69,0.99,3*0F
$GNGSA,A,3,08,04,09,05,,,,,,,,,1.20,0.69,0.99,4*08
$GPGSV,2,1,08,29,09,184,39.9,18,65,322,,15,37,047,,09,34,121,,1*7B
$GPGSV,2,2,08,03,19,308,39.5,26,18,045,40.0,14,13,220,,21,81,136,39.9,1*7F
$GLGSV,1,1,04,79,61,056,38.8,78,10,028,39.0,85,10,275,40.1,68,07,114,39.8,1*7D
$GAGSV,1,1,00,7*73
$GBGSV,1,1,04,08,56,184,39.0,04,27,125,39.1,09,24,193,39.2,05,15,249,39.2,1*78
$GNRMC,222936.000,A,3859.9986,N,11613.9806,E,0.01,312.07,280612,,,A,V*07
$GNVTG,312.07,T,,M,0.01,N,0.01,K,A*24
$GNZDA,222936.000,28,06,2012,,*4B
$GNGGA,222937.000,3859.9986,N,11613.9806,E,1,12,0.68,-7.3,M,-6.8,M,,*40
$PAIRACC,3.32,7.64*4C
$GNGLL,3859.9986,N,11613.9806,E,222937.000,A,A*42
$GNGSA,A,3,29,03,26,21,,,,,,,,,1.20,0.68,0.99,1*03
$GNGSA,A,3,79,78,85,68,,,,,,,,,1.20,0.68,0.99,2*0D
$GNGSA,A,3,,,,,,,,,,,,,1.20,0.68,0.99,3*0E
$GNGSA,A,3,08,04,09,05,,,,,,,,,1.20,0.68,0.99,4*09
$GPGSV,2,1,08,29,09,184,40.1,18,65,322,,15,37,047,,09,34,121,,1*7D
$GPGSV,2,2,08,03,19,308,39.7,26,18,045,40.0,14,13,220,,21,81,136,40.4,1*7E
$GLGSV,1,1,04,79,61,056,38.3,78,10,028,40.0,85,10,275,40.7,68,07,114,39.6,1*70
$GAGSV,1,1,00,7*73
$GBGSV,1,1,04,08,56,184,40.0,04,27,125,38.7,09,24,193,39.8,05,15,249,39.4,1*7D
$GNRMC,222937.000,A,3859.9986,N,11613.9806,E,0.01,298.42,280612,,,A,V*04
$GNVTG,298.42,T,,M,0.01,N,0.01,K,A*26
$GNZDA,222937.000,28,06,2012,,*4A
$GNGGA,222938.000,3859.9986,N,11613.9806,E,1,12,0.68,-7.3,M,-6.8,M,,*4F
$PAIRACC,3.34,7.96*47
$GNGLL,3859.9986,N,11613.9806,E,222938.000,A,A*4D
$GNGSA,A,3,29,03,26,21,,,,,,,,,1.20,0.68,0.99,1*03
$GNGSA,A,3,79,78,85,68,,,,,,,,,1.20,0.68,0.99,2*0D
$GNGSA,A,3,,,,,,,,,,,,,1.20,0.68,0.99,3*0E
$GNGSA,A,3,08,04,09,05,,,,,,,,,1.20,0.68,0.99,4*09
$GPGSV,2,1,08,29,09,184,40.0,18,65,322,,15,37,047,,09,34,121,,1*7C
$GPGSV,2,2,08,03,19,308,40.0,26,18,045,39.9,14,13,220,,21,81,136,40.0,1*74
$GLGSV,1,1,04,79,61,056,38.6,78,10,028,39.8,85,10,275,40.0,68,07,114,39.8,1*7A
$GAGSV,1,1,00,7*73
$GBGSV,1,1,04,08,56,184,39.1,04,27,125,39.1,09,24,193,39.6,05,15,249,39.3,1*7C
$GNRMC,222938.000,A,3859.9986,N,11613.9806,E,0.01,305.15,280612,,,A,V*0C
$GNVTG,305.15,T,,M,0.01,N,0.01,K,A*21
$GNZDA,222938.000,28,06,2012,,*45
$GNGGA,222939.000,3859.9986,N,11613.9806,E,1,12,0.68,-7.3,M,-6.8,M,,*4E
$PAIRACC,3.31,7.59*41
$GNGLL,3859.9986,N,11613.9806,E,222939.000,A,A*4C
$GNGSA,A,3,29,03,26,21,,,,,,,,,1.20,0.68,0.99,1*03
$GNGSA,A,3,79,78,85,68,,,,,,,,,1.20,0.68,0.99,2*0D
$GNGSA,A,3,,,,,,,,,,,,,1.20,0.68,0.99,3*0E
$GNGSA,A,3,08,04,09,05,,,,,,,,,1.20,0.68,0.99,4*09
$GPGSV,2,1,08,29,09,184,40.0,18,65,322,,15,37,047,,09,34,121,,1*7C
$GPGSV,2,2,08,03,19,308,40.0,26,18,045,40.1,14,13,220,,21,81,136,39.8,1*74
$GLGSV,1,1,04,79,61,056,40.4,78,10,028,40.0,85,10,275,39.7,68,07,114,39.6,1*76
$GAGSV,1,1,00,7*73
$GBGSV,1,1,04,08,56,184,39.0,04,27,125,39.1,09,24,193,39.8,05,15,249,39.3,1*73
$GNRMC,222939.000,A,3859.9986,N,11613.9806,E,0.01,310.69,280612,,,A,V*02
$GNVTG,310.69,T,,M,0.01,N,0.01,K,A*2E
$GNZDA,222939.000,28,06,2012,,*44
$GNGGA,222940.000,3859.9986,N,11613.9806,E,1,12,0.68,-7.3,M,-6.8,M,,*40
$PAIRACC,3.34,7.94*45
$GNGLL,3859.9986,N,11613.9806,E,222940.000,A,A*42
$GNGSA,A,3,29,03,26,21,,,,,,,,,1.20,0.68,0.99,1*03
$GNGSA,A,3,79,78,85,68,,,,,,,,,1.20,0.68,0.99,2*0D
$GNGSA,A,3,,,,,,,,,,,,,1.20,0.68,0.99,3*0E
$GNGSA,A,3,08,04,09,05,,,,,,,,,1.20,0.68,0.99,4*09
$GPGSV,2,1,08,29,09,184,39.9,18,65,322,,15,37,047,,09,34,121,,1*7B
$GPGSV,2,2,08,03,19,308,40.0,26,18,045,40.2,14,13,220,,21,81,136,40.0,1*71
$GLGSV,1,1,04,79,61,056,40.3,78,10,028,40.0,85,10,275,39.9,68,07,114,39.9,1*70
$GAGSV,1,1,00,7*73
$GBGSV,1,1,04,08,56,184,39.2,04,27,125,38.6,09,24,193,39.2,05,15,249,39.0,1*7E
$GNRMC,222940.000,A,3859.9986,N,11613.9806,E,0.01,316.33,280612,,,A,V*05
$GNVTG,316.33,T,,M,0.01,N,0.01,K,A*27
$GNZDA,222940.000,28,06,2012,,*4A
$GNGGA,222941.000,3859.9986,N,11613.9806,E,1,12,0.68,-7.3,M,-6.8,M,,*41
$PAIRACC,3.26,7.65*48
$GNGLL,3859.9986,N,11613.9806,E,222941.000,A,A*43
$GNGSA,A,3,29,03,26,21,,,,,,,,,1.20,0.68,0.99,1*03
$GNGSA,A,3,79,78,85,68,,,,,,,,,1.20,0.68,0.99,2*0D
$GNGSA,A,3,,,,,,,,,,,,,1.20,0.68,0.99,3*0E
$GNGSA,A,3,08,04,09,05,,,,,,,,,1.20,0.68,0.99,4*09
$GPGSV,2,1,08,29,09,184,39.9,18,65,322,,15,37,047,,09,34,121,,1*7B
$GPGSV,2,2,08,03,19,308,40.0,26,18,045,39.7,14,13,220,,21,81,136,39.9,1*7D
$GLGSV,1,1,04,79,61,056,40.2,78,10,028,39.9,85,10,275,39.6,68,07,114,40.0,1*7E
$GAGSV,1,1,00,7*73
$GBGSV,1,1,04,08,56,184,39.5,04,27,125,39.2,09,24,193,39.4,05,15,249,39.1,1*7B
$GNRMC,222941.000,A,3859.9986,N,11613.9806,E,0.01,312.96,280612,,,A,V*0F
$GNVTG,312.96,T,,M,0.01,N,0.01,K,A*2C
$GNZDA,222941.000,28,06,2012,,*4B
$GNGGA,222942.000,3859.9986,N,11613.9806,E,1,12,0.69,-7.3,M,-6.8,M,,*43
$PAIRACC,3.34,7.65*4B
$GNGLL,3859.9986,N,11613.9806,E,222942.000,A,A*40
$GNGSA,A,3,29,03,26,21,,,,,,,,,1.20,0.69,0.99,1*02
$GNGSA,A,3,79,78,85,68,,,,,,,,,1.20,0.69,0.99,2*0C
$GNGSA,A,3,,,,,,,,,,,,,1.20,0.69,0.99,3*0F
$GNGSA,A,3,08,04,09,05,,,,,,,,,1.20,0.69,0.99,4*08
$GPGSV,2,1,08,29,09,184,39.7,18,65,322,,15,37,047,,09,34,121,,1*75
$GPGSV,2,2,08,03,19,308,39.7,26,18,045,40.0,14,13,220,,21,81,136,40.1,1*7B
$GLGSV,1,1,04,79,61,056,40.0,78,10,028,40.1,85,10,275,40.2,68,07,114,40.3,1*73
$GAGSV,1,1,00,7*73
$GBGSV,1,1,04,08,56,184,39.4,04,27,125,38.6,09,24,193,38.8,05,15,249,39.3,1*70
$GNRMC,222942.000,A,3859.9986,N,11613.9806,E,0.01,311.32,280612,,,A,V*01
$GNVTG,311.32,T,,M,0.01,N,0.01,K,A*21
$GNZDA,222942.000,28,06,2012,,*48
$GNGGA,222943.000,3859.9986,N,11613.9806,E,1,12,0.68,-7.3,M,-6.8,M,,*43
$PAIRACC,3.25,7.58*45
$GNGLL,3859.9986,N,11613.9806,E,222943.000,A,A*41
$GNGSA,A,3,29,03,26,21,,,,,,,,,1.20,0.68,0.99,1*03
$GNGSA,A,3,79,78,85,68,,,,,,,,,1.20,0.68,0.99,2*0D
$GNGSA,A,3,,,,,,,,,,,,,1.20,0.68,0.99,3*0E
$GNGSA,A,3,08,04,09,05,,,,,,,,,1.20,0.68,0.99,4*09
$GPGSV,2,1,08,29,09,184,39.8,18,65,322,,15,37,047,,09,34,121,,1*7A
$GPGSV,2,2,08,03,19,308,40.0,26,18,045,40.0,14,13,220,,21,81,136,40.3,1*70
$GLGSV,1,1,04,79,61,056,40.1,78,10,028,40.2,85,10,275,40.2,68,07,114,40.2,1*70
$GAGSV,1,1,00,7*73
$GBGSV,1,1,04,08,56,184,39.2,04,27,125,38.8,09,24,193,39.5,05,15,249,39.0,1*77
$GNRMC,222943.000,A,3859.9986,N,11613.9806,E,0.01,325.82,280612,,,A,V*0C
$GNVTG,325.82,T,,M,0.01,N,0.01,K,A*2D
$GNZDA,222943.000,28,06,2012,,*49
$GNGGA,222944.000,3859.9986,N,11613.9806,E,1,12,0.68,-7.3,M,-6.8,M,,*44
$PAIRACC,3.33,8.02*42
$GNGLL,3859.9986,N,11613.9806,E,222944.000,A,A*46
$GNGSA,A,3,29,03,26,21,,,,,,,,,1.20,0.68,0.99,1*03
$GNGSA,A,3,79,78,85,68,,,,,,,,,1.20,0.68,0.99,2*0D
$GNGSA,A,3,,,,,,,,,,,,,1.20,0.68,0.99,3*0E
$GNGSA,A,3,08,04,09,05,,,,,,,,,1.20,0.68,0.99,4*09
$GPGSV,2,1,08,29,09,184,40.2,18,65,322,,15,37,047,,09,34,121,,1*7E
$GPGSV,2,2,08,03,19,308,40.2,26,18,045,40.0,14,13,220,,21,81,136,40.0,1*71
$GLGSV,1,1,04,79,61,056,40.2,78,10,028,40.0,85,10,275,40.2,68,07,114,39.7,1*7A
$GAGSV,1,1,00,7*73
$GBGSV,1,1,04,08,56,184,39.8,04,27,125,39.0,09,24,193,39.3,05,15,249,39.2,1*70
$GNRMC,222944.000,A,3859.9986,N,11613.9806,E,0.01,318.94,280612,,,A,V*02
$GNVTG,318.94,T,,M,0.01,N,0.01,K,A*24
$GNZDA,222944.000,28,06,2012,,*4E
$GNGGA,222945.000,3859.9986,N,11613.9806,E,1,12,0.68,-7.3,M,-6.8,M,,*45
$PAIRACC,3.26,7.58*46
$GNGLL,3859.9986,N,11613.9806,E,222945.000,A,A*47
$GNGSA,A,3,29,03,26,21,,,,,,,,,1.20,0.68,0.99,1*03
$GNGSA,A,3,79,78,85,68,,,,,,,,,1.20,0.68,0.99,2*0D
$GNGSA,A,3,,,,,,,,,,,,,1.20,0.68,0.99,3*0E
$GNGSA,A,3,08,04,09,05,,,,,,,,,1.20,0.68,0.99,4*09
$GPGSV,2,1,08,29,09,184,40.2,18,65,322,,15,37,047,,09,34,121,,1*7E
$GPGSV,2,2,08,03,19,308,39.8,26,18,045,39.9,14,13,220,,21,81,136,39.7,1*7B
$GLGSV,1,1,04,79,61,056,40.0,78,10,028,40.0,85,10,275,39.8,68,07,114,40.2,1*77
$GAGSV,1,1,00,7*73
$GBGSV,1,1,04,08,56,184,39.4,04,27,125,39.2,09,24,193,39.7,05,15,249,39.3,1*7B
$GNRMC,222945.000,A,3859.9986,N,11613.9806,E,0.01,327.54,280612,,,A,V*03
$GNVTG,327.54,T,,M,0.01,N,0.01,K,A*24
$GNZDA,222945.000,28,06,2012,,*4F
$GNGGA,222946.000,3859.9986,N,11613.9806,E,1,12,0.68,-7.3,M,-6.8,M,,*46
$PAIRACC,3.29,7.62*40
$GNGLL,3859.9986,N,11613.9806,E,222946.000,A,A*44
$GNGSA,A,3,29,03,26,21,,,,,,,,,1.20,0.68,0.99,1*03
$GNGSA,A,3,79,78,85,68,,,,,,,,,1.20,0.68,0.99,2*0D
$GNGSA,A,3,,,,,,,,,,,,,1.20,0.68,0.99,3*0E
$GNGSA,A,3,08,04,09,05,,,,,,,,,1.20,0.68,0.99,4*09
$GPGSV,2,1,08,29,09,184,39.8,18,65,322,,15,37,047,,09,34,121,,1*7A
$GPGSV,2,2,08,03,19,308,39.5,26,18,045,40.0,14,13,220,,21,81,136,40.0,1*78
$GLGSV,1,1,04,79,61,056,40.2,78,10,028,40.2,85,10,275,39.4,68,07,114,39.4,1*73
$GAGSV,1,1,00,7*73
$GBGSV,1,1,04,08,56,184,39.4,04,27,125,38.9,09,24,193,39.3,05,15,249,39.5,1*73
$GNRMC,222946.000,A,3859.9986,N,11613.9806,E,0.01,310.81,280612,,,A,V*0C
$GNVTG,310.81,T,,M,0.01,N,0.01,K,A*28
$GNZDA,222946.000,28,06,2012,,*4C
$GNGGA,222947.000,3859.9986,N,11613.9806,E,1,12,0.68,-7.3,M,-6.8,M,,*47
$PAIRACC,3.26,7.58*46
$GNGLL,3859.9986,N,11613.9806,E,222947.000,A,A*45
$GNGSA,A,3,29,03,26,21,,,,,,,,,1.20,0.68,0.99,1*03
$GNGSA,A,3,79,78,85,68,,,,,,,,,1.20,0.68,0.99,2*0D
$GNGSA,A,3,,,,,,,,,,,,,1.20,0.68,0.99,3*0E
$GNGSA,A,3,08,04,09,05,,,,,,,,,1.20,0.68,0.99,4*09
$GPGSV,2,1,08,29,09,184,40.1,18,65,322,,15,37,047,,09,34,121,,1*7D
$GPGSV,2,2,08,03,19,308,40.1,26,18,045,39.7,14,13,220,,21,81,136,39.9,1*7C
$GLGSV,1,1,04,79,61,056,40.4,78,10,028,40.1,85,10,275,40.2,68,07,114,39.8,1*72
$GAGSV,1,1,00,7*73
$GBGSV,1,1,04,08,56,184,39.4,04,27,125,39.0,09,24,193,39.2,05,15,249,39.4,1*7B
$GNRMC,222947.000,A,3859.9986,N,11613.9806,E,0.01,322.65,280612,,,A,V*06
$GNVTG,322.65,T,,M,0.01,N,0.01,K,A*23
$GNZDA,222947.000,28,06,2012,,*4D
$GNGGA,222948.000,3859.9986,N,11613.9806,E,1,12,0.68,-7.3,M,-6.8,M,,*48
$PAIRACC,3.26,7.56*48
$GNGLL,3859.9986,N,11613.9806,E,222948.000,A,A*4A
$GNGSA,A,3,29,03,26,21,,,,,,,,,1.20,0.68,0.99,1*03
$GNGSA,A,3,79,78,85,68,,,,,,,,,1.20,0.68,0.99,2*0D
$GNGSA,A,3,,,,,,,,,,,,,1.20,0.68,0.99,3*0E
$GNGSA,A,3,08,04,09,05,,,,,,,,,1.20,0.68,0.99,4*09
$GPGSV,2,1,08,29,09,184,39.8,18,65,322,,15,37,047,,09,34,121,,1*7A
$GPGSV,2,2,08,03,19,308,39.9,26,18,045,40.0,14,13,220,,21,81,136,39.9,1*73
$GLGSV,1,1,04,79,61,056,40.2,78,10,028,39.9,85,10,275,40.2,68,07,114,39.6,1*7C
$GAGSV,1,1,00,7*73
$GBGSV,1,1,04,08,56,184,39.3,04,27,125,39.0,09,24,193,39.4,05,15,249,39.3,1*7D
$GNRMC,222948.000,A,3859.9986,N,11613.9806,E,0.01,321.86,280612,,,A,V*07
$GNVTG,321.86,T,,M,0.01,N,0.01,K,A*2D
$GNZDA,222948.000,28,06,2012,,*42
$GNGGA,222949.000,3859.9986,N,11613.9806,E,1,12,0.69,-7.3,M,-6.8,M,,*48
$PAIRACC,3.29,7.64*46
$GNGLL,3859.9986,N,11613.9806,E,222949.000,A,A*4B
$GNGSA,A,3,29,03,26,21,,,,,,,,,1.20,0.69,0.99,1*02
$GNGSA,A,3,79,78,85,68,,,,,,,,,1.20,0.69,0.99,2*0C
$GNGSA,A,3,,,,,,,,,,,,,1.20,0.69,0.99,3*0F
$GNGSA,A,3,08,04,09,05,,,,,,,,,1.20,0.69,0.99,4*08
$GPGSV,2,1,08,29,09,184,39.6,18,65,322,,15,37,047,,09,34,121,,1*74
$GPGSV,2,2,08,03,19,308,39.8,26,18,045,39.8,14,13,220,,21,81,136,40.0,1*73
$GLGSV,1,1,04,79,61,056,40.6,78,10,028,40.2,85,10,275,40.2,68,07,114,40.2,1*77
$GAGSV,1,1,00,7*73
$GBGSV,1,1,04,08,56,184,39.8,04,27,125,39.2,09,24,193,39.8,05,15,249,39.3,1*78
$GNRMC,222949.000,A,3859.9986,N,11613.9806,E,0.01,323.23,280612,,,A,V*0B
$GNVTG,323.23,T,,M,0.01,N,0.01,K,A*20
$GNZDA,222949.000,28,06,2012,,*43
$GNGGA,222950.000,3859.9986,N,11613.9806,E,1,12,0.68,-7.3,M,-6.8,M,,*41
$PAIRACC,3.25,7.56*4B
$GNGLL,3859.9986,N,11613.9806,E,222950.000,A,A*43
$GNGSA,A,3,29,03,26,21,,,,,,,,,1.20,0.68,0.99,1*03
$GNGSA,A,3,79,78,85,68,,,,,,,,,1.20,0.68,0.99,2*0D
$GNGSA,A,3,,,,,,,,,,,,,1.20,0.68,0.99,3*0E
$GNGSA,A,3,08,04,09,05,,,,,,,,,1.20,0.68,0.99,4*09
$GPGSV,2,1,08,29,09,184,39.8,18,65,322,,15,37,047,,09,34,121,,1*7A
$GPGSV,2,2,08,03,19,308,39.7,26,18,045,39.7,14,13,220,,21,81,136,40.0,1*73
$GLGSV,1,1,04,79,61,056,40.6,78,10,028,39.9,85,10,275,39.8,68,07,114,40.0,1*74
$GAGSV,1,1,00,7*73
$GBGSV,1,1,04,08,56,184,39.5,04,27,125,39.5,09,24,193,39.8,05,15,249,39.2,1*73
$GNRMC,222950.000,A,3859.9986,N,11613.9806,E,0.01,313.88,280612,,,A,V*01
$GNVTG,313.88,T,,M,0.01,N,0.01,K,A*22
$GNZDA,222950.000,28,06,2012,,*4B
$GNGGA,222951.000,3859.9986,N,11613.9806,E,1,12,0.68,-7.3,M,-6.8,M,,*40
$PAIRACC,3.25,7.58*45
$GNGLL,3859.9986,N,11613.9806,E,222951.000,A,A*42
$GNGSA,A,3,29,03,26,21,,,,,,,,,1.20,0.68,0.99,1*03
$GNGSA,A,3,79,78,85,68,,,,,,,,,1.20,0.68,0.99,2*0D
$GNGSA,A,3,,,,,,,,,,,,,1.20,0.68,0.99,3*0E
$GNGSA,A,3,08,04,09,05,,,,,,,,,1.20,0.68,0.99,4*09
$GPGSV,2,1,08,29,09,184,40.0,18,65,322,,15,37,047,,09,34,121,,1*7C
$GPGSV,2,2,08,03,19,308,39.9,26,18,045,40.1,14,13,220,,21,81,136,40.1,1*74
$GLGSV,1,1,04,79,61,056,39.9,78,10,028,40.0,85,10,275,39.7,68,07,114,40.0,1*7D
$GAGSV,1,1,00,7*73
$GBGSV,1,1,04,08,56,184,39.2,04,27,125,38.9,09,24,193,39.8,05,15,249,39.5,1*7E
$GNRMC,222951.000,A,3859.9986,N,11613.9806,E,0.01,313.21,280612,,,A,V*03
$GNVTG,313.21,T,,M,0.01,N,0.01,K,A*21
$GNZDA,222951.000,28,06,2012,,*4A
$GNGGA,222952.000,3859.9986,N,11613.9806,E,1,12,0.68,-7.3,M,-6.8,M,,*43
$PAIRACC,3.24,7.52*4E
$GNGLL,3859.9986,N,11613.9806,E,222952.000,A,A*41
$GNGSA,A,3,29,03,26,21,,,,,,,,,1.20,0.68,0.99,1*03
$GNGSA,A,3,79,78,85,68,,,,,,,,,1.20,0.68,0.99,2*0D
$GNGSA,A,3,,,,,,,,,,,,,1.20,0.68,0.99,3*0E
$GNGSA,A,3,08,04,09,05,,,,,,,,,1.20,0.68,0.99,4*09
$GPGSV,2,1,08,29,09,184,39.9,18,65,322,,15,37,047,,09,34,121,,1*7B
$GPGSV,2,2,08,03,19,308,39.8,26,18,045,39.8,14,13,220,,21,81,136,40.2,1*71
$GLGSV,1,1,04,79,61,056,40.4,78,10,028,40.0,85,10,275,40.2,68,07,114,39.6,1*7D
$GAGSV,1,1,00,7*73
$GBGSV,1,1,04,08,56,184,39.2,04,27,125,39.0,09,24,193,39.7,05,15,249,39.3,1*7F
$GNRMC,222952.000,A,3859.9986,N,11613.9806,E,0.01,315.93,280612,,,A,V*0F
$GNVTG,315.93,T,,M,0.01,N,0.01,K,A*2E
$GNZDA,222952.000,28,06,2012,,*49
$GNGGA,222953.000,3859.9986,N,11613.9806,E,1,12,0.68,-7.3,M,-6.8,M,,*42
$PAIRACC,3.27,7.60*4C
$GNGLL,3859.9986,N,11613.9806,E,222953.000,A,A*40
$GNGSA,A,3,29,03,26,21,,,,,,,,,1.20,0.68,0.99,1*03
$GNGSA,A,3,79,78,85,68,,,,,,,,,1.20,0.68,0.99,2*0D
$GNGSA,A,3,,,,,,,,,,,,,1.20,0.68,0.99,3*0E
$GNGSA,A,3,08,04,09,05,,,,,,,,,1.20,0.68,0.99,4*09
$GPGSV,2,1,08,29,09,184,39.7,18,65,322,,15,37,047,,09,34,121,,1*75
$GPGSV,2,2,08,03,19,308,39.5,26,18,045,39.8,14,13,220,,21,81,136,40.0,1*7E
$GLGSV,1,1,04,79,61,056,40.7,78,10,028,40.2,85,10,275,40.2,68,07,114,40.4,1*70
$GAGSV,1,1,00,7*73
$GBGSV,1,1,04,08,56,184,39.5,04,27,125,39.4,09,24,193,39.5,05,15,249,39.6,1*7B
$GNRMC,222953.000,A,3859.9986,N,11613.9806,E,0.01,308.14,280612,,,A,V*0D
$GNVTG,308.14,T,,M,0.01,N,0.01,K,A*2D
$GNZDA,222953.000,28,06,2012,,*48
$GNGGA,222954.000,3859.9986,N,11613.9806,E,1,12,0.68,-7.3,M,-6.8,M,,*45
$PAIRACC,3.28,7.58*48
$GNGLL,3859.9986,N,11613.9806,E,222954.000,A,A*47
$GNGSA,A,3,29,03,26,21,,,,,,,,,1.20,0.68,0.99,1*03
$GNGSA,A,3,79,78,85,68,,,,,,,,,1.20,0.68,0.99,2*0D
$GNGSA,A,3,,,,,,,,,,,,,1.20,0.68,0.99,3*0E
$GNGSA,A,3,08,04,09,05,,,,,,,,,1.20,0.68,0.99,4*09
$GPGSV,2,1,08,29,09,184,39.8,18,65,322,,15,37,047,,09,34,121,,1*7A
$GPGSV,2,2,08,03,19,308,39.4,26,18,045,39.9,14,13,220,,21,81,136,40.0,1*7E
$GLGSV,1,1,04,79,61,056,40.7,78,10,028,39.7,85,10,275,40.0,68,07,114,39.9,1*7A
$GAGSV,1,1,00,7*73
$GBGSV,1,1,04,08,56,184,39.8,04,27,125,39.2,09,24,193,39.5,05,15,249,39.2,1*74
$GNRMC,222954.000,A,3859.9986,N,11613.9806,E,0.01,311.15,280612,,,A,V*03
$GNVTG,311.15,T,,M,0.01,N,0.01,K,A*24
$GNZDA,222954.000,28,06,2012,,*4F
$GNGGA,222955.000,3859.9986,N,11613.9806,E,1,12,0.69,-7.3,M,-6.8,M,,*45
$PAIRACC,3.27,7.59*46
$GNGLL,3859.9986,N,11613.9806,E,222955.000,A,A*46
$GNGSA,A,3,29,03,26,21,,,,,,,,,1.20,0.69,0.99,1*02
$GNGSA,A,3,79,85,78,68,,,,,,,,,1.20,0.69,0.99,2*0C
$GNGSA,A,3,,,,,,,,,,,,,1.20,0.69,0.99,3*0F
$GNGSA,A,3,08,04,09,05,,,,,,,,,1.20,0.69,0.99,4*08
$GPGSV,2,1,08,29,09,184,39.5,18,65,322,,15,37,047,,09,34,121,,1*77
$GPGSV,2,2,08,03,19,308,40.0,26,18,045,39.8,14,13,220,,21,81,136,39.9,1*72
$GLGSV,1,1,04,79,61,056,40.4,85,10,275,39.5,78,10,028,40.0,68,07,114,39.9,1*7B
$GAGSV,1,1,00,7*73
$GBGSV,2,1,05,08,56,184,39.7,06,49,178,,04,27,125,39.0,09,24,193,39.7,1*64
$GBGSV,2,2,05,05,15,249,39.4,1*5D
$GNRMC,222955.000,A,3859.9986,N,11613.9806,E,0.01,319.10,280612,,,A,V*0F
$GNVTG,319.10,T,,M,0.01,N,0.01,K,A*29
$GNZDA,222955.000,28,06,2012,,*4E
$GNGGA,222956.000,3859.9986,N,11613.9806,E,1,12,0.68,-7.3,M,-6.8,M,,*47
$PAIRACC,3.31,7.98*4C
$GNGLL,3859.9986,N,11613.9806,E,222956.000,A,A*45
$GNGSA,A,3,29,21,03,26,,,,,,,,,1.20,0.68,0.99,1*03
$GNGSA,A,3,79,85,78,68,,,,,,,,,1.20,0.68,0.99,2*0D
$GNGSA,A,3,,,,,,,,,,,,,1.20,0.68,0.99,3*0E
$GNGSA,A,3,08,04,09,05,,,,,,,,,1.20,0.68,0.99,4*09
$GPGSV,2,1,08,29,09,184,39.8,15,37,047,,21,81,136,39.7,09,34,121,,1*6E
$GPGSV,2,2,08,03,19,308,39.9,26,18,045,40.0,14,13,220,,18,65,322,,1*69
$GLGSV,2,1,07,65,12,311,,79,61,056,40.4,70,46,332,,85,10,275,39.7,1*73
$GLGSV,2,2,07,78,10,028,40.0,86,09,324,,68,07,114,40.2,1*46
$GAGSV,1,1,00,7*73
$GBGSV,2,1,05,08,56,184,39.9,06,49,178,,04,27,125,39.2,09,24,193,39.5,1*6A
$GBGSV,2,2,05,05,15,249,39.3,1*5A
$GNRMC,222956.000,A,3859.9986,N,11613.9806,E,0.01,319.92,280612,,,A,V*06
$GNVTG,319.92,T,,M,0.01,N,0.01,K,A*23
$GNZDA,222956.000,28,06,2012,,*4D
$GNGGA,222957.000,3859.9986,N,11613.9806,E,1,12,0.68,-7.3,M,-6.8,M,,*46
$PAIRACC,3.27,7.59*46
$GNGLL,3859.9986,N,11613.9806,E,222957.000,A,A*44
$GNGSA,A,3,29,21,03,26,,,,,,,,,1.20,0.68,0.99,1*03
$GNGSA,A,3,85,79,78,68,,,,,,,,,1.20,0.68,0.99,2*0D
$GNGSA,A,3,,,,,,,,,,,,,1.20,0.68,0.99,3*0E
$GNGSA,A,3,08,04,09,05,,,,,,,,,1.20,0.68,0.99,4*09
$GPGSV,2,1,08,29,09,184,40.2,21,81,136,39.9,15,37,047,,09,34,121,,1*64
$GPGSV,2,2,08,03,19,308,39.9,26,18,045,39.9,14,13,220,,18,65,322,,1*6E
$GLGSV,1,1,04,85,10,275,40.2,79,61,056,40.0,78,10,028,39.9,68,07,114,39.9,1*71
$GAGSV,1,1,00,7*73
$GBGSV,2,1,06,08,56,184,39.5,06,49,178,,04,27,125,39.0,09,24,193,39.6,1*64
$GBGSV,2,2,06,05,15,249,39.1,10,04,212,,1*6F
$GNRMC,222957.000,A,3859.9986,N,11613.9806,E,0.01,316.91,280612,,,A,V*0B
$GNVTG,316.91,T,,M,0.01,N,0.01,K,A*2F
$GNZDA,222957.000,28,06,2012,,*4C
$GNGGA,222958.000,3859.9986,N,11613.9806,E,1,12,0.68,-7.3,M,-6.8,M,,*49
$PAIRACC,3.30,7.58*41
$GNGLL,3859.9986,N,11613.9806,E,222958.000,A,A*4B
$GNGSA,A,3,29,21,03,26,,,,,,,,,1.20,0.68,0.99,1*03
$GNGSA,A,3,78,79,85,68,,,,,,,,,1.20,0.68,0.99,2*0D
$GNGSA,A,3,,,,,,,,,,,,,1.20,0.68,0.99,3*0E
$GNGSA,A,3,08,04,09,05,,,,,,,,,1.20,0.68,0.99,4*09
$GPGSV,2,1,08,29,09,184,40.0,21,81,136,39.9,15,37,047,,09,34,121,,1*66
$GPGSV,2,2,08,03,19,308,39.6,26,18,045,39.8,14,13,220,,18,65,322,,1*60
$GLGSV,2,1,05,78,10,028,40.0,79,61,056,40.0,85,10,275,39.7,68,07,114,40.3,1*7B
$GLGSV,2,2,05,73,03,198,,1*4A
$GAGSV,1,1,00,7*73
$GBGSV,2,1,05,08,56,184,39.4,06,49,178,,04,27,125,39.0,09,24,193,39.3,1*63
$GBGSV,2,2,05,05,15,249,39.2,1*5B
$GNRMC,222958.000,A,3859.9986,N,11613.9806,E,0.01,304.57,280612,,,A,V*0D
$GNVTG,304.57,T,,M,0.01,N,0.01,K,A*26
$GNZDA,222958.000,28,06,2012,,*43
$GNGGA,222959.000,3859.9986,N,11613.9806,E,1,12,0.68,-7.3,M,-6.8,M,,*48
$PAIRACC,3.27,7.59*46
$GNGLL,3859.9986,N,11613.9806,E,222959.000,A,A*4A
$GNGSA,A,3,29,21,03,26,,,,,,,,,1.20,0.68,0.99,1*03
$GNGSA,A,3,85,79,78,68,,,,,,,,,1.20,0.68,0.99,2*0D
$GNGSA,A,3,,,,,,,,,,,,,1.20,0.68,0.99,3*0E
$GNGSA,A,3,05,04,09,08,,,,,,,,,1.20,0.68,0.99,4*09
$GPGSV,2,1,08,29,09,184,39.9,15,37,047,,21,81,136,39.7,09,34,121,,1*6F
$GPGSV,2,2,08,03,19,308,39.7,26,18,045,39.9,14,13,220,,18,65,322,,1*60
$GLGSV,1,1,04,85,10,275,39.5,79,61,056,40.0,78,10,028,39.9,68,07,114,39.9,1*78
$GAGSV,1,1,00,7*73
$GBGSV,2,1,08,05,15,249,39.0,06,49,178,,03,44,191,,01,38,147,,1*60
$GBGSV,2,2,08,02,30,229,,04,27,125,39.2,09,24,193,39.5,08,56,184,39.5,1*65
$GNRMC,222959.000,A,3859.9986,N,11613.9806,E,0.01,315.70,280612,,,A,V*09
$GNVTG,315.70,T,,M,0.01,N,0.01,K,A*23
$GNZDA,222959.000,28,06,2012,,*42
$GNGGA,223000.000,3859.9986,N,11613.9805,E,1,12,0.68,-7.3,M,-6.8,M,,*4F
$PAIRACC,3.30,7.59*40
$GNGLL,3859.9986,N,11613.9805,E,223000.000,A,A*4D
$GNGSA,A,3,29,21,03,26,,,,,,,,,1.20,0.68,0.99,1*03
$GNGSA,A,3,85,79,78,68,,,,,,,,,1.20,0.68,0.99,2*0D
$GNGSA,A,3,,,,,,,,,,,,,1.20,0.68,0.99,3*0E
$GNGSA,A,3,08,04,09,05,,,,,,,,,1.20,0.68,0.99,4*09
$GPGSV,2,1,08,29,09,184,39.7,21,81,136,39.8,15,37,047,,09,34,121,,1*6E
$GPGSV,2,2,08,03,19,308,40.1,26,18,045,39.8,14,13,220,,18,65,322,,1*69
$GLGSV,1,1,04,85,10,275,39.8,79,61,056,40.0,78,10,028,39.9,68,07,114,40.1,1*73
$GAGSV,1,1,00,7*73
$GBGSV,2,1,07,02,30,229,,06,49,178,,03,44,191,,08,56,184,39.6,1*61
$GBGSV,2,2,07,04,27,125,38.7,09,24,193,39.3,05,15,249,38.8,1*54
$GNRMC,223000.000,A,3859.9986,N,11613.9805,E,0.01,314.85,280612,,,A,V*05
$GNVTG,314.85,T,,M,0.01,N,0.01,K,A*28
$GNZDA,223000.000,28,06,2012,,*46
$GNGGA,223001.000,3859.9986,N,11613.9805,E,1,12,0.68,-7.3,M,-6.8,M,,*4E
$PAIRACC,3.28,7.67*44
$GNGLL,3859.9986,N,11613.9805,E,223001.000,A,A*4C
$GNGSA,A,3,29,21,03,26,,,,,,,,,1.20,0.68,0.99,1*03
$GNGSA,A,3,78,79,85,68,,,,,,,,,1.20,0.68,0.99,2*0D
$GNGSA,A,3,,,,,,,,,,,,,1.20,0.68,0.99,3*0E
$GNGSA,A,3,08,04,09,05,,,,,,,,,1.20,0.68,0.99,4*09
$GPGSV,2,1,08,29,09,184,39.9,21,81,136,39.9,15,37,047,,09,34,121,,1*61
$GPGSV,2,2,08,03,19,308,40.2,26,18,045,39.8,14,13,220,,18,65,322,,1*6A
$GLGSV,1,1,04,78,10,028,39.5,79,61,056,39.9,85,10,275,39.7,68,06,116,39.9,1*72
$GAGSV,1,1,00,7*73
$GBGSV,2,1,06,08,56,184,39.0,03,44,191,,02,30,229,,04,27,125,39.1,1*71
$GBGSV,2,2,06,09,24,193,39.2,05,15,249,39.2,1*7A
$GNRMC,223001.000,A,3859.9986,N,11613.9805,E,0.01,314.18,280612,,,A,V*00
$GNVTG,314.18,T,,M,0.01,N,0.01,K,A*2C
$GNZDA,223001.000,28,06,2012,,*47
$GNGGA,223002.000,3859.9986,N,11613.9805,E,1,12,0.68,-7.3,M,-6.8,M,,*4D
$PAIRACC,3.28,7.58*48
$GNGLL,3859.9986,N,11613.9805,E,223002.000,A,A*4F
$GNGSA,A,3,29,03,26,21,,,,,,,,,1.20,0.68,0.99,1*03
$GNGSA,A,3,79,78,85,68,,,,,,,,,1.20,0.68,0.99,2*0D
$GNGSA,A,3,,,,,,,,,,,,,1.20,0.68,0.99,3*0E
$GNGSA,A,3,08,04,09,05,,,,,,,,,1.20,0.68,0.99,4*09
$GPGSV,2,1,08,29,09,184,39.8,18,65,322,,15,37,047,,09,34,121,,1*7A
$GPGSV,2,2,08,03,19,308,39.9,26,18,045,40.2,14,13,220,,21,81,136,39.9,1*71
$GLGSV,1,1,04,79,61,056,39.7,78,10,028,39.6,85,10,275,40.0,68,06,116,40.0,1*71
$GAGSV,1,1,00,7*73
$GBGSV,2,1,05,08,56,184,39.2,02,30,229,,04,27,125,39.4,09,24,193,39.5,1*6A
$GBGSV,2,2,05,05,15,249,39.0,1*59
$GNRMC,223002.000,A,3859.9986,N,11613.9805,E,0.01,315.22,280612,,,A,V*0B
$GNVTG,315.22,T,,M,0.01,N,0.01,K,A*24
$GNZDA,223002.000,28,06,2012,,*44
$GNGGA,223003.000,3859.9986,N,11613.9805,E,1,12,0.68,-7.3,M,-6.8,M,,*4C
$PAIRACC,3.39,8.03*49
$GNGLL,3859.9986,N,11613.9805,E,223003.000,A,A*4E
$GNGSA,A,3,29,03,26,21,,,,,,,,,1.20,0.68,0.99,1*03
$GNGSA,A,3,79,78,85,68,,,,,,,,,1.20,0.68,0.99,2*0D
$GNGSA,A,3,,,,,,,,,,,,,1.20,0.68,0.99,3*0E
$GNGSA,A,3,08,04,09,05,,,,,,,,,1.20,0.68,0.99,4*09
$GPGSV,2,1,08,29,09,184,40.1,18,65,322,,15,37,047,,09,34,121,,1*7D
$GPGSV,2,2,08,03,19,308,39.8,26,18,045,40.1,14,13,220,,21,81,136,39.7,1*7D
$GLGSV,1,1,04,79,61,056,39.6,78,10,028,40.1,85,10,275,39.8,68,06,116,39.7,1*76
$GAGSV,1,1,00,7*73
$GBGSV,1,1,04,08,56,184,39.0,04,27,125,38.8,09,24,193,40.0,05,15,249,39.0,1*7E
$GNRMC,223003.000,A,3859.9986,N,11613.9805,E,0.01,320.20,280612,,,A,V*0E
$GNVTG,320.20,T,,M,0.01,N,0.01,K,A*20
$GNZDA,223003.000,28,06,2012,,*45
$GNGGA,223004.000,3859.9986,N,11613.9805,E,1,12,0.68,-7.3,M,-6.8,M,,*4B
$PAIRACC,3.28,7.58*48
$GNGLL,3859.9986,N,11613.9805,E,223004.000,A,A*49
$GNGSA,A,3,29,03,26,21,,,,,,,,,1.20,0.68,0.99,1*03
$GNGSA,A,3,79,78,85,68,,,,,,,,,1.20,0.68,0.99,2*0D
$GNGSA,A,3,,,,,,,,,,,,,1.20,0.68,0.99,3*0E
$GNGSA,A,3,08,04,09,05,,,,,,,,,1.20,0.68,0.99,4*09
$GPGSV,2,1,08,29,09,184,39.8,18,65,322,,15,37,047,,09,34,121,,1*7A
$GPGSV,2,2,08,03,19,308,39.9,26,18,045,39.9,14,13,220,,21,81,136,40.0,1*73
$GLGSV,1,1,04,79,61,056,39.9,78,10,028,39.7,85,10,275,39.7,68,06,116,39.9,1*70
$GAGSV,1,1,00,7*73
$GBGSV,1,1,04,08,56,184,39.4,04,27,125,38.9,09,24,193,39.2,05,15,249,39.0,1*77
$GNRMC,223004.000,A,3859.9986,N,11613.9805,E,0.01,307.05,280612,,,A,V*0B
$GNVTG,307.05,T,,M,0.01,N,0.01,K,A*22
$GNZDA,223004.000,28,06,2012,,*42
$GNGGA,223005.000,3859.9986,N,11613.9805,E,1,12,0.68,-7.3,M,-6.8,M,,*4A
$PAIRACC,3.39,8.02*48
$GNGLL,3859.9986,N,11613.9805,E,223005.000,A,A*48
$GNGSA,A,3,29,03,26,21,,,,,,,,,1.20,0.68,0.99,1*03
$GNGSA,A,3,79,78,85,68,,,,,,,,,1.20,0.68,0.99,2*0D
$GNGSA,A,3,,,,,,,,,,,,,1.20,0.68,0.99,3*0E
$GNGSA,A,3,08,04,09,05,,,,,,,,,1.20,0.68,0.99,4*09
$GPGSV,2,1,08,29,09,184,39.7,18,65,322,,15,37,047,,09,34,121,,1*75
$GPGSV,2,2,08,03,19,308,39.8,26,18,045,39.9,14,13,220,,21,81,136,39.9,1*75
$GLGSV,1,1,04,79,61,056,39.7,78,10,028,39.8,85,10,275,39.7,68,06,116,39.9,1*71
$GAGSV,1,1,00,7*73
$GBGSV,1,1,04,08,56,184,39.2,04,27,125,39.0,09,24,193,39.2,05,15,249,39.2,1*7B
$GNRMC,223005.000,A,3859.9986,N,11613.9805,E,0.01,313.67,280612,,,A,V*0B
$GNVTG,313.67,T,,M,0.01,N,0.01,K,A*23
$GNZDA,223005.000,28,06,2012,,*43
$GNGGA,223006.000,3859.9986,N,11613.9805,E,1,12,0.68,-7.3,M,-6.8,M,,*49
$PAIRACC,3.28,7.58*48
$GNGLL,3859.9986,N,11613.9805,E,223006.000,A,A*4B
$GNGSA,A,3,29,03,26,21,,,,,,,,,1.20,0.68,0.99,1*03
$GNGSA,A,3,79,78,85,68,,,,,,,,,1.20,0.68,0.99,2*0D
$GNGSA,A,3,,,,,,,,,,,,,1.20,0.68,0.99,3*0E
$GNGSA,A,3,08,04,09,05,,,,,,,,,1.20,0.68,0.99,4*09
$GPGSV,2,1,08,29,09,184,40.0,18,65,322,,15,37,047,,09,34,121,,1*7C
$GPGSV,2,2,08,03,19,308,39.9,26,18,045,39.7,14,13,220,,21,81,136,39.9,1*7A
$GLGSV,1,1,04,79,61,056,40.2,78,10,028,39.5,85,10,275,40.0,68,06,116,39.8,1*7F
$GAGSV,1,1,00,7*73
$GBGSV,1,1,04,08,56,184,39.7,04,27,125,39.0,09,24,193,39.5,05,15,249,39.0,1*7B
$GNRMC,223006.000,A,3859.9986,N,11613.9805,E,0.01,317.50,280612,,,A,V*08
$GNVTG,317.50,T,,M,0.01,N,0.01,K,A*23
$GNZDA,223006.000,28,06,2012,,*40
$GNGGA,223007.000,3859.9986,N,11613.9805,E,1,12,0.68,-7.3,M,-6.8,M,,*48
$PAIRACC,3.29,7.61*43
$GNGLL,3859.9986,N,11613.9805,E,223007.000,A,A*4A
$GNGSA,A,3,29,03,26,21,,,,,,,,,1.20,0.68,0.99,1*03
$GNGSA,A,3,79,78,85,68,,,,,,,,,1.20,0.68,0.99,2*0D
$GNGSA,A,3,,,,,,,,,,,,,1.20,0.68,0.99,3*0E
$GNGSA,A,3,08,04,09,05,,,,,,,,,1.20,0.68,0.99,4*09
$GPGSV,2,1,08,29,09,184,39.9,18,65,322,,15,37,047,,09,34,121,,1*7B
$GPGSV,2,2,08,03,19,308,39.5,26,18,045,39.9,14,13,220,,21,81,136,39.8,1*79
$GLGSV,1,1,04,79,61,056,39.8,78,10,028,39.8,85,10,275,39.8,68,06,116,40.3,1*75
$GAGSV,1,1,00,7*73
$GBGSV,1,1,04,08,56,184,39.4,04,27,125,39.3,09,24,193,39.7,05,15,249,39.5,1*7C
$GNRMC,223007.000,A,3859.9986,N,11613.9805,E,0.01,325.14,280612,,,A,V*08
$GNVTG,325.14,T,,M,0.01,N,0.01,K,A*22
$GNZDA,223007.000,28,06,2012,,*41
$GNGGA,223008.000,3859.9986,N,11613.9805,E,1,12,0.68,-7.3,M,-6.8,M,,*47
$PAIRACC,3.39,7.99*45
$GNGLL,3859.9986,N,11613.9805,E,223008.000,A,A*45
$GNGSA,A,3,29,03,26,21,,,,,,,,,1.20,0.68,0.99,1*03
$GNGSA,A,3,79,78,85,68,,,,,,,,,1.20,0.68,0.99,2*0D
$GNGSA,A,3,,,,,,,,,,,,,1.20,0.68,0.99,3*0E
$GNGSA,A,3,08,04,09,05,,,,,,,,,1.20,0.68,0.99,4*09
$GPGSV,2,1,08,29,09,184,39.7,18,65,322,,15,37,047,,09,34,121,,1*75
$GPGSV,2,2,08,03,19,308,39.8,26,18,045,39.8,14,13,220,,21,81,136,40.1,1*72
$GLGSV,1,1,04,79,61,056,39.9,78,10,028,39.5,85,10,275,39.7,68,06,116,40.0,1*75
$GAGSV,1,1,00,7*73
$GBGSV,1,1,04,08,56,184,39.9,04,27,125,39.2,09,24,193,39.5,05,15,249,39.3,1*74
$GNRMC,223008.000,A,3859.9986,N,11613.9805,E,0.01,322.08,280612,,,A,V*0D
$GNVTG,322.08,T,,M,0.01,N,0.01,K,A*28
$GNZDA,223008.000,28,06,2012,,*4E
$GNGGA,223009.000,3859.9986,N,11613.9805,E,1,12,0.68,-7.3,M,-6.8,M,,*46
$PAIRACC,3.29,7.63*41
$GNGLL,3859.9986,N,11613.9805,E,223009.000,A,A*44
$GNGSA,A,3,29,03,26,21,,,,,,,,,1.20,0.68,0.99,1*03
$GNGSA,A,3,79,78,85,68,,,,,,,,,1.20,0.68,0.99,2*0D
$GNGSA,A,3,,,,,,,,,,,,,1.20,0.68,0.99,3*0E
$GNGSA,A,3,08,04,09,05,,,,,,,,,1.20,0.68,0.99,4*09
$GPGSV,2,1,08,29,09,184,39.9,18,65,322,,15,37,047,,09,34,121,,1*7B
$GPGSV,2,2,08,03,19,308,40.1,26,18,045,39.5,14,13,220,,21,81,136,40.3,1*7A
$GLGSV,1,1,04,79,61,056,39.9,78,10,028,39.4,85,10,275,39.2,68,06,116,39.8,1*77
$GAGSV,1,1,00,7*73
$GBGSV,1,1,04,08,56,184,38.8,04,27,125,39.2,09,24,193,39.3,05,15,249,39.2,1*73
$GNRMC,223009.000,A,3859.9986,N,11613.9805,E,0.01,316.44,280612,,,A,V*03
$GNVTG,316.44,T,,M,0.01,N,0.01,K,A*27
$GNZDA,223009.000,28,06,2012,,*4F
$GNGGA,223010.000,3859.9986,N,11613.9805,E,1,12,0.68,-7.3,M,-6.8,M,,*4E
$PAIRACC,3.28,7.59*49
$GNGLL,3859.9986,N,11613.9805,E,223010.000,A,A*4C
$GNGSA,A,3,29,03,26,21,,,,,,,,,1.20,0.68,0.99,1*03
$GNGSA,A,3,79,78,85,68,,,,,,,,,1.20,0.68,0.99,2*0D
$GNGSA,A,3,,,,,,,,,,,,,1.20,0.68,0.99,3*0E
$GNGSA,A,3,08,04,09,05,,,,,,,,,1.20,0.68,0.99,4*09
$GPGSV,2,1,08,29,09,184,39.7,18,65,322,,15,37,047,,09,34,121,,1*75
$GPGSV,2,2,08,03,19,308,40.1,26,18,045,39.7,14,13,220,,21,81,136,40.0,1*7B
$GLGSV,1,1,04,79,61,056,40.3,78,10,028,39.8,85,10,275,39.4,68,06,116,39.9,1*78
$GAGSV,1,1,00,7*73
$GBGSV,1,1,04,08,56,184,39.3,04,27,125,39.0,09,24,193,39.2,05,15,249,39.2,1*7A
$GNRMC,223010.000,A,3859.9986,N,11613.9805,E,0.01,323.10,280612,,,A,V*0C
$GNVTG,323.10,T,,M,0.01,N,0.01,K,A*20
$GNZDA,223010.000,28,06,2012,,*47
$GNGGA,223011.000,3859.9986,N,11613.9805,E,1,12,0.68,-7.3,M,-6.8,M,,*4F
$PAIRACC,3.29,7.61*43
$GNGLL,3859.9986,N,11613.9805,E,223011.000,A,A*4D
$GNGSA,A,3,29,03,26,21,,,,,,,,,1.20,0.68,0.99,1*03
$GNGSA,A,3,79,85,78,68,,,,,,,,,1.20,0.68,0.99,2*0D
$GNGSA,A,3,,,,,,,,,,,,,1.20,0.68,0.99,3*0E
$GNGSA,A,3,08,04,09,05,,,,,,,,,1.20,0.68,0.99,4*09
$GPGSV,2,1,08,29,09,184,40.2,18,65,322,,15,37,047,,09,34,121,,1*7E
$GPGSV,2,2,08,03,19,308,39.9,26,18,045,39.7,14,13,220,,21,81,136,40.0,1*7D
$GLGSV,1,1,04,79,61,056,40.2,85,10,275,39.8,78,09,028,40.2,68,06,116,40.1,1*7F
$GAGSV,1,1,00,7*73
$GBGSV,1,1,04,08,56,184,39.6,04,27,125,39.3,09,24,193,39.5,05,15,249,39.0,1*79
$GNRMC,223011.000,A,3859.9986,N,11613.9805,E,0.01,322.19,280612,,,A,V*05
$GNVTG,322.19,T,,M,0.01,N,0.01,K,A*28
$GNZDA,223011.000,28,06,2012,,*46
$GNGGA,223012.000,3859.9986,N,11613.9805,E,1,12,0.68,-7.3,M,-6.8,M,,*4C
$PAIRACC,3.39,8.00*4A
$GNGLL,3859.9986,N,11613.9805,E,223012.000,A,A*4E
$GNGSA,A,3,29,03,26,21,,,,,,,,,1.20,0.68,0.99,1*03
$GNGSA,A,3,79,85,78,68,,,,,,,,,1.20,0.68,0.99,2*0D
$GNGSA,A,3,,,,,,,,,,,,,1.20,0.68,0.99,3*0E
$GNGSA,A,3,08,04,09,05,,,,,,,,,1.20,0.68,0.99,4*09
$GPGSV,2,1,08,29,09,184,39.9,18,65,322,,15,37,047,,09,34,121,,1*7B
$GPGSV,2,2,08,03,19,308,39.8,26,18,045,39.7,14,13,220,,21,81,136,40.0,1*7C
$GLGSV,1,1,04,79,60,053,40.3,85,10,275,39.7,78,09,028,40.0,68,06,116,39.7,1*7F
$GAGSV,1,1,00,7*73
$GBGSV,1,1,04,08,56,184,39.7,04,27,125,38.8,09,24,193,39.1,05,15,249,39.2,1*74
$GNRMC,223012.000,A,3859.9986,N,11613.9805,E,0.01,309.00,280612,,,A,V*07
$GNVTG,309.00,T,,M,0.01,N,0.01,K,A*29
$GNZDA,223012.000,28,06,2012,,*45
$GNGGA,223013.000,3859.9986,N,11613.9805,E,1,12,0.68,-7.3,M,-6.8,M,,*4D
$PAIRACC,3.29,7.61*43
$GNGLL,3859.9986,N,11613.9805,E,223013.000,A,A*4F
$GNGSA,A,3,29,03,26,21,,,,,,,,,1.20,0.68,0.99,1*03
$GNGSA,A,3,79,85,78,68,,,,,,,,,1.20,0.68,0.99,2*0D
$GNGSA,A,3,,,,,,,,,,,,,1.20,0.68,0.99,3*0E
$GNGSA,A,3,08,04,09,05,,,,,,,,,1.20,0.68,0.99,4*09
$GPGSV,2,1,08,29,09,184,39.8,18,65,322,,15,37,047,,09,34,121,,1*7A
$GPGSV,2,2,08,03,19,308,39.8,26,18,045,39.7,14,13,220,,21,81,136,40.2,1*7E
$GLGSV,1,1,04,79,60,053,40.0,85,10,275,39.3,78,09,028,40.1,68,06,116,40.3,1*73
$GAGSV,1,1,00,7*73
$GBGSV,1,1,04,08,56,184,39.3,04,27,125,38.9,09,24,193,39.3,05,15,249,39.3,1*72
$GNRMC,223013.000,A,3859.9986,N,11613.9805,E,0.01,320.33,280612,,,A,V*0D
$GNVTG,320.33,T,,M,0.01,N,0.01,K,A*22
$GNZDA,223013.000,28,06,2012,,*44
$GNGGA,223014.000,3859.9986,N,11613.9805,E,1,12,0.68,-7.3,M,-6.8,M,,*4A
$PAIRACC,3.39,7.99*45
$GNGLL,3859.9986,N,11613.9805,E,223014.000,A,A*48
$GNGSA,A,3,29,03,26,21,,,,,,,,,1.20,0.68,0.99,1*03
$GNGSA,A,3,79,85,78,68,,,,,,,,,1.20,0.68,0.99,2*0D
$GNGSA,A,3,,,,,,,,,,,,,1.20,0.68,0.99,3*0E
$GNGSA,A,3,08,04,09,05,,,,,,,,,1.20,0.68,0.99,4*09
$GPGSV,2,1,08,29,09,184,40.1,18,65,322,,15,37,047,,09,34,121,,1*7D
$GPGSV,2,2,08,03,19,308,39.9,26,18,045,39.7,14,13,220,,21,81,136,40.3,1*7E
$GLGSV,1,1,04,79,60,053,40.9,85,10,275,40.0,78,09,028,39.5,68,06,116,39.8,1*78
$GAGSV,1,1,00,7*73
$GBGSV,1,1,04,08,56,184,39.5,04,27,125,39.2,09,24,193,39.5,05,15,249,39.1,1*7A
$GNRMC,223014.000,A,3859.9986,N,11613.9805,E,0.01,322.29,280612,,,A,V*03
$GNVTG,322.29,T,,M,0.01,N,0.01,K,A*2B
$GNZDA,223014.000,28,06,2012,,*43
$GNGGA,223015.000,3859.9986,N,11613.9805,E,1,12,0.68,-7.3,M,-6.8,M,,*4B
$PAIRACC,3.29,7.62*40
$GNGLL,3859.9986,N,11613.9805,E,223015.000,A,A*49
$GNGSA,A,3,29,03,26,21,,,,,,,,,1.20,0.68,0.99,1*03
$GNGSA,A,3,79,85,78,68,,,,,,,,,1.20,0.68,0.99,2*0D
$GNGSA,A,3,,,,,,,,,,,,,1.20,0.68,0.99,3*0E
$GNGSA,A,3,08,04,09,05,,,,,,,,,1.20,0.68,0.99,4*09
$GPGSV,2,1,08,29,09,184,39.8,18,65,322,,15,37,047,,09,34,121,,1*7A
$GPGSV,2,2,08,03,19,308,40.3,26,18,045,39.7,14,13,220,,21,81,136,39.6,1*71
$GLGSV,1,1,04,79,60,053,39.6,85,10,275,39.8,78,09,028,40.2,68,06,116,40.3,1*73
$GAGSV,1,1,00,7*73
$GBGSV,1,1,04,08,56,184,39.5,04,27,125,38.9,09,24,193,39.2,05,15,249,39.1,1*77
$GNRMC,223015.000,A,3859.9986,N,11613.9805,E,0.01,312.75,280612,,,A,V*08
$GNVTG,312.75,T,,M,0.01,N,0.01,K,A*21
$GNZDA,223015.000,28,06,2012,,*42
$GNGGA,223016.000,3859.9986,N,11613.9805,E,1,12,0.68,-7.3,M,-6.8,M,,*48
$PAIRACC,3.39,8.00*4A
$GNGLL,3859.9986,N,11613.9805,E,223016.000,A,A*4A
$GNGSA,A,3,29,03,26,21,,,,,,,,,1.20,0.68,0.99,1*03
$GNGSA,A,3,79,85,78,68,,,,,,,,,1.20,0.68,0.99,2*0D
$GNGSA,A,3,,,,,,,,,,,,,1.20,0.68,0.99,3*0E
$GNGSA,A,3,08,04,09,05,,,,,,,,,1.20,0.68,0.99,4*09
$GPGSV,2,1,08,29,09,184,39.2,18,65,322,,15,37,047,,09,34,121,,1*70
$GPGSV,2,2,08,03,19,308,39.8,26,18,045,39.8,14,13,220,,21,81,136,40.0,1*73
$GLGSV,1,1,04,79,60,053,40.2,85,10,275,40.2,78,09,028,39.9,68,06,116,40.3,1*78
$GAGSV,1,1,00,7*73
$GBGSV,1,1,04,08,56,184,39.7,04,27,125,39.2,09,24,193,39.8,05,15,249,39.0,1*74
$GNRMC,223016.000,A,3859.9986,N,11613.9805,E,0.01,311.24,280612,,,A,V*0C
$GNVTG,311.24,T,,M,0.01,N,0.01,K,A*26
$GNZDA,223016.000,28,06,2012,,*41
$GNGGA,223017.000,3859.9986,N,11613.9805,E,1,12,0.68,-7.3,M,-6.8,M,,*49
$PAIRACC,3.29,7.62*40
$GNGLL,3859.9986,N,11613.9805,E,223017.000,A,A*4B
$GNGSA,A,3,29,03,26,21,,,,,,,,,1.20,0.68,0.99,1*03
$GNGSA,A,3,79,85,78,68,,,,,,,,,1.20,0.68,0.99,2*0D
$GNGSA,A,3,,,,,,,,,,,,,1.20,0.68,0.99,3*0E
$GNGSA,A,3,08,04,09,05,,,,,,,,,1.20,0.68,0.99,4*09
$GPGSV,2,1,08,29,09,184,39.7,18,65,322,,15,37,047,,09,34,121,,1*75
$GPGSV,2,2,08,03,19,308,39.6,26,18,045,39.9,14,13,220,,21,81,136,39.5,1*77
$GLGSV,1,1,04,79,60,053,39.7,85,10,275,39.8,78,09,028,39.6,68,06,116,39.7,1*72
$GAGSV,1,1,00,7*73
$GBGSV,1,1,04,08,56,184,39.6,04,27,125,39.4,09,24,193,39.3,05,15,249,39.2,1*7A
$GNRMC,223017.000,A,3859.9986,N,11613.9805,E,0.01,304.79,280612,,,A,V*01
$GNVTG,304.79,T,,M,0.01,N,0.01,K,A*2A
$GNZDA,223017.000,28,06,2012,,*40
$GNGGA,223018.000,3859.9986,N,11613.9805,E,1,12,0.68,-7.3,M,-6.8,M,,*46
$PAIRACC,3.39,8.00*4A
$GNGLL,3859.9986,N,11613.9805,E,223018.000,A,A*44
$GNGSA,A,3,29,03,26,21,,,,,,,,,1.20,0.68,0.99,1*03
$GNGSA,A,3,79,85,78,68,,,,,,,,,1.20,0.68,0.99,2*0D
$GNGSA,A,3,,,,,,,,,,,,,1.20,0.68,0.99,3*0E
$GNGSA,A,3,08,04,09,05,,,,,,,,,1.20,0.68,0.99,4*09
$GPGSV,2,1,08,29,09,184,39.9,18,65,322,,15,37,047,,09,34,121,,1*7B
$GPGSV,2,2,08,03,19,308,40.2,26,18,045,39.6,14,13,220,,21,81,136,40.0,1*79
$GLGSV,1,1,04,79,60,053,39.7,85,10,273,40.2,78,09,028,39.7,68,06,116,39.4,1*72
$GAGSV,1,1,00,7*73
$GBGSV,1,1,04,08,56,184,39.3,04,27,125,39.0,09,24,193,39.7,05,15,249,38.8,1*74
$GNRMC,223018.000,A,3859.9986,N,11613.9805,E,0.01,297.35,280612,,,A,V*0D
$GNVTG,297.35,T,,M,0.01,N,0.01,K,A*29
$GNZDA,223018.000,28,06,2012,,*4F
$GNGGA,223019.000,3859.9986,N,11613.9805,E,1,12,0.68,-7.3,M,-6.8,M,,*47
$PAIRACC,3.29,7.61*43
$GNGLL,3859.9986,N,11613.9805,E,223019.000,A,A*45
$GNGSA,A,3,29,03,26,21,,,,,,,,,1.20,0.68,0.99,1*03
$GNGSA,A,3,79,85,78,68,,,,,,,,,1.20,0.68,0.99,2*0D
$GNGSA,A,3,,,,,,,,,,,,,1.20,0.68,0.99,3*0E
$GNGSA,A,3,08,04,09,05,,,,,,,,,1.20,0.68,0.99,4*09
$GPGSV,2,1,08,29,09,184,39.9,18,65,322,,15,37,047,,09,34,121,,1*7B
$GPGSV,2,2,08,03,19,308,39.7,26,18,045,39.8,14,13,220,,21,81,136,39.8,1*7A
$GLGSV,1,1,04,79,60,053,40.1,85,10,273,40.0,78,09,028,39.6,68,06,116,40.0,1*73
$GAGSV,1,1,00,7*73
$GBGSV,1,1,04,08,56,184,39.6,04,27,125,39.0,09,24,193,39.4,05,15,249,39.0,1*7B
$GNRMC,223019.000,A,3859.9986,N,11613.9805,E,0.01,295.43,280612,,,A,V*0F
$GNVTG,295.43,T,,M,0.01,N,0.01,K,A*2A
$GNZDA,223019.000,28,06,2012,,*4E
$GNGGA,223020.000,3859.9986,N,11613.9805,E,1,12,0.68,-7.3,M,-6.8,M,,*4D
$PAIRACC,3.40,7.99*4B
$GNGLL,3859.9986,N,11613.9805,E,223020.000,A,A*4F
$GNGSA,A,3,29,03,26,21,,,,,,,,,1.20,0.68,0.99,1*03
$GNGSA,A,3,79,85,78,68,,,,,,,,,1.20,0.68,0.99,2*0D
$GNGSA,A,3,,,,,,,,,,,,,1.20,0.68,0.99,3*0E
$GNGSA,A,3,08,04,09,05,,,,,,,,,1.20,0.68,0.99,4*09
$GPGSV,2,1,08,29,09,184,39.9,18,65,322,,15,37,047,,09,34,121,,1*7B
$GPGSV,2,2,08,03,19,308,40.0,26,18,045,39.5,14,13,220,,21,81,136,40.2,1*7A
$GLGSV,1,1,04,79,60,053,39.7,85,10,273,40.2,78,09,028,39.7,68,06,116,39.9,1*7F
$GAGSV,1,1,00,7*73
$GBGSV,1,1,04,08,56,184,39.4,04,27,125,39.3,09,24,193,39.9,05,15,249,39.5,1*72
$GNRMC,223020.000,A,3859.9986,N,11613.9805,E,0.01,307.72,280612,,,A,V*0D
$GNVTG,307.72,T,,M,0.01,N,0.01,K,A*22
$GNZDA,223020.000,28,06,2012,,*44
$GNGGA,223021.000,3859.9986,N,11613.9805,E,1,12,0.68,-7.3,M,-6.8,M,,*4C
$PAIRACC,3.30,7.62*48
$GNGLL,3859.9986,N,11613.9805,E,223021.000,A,A*4E
$GNGSA,A,3,29,03,26,21,,,,,,,,,1.20,0.68,0.99,1*03
$GNGSA,A,3,79,85,78,68,,,,,,,,,1.20,0.68,0.99,2*0D
$GNGSA,A,3,,,,,,,,,,,,,1.20,0.68,0.99,3*0E
$GNGSA,A,3,08,04,09,05,,,,,,,,,1.20,0.68,0.99,4*09
$GPGSV,2,1,08,29,09,184,39.6,18,65,322,,15,37,047,,09,34,121,,1*74
$GPGSV,2,2,08,03,19,308,39.7,26,18,045,40.0,14,13,220,,21,81,136,40.3,1*79
$GLGSV,1,1,04,79,60,053,40.3,85,10,273,39.6,78,09,028,39.8,68,06,116,40.0,1*77
$GAGSV,1,1,00,7*73
$GBGSV,1,1,04,08,56,184,39.5,04,27,125,39.2,09,24,193,39.7,05,15,249,39.4,1*7D
$GNRMC,223021.000,A,3859.9986,N,11613.9805,E,0.01,304.25,280612,,,A,V*0D
$GNVTG,304.25,T,,M,0.01,N,0.01,K,A*23
$GNZDA,223021.000,28,06,2012,,*45
$GNGGA,223022.000,3859.9986,N,11613.9805,E,1,12,0.68,-7.4,M,-6.8,M,,*48
$PAIRACC,3.40,8.01*45
$GNGLL,3859.9986,N,11613.9805,E,223022.000,A,A*4D
$GNGSA,A,3,29,03,26,21,,,,,,,,,1.20,0.68,0.99,1*03
$GNGSA,A,3,79,85,78,68,,,,,,,,,1.20,0.68,0.99,2*0D
$GNGSA,A,3,,,,,,,,,,,,,1.20,0.68,0.99,3*0E
$GNGSA,A,3,08,04,09,05,,,,,,,,,1.20,0.68,0.99,4*09
$GPGSV,2,1,08,29,09,184,39.8,18,65,322,,15,37,047,,09,34,121,,1*7A
$GPGSV,2,2,08,03,19,308,39.7,26,18,045,39.8,14,13,220,,21,81,136,40.3,1*7F
$GLGSV,1,1,04,79,60,053,40.1,85,10,273,39.9,78,09,028,39.8,68,06,116,39.8,1*7C
$GAGSV,1,1,00,7*73
$GBGSV,1,1,04,08,56,184,39.4,04,27,125,39.0,09,24,193,39.7,05,15,249,39.1,1*7B
$GNRMC,223022.000,A,3859.9986,N,11613.9805,E,0.01,304.95,280612,,,A,V*05
$GNVTG,304.95,T,,M,0.01,N,0.01,K,A*28
$GNZDA,223022.000,28,06,2012,,*46
$GNGGA,223023.000,3859.9986,N,11613.9805,E,1,12,0.68,-7.4,M,-6.8,M,,*49
$PAIRACC,3.30,7.62*48
$GNGLL,3859.9986,N,11613.9805,E,223023.000,A,A*4C
$GNGSA,A,3,29,03,26,21,,,,,,,,,1.20,0.68,0.99,1*03
$GNGSA,A,3,79,85,78,68,,,,,,,,,1.20,0.68,0.99,2*0D
$GNGSA,A,3,,,,,,,,,,,,,1.20,0.68,0.99,3*0E
$GNGSA,A,3,08,04,09,05,,,,,,,,,1.20,0.68,0.99,4*09
$GPGSV,2,1,08,29,09,184,39.9,18,65,322,,15,37,047,,09,34,121,,1*7B
$GPGSV,2,2,08,03,19,308,39.8,26,18,045,39.6,14,13,220,,21,81,136,39.7,1*74
$GLGSV,1,1,04,79,60,053,40.5,85,10,273,40.0,78,09,028,40.0,68,06,116,40.0,1*7F
$GAGSV,1,1,00,7*73
$GBGSV,1,1,04,08,56,184,39.2,04,27,125,39.1,09,24,193,39.1,05,15,249,39.4,1*7F
$GNRMC,223023.000,A,3859.9986,N,11613.9805,E,0.01,308.70,280612,,,A,V*03
$GNVTG,308.70,T,,M,0.01,N,0.01,K,A*2F
$GNZDA,223023.000,28,06,2012,,*47
$GNGGA,223024.000,3859.9986,N,11613.9805,E,1,12,0.68,-7.4,M,-6.8,M,,*4E
$PAIRACC,3.31,7.98*4C
$GNGLL,3859.9986,N,11613.9805,E,223024.000,A,A*4B
$GNGSA,A,3,29,03,26,21,,,,,,,,,1.20,0.68,0.99,1*03
$GNGSA,A,3,79,85,78,68,,,,,,,,,1.20,0.68,0.99,2*0D
$GNGSA,A,3,,,,,,,,,,,,,1.20,0.68,0.99,3*0E
$GNGSA,A,3,08,04,09,05,,,,,,,,,1.20,0.68,0.99,4*09
$GPGSV,2,1,08,29,09,184,39.8,18,65,322,,15,37,047,,09,34,121,,1*7A
$GPGSV,2,2,08,03,19,308,40.0,26,18,045,40.0,14,13,220,,21,81,136,39.7,1*7A
$GLGSV,1,1,04,79,60,053,40.2,85,10,273,39.9,78,09,028,40.1,68,06,116,39.3,1*73
$GAGSV,1,1,00,7*73
$GBGSV,1,1,04,08,56,184,39.0,04,27,125,38.9,09,24,193,39.7,05,15,249,39.3,1*75
$GNRMC,223024.000,A,3859.9986,N,11613.9805,E,0.01,313.07,280612,,,A,V*0E
$GNVTG,313.07,T,,M,0.01,N,0.01,K,A*25
$GNZDA,223024.000,28,06,2012,,*40
$GNGGA,223025.000,3859.9986,N,11613.9805,E,1,12,0.68,-7.4,M,-6.8,M,,*4F
$PAIRACC,3.39,7.65*46
$GNGLL,3859.9986,N,11613.9805,E,223025.000,A,A*4A
$GNGSA,A,3,29,03,26,21,,,,,,,,,1.20,0.68,0.99,1*03
$GNGSA,A,3,79,85,78,68,,,,,,,,,1.20,0.68,0.99,2*0D
$GNGSA,A,3,,,,,,,,,,,,,1.20,0.68,0.99,3*0E
$GNGSA,A,3,08,04,09,05,,,,,,,,,1.20,0.68,0.99,4*09
$GPGSV,2,1,08,29,09,184,40.0,18,65,322,,15,37,047,,09,34,121,,1*7C
$GPGSV,2,2,08,03,19,308,39.8,26,18,045,39.7,14,13,220,,21,81,136,40.3,1*7F
$GLGSV,1,1,04,79,60,053,40.2,85,10,273,39.7,78,09,028,40.1,68,06,116,38.3,1*7C
$GAGSV,1,1,00,7*73
$GBGSV,1,1,04,08,56,184,39.3,04,27,125,39.1,09,24,193,39.9,05,15,249,39.4,1*76
$GNRMC,223025.000,A,3859.9986,N,11613.9805,E,0.01,322.69,280612,,,A,V*05
$GNVTG,322.69,T,,M,0.01,N,0.01,K,A*2F
$GNZDA,223025.000,28,06,2012,,*41
$GNGGA,223026.000,3859.9986,N,11613.9805,E,1,12,0.68,-7.4,M,-6.8,M,,*4C
$PAIRACC,3.31,7.98*4C
$GNGLL,3859.9986,N,11613.9805,E,223026.000,A,A*49
$GNGSA,A,3,29,03,26,21,,,,,,,,,1.20,0.68,0.99,1*03
$GNGSA,A,3,79,85,78,68,,,,,,,,,1.20,0.68,0.99,2*0D
$GNGSA,A,3,,,,,,,,,,,,,1.20,0.68,0.99,3*0E
$GNGSA,A,3,08,04,09,05,,,,,,,,,1.20,0.68,0.99,4*09
$GPGSV,2,1,08,29,09,184,39.7,18,65,322,,15,37,047,,09,34,121,,1*75
$GPGSV,2,2,08,03,19,308,39.7,26,18,045,39.7,14,13,220,,21,81,136,39.7,1*7A
$GLGSV,1,1,04,79,60,053,39.8,85,10,273,39.6,78,09,028,40.2,68,06,116,39.3,1*7B
$GAGSV,1,1,00,7*73
$GBGSV,1,1,04,08,56,184,39.3,04,27,125,39.2,09,24,193,39.7,05,15,249,39.1,1*7E
$GNRMC,223026.000,A,3859.9986,N,11613.9805,E,0.01,314.70,280612,,,A,V*0B
$GNVTG,314.70,T,,M,0.01,N,0.01,K,A*22
$GNZDA,223026.000,28,06,2012,,*42
$GNGGA,223027.000,3859.9986,N,11613.9805,E,1,12,0.68,-7.4,M,-6.8,M,,*4D
$PAIRACC,3.30,7.64*4E
$GNGLL,3859.9986,N,11613.9805,E,223027.000,A,A*48
$GNGSA,A,3,29,03,26,21,,,,,,,,,1.20,0.68,0.99,1*03
$GNGSA,A,3,79,85,78,68,,,,,,,,,1.20,0.68,0.99,2*0D
$GNGSA,A,3,,,,,,,,,,,,,1.20,0.68,0.99,3*0E
$GNGSA,A,3,08,04,09,05,,,,,,,,,1.20,0.68,0.99,4*09
$GPGSV,2,1,08,29,09,184,40.1,18,65,322,,15,37,047,,09,34,121,,1*7D
$GPGSV,2,2,08,03,19,308,39.7,26,18,045,39.8,14,13,220,,21,81,136,40.2,1*7E
$GLGSV,1,1,04,79,60,053,40.1,85,10,273,39.9,78,09,028,40.0,68,06,116,38.4,1*77
$GAGSV,1,1,00,7*73
$GBGSV,2,1,05,08,56,184,39.9,06,49,178,,04,27,125,39.0,09,24,193,39.2,1*6F
$GBGSV,2,2,05,05,15,249,39.3,1*5A
$GNRMC,223027.000,A,3859.9986,N,11613.9805,E,0.01,325.03,280612,,,A,V*0C
$GNVTG,325.03,T,,M,0.01,N,0.01,K,A*24
$GNZDA,223027.000,28,06,2012,,*43
$GNGGA,223028.000,3859.9986,N,11613.9805,E,1,12,0.68,-7.4,M,-6.8,M,,*42
$PAIRACC,3.40,8.01*45
$GNGLL,3859.9986,N,11613.9805,E,223028.000,A,A*47
$GNGSA,A,3,29,03,26,21,,,,,,,,,1.20,0.68,0.99,1*03
$GNGSA,A,3,79,85,78,68,,,,,,,,,1.20,0.68,0.99,2*0D
$GNGSA,A,3,,,,,,,,,,,,,1.20,0.68,0.99,3*0E
$GNGSA,A,3,08,04,09,05,,,,,,,,,1.20,0.68,0.99,4*09
$GPGSV,2,1,08,29,09,184,39.6,18,65,322,,15,37,047,,09,34,121,,1*74
$GPGSV,2,2,08,03,19,308,40.1,26,18,045,39.5,14,13,220,,21,81,136,39.9,1*7E
$GLGSV,1,1,04,79,60,053,39.7,85,10,273,40.1,78,09,028,40.1,68,06,116,39.0,1*7D
$GAGSV,1,1,00,7*73
$GBGSV,2,1,05,08,56,184,39.5,06,49,178,,04,27,125,39.0,09,24,193,39.2,1*63
$GBGSV,2,2,05,05,15,249,38.8,1*50
$GNRMC,223028.000,A,3859.9986,N,11613.9805,E,0.01,324.53,280612,,,A,V*07
$GNVTG,324.53,T,,M,0.01,N,0.01,K,A*20
$GNZDA,223028.000,28,06,2012,,*4C
$GNGGA,223029.000,3859.9986,N,11613.9805,E,1,12,0.68,-7.4,M,-6.8,M,,*43
$PAIRACC,3.30,7.64*4E
$GNGLL,3859.9986,N,11613.9805,E,223029.000,A,A*46
$GNGSA,A,3,29,21,03,26,,,,,,,,,1.20,0.68,0.99,1*03
$GNGSA,A,3,79,85,78,68,,,,,,,,,1.20,0.68,0.99,2*0D
$GNGSA,A,3,,,,,,,,,,,,,1.20,0.68,0.99,3*0E
$GNGSA,A,3,08,04,09,05,,,,,,,,,1.20,0.68,0.99,4*09
$GPGSV,2,1,08,29,09,184,39.7,21,81,136,40.3,15,37,047,,09,34,121,,1*6B
$GPGSV,2,2,08,03,19,308,40.0,26,18,045,39.7,14,13,220,,18,65,322,,1*67
$GLGSV,2,1,05,70,47,333,,79,60,053,40.0,85,10,273,40.3,78,09,028,40.1,1*69
$GLGSV,2,2,05,68,06,116,38.2,1*54
$GAGSV,1,1,00,7*73
$GBGSV,2,1,05,08,57,185,39.3,06,49,178,,04,27,125,39.1,09,24,193,39.4,1*62
$GBGSV,2,2,05,05,15,249,39.5,1*5C
$GNRMC,223029.000,A,3859.9986,N,11613.9805,E,0.01,329.48,280612,,,A,V*01
$GNVTG,329.48,T,,M,0.01,N,0.01,K,A*27
$GNZDA,223029.000,28,06,2012,,*4D
$GNGGA,223030.000,3859.9986,N,11613.9805,E,1,12,0.68,-7.4,M,-6.8,M,,*4B
$PAIRACC,3.40,8.01*45
$GNGLL,3859.9986,N,11613.9805,E,223030.000,A,A*4E
$GNGSA,A,3,29,21,03,26,,,,,,,,,1.20,0.68,0.99,1*03
$GNGSA,A,3,85,79,78,68,,,,,,,,,1.20,0.68,0.99,2*0D
$GNGSA,A,3,,,,,,,,,,,,,1.20,0.68,0.99,3*0E
$GNGSA,A,3,08,04,09,05,,,,,,,,,1.20,0.68,0.99,4*09
$GPGSV,2,1,08,29,09,184,39.8,21,81,136,39.8,15,37,047,,09,34,121,,1*61
$GPGSV,2,2,08,03,19,308,40.2,26,18,045,39.7,14,13,220,,18,65,322,,1*65
$GLGSV,2,1,05,85,10,273,40.2,79,60,053,40.0,86,09,323,,78,09,028,40.2,1*69
$GLGSV,2,2,05,68,06,116,39.1,1*56
$GAGSV,1,1,00,7*73
$GBGSV,2,1,05,08,57,185,39.8,06,49,178,,04,27,125,39.2,09,24,193,39.2,1*6C
$GBGSV,2,2,05,05,15,249,39.4,1*5D
$GNRMC,223030.000,A,3859.9986,N,11613.9805,E,0.01,320.73,280612,,,A,V*08
$GNVTG,320.73,T,,M,0.01,N,0.01,K,A*26
$GNZDA,223030.000,28,06,2012,,*45
$GNGGA,223031.000,3859.9986,N,11613.9805,E,1,12,0.68,-7.4,M,-6.8,M,,*4A
$PAIRACC,3.30,7.64*4E
$GNGLL,3859.9986,N,11613.9805,E,223031.000,A,A*4F
$GNGSA,A,3,29,21,03,26,,,,,,,,,1.20,0.68,0.99,1*03
$GNGSA,A,3,85,79,78,68,,,,,,,,,1.20,0.68,0.99,2*0D
$GNGSA,A,3,,,,,,,,,,,,,1.20,0.68,0.99,3*0E
$GNGSA,A,3,08,04,09,05,,,,,,,,,1.20,0.68,0.99,4*09
$GPGSV,2,1,08,29,09,184,39.8,21,81,136,39.8,15,37,047,,09,34,121,,1*61
$GPGSV,2,2,08,03,19,308,40.2,26,18,045,40.1,14,13,220,,18,65,322,,1*6D
$GLGSV,2,1,05,85,10,273,39.8,79,60,053,40.4,78,09,028,40.1,68,06,116,37.8,1*73
$GLGSV,2,2,05,73,05,198,,1*4C
$GAGSV,1,1,00,7*73
$GBGSV,2,1,05,08,57,185,39.0,06,49,178,,04,27,125,39.1,09,24,193,39.4,1*61
$GBGSV,2,2,05,05,15,249,39.1,1*58
$GNRMC,223031.000,A,3859.9986,N,11613.9805,E,0.01,323.18,280612,,,A,V*07
$GNVTG,323.18,T,,M,0.01,N,0.01,K,A*28
$GNZDA,223031.000,28,06,2012,,*44
$GNGGA,223032.000,3859.9986,N,11613.9805,E,1,12,0.68,-7.4,M,-6.8,M,,*49
$PAIRACC,3.30,7.61*4B
$GNGLL,3859.9986,N,11613.9805,E,223032.000,A,A*4C
$GNGSA,A,3,29,21,03,26,,,,,,,,,1.20,0.68,0.99,1*03
$GNGSA,A,3,85,79,78,68,,,,,,,,,1.20,0.68,0.99,2*0D
$GNGSA,A,3,,,,,,,,,,,,,1.20,0.68,0.99,3*0E
$GNGSA,A,3,08,04,09,05,,,,,,,,,1.20,0.68,0.99,4*09
$GPGSV,2,1,08,29,09,184,39.7,21,81,136,39.6,15,37,047,,09,34,121,,1*60
$GPGSV,2,2,08,03,19,308,39.7,26,18,045,40.2,14,13,220,,18,65,322,,1*65
$GLGSV,2,1,05,85,10,273,39.7,79,60,053,40.5,78,09,028,39.8,68,06,116,38.6,1*7B
$GLGSV,2,2,05,73,05,198,,1*4C
$GAGSV,1,1,00,7*73
$GBGSV,2,1,05,08,57,185,39.5,06,49,178,,04,27,125,39.3,09,24,193,39.8,1*6A
$GBGSV,2,2,05,05,15,249,39.2,1*5B
$GNRMC,223032.000,A,3859.9986,N,11613.9805,E,0.01,317.62,280612,,,A,V*0E
$GNVTG,317.62,T,,M,0.01,N,0.01,K,A*22
$GNZDA,223032.000,28,06,2012,,*47
$GNGGA,223033.000,3859.9986,N,11613.9805,E,1,12,0.68,-7.4,M,-6.8,M,,*48
$PAIRACC,3.30,7.63*49
$GNGLL,3859.9986,N,11613.9805,E,223033.000,A,A*4D
$GNGSA,A,3,29,21,03,26,,,,,,,,,1.20,0.68,0.99,1*03
$GNGSA,A,3,85,79,78,68,,,,,,,,,1.20,0.68,0.99,2*0D
$GNGSA,A,3,,,,,,,,,,,,,1.20,0.68,0.99,3*0E
$GNGSA,A,3,08,04,09,05,,,,,,,,,1.20,0.68,0.99,4*09
$GPGSV,2,1,08,29,09,184,39.6,21,81,136,40.1,15,37,047,,09,34,121,,1*68
$GPGSV,2,2,08,03,19,308,39.6,26,18,045,40.1,14,13,220,,18,65,322,,1*67
$GLGSV,1,1,04,85,10,273,40.0,79,60,053,40.2,78,09,028,40.1,68,06,116,38.0,1*76
$GAGSV,1,1,00,7*73
$GBGSV,2,1,06,08,57,185,39.2,06,49,178,,03,44,191,,04,27,125,38.8,1*76
$GBGSV,2,2,06,09,24,193,39.5,05,15,249,39.0,1*7F
$GNRMC,223033.000,A,3859.9986,N,11613.9805,E,0.01,317.71,280612,,,A,V*0D
$GNVTG,317.71,T,,M,0.01,N,0.01,K,A*20
$GNZDA,223033.000,28,06,2012,,*46
$GNGGA,223034.000,3859.9986,N,11613.9805,E,1,12,0.68,-7.4,M,-6.8,M,,*4F
$PAIRACC,3.30,7.61*4B
$GNGLL,3859.9986,N,11613.9805,E,223034.000,A,A*4A
$GNGSA,A,3,29,21,03,26,,,,,,,,,1.20,0.68,0.99,1*03
$GNGSA,A,3,85,79,78,68,,,,,,,,,1.20,0.68,0.99,2*0D
$GNGSA,A,3,,,,,,,,,,,,,1.20,0.68,0.99,3*0E
$GNGSA,A,3,08,04,09,05,,,,,,,,,1.20,0.68,0.99,4*09
$GPGSV,2,1,08,29,09,184,39.7,21,81,136,40.0,15,37,047,,09,34,121,,1*68
$GPGSV,2,2,08,03,19,308,40.1,26,18,045,39.5,14,13,220,,18,65,322,,1*64
$GLGSV,1,1,04,85,10,273,40.0,79,60,053,40.0,78,09,028,40.4,68,06,116,39.0,1*70
$GAGSV,1,1,00,7*73
$GBGSV,2,1,06,08,57,185,39.8,03,44,191,,04,27,125,39.0,09,24,193,39.7,1*67
$GBGSV,2,2,06,05,15,249,39.3,10,03,212,,1*6A
$GNRMC,223034.000,A,3859.9986,N,11613.9805,E,0.01,321.14,280612,,,A,V*0C
$GNVTG,321.14,T,,M,0.01,N,0.01,K,A*26
$GNZDA,223034.000,28,06,2012,,*41
$GNGGA,223035.000,3859.9986,N,11613.9805,E,1,12,0.68,-7.4,M,-6.8,M,,*4E
$PAIRACC,3.29,7.62*40
$GNGLL,3859.9986,N,11613.9805,E,223035.000,A,A*4B
$GNGSA,A,3,29,21,03,26,,,,,,,,,1.20,0.68,0.99,1*03
$GNGSA,A,3,85,79,78,68,,,,,,,,,1.20,0.68,0.99,2*0D
$GNGSA,A,3,,,,,,,,,,,,,1.20,0.68,0.99,3*0E
$GNGSA,A,3,04,08,09,05,,,,,,,,,1.20,0.68,0.99,4*09
$GPGSV,2,1,08,29,09,184,40.0,21,81,136,39.8,15,37,047,,09,34,121,,1*67
$GPGSV,2,2,08,03,19,308,39.9,26,18,045,39.4,14,13,220,,18,65,322,,1*63
$GLGSV,1,1,04,85,10,273,39.7,79,60,053,39.9,78,09,028,39.9,68,06,116,37.6,1*75
$GAGSV,1,1,00,7*73
$GBGSV,2,1,07,04,27,125,38.9,06,49,178,,02,30,229,,08,57,185,39.5,1*73
$GBGSV,2,2,07,09,24,193,39.4,05,15,249,39.1,10,03,212,,1*4D
$GNRMC,223035.000,A,3859.9986,N,11613.9805,E,0.01,323.38,280612,,,A,V*01
$GNVTG,323.38,T,,M,0.01,N,0.01,K,A*2A
$GNZDA,223035.000,28,06,2012,,*40
$GNGGA,223036.000,3859.9986,N,11613.9805,E,1,12,0.68,-7.4,M,-6.8,M,,*4D
$PAIRACC,3.26,7.55*4B
$GNGLL,3859.9986,N,11613.9805,E,223036.000,A,A*48
$GNGSA,A,3,29,21,03,26,,,,,,,,,1.20,0.68,0.99,1*03
$GNGSA,A,3,79,85,78,68,,,,,,,,,1.20,0.68,0.99,2*0D
$GNGSA,A,3,,,,,,,,,,,,,1.20,0.68,0.99,3*0E
$GNGSA,A,3,08,04,09,05,,,,,,,,,1.20,0.68,0.99,4*09
$GPGSV,2,1,08,29,09,184,39.7,15,37,047,,21,81,136,39.9,09,34,121,,1*6F
$GPGSV,2,2,08,03,19,308,40.1,26,18,045,39.4,14,13,220,,18,65,322,,1*65
$GLGSV,2,1,07,65,13,312,,79,60,053,40.0,70,47,333,,85,10,273,40.2,1*7C
$GLGSV,2,2,07,78,09,028,40.0,86,09,323,,68,06,116,39.1,1*47
$GAGSV,1,1,00,7*73
$GBGSV,2,1,06,08,57,185,39.1,02,30,229,,04,27,125,39.1,09,24,193,39.2,1*68
$GBGSV,2,2,06,05,15,249,39.1,10,03,212,,1*68
$GNRMC,223036.000,A,3859.9986,N,11613.9805,E,0.01,321.02,280612,,,A,V*09
$GNVTG,321.02,T,,M,0.01,N,0.01,K,A*21
$GNZDA,223036.000,28,06,2012,,*43
$GNGGA,223037.000,3859.9985,N,11613.9805,E,1,12,0.68,-7.4,M,-6.8,M,,*4F
$PAIRACC,3.34,7.69*47
$GNGLL,3859.9985,N,11613.9805,E,223037.000,A,A*4A
$GNGSA,A,3,29,21,03,26,,,,,,,,,1.20,0.68,0.99,1*03
$GNGSA,A,3,79,85,78,68,,,,,,,,,1.20,0.68,0.99,2*0D
$GNGSA,A,3,,,,,,,,,,,,,1.20,0.68,0.99,3*0E
$GNGSA,A,3,08,04,09,05,,,,,,,,,1.20,0.68,0.99,4*09
$GPGSV,2,1,08,29,09,184,39.8,21,81,136,39.6,15,37,047,,09,34,121,,1*6F
$GPGSV,2,2,08,03,19,308,40.0,26,18,045,39.4,14,13,220,,18,65,322,,1*64
$GLGSV,2,1,05,65,13,312,,79,60,053,39.8,85,10,273,40.2,78,09,028,39.7,1*60
$GLGSV,2,2,05,68,06,116,38.0,1*56
$GAGSV,1,1,00,7*73
$GBGSV,2,1,05,08,57,185,39.8,04,27,125,39.2,09,24,193,39.6,05,15,249,39.2,1*75
$GBGSV,2,2,05,10,03,212,,1*40
$GNRMC,223037.000,A,3859.9985,N,11613.9805,E,0.01,312.12,280612,,,A,V*0A
$GNVTG,312.12,T,,M,0.01,N,0.01,K,A*20
$GNZDA,223037.000,28,06,2012,,*42
$GNGGA,223038.000,3859.9985,N,11613.9805,E,1,12,0.68,-7.4,M,-6.8,M,,*40
$PAIRACC,3.37,7.96*44
$GNGLL,3859.9985,N,11613.9805,E,223038.000,A,A*45
$GNGSA,A,3,29,03,26,21,,,,,,,,,1.20,0.68,0.99,1*03
$GNGSA,A,3,79,85,78,68,,,,,,,,,1.20,0.68,0.99,2*0D
$GNGSA,A,3,,,,,,,,,,,,,1.20,0.68,0.99,3*0E
$GNGSA,A,3,08,04,09,05,,,,,,,,,1.20,0.68,0.99,4*09
$GPGSV,2,1,08,29,09,184,39.3,18,65,322,,15,37,047,,09,34,121,,1*71
$GPGSV,2,2,08,03,19,308,40.0,26,18,045,39.8,14,13,220,,21,81,136,39.9,1*72
$GLGSV,1,1,04,79,60,053,39.8,85,10,273,40.4,78,09,028,40.1,68,06,116,39.1,1*76
$GAGSV,1,1,00,7*73
$GBGSV,2,1,05,08,57,185,39.4,04,27,125,39.3,09,24,193,39.5,05,15,249,38.9,1*71
$GBGSV,2,2,05,10,03,212,,1*40
$GNRMC,223038.000,A,3859.9985,N,11613.9805,E,0.01,302.71,280612,,,A,V*01
$GNVTG,302.71,T,,M,0.01,N,0.01,K,A*24
$GNZDA,223038.000,28,06,2012,,*4D
$GNGGA,223039.000,3859.9985,N,11613.9805,E,1,12,0.68,-7.4,M,-6.8,M,,*41
$PAIRACC,3.34,7.69*47
$GNGLL,3859.9985,N,11613.9805,E,223039.000,A,A*44
$GNGSA,A,3,29,21,03,26,,,,,,,,,1.20,0.68,0.99,1*03
$GNGSA,A,3,85,79,78,68,,,,,,,,,1.20,0.68,0.99,2*0D
$GNGSA,A,3,,,,,,,,,,,,,1.20,0.68,0.99,3*0E
$GNGSA,A,3,08,04,09,05,,,,,,,,,1.20,0.68,0.99,4*09
$GPGSV,2,1,08,29,09,184,40.0,21,81,136,40.3,15,37,047,,09,34,121,,1*62
$GPGSV,2,2,08,03,19,308,39.9,26,18,045,39.8,14,13,220,,18,65,322,,1*6F
$GLGSV,2,1,05,85,10,273,39.9,79,60,053,40.2,78,09,028,40.2,68,06,116,37.9,1*76
$GLGSV,2,2,05,73,05,198,,1*4C
$GAGSV,1,1,00,7*73
$GBGSV,2,1,05,08,57,185,39.5,04,27,125,38.8,09,24,193,39.3,05,15,249,39.1,1*75
$GBGSV,2,2,05,10,03,212,,1*40
$GNRMC,223039.000,A,3859.9985,N,11613.9805,E,0.01,329.18,280612,,,A,V*06
$GNVTG,329.18,T,,M,0.01,N,0.01,K,A*22
$GNZDA,223039.000,28,06,2012,,*4C
$GNGGA,223040.000,3859.9985,N,11613.9805,E,1,12,0.68,-7.4,M,-6.8,M,,*4F
$PAIRACC,3.28,7.94*48
$GNGLL,3859.9985,N,11613.9805,E,223040.000,A,A*4A
$GNGSA,A,3,29,21,03,26,,,,,,,,,1.20,0.68,0.99,1*03
$GNGSA,A,3,78,79,85,68,,,,,,,,,1.20,0.68,0.99,2*0D
$GNGSA,A,3,,,,,,,,,,,,,1.20,0.68,0.99,3*0E
$GNGSA,A,3,04,08,09,05,,,,,,,,,1.20,0.68,0.99,4*09
$GPGSV,2,1,08,29,09,184,40.1,15,37,047,,21,81,136,39.9,09,34,121,,1*67
$GPGSV,2,2,08,03,19,308,40.1,26,18,045,39.6,14,13,220,,18,65,322,,1*67
$GLGSV,2,1,05,78,09,028,40.0,79,60,053,40.3,85,10,273,40.4,68,06,116,38.5,1*75
$GLGSV,2,2,05,73,05,198,,1*4C
$GAGSV,1,1,00,7*73
$GBGSV,2,1,07,04,27,125,38.6,03,44,191,,01,38,147,,08,57,185,39.3,1*75
$GBGSV,2,2,07,09,24,193,39.5,05,15,249,38.8,10,03,212,,1*44
$GNRMC,223040.000,A,3859.9985,N,11613.9805,E,0.01,313.00,280612,,,A,V*08
$GNVTG,313.00,T,,M,0.01,N,0.01,K,A*22
$GNZDA,223040.000,28,06,2012,,*42
$GNGGA,223041.000,3859.9985,N,11613.9805,E,1,12,0.68,-7.4,M,-6.8,M,,*4E
$PAIRACC,3.34,7.70*4F
$GNGLL,3859.9985,N,11613.9805,E,223041.000,A,A*4B
$GNGSA,A,3,29,21,03,26,,,,,,,,,1.19,0.68,0.98,1*08
$GNGSA,A,3,85,79,78,68,,,,,,,,,1.19,0.68,0.98,2*06
$GNGSA,A,3,,,,,,,,,,,,,1.19,0.68,0.98,3*05
$GNGSA,A,3,04,08,09,05,,,,,,,,,1.19,0.68,0.98,4*02
$GPGSV,2,1,08,29,09,184,40.1,21,81,136,39.8,15,37,047,,09,34,121,,1*66
$GPGSV,2,2,08,03,19,308,39.8,26,18,045,40.0,14,13,220,,18,65,322,,1*68
$GLGSV,1,1,04,85,10,273,40.1,79,60,053,40.3,78,09,028,40.0,68,06,116,38.4,1*73
$GAGSV,1,1,00,7*73
$GBGSV,2,1,07,04,27,125,39.2,03,44,191,,02,30,229,,08,57,185,39.4,1*77
$GBGSV,2,2,07,09,24,193,39.3,05,15,249,39.1,10,03,212,,1*4A
$GNRMC,223041.000,A,3859.9985,N,11613.9805,E,0.01,316.24,280612,,,A,V*0A
$GNVTG,316.24,T,,M,0.01,N,0.01,K,A*21
$GNZDA,223041.000,28,06,2012,,*43
$GNGGA,223042.000,3859.9985,N,11613.9805,E,1,12,0.68,-7.4,M,-6.8,M,,*4D
$PAIRACC,3.37,7.95*47
$GNGLL,3859.9985,N,11613.9805,E,223042.000,A,A*48
$GNGSA,A,3,29,21,03,26,,,,,,,,,1.20,0.68,0.99,1*03
$GNGSA,A,3,85,79,78,68,,,,,,,,,1.20,0.68,0.99,2*0D
$GNGSA,A,3,,,,,,,,,,,,,1.20,0.68,0.99,3*0E
$GNGSA,A,3,08,04,09,05,,,,,,,,,1.20,0.68,0.99,4*09
$GPGSV,2,1,08,29,09,184,39.8,21,81,136,39.7,15,37,047,,09,34,121,,1*6E
$GPGSV,2,2,08,03,19,308,39.9,26,18,045,40.0,14,13,220,,18,65,322,,1*69
$GLGSV,1,1,04,85,10,273,39.9,79,60,053,40.1,78,09,028,40.1,68,06,116,39.3,1*70
$GAGSV,1,1,00,7*73
$GBGSV,2,1,06,08,57,185,38.9,02,30,229,,04,27,125,39.0,09,24,193,39.3,1*61
$GBGSV,2,2,06,05,15,249,38.5,10,03,212,,1*6D
$GNRMC,223042.000,A,3859.9985,N,11613.9805,E,0.01,313.88,280612,,,A,V*0A
$GNVTG,313.88,T,,M,0.01,N,0.01,K,A*22
$GNZDA,223042.000,28,06,2012,,*40
$GNGGA,223043.000,3859.9985,N,11613.9805,E,1,12,0.68,-7.4,M,-6.8,M,,*4C
$PAIRACC,3.34,7.69*47
$GNGLL,3859.9985,N,11613.9805,E,223043.000,A,A*49
$GNGSA,A,3,29,21,03,26,,,,,,,,,1.20,0.68,0.99,1*03
$GNGSA,A,3,85,79,78,68,,,,,,,,,1.20,0.68,0.99,2*0D
$GNGSA,A,3,,,,,,,,,,,,,1.20,0.68,0.99,3*0E
$GNGSA,A,3,08,04,09,05,,,,,,,,,1.20,0.68,0.99,4*09
$GPGSV,2,1,08,29,09,184,39.8,21,81,136,40.0,15,37,047,,09,34,121,,1*67
$GPGSV,2,2,08,03,19,308,39.8,26,18,045,39.8,14,13,220,,18,65,322,,1*6E
$GLGSV,1,1,04,85,10,273,39.9,79,60,053,39.9,78,09,028,40.2,68,06,116,38.9,1*7E
$GAGSV,1,1,00,7*73
$GBGSV,2,1,06,08,57,185,39.5,02,30,229,,04,27,125,38.9,09,24,193,39.2,1*65
$GBGSV,2,2,06,05,15,249,38.8,10,03,212,,1*60
$GNRMC,223043.000,A,3859.9985,N,11613.9805,E,0.01,322.41,280612,,,A,V*0C
$GNVTG,322.41,T,,M,0.01,N,0.01,K,A*25
$GNZDA,223043.000,28,06,2012,,*41
$GNGGA,223044.000,3859.9985,N,11613.9805,E,1,12,0.68,-7.4,M,-6.8,M,,*4B
$PAIRACC,3.37,7.96*44
$GNGLL,3859.9985,N,11613.9805,E,223044.000,A,A*4E
$GNGSA,A,3,29,03,26,21,,,,,,,,,1.19,0.68,0.98,1*08
$GNGSA,A,3,79,85,78,68,,,,,,,,,1.19,0.68,0.98,2*06
$GNGSA,A,3,,,,,,,,,,,,,1.19,0.68,0.98,3*05
$GNGSA,A,3,08,04,09,05,,,,,,,,,1.19,0.68,0.98,4*02
$GPGSV,2,1,08,29,09,184,39.8,18,65,322,,15,37,047,,09,34,121,,1*7A
$GPGSV,2,2,08,03,19,308,39.7,26,18,045,39.6,14,13,220,,21,81,136,40.1,1*73
$GLGSV,1,1,04,79,60,053,39.7,85,10,273,40.1,78,09,028,39.9,68,06,116,39.7,1*7C
$GAGSV,1,1,00,7*73
$GBGSV,2,1,05,08,57,185,39.7,04,27,125,39.0,09,24,193,39.3,05,15,249,39.3,1*7C
$GBGSV,2,2,05,10,03,212,,1*40
$GNRMC,223044.000,A,3859.9985,N,11613.9805,E,0.01,308.20,280612,,,A,V*04
$GNVTG,308.20,T,,M,0.01,N,0.01,K,A*2A
$GNZDA,223044.000,28,06,2012,,*46
$GNGGA,223045.000,3859.9985,N,11613.9805,E,1,12,0.68,-7.4,M,-6.8,M,,*4A
$PAIRACC,3.34,7.69*47
$GNGLL,3859.9985,N,11613.9805,E,223045.000,A,A*4F
$GNGSA,A,3,29,03,26,21,,,,,,,,,1.19,0.68,0.98,1*08
$GNGSA,A,3,79,85,78,68,,,,,,,,,1.19,0.68,0.98,2*06
$GNGSA,A,3,,,,,,,,,,,,,1.19,0.68,0.98,3*05
$GNGSA,A,3,08,04,09,05,,,,,,,,,1.19,0.68,0.98,4*02
$GPGSV,2,1,08,29,09,184,40.0,18,65,322,,15,37,047,,09,34,121,,1*7C
$GPGSV,2,2,08,03,19,308,39.6,26,18,045,39.8,14,13,220,,21,81,136,39.9,1*7A
$GLGSV,1,1,04,79,60,053,39.8,85,10,273,40.1,78,09,028,39.8,68,06,116,40.0,1*7B
$GAGSV,1,1,00,7*73
$GBGSV,2,1,05,08,57,185,40.0,04,27,125,39.1,09,24,193,39.6,05,15,249,39.2,1*70
$GBGSV,2,2,05,10,03,212,,1*40
$GNRMC,223045.000,A,3859.9985,N,11613.9805,E,0.01,314.93,280612,,,A,V*00
$GNVTG,314.93,T,,M,0.01,N,0.01,K,A*2F
$GNZDA,223045.000,28,06,2012,,*47
$GNGGA,223046.000,3859.9985,N,11613.9805,E,1,12,0.68,-7.4,M,-6.8,M,,*49
$PAIRACC,3.27,7.56*49
$GNGLL,3859.9985,N,11613.9805,E,223046.000,A,A*4C
$GNGSA,A,3,29,03,26,21,,,,,,,,,1.19,0.68,0.98,1*08
$GNGSA,A,3,79,85,78,68,,,,,,,,,1.19,0.68,0.98,2*06
$GNGSA,A,3,,,,,,,,,,,,,1.19,0.68,0.98,3*05
$GNGSA,A,3,08,04,09,05,,,,,,,,,1.19,0.68,0.98,4*02
$GPGSV,2,1,08,29,09,184,39.5,18,65,322,,15,37,047,,09,34,121,,1*77
$GPGSV,2,2,08,03,19,308,39.9,26,18,045,39.9,14,13,220,,21,81,136,39.9,1*74
$GLGSV,1,1,04,79,60,053,40.1,85,10,273,40.1,78,09,028,40.2,68,06,116,39.6,1*70
$GAGSV,1,1,00,7*73
$GBGSV,2,1,05,08,57,185,39.3,04,27,125,39.0,09,24,193,39.3,05,15,249,39.0,1*7B
$GBGSV,2,2,05,10,03,212,,1*40
$GNRMC,223046.000,A,3859.9985,N,11613.9805,E,0.01,311.14,280612,,,A,V*09
$GNVTG,311.14,T,,M,0.01,N,0.01,K,A*25
$GNZDA,223046.000,28,06,2012,,*44
$GNGGA,223047.000,3859.9985,N,11613.9805,E,1,12,0.68,-7.4,M,-6.8,M,,*48
$PAIRACC,3.35,7.69*46
$GNGLL,3859.9985,N,11613.9805,E,223047.000,A,A*4D
$GNGSA,A,3,21,03,26,29,,,,,,,,,1.19,0.68,0.98,1*08
$GNGSA,A,3,85,78,68,79,,,,,,,,,1.19,0.68,0.98,2*06
$GNGSA,A,3,,,,,,,,,,,,,1.19,0.68,0.98,3*05
$GNGSA,A,3,05,08,04,09,,,,,,,,,1.19,0.68,0.98,4*02
$GPGSV,3,1,09,21,81,136,40.2,18,65,322,,22,37,285,,15,37,047,,1*78
$GPGSV,3,2,09,09,34,121,,03,19,308,39.6,26,18,045,39.4,14,13,220,,1*69
$GPGSV,3,3,09,29,09,184,40.0,1*48
$GLGSV,1,1,04,85,10,273,39.8,78,09,028,39.9,68,06,116,39.9,79,60,053,40.1,1*7D
$GAGSV,1,1,00,7*73
$GBGSV,1,1,04,05,15,249,39.2,08,57,185,39.1,04,27,125,39.4,09,24,193,39.7,1*79
$GNRMC,223047.000,A,3859.9985,N,11613.9805,E,0.01,306.41,280612,,,A,V*0E
$GNVTG,306.41,T,,M,0.01,N,0.01,K,A*23
$GNZDA,223047.000,28,06,2012,,*45
$GNGGA,223048.000,3859.9985,N,11613.9805,E,1,12,0.68,-7.4,M,-6.8,M,,*47
$PAIRACC,3.27,7.56*49
$GNGLL,3859.9985,N,11613.9805,E,223048.000,A,A*42
$GNGSA,A,3,21,03,26,29,,,,,,,,,1.19,0.68,0.98,1*08
$GNGSA,A,3,85,78,68,79,,,,,,,,,1.19,0.68,0.98,2*06
$GNGSA,A,3,,,,,,,,,,,,,1.19,0.68,0.98,3*05
$GNGSA,A,3,05,08,04,09,,,,,,,,,1.19,0.68,0.98,4*02
$GPGSV,3,1,09,21,81,136,40.2,18,65,322,,22,37,285,,15,37,047,,1*78
$GPGSV,3,2,09,09,34,121,,03,19,308,40.1,26,18,045,40.1,14,13,220,,1*6B
$GPGSV,3,3,09,29,09,184,39.7,1*41
$GLGSV,1,1,04,85,10,273,40.2,78,09,028,39.7,68,06,116,40.1,79,60,053,40.2,1*72
$GAGSV,1,1,00,7*73
$GBGSV,1,1,04,05,15,249,39.1,08,57,185,39.3,04,27,125,39.0,09,24,193,39.2,1*79
$GNRMC,223048.000,A,3859.9985,N,11613.9805,E,0.01,318.00,280612,,,A,V*0B
$GNVTG,318.00,T,,M,0.01,N,0.01,K,A*29
$GNZDA,223048.000,28,06,2012,,*4A
$GNGGA,223049.000,3859.9985,N,11613.9805,E,1,12,0.68,-7.4,M,-6.8,M,,*46
$PAIRACC,3.29,7.62*40
$GNGLL,3859.9985,N,11613.9805,E,223049.000,A,A*43
$GNGSA,A,3,21,03,26,29,,,,,,,,,1.19,0.68,0.98,1*08
$GNGSA,A,3,85,78,68,79,,,,,,,,,1.19,0.68,0.98,2*06
$GNGSA,A,3,,,,,,,,,,,,,1.19,0.68,0.98,3*05
$GNGSA,A,3,05,08,04,09,,,,,,,,,1.19,0.68,0.98,4*02
$GPGSV,3,1,09,21,81,136,39.8,18,65,322,,22,37,285,,15,37,047,,1*7C
$GPGSV,3,2,09,09,34,121,,03,19,308,39.7,26,18,045,39.7,14,13,220,,1*6B
$GPGSV,3,3,09,29,09,184,39.8,1*4E
$GLGSV,1,1,04,85,10,273,40.0,78,09,028,40.0,68,06,116,40.0,79,60,053,40.1,1*7B
$GAGSV,1,1,00,7*73
$GBGSV,1,1,04,05,15,249,39.2,08,57,185,39.5,04,27,125,38.8,09,24,193,39.4,1*73
$GNRMC,223049.000,A,3859.9985,N,11613.9805,E,0.01,321.64,280612,,,A,V*02
$GNVTG,321.64,T,,M,0.01,N,0.01,K,A*21
$GNZDA,223049.000,28,06,2012,,*4B
$GNGGA,223050.000,3859.9985,N,11613.9805,E,1,12,0.68,-7.4,M,-6.8,M,,*4E
$PAIRACC,3.27,7.58*47
$GNGLL,3859.9985,N,11613.9805,E,223050.000,A,A*4B
$GNGSA,A,3,21,03,26,29,,,,,,,,,1.19,0.68,0.98,1*08
$GNGSA,A,3,85,78,68,79,,,,,,,,,1.19,0.68,0.98,2*06
$GNGSA,A,3,,,,,,,,,,,,,1.19,0.68,0.98,3*05
$GNGSA,A,3,05,08,04,09,,,,,,,,,1.19,0.68,0.98,4*02
$GPGSV,3,1,09,21,81,136,39.7,18,65,322,,22,37,285,,15,37,047,,1*73
$GPGSV,3,2,09,09,34,121,,03,19,308,39.7,26,18,045,39.9,14,13,220,,1*65
$GPGSV,3,3,09,29,09,184,39.9,1*4F
$GLGSV,1,1,04,85,10,273,39.8,78,09,028,39.8,68,06,116,39.8,79,60,053,39.7,1*75
$GAGSV,1,1,00,7*73
$GBGSV,1,1,04,05,15,249,39.2,08,57,185,39.6,04,27,125,39.1,09,24,193,39.8,1*74
$GNRMC,223050.000,A,3859.9985,N,11613.9805,E,0.01,331.14,280612,,,A,V*0C
$GNVTG,331.14,T,,M,0.01,N,0.01,K,A*27
$GNZDA,223050.000,28,06,2012,,*43
$GNGGA,223051.000,3859.9985,N,11613.9805,E,1,12,0.68,-7.4,M,-6.8,M,,*4F
$PAIRACC,3.32,7.65*4D
$GNGLL,3859.9985,N,11613.9805,E,223051.000,A,A*4A
$GNGSA,A,3,21,03,26,29,,,,,,,,,1.19,0.68,0.98,1*08
$GNGSA,A,3,85,78,68,79,,,,,,,,,1.19,0.68,0.98,2*06
$GNGSA,A,3,,,,,,,,,,,,,1.19,0.68,0.98,3*05
$GNGSA,A,3,05,08,04,09,,,,,,,,,1.19,0.68,0.98,4*02
$GPGSV,3,1,09,21,81,136,39.8,18,65,322,,22,37,285,,15,37,047,,1*7C
$GPGSV,3,2,09,09,34,121,,03,19,308,39.8,26,18,045,39.5,14,13,220,,1*66
$GPGSV,3,3,09,29,09,184,40.0,1*48
$GLGSV,1,1,04,85,10,273,39.7,78,09,028,40.5,68,06,116,40.2,79,60,053,40.3,1*77
$GAGSV,1,1,00,7*73
$GBGSV,1,1,04,05,15,249,38.7,08,57,185,39.5,04,27,125,38.7,09,24,193,39.0,1*7C
$GNRMC,223051.000,A,3859.9985,N,11613.9805,E,0.01,315.39,280612,,,A,V*04
$GNVTG,315.39,T,,M,0.01,N,0.01,K,A*2E
$GNZDA,223051.000,28,06,2012,,*42
$GNGGA,223052.000,3859.9985,N,11613.9805,E,1,12,0.68,-7.4,M,-6.8,M,,*4C
$PAIRACC,3.27,7.55*4A
$GNGLL,3859.9985,N,11613.9805,E,223052.000,A,A*49
$GNGSA,A,3,21,03,26,29,,,,,,,,,1.19,0.68,0.98,1*08
$GNGSA,A,3,85,78,68,79,,,,,,,,,1.19,0.68,0.98,2*06
$GNGSA,A,3,,,,,,,,,,,,,1.19,0.68,0.98,3*05
$GNGSA,A,3,05,08,04,09,,,,,,,,,1.19,0.68,0.98,4*02
$GPGSV,3,1,09,21,81,136,40.0,18,65,322,,22,37,285,,15,37,047,,1*7A
$GPGSV,3,2,09,09,34,121,,03,19,308,39.6,26,18,045,39.4,14,13,220,,1*69
$GPGSV,3,3,09,29,09,184,39.5,1*43
$GLGSV,1,1,04,85,10,273,40.3,78,09,028,39.7,68,06,116,39.9,79,60,053,40.0,1*77
$GAGSV,1,1,00,7*73
$GBGSV,1,1,04,05,15,249,39.1,08,57,185,39.3,04,27,125,39.1,09,24,193,39.6,1*7C
$GNRMC,223052.000,A,3859.9985,N,11613.9805,E,0.01,315.93,280612,,,A,V*07
$GNVTG,315.93,T,,M,0.01,N,0.01,K,A*2E
$GNZDA,223052.000,28,06,2012,,*41
$GNGGA,223053.000,3859.9985,N,11613.9805,E,1,12,0.68,-7.4,M,-6.8,M,,*4D
$PAIRACC,3.29,7.62*40
$GNGLL,3859.9985,N,11613.9805,E,223053.000,A,A*48
$GNGSA,A,3,21,03,26,29,,,,,,,,,1.19,0.68,0.98,1*08
$GNGSA,A,3,85,78,68,79,,,,,,,,,1.19,0.68,0.98,2*06
$GNGSA,A,3,,,,,,,,,,,,,1.19,0.68,0.98,3*05
$GNGSA,A,3,05,08,04,09,,,,,,,,,1.19,0.68,0.98,4*02
$GPGSV,3,1,09,21,81,136,39.8,18,65,322,,22,37,285,,15,37,047,,1*7C
$GPGSV,3,2,09,09,34,121,,03,19,308,39.7,26,18,045,40.1,14,13,220,,1*63
$GPGSV,3,3,09,29,09,184,39.5,1*43
$GLGSV,1,1,04,85,10,273,39.7,78,09,028,39.6,68,06,116,40.0,79,60,053,40.4,1*7F
$GAGSV,1,1,00,7*73
$GBGSV,1,1,04,05,15,249,39.2,08,57,185,39.6,04,27,125,39.5,09,24,193,39.6,1*7E
$GNRMC,223053.000,A,3859.9985,N,11613.9805,E,0.01,307.01,280612,,,A,V*0E
$GNVTG,307.01,T,,M,0.01,N,0.01,K,A*26
$GNZDA,223053.000,28,06,2012,,*40
$GNGGA,223054.000,3859.9985,N,11613.9805,E,1,12,0.68,-7.4,M,-6.8,M,,*4A
$PAIRACC,3.34,7.99*48
$GNGLL,3859.9985,N,11613.9805,E,223054.000,A,A*4F
$GNGSA,A,3,21,03,26,29,,,,,,,,,1.19,0.68,0.98,1*08
$GNGSA,A,3,85,78,68,79,,,,,,,,,1.19,0.68,0.98,2*06
$GNGSA,A,3,,,,,,,,,,,,,1.19,0.68,0.98,3*05
$GNGSA,A,3,05,08,04,09,,,,,,,,,1.19,0.68,0.98,4*02
$GPGSV,3,1,09,21,81,136,40.2,18,65,322,,22,37,285,,15,37,047,,1*78
$GPGSV,3,2,09,09,34,121,,03,19,308,40.1,26,18,045,39.8,14,13,220,,1*6C
$GPGSV,3,3,09,29,09,184,39.8,1*4E
$GLGSV,1,1,04,85,10,273,39.6,78,09,028,40.2,68,06,116,40.0,79,60,053,40.5,1*75
$GAGSV,1,1,00,7*73
$GBGSV,1,1,04,05,15,249,38.9,08,57,185,39.0,04,27,125,39.1,09,24,193,39.4,1*74
$GNRMC,223054.000,A,3859.9985,N,11613.9805,E,0.01,303.67,280612,,,A,V*0D
$GNVTG,303.67,T,,M,0.01,N,0.01,K,A*22
$GNZDA,223054.000,28,06,2012,,*47
$GNGGA,223055.000,3859.9985,N,11613.9805,E,1,12,0.68,-7.4,M,-6.8,M,,*4B
$PAIRACC,3.38,7.65*47
$GNGLL,3859.9985,N,11613.9805,E,223055.000,A,A*4E
$GNGSA,A,3,21,03,26,29,,,,,,,,,1.19,0.68,0.98,1*08
$GNGSA,A,3,85,78,68,79,,,,,,,,,1.19,0.68,0.98,2*06
$GNGSA,A,3,,,,,,,,,,,,,1.19,0.68,0.98,3*05
$GNGSA,A,3,05,08,04,09,,,,,,,,,1.19,0.68,0.98,4*02
$GPGSV,3,1,09,21,81,136,39.7,18,65,322,,22,37,285,,15,37,047,,1*73
$GPGSV,3,2,09,09,34,121,,03,19,308,39.8,26,18,045,40.1,14,13,220,,1*6C
$GPGSV,3,3,09,29,09,184,39.9,1*4F
$GLGSV,1,1,04,85,10,273,39.9,78,09,028,40.2,68,06,116,40.0,79,60,053,40.4,1*7B
$GAGSV,1,1,00,7*73
$GBGSV,1,1,04,05,15,249,38.9,08,57,185,39.4,04,27,125,39.2,09,24,193,39.5,1*72
$GNRMC,223055.000,A,3859.9985,N,11613.9805,E,0.01,313.52,280612,,,A,V*0B
$GNVTG,313.52,T,,M,0.01,N,0.01,K,A*25
$GNZDA,223055.000,28,06,2012,,*46
$GNGGA,223056.000,3859.9985,N,11613.9805,E,1,12,0.68,-7.4,M,-6.8,M,,*48
$PAIRACC,3.27,7.55*4A
$GNGLL,3859.9985,N,11613.9805,E,223056.000,A,A*4D
$GNGSA,A,3,21,03,26,29,,,,,,,,,1.19,0.68,0.98,1*08
$GNGSA,A,3,85,78,68,79,,,,,,,,,1.19,0.68,0.98,2*06
$GNGSA,A,3,,,,,,,,,,,,,1.19,0.68,0.98,3*05
$GNGSA,A,3,05,08,04,09,,,,,,,,,1.19,0.68,0.98,4*02
$GPGSV,3,1,09,21,81,136,40.1,18,65,322,,22,37,285,,15,37,047,,1*7B
$GPGSV,3,2,09,09,34,121,,03,19,308,39.9,26,18,045,40.1,14,13,220,,1*6D
$GPGSV,3,3,09,29,09,184,40.0,1*48
$GLGSV,1,1,04,85,10,273,40.4,78,09,028,40.1,68,06,116,39.8,79,60,053,40.1,1*78
$GAGSV,1,1,00,7*73
$GBGSV,1,1,04,05,15,249,39.2,08,57,185,39.3,04,27,125,39.4,09,24,193,39.7,1*7B
$GNRMC,223056.000,A,3859.9985,N,11613.9805,E,0.01,315.22,280612,,,A,V*09
$GNVTG,315.22,T,,M,0.01,N,0.01,K,A*24
$GNZDA,223056.000,28,06,2012,,*45
$GNGGA,223057.000,3859.9985,N,11613.9805,E,1,12,0.68,-7.4,M,-6.8,M,,*49
$PAIRACC,3.29,7.62*40
$GNGLL,3859.9985,N,11613.9805,E,223057.000,A,A*4C
$GNGSA,A,3,21,03,26,29,,,,,,,,,1.19,0.68,0.98,1*08
$GNGSA,A,3,85,78,68,79,,,,,,,,,1.19,0.68,0.98,2*06
$GNGSA,A,3,,,,,,,,,,,,,1.19,0.68,0.98,3*05
$GNGSA,A,3,05,08,04,09,,,,,,,,,1.19,0.68,0.98,4*02
$GPGSV,3,1,09,21,81,136,39.9,18,65,322,,22,37,285,,15,37,047,,1*7D
$GPGSV,3,2,09,09,34,121,,03,19,308,39.2,26,18,045,39.7,14,13,220,,1*6E
$GPGSV,3,3,09,29,09,184,40.0,1*48
$GLGSV,1,1,04,85,10,273,39.8,78,09,028,39.8,68,06,116,40.3,79,60,053,40.0,1*79
$GAGSV,1,1,00,7*73
$GBGSV,1,1,04,05,15,249,39.1,08,57,185,39.5,04,27,125,39.1,09,24,193,39.8,1*74
$GNRMC,223057.000,A,3859.9985,N,11613.9805,E,0.01,308.55,280612,,,A,V*04
$GNVTG,308.55,T,,M,0.01,N,0.01,K,A*28
$GNZDA,223057.000,28,06,2012,,*44
$GNGGA,223058.000,3859.9985,N,11613.9805,E,1,12,0.68,-7.4,M,-6.8,M,,*46
$PAIRACC,3.30,7.60*4A
$GNGLL,3859.9985,N,11613.9805,E,223058.000,A,A*43
$GNGSA,A,3,21,03,26,29,,,,,,,,,1.19,0.68,0.98,1*08
$GNGSA,A,3,85,78,68,79,,,,,,,,,1.19,0.68,0.98,2*06
$GNGSA,A,3,,,,,,,,,,,,,1.19,0.68,0.98,3*05
$GNGSA,A,3,05,08,04,09,,,,,,,,,1.19,0.68,0.98,4*02
$GPGSV,3,1,09,21,81,136,40.1,18,65,322,,22,37,285,,15,37,047,,1*7B
$GPGSV,3,2,09,09,34,121,,03,19,308,39.3,26,18,045,40.1,14,13,220,,1*67
$GPGSV,3,3,09,29,09,184,39.3,1*45
$GLGSV,1,1,04,85,10,273,40.0,78,09,028,39.8,68,06,116,40.0,79,60,053,40.0,1*7C
$GAGSV,1,1,00,7*73
$GBGSV,1,1,04,05,15,249,39.1,08,57,185,39.5,04,27,125,39.1,09,24,193,39.5,1*79
$GNRMC,223058.000,A,3859.9985,N,11613.9805,E,0.01,318.60,280612,,,A,V*0C
$GNVTG,318.60,T,,M,0.01,N,0.01,K,A*2F
$GNZDA,223058.000,28,06,2012,,*4B
$GNGGA,223059.000,3859.9985,N,11613.9805,E,1,12,0.68,-7.4,M,-6.8,M,,*47
$PAIRACC,3.31,7.63*48
$GNGLL,3859.9985,N,11613.9805,E,223059.000,A,A*42
$GNGSA,A,3,21,03,26,29,,,,,,,,,1.19,0.68,0.98,1*08
$GNGSA,A,3,85,78,68,79,,,,,,,,,1.19,0.68,0.98,2*06
$GNGSA,A,3,,,,,,,,,,,,,1.19,0.68,0.98,3*05
$GNGSA,A,3,05,08,04,09,,,,,,,,,1.19,0.68,0.98,4*02
$GPGSV,3,1,09,21,81,136,39.9,18,65,322,,22,37,285,,15,37,047,,1*7D
$GPGSV,3,2,09,09,34,121,,03,19,308,39.3,26,18,045,40.2,14,13,220,,1*64
$GPGSV,3,3,09,29,09,184,39.7,1*41
$GLGSV,1,1,04,85,10,273,39.8,78,09,028,40.0,68,06,116,39.9,79,60,053,39.8,1*7D
$GAGSV,1,1,00,7*73
$GBGSV,1,1,04,05,15,249,38.9,08,57,185,39.8,04,27,125,39.6,09,24,193,39.8,1*77
$GNRMC,223059.000,A,3859.9985,N,11613.9805,E,0.01,303.95,280612,,,A,V*0D
$GNVTG,303.95,T,,M,0.01,N,0.01,K,A*2F
$GNZDA,223059.000,28,06,2012,,*4A
$GNGGA,223100.000,3859.9985,N,11613.9805,E,1,12,0.68,-7.4,M,-6.8,M,,*4A
$PAIRACC,3.32,7.89*4F
$GNGLL,3859.9985,N,11613.9805,E,223100.000,A,A*4F
$GNGSA,A,3,21,03,26,29,,,,,,,,,1.19,0.68,0.98,1*08
$GNGSA,A,3,85,78,68,79,,,,,,,,,1.19,0.68,0.98,2*06
$GNGSA,A,3,,,,,,,,,,,,,1.19,0.68,0.98,3*05
$GNGSA,A,3,05,08,04,09,,,,,,,,,1.19,0.68,0.98,4*02
$GPGSV,3,1,09,21,81,136,39.7,18,65,322,,22,37,285,,15,37,047,,1*73
$GPGSV,3,2,09,09,34,121,,03,19,308,39.7,26,18,045,40.0,14,13,220,,1*62
$GPGSV,3,3,09,29,09,184,40.1,1*49
$GLGSV,1,1,04,85,10,273,40.4,78,09,028,40.0,68,06,116,39.9,79,60,053,40.4,1*7D
$GAGSV,1,1,00,7*73
$GBGSV,1,1,04,05,15,249,39.1,08,57,185,39.5,04,27,125,39.3,09,24,193,39.7,1*79
$GNRMC,223100.000,A,3859.9985,N,11613.9805,E,0.01,296.77,280612,,,A,V*01
$GNVTG,296.77,T,,M,0.01,N,0.01,K,A*2E
$GNZDA,223100.000,28,06,2012,,*47
$GNGGA,223101.000,3859.9985,N,11613.9805,E,1,12,0.68,-7.4,M,-6.8,M,,*4B
$PAIRACC,3.41,7.73*4E
$GNGLL,3859.9985,N,11613.9805,E,223101.000,A,A*4E
$GNGSA,A,3,21,03,26,29,,,,,,,,,1.19,0.68,0.98,1*08
$GNGSA,A,3,85,78,68,79,,,,,,,,,1.19,0.68,0.98,2*06
$GNGSA,A,3,,,,,,,,,,,,,1.19,0.68,0.98,3*05
$GNGSA,A,3,05,08,04,09,,,,,,,,,1.19,0.68,0.98,4*02
$GPGSV,3,1,09,21,81,136,39.9,18,65,322,,22,37,285,,15,37,047,,1*7D
$GPGSV,3,2,09,09,34,121,,03,19,308,39.7,26,18,045,40.4,14,13,220,,1*66
$GPGSV,3,3,09,29,09,184,40.0,1*48
$GLGSV,1,1,04,85,10,273,40.2,78,09,028,39.9,68,06,116,39.9,79,60,053,40.3,1*7B
$GAGSV,1,1,00,7*73
$GBGSV,1,1,04,05,15,249,39.2,08,57,185,39.0,04,27,125,39.1,09,24,193,39.3,1*79
$GNRMC,223101.000,A,3859.9985,N,11613.9805,E,0.01,308.42,280612,,,A,V*00
$GNVTG,308.42,T,,M,0.01,N,0.01,K,A*2E
$GNZDA,223101.000,28,06,2012,,*46
$GNGGA,223102.000,3859.9984,N,11613.9805,E,1,12,0.68,-7.4,M,-6.8,M,,*49
$PAIRACC,3.32,7.89*4F
$GNGLL,3859.9984,N,11613.9805,E,223102.000,A,A*4C
$GNGSA,A,3,21,03,26,29,,,,,,,,,1.19,0.68,0.98,1*08
$GNGSA,A,3,85,78,68,79,,,,,,,,,1.19,0.68,0.98,2*06
$GNGSA,A,3,,,,,,,,,,,,,1.19,0.68,0.98,3*05
$GNGSA,A,3,05,08,04,09,,,,,,,,,1.19,0.68,0.98,4*02
$GPGSV,3,1,09,21,81,136,39.8,18,65,322,,22,37,285,,15,37,047,,1*7C
$GPGSV,3,2,09,09,34,121,,03,19,308,40.0,26,18,045,40.1,14,13,220,,1*6A
$GPGSV,3,3,09,29,09,184,40.1,1*49
$GLGSV,1,1,04,85,10,273,39.9,78,09,028,39.9,68,06,116,39.5,79,60,053,39.9,1*76
$GAGSV,1,1,00,7*73
$GBGSV,1,1,04,05,15,249,39.4,08,57,185,39.7,04,27,125,39.1,09,24,193,39.2,1*79
$GNRMC,223102.000,A,3859.9984,N,11613.9805,E,0.01,306.61,280612,,,A,V*0D
$GNVTG,306.61,T,,M,0.01,N,0.01,K,A*21
$GNZDA,223102.000,28,06,2012,,*45
$GNGGA,223103.000,3859.9984,N,11613.9805,E,1,12,0.68,-7.4,M,-6.8,M,,*48
$PAIRACC,3.41,7.74*49
$GNGLL,3859.9984,N,11613.9805,E,223103.000,A,A*4D
$GNGSA,A,3,21,03,26,29,,,,,,,,,1.19,0.68,0.98,1*08
$GNGSA,A,3,85,78,68,79,,,,,,,,,1.19,0.68,0.98,2*06
$GNGSA,A,3,,,,,,,,,,,,,1.19,0.68,0.98,3*05
$GNGSA,A,3,05,08,04,09,,,,,,,,,1.19,0.68,0.98,4*02
$GPGSV,3,1,09,21,81,136,40.0,18,65,322,,22,37,285,,15,37,047,,1*7A
$GPGSV,3,2,09,09,34,121,,03,19,308,39.9,26,18,045,39.9,14,13,220,,1*6B
$GPGSV,3,3,09,29,09,184,39.7,1*41
$GLGSV,1,1,04,85,10,273,40.2,78,09,028,39.8,68,06,116,40.0,79,60,053,39.9,1*79
$GAGSV,1,1,00,7*73
$GBGSV,1,1,04,05,15,249,38.7,08,57,185,39.1,04,27,125,39.1,09,24,193,39.7,1*78
$GNRMC,223103.000,A,3859.9984,N,11613.9805,E,0.01,326.73,280612,,,A,V*0D
$GNVTG,326.73,T,,M,0.01,N,0.01,K,A*20
$GNZDA,223103.000,28,06,2012,,*44
$GNGGA,223104.000,3859.9984,N,11613.9805,E,1,12,0.68,-7.4,M,-6.8,M,,*4F
$PAIRACC,3.32,7.90*47
$GNGLL,3859.9984,N,11613.9805,E,223104.000,A,A*4A
$GNGSA,A,3,21,03,26,29,,,,,,,,,1.19,0.68,0.98,1*08
$GNGSA,A,3,85,78,68,79,,,,,,,,,1.19,0.68,0.98,2*06
$GNGSA,A,3,,,,,,,,,,,,,1.19,0.68,0.98,3*05
$GNGSA,A,3,05,08,04,09,,,,,,,,,1.19,0.68,0.98,4*02
$GPGSV,3,1,09,21,81,136,39.9,18,65,322,,22,37,285,,15,37,047,,1*7D
$GPGSV,3,2,09,09,34,121,,03,19,308,39.9,26,18,045,39.8,14,13,220,,1*6A
$GPGSV,3,3,09,29,09,184,39.7,1*41
$GLGSV,1,1,04,85,10,273,40.1,78,09,028,40.1,68,06,116,39.8,79,60,053,40.0,1*7C
$GAGSV,1,1,00,7*73
$GBGSV,1,1,04,05,15,249,39.3,08,57,185,39.1,04,27,125,39.3,09,24,193,39.3,1*7B
$GNRMC,223104.000,A,3859.9984,N,11613.9805,E,0.01,321.67,280612,,,A,V*08
$GNVTG,321.67,T,,M,0.01,N,0.01,K,A*22
$GNZDA,223104.000,28,06,2012,,*43
$GNGGA,223105.000,3859.9984,N,11613.9805,E,1,12,0.68,-7.4,M,-6.8,M,,*4E
$PAIRACC,3.34,7.66*48
$GNGLL,3859.9984,N,11613.9805,E,223105.000,A,A*4B
$GNGSA,A,3,21,03,26,29,,,,,,,,,1.19,0.68,0.98,1*08
$GNGSA,A,3,85,78,68,79,,,,,,,,,1.19,0.68,0.98,2*06
$GNGSA,A,3,,,,,,,,,,,,,1.19,0.68,0.98,3*05
$GNGSA,A,3,05,08,04,09,,,,,,,,,1.19,0.68,0.98,4*02
$GPGSV,3,1,09,21,81,136,39.8,18,65,322,,22,37,285,,15,37,047,,1*7C
$GPGSV,3,2,09,09,34,121,,03,19,308,39.7,26,18,045,40.1,14,13,220,,1*63
$GPGSV,3,3,09,29,09,184,39.8,1*4E
$GLGSV,1,1,04,85,10,273,39.9,78,09,028,40.0,68,06,116,39.7,79,60,053,40.2,1*76
$GAGSV,1,1,00,7*73
$GBGSV,1,1,04,05,15,249,39.3,08,57,185,39.5,04,27,125,39.6,09,24,193,39.1,1*78
$GNRMC,223105.000,A,3859.9984,N,11613.9805,E,0.01,311.79,280612,,,A,V*05
$GNVTG,311.79,T,,M,0.01,N,0.01,K,A*2E
$GNZDA,223105.000,28,06,2012,,*42
$GNGGA,223106.000,3859.9984,N,11613.9805,E,1,12,0.68,-7.4,M,-6.8,M,,*4D
$PAIRACC,3.31,7.61*4A
$GNGLL,3859.9984,N,11613.9805,E,223106.000,A,A*48
$GNGSA,A,3,21,03,26,29,,,,,,,,,1.19,0.68,0.98,1*08
$GNGSA,A,3,85,78,68,79,,,,,,,,,1.19,0.68,0.98,2*06
$GNGSA,A,3,,,,,,,,,,,,,1.19,0.68,0.98,3*05
$GNGSA,A,3,05,08,04,09,,,,,,,,,1.19,0.68,0.98,4*02
$GPGSV,3,1,09,21,81,136,40.0,18,65,322,,22,37,285,,15,37,047,,1*7A
$GPGSV,3,2,09,09,34,121,,03,19,308,39.6,26,18,045,40.0,14,13,220,,1*63
$GPGSV,3,3,09,29,09,184,39.9,1*4F
$GLGSV,1,1,04,85,10,273,39.8,78,09,028,40.2,68,06,116,40.0,79,60,053,40.0,1*7E
$GAGSV,1,1,00,7*73
$GBGSV,1,1,04,05,15,249,39.1,08,57,185,39.3,04,27,125,39.1,09,24,193,39.4,1*7E
$GNRMC,223106.000,A,3859.9984,N,11613.9805,E,0.01,305.59,280612,,,A,V*01
$GNVTG,305.59,T,,M,0.01,N,0.01,K,A*29
$GNZDA,223106.000,28,06,2012,,*41
$GNGGA,223107.000,3859.9984,N,11613.9805,E,1,12,0.68,-7.4,M,-6.8,M,,*4C
$PAIRACC,3.42,8.06*40
$GNGLL,3859.9984,N,11613.9805,E,223107.000,A,A*49
$GNGSA,A,3,21,03,26,29,,,,,,,,,1.19,0.68,0.98,1*08
$GNGSA,A,3,85,78,68,79,,,,,,,,,1.19,0.68,0.98,2*06
$GNGSA,A,3,,,,,,,,,,,,,1.19,0.68,0.98,3*05
$GNGSA,A,3,05,08,04,09,,,,,,,,,1.19,0.68,0.98,4*02
$GPGSV,3,1,09,21,81,136,39.9,18,65,322,,22,37,285,,15,37,047,,1*7D
$GPGSV,3,2,09,09,34,121,,03,19,308,39.5,26,18,045,39.7,14,13,220,,1*69
$GPGSV,3,3,09,29,09,184,39.9,1*4F
$GLGSV,1,1,04,85,10,273,40.2,78,09,028,40.0,68,06,116,40.1,79,60,053,40.4,1*7D
$GAGSV,1,1,00,7*73
$GBGSV,1,1,04,05,15,249,38.8,08,57,185,39.7,04,27,125,39.2,09,24,193,39.4,1*71
$GNRMC,223107.000,A,3859.9984,N,11613.9805,E,0.01,314.78,280612,,,A,V*03
$GNVTG,314.78,T,,M,0.01,N,0.01,K,A*2A
$GNZDA,223107.000,28,06,2012,,*40
$GNGGA,223108.000,3859.9984,N,11613.9805,E,1,12,0.69,-7.4,M,-6.8,M,,*42
$PAIRACC,3.32,7.62*4A
$GNGLL,3859.9984,N,11613.9805,E,223108.000,A,A*46
$GNGSA,A,3,21,03,26,29,,,,,,,,,1.20,0.69,0.98,1*03
$GNGSA,A,3,85,78,68,79,,,,,,,,,1.20,0.69,0.98,2*0D
$GNGSA,A,3,,,,,,,,,,,,,1.20,0.69,0.98,3*0E
$GNGSA,A,3,05,08,04,09,,,,,,,,,1.20,0.69,0.98,4*09
$GPGSV,3,1,09,21,81,136,39.8,18,65,322,,22,37,285,,15,37,047,,1*7C
$GPGSV,3,2,09,09,34,121,,03,19,308,39.4,26,18,045,39.8,14,13,220,,1*67
$GPGSV,3,3,09,29,09,184,40.0,1*48
$GLGSV,1,1,04,85,10,273,39.6,78,09,028,40.0,68,06,116,40.1,79,60,053,40.7,1*74
$GAGSV,1,1,00,7*73
$GBGSV,1,1,04,05,15,249,39.3,08,57,185,39.9,04,27,125,39.2,09,24,193,39.0,1*71
$GNRMC,223108.000,A,3859.9984,N,11613.9805,E,0.01,304.79,280612,,,A,V*0C
$GNVTG,304.79,T,,M,0.01,N,0.01,K,A*2A
$GNZDA,223108.000,28,06,2012,,*4F
$GNGGA,223109.000,3859.9984,N,11613.9805,E,1,12,0.68,-7.4,M,-6.8,M,,*42
$PAIRACC,3.31,7.64*4F
$GNGLL,3859.9984,N,11613.9805,E,223109.000,A,A*47
$GNGSA,A,3,21,03,26,29,,,,,,,,,1.19,0.68,0.98,1*08
$GNGSA,A,3,85,78,68,79,,,,,,,,,1.19,0.68,0.98,2*06
$GNGSA,A,3,,,,,,,,,,,,,1.19,0.68,0.98,3*05
$GNGSA,A,3,05,08,04,09,,,,,,,,,1.19,0.68,0.98,4*02
$GPGSV,3,1,09,21,81,136,40.0,18,65,322,,22,37,285,,15,37,047,,1*7A
$GPGSV,3,2,09,09,34,121,,03,19,308,39.4,26,18,045,39.8,14,13,220,,1*67
$GPGSV,3,3,09,29,09,184,39.6,1*40
$GLGSV,1,1,04,85,10,273,39.5,78,09,028,40.2,68,06,116,40.2,79,60,053,40.3,1*72
$GAGSV,1,1,00,7*73
$GBGSV,1,1,04,05,15,249,39.2,08,57,185,39.5,04,27,125,39.3,09,24,193,39.4,1*79
$GNRMC,223109.000,A,3859.9984,N,11613.9805,E,0.01,309.55,280612,,,A,V*0E
$GNVTG,309.55,T,,M,0.01,N,0.01,K,A*29
$GNZDA,223109.000,28,06,2012,,*4E
$GNGGA,223110.000,3859.9984,N,11613.9805,E,1,12,0.68,-7.4,M,-6.8,M,,*4A
$PAIRACC,3.33,7.99*4F
$GNGLL,3859.9984,N,11613.9805,E,223110.000,A,A*4F
$GNGSA,A,3,21,03,26,29,,,,,,,,,1.19,0.68,0.98,1*08
$GNGSA,A,3,85,78,68,79,,,,,,,,,1.19,0.68,0.98,2*06
$GNGSA,A,3,,,,,,,,,,,,,1.19,0.68,0.98,3*05
$GNGSA,A,3,05,08,04,09,,,,,,,,,1.19,0.68,0.98,4*02
$GPGSV,3,1,09,21,81,136,39.8,18,65,322,,22,37,285,,15,37,047,,1*7C
$GPGSV,3,2,09,09,34,121,,03,19,308,40.0,26,18,045,40.1,14,13,220,,1*6A
$GPGSV,3,3,09,29,09,184,39.6,1*40
$GLGSV,1,1,04,85,10,273,40.0,78,09,028,39.9,68,06,116,39.8,79,60,053,39.8,1*7D
$GAGSV,1,1,00,7*73
$GBGSV,1,1,04,05,15,249,39.1,08,57,185,38.5,04,27,125,39.2,09,24,193,39.2,1*7C
$GNRMC,223110.000,A,3859.9984,N,11613.9805,E,0.01,313.82,280612,,,A,V*07
$GNVTG,313.82,T,,M,0.01,N,0.01,K,A*28
$GNZDA,223110.000,28,06,2012,,*46
$GNGGA,223111.000,3859.9984,N,11613.9805,E,1,12,0.68,-7.4,M,-6.8,M,,*4B
$PAIRACC,3.30,7.64*4E
$GNGLL,3859.9984,N,11613.9805,E,223111.000,A,A*4E
$GNGSA,A,3,21,03,26,29,,,,,,,,,1.19,0.68,0.98,1*08
$GNGSA,A,3,85,78,68,79,,,,,,,,,1.19,0.68,0.98,2*06
$GNGSA,A,3,,,,,,,,,,,,,1.19,0.68,0.98,3*05
$GNGSA,A,3,05,08,04,09,,,,,,,,,1.19,0.68,0.98,4*02
$GPGSV,3,1,09,21,81,136,40.0,18,65,322,,22,37,285,,15,37,047,,1*7A
$GPGSV,3,2,09,09,34,121,,03,19,308,39.5,26,18,045,39.8,14,13,220,,1*66
$GPGSV,3,3,09,29,09,184,39.6,1*40
$GLGSV,1,1,04,85,10,273,40.1,78,09,028,40.0,68,06,116,40.2,79,60,053,40.0,1*79
$GAGSV,1,1,00,7*73
$GBGSV,1,1,04,05,15,249,39.3,08,57,185,39.4,04,27,125,39.3,09,24,193,39.5,1*78
$GNRMC,223111.000,A,3859.9984,N,11613.9805,E,0.01,310.11,280612,,,A,V*0F
$GNVTG,310.11,T,,M,0.01,N,0.01,K,A*21
$GNZDA,223111.000,28,06,2012,,*47
$GNGGA,223112.000,3859.9984,N,11613.9804,E,1,12,0.68,-7.4,M,-6.8,M,,*49
$PAIRACC,3.33,7.63*4A
$GNGLL,3859.9984,N,11613.9804,E,223112.000,A,A*4C
$GNGSA,A,3,21,03,26,29,,,,,,,,,1.19,0.68,0.98,1*08
$GNGSA,A,3,85,78,68,79,,,,,,,,,1.19,0.68,0.98,2*06
$GNGSA,A,3,,,,,,,,,,,,,1.19,0.68,0.98,3*05
$GNGSA,A,3,05,08,04,09,,,,,,,,,1.19,0.68,0.98,4*02
$GPGSV,3,1,09,21,81,136,39.9,18,65,322,,22,37,285,,15,37,047,,1*7D
$GPGSV,3,2,09,09,34,121,,03,19,308,39.9,26,18,045,39.9,14,13,220,,1*6B
$GPGSV,3,3,09,29,09,184,40.1,1*49
$GLGSV,1,1,04,85,10,273,39.8,78,09,028,39.7,68,06,116,40.2,79,60,053,40.3,1*74
$GAGSV,1,1,00,7*73
$GBGSV,1,1,04,05,15,249,39.0,08,57,185,39.4,04,27,125,39.4,09,24,193,39.4,1*7D
$GNRMC,223112.000,A,3859.9984,N,11613.9804,E,0.01,315.36,280612,,,A,V*0D
$GNVTG,315.36,T,,M,0.01,N,0.01,K,A*21
$GNZDA,223112.000,28,06,2012,,*44
$GNGGA,223113.000,3859.9984,N,11613.9804,E,1,12,0.68,-7.5,M,-6.8,M,,*49
$PAIRACC,3.31,7.70*4A
$GNGLL,3859.9984,N,11613.9804,E,223113.000,A,A*4D
$GNGSA,A,3,21,03,26,29,,,,,,,,,1.19,0.68,0.98,1*08
$GNGSA,A,3,85,78,68,79,,,,,,,,,1.19,0.68,0.98,2*06
$GNGSA,A,3,,,,,,,,,,,,,1.19,0.68,0.98,3*05
$GNGSA,A,3,05,08,04,09,,,,,,,,,1.19,0.68,0.98,4*02
$GPGSV,3,1,09,21,81,136,40.0,18,65,322,,22,37,285,,15,37,047,,1*7A
$GPGSV,3,2,09,09,34,121,,03,19,308,39.9,26,18,045,39.9,14,13,220,,1*6B
$GPGSV,3,3,09,29,09,184,39.7,1*41
$GLGSV,1,1,04,85,10,273,39.8,78,09,028,39.6,68,06,116,40.2,79,60,053,40.2,1*74
$GAGSV,1,1,00,7*73
$GBGSV,1,1,04,05,15,249,39.2,08,57,185,39.1,04,27,125,39.6,09,24,193,39.9,1*75
$GNRMC,223113.000,A,3859.9984,N,11613.9804,E,0.01,316.79,280612,,,A,V*04
$GNVTG,316.79,T,,M,0.01,N,0.01,K,A*29
$GNZDA,223113.000,28,06,2012,,*45
$GNGGA,223114.000,3859.9984,N,11613.9804,E,1,12,0.68,-7.5,M,-6.8,M,,*4E
$PAIRACC,3.34,7.92*43
$GNGLL,3859.9984,N,11613.9804,E,223114.000,A,A*4A
$GNGSA,A,3,21,03,26,29,,,,,,,,,1.19,0.68,0.98,1*08
$GNGSA,A,3,85,78,68,79,,,,,,,,,1.19,0.68,0.98,2*06
$GNGSA,A,3,,,,,,,,,,,,,1.19,0.68,0.98,3*05
$GNGSA,A,3,05,08,04,09,,,,,,,,,1.19,0.68,0.98,4*02
$GPGSV,3,1,09,21,81,136,40.1,18,65,322,,22,37,285,,15,37,047,,1*7B
$GPGSV,3,2,09,09,34,121,,03,19,308,40.0,26,18,045,39.9,14,13,220,,1*6C
$GPGSV,3,3,09,29,09,184,40.3,1*4B
$GLGSV,1,1,04,85,10,273,40.0,78,09,028,40.1,68,06,116,40.5,79,60,053,39.6,1*76
$GAGSV,1,1,00,7*73
$GBGSV,1,1,04,05,15,249,39.6,08,57,185,39.4,04,27,125,39.0,09,24,193,39.6,1*7D
$GNRMC,223114.000,A,3859.9984,N,11613.9804,E,0.01,313.21,280612,,,A,V*0B
$GNVTG,313.21,T,,M,0.01,N,0.01,K,A*21
$GNZDA,223114.000,28,06,2012,,*42
$GNGGA,223115.000,3859.9984,N,11613.9804,E,1,12,0.68,-7.5,M,-6.8,M,,*4F
$PAIRACC,3.31,7.70*4A
$GNGLL,3859.9984,N,11613.9804,E,223115.000,A,A*4B
$GNGSA,A,3,21,03,26,29,,,,,,,,,1.19,0.68,0.98,1*08
$GNGSA,A,3,85,78,68,79,,,,,,,,,1.19,0.68,0.98,2*06
$GNGSA,A,3,,,,,,,,,,,,,1.19,0.68,0.98,3*05
$GNGSA,A,3,05,08,04,09,,,,,,,,,1.19,0.68,0.98,4*02
$GPGSV,3,1,09,21,81,136,39.8,18,65,322,,22,37,285,,15,37,047,,1*7C
$GPGSV,3,2,09,09,34,121,,03,19,308,39.9,26,18,045,39.6,14,13,220,,1*64
$GPGSV,3,3,09,29,09,184,39.8,1*4E
$GLGSV,1,1,04,85,10,273,40.2,78,09,028,40.0,68,06,116,40.1,79,60,053,39.9,1*7E
$GAGSV,1,1,00,7*73
$GBGSV,1,1,04,05,15,249,38.9,08,57,185,39.5,04,27,125,39.4,09,24,193,39.4,1*74
$GNRMC,223115.000,A,3859.9984,N,11613.9804,E,0.01,310.83,280612,,,A,V*01
$GNVTG,310.83,T,,M,0.01,N,0.01,K,A*2A
$GNZDA,223115.000,28,06,2012,,*43
$GNGGA,223116.000,3859.9984,N,11613.9804,E,1,12,0.68,-7.5,M,-6.8,M,,*4C
$PAIRACC,3.33,7.64*4D
$GNGLL,3859.9984,N,11613.9804,E,223116.000,A,A*48
$GNGSA,A,3,21,03,26,29,,,,,,,,,1.19,0.68,0.98,1*08
$GNGSA,A,3,85,78,68,79,,,,,,,,,1.19,0.68,0.98,2*06
$GNGSA,A,3,,,,,,,,,,,,,1.19,0.68,0.98,3*05
$GNGSA,A,3,05,08,04,09,,,,,,,,,1.19,0.68,0.98,4*02
$GPGSV,3,1,09,21,81,136,40.0,18,65,322,,22,37,285,,15,37,047,,1*7A
$GPGSV,3,2,09,09,34,121,,03,19,308,39.9,26,18,045,39.8,14,13,220,,1*6A
$GPGSV,3,3,09,29,09,184,39.7,1*41
$GLGSV,1,1,04,85,10,273,39.5,78,09,028,39.9,68,06,116,39.8,79,60,053,40.3,1*73
$GAGSV,1,1,00,7*73
$GBGSV,1,1,04,05,15,249,39.1,08,57,185,38.9,04,27,125,39.6,09,24,193,39.5,1*73
$GNRMC,223116.000,A,3859.9984,N,11613.9804,E,0.01,317.33,280612,,,A,V*0E
$GNVTG,317.33,T,,M,0.01,N,0.01,K,A*26
$GNZDA,223116.000,28,06,2012,,*40
$GNGGA,223117.000,3859.9984,N,11613.9804,E,1,12,0.68,-7.5,M,-6.8,M,,*4D
$PAIRACC,3.40,7.94*46
$GNGLL,3859.9984,N,11613.9804,E,223117.000,A,A*49
$GNGSA,A,3,21,03,26,29,,,,,,,,,1.19,0.68,0.98,1*08
$GNGSA,A,3,85,78,68,79,,,,,,,,,1.19,0.68,0.98,2*06
$GNGSA,A,3,,,,,,,,,,,,,1.19,0.68,0.98,3*05
$GNGSA,A,3,05,08,04,09,,,,,,,,,1.19,0.68,0.98,4*02
$GPGSV,3,1,09,21,81,136,40.0,18,65,322,,22,37,285,,15,37,047,,1*7A
$GPGSV,3,2,09,09,34,121,,03,19,308,39.6,26,18,045,39.7,14,13,220,,1*6A
$GPGSV,3,3,09,29,09,184,40.0,1*48
$GLGSV,1,1,04,85,10,273,40.1,78,09,028,39.6,68,06,116,40.0,79,60,053,40.1,1*72
$GAGSV,1,1,00,7*73
$GBGSV,1,1,04,05,15,249,39.5,08,57,185,39.4,04,27,125,39.4,09,24,193,39.7,1*7B
$GNRMC,223117.000,A,3859.9984,N,11613.9804,E,0.01,314.95,280612,,,A,V*00
$GNVTG,314.95,T,,M,0.01,N,0.01,K,A*29
$GNZDA,223117.000,28,06,2012,,*41
$GNGGA,223118.000,3859.9984,N,11613.9804,E,1,12,0.68,-7.5,M,-6.8,M,,*42
$PAIRACC,3.34,7.71*4E
$GNGLL,3859.9984,N,11613.9804,E,223118.000,A,A*46
$GNGSA,A,3,21,03,26,29,,,,,,,,,1.19,0.68,0.98,1*08
$GNGSA,A,3,85,78,68,79,,,,,,,,,1.19,0.68,0.98,2*06
$GNGSA,A,3,,,,,,,,,,,,,1.19,0.68,0.98,3*05
$GNGSA,A,3,05,08,04,09,,,,,,,,,1.19,0.68,0.98,4*02
$GPGSV,3,1,09,21,81,136,40.2,18,65,322,,22,37,285,,15,37,047,,1*78
$GPGSV,3,2,09,09,34,121,,03,19,308,39.6,26,18,045,39.6,14,13,220,,1*6B
$GPGSV,3,3,09,29,09,184,40.0,1*48
$GLGSV,1,1,04,85,10,273,40.1,78,09,028,39.7,68,06,116,39.8,79,60,053,40.1,1*75
$GAGSV,1,1,00,7*73
$GBGSV,1,1,04,05,15,249,39.3,08,57,185,39.3,04,27,125,39.4,09,24,193,39.5,1*78
$GNRMC,223118.000,A,3859.9984,N,11613.9804,E,0.01,323.12,280612,,,A,V*04
$GNVTG,323.12,T,,M,0.01,N,0.01,K,A*22
$GNZDA,223118.000,28,06,2012,,*4E
$GNGGA,223119.000,3859.9984,N,11613.9804,E,1,12,0.68,-7.5,M,-6.8,M,,*43
$PAIRACC,3.40,7.95*47
$GNGLL,3859.9984,N,11613.9804,E,223119.000,A,A*47
$GNGSA,A,3,21,03,26,29,,,,,,,,,1.19,0.68,0.98,1*08
$GNGSA,A,3,85,78,68,79,,,,,,,,,1.19,0.68,0.98,2*06
$GNGSA,A,3,,,,,,,,,,,,,1.19,0.68,0.98,3*05
$GNGSA,A,3,05,08,04,09,,,,,,,,,1.19,0.68,0.98,4*02
$GPGSV,3,1,09,21,81,136,39.9,18,65,322,,22,37,285,,15,37,047,,1*7D
$GPGSV,3,2,09,09,34,121,,03,19,308,39.5,26,18,045,39.9,14,13,220,,1*67
$GPGSV,3,3,09,29,09,184,39.7,1*41
$GLGSV,1,1,04,85,10,273,40.0,78,09,028,40.0,68,06,116,40.2,79,60,053,40.0,1*78
$GAGSV,1,1,00,7*73
$GBGSV,1,1,04,05,15,249,38.9,08,57,185,39.7,04,27,125,39.2,09,24,193,39.7,1*73
$GNRMC,223119.000,A,3859.9984,N,11613.9804,E,0.01,324.29,280612,,,A,V*0A
$GNVTG,324.29,T,,M,0.01,N,0.01,K,A*2D
$GNZDA,223119.000,28,06,2012,,*4F
$GNGGA,223120.000,3859.9984,N,11613.9804,E,1,12,0.68,-7.5,M,-6.8,M,,*49
$PAIRACC,3.34,7.72*4D
$GNGLL,3859.9984,N,11613.9804,E,223120.000,A,A*4D
$GNGSA,A,3,21,03,26,29,,,,,,,,,1.19,0.68,0.98,1*08
$GNGSA,A,3,85,78,68,79,,,,,,,,,1.19,0.68,0.98,2*06
$GNGSA,A,3,,,,,,,,,,,,,1.19,0.68,0.98,3*05
$GNGSA,A,3,05,08,04,09,,,,,,,,,1.19,0.68,0.98,4*02
$GPGSV,3,1,09,21,81,136,39.8,18,65,322,,22,37,285,,15,37,047,,1*7C
$GPGSV,3,2,09,09,34,121,,03,19,308,39.8,26,18,045,39.8,14,13,220,,1*6B
$GPGSV,3,3,09,29,09,184,40.2,1*4A
$GLGSV,1,1,04,85,10,273,40.0,78,09,028,39.8,68,06,116,39.9,79,60,053,39.9,1*7C
$GAGSV,1,1,00,7*73
$GBGSV,1,1,04,05,15,249,39.4,08,57,185,39.5,04,27,125,39.5,09,24,193,39.3,1*7E
$GNRMC,223120.000,A,3859.9984,N,11613.9804,E,0.01,316.89,280612,,,A,V*0B
$GNVTG,316.89,T,,M,0.01,N,0.01,K,A*26
$GNZDA,223120.000,28,06,2012,,*45
$GNGGA,223121.000,3859.9984,N,11613.9804,E,1,12,0.68,-7.5,M,-6.8,M,,*48
$PAIRACC,3.41,7.96*45
$GNGLL,3859.9984,N,11613.9804,E,223121.000,A,A*4C
$GNGSA,A,3,21,03,26,29,,,,,,,,,1.19,0.68,0.98,1*08
$GNGSA,A,3,85,78,68,79,,,,,,,,,1.19,0.68,0.98,2*06
$GNGSA,A,3,,,,,,,,,,,,,1.19,0.68,0.98,3*05
$GNGSA,A,3,05,08,04,09,,,,,,,,,1.19,0.68,0.98,4*02
$GPGSV,3,1,09,21,81,136,39.8,18,65,322,,22,37,285,,15,37,047,,1*7C
$GPGSV,3,2,09,09,34,121,,03,19,308,40.0,26,18,045,39.8,14,13,220,,1*6D
$GPGSV,3,3,09,29,09,184,39.7,1*41
$GLGSV,1,1,04,85,10,273,40.0,78,09,028,40.1,68,06,116,40.2,79,60,053,40.4,1*7D
$GAGSV,1,1,00,7*73
$GBGSV,1,1,04,05,15,249,39.0,08,57,185,40.1,04,27,125,39.3,09,24,193,39.7,1*72
$GNRMC,223121.000,A,3859.9984,N,11613.9804,E,0.01,331.40,280612,,,A,V*0A
$GNVTG,331.40,T,,M,0.01,N,0.01,K,A*26
$GNZDA,223121.000,28,06,2012,,*44
$GNGGA,223122.000,3859.9984,N,11613.9804,E,1,12,0.68,-7.5,M,-6.8,M,,*4B
$PAIRACC,3.35,7.73*4D
$GNGLL,3859.9984,N,11613.9804,E,223122.000,A,A*4F
$GNGSA,A,3,21,03,26,29,,,,,,,,,1.19,0.68,0.98,1*08
$GNGSA,A,3,85,78,68,79,,,,,,,,,1.19,0.68,0.98,2*06
$GNGSA,A,3,,,,,,,,,,,,,1.19,0.68,0.98,3*05
$GNGSA,A,3,05,08,04,09,,,,,,,,,1.19,0.68,0.98,4*02
$GPGSV,3,1,09,21,81,136,39.8,18,65,322,,22,37,285,,15,37,047,,1*7C
$GPGSV,3,2,09,09,34,121,,03,19,308,39.6,26,18,045,39.9,14,13,220,,1*64
$GPGSV,3,3,09,29,09,184,40.1,1*49
$GLGSV,1,1,04,85,10,273,40.1,78,09,028,40.3,68,06,116,39.6,79,60,053,40.2,1*72
$GAGSV,1,1,00,7*73
$GBGSV,1,1,04,05,15,249,39.1,08,57,185,39.6,04,27,125,39.2,09,24,193,39.8,1*74
$GNRMC,223122.000,A,3859.9984,N,11613.9804,E,0.01,306.97,280612,,,A,V*07
$GNVTG,306.97,T,,M,0.01,N,0.01,K,A*28
$GNZDA,223122.000,28,06,2012,,*47
$GNGGA,223123.000,3859.9984,N,11613.9804,E,1,12,0.68,-7.5,M,-6.8,M,,*4A
$PAIRACC,3.41,7.98*4B
$GNGLL,3859.9984,N,11613.9804,E,223123.000,A,A*4E
$GNGSA,A,3,21,03,26,29,,,,,,,,,1.19,0.68,0.98,1*08
$GNGSA,A,3,85,78,68,79,,,,,,,,,1.19,0.68,0.98,2*06
$GNGSA,A,3,,,,,,,,,,,,,1.19,0.68,0.98,3*05
$GNGSA,A,3,05,08,04,09,,,,,,,,,1.19,0.68,0.98,4*02
$GPGSV,3,1,09,21,81,136,39.8,18,65,322,,22,37,285,,15,37,047,,1*7C
$GPGSV,3,2,09,09,34,121,,03,19,308,39.7,26,18,045,39.6,14,13,220,,1*6A
$GPGSV,3,3,09,29,09,184,39.7,1*41
$GLGSV,1,1,04,85,10,273,39.8,78,09,028,40.0,68,06,116,39.9,79,60,053,39.8,1*7D
$GAGSV,1,1,00,7*73
$GBGSV,1,1,04,05,15,249,39.3,08,57,185,39.6,04,27,125,39.4,09,24,193,39.6,1*7E
$GNRMC,223123.000,A,3859.9984,N,11613.9804,E,0.01,319.79,280612,,,A,V*08
$GNVTG,319.79,T,,M,0.01,N,0.01,K,A*26
$GNZDA,223123.000,28,06,2012,,*46
$GNGGA,223124.000,3859.9984,N,11613.9804,E,1,12,0.68,-7.5,M,-6.8,M,,*4D
$PAIRACC,3.35,7.74*4A
$GNGLL,3859.9984,N,11613.9804,E,223124.000,A,A*49
$GNGSA,A,3,21,03,26,29,,,,,,,,,1.19,0.68,0.98,1*08
$GNGSA,A,3,85,78,68,79,,,,,,,,,1.19,0.68,0.98,2*06
$GNGSA,A,3,,,,,,,,,,,,,1.19,0.68,0.98,3*05
$GNGSA,A,3,05,08,04,09,,,,,,,,,1.19,0.68,0.98,4*02
$GPGSV,3,1,09,21,81,136,39.9,18,65,322,,22,37,285,,15,37,047,,1*7D
$GPGSV,3,2,09,09,34,121,,03,19,308,39.8,26,18,045,40.3,14,13,220,,1*6E
$GPGSV,3,3,09,29,09,184,40.0,1*48
$GLGSV,1,1,04,85,10,273,40.0,78,09,028,39.8,68,06,116,39.7,79,60,053,39.9,1*72
$GAGSV,1,1,00,7*73
$GBGSV,1,1,04,05,15,249,39.2,08,57,185,39.3,04,27,125,39.4,09,24,193,39.4,1*78
$GNRMC,223124.000,A,3859.9984,N,11613.9804,E,0.01,323.76,280612,,,A,V*09
$GNVTG,323.76,T,,M,0.01,N,0.01,K,A*20
$GNZDA,223124.000,28,06,2012,,*41
$GNGGA,223125.000,3859.9984,N,11613.9804,E,1,12,0.68,-7.5,M,-6.8,M,,*4C
$PAIRACC,3.41,7.97*44
$GNGLL,3859.9984,N,11613.9804,E,223125.000,A,A*48
$GNGSA,A,3,21,03,26,29,,,,,,,,,1.19,0.68,0.98,1*08
$GNGSA,A,3,85,78,68,79,,,,,,,,,1.19,0.68,0.98,2*06
$GNGSA,A,3,,,,,,,,,,,,,1.19,0.68,0.98,3*05
$GNGSA,A,3,05,08,04,09,,,,,,,,,1.19,0.68,0.98,4*02
$GPGSV,3,1,09,21,81,136,40.2,18,65,322,,22,37,285,,15,37,047,,1*78
$GPGSV,3,2,09,09,34,121,,03,19,308,40.0,26,18,045,40.4,14,13,220,,1*6F
$GPGSV,3,3,09,29,09,184,40.1,1*49
$GLGSV,1,1,04,85,10,273,40.0,78,09,028,40.2,68,06,116,40.0,79,60,053,40.2,1*7A
$GAGSV,1,1,00,7*73
$GBGSV,1,1,04,05,15,249,39.0,08,57,185,39.5,04,27,125,39.5,09,24,193,39.5,1*7C
$GNRMC,223125.000,A,3859.9984,N,11613.9804,E,0.01,321.63,280612,,,A,V*0E
$GNVTG,321.63,T,,M,0.01,N,0.01,K,A*26
$GNZDA,223125.000,28,06,2012,,*40
$GNGGA,223126.000,3859.9984,N,11613.9804,E,1,12,0.68,-7.5,M,-6.8,M,,*4F
$PAIRACC,3.35,7.74*4A
$GNGLL,3859.9984,N,11613.9804,E,223126.000,A,A*4B
$GNGSA,A,3,21,03,26,29,,,,,,,,,1.19,0.68,0.98,1*08
$GNGSA,A,3,85,78,68,79,,,,,,,,,1.19,0.68,0.98,2*06
$GNGSA,A,3,,,,,,,,,,,,,1.19,0.68,0.98,3*05
$GNGSA,A,3,05,08,04,09,,,,,,,,,1.19,0.68,0.98,4*02
$GPGSV,3,1,09,21,81,136,40.0,18,65,322,,22,37,285,,15,37,047,,1*7A
$GPGSV,3,2,09,09,34,121,,03,19,308,39.6,26,18,045,39.9,14,13,220,,1*64
$GPGSV,3,3,09,29,09,184,39.8,1*4E
$GLGSV,1,1,04,85,10,273,40.0,78,09,028,39.9,68,06,116,39.9,79,60,053,40.3,1*79
$GAGSV,1,1,00,7*73
$GBGSV,1,1,04,05,15,249,39.4,08,57,185,39.7,04,27,125,39.6,09,24,193,39.5,1*79
$GNRMC,223126.000,A,3859.9984,N,11613.9804,E,0.01,314.34,280612,,,A,V*09
$GNVTG,314.34,T,,M,0.01,N,0.01,K,A*22
$GNZDA,223126.000,28,06,2012,,*43
$GNGGA,223127.000,3859.9984,N,11613.9804,E,1,12,0.68,-7.5,M,-6.8,M,,*4E
$PAIRACC,3.41,7.99*4A
$GNGLL,3859.9984,N,11613.9804,E,223127.000,A,A*4A
$GNGSA,A,3,21,03,26,29,,,,,,,,,1.19,0.68,0.98,1*08
$GNGSA,A,3,85,78,68,79,,,,,,,,,1.19,0.68,0.98,2*06
$GNGSA,A,3,,,,,,,,,,,,,1.19,0.68,0.98,3*05
$GNGSA,A,3,05,08,04,09,,,,,,,,,1.19,0.68,0.98,4*02
$GPGSV,3,1,09,21,81,136,40.2,18,65,322,,22,37,285,,15,37,047,,1*78
$GPGSV,3,2,09,09,34,121,,03,19,308,39.7,26,18,045,39.6,14,13,220,,1*6A
$GPGSV,3,3,09,29,09,184,40.2,1*4A
$GLGSV,1,1,04,85,10,273,40.3,78,09,028,39.8,68,06,116,39.9,79,60,053,40.1,1*79
$GAGSV,1,1,00,7*73
$GBGSV,1,1,04,05,15,249,38.8,08,57,185,39.3,04,27,125,39.1,09,24,193,39.6,1*74
$GNRMC,223127.000,A,3859.9984,N,11613.9804,E,0.01,322.52,280612,,,A,V*0D
$GNVTG,322.52,T,,M,0.01,N,0.01,K,A*27
$GNZDA,223127.000,28,06,2012,,*42
$GNGGA,223128.000,3859.9984,N,11613.9804,E,1,12,0.68,-7.5,M,-6.8,M,,*41
$PAIRACC,3.35,7.74*4A
$GNGLL,3859.9984,N,11613.9804,E,223128.000,A,A*45
$GNGSA,A,3,21,03,26,29,,,,,,,,,1.19,0.68,0.98,1*08
$GNGSA,A,3,85,78,68,79,,,,,,,,,1.19,0.68,0.98,2*06
$GNGSA,A,3,,,,,,,,,,,,,1.19,0.68,0.98,3*05
$GNGSA,A,3,05,08,04,09,,,,,,,,,1.19,0.68,0.98,4*02
$GPGSV,3,1,09,21,81,136,40.0,18,65,322,,22,37,285,,15,37,047,,1*7A
$GPGSV,3,2,09,09,34,121,,03,19,308,39.4,26,18,045,39.8,14,13,220,,1*67
$GPGSV,3,3,09,29,09,184,39.8,1*4E
$GLGSV,1,1,04,85,10,273,40.6,78,09,028,40.2,68,06,116,40.2,79,60,053,40.3,1*7F
$GAGSV,1,1,00,7*73
$GBGSV,1,1,04,05,15,249,39.1,08,57,185,39.4,04,27,125,39.3,09,24,193,39.7,1*78
$GNRMC,223128.000,A,3859.9984,N,11613.9804,E,0.01,320.11,280612,,,A,V*07
$GNVTG,320.11,T,,M,0.01,N,0.01,K,A*22
$GNZDA,223128.000,28,06,2012,,*4D
$GNGGA,223129.000,3859.9984,N,11613.9804,E,1,12,0.68,-7.5,M,-6.8,M,,*40
$PAIRACC,3.32,7.95*42
$GNGLL,3859.9984,N,11613.9804,E,223129.000,A,A*44
$GNGSA,A,3,21,03,26,29,,,,,,,,,1.19,0.68,0.98,1*08
$GNGSA,A,3,85,78,68,79,,,,,,,,,1.19,0.68,0.98,2*06
$GNGSA,A,3,,,,,,,,,,,,,1.19,0.68,0.98,3*05
$GNGSA,A,3,05,08,04,09,,,,,,,,,1.19,0.68,0.98,4*02
$GPGSV,3,1,09,21,81,136,39.7,18,65,322,,22,37,285,,15,37,047,,1*73
$GPGSV,3,2,09,09,34,121,,03,19,308,40.0,26,18,045,39.8,14,13,220,,1*6D
$GPGSV,3,3,09,29,09,184,39.6,1*40
$GLGSV,1,1,04,85,10,273,40.0,78,09,028,39.9,68,06,116,40.2,79,60,053,39.9,1*78
$GAGSV,1,1,00,7*73
$GBGSV,1,1,04,05,15,249,39.3,08,57,185,39.3,04,27,125,39.2,09,24,193,39.7,1*7C
$GNRMC,223129.000,A,3859.9984,N,11613.9804,E,0.01,316.90,280612,,,A,V*0A
$GNVTG,316.90,T,,M,0.01,N,0.01,K,A*2E
$GNZDA,223129.000,28,06,2012,,*4C
$GNGGA,223130.000,3859.9984,N,11613.9804,E,1,12,0.68,-7.5,M,-6.8,M,,*48
$PAIRACC,3.38,7.76*45
$GNGLL,3859.9984,N,11613.9804,E,223130.000,A,A*4C
$GNGSA,A,3,21,03,26,29,,,,,,,,,1.19,0.68,0.98,1*08
$GNGSA,A,3,85,78,68,79,,,,,,,,,1.19,0.68,0.98,2*06
$GNGSA,A,3,,,,,,,,,,,,,1.19,0.68,0.98,3*05
$GNGSA,A,3,05,08,04,09,,,,,,,,,1.19,0.68,0.98,4*02
$GPGSV,3,1,09,21,81,136,39.9,18,65,322,,22,37,285,,15,37,047,,1*7D
$GPGSV,3,2,09,09,34,121,,03,19,308,39.7,26,18,045,40.2,14,13,220,,1*60
$GPGSV,3,3,09,29,09,184,39.9,1*4F
$GLGSV,1,1,04,85,10,273,39.8,78,09,028,40.2,68,06,116,40.2,79,60,053,40.4,1*78
$GAGSV,1,1,00,7*73
$GBGSV,1,1,04,05,15,249,39.0,08,57,185,39.5,04,27,125,39.3,09,24,193,39.0,1*7F
$GNRMC,223130.000,A,3859.9984,N,11613.9804,E,0.01,318.38,280612,,,A,V*0E
$GNVTG,318.38,T,,M,0.01,N,0.01,K,A*22
$GNZDA,223130.000,28,06,2012,,*44
$GNGGA,223131.000,3859.9984,N,11613.9804,E,1,12,0.68,-7.5,M,-6.8,M,,*49
$PAIRACC,3.31,7.68*43
$GNGLL,3859.9984,N,11613.9804,E,223131.000,A,A*4D
$GNGSA,A,3,21,03,26,29,,,,,,,,,1.19,0.68,0.98,1*08
$GNGSA,A,3,85,78,68,79,,,,,,,,,1.19,0.68,0.98,2*06
$GNGSA,A,3,,,,,,,,,,,,,1.19,0.68,0.98,3*05
$GNGSA,A,3,05,08,04,09,,,,,,,,,1.19,0.68,0.98,4*02
$GPGSV,3,1,09,21,81,136,39.9,18,65,322,,22,37,285,,15,37,047,,1*7D
$GPGSV,3,2,09,09,34,121,,03,19,308,39.9,26,18,045,40.0,14,13,220,,1*6C
$GPGSV,3,3,09,29,09,184,40.2,1*4A
$GLGSV,1,1,04,85,10,273,39.8,78,09,028,39.9,68,06,116,40.4,79,60,053,40.1,1*7E
$GAGSV,1,1,00,7*73
$GBGSV,1,1,04,05,15,249,38.9,08,57,185,39.2,04,27,125,39.5,09,24,193,39.5,1*73
$GNRMC,223131.000,A,3859.9984,N,11613.9804,E,0.01,324.52,280612,,,A,V*0C
$GNVTG,324.52,T,,M,0.01,N,0.01,K,A*21
$GNZDA,223131.000,28,06,2012,,*45
$GNGGA,223132.000,3859.9984,N,11613.9804,E,1,12,0.68,-7.5,M,-6.8,M,,*4A
$PAIRACC,3.46,8.07*45
$GNGLL,3859.9984,N,11613.9804,E,223132.000,A,A*4E
$GNGSA,A,3,21,03,26,29,,,,,,,,,1.19,0.68,0.98,1*08
$GNGSA,A,3,85,78,68,79,,,,,,,,,1.19,0.68,0.98,2*06
$GNGSA,A,3,,,,,,,,,,,,,1.19,0.68,0.98,3*05
$GNGSA,A,3,05,08,04,09,,,,,,,,,1.19,0.68,0.98,4*02
$GPGSV,3,1,09,21,81,136,40.0,18,65,322,,22,37,285,,15,37,047,,1*7A
$GPGSV,3,2,09,09,34,121,,03,19,307,39.6,26,18,045,39.5,14,13,220,,1*67
$GPGSV,3,3,09,29,09,184,40.0,1*48
$GLGSV,1,1,04,85,10,273,40.2,78,09,028,40.2,68,06,116,40.2,79,60,053,40.3,1*7B
$GAGSV,1,1,00,7*73
$GBGSV,1,1,04,05,15,249,39.4,08,57,185,39.6,04,27,125,39.3,09,24,193,39.8,1*70
$GNRMC,223132.000,A,3859.9984,N,11613.9804,E,0.01,324.79,280612,,,A,V*06
$GNVTG,324.79,T,,M,0.01,N,0.01,K,A*28
$GNZDA,223132.000,28,06,2012,,*46
$GNGGA,223133.000,3859.9984,N,11613.9804,E,1,12,0.68,-7.5,M,-6.8,M,,*4B
$PAIRACC,3.32,7.67*4F
$GNGLL,3859.9984,N,11613.9804,E,223133.000,A,A*4F
$GNGSA,A,3,21,03,26,29,,,,,,,,,1.19,0.68,0.98,1*08
$GNGSA,A,3,85,78,68,79,,,,,,,,,1.19,0.68,0.98,2*06
$GNGSA,A,3,,,,,,,,,,,,,1.19,0.68,0.98,3*05
$GNGSA,A,3,05,08,04,09,,,,,,,,,1.19,0.68,0.98,4*02
$GPGSV,3,1,09,21,81,136,40.0,18,65,322,,22,37,285,,15,37,047,,1*7A
$GPGSV,3,2,09,09,34,121,,03,19,307,40.0,26,18,045,39.8,14,13,220,,1*62
$GPGSV,3,3,09,29,09,184,40.0,1*48
$GLGSV,1,1,04,85,10,273,39.7,78,09,028,39.7,68,06,116,39.9,79,60,053,39.4,1*77
$GAGSV,1,1,00,7*73
$GBGSV,1,1,04,05,15,249,39.2,08,57,185,39.0,04,27,125,39.1,09,24,193,39.5,1*7F
$GNRMC,223133.000,A,3859.9984,N,11613.9804,E,0.01,317.38,280612,,,A,V*02
$GNVTG,317.38,T,,M,0.01,N,0.01,K,A*2D
$GNZDA,223133.000,28,06,2012,,*47
$GNGGA,223134.000,3859.9984,N,11613.9804,E,1,12,0.68,-7.5,M,-6.8,M,,*4C
$PAIRACC,3.45,7.97*40
$GNGLL,3859.9984,N,11613.9804,E,223134.000,A,A*48
$GNGSA,A,3,29,03,26,21,,,,,,,,,1.19,0.68,0.98,1*08
$GNGSA,A,3,79,85,78,68,,,,,,,,,1.19,0.68,0.98,2*06
$GNGSA,A,3,,,,,,,,,,,,,1.19,0.68,0.98,3*05
$GNGSA,A,3,08,04,09,05,,,,,,,,,1.19,0.68,0.98,4*02
$GPGSV,3,1,09,29,09,184,40.2,18,65,322,,15,37,047,,22,37,285,,1*79
$GPGSV,3,2,09,09,34,121,,03,19,307,39.8,26,18,045,40.1,14,13,220,,1*63
$GPGSV,3,3,09,21,81,136,39.7,1*40
$GLGSV,1,1,04,79,60,053,40.5,85,10,273,40.1,78,09,028,39.6,68,06,116,40.3,1*75
$GAGSV,1,1,00,7*73
$GBGSV,2,1,05,08,57,185,39.7,06,49,178,,04,27,125,39.0,09,24,193,39.2,1*61
$GBGSV,2,2,05,05,15,249,39.1,1*58
$GNRMC,223134.000,A,3859.9984,N,11613.9804,E,0.01,317.65,280612,,,A,V*0D
$GNVTG,317.65,T,,M,0.01,N,0.01,K,A*25
$GNZDA,223134.000,28,06,2012,,*40
$GNGGA,223135.000,3859.9984,N,11613.9804,E,1,12,0.68,-7.5,M,-6.8,M,,*4D
$PAIRACC,3.33,7.75*4D
$GNGLL,3859.9984,N,11613.9804,E,223135.000,A,A*49
$GNGSA,A,3,29,03,26,21,,,,,,,,,1.19,0.68,0.98,1*08
$GNGSA,A,3,79,85,78,68,,,,,,,,,1.19,0.68,0.98,2*06
$GNGSA,A,3,,,,,,,,,,,,,1.19,0.68,0.98,3*05
$GNGSA,A,3,08,04,09,05,,,,,,,,,1.19,0.68,0.98,4*02
$GPGSV,3,1,09,29,09,184,39.8,18,65,322,,22,37,285,,15,37,047,,1*7D
$GPGSV,3,2,09,09,34,121,,03,19,307,39.2,26,18,045,39.6,14,13,220,,1*60
$GPGSV,3,3,09,21,81,136,39.9,1*4E
$GLGSV,2,1,06,79,60,053,40.2,70,47,333,,65,13,312,,85,10,273,39.9,1*7A
$GLGSV,2,2,06,78,09,028,40.0,68,06,116,40.0,1*7C
$GAGSV,1,1,00,7*73
$GBGSV,1,1,04,08,57,185,39.8,04,27,125,39.3,09,24,193,39.3,05,15,249,39.1,1*70
$GNRMC,223135.000,A,3859.9984,N,11613.9804,E,0.01,307.68,280612,,,A,V*00
$GNVTG,307.68,T,,M,0.01,N,0.01,K,A*29
$GNZDA,223135.000,28,06,2012,,*41
$GNGGA,223136.000,3859.9984,N,11613.9804,E,1,12,0.68,-7.5,M,-6.8,M,,*4E
$PAIRACC,3.45,8.00*41
$GNGLL,3859.9984,N,11613.9804,E,223136.000,A,A*4A
$GNGSA,A,3,29,21,03,26,,,,,,,,,1.19,0.68,0.98,1*08
$GNGSA,A,3,79,85,78,68,,,,,,,,,1.19,0.68,0.98,2*06
$GNGSA,A,3,,,,,,,,,,,,,1.19,0.68,0.98,3*05
$GNGSA,A,3,08,04,09,05,,,,,,,,,1.19,0.68,0.98,4*02
$GPGSV,3,1,09,29,09,184,39.7,21,81,136,39.6,22,37,285,,15,37,047,,1*67
$GPGSV,3,2,09,09,34,121,,03,19,307,39.5,26,18,045,40.1,14,13,220,,1*6E
$GPGSV,3,3,09,18,65,322,,1*54
$GLGSV,2,1,07,70,47,333,,79,60,053,39.8,85,10,273,39.8,86,09,323,,1*7A
$GLGSV,2,2,07,78,09,028,40.0,68,06,116,40.1,73,05,198,,1*4D
$GAGSV,1,1,00,7*73
$GBGSV,1,1,04,08,57,185,39.0,04,27,125,39.3,09,24,193,39.2,05,15,249,38.8,1*71
$GNRMC,223136.000,A,3859.9984,N,11613.9804,E,0.01,314.31,280612,,,A,V*0D
$GNVTG,314.31,T,,M,0.01,N,0.01,K,A*27
$GNZDA,223136.000,28,06,2012,,*42
$GNGGA,223137.000,3859.9984,N,11613.9804,E,1,12,0.68,-7.5,M,-6.8,M,,*4F
$PAIRACC,3.32,7.68*40
$GNGLL,3859.9984,N,11613.9804,E,223137.000,A,A*4B
$GNGSA,A,3,29,03,26,21,,,,,,,,,1.19,0.68,0.98,1*08
$GNGSA,A,3,79,85,78,68,,,,,,,,,1.19,0.68,0.98,2*06
$GNGSA,A,3,,,,,,,,,,,,,1.19,0.68,0.98,3*05
$GNGSA,A,3,08,04,09,05,,,,,,,,,1.19,0.68,0.98,4*02
$GPGSV,3,1,09,29,09,184,39.6,18,65,322,,22,37,285,,15,37,047,,1*73
$GPGSV,3,2,09,09,34,121,,03,19,307,39.5,26,18,045,39.8,14,13,220,,1*69
$GPGSV,3,3,09,21,81,136,39.8,1*4F
$GLGSV,1,1,04,79,60,053,39.9,85,10,273,39.7,78,09,028,39.9,68,06,116,40.0,1*73
$GAGSV,1,1,00,7*73
$GBGSV,2,1,05,08,57,185,39.5,01,38,147,,04,27,125,39.3,09,24,193,39.1,1*6E
$GBGSV,2,2,05,05,15,249,38.9,1*51
$GNRMC,223137.000,A,3859.9984,N,11613.9804,E,0.01,313.99,280612,,,A,V*09
$GNVTG,313.99,T,,M,0.01,N,0.01,K,A*22
$GNZDA,223137.000,28,06,2012,,*43
$GNGGA,223138.000,3859.9984,N,11613.9804,E,1,12,0.68,-7.5,M,-6.8,M,,*40
$PAIRACC,3.46,8.07*45
$GNGLL,3859.9984,N,11613.9804,E,223138.000,A,A*44
$GNGSA,A,3,29,03,26,21,,,,,,,,,1.19,0.68,0.98,1*08
$GNGSA,A,3,79,85,78,68,,,,,,,,,1.19,0.68,0.98,2*06
$GNGSA,A,3,,,,,,,,,,,,,1.19,0.68,0.98,3*05
$GNGSA,A,3,08,04,09,05,,,,,,,,,1.19,0.68,0.98,4*02
$GPGSV,3,1,09,29,09,184,39.2,18,65,322,,15,37,047,,22,37,285,,1*77
$GPGSV,3,2,09,09,35,119,,03,19,307,39.7,26,18,045,39.8,14,13,220,,1*61
$GPGSV,3,3,09,21,81,136,39.8,1*4F
$GLGSV,1,1,04,79,60,053,40.3,85,10,273,39.9,78,09,028,40.3,68,06,116,40.1,1*7C
$GAGSV,1,1,00,7*73
$GBGSV,2,1,05,08,57,185,39.5,01,38,147,,04,27,125,39.5,09,24,193,38.8,1*60
$GBGSV,2,2,05,05,15,249,39.3,1*5A
$GNRMC,223138.000,A,3859.9984,N,11613.9804,E,0.01,304.93,280612,,,A,V*0A
$GNVTG,304.93,T,,M,0.01,N,0.01,K,A*2E
$GNZDA,223138.000,28,06,2012,,*4C
$GNGGA,223139.000,3859.9984,N,11613.9804,E,1,12,0.68,-7.5,M,-6.8,M,,*41
$PAIRACC,3.32,7.68*40
$GNGLL,3859.9984,N,11613.9804,E,223139.000,A,A*45
$GNGSA,A,3,29,03,26,21,,,,,,,,,1.19,0.68,0.98,1*08
$GNGSA,A,3,79,85,78,68,,,,,,,,,1.19,0.68,0.98,2*06
$GNGSA,A,3,,,,,,,,,,,,,1.19,0.68,0.98,3*05
$GNGSA,A,3,08,04,09,05,,,,,,,,,1.19,0.68,0.98,4*02
$GPGSV,3,1,09,29,09,184,39.7,18,65,322,,15,37,047,,22,37,285,,1*72
$GPGSV,3,2,09,09,35,119,,03,19,307,39.6,26,18,045,39.7,14,13,220,,1*6F
$GPGSV,3,3,09,21,81,136,40.0,1*49
$GLGSV,1,1,04,79,60,053,40.2,85,10,273,39.9,78,09,028,40.0,68,06,116,39.8,1*79
$GAGSV,1,1,00,7*73
$GBGSV,2,1,05,08,57,185,39.7,03,44,191,,04,27,125,39.1,09,24,193,39.3,1*6E
$GBGSV,2,2,05,05,15,249,38.8,1*50
$GNRMC,223139.000,A,3859.9984,N,11613.9804,E,0.01,309.92,280612,,,A,V*07
$GNVTG,309.92,T,,M,0.01,N,0.01,K,A*22
$GNZDA,223139.000,28,06,2012,,*4D
$GNGGA,223140.000,3859.9984,N,11613.9804,E,1,12,0.68,-7.5,M,-6.8,M,,*4F
$PAIRACC,3.46,8.08*4A
$GNGLL,3859.9984,N,11613.9804,E,223140.000,A,A*4B
$GNGSA,A,3,29,03,26,21,,,,,,,,,1.19,0.68,0.98,1*08
$GNGSA,A,3,79,85,78,68,,,,,,,,,1.19,0.68,0.98,2*06
$GNGSA,A,3,,,,,,,,,,,,,1.19,0.68,0.98,3*05
$GNGSA,A,3,08,04,09,05,,,,,,,,,1.19,0.68,0.98,4*02
$GPGSV,3,1,09,29,09,184,40.0,18,65,322,,22,37,285,,15,37,047,,1*7B
$GPGSV,3,2,09,09,35,119,,03,19,307,39.8,26,18,045,40.0,14,13,220,,1*68
$GPGSV,3,3,09,21,81,136,39.8,1*4F
$GLGSV,1,1,04,79,60,053,40.2,85,10,273,39.8,78,09,028,40.1,68,06,116,39.9,1*78
$GAGSV,1,1,00,7*73
$GBGSV,2,1,06,08,57,185,39.6,03,44,191,,02,30,229,,04,27,125,39.6,1*70
$GBGSV,2,2,06,09,24,193,39.2,05,15,249,38.9,1*70
$GNRMC,223140.000,A,3859.9984,N,11613.9804,E,0.01,312.10,280612,,,A,V*09
$GNVTG,312.10,T,,M,0.01,N,0.01,K,A*22
$GNZDA,223140.000,28,06,2012,,*43
$GNGGA,223141.000,3859.9984,N,11613.9804,E,1,12,0.68,-7.5,M,-6.8,M,,*4E
$PAIRACC,3.32,7.71*48
$GNGLL,3859.9984,N,11613.9804,E,223141.000,A,A*4A
$GNGSA,A,3,29,03,26,21,,,,,,,,,1.19,0.68,0.98,1*08
$GNGSA,A,3,79,85,78,68,,,,,,,,,1.19,0.68,0.98,2*06
$GNGSA,A,3,,,,,,,,,,,,,1.19,0.68,0.98,3*05
$GNGSA,A,3,08,04,09,05,,,,,,,,,1.19,0.68,0.98,4*02
$GPGSV,3,1,09,29,09,184,39.8,18,65,322,,15,37,047,,22,37,285,,1*7D
$GPGSV,3,2,09,09,35,119,,03,19,307,39.8,26,18,045,39.6,14,13,220,,1*60
$GPGSV,3,3,09,21,81,136,39.6,1*41
$GLGSV,1,1,04,79,60,053,39.0,85,10,273,39.7,78,09,028,40.1,68,06,116,40.5,1*79
$GAGSV,1,1,00,7*73
$GBGSV,2,1,05,08,57,185,38.8,02,30,229,,04,27,125,39.2,09,24,193,39.5,1*67
$GBGSV,2,2,05,05,15,249,38.9,1*51
$GNRMC,223141.000,A,3859.9984,N,11613.9804,E,0.01,311.41,280612,,,A,V*0F
$GNVTG,311.41,T,,M,0.01,N,0.01,K,A*25
$GNZDA,223141.000,28,06,2012,,*42
$GNGGA,223142.000,3859.9984,N,11613.9804,E,1,12,0.68,-7.5,M,-6.8,M,,*4D
$PAIRACC,3.35,7.69*46
$GNGLL,3859.9984,N,11613.9804,E,223142.000,A,A*49
$GNGSA,A,3,21,03,26,29,,,,,,,,,1.19,0.68,0.98,1*08
$GNGSA,A,3,85,78,68,79,,,,,,,,,1.19,0.68,0.98,2*06
$GNGSA,A,3,,,,,,,,,,,,,1.19,0.68,0.98,3*05
$GNGSA,A,3,05,08,04,09,,,,,,,,,1.19,0.68,0.98,4*02
$GPGSV,3,1,09,21,81,136,39.9,18,65,322,,15,37,047,,22,37,285,,1*7D
$GPGSV,3,2,09,09,35,119,,03,19,307,39.6,26,18,045,39.6,14,13,220,,1*6E
$GPGSV,3,3,09,29,09,184,39.7,1*41
$GLGSV,1,1,04,85,10,273,39.7,78,09,028,40.2,68,06,116,40.4,79,60,053,40.5,1*70
$GAGSV,1,1,00,7*73
$GBGSV,1,1,04,05,15,249,39.0,08,57,185,39.2,04,27,125,39.0,09,24,193,39.6,1*7D
$GNRMC,223142.000,A,3859.9984,N,11613.9804,E,0.01,313.02,280612,,,A,V*09
$GNVTG,313.02,T,,M,0.01,N,0.01,K,A*20
$GNZDA,223142.000,28,06,2012,,*41
$GNGGA,223143.000,3859.9984,N,11613.9804,E,1,12,0.68,-7.5,M,-6.8,M,,*4C
$PAIRACC,3.32,7.68*40
$GNGLL,3859.9984,N,11613.9804,E,223143.000,A,A*48
$GNGSA,A,3,21,03,26,29,,,,,,,,,1.19,0.68,0.98,1*08
$GNGSA,A,3,85,78,68,79,,,,,,,,,1.19,0.68,0.98,2*06
$GNGSA,A,3,,,,,,,,,,,,,1.19,0.68,0.98,3*05
$GNGSA,A,3,05,08,04,09,,,,,,,,,1.19,0.68,0.98,4*02
$GPGSV,3,1,09,21,81,136,39.9,18,65,322,,15,37,047,,22,37,285,,1*7D
$GPGSV,3,2,09,09,35,119,,03,19,307,40.1,26,18,045,39.8,14,14,220,,1*6E
$GPGSV,3,3,09,29,09,184,39.8,1*4E
$GLGSV,1,1,04,85,10,273,40.0,78,09,028,39.8,68,06,116,40.4,79,60,053,40.1,1*79
$GAGSV,1,1,00,7*73
$GBGSV,1,1,04,05,15,249,38.9,08,57,185,39.6,04,27,125,39.0,09,24,193,39.5,1*72
$GNRMC,223143.000,A,3859.9984,N,11613.9804,E,0.01,324.37,280612,,,A,V*0A
$GNVTG,324.37,T,,M,0.01,N,0.01,K,A*22
$GNZDA,223143.000,28,06,2012,,*40
$GNGGA,223144.000,3859.9984,N,11613.9804,E,1,12,0.68,-7.5,M,-6.8,M,,*4B
$PAIRACC,3.31,7.63*48
$GNGLL,3859.9984,N,11613.9804,E,223144.000,A,A*4F
$GNGSA,A,3,21,03,26,29,,,,,,,,,1.19,0.68,0.98,1*08
$GNGSA,A,3,85,78,68,79,,,,,,,,,1.19,0.68,0.98,2*06
$GNGSA,A,3,,,,,,,,,,,,,1.19,0.68,0.98,3*05
$GNGSA,A,3,05,08,04,09,,,,,,,,,1.19,0.68,0.98,4*02
$GPGSV,3,1,09,21,81,136,40.2,18,65,322,,22,37,285,,15,36,047,,1*79
$GPGSV,3,2,09,09,35,119,,03,19,307,39.6,26,18,045,39.8,14,14,220,,1*67
$GPGSV,3,3,09,29,09,184,39.9,1*4F
$GLGSV,1,1,04,85,10,273,40.0,78,09,028,40.2,68,06,116,40.2,79,60,053,40.0,1*7A
$GAGSV,1,1,00,7*73
$GBGSV,1,1,04,05,15,249,39.3,08,57,185,39.5,04,27,125,39.3,09,24,193,39.5,1*79
$GNRMC,223144.000,A,3859.9984,N,11613.9804,E,0.01,319.85,280612,,,A,V*0A
$GNVTG,319.85,T,,M,0.01,N,0.01,K,A*25
$GNZDA,223144.000,28,06,2012,,*47
$GNGGA,223145.000,3859.9984,N,11613.9804,E,1,12,0.68,-7.5,M,-6.8,M,,*4A
$PAIRACC,3.42,8.13*44
$GNGLL,3859.9984,N,11613.9804,E,223145.000,A,A*4E
$GNGSA,A,3,21,03,26,29,,,,,,,,,1.19,0.68,0.98,1*08
$GNGSA,A,3,85,78,68,79,,,,,,,,,1.19,0.68,0.98,2*06
$GNGSA,A,3,,,,,,,,,,,,,1.19,0.68,0.98,3*05
$GNGSA,A,3,05,08,04,09,,,,,,,,,1.19,0.68,0.98,4*02
$GPGSV,3,1,09,21,81,136,39.7,18,65,322,,22,37,285,,15,36,047,,1*72
$GPGSV,3,2,09,09,35,119,,03,19,307,39.8,26,18,045,39.9,14,14,220,,1*68
$GPGSV,3,3,09,29,09,184,39.5,1*43
$GLGSV,1,1,04,85,10,273,39.9,78,09,028,40.2,68,06,116,40.4,79,60,053,39.8,1*7D
$GAGSV,1,1,00,7*73
$GBGSV,1,1,04,05,15,249,39.2,08,57,185,39.6,04,27,125,39.2,09,24,193,39.0,1*7F
$GNRMC,223145.000,A,3859.9984,N,11613.9804,E,0.01,323.38,280612,,,A,V*04
$GNVTG,323.38,T,,M,0.01,N,0.01,K,A*2A
$GNZDA,223145.000,28,06,2012,,*46
$GNGGA,223146.000,3859.9984,N,11613.9804,E,1,12,0.68,-7.5,M,-6.8,M,,*49
$PAIRACC,3.31,7.65*4E
$GNGLL,3859.9984,N,11613.9804,E,223146.000,A,A*4D
$GNGSA,A,3,21,03,26,29,,,,,,,,,1.19,0.68,0.98,1*08
$GNGSA,A,3,85,78,68,79,,,,,,,,,1.19,0.68,0.98,2*06
$GNGSA,A,3,,,,,,,,,,,,,1.19,0.68,0.98,3*05
$GNGSA,A,3,05,08,04,09,,,,,,,,,1.19,0.68,0.98,4*02
$GPGSV,3,1,09,21,81,136,40.0,18,65,322,,22,37,285,,15,36,047,,1*7B
$GPGSV,3,2,09,09,35,119,,03,19,307,40.2,26,18,045,39.8,14,14,220,,1*6D
$GPGSV,3,3,09,29,09,184,39.9,1*4F
$GLGSV,1,1,04,85,10,273,40.0,78,09,028,40.0,68,06,116,40.1,79,60,053,40.3,1*78
$GAGSV,1,1,00,7*73
$GBGSV,1,1,04,05,15,249,39.1,08,57,185,39.0,04,27,125,39.4,09,24,193,39.1,1*7D
$GNRMC,223146.000,A,3859.9984,N,11613.9804,E,0.01,320.43,280612,,,A,V*08
$GNVTG,320.43,T,,M,0.01,N,0.01,K,A*25
$GNZDA,223146.000,28,06,2012,,*45
$GNGGA,223147.000,3859.9984,N,11613.9804,E,1,12,0.68,-7.5,M,-6.8,M,,*48
$PAIRACC,3.37,7.74*48
$GNGLL,3859.9984,N,11613.9804,E,223147.000,A,A*4C
$GNGSA,A,3,21,03,26,29,,,,,,,,,1.19,0.68,0.98,1*08
$GNGSA,A,3,85,78,68,79,,,,,,,,,1.19,0.68,0.98,2*06
$GNGSA,A,3,,,,,,,,,,,,,1.19,0.68,0.98,3*05
$GNGSA,A,3,05,08,04,09,,,,,,,,,1.19,0.68,0.98,4*02
$GPGSV,3,1,09,21,81,136,40.1,18,66,325,,22,37,285,,15,36,047,,1*7E
$GPGSV,3,2,09,09,35,119,,03,19,307,39.9,26,18,045,39.8,14,14,220,,1*68
$GPGSV,3,3,09,29,09,184,39.6,1*40
$GLGSV,1,1,04,85,10,273,40.0,78,09,028,40.4,68,06,116,40.0,79,60,053,40.2,1*7C
$GAGSV,1,1,00,7*73
$GBGSV,1,1,04,05,15,249,38.4,08,57,185,39.0,04,27,125,39.0,09,24,193,38.9,1*74
$GNRMC,223147.000,A,3859.9984,N,11613.9804,E,0.01,321.11,280612,,,A,V*0F
$GNVTG,321.11,T,,M,0.01,N,0.01,K,A*23
$GNZDA,223147.000,28,06,2012,,*44
$GNGGA,223148.000,3859.9984,N,11613.9805,E,1,12,0.68,-7.5,M,-6.8,M,,*46
$PAIRACC,3.31,7.63*48
$GNGLL,3859.9984,N,11613.9805,E,223148.000,A,A*42
$GNGSA,A,3,21,03,26,29,,,,,,,,,1.19,0.68,0.98,1*08
$GNGSA,A,3,85,78,68,79,,,,,,,,,1.19,0.68,0.98,2*06
$GNGSA,A,3,,,,,,,,,,,,,1.19,0.68,0.98,3*05
$GNGSA,A,3,05,08,04,09,,,,,,,,,1.19,0.68,0.98,4*02
$GPGSV,3,1,10,21,81,136,39.8,18,66,325,,22,37,285,,15,36,047,,1*71
$GPGSV,3,2,10,09,35,119,,24,34,132,,03,19,307,39.7,26,18,045,39.9,1*6E
$GPGSV,3,3,10,14,14,220,,29,09,184,40.0,1*70
$GLGSV,1,1,04,85,10,273,40.1,78,09,028,40.2,68,06,116,40.0,79,60,053,40.0,1*79
$GAGSV,1,1,00,7*73
$GBGSV,1,1,04,05,15,249,38.8,08,57,185,39.3,04,27,125,39.1,09,24,193,39.4,1*76
$GNRMC,223148.000,A,3859.9984,N,11613.9805,E,0.01,333.79,280612,,,A,V*0C
$GNVTG,333.79,T,,M,0.01,N,0.01,K,A*2E
$GNZDA,223148.000,28,06,2012,,*4B
$GNGGA,223149.000,3859.9984,N,11613.9805,E,1,12,0.68,-7.5,M,-6.8,M,,*47
$PAIRACC,3.39,8.12*49
$GNGLL,3859.9984,N,11613.9805,E,223149.000,A,A*43
$GNGSA,A,3,21,03,26,29,,,,,,,,,1.19,0.68,0.98,1*08
$GNGSA,A,3,85,78,68,79,,,,,,,,,1.19,0.68,0.98,2*06
$GNGSA,A,3,,,,,,,,,,,,,1.19,0.68,0.98,3*05
$GNGSA,A,3,05,08,04,09,,,,,,,,,1.19,0.68,0.98,4*02
$GPGSV,3,1,10,21,81,136,39.9,18,66,325,,22,37,285,,15,36,047,,1*70
$GPGSV,3,2,10,09,35,119,,24,34,132,,03,19,307,39.8,26,18,045,39.7,1*6F
$GPGSV,3,3,10,14,14,220,,29,09,184,39.7,1*79
$GLGSV,1,1,04,85,10,273,39.9,78,09,028,40.1,68,06,116,40.3,79,60,053,40.1,1*7E
$GAGSV,1,1,00,7*73
$GBGSV,1,1,04,05,15,249,39.3,08,57,185,39.4,04,27,125,39.3,09,24,193,39.3,1*7E
$GNRMC,223149.000,A,3859.9984,N,11613.9805,E,0.01,334.95,280612,,,A,V*08
$GNVTG,334.95,T,,M,0.01,N,0.01,K,A*2B
$GNZDA,223149.000,28,06,2012,,*4A
$GNGGA,223150.000,3859.9984,N,11613.9805,E,1,12,0.69,-7.5,M,-6.8,M,,*4E
$PAIRACC,3.31,7.63*48
$GNGLL,3859.9984,N,11613.9805,E,223150.000,A,A*4B
$GNGSA,A,3,21,03,26,29,,,,,,,,,1.20,0.69,0.98,1*03
$GNGSA,A,3,85,78,68,79,,,,,,,,,1.20,0.69,0.98,2*0D
$GNGSA,A,3,,,,,,,,,,,,,1.20,0.69,0.98,3*0E
$GNGSA,A,3,05,08,04,09,,,,,,,,,1.20,0.69,0.98,4*09
$GPGSV,3,1,10,21,80,139,39.7,18,66,325,,22,37,285,,15,36,047,,1*70
$GPGSV,3,2,10,09,35,119,,24,34,132,,03,19,307,39.8,26,18,045,39.6,1*6E
$GPGSV,3,3,10,14,14,220,,29,09,184,39.8,1*76
$GLGSV,1,1,04,85,10,273,40.0,78,09,028,40.4,68,06,116,40.2,79,60,053,40.3,1*7F
$GAGSV,1,1,00,7*73
$GBGSV,1,1,04,05,15,249,38.7,08,57,185,39.4,04,27,125,39.5,09,24,193,39.2,1*7C
$GNRMC,223150.000,A,3859.9984,N,11613.9805,E,0.01,329.62,280612,,,A,V*04
$GNVTG,329.62,T,,M,0.01,N,0.01,K,A*2F
$GNZDA,223150.000,28,06,2012,,*42
$GNGGA,223151.000,3859.9984,N,11613.9805,E,1,12,0.68,-7.5,M,-6.8,M,,*4E
$PAIRACC,3.48,8.14*49
$GNGLL,3859.9984,N,11613.9805,E,223151.000,A,A*4A
$GNGSA,A,3,21,03,26,29,,,,,,,,,1.19,0.68,0.98,1*08
$GNGSA,A,3,85,78,68,79,,,,,,,,,1.19,0.68,0.98,2*06
$GNGSA,A,3,,,,,,,,,,,,,1.19,0.68,0.98,3*05
$GNGSA,A,3,05,08,04,09,,,,,,,,,1.19,0.68,0.98,4*02
$GPGSV,3,1,10,21,80,139,39.9,18,66,325,,22,38,286,,15,36,047,,1*72
$GPGSV,3,2,10,09,35,119,,24,34,132,,03,19,307,39.7,26,18,045,39.9,1*6E
$GPGSV,3,3,10,14,14,220,,29,09,184,39.6,1*78
$GLGSV,1,1,04,85,10,273,39.9,78,09,028,40.1,68,06,116,40.0,79,60,053,40.8,1*74
$GAGSV,1,1,00,7*73
$GBGSV,1,1,04,05,15,249,38.3,08,57,185,39.7,04,27,125,39.2,09,24,193,39.3,1*7D
$GNRMC,223151.000,A,3859.9984,N,11613.9805,E,0.01,326.75,280612,,,A,V*0C
$GNVTG,326.75,T,,M,0.01,N,0.01,K,A*26
$GNZDA,223151.000,28,06,2012,,*43
$GNGGA,223152.000,3859.9984,N,11613.9805,E,1,12,0.68,-7.5,M,-6.8,M,,*4D
$PAIRACC,3.31,7.63*48
$GNGLL,3859.9984,N,11613.9805,E,223152.000,A,A*49
$GNGSA,A,3,21,03,26,29,,,,,,,,,1.19,0.68,0.98,1*08
$GNGSA,A,3,85,78,68,79,,,,,,,,,1.19,0.68,0.98,2*06
$GNGSA,A,3,,,,,,,,,,,,,1.19,0.68,0.98,3*05
$GNGSA,A,3,05,08,04,09,,,,,,,,,1.19,0.68,0.98,4*02
$GPGSV,3,1,10,21,80,139,39.9,18,66,325,,22,38,286,,15,36,047,,1*72
$GPGSV,3,2,10,09,35,119,,24,34,132,,03,19,307,39.9,26,18,045,39.3,1*6A
$GPGSV,3,3,10,14,14,220,,29,09,184,39.5,1*7B
$GLGSV,1,1,04,85,10,273,39.7,78,09,028,40.2,68,06,116,39.7,79,60,053,39.9,1*7F
$GAGSV,1,1,00,7*73
$GBGSV,1,1,04,05,15,249,38.7,08,57,185,39.8,04,27,125,38.9,09,24,193,39.4,1*7B
$GNRMC,223152.000,A,3859.9984,N,11613.9805,E,0.01,330.31,280612,,,A,V*08
$GNVTG,330.31,T,,M,0.01,N,0.01,K,A*21
$GNZDA,223152.000,28,06,2012,,*40
$GNGGA,223153.000,3859.9984,N,11613.9805,E,1,12,0.68,-7.5,M,-6.8,M,,*4C
$PAIRACC,3.48,8.14*49
$GNGLL,3859.9984,N,11613.9805,E,223153.000,A,A*48
$GNGSA,A,3,21,03,26,29,,,,,,,,,1.19,0.68,0.98,1*08
$GNGSA,A,3,85,78,68,79,,,,,,,,,1.19,0.68,0.98,2*06
$GNGSA,A,3,,,,,,,,,,,,,1.19,0.68,0.98,3*05
$GNGSA,A,3,05,08,04,09,,,,,,,,,1.19,0.68,0.98,4*02
$GPGSV,3,1,10,21,80,139,39.9,18,66,325,,22,38,286,,15,36,047,,1*72
$GPGSV,3,2,10,09,35,119,,24,34,132,,03,19,307,39.6,26,18,045,40.2,1*6A
$GPGSV,3,3,10,14,14,220,,29,09,184,39.5,1*7B
$GLGSV,1,1,04,85,10,273,40.1,78,09,028,39.9,68,06,116,40.1,79,60,053,40.2,1*7F
$GAGSV,1,1,00,7*73
$GBGSV,1,1,04,05,15,249,38.7,08,57,185,39.6,04,27,125,38.9,09,24,193,39.2,1*73
$GNRMC,223153.000,A,3859.9984,N,11613.9805,E,0.01,322.22,280612,,,A,V*08
$GNVTG,322.22,T,,M,0.01,N,0.01,K,A*20
$GNZDA,223153.000,28,06,2012,,*41
$GNGGA,223154.000,3859.9984,N,11613.9805,E,1,12,0.68,-7.5,M,-6.8,M,,*4B
$PAIRACC,3.31,7.63*48
$GNGLL,3859.9984,N,11613.9805,E,223154.000,A,A*4F
$GNGSA,A,3,21,03,26,29,,,,,,,,,1.19,0.68,0.98,1*08
$GNGSA,A,3,85,78,68,79,,,,,,,,,1.19,0.68,0.98,2*06
$GNGSA,A,3,,,,,,,,,,,,,1.19,0.68,0.98,3*05
$GNGSA,A,3,05,08,04,09,,,,,,,,,1.19,0.68,0.98,4*02
$GPGSV,3,1,10,21,80,139,40.0,18,66,325,,22,38,286,,15,36,047,,1*75
$GPGSV,3,2,10,09,35,119,,24,34,132,,03,19,307,39.8,26,18,045,39.7,1*6F
$GPGSV,3,3,10,14,14,220,,29,09,184,39.8,1*76
$GLGSV,1,1,04,85,10,273,40.3,78,09,028,39.8,68,06,116,40.0,79,60,053,40.3,1*7C
$GAGSV,1,1,00,7*73
$GBGSV,1,1,04,05,15,249,38.8,08,57,185,39.3,04,27,125,39.3,09,24,193,39.2,1*72
$GNRMC,223154.000,A,3859.9984,N,11613.9805,E,0.01,319.48,280612,,,A,V*0B
$GNVTG,319.48,T,,M,0.01,N,0.01,K,A*24
$GNZDA,223154.000,28,06,2012,,*46
$GNGGA,223155.000,3859.9984,N,11613.9805,E,1,12,0.68,-7.6,M,-6.8,M,,*49
$PAIRACC,3.39,8.11*4A
$GNGLL,3859.9984,N,11613.9805,E,223155.000,A,A*4E
$GNGSA,A,3,21,03,26,29,,,,,,,,,1.19,0.68,0.98,1*08
$GNGSA,A,3,85,78,68,79,,,,,,,,,1.19,0.68,0.98,2*06
$GNGSA,A,3,,,,,,,,,,,,,1.19,0.68,0.98,3*05
$GNGSA,A,3,05,08,04,09,,,,,,,,,1.19,0.68,0.98,4*02
$GPGSV,3,1,09,21,80,139,40.1,18,66,325,,15,36,047,,09,35,119,,1*7D
$GPGSV,3,2,09,24,34,132,,03,19,307,39.8,26,17,045,40.4,14,14,220,,1*63
$GPGSV,3,3,09,29,09,184,39.9,1*4F
$GLGSV,1,1,04,85,10,273,39.9,78,09,028,39.8,68,06,116,39.9,79,60,053,40.0,1*7C
$GAGSV,1,1,00,7*73
$GBGSV,1,1,04,05,15,249,39.3,08,57,185,39.4,04,27,125,39.3,09,24,193,39.9,1*74
$GNRMC,223155.000,A,3859.9984,N,11613.9805,E,0.01,313.29,280612,,,A,V*07
$GNVTG,313.29,T,,M,0.01,N,0.01,K,A*29
$GNZDA,223155.000,28,06,2012,,*47
$GNGGA,223156.000,3859.9984,N,11613.9805,E,1,12,0.68,-7.6,M,-6.8,M,,*4A
$PAIRACC,3.31,7.64*4F
$GNGLL,3859.9984,N,11613.9805,E,223156.000,A,A*4D
$GNGSA,A,3,21,03,26,29,,,,,,,,,1.19,0.68,0.98,1*08
$GNGSA,A,3,85,78,68,79,,,,,,,,,1.19,0.68,0.98,2*06
$GNGSA,A,3,,,,,,,,,,,,,1.19,0.68,0.98,3*05
$GNGSA,A,3,05,08,04,09,,,,,,,,,1.19,0.68,0.98,4*02
$GPGSV,3,1,10,21,80,139,40.0,18,66,325,,22,38,286,,15,36,047,,1*75
$GPGSV,3,2,10,09,35,119,,24,34,132,,03,19,307,39.8,26,17,045,39.9,1*6E
$GPGSV,3,3,10,14,14,220,,29,09,184,39.4,1*7A
$GLGSV,1,1,04,85,10,273,40.1,78,09,028,40.0,68,06,116,39.7,79,60,053,39.9,1*75
$GAGSV,1,1,00,7*73
$GBGSV,1,1,04,05,15,249,38.3,08,57,185,39.8,04,27,125,39.0,09,24,193,39.8,1*7B
$GNRMC,223156.000,A,3859.9984,N,11613.9805,E,0.01,316.25,280612,,,A,V*0D
$GNVTG,316.25,T,,M,0.01,N,0.01,K,A*20
$GNZDA,223156.000,28,06,2012,,*44
$GNGGA,223157.000,3859.9984,N,11613.9805,E,1,12,0.68,-7.6,M,-6.8,M,,*4B
$PAIRACC,3.36,7.73*4E
$GNGLL,3859.9984,N,11613.9805,E,223157.000,A,A*4C
$GNGSA,A,3,21,03,26,29,,,,,,,,,1.19,0.68,0.98,1*08
$GNGSA,A,3,85,78,68,79,,,,,,,,,1.19,0.68,0.98,2*06
$GNGSA,A,3,,,,,,,,,,,,,1.19,0.68,0.98,3*05
$GNGSA,A,3,05,08,04,09,,,,,,,,,1.19,0.68,0.98,4*02
$GPGSV,3,1,10,21,80,139,39.8,18,66,325,,22,38,286,,15,36,047,,1*73
$GPGSV,3,2,10,09,35,119,,24,34,132,,03,19,307,39.4,26,17,045,40.1,1*64
$GPGSV,3,3,10,14,14,220,,29,09,184,39.6,1*78
$GLGSV,1,1,04,85,10,273,40.0,78,09,028,39.9,68,06,116,39.4,79,60,053,40.5,1*72
$GAGSV,1,1,00,7*73
$GBGSV,1,1,04,05,15,249,39.1,08,57,185,39.6,04,27,125,39.3,09,24,193,39.4,1*79
$GNRMC,223157.000,A,3859.9984,N,11613.9805,E,0.01,311.13,280612,,,A,V*0E
$GNVTG,311.13,T,,M,0.01,N,0.01,K,A*22
$GNZDA,223157.000,28,06,2012,,*45
$GNGGA,223158.000,3859.9984,N,11613.9805,E,1,12,0.68,-7.6,M,-6.8,M,,*44
$PAIRACC,3.33,7.65*4C
$GNGLL,3859.9984,N,11613.9805,E,223158.000,A,A*43
$GNGSA,A,3,21,03,26,29,,,,,,,,,1.19,0.68,0.98,1*08
$GNGSA,A,3,85,78,68,79,,,,,,,,,1.19,0.68,0.98,2*06
$GNGSA,A,3,,,,,,,,,,,,,1.19,0.68,0.98,3*05
$GNGSA,A,3,05,08,04,09,,,,,,,,,1.19,0.68,0.98,4*02
$GPGSV,3,1,10,21,80,139,40.2,18,66,325,,22,38,286,,15,36,047,,1*77
$GPGSV,3,2,10,09,35,119,,24,34,132,,03,19,307,39.8,26,17,045,40.2,1*6B
$GPGSV,3,3,10,14,14,220,,29,08,184,39.6,1*79
$GLGSV,1,1,04,85,10,273,39.6,78,09,028,40.0,68,06,116,40.3,79,60,053,40.4,1*75
$GAGSV,1,1,00,7*73
$GBGSV,1,1,04,05,15,249,39.0,08,57,185,39.3,04,27,125,39.4,09,24,193,39.3,1*7D
$GNRMC,223158.000,A,3859.9984,N,11613.9805,E,0.01,305.25,280612,,,A,V*01
$GNVTG,305.25,T,,M,0.01,N,0.01,K,A*22
$GNZDA,223158.000,28,06,2012,,*4A
$GNGGA,223159.000,3859.9984,N,11613.9805,E,1,12,0.68,-7.6,M,-6.8,M,,*45
$PAIRACC,3.38,8.11*4B
$GNGLL,3859.9984,N,11613.9805,E,223159.000,A,A*42
$GNGSA,A,3,21,03,26,29,,,,,,,,,1.19,0.68,0.98,1*08
$GNGSA,A,3,85,78,68,79,,,,,,,,,1.19,0.68,0.98,2*06
$GNGSA,A,3,,,,,,,,,,,,,1.19,0.68,0.98,3*05
$GNGSA,A,3,05,08,04,09,,,,,,,,,1.19,0.68,0.98,4*02
$GPGSV,3,1,10,21,80,139,40.2,18,66,325,,22,38,286,,15,36,047,,1*77
$GPGSV,3,2,10,09,35,119,,24,34,132,,03,19,307,39.8,26,17,045,39.6,1*61
$GPGSV,3,3,10,14,14,220,,29,08,184,40.2,1*73
$GLGSV,1,1,04,85,10,273,40.1,78,09,028,40.0,68,06,116,40.0,79,60,053,39.6,1*73
$GAGSV,1,1,00,7*73
$GBGSV,1,1,04,05,15,249,38.5,08,57,185,39.2,04,27,125,39.1,09,24,193,39.7,1*79
$GNRMC,223159.000,A,3859.9984,N,11613.9805,E,0.01,309.98,280612,,,A,V*0A
$GNVTG,309.98,T,,M,0.01,N,0.01,K,A*28
$GNZDA,223159.000,28,06,2012,,*4B
