$GNGGA,030210.000,3859.9976,N,11613.9808,E,1,9,0.83,-12.9,M,-6.8,M,,*4F
$PAIRACC,4.81,8.96*41
$GNGLL,3859.9976,N,11613.9808,E,030210.000,A,A*4C
$GNGSA,A,3,16,31,20,12,,,,,,,,,1.35,0.83,1.06,1*0E
$GNGSA,A,3,74,,,,,,,,,,,,1.35,0.83,1.06,2*0A
$GNGSA,A,3,,,,,,,,,,,,,1.35,0.83,1.06,3*08
$GNGSA,A,3,08,03,04,14,,,,,,,,,1.35,0.83,1.06,4*05
$GPGSV,3,1,10,16,06,179,38.4,01,39,312,,31,81,229,38.6,30,35,070,,1*60
$GPGSV,3,2,10,22,31,140,,11,21,278,,05,20,047,,20,15,316,38.7,1*79
$GPGSV,3,3,10,12,12,040,39.2,14,53,060,,1*72
$GLGSV,1,1,04,74,20,269,39.2,65,57,239,,82,24,081,,72,20,329,,1*65
$GAGSV,1,1,00,7*73
$GBGSV,3,1,11,07,02,166,,08,72,351,39.5,09,57,274,,03,43,190,38.9,1*71
$GBGSV,3,2,11,01,38,147,,02,30,229,,04,27,124,38.3,12,24,249,,1*6D
$GBGSV,3,3,11,05,15,248,,14,07,241,38.6,06,74,336,,1*5C
$GNRMC,030210.000,A,3859.9976,N,11613.9808,E,0.01,73.39,280612,,,A,V*31
$GNVTG,73.39,T,,M,0.01,N,0.01,K,A*1D
$GNZDA,030210.000,28,06,2012,,*45
$GNGGA,030211.000,3859.9976,N,11613.9808,E,1,9,0.83,-12.9,M,-6.8,M,,*4E
$PAIRACC,4.78,8.52*4F
$GNGLL,3859.9976,N,11613.9808,E,030211.000,A,A*4D
$GNGSA,A,3,16,31,20,12,,,,,,,,,1.35,0.83,1.06,1*0E
$GNGSA,A,3,74,,,,,,,,,,,,1.35,0.83,1.06,2*0A
$GNGSA,A,3,,,,,,,,,,,,,1.35,0.83,1.06,3*08
$GNGSA,A,3,08,03,04,14,,,,,,,,,1.35,0.83,1.06,4*05
$GPGSV,3,1,10,16,06,179,38.4,01,39,312,,31,81,229,39.1,30,35,070,,1*66
$GPGSV,3,2,10,22,31,140,,11,21,278,,05,20,047,,20,15,316,38.5,1*7B
$GPGSV,3,3,10,12,12,040,38.9,14,53,060,,1*78
$GLGSV,1,1,04,74,20,269,39.3,65,57,239,,82,24,081,,72,20,329,,1*64
$GAGSV,1,1,00,7*73
$GBGSV,3,1,11,07,02,166,,08,72,351,39.0,09,57,274,,03,43,190,38.7,1*7A
$GBGSV,3,2,11,01,38,147,,02,30,229,,04,27,124,37.3,12,24,249,,1*62
$GBGSV,3,3,11,05,15,248,,14,07,241,38.4,06,74,336,,1*5E
$GNRMC,030211.000,A,3859.9976,N,11613.9808,E,0.01,68.86,280612,,,A,V*3E
$GNVTG,68.86,T,,M,0.01,N,0.01,K,A*13
$GNZDA,030211.000,28,06,2012,,*44
$GNGGA,030212.000,3859.9976,N,11613.9808,E,1,9,0.83,-12.9,M,-6.8,M,,*4D
$PAIRACC,4.81,8.62*4A
$GNGLL,3859.9976,N,11613.9808,E,030212.000,A,A*4E
$GNGSA,A,3,16,31,20,12,,,,,,,,,1.35,0.83,1.06,1*0E
$GNGSA,A,3,74,,,,,,,,,,,,1.35,0.83,1.06,2*0A
$GNGSA,A,3,,,,,,,,,,,,,1.35,0.83,1.06,3*08
$GNGSA,A,3,08,03,04,14,,,,,,,,,1.35,0.83,1.06,4*05
$GPGSV,3,1,10,16,06,179,38.4,01,39,312,,31,81,229,38.9,30,35,070,,1*6F
$GPGSV,3,2,10,22,31,140,,11,21,278,,05,20,047,,20,15,316,38.5,1*7B
$GPGSV,3,3,10,12,12,040,39.0,14,53,060,,1*70
$GLGSV,1,1,04,74,20,269,39.3,65,57,239,,82,24,081,,72,20,329,,1*64
$GAGSV,1,1,00,7*73
$GBGSV,3,1,11,07,02,166,,08,72,351,38.8,09,57,274,,03,43,190,38.7,1*73
$GBGSV,3,2,11,01,38,147,,02,30,229,,04,27,124,38.3,12,24,249,,1*6D
$GBGSV,3,3,11,05,15,248,,14,07,241,38.9,06,74,336,,1*53
$GNRMC,030212.000,A,3859.9976,N,11613.9808,E,0.01,77.23,280612,,,A,V*3C
$GNVTG,77.23,T,,M,0.01,N,0.01,K,A*12
$GNZDA,030212.000,28,06,2012,,*47
$GNGGA,030213.000,3859.9976,N,11613.9808,E,1,9,0.83,-12.9,M,-6.8,M,,*4C
$PAIRACC,4.79,8.69*46
$GNGLL,3859.9976,N,11613.9808,E,030213.000,A,A*4F
$GNGSA,A,3,16,31,20,12,,,,,,,,,1.35,0.83,1.06,1*0E
$GNGSA,A,3,74,,,,,,,,,,,,1.35,0.83,1.06,2*0A
$GNGSA,A,3,,,,,,,,,,,,,1.35,0.83,1.06,3*08
$GNGSA,A,3,08,03,04,14,,,,,,,,,1.35,0.83,1.06,4*05
$GPGSV,3,1,10,16,06,179,38.8,01,39,312,,31,81,229,38.8,30,35,070,,1*62
$GPGSV,3,2,10,22,31,140,,11,21,278,,05,20,047,,20,15,316,38.3,1*7D
$GPGSV,3,3,10,12,12,040,39.0,14,53,060,,1*70
$GLGSV,1,1,04,74,20,269,39.3,65,57,239,,82,24,081,,72,20,329,,1*64
$GAGSV,1,1,00,7*73
$GBGSV,3,1,11,07,02,166,,08,72,351,39.2,09,57,274,,03,43,190,38.9,1*76
$GBGSV,3,2,11,01,38,147,,02,30,229,,04,27,124,38.2,12,24,249,,1*6C
$GBGSV,3,3,11,05,15,248,,14,07,241,39.1,06,74,336,,1*5A
$GNRMC,030213.000,A,3859.9976,N,11613.9808,E,0.01,81.41,280612,,,A,V*30
$GNVTG,81.41,T,,M,0.01,N,0.01,K,A*1F
$GNZDA,030213.000,28,06,2012,,*46
$GNGGA,030214.000,3859.9976,N,11613.9808,E,1,9,0.83,-12.9,M,-6.8,M,,*4B
$PAIRACC,4.80,8.66*4F
$GNGLL,3859.9976,N,11613.9808,E,030214.000,A,A*48
$GNGSA,A,3,16,31,20,12,,,,,,,,,1.35,0.83,1.06,1*0E
$GNGSA,A,3,74,,,,,,,,,,,,1.35,0.83,1.06,2*0A
$GNGSA,A,3,,,,,,,,,,,,,1.35,0.83,1.06,3*08
$GNGSA,A,3,08,03,04,14,,,,,,,,,1.35,0.83,1.06,4*05
$GPGSV,3,1,10,16,06,179,38.5,01,39,312,,31,81,229,38.6,30,35,070,,1*61
$GPGSV,3,2,10,22,31,140,,11,21,278,,05,20,047,,20,15,316,38.5,1*7B
$GPGSV,3,3,10,12,12,040,39.3,14,53,060,,1*73
$GLGSV,1,1,04,74,20,269,39.2,65,57,239,,82,24,081,,72,20,329,,1*65
$GAGSV,1,1,00,7*73
$GBGSV,3,1,11,07,02,166,,08,72,351,39.2,09,57,274,,03,43,190,38.4,1*7B
$GBGSV,3,2,11,01,38,147,,02,30,229,,04,27,124,37.5,12,24,249,,1*64
$GBGSV,3,3,11,05,15,248,,14,07,241,39.0,06,74,336,,1*5B
$GNRMC,030214.000,A,3859.9976,N,11613.9808,E,0.01,69.34,280612,,,A,V*33
$GNVTG,69.34,T,,M,0.01,N,0.01,K,A*1B
$GNZDA,030214.000,28,06,2012,,*41
$GNGGA,030215.000,3859.9976,N,11613.9809,E,1,9,0.83,-12.9,M,-6.8,M,,*4B
$PAIRACC,4.80,8.58*42
$GNGLL,3859.9976,N,11613.9809,E,030215.000,A,A*48
$GNGSA,A,3,16,31,20,12,,,,,,,,,1.35,0.83,1.06,1*0E
$GNGSA,A,3,74,,,,,,,,,,,,1.35,0.83,1.06,2*0A
$GNGSA,A,3,,,,,,,,,,,,,1.35,0.83,1.06,3*08
$GNGSA,A,3,08,03,04,14,,,,,,,,,1.35,0.83,1.06,4*05
$GPGSV,3,1,10,16,06,179,38.8,01,39,312,,31,81,229,38.8,30,35,070,,1*62
$GPGSV,3,2,10,22,31,140,,11,21,278,,05,20,047,,20,15,316,38.5,1*7B
$GPGSV,3,3,10,12,12,040,38.5,14,53,060,,1*74
$GLGSV,1,1,04,74,20,269,39.4,65,57,239,,82,24,081,,72,20,329,,1*63
$GAGSV,1,1,00,7*73
$GBGSV,3,1,11,07,02,166,,08,72,351,39.4,09,57,274,,03,43,190,38.5,1*7C
$GBGSV,3,2,11,01,38,147,,02,30,229,,04,27,124,37.9,12,24,249,,1*68
$GBGSV,3,3,11,05,15,248,,14,07,241,38.9,06,74,336,,1*53
$GNRMC,030215.000,A,3859.9976,N,11613.9809,E,0.01,73.58,280612,,,A,V*32
$GNVTG,73.58,T,,M,0.01,N,0.01,K,A*1A
$GNZDA,030215.000,28,06,2012,,*40
$GNGGA,030216.000,3859.9976,N,11613.9808,E,1,9,0.83,-12.9,M,-6.8,M,,*49
$PAIRACC,4.75,8.46*47
$GNGLL,3859.9976,N,11613.9808,E,030216.000,A,A*4A
$GNGSA,A,3,16,31,20,12,,,,,,,,,1.35,0.83,1.06,1*0E
$GNGSA,A,3,74,,,,,,,,,,,,1.35,0.83,1.06,2*0A
$GNGSA,A,3,,,,,,,,,,,,,1.35,0.83,1.06,3*08
$GNGSA,A,3,08,03,04,14,,,,,,,,,1.35,0.83,1.06,4*05
$GPGSV,3,1,10,16,06,179,38.5,01,39,312,,31,81,229,39.2,30,35,070,,1*64
$GPGSV,3,2,10,22,31,140,,11,21,278,,05,20,047,,20,15,316,38.6,1*78
$GPGSV,3,3,10,12,12,040,39.0,14,53,060,,1*70
$GLGSV,1,1,04,74,20,269,39.3,65,57,239,,82,24,079,,72,20,329,,1*63
$GAGSV,1,1,00,7*73
$GBGSV,3,1,11,07,02,166,,08,72,351,39.2,09,57,274,,03,43,190,38.7,1*78
$GBGSV,3,2,11,01,38,147,,02,30,229,,04,27,124,38.0,12,24,249,,1*6E
$GBGSV,3,3,11,05,15,248,,14,07,241,38.7,06,74,336,,1*5D
$GNRMC,030216.000,A,3859.9976,N,11613.9808,E,0.01,68.70,280612,,,A,V*30
$GNVTG,68.70,T,,M,0.01,N,0.01,K,A*1A
$GNZDA,030216.000,28,06,2012,,*43
$GNGGA,030217.000,3859.9976,N,11613.9808,E,1,9,0.83,-12.9,M,-6.8,M,,*48
$PAIRACC,4.84,8.77*4B
$GNGLL,3859.9976,N,11613.9808,E,030217.000,A,A*4B
$GNGSA,A,3,16,31,20,12,,,,,,,,,1.35,0.83,1.06,1*0E
$GNGSA,A,3,74,,,,,,,,,,,,1.35,0.83,1.06,2*0A
$GNGSA,A,3,,,,,,,,,,,,,1.35,0.83,1.06,3*08
$GNGSA,A,3,08,03,04,14,,,,,,,,,1.35,0.83,1.06,4*05
$GPGSV,3,1,10,16,06,179,37.9,01,39,312,,31,81,229,38.9,30,35,070,,1*6D
$GPGSV,3,2,10,22,31,140,,11,21,278,,05,20,047,,20,15,316,38.8,1*76
$GPGSV,3,3,10,12,12,040,38.8,14,53,060,,1*79
$GLGSV,1,1,04,74,20,269,39.1,65,57,239,,82,24,079,,72,20,329,,1*61
$GAGSV,1,1,00,7*73
$GBGSV,3,1,11,07,02,166,,08,72,351,39.3,09,57,274,,03,43,190,38.9,1*77
$GBGSV,3,2,11,01,38,147,,02,30,229,,04,27,124,38.1,12,24,249,,1*6F
$GBGSV,3,3,11,05,15,248,,14,07,241,39.0,06,74,336,,1*5B
$GNRMC,030217.000,A,3859.9976,N,11613.9808,E,0.01,42.29,280612,,,A,V*35
$GNVTG,42.29,T,,M,0.01,N,0.01,K,A*1E
$GNZDA,030217.000,28,06,2012,,*42
$GNGGA,030218.000,3859.9976,N,11613.9808,E,1,9,0.83,-12.9,M,-6.8,M,,*47
$PAIRACC,4.74,8.44*44
$GNGLL,3859.9976,N,11613.9808,E,030218.000,A,A*44
$GNGSA,A,3,16,31,20,12,,,,,,,,,1.35,0.83,1.06,1*0E
$GNGSA,A,3,74,,,,,,,,,,,,1.35,0.83,1.06,2*0A
$GNGSA,A,3,,,,,,,,,,,,,1.35,0.83,1.06,3*08
$GNGSA,A,3,08,03,04,14,,,,,,,,,1.35,0.83,1.06,4*05
$GPGSV,3,1,10,16,06,179,38.3,01,39,312,,31,81,229,39.2,30,35,070,,1*62
$GPGSV,3,2,10,22,31,140,,11,21,278,,05,20,047,,20,15,316,38.4,1*7A
$GPGSV,3,3,10,12,12,040,39.5,14,53,060,,1*75
$GLGSV,1,1,04,74,20,269,39.5,65,57,239,,82,24,079,,72,20,329,,1*65
$GAGSV,1,1,00,7*73
$GBGSV,3,1,11,07,02,166,,08,72,351,39.4,09,57,274,,03,43,190,38.8,1*71
$GBGSV,3,2,11,01,38,147,,02,30,229,,04,27,124,38.3,12,24,249,,1*6D
$GBGSV,3,3,11,05,15,248,,14,07,241,38.6,06,74,336,,1*5C
$GNRMC,030218.000,A,3859.9976,N,11613.9808,E,0.01,53.51,280612,,,A,V*35
$GNVTG,53.51,T,,M,0.01,N,0.01,K,A*11
$GNZDA,030218.000,28,06,2012,,*4D
$GNGGA,030219.000,3859.9976,N,11613.9809,E,1,9,0.83,-12.9,M,-6.8,M,,*47
$PAIRACC,4.80,8.75*4D
$GNGLL,3859.9976,N,11613.9809,E,030219.000,A,A*44
$GNGSA,A,3,16,31,20,12,,,,,,,,,1.35,0.83,1.06,1*0E
$GNGSA,A,3,74,,,,,,,,,,,,1.35,0.83,1.06,2*0A
$GNGSA,A,3,,,,,,,,,,,,,1.35,0.83,1.06,3*08
$GNGSA,A,3,08,03,04,14,,,,,,,,,1.35,0.83,1.06,4*05
$GPGSV,3,1,10,16,06,179,38.1,01,39,312,,31,81,229,38.5,30,35,070,,1*66
$GPGSV,3,2,10,22,31,140,,11,21,278,,05,20,047,,20,15,316,38.2,1*7C
$GPGSV,3,3,10,12,12,040,38.9,14,53,060,,1*78
$GLGSV,1,1,04,74,20,269,39.3,65,57,239,,82,24,079,,72,20,329,,1*63
$GAGSV,1,1,00,7*73
$GBGSV,3,1,11,07,02,166,,08,72,351,39.2,09,57,274,,03,43,190,39.0,1*7E
$GBGSV,3,2,11,01,38,147,,02,30,229,,04,27,124,38.2,12,24,249,,1*6C
$GBGSV,3,3,11,05,15,248,,14,07,241,38.8,06,74,336,,1*52
$GNRMC,030219.000,A,3859.9976,N,11613.9809,E,0.01,61.15,280612,,,A,V*34
$GNVTG,61.15,T,,M,0.01,N,0.01,K,A*10
$GNZDA,030219.000,28,06,2012,,*4C
$GNGGA,030220.000,3859.9976,N,11613.9809,E,1,9,0.83,-12.9,M,-6.8,M,,*4D
$PAIRACC,4.75,8.49*48
$GNGLL,3859.9976,N,11613.9809,E,030220.000,A,A*4E
$GNGSA,A,3,16,31,20,12,,,,,,,,,1.35,0.83,1.06,1*0E
$GNGSA,A,3,74,,,,,,,,,,,,1.35,0.83,1.06,2*0A
$GNGSA,A,3,,,,,,,,,,,,,1.35,0.83,1.06,3*08
$GNGSA,A,3,08,03,04,14,,,,,,,,,1.35,0.83,1.06,4*05
$GPGSV,3,1,10,16,06,179,38.8,01,39,312,,31,81,229,39.1,30,35,070,,1*6A
$GPGSV,3,2,10,22,31,140,,11,21,278,,05,20,047,,20,15,316,38.8,1*76
$GPGSV,3,3,10,12,12,040,39.1,14,53,060,,1*71
$GLGSV,1,1,04,74,20,269,39.3,65,57,239,,82,24,079,,72,20,329,,1*63
$GAGSV,1,1,00,7*73
$GBGSV,3,1,11,07,02,166,,08,72,351,39.5,09,57,274,,03,43,190,38.6,1*7E
$GBGSV,3,2,11,01,38,147,,02,30,229,,04,27,124,37.4,12,24,249,,1*65
$GBGSV,3,3,11,05,15,248,,14,07,241,39.1,06,74,336,,1*5A
$GNRMC,030220.000,A,3859.9976,N,11613.9809,E,0.01,45.20,280612,,,A,V*3E
$GNVTG,45.20,T,,M,0.01,N,0.01,K,A*10
$GNZDA,030220.000,28,06,2012,,*46
$GNGGA,030221.000,3859.9976,N,11613.9809,E,1,9,0.83,-12.9,M,-6.8,M,,*4C
$PAIRACC,4.82,8.56*4E
$GNGLL,3859.9976,N,11613.9809,E,030221.000,A,A*4F
$GNGSA,A,3,16,31,20,12,,,,,,,,,1.35,0.83,1.06,1*0E
$GNGSA,A,3,74,,,,,,,,,,,,1.35,0.83,1.06,2*0A
$GNGSA,A,3,,,,,,,,,,,,,1.35,0.83,1.06,3*08
$GNGSA,A,3,08,03,04,14,,,,,,,,,1.35,0.83,1.06,4*05
$GPGSV,3,1,10,16,06,179,38.9,01,39,312,,31,81,229,39.6,30,35,070,,1*6C
$GPGSV,3,2,10,22,31,140,,11,21,278,,05,20,047,,20,15,316,39.0,1*7F
$GPGSV,3,3,10,12,12,040,39.1,14,53,060,,1*71
$GLGSV,1,1,04,74,20,269,38.8,65,57,239,,82,24,079,,72,20,329,,1*69
$GAGSV,1,1,00,7*73
$GBGSV,3,1,11,07,02,166,,08,72,351,39.3,09,57,274,,03,43,190,38.6,1*78
$GBGSV,3,2,11,01,38,147,,02,30,229,,04,27,124,38.0,12,24,249,,1*6E
$GBGSV,3,3,11,05,15,248,,14,07,241,38.3,06,74,336,,1*59
$GNRMC,030221.000,A,3859.9976,N,11613.9809,E,0.01,31.59,280612,,,A,V*32
$GNVTG,31.59,T,,M,0.01,N,0.01,K,A*1D
$GNZDA,030221.000,28,06,2012,,*47
$GNGGA,030222.000,3859.9976,N,11613.9809,E,1,9,0.83,-12.9,M,-6.8,M,,*4F
$PAIRACC,4.76,8.84*4A
$GNGLL,3859.9976,N,11613.9809,E,030222.000,A,A*4C
$GNGSA,A,3,16,31,20,12,,,,,,,,,1.35,0.83,1.06,1*0E
$GNGSA,A,3,74,,,,,,,,,,,,1.35,0.83,1.06,2*0A
$GNGSA,A,3,,,,,,,,,,,,,1.35,0.83,1.06,3*08
$GNGSA,A,3,08,03,04,14,,,,,,,,,1.35,0.83,1.06,4*05
$GPGSV,3,1,10,16,06,179,38.5,01,39,312,,31,81,229,38.9,30,35,070,,1*6E
$GPGSV,3,2,10,22,31,140,,11,21,278,,05,20,047,,20,15,316,38.6,1*78
$GPGSV,3,3,10,12,12,040,39.0,14,53,060,,1*70
$GLGSV,1,1,04,74,20,269,39.1,65,57,239,,82,24,079,,72,20,329,,1*61
$GAGSV,1,1,00,7*73
$GBGSV,3,1,11,07,02,166,,08,72,351,39.0,09,57,274,,03,43,190,38.5,1*78
$GBGSV,3,2,11,01,38,147,,02,30,229,,04,27,124,38.1,12,24,249,,1*6F
$GBGSV,3,3,11,05,15,248,,14,07,241,38.5,06,74,336,,1*5F
$GNRMC,030222.000,A,3859.9976,N,11613.9809,E,0.01,54.98,280612,,,A,V*3F
$GNVTG,54.98,T,,M,0.01,N,0.01,K,A*13
$GNZDA,030222.000,28,06,2012,,*44
$GNGGA,030223.000,3859.9976,N,11613.9809,E,1,9,0.83,-12.9,M,-6.8,M,,*4E
$PAIRACC,4.73,8.50*46
$GNGLL,3859.9976,N,11613.9809,E,030223.000,A,A*4D
$GNGSA,A,3,16,31,20,12,,,,,,,,,1.35,0.83,1.06,1*0E
$GNGSA,A,3,74,,,,,,,,,,,,1.35,0.83,1.06,2*0A
$GNGSA,A,3,,,,,,,,,,,,,1.35,0.83,1.06,3*08
$GNGSA,A,3,08,03,04,14,,,,,,,,,1.35,0.83,1.06,4*05
$GPGSV,3,1,10,16,06,179,38.8,01,39,312,,31,81,229,39.1,30,35,070,,1*6A
$GPGSV,3,2,10,22,31,140,,11,21,278,,05,20,047,,20,15,316,38.5,1*7B
$GPGSV,3,3,10,12,12,040,39.1,14,53,060,,1*71
$GLGSV,1,1,04,74,20,269,39.3,65,57,239,,82,24,079,,72,20,329,,1*63
$GAGSV,1,1,00,7*73
$GBGSV,3,1,11,07,02,166,,08,72,351,38.9,09,57,274,,03,43,190,39.0,1*74
$GBGSV,3,2,11,01,38,147,,02,30,229,,04,27,124,37.3,12,24,249,,1*62
$GBGSV,3,3,11,05,15,248,,14,07,241,38.9,06,74,336,,1*53
$GNRMC,030223.000,A,3859.9976,N,11613.9809,E,0.01,57.77,280612,,,A,V*3C
$GNVTG,57.77,T,,M,0.01,N,0.01,K,A*11
$GNZDA,030223.000,28,06,2012,,*45
$GNGGA,030224.000,3859.9976,N,11613.9809,E,1,9,0.83,-12.9,M,-6.8,M,,*49
$PAIRACC,4.81,8.58*43
$GNGLL,3859.9976,N,11613.9809,E,030224.000,A,A*4A
$GNGSA,A,3,16,31,20,12,,,,,,,,,1.35,0.83,1.06,1*0E
$GNGSA,A,3,74,,,,,,,,,,,,1.35,0.83,1.06,2*0A
$GNGSA,A,3,,,,,,,,,,,,,1.35,0.83,1.06,3*08
$GNGSA,A,3,08,03,04,14,,,,,,,,,1.35,0.83,1.06,4*05
$GPGSV,3,1,10,16,06,179,38.8,01,39,312,,31,81,229,38.8,30,35,070,,1*62
$GPGSV,3,2,10,22,31,140,,11,21,278,,05,20,047,,20,15,316,38.7,1*79
$GPGSV,3,3,10,12,12,040,39.2,14,53,060,,1*72
$GLGSV,1,1,04,74,20,269,38.8,65,57,239,,82,24,079,,72,20,329,,1*69
$GAGSV,1,1,00,7*73
$GBGSV,3,1,11,07,02,166,,08,72,351,39.5,09,57,274,,03,43,190,38.3,1*7B
$GBGSV,3,2,11,01,38,147,,02,30,229,,04,27,124,38.2,12,24,249,,1*6C
$GBGSV,3,3,11,05,15,248,,14,07,241,38.5,06,74,336,,1*5F
$GNRMC,030224.000,A,3859.9976,N,11613.9809,E,0.01,53.23,280612,,,A,V*3E
$GNVTG,53.23,T,,M,0.01,N,0.01,K,A*14
$GNZDA,030224.000,28,06,2012,,*42
$GNGGA,030225.000,3859.9976,N,11613.9809,E,1,9,0.83,-12.9,M,-6.8,M,,*48
$PAIRACC,4.74,8.45*45
$GNGLL,3859.9976,N,11613.9809,E,030225.000,A,A*4B
$GNGSA,A,3,16,31,20,12,,,,,,,,,1.35,0.83,1.06,1*0E
$GNGSA,A,3,74,,,,,,,,,,,,1.35,0.83,1.06,2*0A
$GNGSA,A,3,,,,,,,,,,,,,1.35,0.83,1.06,3*08
$GNGSA,A,3,08,03,04,14,,,,,,,,,1.35,0.83,1.06,4*05
$GPGSV,3,1,10,16,06,179,38.7,01,39,312,,31,81,229,39.2,30,35,070,,1*66
$GPGSV,3,2,10,22,31,140,,11,21,278,,05,20,047,,20,15,316,38.9,1*77
$GPGSV,3,3,10,12,12,040,39.0,14,53,060,,1*70
$GLGSV,1,1,04,74,20,269,39.2,65,57,239,,82,24,079,,72,20,329,,1*62
$GAGSV,1,1,00,7*73
$GBGSV,3,1,11,07,02,166,,08,72,351,39.3,09,57,274,,03,43,190,39.1,1*7E
$GBGSV,3,2,11,01,38,147,,02,30,229,,04,27,124,37.9,12,24,249,,1*68
$GBGSV,3,3,11,05,15,248,,14,07,241,38.8,06,74,336,,1*52
$GNRMC,030225.000,A,3859.9976,N,11613.9809,E,0.01,37.12,280612,,,A,V*3F
$GNVTG,37.12,T,,M,0.01,N,0.01,K,A*14
$GNZDA,030225.000,28,06,2012,,*43
$GNGGA,030226.000,3859.9976,N,11613.9809,E,1,9,0.83,-12.9,M,-6.8,M,,*4B
$PAIRACC,4.76,8.46*44
$GNGLL,3859.9976,N,11613.9809,E,030226.000,A,A*48
$GNGSA,A,3,16,31,20,12,,,,,,,,,1.35,0.83,1.06,1*0E
$GNGSA,A,3,74,,,,,,,,,,,,1.35,0.83,1.06,2*0A
$GNGSA,A,3,,,,,,,,,,,,,1.35,0.83,1.06,3*08
$GNGSA,A,3,08,03,04,14,,,,,,,,,1.35,0.83,1.06,4*05
$GPGSV,3,1,10,16,06,179,38.3,01,39,312,,31,81,229,39.3,30,35,070,,1*63
$GPGSV,3,2,10,22,31,140,,11,21,278,,05,20,047,,20,15,316,39.1,1*7E
$GPGSV,3,3,10,12,12,040,38.7,14,53,060,,1*76
$GLGSV,1,1,04,74,20,269,39.1,65,57,239,,82,24,079,,72,20,329,,1*61
$GAGSV,1,1,00,7*73
$GBGSV,3,1,11,07,02,166,,08,72,351,39.3,09,57,274,,03,43,190,38.6,1*78
$GBGSV,3,2,11,01,38,147,,02,30,229,,04,27,124,36.6,12,24,249,,1*66
$GBGSV,3,3,11,05,15,248,,14,07,241,38.6,06,74,336,,1*5C
$GNRMC,030226.000,A,3859.9976,N,11613.9809,E,0.01,23.81,280612,,,A,V*33
$GNVTG,23.81,T,,M,0.01,N,0.01,K,A*1B
$GNZDA,030226.000,28,06,2012,,*40
$GNGGA,030227.000,3859.9976,N,11613.9809,E,1,9,0.83,-12.9,M,-6.8,M,,*4A
$PAIRACC,4.74,8.65*47
$GNGLL,3859.9976,N,11613.9809,E,030227.000,A,A*49
$GNGSA,A,3,16,31,20,12,,,,,,,,,1.35,0.83,1.06,1*0E
$GNGSA,A,3,74,,,,,,,,,,,,1.35,0.83,1.06,2*0A
$GNGSA,A,3,,,,,,,,,,,,,1.35,0.83,1.06,3*08
$GNGSA,A,3,08,03,04,14,,,,,,,,,1.35,0.83,1.06,4*05
$GPGSV,3,1,10,16,06,179,38.6,01,39,312,,31,81,229,38.8,30,35,070,,1*6C
$GPGSV,3,2,10,22,31,140,,11,21,278,,05,20,047,,20,15,316,38.0,1*7E
$GPGSV,3,3,10,12,12,040,38.8,14,53,060,,1*79
$GLGSV,1,1,04,74,20,269,39.7,65,57,239,,82,24,079,,72,20,329,,1*67
$GAGSV,1,1,00,7*73
$GBGSV,3,1,11,07,02,166,,08,72,351,39.2,09,57,274,,03,43,190,38.7,1*78
$GBGSV,3,2,11,01,38,147,,02,30,229,,04,27,124,38.4,12,24,249,,1*6A
$GBGSV,3,3,11,05,15,248,,14,07,241,39.0,06,74,336,,1*5B
$GNRMC,030227.000,A,3859.9976,N,11613.9809,E,0.01,38.69,280612,,,A,V*3E
$GNVTG,38.69,T,,M,0.01,N,0.01,K,A*17
$GNZDA,030227.000,28,06,2012,,*41
$GNGGA,030228.000,3859.9976,N,11613.9809,E,1,9,0.83,-12.9,M,-6.8,M,,*45
$PAIRACC,4.73,8.46*41
$GNGLL,3859.9976,N,11613.9809,E,030228.000,A,A*46
$GNGSA,A,3,16,31,20,12,,,,,,,,,1.35,0.83,1.06,1*0E
$GNGSA,A,3,74,,,,,,,,,,,,1.35,0.83,1.06,2*0A
$GNGSA,A,3,,,,,,,,,,,,,1.35,0.83,1.06,3*08
$GNGSA,A,3,08,03,04,14,,,,,,,,,1.35,0.83,1.06,4*05
$GPGSV,3,1,10,16,06,179,38.4,01,39,312,,31,81,229,38.7,30,35,070,,1*61
$GPGSV,3,2,10,22,31,140,,11,21,278,,05,20,047,,20,15,316,38.9,1*77
$GPGSV,3,3,10,12,12,040,39.2,14,53,060,,1*72
$GLGSV,1,1,04,74,20,269,39.3,65,57,239,,82,24,079,,72,20,329,,1*63
$GAGSV,1,1,00,7*73
$GBGSV,3,1,11,07,02,166,,08,72,351,39.1,09,57,274,,03,43,190,38.6,1*7A
$GBGSV,3,2,11,01,38,147,,02,30,229,,04,27,124,37.8,12,24,249,,1*69
$GBGSV,3,3,11,05,15,248,,14,07,241,38.9,06,74,337,,1*52
$GNRMC,030228.000,A,3859.9976,N,11613.9809,E,0.01,43.21,280612,,,A,V*31
$GNVTG,43.21,T,,M,0.01,N,0.01,K,A*17
$GNZDA,030228.000,28,06,2012,,*4E
$GNGGA,030229.000,3859.9976,N,11613.9809,E,1,9,0.83,-12.9,M,-6.8,M,,*44
$PAIRACC,4.78,8.57*4A
$GNGLL,3859.9976,N,11613.9809,E,030229.000,A,A*47
$GNGSA,A,3,16,31,20,12,,,,,,,,,1.35,0.83,1.06,1*0E
$GNGSA,A,3,74,,,,,,,,,,,,1.35,0.83,1.06,2*0A
$GNGSA,A,3,,,,,,,,,,,,,1.35,0.83,1.06,3*08
$GNGSA,A,3,08,03,04,14,,,,,,,,,1.35,0.83,1.06,4*05
$GPGSV,3,1,10,16,06,179,38.6,01,39,312,,31,81,229,39.0,30,35,070,,1*65
$GPGSV,3,2,10,22,31,140,,11,21,278,,05,20,047,,20,15,316,38.9,1*77
$GPGSV,3,3,10,12,12,040,38.7,14,53,060,,1*76
$GLGSV,1,1,04,74,20,269,39.3,65,57,239,,82,24,079,,72,20,329,,1*63
$GAGSV,1,1,00,7*73
$GBGSV,3,1,11,07,02,166,,08,72,351,39.2,09,57,274,,03,43,190,38.5,1*7A
$GBGSV,3,2,11,01,38,147,,02,30,229,,04,27,124,37.6,12,24,249,,1*67
$GBGSV,3,3,11,05,15,248,,14,07,241,38.8,06,74,337,,1*53
$GNRMC,030229.000,A,3859.9976,N,11613.9809,E,0.01,39.61,280612,,,A,V*39
$GNVTG,39.61,T,,M,0.01,N,0.01,K,A*1E
$GNZDA,030229.000,28,06,2012,,*4F
$GNGGA,030230.000,3859.9976,N,11613.9809,E,1,9,0.83,-12.9,M,-6.8,M,,*4C
$PAIRACC,4.76,8.60*40
$GNGLL,3859.9976,N,11613.9809,E,030230.000,A,A*4F
$GNGSA,A,3,16,31,20,12,,,,,,,,,1.35,0.83,1.06,1*0E
$GNGSA,A,3,74,,,,,,,,,,,,1.35,0.83,1.06,2*0A
$GNGSA,A,3,,,,,,,,,,,,,1.35,0.83,1.06,3*08
$GNGSA,A,3,08,03,04,14,,,,,,,,,1.35,0.83,1.06,4*05
$GPGSV,3,1,10,16,06,179,38.6,01,39,312,,31,81,229,39.4,30,35,070,,1*61
$GPGSV,3,2,10,22,31,140,,11,21,278,,05,20,047,,20,15,316,38.9,1*77
$GPGSV,3,3,10,12,12,040,39.2,14,53,060,,1*72
$GLGSV,1,1,04,74,20,269,38.9,65,57,239,,82,24,079,,72,20,329,,1*68
$GAGSV,1,1,00,7*73
$GBGSV,3,1,11,07,02,166,,08,72,352,39.1,09,57,274,,03,43,190,38.8,1*77
$GBGSV,3,2,11,01,38,147,,02,30,229,,04,27,124,38.1,12,24,249,,1*6F
$GBGSV,3,3,11,05,15,248,,14,07,241,38.8,06,74,337,,1*53
$GNRMC,030230.000,A,3859.9976,N,11613.9809,E,0.01,54.37,280612,,,A,V*39
$GNVTG,54.37,T,,M,0.01,N,0.01,K,A*16
$GNZDA,030230.000,28,06,2012,,*47
$GNGGA,030231.000,3859.9976,N,11613.9809,E,1,9,0.83,-12.9,M,-6.8,M,,*4D
$PAIRACC,4.79,8.74*4A
$GNGLL,3859.9976,N,11613.9809,E,030231.000,A,A*4E
$GNGSA,A,3,16,31,20,12,,,,,,,,,1.35,0.83,1.06,1*0E
$GNGSA,A,3,74,,,,,,,,,,,,1.35,0.83,1.06,2*0A
$GNGSA,A,3,,,,,,,,,,,,,1.35,0.83,1.06,3*08
$GNGSA,A,3,08,03,04,14,,,,,,,,,1.35,0.83,1.06,4*05
$GPGSV,3,1,10,16,06,179,38.7,01,39,312,,31,81,229,38.9,30,35,070,,1*6C
$GPGSV,3,2,10,22,31,140,,11,21,278,,05,20,047,,20,15,316,38.5,1*7B
$GPGSV,3,3,10,12,12,040,39.4,14,53,060,,1*74
$GLGSV,1,1,04,74,20,269,39.2,65,57,239,,82,24,079,,72,20,329,,1*62
$GAGSV,1,1,00,7*73
$GBGSV,3,1,11,07,02,166,,08,72,352,39.3,09,57,275,,03,43,190,39.0,1*7D
$GBGSV,3,2,11,01,38,147,,02,30,229,,04,27,124,38.0,12,24,249,,1*6E
$GBGSV,3,3,11,05,15,248,,14,07,241,38.7,06,74,337,,1*5C
$GNRMC,030231.000,A,3859.9976,N,11613.9809,E,0.01,65.49,280612,,,A,V*33
$GNVTG,65.49,T,,M,0.01,N,0.01,K,A*1D
$GNZDA,030231.000,28,06,2012,,*46
$GNGGA,030232.000,3859.9976,N,11613.9809,E,1,9,0.83,-12.9,M,-6.8,M,,*4E
$PAIRACC,4.75,8.63*40
$GNGLL,3859.9976,N,11613.9809,E,030232.000,A,A*4D
$GNGSA,A,3,16,31,20,12,,,,,,,,,1.35,0.83,1.06,1*0E
$GNGSA,A,3,74,,,,,,,,,,,,1.35,0.83,1.06,2*0A
$GNGSA,A,3,,,,,,,,,,,,,1.35,0.83,1.06,3*08
$GNGSA,A,3,08,03,04,14,,,,,,,,,1.35,0.83,1.06,4*05
$GPGSV,3,1,10,16,06,179,38.4,01,39,312,,31,81,229,38.6,30,35,070,,1*60
$GPGSV,3,2,10,22,31,140,,11,21,278,,05,20,047,,20,15,316,39.0,1*7F
$GPGSV,3,3,10,12,12,040,39.3,14,53,060,,1*73
$GLGSV,1,1,04,74,20,269,39.4,65,57,239,,82,24,079,,72,20,329,,1*64
$GAGSV,1,1,00,7*73
$GBGSV,3,1,11,07,02,166,,08,72,352,39.0,09,57,275,,03,43,190,38.7,1*78
$GBGSV,3,2,11,01,38,147,,02,30,229,,04,27,124,38.7,12,24,249,,1*69
$GBGSV,3,3,11,05,15,248,,14,07,241,38.7,06,74,337,,1*5C
$GNRMC,030232.000,A,3859.9976,N,11613.9809,E,0.00,75.02,280612,,,A,V*3F
$GNVTG,75.02,T,,M,0.00,N,0.01,K,A*12
$GNZDA,030232.000,28,06,2012,,*45
$GNGGA,030233.000,3859.9976,N,11613.9809,E,1,9,0.83,-12.9,M,-6.8,M,,*4F
$PAIRACC,4.78,8.56*4B
$GNGLL,3859.9976,N,11613.9809,E,030233.000,A,A*4C
$GNGSA,A,3,16,31,20,12,,,,,,,,,1.35,0.83,1.06,1*0E
$GNGSA,A,3,74,,,,,,,,,,,,1.35,0.83,1.06,2*0A
$GNGSA,A,3,,,,,,,,,,,,,1.35,0.83,1.06,3*08
$GNGSA,A,3,08,03,04,14,,,,,,,,,1.35,0.83,1.06,4*05
$GPGSV,3,1,10,16,06,179,38.8,01,39,312,,31,81,229,39.3,30,35,070,,1*68
$GPGSV,3,2,10,22,31,140,,11,21,278,,05,20,047,,20,15,316,38.3,1*7D
$GPGSV,3,3,10,12,12,040,38.9,14,53,060,,1*78
$GLGSV,1,1,04,74,20,269,39.2,65,57,239,,82,24,079,,72,20,329,,1*62
$GAGSV,1,1,00,7*73
$GBGSV,3,1,11,07,02,166,,08,72,352,39.0,09,57,275,,03,43,190,38.8,1*77
$GBGSV,3,2,11,01,38,147,,02,30,229,,04,27,124,38.4,12,24,249,,1*6A
$GBGSV,3,3,11,05,15,248,,14,07,241,38.4,06,74,337,,1*5F
$GNRMC,030233.000,A,3859.9976,N,11613.9809,E,0.00,87.42,280612,,,A,V*37
$GNVTG,87.42,T,,M,0.00,N,0.01,K,A*1B
$GNZDA,030233.000,28,06,2012,,*44
$GNGGA,030234.000,3859.9976,N,11613.9808,E,1,9,0.83,-12.9,M,-6.8,M,,*49
$PAIRACC,4.76,8.68*48
$GNGLL,3859.9976,N,11613.9808,E,030234.000,A,A*4A
$GNGSA,A,3,16,31,20,12,,,,,,,,,1.35,0.83,1.06,1*0E
$GNGSA,A,3,74,,,,,,,,,,,,1.35,0.83,1.06,2*0A
$GNGSA,A,3,,,,,,,,,,,,,1.35,0.83,1.06,3*08
$GNGSA,A,3,08,03,04,14,,,,,,,,,1.35,0.83,1.06,4*05
$GPGSV,3,1,10,16,06,179,38.7,01,39,312,,31,81,229,38.7,30,35,070,,1*62
$GPGSV,3,2,10,22,31,140,,11,21,278,,05,20,047,,20,15,316,38.0,1*7E
$GPGSV,3,3,10,12,12,040,38.7,14,53,060,,1*76
$GLGSV,1,1,04,74,20,269,38.8,65,57,239,,82,24,079,,72,20,329,,1*69
$GAGSV,1,1,00,7*73
$GBGSV,3,1,11,07,02,166,,08,72,352,39.0,09,57,275,,03,43,190,38.6,1*79
$GBGSV,3,2,11,01,38,147,,02,30,229,,04,27,124,37.4,12,25,250,,1*6C
$GBGSV,3,3,11,05,15,248,,14,07,241,39.4,06,74,337,,1*5E
$GNRMC,030234.000,A,3859.9976,N,11613.9808,E,0.00,77.92,280612,,,A,V*33
$GNVTG,77.92,T,,M,0.00,N,0.01,K,A*19
$GNZDA,030234.000,28,06,2012,,*43
$GNGGA,030235.000,3859.9976,N,11613.9808,E,1,9,0.83,-12.9,M,-6.8,M,,*48
$PAIRACC,4.80,8.62*4B
$GNGLL,3859.9976,N,11613.9808,E,030235.000,A,A*4B
$GNGSA,A,3,16,31,20,12,,,,,,,,,1.35,0.83,1.06,1*0E
$GNGSA,A,3,74,,,,,,,,,,,,1.35,0.83,1.06,2*0A
$GNGSA,A,3,,,,,,,,,,,,,1.35,0.83,1.06,3*08
$GNGSA,A,3,08,03,04,14,,,,,,,,,1.35,0.83,1.06,4*05
$GPGSV,3,1,10,16,06,179,38.2,01,39,312,,31,81,229,38.6,30,35,070,,1*66
$GPGSV,3,2,10,22,31,140,,11,21,278,,05,20,047,,20,15,316,38.6,1*78
$GPGSV,3,3,10,12,12,040,39.1,14,53,060,,1*71
$GLGSV,1,1,04,74,20,269,39.1,65,57,239,,82,24,079,,72,20,329,,1*61
$GAGSV,1,1,00,7*73
$GBGSV,3,1,11,07,02,166,,08,72,352,39.1,09,57,275,,03,43,190,39.2,1*7D
$GBGSV,3,2,11,01,38,147,,02,30,229,,04,27,124,38.7,12,25,250,,1*60
$GBGSV,3,3,11,05,15,248,,14,07,241,38.7,06,74,337,,1*5C
$GNRMC,030235.000,A,3859.9976,N,11613.9808,E,0.00,75.60,280612,,,A,V*3D
$GNVTG,75.60,T,,M,0.00,N,0.01,K,A*16
$GNZDA,030235.000,28,06,2012,,*42
$GNGGA,030236.000,3859.9976,N,11613.9808,E,1,9,0.83,-12.9,M,-6.8,M,,*4B
$PAIRACC,4.73,8.50*46
$GNGLL,3859.9976,N,11613.9808,E,030236.000,A,A*48
$GNGSA,A,3,16,31,20,12,,,,,,,,,1.35,0.83,1.06,1*0E
$GNGSA,A,3,74,,,,,,,,,,,,1.35,0.83,1.06,2*0A
$GNGSA,A,3,,,,,,,,,,,,,1.35,0.83,1.06,3*08
$GNGSA,A,3,08,03,04,14,,,,,,,,,1.35,0.83,1.06,4*05
$GPGSV,3,1,10,16,06,179,39.0,01,39,312,,31,81,229,38.7,30,35,070,,1*64
$GPGSV,3,2,10,22,31,140,,11,21,278,,05,20,047,,20,15,316,38.5,1*7B
$GPGSV,3,3,10,12,12,040,38.8,14,53,060,,1*79
$GLGSV,1,1,04,72,20,329,,65,57,239,,82,24,079,,74,20,269,39.2,1*62
$GAGSV,1,1,00,7*73
$GBGSV,3,1,11,07,02,166,,08,72,352,39.0,09,57,275,,03,43,190,39.0,1*7E
$GBGSV,3,2,11,01,38,147,,02,30,229,,04,27,124,38.1,12,25,250,,1*66
$GBGSV,3,3,11,05,15,248,,14,08,241,38.7,06,74,337,,1*53
$GNRMC,030236.000,A,3859.9976,N,11613.9808,E,0.00,35.00,280612,,,A,V*3C
$GNVTG,35.00,T,,M,0.00,N,0.01,K,A*14
$GNZDA,030236.000,28,06,2012,,*41
$GNGGA,030237.000,3859.9976,N,11613.9808,E,1,9,0.83,-12.9,M,-6.8,M,,*4A
$PAIRACC,4.73,8.47*40
$GNGLL,3859.9976,N,11613.9808,E,030237.000,A,A*49
$GNGSA,A,3,16,31,20,12,,,,,,,,,1.35,0.83,1.06,1*0E
$GNGSA,A,3,74,,,,,,,,,,,,1.35,0.83,1.06,2*0A
$GNGSA,A,3,,,,,,,,,,,,,1.35,0.83,1.06,3*08
$GNGSA,A,3,08,03,04,14,,,,,,,,,1.35,0.83,1.06,4*05
$GPGSV,3,1,10,16,06,179,38.7,01,39,312,,31,81,229,38.3,30,35,070,,1*66
$GPGSV,3,2,10,22,31,140,,11,21,278,,05,20,047,,20,15,316,37.9,1*78
$GPGSV,3,3,10,12,12,040,38.5,14,53,060,,1*74
$GLGSV,1,1,04,72,20,329,,65,57,239,,82,24,079,,74,20,269,39.2,1*62
$GAGSV,1,1,00,7*73
$GBGSV,3,1,11,07,02,166,,08,72,352,39.4,09,57,275,,03,43,190,38.7,1*7C
$GBGSV,3,2,11,01,38,147,,02,30,229,,04,27,124,38.1,12,25,250,,1*66
$GBGSV,3,3,11,05,15,248,,14,08,241,38.8,06,74,337,,1*5C
$GNRMC,030237.000,A,3859.9976,N,11613.9808,E,0.00,51.54,280612,,,A,V*3E
$GNVTG,51.54,T,,M,0.00,N,0.01,K,A*17
$GNZDA,030237.000,28,06,2012,,*40
$GNGGA,030238.000,3859.9976,N,11613.9808,E,1,9,0.83,-12.9,M,-6.8,M,,*45
$PAIRACC,4.78,8.58*45
$GNGLL,3859.9976,N,11613.9808,E,030238.000,A,A*46
$GNGSA,A,3,16,31,20,12,,,,,,,,,1.35,0.83,1.06,1*0E
$GNGSA,A,3,74,,,,,,,,,,,,1.35,0.83,1.06,2*0A
$GNGSA,A,3,,,,,,,,,,,,,1.35,0.83,1.06,3*08
$GNGSA,A,3,08,03,04,14,,,,,,,,,1.35,0.83,1.06,4*05
$GPGSV,3,1,10,16,06,179,38.0,01,39,312,,31,81,229,38.8,30,35,070,,1*6A
$GPGSV,3,2,10,22,31,140,,11,21,278,,05,20,047,,20,15,316,38.8,1*76
$GPGSV,3,3,10,12,12,040,38.7,14,53,060,,1*76
$GLGSV,1,1,04,72,20,329,,65,57,239,,82,24,079,,74,20,269,39.5,1*65
$GAGSV,1,1,00,7*73
$GBGSV,3,1,11,07,02,166,,08,72,352,39.2,09,57,275,,03,43,190,39.1,1*7D
$GBGSV,3,2,11,01,38,147,,02,30,229,,04,27,124,38.9,12,25,250,,1*6E
$GBGSV,3,3,11,05,15,248,,14,08,241,38.6,06,74,337,,1*52
$GNRMC,030238.000,A,3859.9976,N,11613.9808,E,0.00,29.02,280612,,,A,V*3D
$GNVTG,29.02,T,,M,0.00,N,0.01,K,A*1B
$GNZDA,030238.000,28,06,2012,,*4F
$GNGGA,030239.000,3859.9976,N,11613.9808,E,1,9,0.83,-12.9,M,-6.8,M,,*44
$PAIRACC,4.73,8.63*46
$GNGLL,3859.9976,N,11613.9808,E,030239.000,A,A*47
$GNGSA,A,3,16,31,20,12,,,,,,,,,1.35,0.83,1.06,1*0E
$GNGSA,A,3,74,,,,,,,,,,,,1.35,0.83,1.06,2*0A
$GNGSA,A,3,,,,,,,,,,,,,1.35,0.83,1.06,3*08
$GNGSA,A,3,08,03,04,14,,,,,,,,,1.35,0.83,1.06,4*05
$GPGSV,3,1,10,16,06,179,38.2,01,39,312,,31,81,229,38.9,30,35,070,,1*69
$GPGSV,3,2,10,22,31,140,,11,21,278,,05,20,047,,20,15,316,38.7,1*79
$GPGSV,3,3,10,12,12,040,38.6,14,53,060,,1*77
$GLGSV,1,1,04,72,20,329,,65,57,239,,82,24,079,,74,20,269,39.4,1*64
$GAGSV,1,1,00,7*73
$GBGSV,3,1,11,07,02,166,,08,72,352,38.8,09,57,275,,03,43,190,38.8,1*7E
$GBGSV,3,2,11,01,38,147,,02,30,229,,04,27,124,38.1,12,25,250,,1*66
$GBGSV,3,3,11,05,15,248,,14,08,241,38.5,06,74,337,,1*51
$GNRMC,030239.000,A,3859.9976,N,11613.9808,E,0.00,27.25,280612,,,A,V*37
$GNVTG,27.25,T,,M,0.00,N,0.01,K,A*10
$GNZDA,030239.000,28,06,2012,,*4E
$GNGGA,030240.000,3859.9976,N,11613.9808,E,1,9,0.83,-12.9,M,-6.8,M,,*4A
$PAIRACC,4.74,8.48*48
$GNGLL,3859.9976,N,11613.9808,E,030240.000,A,A*49
$GNGSA,A,3,16,31,20,12,,,,,,,,,1.35,0.83,1.06,1*0E
$GNGSA,A,3,74,,,,,,,,,,,,1.35,0.83,1.06,2*0A
$GNGSA,A,3,,,,,,,,,,,,,1.35,0.83,1.06,3*08
$GNGSA,A,3,08,03,04,14,,,,,,,,,1.35,0.83,1.06,4*05
$GPGSV,3,1,10,16,06,179,38.4,01,39,312,,31,81,229,39.1,30,35,070,,1*66
$GPGSV,3,2,10,22,31,140,,11,21,278,,05,20,047,,20,15,316,38.5,1*7B
$GPGSV,3,3,10,12,12,040,39.3,14,53,060,,1*73
$GLGSV,1,1,04,72,20,329,,65,57,239,,82,24,079,,74,20,269,38.8,1*69
$GAGSV,1,1,00,7*73
$GBGSV,3,1,11,07,02,166,,08,72,352,39.0,09,57,275,,03,43,190,38.9,1*76
$GBGSV,3,2,11,01,38,147,,02,30,229,,04,27,124,37.9,12,25,250,,1*61
$GBGSV,3,3,11,05,15,248,,14,08,241,38.3,06,74,337,,1*57
$GNRMC,030240.000,A,3859.9976,N,11613.9808,E,0.00,45.33,280612,,,A,V*3A
$GNVTG,45.33,T,,M,0.00,N,0.01,K,A*13
$GNZDA,030240.000,28,06,2012,,*40
$GNGGA,030241.000,3859.9976,N,11613.9808,E,1,9,0.83,-12.9,M,-6.8,M,,*4B
$PAIRACC,4.77,8.55*47
$GNGLL,3859.9976,N,11613.9808,E,030241.000,A,A*48
$GNGSA,A,3,16,31,20,12,,,,,,,,,1.35,0.83,1.06,1*0E
$GNGSA,A,3,74,,,,,,,,,,,,1.35,0.83,1.06,2*0A
$GNGSA,A,3,,,,,,,,,,,,,1.35,0.83,1.06,3*08
$GNGSA,A,3,08,03,04,14,,,,,,,,,1.35,0.83,1.06,4*05
$GPGSV,3,1,10,16,06,179,38.8,01,39,312,,31,81,229,39.4,30,35,070,,1*6F
$GPGSV,3,2,10,22,31,140,,11,21,278,,05,20,047,,20,15,316,38.5,1*7B
$GPGSV,3,3,10,12,12,040,39.0,14,53,060,,1*70
$GLGSV,1,1,04,72,20,329,,65,57,239,,82,24,079,,74,20,269,39.5,1*65
$GAGSV,1,1,00,7*73
$GBGSV,3,1,11,07,02,166,,08,72,352,38.8,09,57,275,,03,43,190,38.5,1*73
$GBGSV,3,2,11,01,38,147,,02,30,229,,04,27,124,38.6,12,25,250,,1*61
$GBGSV,3,3,11,05,15,248,,14,08,241,38.5,06,74,337,,1*51
$GNRMC,030241.000,A,3859.9976,N,11613.9808,E,0.00,47.31,280612,,,A,V*3B
$GNVTG,47.31,T,,M,0.00,N,0.01,K,A*13
$GNZDA,030241.000,28,06,2012,,*41
$GNGGA,030242.000,3859.9976,N,11613.9808,E,1,9,0.83,-12.9,M,-6.8,M,,*48
$PAIRACC,4.73,8.67*42
$GNGLL,3859.9976,N,11613.9808,E,030242.000,A,A*4B
$GNGSA,A,3,16,31,20,12,,,,,,,,,1.35,0.83,1.06,1*0E
$GNGSA,A,3,74,,,,,,,,,,,,1.35,0.83,1.06,2*0A
$GNGSA,A,3,,,,,,,,,,,,,1.35,0.83,1.06,3*08
$GNGSA,A,3,08,03,04,14,,,,,,,,,1.35,0.83,1.06,4*05
$GPGSV,3,1,10,16,06,179,39.0,01,39,312,,31,81,229,39.0,30,35,070,,1*62
$GPGSV,3,2,10,22,31,140,,11,21,278,,05,20,047,,20,15,316,39.1,1*7E
$GPGSV,3,3,10,12,12,040,39.1,14,53,060,,1*71
$GLGSV,1,1,04,72,20,329,,65,57,239,,82,24,079,,74,20,269,39.4,1*64
$GAGSV,1,1,00,7*73
$GBGSV,3,1,11,07,02,166,,08,72,352,39.0,09,57,275,,03,43,190,39.2,1*7C
$GBGSV,3,2,11,01,38,147,,02,30,229,,04,27,124,38.1,12,25,250,,1*66
$GBGSV,3,3,11,05,15,248,,14,08,241,39.1,06,74,337,,1*54
$GNRMC,030242.000,A,3859.9976,N,11613.9808,E,0.00,31.30,280612,,,A,V*38
$GNVTG,31.30,T,,M,0.00,N,0.01,K,A*13
$GNZDA,030242.000,28,06,2012,,*42
$GNGGA,030243.000,3859.9976,N,11613.9808,E,1,9,0.83,-12.9,M,-6.8,M,,*49
$PAIRACC,4.80,8.57*4D
$GNGLL,3859.9976,N,11613.9808,E,030243.000,A,A*4A
$GNGSA,A,3,16,31,20,12,,,,,,,,,1.35,0.83,1.06,1*0E
$GNGSA,A,3,74,,,,,,,,,,,,1.35,0.83,1.06,2*0A
$GNGSA,A,3,,,,,,,,,,,,,1.35,0.83,1.06,3*08
$GNGSA,A,3,08,03,04,14,,,,,,,,,1.35,0.83,1.06,4*05
$GPGSV,3,1,10,16,06,179,38.5,01,39,312,,31,81,229,39.0,30,35,070,,1*66
$GPGSV,3,2,10,22,31,140,,11,21,278,,05,20,047,,20,15,316,38.5,1*7B
$GPGSV,3,3,10,12,12,040,38.5,14,53,060,,1*74
$GLGSV,1,1,04,72,20,329,,65,57,239,,82,24,079,,74,20,269,38.9,1*68
$GAGSV,1,1,00,7*73
$GBGSV,3,1,11,07,02,166,,08,72,352,39.5,09,57,275,,03,43,190,38.9,1*73
$GBGSV,3,2,11,01,38,147,,02,30,229,,04,27,124,38.0,12,25,250,,1*67
$GBGSV,3,3,11,05,15,248,,14,08,241,38.3,06,74,337,,1*57
$GNRMC,030243.000,A,3859.9976,N,11613.9808,E,0.01,35.95,280612,,,A,V*33
$GNVTG,35.95,T,,M,0.01,N,0.01,K,A*19
$GNZDA,030243.000,28,06,2012,,*43
$GNGGA,030244.000,3859.9976,N,11613.9808,E,1,9,0.83,-12.9,M,-6.8,M,,*4E
$PAIRACC,4.71,8.45*40
$GNGLL,3859.9976,N,11613.9808,E,030244.000,A,A*4D
$GNGSA,A,3,16,31,20,12,,,,,,,,,1.35,0.83,1.06,1*0E
$GNGSA,A,3,74,,,,,,,,,,,,1.35,0.83,1.06,2*0A
$GNGSA,A,3,,,,,,,,,,,,,1.35,0.83,1.06,3*08
$GNGSA,A,3,08,03,04,14,,,,,,,,,1.35,0.83,1.06,4*05
$GPGSV,3,1,10,16,06,179,38.6,01,39,312,,31,81,229,38.8,30,35,070,,1*6C
$GPGSV,3,2,10,22,31,140,,11,21,278,,05,20,047,,20,15,316,38.4,1*7A
$GPGSV,3,3,10,12,12,040,39.3,14,53,060,,1*73
$GLGSV,1,1,04,72,20,329,,65,57,239,,82,24,079,,74,20,269,39.2,1*62
$GAGSV,1,1,00,7*73
$GBGSV,3,1,11,07,02,166,,08,72,352,39.2,09,57,275,,03,43,190,38.9,1*74
$GBGSV,3,2,11,01,38,147,,02,30,229,,04,27,124,38.7,12,25,250,,1*60
$GBGSV,3,3,11,05,15,248,,14,08,241,38.7,06,74,337,,1*53
$GNRMC,030244.000,A,3859.9976,N,11613.9808,E,0.01,40.76,280612,,,A,V*3B
$GNVTG,40.76,T,,M,0.01,N,0.01,K,A*16
$GNZDA,030244.000,28,06,2012,,*44
$GNGGA,030245.000,3859.9976,N,11613.9808,E,1,9,0.83,-12.9,M,-6.8,M,,*4F
$PAIRACC,4.77,8.56*44
$GNGLL,3859.9976,N,11613.9808,E,030245.000,A,A*4C
$GNGSA,A,3,16,31,20,12,,,,,,,,,1.35,0.83,1.06,1*0E
$GNGSA,A,3,74,,,,,,,,,,,,1.35,0.83,1.06,2*0A
$GNGSA,A,3,,,,,,,,,,,,,1.35,0.83,1.06,3*08
$GNGSA,A,3,08,03,04,14,,,,,,,,,1.35,0.83,1.06,4*05
$GPGSV,3,1,10,16,06,179,38.7,01,39,312,,31,81,229,38.9,30,35,070,,1*6C
$GPGSV,3,2,10,22,31,140,,11,21,278,,05,20,047,,20,15,316,38.7,1*79
$GPGSV,3,3,10,12,12,040,39.0,14,53,060,,1*70
$GLGSV,1,1,04,72,20,329,,65,57,239,,82,24,079,,74,20,269,39.4,1*64
$GAGSV,1,1,00,7*73
$GBGSV,3,1,11,07,02,166,,08,72,352,39.2,09,57,275,,03,43,190,39.1,1*7D
$GBGSV,3,2,11,01,38,147,,02,30,229,,04,27,124,38.2,12,25,250,,1*65
$GBGSV,3,3,11,05,15,248,,14,08,241,38.8,06,74,337,,1*5C
$GNRMC,030245.000,A,3859.9976,N,11613.9808,E,0.01,42.12,280612,,,A,V*3A
$GNVTG,42.12,T,,M,0.01,N,0.01,K,A*16
$GNZDA,030245.000,28,06,2012,,*45
$GNGGA,030246.000,3859.9976,N,11613.9808,E,1,9,0.83,-12.9,M,-6.8,M,,*4C
$PAIRACC,4.72,8.61*45
$GNGLL,3859.9976,N,11613.9808,E,030246.000,A,A*4F
$GNGSA,A,3,16,31,20,12,,,,,,,,,1.35,0.83,1.06,1*0E
$GNGSA,A,3,74,,,,,,,,,,,,1.35,0.83,1.06,2*0A
$GNGSA,A,3,,,,,,,,,,,,,1.35,0.83,1.06,3*08
$GNGSA,A,3,08,03,04,14,,,,,,,,,1.35,0.83,1.06,4*05
$GPGSV,3,1,10,16,06,179,38.2,01,39,312,,31,81,229,38.9,30,35,070,,1*69
$GPGSV,3,2,10,22,31,140,,11,21,278,,05,20,047,,20,15,316,38.4,1*7A
$GPGSV,3,3,10,12,12,040,39.3,14,53,060,,1*73
$GLGSV,1,1,04,72,20,329,,65,57,239,,82,24,079,,74,20,269,39.8,1*68
$GAGSV,1,1,00,7*73
$GBGSV,3,1,11,07,02,166,,08,72,352,38.9,09,57,275,,03,43,190,38.8,1*7F
$GBGSV,3,2,11,01,38,147,,02,30,229,,04,27,124,38.1,12,25,250,,1*66
$GBGSV,3,3,11,05,15,248,,14,08,241,39.0,06,74,337,,1*55
$GNRMC,030246.000,A,3859.9976,N,11613.9808,E,0.01,48.87,280612,,,A,V*3F
$GNVTG,48.87,T,,M,0.01,N,0.01,K,A*10
$GNZDA,030246.000,28,06,2012,,*46
$GNGGA,030247.000,3859.9976,N,11613.9809,E,1,9,0.83,-12.9,M,-6.8,M,,*4C
$PAIRACC,4.76,8.55*46
$GNGLL,3859.9976,N,11613.9809,E,030247.000,A,A*4F
$GNGSA,A,3,16,31,20,12,,,,,,,,,1.35,0.83,1.06,1*0E
$GNGSA,A,3,74,,,,,,,,,,,,1.35,0.83,1.06,2*0A
$GNGSA,A,3,,,,,,,,,,,,,1.35,0.83,1.06,3*08
$GNGSA,A,3,08,03,04,14,,,,,,,,,1.35,0.83,1.06,4*05
$GPGSV,3,1,10,16,06,179,38.3,01,39,312,,31,81,229,38.9,30,35,070,,1*68
$GPGSV,3,2,10,22,31,140,,11,21,278,,05,20,047,,20,15,316,38.2,1*7C
$GPGSV,3,3,10,12,12,040,39.0,14,53,060,,1*70
$GLGSV,1,1,04,72,20,329,,65,57,239,,82,24,079,,74,20,269,39.5,1*65
$GAGSV,1,1,00,7*73
$GBGSV,3,1,11,07,02,166,,08,72,352,39.3,09,57,275,,03,43,190,38.8,1*74
$GBGSV,3,2,11,01,38,147,,02,30,229,,04,27,124,38.8,12,25,250,,1*6F
$GBGSV,3,3,11,05,15,248,,14,08,241,39.2,06,74,337,,1*57
$GNRMC,030247.000,A,3859.9976,N,11613.9809,E,0.01,57.72,280612,,,A,V*3B
$GNVTG,57.72,T,,M,0.01,N,0.01,K,A*14
$GNZDA,030247.000,28,06,2012,,*47
$GNGGA,030248.000,3859.9976,N,11613.9809,E,1,9,0.83,-12.9,M,-6.8,M,,*43
$PAIRACC,4.72,8.48*4E
$GNGLL,3859.9976,N,11613.9809,E,030248.000,A,A*40
$GNGSA,A,3,16,31,20,12,,,,,,,,,1.35,0.83,1.06,1*0E
$GNGSA,A,3,74,,,,,,,,,,,,1.35,0.83,1.06,2*0A
$GNGSA,A,3,,,,,,,,,,,,,1.35,0.83,1.06,3*08
$GNGSA,A,3,08,03,04,14,,,,,,,,,1.35,0.83,1.06,4*05
$GPGSV,3,1,10,16,06,179,38.3,01,39,312,,31,81,229,38.8,30,35,070,,1*69
$GPGSV,3,2,10,22,31,140,,11,21,278,,05,20,047,,20,15,316,38.1,1*7F
$GPGSV,3,3,10,12,12,040,39.0,14,53,060,,1*70
$GLGSV,1,1,04,72,20,329,,65,57,239,,82,24,079,,74,20,269,39.4,1*64
$GAGSV,1,1,00,7*73
$GBGSV,3,1,11,07,02,166,,08,72,352,39.2,09,57,275,,03,43,190,38.8,1*75
$GBGSV,3,2,11,01,38,147,,02,30,229,,04,27,124,38.0,12,25,250,,1*67
$GBGSV,3,3,11,05,15,248,,14,08,241,38.6,06,74,337,,1*52
$GNRMC,030248.000,A,3859.9976,N,11613.9809,E,0.01,67.68,280612,,,A,V*3C
$GNVTG,67.68,T,,M,0.01,N,0.01,K,A*1C
$GNZDA,030248.000,28,06,2012,,*48
$GNGGA,030249.000,3859.9976,N,11613.9809,E,1,9,0.83,-12.9,M,-6.8,M,,*42
$PAIRACC,4.78,8.72*4D
$GNGLL,3859.9976,N,11613.9809,E,030249.000,A,A*41
$GNGSA,A,3,16,31,20,12,,,,,,,,,1.35,0.83,1.06,1*0E
$GNGSA,A,3,74,,,,,,,,,,,,1.35,0.83,1.06,2*0A
$GNGSA,A,3,,,,,,,,,,,,,1.35,0.83,1.06,3*08
$GNGSA,A,3,08,03,04,14,,,,,,,,,1.35,0.83,1.06,4*05
$GPGSV,3,1,10,16,06,179,38.7,01,39,312,,31,81,229,38.6,30,35,070,,1*63
$GPGSV,3,2,10,22,31,140,,11,21,278,,05,20,047,,20,15,316,38.4,1*7A
$GPGSV,3,3,10,12,12,040,38.8,14,53,060,,1*79
$GLGSV,1,1,04,72,20,329,,65,57,239,,82,24,079,,74,20,269,39.3,1*63
$GAGSV,1,1,00,7*73
$GBGSV,3,1,11,07,02,166,,08,72,352,38.7,09,57,275,,03,43,190,38.7,1*7E
$GBGSV,3,2,11,01,38,147,,02,30,229,,04,27,124,37.8,12,25,250,,1*60
$GBGSV,3,3,11,05,15,248,,14,08,241,38.8,06,74,337,,1*5C
$GNRMC,030249.000,A,3859.9976,N,11613.9809,E,0.01,59.03,280612,,,A,V*3D
$GNVTG,59.03,T,,M,0.01,N,0.01,K,A*1C
$GNZDA,030249.000,28,06,2012,,*49
$GNGGA,030250.000,3859.9976,N,11613.9809,E,1,9,0.83,-12.9,M,-6.8,M,,*4A
$PAIRACC,4.71,8.47*42
$GNGLL,3859.9976,N,11613.9809,E,030250.000,A,A*49
$GNGSA,A,3,16,31,20,12,,,,,,,,,1.35,0.83,1.06,1*0E
$GNGSA,A,3,74,,,,,,,,,,,,1.35,0.83,1.06,2*0A
$GNGSA,A,3,,,,,,,,,,,,,1.35,0.83,1.06,3*08
$GNGSA,A,3,08,03,04,14,,,,,,,,,1.35,0.83,1.06,4*05
$GPGSV,3,1,10,16,06,179,39.0,01,39,312,,31,81,229,39.0,30,35,070,,1*62
$GPGSV,3,2,10,22,31,140,,11,21,278,,05,20,047,,20,15,316,38.8,1*76
$GPGSV,3,3,10,12,12,040,39.2,14,53,060,,1*72
$GLGSV,1,1,04,72,20,329,,65,57,239,,82,24,079,,74,20,269,39.4,1*64
$GAGSV,1,1,00,7*73
$GBGSV,3,1,11,07,02,166,,08,72,352,38.7,09,57,275,,03,43,190,38.9,1*70
$GBGSV,3,2,11,01,38,147,,02,30,229,,04,27,124,38.9,12,25,250,,1*6E
$GBGSV,3,3,11,05,15,248,,14,08,241,39.1,06,74,337,,1*54
$GNRMC,030250.000,A,3859.9976,N,11613.9809,E,0.01,60.10,280612,,,A,V*3D
$GNVTG,60.10,T,,M,0.01,N,0.01,K,A*14
$GNZDA,030250.000,28,06,2012,,*41
$GNGGA,030251.000,3859.9976,N,11613.9809,E,1,9,0.83,-12.9,M,-6.8,M,,*4B
$PAIRACC,4.76,8.58*4B
$GNGLL,3859.9976,N,11613.9809,E,030251.000,A,A*48
$GNGSA,A,3,16,31,20,12,,,,,,,,,1.35,0.83,1.06,1*0E
$GNGSA,A,3,74,,,,,,,,,,,,1.35,0.83,1.06,2*0A
$GNGSA,A,3,,,,,,,,,,,,,1.35,0.83,1.06,3*08
$GNGSA,A,3,08,03,04,14,,,,,,,,,1.35,0.83,1.06,4*05
$GPGSV,3,1,10,16,06,179,38.7,01,39,312,,31,81,229,39.1,30,35,070,,1*65
$GPGSV,3,2,10,22,31,140,,11,21,278,,05,20,047,,20,15,316,39.0,1*7F
$GPGSV,3,3,10,12,12,040,39.1,14,53,060,,1*71
$GLGSV,1,1,04,72,20,329,,65,57,239,,82,24,079,,74,20,269,39.2,1*62
$GAGSV,1,1,00,7*73
$GBGSV,3,1,11,07,02,166,,08,72,352,39.1,09,57,275,,03,43,190,39.2,1*7D
$GBGSV,3,2,11,01,38,147,,02,30,229,,04,27,124,38.3,12,25,250,,1*64
$GBGSV,3,3,11,05,15,248,,14,08,241,38.1,06,74,337,,1*55
$GNRMC,030251.000,A,3859.9976,N,11613.9809,E,0.01,36.98,280612,,,A,V*3F
$GNVTG,36.98,T,,M,0.01,N,0.01,K,A*17
$GNZDA,030251.000,28,06,2012,,*40
$GNGGA,030252.000,3859.9976,N,11613.9809,E,1,9,0.83,-12.9,M,-6.8,M,,*48
$PAIRACC,4.73,8.43*44
$GNGLL,3859.9976,N,11613.9809,E,030252.000,A,A*4B
$GNGSA,A,3,16,31,20,12,,,,,,,,,1.35,0.83,1.06,1*0E
$GNGSA,A,3,74,,,,,,,,,,,,1.35,0.83,1.06,2*0A
$GNGSA,A,3,,,,,,,,,,,,,1.35,0.83,1.06,3*08
$GNGSA,A,3,08,03,04,14,,,,,,,,,1.35,0.83,1.06,4*05
$GPGSV,3,1,10,16,06,179,38.3,01,39,312,,31,81,229,39.2,30,35,070,,1*62
$GPGSV,3,2,10,22,31,140,,11,21,278,,05,20,047,,20,15,316,38.5,1*7B
$GPGSV,3,3,10,12,12,040,39.0,14,53,060,,1*70
$GLGSV,1,1,04,72,20,329,,65,57,239,,82,24,079,,74,20,269,39.0,1*60
$GAGSV,1,1,00,7*73
$GBGSV,3,1,11,07,02,166,,08,72,352,39.3,09,57,275,,03,43,190,38.9,1*75
$GBGSV,3,2,11,01,38,147,,02,30,229,,04,27,124,38.0,12,25,250,,1*67
$GBGSV,3,3,11,05,15,248,,14,08,241,38.6,06,74,337,,1*52
$GNRMC,030252.000,A,3859.9976,N,11613.9809,E,0.01,16.24,280612,,,A,V*39
$GNVTG,16.24,T,,M,0.01,N,0.01,K,A*12
$GNZDA,030252.000,28,06,2012,,*43
$GNGGA,030253.000,3859.9976,N,11613.9809,E,1,9,0.83,-12.9,M,-6.8,M,,*49
$PAIRACC,4.71,8.62*45
$GNGLL,3859.9976,N,11613.9809,E,030253.000,A,A*4A
$GNGSA,A,3,16,31,20,12,,,,,,,,,1.35,0.83,1.06,1*0E
$GNGSA,A,3,74,,,,,,,,,,,,1.35,0.83,1.06,2*0A
$GNGSA,A,3,,,,,,,,,,,,,1.35,0.83,1.06,3*08
$GNGSA,A,3,08,03,04,14,,,,,,,,,1.35,0.83,1.06,4*05
$GPGSV,3,1,10,16,06,179,38.6,01,39,312,,31,81,229,38.9,30,35,070,,1*6D
$GPGSV,3,2,10,22,31,140,,11,21,278,,05,20,047,,20,15,316,38.9,1*77
$GPGSV,3,3,10,12,12,040,39.5,14,53,060,,1*75
$GLGSV,1,1,04,72,20,329,,65,57,239,,82,24,079,,74,20,269,38.9,1*68
$GAGSV,1,1,00,7*73
$GBGSV,3,1,11,07,02,166,,08,72,352,39.2,09,57,275,,03,43,190,39.1,1*7D
$GBGSV,3,2,11,01,38,147,,02,30,229,,04,27,124,38.8,12,25,250,,1*6F
$GBGSV,3,3,11,05,15,248,,14,08,241,38.2,06,74,337,,1*56
$GNRMC,030253.000,A,3859.9976,N,11613.9809,E,0.01,27.42,280612,,,A,V*3A
$GNVTG,27.42,T,,M,0.01,N,0.01,K,A*10
$GNZDA,030253.000,28,06,2012,,*42
$GNGGA,030254.000,3859.9976,N,11613.9809,E,1,9,0.83,-12.9,M,-6.8,M,,*4E
$PAIRACC,4.82,8.73*49
$GNGLL,3859.9976,N,11613.9809,E,030254.000,A,A*4D
$GNGSA,A,3,16,31,20,12,,,,,,,,,1.35,0.83,1.06,1*0E
$GNGSA,A,3,74,,,,,,,,,,,,1.35,0.83,1.06,2*0A
$GNGSA,A,3,,,,,,,,,,,,,1.35,0.83,1.06,3*08
$GNGSA,A,3,08,03,04,14,,,,,,,,,1.35,0.83,1.06,4*05
$GPGSV,3,1,10,16,06,179,38.8,01,39,312,,31,81,229,38.8,30,35,070,,1*62
$GPGSV,3,2,10,22,31,140,,11,21,278,,05,20,047,,20,15,316,38.7,1*79
$GPGSV,3,3,10,12,12,040,39.1,14,53,060,,1*71
$GLGSV,1,1,04,72,20,329,,65,57,239,,82,24,079,,74,20,269,39.5,1*65
$GAGSV,1,1,00,7*73
$GBGSV,3,1,11,07,02,166,,08,72,352,39.0,09,57,275,,03,43,190,38.9,1*76
$GBGSV,3,2,11,01,38,147,,02,30,229,,04,27,124,37.7,12,25,250,,1*6F
$GBGSV,3,3,11,05,15,248,,14,08,241,38.7,06,74,337,,1*53
$GNRMC,030254.000,A,3859.9976,N,11613.9809,E,0.01,57.23,280612,,,A,V*3D
$GNVTG,57.23,T,,M,0.01,N,0.01,K,A*10
$GNZDA,030254.000,28,06,2012,,*45
$GNGGA,030255.000,3859.9976,N,11613.9809,E,1,9,0.83,-12.9,M,-6.8,M,,*4F
$PAIRACC,4.70,8.44*40
$GNGLL,3859.9976,N,11613.9809,E,030255.000,A,A*4C
$GNGSA,A,3,16,31,20,12,,,,,,,,,1.35,0.83,1.06,1*0E
$GNGSA,A,3,74,,,,,,,,,,,,1.35,0.83,1.06,2*0A
$GNGSA,A,3,,,,,,,,,,,,,1.35,0.83,1.06,3*08
$GNGSA,A,3,08,03,04,14,,,,,,,,,1.35,0.83,1.06,4*05
$GPGSV,3,1,10,16,06,179,39.3,01,39,312,,31,81,229,39.5,30,35,070,,1*64
$GPGSV,3,2,10,22,31,140,,11,21,278,,05,20,047,,20,15,316,38.7,1*79
$GPGSV,3,3,10,12,12,040,39.3,14,53,060,,1*73
$GLGSV,1,1,04,72,20,329,,65,57,239,,82,24,079,,74,20,269,39.4,1*64
$GAGSV,1,1,00,7*73
$GBGSV,3,1,11,07,02,166,,08,72,352,39.1,09,57,275,,03,43,190,38.9,1*77
$GBGSV,3,2,11,01,38,147,,02,30,229,,04,27,124,37.9,12,25,250,,1*61
$GBGSV,3,3,11,05,15,248,,14,08,241,38.9,06,74,337,,1*5D
$GNRMC,030255.000,A,3859.9976,N,11613.9809,E,0.01,55.79,280612,,,A,V*31
$GNVTG,55.79,T,,M,0.01,N,0.01,K,A*1D
$GNZDA,030255.000,28,06,2012,,*44
$GNGGA,030256.000,3859.9976,N,11613.9809,E,1,9,0.83,-12.9,M,-6.8,M,,*4C
$PAIRACC,4.83,8.96*43
$GNGLL,3859.9976,N,11613.9809,E,030256.000,A,A*4F
$GNGSA,A,3,16,31,20,12,,,,,,,,,1.35,0.83,1.06,1*0E
$GNGSA,A,3,74,,,,,,,,,,,,1.35,0.83,1.06,2*0A
$GNGSA,A,3,,,,,,,,,,,,,1.35,0.83,1.06,3*08
$GNGSA,A,3,08,03,04,14,,,,,,,,,1.35,0.83,1.06,4*05
$GPGSV,3,1,10,16,06,179,38.8,01,39,312,,31,81,229,39.2,30,35,070,,1*69
$GPGSV,3,2,10,22,31,140,,11,21,278,,05,20,047,,20,15,316,38.9,1*77
$GPGSV,3,3,10,12,12,040,39.0,14,53,060,,1*70
$GLGSV,1,1,04,72,20,329,,65,57,239,,82,24,079,,74,20,269,39.5,1*65
$GAGSV,1,1,00,7*73
$GBGSV,3,1,11,07,02,166,,08,72,352,39.0,09,57,275,,03,43,190,38.9,1*76
$GBGSV,3,2,11,01,38,147,,02,30,229,,04,27,124,38.7,12,25,250,,1*60
$GBGSV,3,3,11,05,15,248,,14,08,241,38.7,06,74,337,,1*53
$GNRMC,030256.000,A,3859.9976,N,11613.9809,E,0.01,48.47,280612,,,A,V*33
$GNVTG,48.47,T,,M,0.01,N,0.01,K,A*1C
$GNZDA,030256.000,28,06,2012,,*47
$GNGGA,030257.000,3859.9977,N,11613.9809,E,1,9,0.83,-12.9,M,-6.8,M,,*4C
$PAIRACC,4.71,8.43*46
$GNGLL,3859.9977,N,11613.9809,E,030257.000,A,A*4F
$GNGSA,A,3,16,31,20,12,,,,,,,,,1.35,0.83,1.06,1*0E
$GNGSA,A,3,74,,,,,,,,,,,,1.35,0.83,1.06,2*0A
$GNGSA,A,3,,,,,,,,,,,,,1.35,0.83,1.06,3*08
$GNGSA,A,3,08,03,04,14,,,,,,,,,1.35,0.83,1.06,4*05
$GPGSV,3,1,10,16,06,179,39.0,01,39,312,,31,81,229,39.2,30,35,070,,1*60
$GPGSV,3,2,10,22,31,140,,11,21,278,,05,20,047,,20,15,316,38.6,1*78
$GPGSV,3,3,10,12,12,040,39.1,14,53,060,,1*71
$GLGSV,1,1,04,72,20,329,,65,57,239,,82,24,079,,74,20,269,39.5,1*65
$GAGSV,1,1,00,7*73
$GBGSV,3,1,11,07,02,166,,08,72,352,39.4,09,57,275,,03,43,190,38.8,1*73
$GBGSV,3,2,11,01,38,147,,02,30,229,,04,27,124,38.2,12,25,250,,1*65
$GBGSV,3,3,11,05,15,248,,14,08,241,38.3,06,74,337,,1*57
$GNRMC,030257.000,A,3859.9977,N,11613.9809,E,0.01,41.65,280612,,,A,V*3A
$GNVTG,41.65,T,,M,0.01,N,0.01,K,A*15
$GNZDA,030257.000,28,06,2012,,*46
$GNGGA,030258.000,3859.9977,N,11613.9809,E,1,9,0.83,-12.9,M,-6.8,M,,*43
$PAIRACC,4.80,8.92*44
$GNGLL,3859.9977,N,11613.9809,E,030258.000,A,A*40
$GNGSA,A,3,16,31,20,12,,,,,,,,,1.35,0.83,1.06,1*0E
$GNGSA,A,3,74,,,,,,,,,,,,1.35,0.83,1.06,2*0A
$GNGSA,A,3,,,,,,,,,,,,,1.35,0.83,1.06,3*08
$GNGSA,A,3,08,03,04,14,,,,,,,,,1.35,0.83,1.06,4*05
$GPGSV,3,1,10,16,06,179,38.7,01,39,312,,31,81,229,39.1,30,35,070,,1*65
$GPGSV,3,2,10,22,31,140,,11,21,278,,05,20,047,,20,15,316,38.5,1*7B
$GPGSV,3,3,10,12,12,040,38.6,14,53,060,,1*77
$GLGSV,1,1,04,72,20,329,,65,57,239,,82,24,079,,74,20,269,39.0,1*60
$GAGSV,1,1,00,7*73
$GBGSV,3,1,11,07,02,166,,08,72,352,39.1,09,57,275,,03,43,190,39.4,1*7B
$GBGSV,3,2,11,01,38,147,,02,30,229,,04,27,124,38.2,12,25,250,,1*65
$GBGSV,3,3,11,05,15,248,,14,08,241,39.2,06,74,337,,1*57
$GNRMC,030258.000,A,3859.9977,N,11613.9809,E,0.01,35.06,280612,,,A,V*33
$GNVTG,35.06,T,,M,0.01,N,0.01,K,A*13
$GNZDA,030258.000,28,06,2012,,*49
$GNGGA,030259.000,3859.9977,N,11613.9809,E,1,9,0.83,-12.9,M,-6.8,M,,*42
$PAIRACC,4.72,8.47*41
$GNGLL,3859.9977,N,11613.9809,E,030259.000,A,A*41
$GNGSA,A,3,16,31,20,12,,,,,,,,,1.35,0.83,1.06,1*0E
$GNGSA,A,3,74,,,,,,,,,,,,1.35,0.83,1.06,2*0A
$GNGSA,A,3,,,,,,,,,,,,,1.35,0.83,1.06,3*08
$GNGSA,A,3,08,03,04,14,,,,,,,,,1.35,0.83,1.06,4*05
$GPGSV,3,1,10,16,06,179,38.6,01,39,312,,31,81,229,39.2,30,35,070,,1*67
$GPGSV,3,2,10,22,31,140,,11,21,278,,05,20,047,,20,15,316,38.5,1*7B
$GPGSV,3,3,10,12,12,040,39.0,14,53,060,,1*70
$GLGSV,1,1,04,72,20,329,,65,57,239,,82,24,079,,74,20,269,38.9,1*68
$GAGSV,1,1,00,7*73
$GBGSV,3,1,11,07,02,166,,08,72,352,38.7,09,57,275,,03,43,190,38.9,1*70
$GBGSV,3,2,11,01,38,147,,02,30,229,,04,27,124,38.6,12,25,250,,1*61
$GBGSV,3,3,11,05,15,248,,14,08,241,38.7,06,74,337,,1*53
$GNRMC,030259.000,A,3859.9977,N,11613.9809,E,0.01,33.41,280612,,,A,V*37
$GNVTG,33.41,T,,M,0.01,N,0.01,K,A*16
$GNZDA,030259.000,28,06,2012,,*48
$GNGGA,030300.000,3859.9977,N,11613.9809,E,1,9,0.83,-12.9,M,-6.8,M,,*4F
$PAIRACC,4.77,8.74*44
$GNGLL,3859.9977,N,11613.9809,E,030300.000,A,A*4C
$GNGSA,A,3,16,31,20,12,,,,,,,,,1.35,0.83,1.06,1*0E
$GNGSA,A,3,74,,,,,,,,,,,,1.35,0.83,1.06,2*0A
$GNGSA,A,3,,,,,,,,,,,,,1.35,0.83,1.06,3*08
$GNGSA,A,3,08,03,04,14,,,,,,,,,1.35,0.83,1.06,4*05
$GPGSV,3,1,10,16,06,179,39.0,01,39,312,,31,81,229,38.5,30,35,070,,1*66
$GPGSV,3,2,10,22,31,140,,11,21,278,,05,20,047,,20,15,316,38.6,1*78
$GPGSV,3,3,10,12,12,040,39.1,14,53,060,,1*71
$GLGSV,1,1,04,72,20,329,,65,57,239,,82,24,079,,74,20,269,39.3,1*63
$GAGSV,1,1,00,7*73
$GBGSV,3,1,11,07,02,166,,08,72,352,39.3,09,57,275,,03,43,190,38.9,1*75
$GBGSV,3,2,11,01,38,147,,02,30,229,,04,27,124,37.7,12,25,250,,1*6F
$GBGSV,3,3,11,05,15,248,,14,08,241,38.7,06,74,337,,1*53
$GNRMC,030300.000,A,3859.9977,N,11613.9809,E,0.01,53.67,280612,,,A,V*38
$GNVTG,53.67,T,,M,0.01,N,0.01,K,A*14
$GNZDA,030300.000,28,06,2012,,*45
$GNGGA,030301.000,3859.9977,N,11613.9809,E,1,9,0.83,-12.9,M,-6.8,M,,*4E
$PAIRACC,4.73,8.61*44
$GNGLL,3859.9977,N,11613.9809,E,030301.000,A,A*4D
$GNGSA,A,3,16,31,20,12,,,,,,,,,1.35,0.83,1.06,1*0E
$GNGSA,A,3,74,,,,,,,,,,,,1.35,0.83,1.06,2*0A
$GNGSA,A,3,,,,,,,,,,,,,1.35,0.83,1.06,3*08
$GNGSA,A,3,08,03,04,14,,,,,,,,,1.35,0.83,1.06,4*05
$GPGSV,3,1,10,16,06,179,38.7,01,39,312,,31,81,229,39.1,30,35,070,,1*65
$GPGSV,3,2,10,22,31,140,,11,21,278,,05,20,047,,20,15,316,38.4,1*7A
$GPGSV,3,3,10,12,12,040,39.2,14,53,060,,1*72
$GLGSV,1,1,04,72,20,329,,65,57,239,,82,24,079,,74,20,269,38.8,1*69
$GAGSV,1,1,00,7*73
$GBGSV,3,1,11,07,02,166,,08,72,352,38.8,09,57,275,,03,43,190,38.7,1*71
$GBGSV,3,2,11,01,38,147,,02,30,229,,04,27,124,38.0,12,25,250,,1*67
$GBGSV,3,3,11,05,15,248,,14,08,241,38.8,06,74,337,,1*5C
$GNRMC,030301.000,A,3859.9977,N,11613.9809,E,0.01,42.11,280612,,,A,V*38
$GNVTG,42.11,T,,M,0.01,N,0.01,K,A*15
$GNZDA,030301.000,28,06,2012,,*44
$GNGGA,030302.000,3859.9977,N,11613.9809,E,1,9,0.83,-12.9,M,-6.8,M,,*4D
$PAIRACC,4.76,8.57*44
$GNGLL,3859.9977,N,11613.9809,E,030302.000,A,A*4E
$GNGSA,A,3,16,31,20,12,,,,,,,,,1.35,0.83,1.06,1*0E
$GNGSA,A,3,74,,,,,,,,,,,,1.35,0.83,1.06,2*0A
$GNGSA,A,3,,,,,,,,,,,,,1.35,0.83,1.06,3*08
$GNGSA,A,3,08,03,04,14,,,,,,,,,1.35,0.83,1.06,4*05
$GPGSV,3,1,10,16,06,179,38.6,01,39,312,,31,81,229,38.8,30,35,070,,1*6C
$GPGSV,3,2,10,22,31,140,,11,21,278,,05,20,047,,20,15,316,38.7,1*79
$GPGSV,3,3,10,12,12,040,38.7,14,53,060,,1*76
$GLGSV,1,1,04,72,20,329,,65,57,239,,82,24,079,,74,20,269,39.0,1*60
$GAGSV,1,1,00,7*73
$GBGSV,3,1,11,07,02,166,,08,72,352,39.0,09,57,275,,03,43,190,39.1,1*7F
$GBGSV,3,2,11,01,38,147,,02,30,229,,04,27,124,38.4,12,25,250,,1*63
$GBGSV,3,3,11,05,15,248,,14,08,241,38.5,06,74,337,,1*51
$GNRMC,030302.000,A,3859.9977,N,11613.9809,E,0.01,39.25,280612,,,A,V*30
$GNVTG,39.25,T,,M,0.01,N,0.01,K,A*1E
$GNZDA,030302.000,28,06,2012,,*47
$GNGGA,030303.000,3859.9977,N,11613.9809,E,1,9,0.83,-12.9,M,-6.8,M,,*4C
$PAIRACC,4.70,8.48*4C
$GNGLL,3859.9977,N,11613.9809,E,030303.000,A,A*4F
$GNGSA,A,3,16,31,20,12,,,,,,,,,1.35,0.83,1.06,1*0E
$GNGSA,A,3,74,,,,,,,,,,,,1.35,0.83,1.06,2*0A
$GNGSA,A,3,,,,,,,,,,,,,1.35,0.83,1.06,3*08
$GNGSA,A,3,08,03,04,14,,,,,,,,,1.35,0.83,1.06,4*05
$GPGSV,3,1,10,16,06,179,39.1,01,39,312,,31,81,229,39.0,30,35,070,,1*63
$GPGSV,3,2,10,22,31,140,,11,21,278,,05,20,047,,20,15,316,38.7,1*79
$GPGSV,3,3,10,12,12,040,39.1,14,53,060,,1*71
$GLGSV,1,1,04,72,20,329,,65,57,239,,82,24,079,,74,20,269,39.3,1*63
$GAGSV,1,1,00,7*73
$GBGSV,3,1,11,07,02,166,,08,72,352,39.0,09,57,275,,03,43,190,38.9,1*76
$GBGSV,3,2,11,01,38,147,,02,30,229,,04,27,124,38.0,12,25,250,,1*67
$GBGSV,3,3,11,05,15,248,,14,08,241,38.6,06,74,337,,1*52
$GNRMC,030303.000,A,3859.9977,N,11613.9809,E,0.01,43.57,280612,,,A,V*39
$GNVTG,43.57,T,,M,0.01,N,0.01,K,A*16
$GNZDA,030303.000,28,06,2012,,*46
$GNGGA,030304.000,3859.9977,N,11613.9809,E,1,9,0.83,-12.9,M,-6.8,M,,*4B
$PAIRACC,4.76,8.56*45
$GNGLL,3859.9977,N,11613.9809,E,030304.000,A,A*48
$GNGSA,A,3,16,31,20,12,,,,,,,,,1.35,0.83,1.06,1*0E
$GNGSA,A,3,74,,,,,,,,,,,,1.35,0.83,1.06,2*0A
$GNGSA,A,3,,,,,,,,,,,,,1.35,0.83,1.06,3*08
$GNGSA,A,3,08,03,04,14,,,,,,,,,1.35,0.83,1.06,4*05
$GPGSV,3,1,10,16,06,179,39.0,01,39,312,,31,81,229,38.7,30,35,070,,1*64
$GPGSV,3,2,10,22,31,140,,11,21,278,,05,20,047,,20,15,316,38.6,1*78
$GPGSV,3,3,10,12,12,040,38.9,14,53,060,,1*78
$GLGSV,1,1,04,72,20,329,,65,57,239,,82,24,079,,74,20,269,39.5,1*65
$GAGSV,1,1,00,7*73
$GBGSV,3,1,11,07,02,166,,08,72,352,39.2,09,57,275,,03,43,190,38.8,1*75
$GBGSV,3,2,11,01,38,147,,02,30,229,,04,27,124,37.9,12,25,250,,1*61
$GBGSV,3,3,11,05,15,248,,14,08,241,38.4,06,74,337,,1*50
$GNRMC,030304.000,A,3859.9977,N,11613.9809,E,0.01,37.92,280612,,,A,V*34
$GNVTG,37.92,T,,M,0.01,N,0.01,K,A*1C
$GNZDA,030304.000,28,06,2012,,*41
$GNGGA,030305.000,3859.9977,N,11613.9809,E,1,9,0.83,-12.9,M,-6.8,M,,*4A
$PAIRACC,4.69,8.45*49
$GNGLL,3859.9977,N,11613.9809,E,030305.000,A,A*49
$GNGSA,A,3,16,31,20,12,,,,,,,,,1.35,0.83,1.06,1*0E
$GNGSA,A,3,74,,,,,,,,,,,,1.35,0.83,1.06,2*0A
$GNGSA,A,3,,,,,,,,,,,,,1.35,0.83,1.06,3*08
$GNGSA,A,3,08,03,04,14,,,,,,,,,1.35,0.83,1.06,4*05
$GPGSV,3,1,10,16,06,179,38.8,01,39,312,,31,81,229,39.1,30,35,070,,1*6A
$GPGSV,3,2,10,22,31,140,,11,21,278,,05,20,047,,20,15,316,38.8,1*76
$GPGSV,3,3,10,12,12,040,39.2,14,53,060,,1*72
$GLGSV,1,1,04,72,20,329,,65,57,239,,82,24,079,,74,20,269,39.2,1*62
$GAGSV,1,1,00,7*73
$GBGSV,3,1,11,07,02,166,,08,72,352,39.2,09,57,275,,03,43,190,39.2,1*7E
$GBGSV,3,2,11,01,38,147,,02,30,229,,04,27,124,38.5,12,25,250,,1*62
$GBGSV,3,3,11,05,15,248,,14,08,241,38.6,06,74,337,,1*52
$GNRMC,030305.000,A,3859.9977,N,11613.9809,E,0.01,45.96,280612,,,A,V*34
$GNVTG,45.96,T,,M,0.01,N,0.01,K,A*1D
$GNZDA,030305.000,28,06,2012,,*40
$GNGGA,030306.000,3859.9977,N,11613.9809,E,1,9,0.83,-12.9,M,-6.8,M,,*49
$PAIRACC,4.79,8.93*43
$GNGLL,3859.9977,N,11613.9809,E,030306.000,A,A*4A
$GNGSA,A,3,16,31,20,12,,,,,,,,,1.35,0.83,1.06,1*0E
$GNGSA,A,3,74,,,,,,,,,,,,1.35,0.83,1.06,2*0A
$GNGSA,A,3,,,,,,,,,,,,,1.35,0.83,1.06,3*08
$GNGSA,A,3,08,03,04,14,,,,,,,,,1.35,0.83,1.06,4*05
$GPGSV,3,1,10,16,06,179,38.7,01,39,312,,31,81,229,39.1,30,35,070,,1*65
$GPGSV,3,2,10,22,31,140,,11,21,278,,05,20,047,,20,15,316,38.7,1*79
$GPGSV,3,3,10,12,12,040,39.2,14,53,060,,1*72
$GLGSV,1,1,04,72,20,329,,65,57,239,,82,24,079,,74,20,269,39.4,1*64
$GAGSV,1,1,00,7*73
$GBGSV,3,1,11,07,02,166,,08,72,352,38.8,09,57,275,,03,43,190,39.2,1*75
$GBGSV,3,2,11,01,38,147,,02,30,229,,04,27,124,38.4,12,25,250,,1*63
$GBGSV,3,3,11,05,15,248,,14,08,241,38.1,06,74,337,,1*55
$GNRMC,030306.000,A,3859.9977,N,11613.9809,E,0.01,64.91,280612,,,A,V*33
$GNVTG,64.91,T,,M,0.01,N,0.01,K,A*19
$GNZDA,030306.000,28,06,2012,,*43
$GNGGA,030307.000,3859.9977,N,11613.9809,E,1,9,0.83,-12.9,M,-6.8,M,,*48
$PAIRACC,4.70,8.48*4C
$GNGLL,3859.9977,N,11613.9809,E,030307.000,A,A*4B
$GNGSA,A,3,16,31,20,12,,,,,,,,,1.35,0.83,1.06,1*0E
$GNGSA,A,3,74,,,,,,,,,,,,1.35,0.83,1.06,2*0A
$GNGSA,A,3,,,,,,,,,,,,,1.35,0.83,1.06,3*08
$GNGSA,A,3,08,03,04,14,,,,,,,,,1.35,0.83,1.06,4*05
$GPGSV,3,1,10,16,06,179,38.5,01,39,312,,31,81,229,39.0,30,35,070,,1*66
$GPGSV,3,2,10,22,31,140,,11,21,278,,05,20,047,,20,15,316,38.5,1*7B
$GPGSV,3,3,10,12,12,040,38.9,14,53,060,,1*78
$GLGSV,1,1,04,72,20,329,,65,57,239,,82,24,079,,74,20,269,39.4,1*64
$GAGSV,1,1,00,7*73
$GBGSV,3,1,11,07,02,166,,08,72,352,38.8,09,57,275,,03,43,190,38.8,1*7E
$GBGSV,3,2,11,01,38,147,,02,30,229,,04,27,124,38.0,12,25,250,,1*67
$GBGSV,3,3,11,05,15,248,,14,08,241,39.4,06,74,337,,1*51
$GNRMC,030307.000,A,3859.9977,N,11613.9809,E,0.01,65.44,280612,,,A,V*3B
$GNVTG,65.44,T,,M,0.01,N,0.01,K,A*10
$GNZDA,030307.000,28,06,2012,,*42
$GNGGA,030308.000,3859.9977,N,11613.9809,E,1,9,0.83,-12.9,M,-6.8,M,,*47
$PAIRACC,4.81,8.98*4F
$GNGLL,3859.9977,N,11613.9809,E,030308.000,A,A*44
$GNGSA,A,3,16,31,20,12,,,,,,,,,1.35,0.83,1.06,1*0E
$GNGSA,A,3,74,,,,,,,,,,,,1.35,0.83,1.06,2*0A
$GNGSA,A,3,,,,,,,,,,,,,1.35,0.83,1.06,3*08
$GNGSA,A,3,08,03,04,14,,,,,,,,,1.35,0.83,1.06,4*05
$GPGSV,3,1,10,16,06,179,38.8,01,39,312,,31,81,229,38.8,30,35,070,,1*62
$GPGSV,3,2,10,22,31,140,,11,21,278,,05,20,047,,20,15,316,38.5,1*7B
$GPGSV,3,3,10,12,12,040,38.8,14,53,060,,1*79
$GLGSV,1,1,04,72,20,329,,65,57,239,,82,24,079,,74,20,269,39.6,1*66
$GAGSV,1,1,00,7*73
$GBGSV,3,1,11,07,02,166,,08,72,352,38.9,09,57,275,,03,43,190,38.9,1*7E
$GBGSV,3,2,11,01,38,147,,02,30,229,,04,27,124,38.8,12,25,250,,1*6F
$GBGSV,3,3,11,05,15,248,,14,08,241,39.1,06,74,337,,1*54
$GNRMC,030308.000,A,3859.9977,N,11613.9809,E,0.01,44.77,280612,,,A,V*37
$GNVTG,44.77,T,,M,0.01,N,0.01,K,A*13
$GNZDA,030308.000,28,06,2012,,*4D
$GNGGA,030309.000,3859.9977,N,11613.9809,E,1,9,0.83,-12.9,M,-6.8,M,,*46
$PAIRACC,4.70,8.47*43
$GNGLL,3859.9977,N,11613.9809,E,030309.000,A,A*45
$GNGSA,A,3,16,31,20,12,,,,,,,,,1.35,0.83,1.06,1*0E
$GNGSA,A,3,74,,,,,,,,,,,,1.35,0.83,1.06,2*0A
$GNGSA,A,3,,,,,,,,,,,,,1.35,0.83,1.06,3*08
$GNGSA,A,3,08,03,04,14,,,,,,,,,1.35,0.83,1.06,4*05
$GPGSV,3,1,10,16,06,179,38.8,01,39,312,,31,81,229,38.8,30,35,070,,1*62
$GPGSV,3,2,10,22,31,140,,11,21,278,,05,20,047,,20,15,316,38.6,1*78
$GPGSV,3,3,10,12,12,040,39.2,14,53,060,,1*72
$GLGSV,1,1,04,72,20,329,,65,57,239,,82,24,079,,74,20,269,39.1,1*61
$GAGSV,1,1,00,7*73
$GBGSV,3,1,11,07,02,166,,08,72,352,39.0,09,57,275,,03,43,190,38.8,1*77
$GBGSV,3,2,11,01,38,147,,02,30,229,,04,27,124,37.8,12,25,250,,1*60
$GBGSV,3,3,11,05,15,248,,14,08,241,38.7,06,74,337,,1*53
$GNRMC,030309.000,A,3859.9977,N,11613.9809,E,0.01,42.86,280612,,,A,V*3E
$GNVTG,42.86,T,,M,0.01,N,0.01,K,A*1B
$GNZDA,030309.000,28,06,2012,,*4C
$GNGGA,030310.000,3859.9977,N,11613.9809,E,1,9,0.83,-12.9,M,-6.8,M,,*4E
$PAIRACC,4.76,8.75*44
$GNGLL,3859.9977,N,11613.9809,E,030310.000,A,A*4D
$GNGSA,A,3,16,31,20,12,,,,,,,,,1.35,0.83,1.06,1*0E
$GNGSA,A,3,74,,,,,,,,,,,,1.35,0.83,1.06,2*0A
$GNGSA,A,3,,,,,,,,,,,,,1.35,0.83,1.06,3*08
$GNGSA,A,3,08,03,04,14,,,,,,,,,1.35,0.83,1.06,4*05
$GPGSV,3,1,10,16,06,179,38.6,01,39,312,,31,81,229,39.1,30,35,070,,1*64
$GPGSV,3,2,10,22,31,140,,11,21,278,,05,20,047,,20,15,316,38.4,1*7A
$GPGSV,3,3,10,12,12,040,38.9,14,53,060,,1*78
$GLGSV,1,1,04,72,20,329,,65,57,239,,82,24,079,,74,20,269,39.5,1*65
$GAGSV,1,1,00,7*73
$GBGSV,3,1,11,07,02,166,,08,72,352,39.2,09,57,275,,03,43,190,39.3,1*7F
$GBGSV,3,2,11,01,38,147,,02,30,229,,04,27,124,37.8,12,25,250,,1*60
$GBGSV,3,3,11,05,15,248,,14,08,241,38.5,06,74,337,,1*51
$GNRMC,030310.000,A,3859.9977,N,11613.9809,E,0.01,33.16,280612,,,A,V*39
$GNVTG,33.16,T,,M,0.01,N,0.01,K,A*14
$GNZDA,030310.000,28,06,2012,,*44
$GNGGA,030311.000,3859.9977,N,11613.9809,E,1,9,0.83,-12.9,M,-6.8,M,,*4F
$PAIRACC,4.73,8.62*47
$GNGLL,3859.9977,N,11613.9809,E,030311.000,A,A*4C
$GNGSA,A,3,16,31,20,12,,,,,,,,,1.35,0.83,1.06,1*0E
$GNGSA,A,3,74,,,,,,,,,,,,1.35,0.83,1.06,2*0A
$GNGSA,A,3,,,,,,,,,,,,,1.35,0.83,1.06,3*08
$GNGSA,A,3,08,03,04,14,,,,,,,,,1.35,0.83,1.06,4*05
$GPGSV,3,1,10,16,06,179,38.9,01,39,312,,31,81,229,38.7,30,35,070,,1*6C
$GPGSV,3,2,10,22,31,140,,11,21,278,,05,20,047,,20,15,316,38.6,1*78
$GPGSV,3,3,10,12,12,040,39.0,14,53,060,,1*70
$GLGSV,1,1,04,72,20,329,,65,57,239,,82,24,079,,74,20,269,38.8,1*69
$GAGSV,1,1,00,7*73
$GBGSV,3,1,11,07,02,166,,08,72,352,39.4,09,57,275,,03,43,190,38.9,1*72
$GBGSV,3,2,11,01,38,147,,02,30,229,,04,27,124,38.6,12,25,250,,1*61
$GBGSV,3,3,11,05,15,248,,14,08,241,38.3,06,74,337,,1*57
$GNRMC,030311.000,A,3859.9977,N,11613.9809,E,0.01,63.44,280612,,,A,V*3A
$GNVTG,63.44,T,,M,0.01,N,0.01,K,A*16
$GNZDA,030311.000,28,06,2012,,*45
$GNGGA,030312.000,3859.9977,N,11613.9809,E,1,9,0.83,-12.9,M,-6.8,M,,*4C
$PAIRACC,4.76,8.54*47
$GNGLL,3859.9977,N,11613.9809,E,030312.000,A,A*4F
$GNGSA,A,3,16,31,20,12,,,,,,,,,1.35,0.83,1.06,1*0E
$GNGSA,A,3,74,,,,,,,,,,,,1.35,0.83,1.06,2*0A
$GNGSA,A,3,,,,,,,,,,,,,1.35,0.83,1.06,3*08
$GNGSA,A,3,08,03,04,14,,,,,,,,,1.35,0.83,1.06,4*05
$GPGSV,3,1,10,16,06,179,38.9,01,39,312,,31,81,229,39.3,30,35,070,,1*69
$GPGSV,3,2,10,22,31,140,,11,21,278,,05,20,047,,20,15,316,39.0,1*7F
$GPGSV,3,3,10,12,12,040,39.1,14,53,060,,1*71
$GLGSV,1,1,04,72,20,329,,65,57,239,,82,24,079,,74,20,269,39.0,1*60
$GAGSV,1,1,00,7*73
$GBGSV,3,1,11,07,02,166,,08,72,352,39.4,09,57,275,,03,43,190,38.9,1*72
$GBGSV,3,2,11,01,38,147,,02,30,229,,04,27,124,38.0,12,25,250,,1*67
$GBGSV,3,3,11,05,15,248,,14,08,241,38.7,06,74,337,,1*53
$GNRMC,030312.000,A,3859.9977,N,11613.9809,E,0.01,80.09,280612,,,A,V*3D
$GNVTG,80.09,T,,M,0.01,N,0.01,K,A*12
$GNZDA,030312.000,28,06,2012,,*46
$GNGGA,030313.000,3859.9977,N,11613.9809,E,1,9,0.83,-12.9,M,-6.8,M,,*4D
$PAIRACC,4.77,8.84*4B
$GNGLL,3859.9977,N,11613.9809,E,030313.000,A,A*4E
$GNGSA,A,3,16,31,20,12,,,,,,,,,1.36,0.83,1.07,1*0C
$GNGSA,A,3,74,,,,,,,,,,,,1.36,0.83,1.07,2*08
$GNGSA,A,3,,,,,,,,,,,,,1.36,0.83,1.07,3*0A
$GNGSA,A,3,08,03,04,14,,,,,,,,,1.36,0.83,1.07,4*07
$GPGSV,3,1,10,16,06,179,38.7,01,39,312,,31,81,229,38.9,30,35,070,,1*6C
$GPGSV,3,2,10,22,31,140,,11,21,278,,05,20,047,,20,15,316,38.3,1*7D
$GPGSV,3,3,10,12,12,040,39.0,14,53,060,,1*70
$GLGSV,1,1,04,72,20,329,,65,57,239,,82,24,079,,74,20,269,39.3,1*63
$GAGSV,1,1,00,7*73
$GBGSV,3,1,11,07,02,166,,08,72,352,39.5,09,57,275,,03,43,190,38.8,1*72
$GBGSV,3,2,11,01,38,147,,02,30,229,,04,27,124,37.8,12,25,250,,1*60
$GBGSV,3,3,11,05,15,248,,14,08,241,38.9,06,74,337,,1*5D
$GNRMC,030313.000,A,3859.9977,N,11613.9809,E,0.01,59.48,280612,,,A,V*3D
$GNVTG,59.48,T,,M,0.01,N,0.01,K,A*13
$GNZDA,030313.000,28,06,2012,,*47
$GNGGA,030314.000,3859.9977,N,11613.9809,E,1,9,0.83,-12.9,M,-6.8,M,,*4A
$PAIRACC,4.78,8.57*4A
$GNGLL,3859.9977,N,11613.9809,E,030314.000,A,A*49
$GNGSA,A,3,16,31,20,12,,,,,,,,,1.35,0.83,1.06,1*0E
$GNGSA,A,3,74,,,,,,,,,,,,1.35,0.83,1.06,2*0A
$GNGSA,A,3,,,,,,,,,,,,,1.35,0.83,1.06,3*08
$GNGSA,A,3,08,03,04,14,,,,,,,,,1.35,0.83,1.06,4*05
$GPGSV,3,1,10,16,06,179,38.5,01,39,312,,31,81,229,38.6,30,35,070,,1*61
$GPGSV,3,2,10,22,31,140,,11,21,278,,05,20,047,,20,15,316,38.5,1*7B
$GPGSV,3,3,10,12,12,040,38.7,14,53,060,,1*76
$GLGSV,1,1,04,72,20,329,,65,57,239,,82,24,079,,74,20,269,39.3,1*63
$GAGSV,1,1,00,7*73
$GBGSV,3,1,11,07,02,166,,08,72,352,39.3,09,57,275,,03,43,190,38.6,1*7A
$GBGSV,3,2,11,01,38,147,,02,30,229,,04,27,124,38.9,12,25,250,,1*6E
$GBGSV,3,3,11,05,15,248,,14,08,241,38.6,06,74,337,,1*52
$GNRMC,030314.000,A,3859.9977,N,11613.9809,E,0.01,69.39,280612,,,A,V*3F
$GNVTG,69.39,T,,M,0.01,N,0.01,K,A*16
$GNZDA,030314.000,28,06,2012,,*40
$GNGGA,030315.000,3859.9977,N,11613.9809,E,1,9,0.83,-12.9,M,-6.8,M,,*4B
$PAIRACC,4.70,8.62*44
$GNGLL,3859.9977,N,11613.9809,E,030315.000,A,A*48
$GNGSA,A,3,16,31,20,12,,,,,,,,,1.36,0.83,1.07,1*0C
$GNGSA,A,3,74,,,,,,,,,,,,1.36,0.83,1.07,2*08
$GNGSA,A,3,,,,,,,,,,,,,1.36,0.83,1.07,3*0A
$GNGSA,A,3,08,03,04,14,,,,,,,,,1.36,0.83,1.07,4*07
$GPGSV,3,1,10,16,06,179,38.8,01,39,312,,31,81,229,38.9,30,35,070,,1*63
$GPGSV,3,2,10,22,31,140,,11,21,278,,05,20,047,,20,15,316,38.2,1*7C
$GPGSV,3,3,10,12,12,040,38.9,14,53,060,,1*78
$GLGSV,1,1,04,72,20,329,,65,57,239,,82,24,079,,74,20,269,39.3,1*63
$GAGSV,1,1,00,7*73
$GBGSV,3,1,11,07,02,166,,08,72,352,39.0,09,57,275,,03,43,190,38.8,1*77
$GBGSV,3,2,11,01,38,147,,02,30,229,,04,27,124,38.0,12,25,250,,1*67
$GBGSV,3,3,11,05,15,248,,14,08,241,38.9,06,74,337,,1*5D
$GNRMC,030315.000,A,3859.9977,N,11613.9809,E,0.01,57.90,280612,,,A,V*30
$GNVTG,57.90,T,,M,0.01,N,0.01,K,A*18
$GNZDA,030315.000,28,06,2012,,*41
$GNGGA,030316.000,3859.9977,N,11613.9809,E,1,9,0.83,-12.9,M,-6.8,M,,*48
$PAIRACC,4.75,8.59*49
$GNGLL,3859.9977,N,11613.9809,E,030316.000,A,A*4B
$GNGSA,A,3,16,31,20,12,,,,,,,,,1.35,0.83,1.06,1*0E
$GNGSA,A,3,74,,,,,,,,,,,,1.35,0.83,1.06,2*0A
$GNGSA,A,3,,,,,,,,,,,,,1.35,0.83,1.06,3*08
$GNGSA,A,3,08,03,04,14,,,,,,,,,1.35,0.83,1.06,4*05
$GPGSV,3,1,10,16,06,179,38.6,01,39,312,,31,81,229,38.6,30,35,070,,1*62
$GPGSV,3,2,10,22,31,140,,11,21,278,,05,20,047,,20,15,316,38.6,1*78
$GPGSV,3,3,10,12,12,040,39.1,14,53,060,,1*71
$GLGSV,1,1,04,72,20,329,,65,57,239,,82,24,079,,74,20,269,39.3,1*63
$GAGSV,1,1,00,7*73
$GBGSV,3,1,11,07,02,166,,08,72,352,38.8,09,57,275,,03,43,190,39.1,1*76
$GBGSV,3,2,11,01,38,147,,02,30,229,,04,27,124,38.3,12,25,250,,1*64
$GBGSV,3,3,11,05,15,248,,14,08,241,38.8,06,74,337,,1*5C
$GNRMC,030316.000,A,3859.9977,N,11613.9809,E,0.01,48.67,280612,,,A,V*35
$GNVTG,48.67,T,,M,0.01,N,0.01,K,A*1E
$GNZDA,030316.000,28,06,2012,,*42
$GNGGA,030317.000,3859.9977,N,11613.9809,E,1,9,0.83,-12.9,M,-6.8,M,,*49
$PAIRACC,4.69,8.47*4B
$GNGLL,3859.9977,N,11613.9809,E,030317.000,A,A*4A
$GNGSA,A,3,16,31,20,12,,,,,,,,,1.35,0.83,1.06,1*0E
$GNGSA,A,3,74,,,,,,,,,,,,1.35,0.83,1.06,2*0A
$GNGSA,A,3,,,,,,,,,,,,,1.35,0.83,1.06,3*08
$GNGSA,A,3,08,03,04,14,,,,,,,,,1.35,0.83,1.06,4*05
$GPGSV,3,1,10,16,06,179,39.0,01,39,312,,31,81,229,38.8,30,35,070,,1*6B
$GPGSV,3,2,10,22,31,140,,11,21,278,,05,20,047,,20,15,316,38.4,1*7A
$GPGSV,3,3,10,12,12,040,39.2,14,53,060,,1*72
$GLGSV,1,1,04,72,20,329,,65,57,239,,82,24,079,,74,20,269,39.4,1*64
$GAGSV,1,1,00,7*73
$GBGSV,3,1,11,07,02,166,,08,72,352,38.9,09,57,275,,03,43,190,39.0,1*76
$GBGSV,3,2,11,01,38,147,,02,30,229,,04,27,124,38.8,12,25,250,,1*6F
$GBGSV,3,3,11,05,15,248,,14,08,241,39.1,06,74,337,,1*54
$GNRMC,030317.000,A,3859.9977,N,11613.9809,E,0.01,43.90,280612,,,A,V*37
$GNVTG,43.90,T,,M,0.01,N,0.01,K,A*1D
$GNZDA,030317.000,28,06,2012,,*43
$GNGGA,030318.000,3859.9977,N,11613.9809,E,1,9,0.83,-12.9,M,-6.8,M,,*46
$PAIRACC,4.74,8.55*44
$GNGLL,3859.9977,N,11613.9809,E,030318.000,A,A*45
$GNGSA,A,3,16,31,20,12,,,,,,,,,1.36,0.83,1.07,1*0C
$GNGSA,A,3,74,,,,,,,,,,,,1.36,0.83,1.07,2*08
$GNGSA,A,3,,,,,,,,,,,,,1.36,0.83,1.07,3*0A
$GNGSA,A,3,08,03,04,14,,,,,,,,,1.36,0.83,1.07,4*07
$GPGSV,3,1,10,16,06,179,38.4,01,39,312,,31,81,229,39.1,30,35,070,,1*66
$GPGSV,3,2,10,22,31,140,,11,21,278,,05,20,047,,20,15,316,38.7,1*79
$GPGSV,3,3,10,12,12,040,38.7,14,53,060,,1*76
$GLGSV,1,1,04,72,20,329,,65,57,239,,82,24,079,,74,20,269,39.2,1*62
$GAGSV,1,1,00,7*73
$GBGSV,3,1,11,07,02,166,,08,72,352,39.6,09,57,275,,03,43,190,39.1,1*79
$GBGSV,3,2,11,01,38,147,,02,30,229,,04,27,124,38.3,12,25,250,,1*64
$GBGSV,3,3,11,05,15,248,,14,08,241,39.0,06,74,337,,1*55
$GNRMC,030318.000,A,3859.9977,N,11613.9809,E,0.01,37.08,280612,,,A,V*3A
$GNVTG,37.08,T,,M,0.01,N,0.01,K,A*1F
$GNZDA,030318.000,28,06,2012,,*4C
$GNGGA,030319.000,3859.9977,N,11613.9809,E,1,9,0.83,-12.9,M,-6.8,M,,*47
$PAIRACC,4.69,8.43*4F
$GNGLL,3859.9977,N,11613.9809,E,030319.000,A,A*44
$GNGSA,A,3,16,31,20,12,,,,,,,,,1.35,0.83,1.06,1*0E
$GNGSA,A,3,74,,,,,,,,,,,,1.35,0.83,1.06,2*0A
$GNGSA,A,3,,,,,,,,,,,,,1.35,0.83,1.06,3*08
$GNGSA,A,3,08,03,04,14,,,,,,,,,1.35,0.83,1.06,4*05
$GPGSV,3,1,10,16,06,179,38.9,01,39,312,,31,81,229,39.3,30,35,070,,1*69
$GPGSV,3,2,10,22,31,140,,11,21,278,,05,20,047,,20,15,316,38.0,1*7E
$GPGSV,3,3,10,12,12,040,39.1,14,53,060,,1*71
$GLGSV,1,1,04,72,20,329,,65,57,239,,82,24,079,,74,20,269,39.2,1*62
$GAGSV,1,1,00,7*73
$GBGSV,3,1,11,07,02,166,,08,72,352,39.2,09,57,275,,03,43,190,39.0,1*7C
$GBGSV,3,2,11,01,38,147,,02,30,229,,04,27,124,37.8,12,25,250,,1*60
$GBGSV,3,3,11,05,15,248,,14,08,241,38.8,06,74,337,,1*5C
$GNRMC,030319.000,A,3859.9977,N,11613.9809,E,0.01,58.42,280612,,,A,V*3C
$GNVTG,58.42,T,,M,0.01,N,0.01,K,A*18
$GNZDA,030319.000,28,06,2012,,*4D
$GNGGA,030320.000,3859.9977,N,11613.9809,E,1,9,0.83,-12.9,M,-6.8,M,,*4D
$PAIRACC,4.76,8.74*45
$GNGLL,3859.9977,N,11613.9809,E,030320.000,A,A*4E
$GNGSA,A,3,16,31,20,12,,,,,,,,,1.35,0.83,1.06,1*0E
$GNGSA,A,3,74,,,,,,,,,,,,1.35,0.83,1.06,2*0A
$GNGSA,A,3,,,,,,,,,,,,,1.35,0.83,1.06,3*08
$GNGSA,A,3,08,03,04,14,,,,,,,,,1.35,0.83,1.06,4*05
$GPGSV,3,1,10,16,06,179,38.3,01,39,312,,31,81,229,39.0,30,35,070,,1*60
$GPGSV,3,2,10,22,31,140,,11,21,278,,05,20,047,,20,15,316,38.7,1*79
$GPGSV,3,3,10,12,12,040,39.0,14,53,060,,1*70
$GLGSV,1,1,04,72,20,329,,65,57,239,,82,24,079,,74,20,269,39.4,1*64
$GAGSV,1,1,00,7*73
$GBGSV,3,1,11,07,02,166,,08,72,352,39.4,09,57,275,,03,43,190,38.6,1*7D
$GBGSV,3,2,11,01,38,147,,02,30,229,,04,27,124,38.7,12,25,250,,1*60
$GBGSV,3,3,11,05,15,248,,14,08,241,38.9,06,74,337,,1*5D
$GNRMC,030320.000,A,3859.9977,N,11613.9809,E,0.01,38.54,280612,,,A,V*37
$GNVTG,38.54,T,,M,0.01,N,0.01,K,A*19
$GNZDA,030320.000,28,06,2012,,*47
$GNGGA,030321.000,3859.9977,N,11613.9809,E,1,9,0.83,-12.9,M,-6.8,M,,*4C
$PAIRACC,4.68,8.44*49
$GNGLL,3859.9977,N,11613.9809,E,030321.000,A,A*4F
$GNGSA,A,3,16,31,20,12,,,,,,,,,1.35,0.83,1.06,1*0E
$GNGSA,A,3,74,,,,,,,,,,,,1.35,0.83,1.06,2*0A
$GNGSA,A,3,,,,,,,,,,,,,1.35,0.83,1.06,3*08
$GNGSA,A,3,08,03,04,14,,,,,,,,,1.35,0.83,1.06,4*05
$GPGSV,3,1,10,16,06,179,38.8,01,39,312,,31,81,229,39.1,30,35,070,,1*6A
$GPGSV,3,2,10,22,31,140,,11,21,278,,05,20,047,,20,15,316,38.6,1*78
$GPGSV,3,3,10,12,12,040,39.2,14,53,060,,1*72
$GLGSV,1,1,04,72,20,329,,65,57,239,,82,24,079,,74,20,269,39.6,1*66
$GAGSV,1,1,00,7*73
$GBGSV,3,1,11,07,02,166,,08,72,352,39.2,09,57,275,,03,43,190,39.2,1*7E
$GBGSV,3,2,11,01,38,147,,02,30,229,,04,27,124,38.0,12,25,250,,1*67
$GBGSV,3,3,11,05,15,248,,14,08,241,38.7,06,74,337,,1*53
$GNRMC,030321.000,A,3859.9977,N,11613.9809,E,0.01,48.29,280612,,,A,V*3B
$GNVTG,48.29,T,,M,0.01,N,0.01,K,A*14
$GNZDA,030321.000,28,06,2012,,*46
$GNGGA,030322.000,3859.9977,N,11613.9809,E,1,9,0.83,-12.9,M,-6.8,M,,*4F
$PAIRACC,4.74,8.54*45
$GNGLL,3859.9977,N,11613.9809,E,030322.000,A,A*4C
$GNGSA,A,3,16,31,20,12,,,,,,,,,1.36,0.83,1.07,1*0C
$GNGSA,A,3,74,,,,,,,,,,,,1.36,0.83,1.07,2*08
$GNGSA,A,3,,,,,,,,,,,,,1.36,0.83,1.07,3*0A
$GNGSA,A,3,08,03,04,14,,,,,,,,,1.36,0.83,1.07,4*07
$GPGSV,3,1,10,16,06,179,38.4,01,39,312,,31,81,229,39.0,30,35,070,,1*67
$GPGSV,3,2,10,22,31,140,,11,21,278,,05,20,047,,20,15,316,38.8,1*76
$GPGSV,3,3,10,12,12,040,39.2,14,53,060,,1*72
$GLGSV,1,1,04,72,20,329,,65,57,239,,82,24,079,,74,20,269,39.3,1*63
$GAGSV,1,1,00,7*73
$GBGSV,3,1,11,07,02,166,,08,72,352,39.5,09,57,275,,03,43,190,38.8,1*72
$GBGSV,3,2,11,01,38,147,,02,30,229,,04,27,124,37.8,12,25,250,,1*60
$GBGSV,3,3,11,05,15,248,,14,08,241,38.5,06,74,337,,1*51
$GNRMC,030322.000,A,3859.9977,N,11613.9809,E,0.01,35.12,280612,,,A,V*3A
$GNVTG,35.12,T,,M,0.01,N,0.01,K,A*16
$GNZDA,030322.000,28,06,2012,,*45
$GNGGA,030323.000,3859.9977,N,11613.9809,E,1,9,0.83,-12.9,M,-6.8,M,,*4E
$PAIRACC,4.69,8.45*49
$GNGLL,3859.9977,N,11613.9809,E,030323.000,A,A*4D
$GNGSA,A,3,16,31,20,12,,,,,,,,,1.36,0.83,1.07,1*0C
$GNGSA,A,3,74,,,,,,,,,,,,1.36,0.83,1.07,2*08
$GNGSA,A,3,,,,,,,,,,,,,1.36,0.83,1.07,3*0A
$GNGSA,A,3,08,03,04,14,,,,,,,,,1.36,0.83,1.07,4*07
$GPGSV,3,1,10,16,06,179,38.3,01,39,312,,31,81,229,38.9,30,35,070,,1*68
$GPGSV,3,2,10,22,31,140,,11,21,278,,05,20,047,,20,15,316,38.8,1*76
$GPGSV,3,3,10,12,12,040,39.1,14,53,060,,1*71
$GLGSV,1,1,04,72,20,329,,65,57,239,,82,24,079,,74,20,269,39.1,1*61
$GAGSV,1,1,00,7*73
$GBGSV,3,1,11,07,02,166,,08,72,352,39.3,09,57,275,,03,43,190,39.2,1*7F
$GBGSV,3,2,11,01,38,147,,02,30,229,,04,27,124,38.8,12,25,250,,1*6F
$GBGSV,3,3,11,05,15,248,,14,08,241,38.7,06,74,337,,1*53
$GNRMC,030323.000,A,3859.9977,N,11613.9809,E,0.01,37.56,280612,,,A,V*39
$GNVTG,37.56,T,,M,0.01,N,0.01,K,A*14
$GNZDA,030323.000,28,06,2012,,*44
$GNGGA,030324.000,3859.9977,N,11613.9809,E,1,9,0.83,-12.9,M,-6.8,M,,*49
$PAIRACC,4.75,8.71*43
$GNGLL,3859.9977,N,11613.9809,E,030324.000,A,A*4A
$GNGSA,A,3,16,31,20,12,,,,,,,,,1.36,0.83,1.07,1*0C
$GNGSA,A,3,74,,,,,,,,,,,,1.36,0.83,1.07,2*08
$GNGSA,A,3,,,,,,,,,,,,,1.36,0.83,1.07,3*0A
$GNGSA,A,3,08,03,04,14,,,,,,,,,1.36,0.83,1.07,4*07
$GPGSV,3,1,10,16,06,179,38.8,01,39,312,,31,81,229,38.9,30,35,070,,1*63
$GPGSV,3,2,10,22,31,140,,11,21,278,,05,20,047,,20,15,316,38.8,1*76
$GPGSV,3,3,10,12,12,040,39.0,14,53,060,,1*70
$GLGSV,1,1,04,72,20,329,,65,57,239,,82,24,079,,74,20,269,39.4,1*64
$GAGSV,1,1,00,7*73
$GBGSV,3,1,11,07,02,166,,08,72,352,38.7,09,57,275,,03,43,190,39.0,1*78
$GBGSV,3,2,11,01,38,147,,02,30,229,,04,27,124,38.2,12,25,250,,1*65
$GBGSV,3,3,11,05,15,248,,14,08,241,38.0,06,74,337,,1*54
$GNRMC,030324.000,A,3859.9977,N,11613.9809,E,0.01,34.66,280612,,,A,V*3E
$GNVTG,34.66,T,,M,0.01,N,0.01,K,A*14
$GNZDA,030324.000,28,06,2012,,*43
$GNGGA,030325.000,3859.9977,N,11613.9809,E,1,9,0.83,-12.9,M,-6.8,M,,*48
$PAIRACC,4.71,8.46*43
$GNGLL,3859.9977,N,11613.9809,E,030325.000,A,A*4B
$GNGSA,A,3,16,31,20,12,,,,,,,,,1.36,0.83,1.07,1*0C
$GNGSA,A,3,74,,,,,,,,,,,,1.36,0.83,1.07,2*08
$GNGSA,A,3,,,,,,,,,,,,,1.36,0.83,1.07,3*0A
$GNGSA,A,3,08,03,04,14,,,,,,,,,1.36,0.83,1.07,4*07
$GPGSV,3,1,10,16,06,179,38.8,01,39,312,,31,81,229,39.0,30,35,070,,1*6B
$GPGSV,3,2,10,22,31,140,,11,21,278,,05,20,047,,20,15,316,38.8,1*76
$GPGSV,3,3,10,12,12,040,39.3,14,53,060,,1*73
$GLGSV,1,1,04,72,20,329,,65,57,239,,82,24,079,,74,20,269,39.0,1*60
$GAGSV,1,1,00,7*73
$GBGSV,3,1,11,07,02,166,,08,72,352,39.1,09,57,275,,03,43,190,38.7,1*79
$GBGSV,3,2,11,01,38,147,,02,30,229,,04,27,124,38.0,12,25,250,,1*67
$GBGSV,3,3,11,05,15,248,,14,08,241,38.9,06,74,337,,1*5D
$GNRMC,030325.000,A,3859.9977,N,11613.9809,E,0.01,28.47,280612,,,A,V*31
$GNVTG,28.47,T,,M,0.01,N,0.01,K,A*1A
$GNZDA,030325.000,28,06,2012,,*42
$GNGGA,030326.000,3859.9978,N,11613.9809,E,1,9,0.83,-12.9,M,-6.8,M,,*44
$PAIRACC,4.74,8.56*47
$GNGLL,3859.9978,N,11613.9809,E,030326.000,A,A*47
$GNGSA,A,3,16,31,20,12,,,,,,,,,1.36,0.83,1.07,1*0C
$GNGSA,A,3,74,,,,,,,,,,,,1.36,0.83,1.07,2*08
$GNGSA,A,3,,,,,,,,,,,,,1.36,0.83,1.07,3*0A
$GNGSA,A,3,08,03,04,14,,,,,,,,,1.36,0.83,1.07,4*07
$GPGSV,3,1,10,16,06,179,38.2,01,39,312,,31,81,229,38.7,30,35,070,,1*67
$GPGSV,3,2,10,22,31,140,,11,21,278,,05,20,047,,20,15,316,39.0,1*7F
$GPGSV,3,3,10,12,12,040,39.0,14,53,060,,1*70
$GLGSV,1,1,04,72,20,329,,65,57,239,,82,24,079,,74,20,269,39.3,1*63
$GAGSV,1,1,00,7*73
$GBGSV,3,1,11,07,02,166,,08,72,352,39.0,09,57,275,,03,43,190,38.8,1*77
$GBGSV,3,2,11,01,38,147,,02,30,229,,04,27,124,38.3,12,25,250,,1*64
$GBGSV,3,3,11,05,15,248,,14,08,241,39.3,06,74,337,,1*56
$GNRMC,030326.000,A,3859.9978,N,11613.9809,E,0.01,25.44,280612,,,A,V*33
$GNVTG,25.44,T,,M,0.01,N,0.01,K,A*14
$GNZDA,030326.000,28,06,2012,,*41
$GNGGA,030327.000,3859.9978,N,11613.9809,E,1,9,0.83,-12.9,M,-6.8,M,,*45
$PAIRACC,4.68,8.47*4A
$GNGLL,3859.9978,N,11613.9809,E,030327.000,A,A*46
$GNGSA,A,3,16,31,20,12,,,,,,,,,1.36,0.83,1.07,1*0C
$GNGSA,A,3,74,,,,,,,,,,,,1.36,0.83,1.07,2*08
$GNGSA,A,3,,,,,,,,,,,,,1.36,0.83,1.07,3*0A
$GNGSA,A,3,08,03,04,14,,,,,,,,,1.36,0.83,1.07,4*07
$GPGSV,3,1,10,16,06,179,38.9,01,39,312,,31,81,229,38.6,30,35,070,,1*6D
$GPGSV,3,2,10,22,31,140,,11,21,278,,05,20,047,,20,15,316,38.9,1*77
$GPGSV,3,3,10,12,12,040,38.8,14,53,060,,1*79
$GLGSV,1,1,04,72,20,329,,65,57,239,,82,24,079,,74,20,269,39.2,1*62
$GAGSV,1,1,00,7*73
$GBGSV,3,1,11,07,02,166,,08,72,352,38.8,09,57,275,,03,43,190,38.9,1*7F
$GBGSV,3,2,11,01,38,147,,02,30,229,,04,27,124,37.5,12,25,250,,1*6D
$GBGSV,3,3,11,05,15,248,,14,08,241,39.2,06,74,337,,1*57
$GNRMC,030327.000,A,3859.9978,N,11613.9809,E,0.01,34.79,280612,,,A,V*3C
$GNVTG,34.79,T,,M,0.01,N,0.01,K,A*1A
$GNZDA,030327.000,28,06,2012,,*40
$GNGGA,030328.000,3859.9978,N,11613.9809,E,1,9,0.83,-12.9,M,-6.8,M,,*4A
$PAIRACC,4.77,8.57*45
$GNGLL,3859.9978,N,11613.9809,E,030328.000,A,A*49
$GNGSA,A,3,16,31,20,12,,,,,,,,,1.36,0.83,1.07,1*0C
$GNGSA,A,3,74,,,,,,,,,,,,1.36,0.83,1.07,2*08
$GNGSA,A,3,,,,,,,,,,,,,1.36,0.83,1.07,3*0A
$GNGSA,A,3,08,03,04,14,,,,,,,,,1.36,0.83,1.07,4*07
$GPGSV,3,1,10,16,06,179,38.8,01,39,312,,31,81,229,39.1,30,35,070,,1*6A
$GPGSV,3,2,10,22,31,140,,11,21,278,,05,20,047,,20,15,316,39.0,1*7F
$GPGSV,3,3,10,12,12,040,38.7,14,53,060,,1*76
$GLGSV,1,1,04,72,20,329,,65,57,239,,82,24,079,,74,20,269,38.9,1*68
$GAGSV,1,1,00,7*73
$GBGSV,3,1,11,07,02,166,,08,72,352,38.9,09,57,275,,03,43,190,38.6,1*71
$GBGSV,3,2,11,01,38,147,,02,30,229,,04,27,124,38.2,12,25,250,,1*65
$GBGSV,3,3,11,05,15,248,,14,08,241,39.2,06,74,337,,1*57
$GNRMC,030328.000,A,3859.9978,N,11613.9809,E,0.01,49.48,280612,,,A,V*3B
$GNVTG,49.48,T,,M,0.01,N,0.01,K,A*12
$GNZDA,030328.000,28,06,2012,,*4F
$GNGGA,030329.000,3859.9978,N,11613.9809,E,1,9,0.83,-12.9,M,-6.8,M,,*4B
$PAIRACC,4.69,8.46*4A
$GNGLL,3859.9978,N,11613.9809,E,030329.000,A,A*48
$GNGSA,A,3,16,31,20,12,,,,,,,,,1.36,0.83,1.07,1*0C
$GNGSA,A,3,74,,,,,,,,,,,,1.36,0.83,1.07,2*08
$GNGSA,A,3,,,,,,,,,,,,,1.36,0.83,1.07,3*0A
$GNGSA,A,3,08,03,04,14,,,,,,,,,1.36,0.83,1.07,4*07
$GPGSV,3,1,10,16,06,179,39.0,01,39,312,,31,81,229,39.1,30,35,070,,1*63
$GPGSV,3,2,10,22,31,140,,11,21,278,,05,20,047,,20,15,316,38.6,1*78
$GPGSV,3,3,10,12,12,040,39.1,14,53,060,,1*71
$GLGSV,1,1,04,72,20,329,,65,57,239,,82,24,079,,74,20,269,39.1,1*61
$GAGSV,1,1,00,7*73
$GBGSV,3,1,11,07,02,166,,08,72,352,39.6,09,57,275,,03,43,190,39.0,1*78
$GBGSV,3,2,11,01,38,147,,02,30,229,,04,27,124,38.6,12,25,250,,1*61
$GBGSV,3,3,11,05,15,248,,14,08,241,38.9,06,74,337,,1*5D
$GNRMC,030329.000,A,3859.9978,N,11613.9809,E,0.01,48.97,280612,,,A,V*39
$GNVTG,48.97,T,,M,0.01,N,0.01,K,A*11
$GNZDA,030329.000,28,06,2012,,*4E
$GNGGA,030330.000,3859.9978,N,11613.9809,E,1,9,0.83,-12.9,M,-6.8,M,,*43
$PAIRACC,4.67,8.43*41
$GNGLL,3859.9978,N,11613.9809,E,030330.000,A,A*40
$GNGSA,A,3,16,31,20,12,,,,,,,,,1.36,0.83,1.07,1*0C
$GNGSA,A,3,74,,,,,,,,,,,,1.36,0.83,1.07,2*08
$GNGSA,A,3,,,,,,,,,,,,,1.36,0.83,1.07,3*0A
$GNGSA,A,3,08,03,04,14,,,,,,,,,1.36,0.83,1.07,4*07
$GPGSV,3,1,10,16,06,179,38.4,01,39,312,,31,81,229,39.0,30,35,070,,1*67
$GPGSV,3,2,10,22,31,140,,11,21,278,,05,20,047,,20,15,316,39.1,1*7E
$GPGSV,3,3,10,12,12,040,39.2,14,53,060,,1*72
$GLGSV,1,1,04,72,20,329,,65,57,239,,82,24,079,,74,20,269,39.3,1*63
$GAGSV,1,1,00,7*73
$GBGSV,3,1,11,07,02,166,,08,72,352,39.4,09,57,275,,03,43,190,38.9,1*72
$GBGSV,3,2,11,01,38,147,,02,30,229,,04,27,124,38.3,12,25,250,,1*64
$GBGSV,3,3,11,05,15,248,,14,08,241,39.1,06,74,337,,1*54
$GNRMC,030330.000,A,3859.9978,N,11613.9809,E,0.01,49.86,280612,,,A,V*30
$GNVTG,49.86,T,,M,0.01,N,0.01,K,A*10
$GNZDA,030330.000,28,06,2012,,*46
$GNGGA,030331.000,3859.9978,N,11613.9809,E,1,9,0.83,-12.9,M,-6.8,M,,*42
$PAIRACC,4.73,8.54*42
$GNGLL,3859.9978,N,11613.9809,E,030331.000,A,A*41
$GNGSA,A,3,16,31,20,12,,,,,,,,,1.36,0.83,1.07,1*0C
$GNGSA,A,3,74,,,,,,,,,,,,1.36,0.83,1.07,2*08
$GNGSA,A,3,,,,,,,,,,,,,1.36,0.83,1.07,3*0A
$GNGSA,A,3,08,03,04,14,,,,,,,,,1.36,0.83,1.07,4*07
$GPGSV,3,1,10,16,06,179,38.4,01,40,312,,31,81,229,38.7,30,35,070,,1*6F
$GPGSV,3,2,10,22,31,140,,11,21,278,,05,20,047,,20,15,316,39.1,1*7E
$GPGSV,3,3,10,12,12,040,39.2,14,53,060,,1*72
$GLGSV,1,1,04,72,20,329,,65,57,239,,82,24,079,,74,20,269,39.3,1*63
$GAGSV,1,1,00,7*73
$GBGSV,3,1,11,07,02,166,,08,72,352,39.2,09,57,275,,03,43,190,39.0,1*7C
$GBGSV,3,2,11,01,38,147,,02,30,229,,04,27,124,37.9,12,25,250,,1*61
$GBGSV,3,3,11,05,15,248,,14,08,241,38.7,06,74,337,,1*53
$GNRMC,030331.000,A,3859.9978,N,11613.9809,E,0.01,43.01,280612,,,A,V*34
$GNVTG,43.01,T,,M,0.01,N,0.01,K,A*15
$GNZDA,030331.000,28,06,2012,,*47
$GNGGA,030332.000,3859.9978,N,11613.9809,E,1,9,0.83,-12.9,M,-6.8,M,,*41
$PAIRACC,4.68,8.45*48
$GNGLL,3859.9978,N,11613.9809,E,030332.000,A,A*42
$GNGSA,A,3,16,31,20,12,,,,,,,,,1.36,0.83,1.07,1*0C
$GNGSA,A,3,74,,,,,,,,,,,,1.36,0.83,1.07,2*08
$GNGSA,A,3,,,,,,,,,,,,,1.36,0.83,1.07,3*0A
$GNGSA,A,3,08,03,04,14,,,,,,,,,1.36,0.83,1.07,4*07
$GPGSV,3,1,10,16,06,179,38.8,01,40,312,,31,81,229,38.6,30,35,070,,1*62
$GPGSV,3,2,10,22,31,140,,11,21,278,,05,20,047,,20,15,316,39.1,1*7E
$GPGSV,3,3,10,12,12,040,39.1,14,53,060,,1*71
$GLGSV,1,1,04,72,20,329,,65,57,239,,82,24,079,,74,20,269,39.3,1*63
$GAGSV,1,1,00,7*73
$GBGSV,3,1,11,07,02,166,,08,72,352,39.2,09,57,275,,03,43,190,38.9,1*74
$GBGSV,3,2,11,01,38,147,,02,30,229,,04,27,124,39.1,12,25,250,,1*67
$GBGSV,3,3,11,05,15,248,,14,08,241,38.7,06,74,337,,1*53
$GNRMC,030332.000,A,3859.9978,N,11613.9809,E,0.01,35.40,280612,,,A,V*33
$GNVTG,35.40,T,,M,0.01,N,0.01,K,A*11
$GNZDA,030332.000,28,06,2012,,*44
$GNGGA,030333.000,3859.9978,N,11613.9809,E,1,9,0.83,-12.9,M,-6.8,M,,*40
$PAIRACC,4.77,8.70*40
$GNGLL,3859.9978,N,11613.9809,E,030333.000,A,A*43
$GNGSA,A,3,16,31,20,12,,,,,,,,,1.36,0.83,1.07,1*0C
$GNGSA,A,3,74,,,,,,,,,,,,1.36,0.83,1.07,2*08
$GNGSA,A,3,,,,,,,,,,,,,1.36,0.83,1.07,3*0A
$GNGSA,A,3,08,03,04,14,,,,,,,,,1.36,0.83,1.07,4*07
$GPGSV,3,1,10,16,06,179,38.7,01,40,312,,31,81,229,38.8,30,35,070,,1*63
$GPGSV,3,2,10,22,31,140,,11,21,278,,05,20,047,,20,15,316,38.8,1*76
$GPGSV,3,3,10,12,12,040,39.0,14,53,060,,1*70
$GLGSV,1,1,04,72,20,329,,65,57,239,,82,24,079,,74,20,269,39.0,1*60
$GAGSV,1,1,00,7*73
$GBGSV,3,1,11,07,02,166,,08,72,352,39.1,09,57,275,,03,43,190,38.6,1*78
$GBGSV,3,2,11,01,38,147,,02,30,229,,04,27,124,37.9,12,25,250,,1*61
$GBGSV,3,3,11,05,15,248,,14,08,241,38.9,06,74,337,,1*5D
$GNRMC,030333.000,A,3859.9978,N,11613.9809,E,0.01,22.86,280612,,,A,V*3E
$GNVTG,22.86,T,,M,0.01,N,0.01,K,A*1D
$GNZDA,030333.000,28,06,2012,,*45
$GNGGA,030334.000,3859.9978,N,11613.9809,E,1,9,0.83,-12.9,M,-6.8,M,,*47
$PAIRACC,4.68,8.44*49
$GNGLL,3859.9978,N,11613.9809,E,030334.000,A,A*44
$GNGSA,A,3,16,31,20,12,,,,,,,,,1.36,0.83,1.07,1*0C
$GNGSA,A,3,74,,,,,,,,,,,,1.36,0.83,1.07,2*08
$GNGSA,A,3,,,,,,,,,,,,,1.36,0.83,1.07,3*0A
$GNGSA,A,3,08,03,04,14,,,,,,,,,1.36,0.83,1.07,4*07
$GPGSV,3,1,10,16,06,179,38.8,01,40,312,,31,81,229,38.8,30,35,070,,1*6C
$GPGSV,3,2,10,22,31,140,,11,21,278,,05,20,047,,20,15,316,38.5,1*7B
$GPGSV,3,3,10,12,12,040,38.9,14,53,060,,1*78
$GLGSV,1,1,04,72,20,329,,65,57,239,,82,24,079,,74,20,269,39.0,1*60
$GAGSV,1,1,00,7*73
$GBGSV,3,1,11,07,02,166,,08,72,352,39.2,09,57,275,,03,43,190,38.8,1*75
$GBGSV,3,2,11,01,38,147,,02,30,229,,04,27,124,38.2,12,25,250,,1*65
$GBGSV,3,3,11,05,15,248,,14,08,241,38.8,06,74,337,,1*5C
$GNRMC,030334.000,A,3859.9978,N,11613.9809,E,0.01,27.97,280612,,,A,V*3C
$GNVTG,27.97,T,,M,0.01,N,0.01,K,A*18
$GNZDA,030334.000,28,06,2012,,*42
$GNGGA,030335.000,3859.9978,N,11613.9810,E,1,9,0.83,-12.9,M,-6.8,M,,*4E
$PAIRACC,4.67,8.44*46
$GNGLL,3859.9978,N,11613.9810,E,030335.000,A,A*4D
$GNGSA,A,3,16,31,20,12,,,,,,,,,1.36,0.83,1.07,1*0C
$GNGSA,A,3,74,,,,,,,,,,,,1.36,0.83,1.07,2*08
$GNGSA,A,3,,,,,,,,,,,,,1.36,0.83,1.07,3*0A
$GNGSA,A,3,08,03,04,14,,,,,,,,,1.36,0.83,1.07,4*07
$GPGSV,3,1,10,16,06,179,38.8,01,40,312,,31,81,229,39.0,30,35,070,,1*65
$GPGSV,3,2,10,22,31,140,,11,21,278,,05,19,046,,20,15,316,39.2,1*76
$GPGSV,3,3,10,12,12,040,38.9,14,53,060,,1*78
$GLGSV,1,1,04,72,20,329,,65,57,239,,82,24,079,,74,20,269,39.3,1*63
$GAGSV,1,1,00,7*73
$GBGSV,3,1,11,07,02,166,,08,72,352,39.3,09,57,275,,03,43,190,38.9,1*75
$GBGSV,3,2,11,01,38,147,,02,30,229,,04,27,124,38.9,12,25,250,,1*6E
$GBGSV,3,3,11,05,15,248,,14,08,241,38.5,06,74,337,,1*51
$GNRMC,030335.000,A,3859.9978,N,11613.9810,E,0.01,40.88,280612,,,A,V*3A
$GNVTG,40.88,T,,M,0.01,N,0.01,K,A*17
$GNZDA,030335.000,28,06,2012,,*43
$GNGGA,030336.000,3859.9978,N,11613.9810,E,1,9,0.83,-12.9,M,-6.8,M,,*4D
$PAIRACC,4.81,8.72*4B
$GNGLL,3859.9978,N,11613.9810,E,030336.000,A,A*4E
$GNGSA,A,3,16,31,20,12,,,,,,,,,1.36,0.83,1.07,1*0C
$GNGSA,A,3,74,,,,,,,,,,,,1.36,0.83,1.07,2*08
$GNGSA,A,3,,,,,,,,,,,,,1.36,0.83,1.07,3*0A
$GNGSA,A,3,08,03,04,14,,,,,,,,,1.36,0.83,1.07,4*07
$GPGSV,3,1,10,16,06,179,38.5,01,40,312,,31,81,229,38.8,30,35,070,,1*61
$GPGSV,3,2,10,22,31,140,,11,21,278,,05,19,046,,20,15,316,38.2,1*77
$GPGSV,3,3,10,12,12,040,38.9,14,53,060,,1*78
$GLGSV,1,1,04,72,20,329,,65,57,239,,82,24,079,,74,20,269,38.9,1*68
$GAGSV,1,1,00,7*73
$GBGSV,3,1,11,07,02,166,,08,72,352,38.8,09,57,275,,03,43,190,38.9,1*7F
$GBGSV,3,2,11,01,38,147,,02,30,229,,04,27,124,38.1,12,25,250,,1*66
$GBGSV,3,3,11,05,15,248,,14,08,241,38.2,06,74,337,,1*56
$GNRMC,030336.000,A,3859.9978,N,11613.9810,E,0.01,28.60,280612,,,A,V*31
$GNVTG,28.60,T,,M,0.01,N,0.01,K,A*1F
$GNZDA,030336.000,28,06,2012,,*40
$GNGGA,030337.000,3859.9978,N,11613.9810,E,1,9,0.83,-12.9,M,-6.8,M,,*4C
$PAIRACC,4.67,8.46*44
$GNGLL,3859.9978,N,11613.9810,E,030337.000,A,A*4F
$GNGSA,A,3,16,31,20,12,,,,,,,,,1.36,0.83,1.07,1*0C
$GNGSA,A,3,74,,,,,,,,,,,,1.36,0.83,1.07,2*08
$GNGSA,A,3,,,,,,,,,,,,,1.36,0.83,1.07,3*0A
$GNGSA,A,3,08,03,04,14,,,,,,,,,1.36,0.83,1.07,4*07
$GPGSV,3,1,10,16,06,179,38.5,01,40,312,,31,81,229,38.9,30,35,070,,1*60
$GPGSV,3,2,10,22,31,140,,11,21,278,,05,19,046,,20,15,316,38.4,1*71
$GPGSV,3,3,10,12,12,040,38.8,14,53,060,,1*79
$GLGSV,1,1,04,72,20,329,,65,57,239,,82,24,079,,74,20,269,39.2,1*62
$GAGSV,1,1,00,7*73
$GBGSV,3,1,11,07,02,166,,08,72,352,39.0,09,57,275,,03,43,190,38.7,1*78
$GBGSV,3,2,11,01,38,147,,02,30,229,,04,27,124,37.7,12,25,250,,1*6F
$GBGSV,3,3,11,05,15,248,,14,08,241,39.2,06,74,337,,1*57
$GNRMC,030337.000,A,3859.9978,N,11613.9810,E,0.01,30.18,280612,,,A,V*36
$GNVTG,30.18,T,,M,0.01,N,0.01,K,A*19
$GNZDA,030337.000,28,06,2012,,*41
$GNGGA,030338.000,3859.9978,N,11613.9810,E,1,9,0.83,-12.9,M,-6.8,M,,*43
$PAIRACC,4.74,8.56*47
$GNGLL,3859.9978,N,11613.9810,E,030338.000,A,A*40
$GNGSA,A,3,16,31,20,12,,,,,,,,,1.36,0.83,1.07,1*0C
$GNGSA,A,3,74,,,,,,,,,,,,1.36,0.83,1.07,2*08
$GNGSA,A,3,,,,,,,,,,,,,1.36,0.83,1.07,3*0A
$GNGSA,A,3,08,03,04,14,,,,,,,,,1.36,0.83,1.07,4*07
$GPGSV,3,1,10,16,06,179,38.4,01,40,312,,31,81,229,38.8,30,35,070,,1*60
$GPGSV,3,2,10,22,31,140,,11,21,278,,05,19,046,,20,15,316,38.6,1*73
$GPGSV,3,3,10,12,12,040,38.8,14,53,060,,1*79
$GLGSV,1,1,04,72,20,329,,65,57,239,,82,24,079,,74,20,269,39.5,1*65
$GAGSV,1,1,00,7*73
$GBGSV,3,1,11,07,02,166,,08,72,352,39.5,09,57,275,,03,43,190,39.0,1*7B
$GBGSV,3,2,11,01,38,147,,02,30,229,,04,27,124,39.0,12,25,250,,1*66
$GBGSV,3,3,11,05,15,248,,14,08,241,38.7,06,74,337,,1*53
$GNRMC,030338.000,A,3859.9978,N,11613.9810,E,0.01,33.47,280612,,,A,V*30
$GNVTG,33.47,T,,M,0.01,N,0.01,K,A*10
$GNZDA,030338.000,28,06,2012,,*4E
$GNGGA,030339.000,3859.9978,N,11613.9810,E,1,9,0.83,-12.9,M,-6.8,M,,*42
$PAIRACC,4.68,8.60*4F
$GNGLL,3859.9978,N,11613.9810,E,030339.000,A,A*41
$GNGSA,A,3,16,31,20,12,,,,,,,,,1.36,0.83,1.07,1*0C
$GNGSA,A,3,74,,,,,,,,,,,,1.36,0.83,1.07,2*08
$GNGSA,A,3,,,,,,,,,,,,,1.36,0.83,1.07,3*0A
$GNGSA,A,3,08,03,04,14,,,,,,,,,1.36,0.83,1.07,4*07
$GPGSV,3,1,10,16,06,179,38.7,01,40,312,,31,81,229,39.0,30,35,070,,1*6A
$GPGSV,3,2,10,22,31,140,,11,21,278,,05,19,046,,20,15,316,38.4,1*71
$GPGSV,3,3,10,12,12,040,38.5,14,53,060,,1*74
$GLGSV,1,1,04,72,20,329,,65,57,239,,82,24,079,,74,20,269,39.2,1*62
$GAGSV,1,1,00,7*73
$GBGSV,3,1,11,07,02,166,,08,72,352,39.0,09,57,275,,03,43,190,38.9,1*76
$GBGSV,3,2,11,01,38,147,,02,30,229,,04,27,124,38.0,12,25,250,,1*67
$GBGSV,3,3,11,05,15,248,,14,08,241,38.5,06,74,337,,1*51
$GNRMC,030339.000,A,3859.9978,N,11613.9810,E,0.01,43.57,280612,,,A,V*37
$GNVTG,43.57,T,,M,0.01,N,0.01,K,A*16
$GNZDA,030339.000,28,06,2012,,*4F
$GNGGA,030340.000,3859.9978,N,11613.9810,E,1,9,0.83,-12.9,M,-6.8,M,,*4C
$PAIRACC,4.72,8.51*46
$GNGLL,3859.9978,N,11613.9810,E,030340.000,A,A*4F
$GNGSA,A,3,16,31,20,12,,,,,,,,,1.36,0.83,1.07,1*0C
$GNGSA,A,3,74,,,,,,,,,,,,1.36,0.83,1.07,2*08
$GNGSA,A,3,,,,,,,,,,,,,1.36,0.83,1.07,3*0A
$GNGSA,A,3,08,03,04,14,,,,,,,,,1.36,0.83,1.07,4*07
$GPGSV,3,1,10,16,06,179,38.9,01,40,312,,31,81,229,39.6,30,35,070,,1*62
$GPGSV,3,2,10,22,31,140,,11,21,278,,05,19,046,,20,15,316,38.5,1*70
$GPGSV,3,3,10,12,12,040,38.9,14,53,060,,1*78
$GLGSV,1,1,04,72,20,329,,65,57,239,,82,24,079,,74,20,269,39.3,1*63
$GAGSV,1,1,00,7*73
$GBGSV,3,1,11,07,02,166,,08,72,352,39.3,09,57,275,,03,43,190,38.3,1*7F
$GBGSV,3,2,11,01,38,147,,02,30,229,,04,27,124,37.8,12,25,250,,1*60
$GBGSV,3,3,11,05,15,248,,14,08,241,38.7,06,74,337,,1*53
$GNRMC,030340.000,A,3859.9978,N,11613.9810,E,0.01,54.17,280612,,,A,V*3B
$GNVTG,54.17,T,,M,0.01,N,0.01,K,A*14
$GNZDA,030340.000,28,06,2012,,*41
$GNGGA,030341.000,3859.9978,N,11613.9810,E,1,9,0.83,-12.9,M,-6.8,M,,*4D
$PAIRACC,4.67,8.41*43
$GNGLL,3859.9978,N,11613.9810,E,030341.000,A,A*4E
$GNGSA,A,3,16,31,20,12,,,,,,,,,1.36,0.83,1.07,1*0C
$GNGSA,A,3,74,,,,,,,,,,,,1.36,0.83,1.07,2*08
$GNGSA,A,3,,,,,,,,,,,,,1.36,0.83,1.07,3*0A
$GNGSA,A,3,08,03,04,14,,,,,,,,,1.36,0.83,1.07,4*07
$GPGSV,3,1,10,16,06,179,38.8,01,40,312,,31,81,229,39.3,30,35,070,,1*66
$GPGSV,3,2,10,22,31,140,,11,20,277,,05,19,046,,20,15,316,38.9,1*72
$GPGSV,3,3,10,12,12,040,38.7,14,53,060,,1*76
$GLGSV,1,1,04,72,20,329,,65,57,239,,82,24,079,,74,20,269,39.1,1*61
$GAGSV,1,1,00,7*73
$GBGSV,3,1,11,07,02,166,,08,72,352,39.2,09,57,275,,03,43,190,38.8,1*75
$GBGSV,3,2,11,01,38,147,,02,30,229,,04,27,124,38.8,12,25,250,,1*6F
$GBGSV,3,3,11,05,15,248,,14,08,241,38.3,06,74,337,,1*57
$GNRMC,030341.000,A,3859.9978,N,11613.9810,E,0.01,59.69,280612,,,A,V*3E
$GNVTG,59.69,T,,M,0.01,N,0.01,K,A*10
$GNZDA,030341.000,28,06,2012,,*40
$GNGGA,030342.000,3859.9978,N,11613.9810,E,1,9,0.83,-12.9,M,-6.8,M,,*4E
$PAIRACC,4.74,8.90*4D
$GNGLL,3859.9978,N,11613.9810,E,030342.000,A,A*4D
$GNGSA,A,3,16,31,20,12,,,,,,,,,1.36,0.83,1.07,1*0C
$GNGSA,A,3,74,,,,,,,,,,,,1.36,0.83,1.07,2*08
$GNGSA,A,3,,,,,,,,,,,,,1.36,0.83,1.07,3*0A
$GNGSA,A,3,08,03,04,14,,,,,,,,,1.36,0.83,1.07,4*07
$GPGSV,3,1,10,16,06,179,38.9,01,40,312,,31,81,229,38.8,30,35,070,,1*6D
$GPGSV,3,2,10,22,31,140,,11,20,277,,05,19,046,,20,15,316,38.7,1*7C
$GPGSV,3,3,10,12,12,039,38.9,14,53,060,,1*76
$GLGSV,1,1,04,72,20,329,,65,57,239,,82,24,079,,74,20,269,39.4,1*64
$GAGSV,1,1,00,7*73
$GBGSV,3,1,11,07,02,166,,08,72,352,39.3,09,57,275,,03,43,190,39.0,1*7D
$GBGSV,3,2,11,01,38,147,,02,30,229,,04,27,124,38.5,12,25,250,,1*62
$GBGSV,3,3,11,05,15,248,,14,08,241,38.7,06,74,337,,1*53
$GNRMC,030342.000,A,3859.9978,N,11613.9810,E,0.01,47.00,280612,,,A,V*3D
$GNVTG,47.00,T,,M,0.01,N,0.01,K,A*10
$GNZDA,030342.000,28,06,2012,,*43
$GNGGA,030343.000,3859.9978,N,11613.9810,E,1,9,0.83,-12.9,M,-6.8,M,,*4F
$PAIRACC,4.66,8.43*40
$GNGLL,3859.9978,N,11613.9810,E,030343.000,A,A*4C
$GNGSA,A,3,16,31,20,12,,,,,,,,,1.36,0.83,1.07,1*0C
$GNGSA,A,3,74,,,,,,,,,,,,1.36,0.83,1.07,2*08
$GNGSA,A,3,,,,,,,,,,,,,1.36,0.83,1.07,3*0A
$GNGSA,A,3,08,03,04,14,,,,,,,,,1.36,0.83,1.07,4*07
$GPGSV,3,1,10,16,06,179,38.1,01,40,312,,31,81,229,38.9,30,35,070,,1*64
$GPGSV,3,2,10,22,31,140,,11,20,277,,05,19,046,,20,15,316,39.0,1*7A
$GPGSV,3,3,10,12,12,039,39.3,14,53,060,,1*7D
$GLGSV,1,1,04,72,20,329,,65,57,239,,82,24,079,,74,20,269,39.2,1*62
$GAGSV,1,1,00,7*73
$GBGSV,3,1,11,07,02,166,,08,72,352,39.7,09,57,275,,03,43,190,38.7,1*7F
$GBGSV,3,2,11,01,38,147,,02,30,229,,04,27,124,38.3,12,25,250,,1*64
$GBGSV,3,3,11,05,15,248,,14,08,241,38.8,06,74,337,,1*5C
$GNRMC,030343.000,A,3859.9978,N,11613.9810,E,0.01,39.69,280612,,,A,V*3A
$GNVTG,39.69,T,,M,0.01,N,0.01,K,A*16
$GNZDA,030343.000,28,06,2012,,*42
$GNGGA,030344.000,3859.9979,N,11613.9810,E,1,9,0.83,-12.9,M,-6.8,M,,*49
$PAIRACC,4.71,8.50*44
$GNGLL,3859.9979,N,11613.9810,E,030344.000,A,A*4A
$GNGSA,A,3,16,31,20,12,,,,,,,,,1.36,0.83,1.07,1*0C
$GNGSA,A,3,74,,,,,,,,,,,,1.36,0.83,1.07,2*08
$GNGSA,A,3,,,,,,,,,,,,,1.36,0.83,1.07,3*0A
$GNGSA,A,3,08,03,04,14,,,,,,,,,1.36,0.83,1.07,4*07
$GPGSV,3,1,10,16,06,179,39.0,01,40,312,,31,81,229,39.3,30,35,070,,1*6F
$GPGSV,3,2,10,22,31,140,,11,20,277,,05,19,046,,20,15,316,38.6,1*7D
$GPGSV,3,3,10,12,12,039,39.5,14,52,062,,1*78
$GLGSV,1,1,04,72,20,329,,65,57,239,,82,24,079,,74,20,269,39.3,1*63
$GAGSV,1,1,00,7*73
$GBGSV,3,1,11,07,02,166,,08,72,352,39.4,09,57,275,,03,43,190,38.8,1*73
$GBGSV,3,2,11,01,38,147,,02,30,229,,04,27,124,38.6,12,25,250,,1*61
$GBGSV,3,3,11,05,15,248,,14,08,241,38.8,06,74,337,,1*5C
$GNRMC,030344.000,A,3859.9979,N,11613.9810,E,0.01,44.10,280612,,,A,V*38
$GNVTG,44.10,T,,M,0.01,N,0.01,K,A*12
$GNZDA,030344.000,28,06,2012,,*45
$GNGGA,030345.000,3859.9979,N,11613.9810,E,1,9,0.83,-12.9,M,-6.8,M,,*48
$PAIRACC,4.66,8.55*47
$GNGLL,3859.9979,N,11613.9810,E,030345.000,A,A*4B
$GNGSA,A,3,16,31,20,12,,,,,,,,,1.36,0.83,1.07,1*0C
$GNGSA,A,3,74,,,,,,,,,,,,1.36,0.83,1.07,2*08
$GNGSA,A,3,,,,,,,,,,,,,1.36,0.83,1.07,3*0A
$GNGSA,A,3,08,03,04,14,,,,,,,,,1.36,0.83,1.07,4*07
$GPGSV,3,1,10,16,06,179,39.2,01,40,312,,31,81,229,39.4,30,35,070,,1*6A
$GPGSV,3,2,10,22,31,140,,11,20,277,,05,19,046,,20,15,316,38.7,1*7C
$GPGSV,3,3,10,12,12,039,39.3,14,52,062,,1*7E
$GLGSV,1,1,04,72,20,329,,65,57,239,,82,24,079,,74,20,269,39.1,1*61
$GAGSV,1,1,00,7*73
$GBGSV,3,1,11,07,02,166,,08,72,352,39.5,09,57,275,,03,43,190,38.7,1*7D
$GBGSV,3,2,11,01,38,147,,02,30,229,,04,27,124,38.2,12,25,250,,1*65
$GBGSV,3,3,11,05,15,248,,14,08,241,38.9,06,74,337,,1*5D
$GNRMC,030345.000,A,3859.9979,N,11613.9810,E,0.01,46.43,280612,,,A,V*3D
$GNVTG,46.43,T,,M,0.01,N,0.01,K,A*16
$GNZDA,030345.000,28,06,2012,,*44
$GNGGA,030346.000,3859.9979,N,11613.9810,E,1,9,0.83,-12.9,M,-6.8,M,,*4B
$PAIRACC,4.79,8.75*4B
$GNGLL,3859.9979,N,11613.9810,E,030346.000,A,A*48
$GNGSA,A,3,16,31,20,12,,,,,,,,,1.36,0.83,1.07,1*0C
$GNGSA,A,3,74,,,,,,,,,,,,1.36,0.83,1.07,2*08
$GNGSA,A,3,,,,,,,,,,,,,1.36,0.83,1.07,3*0A
$GNGSA,A,3,08,03,04,14,,,,,,,,,1.36,0.83,1.07,4*07
$GPGSV,3,1,10,16,07,178,38.9,01,40,312,,31,81,229,39.1,30,35,070,,1*65
$GPGSV,3,2,10,22,31,140,,11,20,277,,05,19,046,,20,15,316,38.6,1*7D
$GPGSV,3,3,10,12,12,039,39.2,14,52,062,,1*7F
$GLGSV,1,1,04,72,20,329,,65,57,239,,82,24,079,,74,20,269,39.3,1*63
$GAGSV,1,1,00,7*73
$GBGSV,3,1,11,07,02,166,,08,72,352,39.3,09,57,275,,03,43,190,38.9,1*75
$GBGSV,3,2,11,01,38,147,,02,30,229,,04,27,124,38.1,12,25,250,,1*66
$GBGSV,3,3,11,05,15,248,,14,08,241,38.3,06,74,337,,1*57
$GNRMC,030346.000,A,3859.9979,N,11613.9810,E,0.01,67.22,280612,,,A,V*3A
$GNVTG,67.22,T,,M,0.01,N,0.01,K,A*12
$GNZDA,030346.000,28,06,2012,,*47
$GNGGA,030347.000,3859.9979,N,11613.9810,E,1,9,0.83,-12.9,M,-6.8,M,,*4A
$PAIRACC,4.67,8.56*45
$GNGLL,3859.9979,N,11613.9810,E,030347.000,A,A*49
$GNGSA,A,3,16,31,20,12,,,,,,,,,1.36,0.83,1.07,1*0C
$GNGSA,A,3,74,,,,,,,,,,,,1.36,0.83,1.07,2*08
$GNGSA,A,3,,,,,,,,,,,,,1.36,0.83,1.07,3*0A
$GNGSA,A,3,08,03,04,14,,,,,,,,,1.36,0.83,1.07,4*07
$GPGSV,3,1,10,16,07,178,38.1,01,40,312,,31,81,229,39.2,30,35,070,,1*6E
$GPGSV,3,2,10,22,31,140,,11,20,277,,05,19,046,,20,15,316,39.3,1*79
$GPGSV,3,3,10,12,12,039,38.9,14,52,062,,1*75
$GLGSV,1,1,04,72,20,329,,65,57,239,,82,24,079,,74,20,269,39.4,1*64
$GAGSV,1,1,00,7*73
$GBGSV,3,1,11,07,02,166,,08,72,352,39.1,09,57,275,,03,43,190,38.8,1*76
$GBGSV,3,2,11,01,38,147,,02,30,229,,04,27,124,38.9,12,25,250,,1*6E
$GBGSV,3,3,11,05,15,248,,14,08,241,39.1,06,74,337,,1*54
$GNRMC,030347.000,A,3859.9979,N,11613.9810,E,0.01,67.71,280612,,,A,V*3D
$GNVTG,67.71,T,,M,0.01,N,0.01,K,A*14
$GNZDA,030347.000,28,06,2012,,*46
$GNGGA,030348.000,3859.9979,N,11613.9810,E,1,9,0.83,-12.9,M,-6.8,M,,*45
$PAIRACC,4.74,8.63*41
$GNGLL,3859.9979,N,11613.9810,E,030348.000,A,A*46
$GNGSA,A,3,16,31,20,12,,,,,,,,,1.36,0.83,1.07,1*0C
$GNGSA,A,3,74,,,,,,,,,,,,1.36,0.83,1.07,2*08
$GNGSA,A,3,,,,,,,,,,,,,1.36,0.83,1.07,3*0A
$GNGSA,A,3,08,03,04,14,,,,,,,,,1.36,0.83,1.07,4*07
$GPGSV,3,1,10,16,07,178,38.9,01,40,312,,31,81,229,39.0,30,35,070,,1*64
$GPGSV,3,2,10,22,31,140,,11,20,277,,05,19,046,,20,15,316,38.7,1*7C
$GPGSV,3,3,10,12,12,039,39.2,14,52,062,,1*7F
$GLGSV,1,1,04,72,20,329,,65,57,239,,82,24,079,,74,20,269,39.5,1*65
$GAGSV,1,1,00,7*73
$GBGSV,3,1,11,07,02,166,,08,72,352,39.2,09,57,275,,03,43,190,39.0,1*7C
$GBGSV,3,2,11,01,38,147,,02,30,229,,04,27,124,38.0,12,25,250,,1*67
$GBGSV,3,3,11,05,15,248,,14,08,241,38.2,06,74,337,,1*56
$GNRMC,030348.000,A,3859.9979,N,11613.9810,E,0.01,54.12,280612,,,A,V*37
$GNVTG,54.12,T,,M,0.01,N,0.01,K,A*11
$GNZDA,030348.000,28,06,2012,,*49
$GNGGA,030349.000,3859.9979,N,11613.9810,E,1,9,0.83,-12.9,M,-6.8,M,,*44
$PAIRACC,4.72,8.68*4C
$GNGLL,3859.9979,N,11613.9810,E,030349.000,A,A*47
$GNGSA,A,3,16,31,20,12,,,,,,,,,1.36,0.83,1.07,1*0C
$GNGSA,A,3,74,,,,,,,,,,,,1.36,0.83,1.07,2*08
$GNGSA,A,3,,,,,,,,,,,,,1.36,0.83,1.07,3*0A
$GNGSA,A,3,08,03,04,14,,,,,,,,,1.36,0.83,1.07,4*07
$GPGSV,3,1,10,16,07,178,38.5,01,40,312,,31,81,229,38.3,30,35,070,,1*6A
$GPGSV,3,2,10,22,31,140,,11,20,277,,05,19,046,,20,15,316,38.5,1*7E
$GPGSV,3,3,10,12,12,039,38.9,14,52,062,,1*75
$GLGSV,1,1,04,72,20,329,,65,57,239,,82,24,079,,74,20,269,39.3,1*63
$GAGSV,1,1,00,7*73
$GBGSV,3,1,11,07,02,166,,08,72,352,38.9,09,57,275,,03,43,190,39.0,1*76
$GBGSV,3,2,11,01,38,147,,02,30,229,,04,27,124,38.0,12,25,250,,1*67
$GBGSV,3,3,11,05,15,248,,14,08,241,38.7,06,74,337,,1*53
$GNRMC,030349.000,A,3859.9979,N,11613.9810,E,0.01,56.59,280612,,,A,V*3B
$GNVTG,56.59,T,,M,0.01,N,0.01,K,A*1C
$GNZDA,030349.000,28,06,2012,,*48
$GNGGA,030350.000,3859.9979,N,11613.9810,E,1,9,0.83,-12.9,M,-6.8,M,,*4C
$PAIRACC,4.69,8.44*48
$GNGLL,3859.9979,N,11613.9810,E,030350.000,A,A*4F
$GNGSA,A,3,16,31,20,12,,,,,,,,,1.36,0.83,1.07,1*0C
$GNGSA,A,3,74,,,,,,,,,,,,1.36,0.83,1.07,2*08
$GNGSA,A,3,,,,,,,,,,,,,1.36,0.83,1.07,3*0A
$GNGSA,A,3,08,03,04,14,,,,,,,,,1.36,0.83,1.07,4*07
$GPGSV,3,1,10,16,07,178,39.0,01,40,312,,31,81,229,39.2,30,35,070,,1*6E
$GPGSV,3,2,10,22,31,140,,11,20,277,,05,19,046,,20,16,316,38.7,1*7F
$GPGSV,3,3,10,12,12,039,39.0,14,52,062,,1*7D
$GLGSV,1,1,04,72,20,329,,65,57,239,,82,24,079,,74,20,269,39.5,1*65
$GAGSV,1,1,00,7*73
$GBGSV,3,1,11,07,02,166,,08,72,352,38.9,09,57,275,,03,43,190,38.9,1*7E
$GBGSV,3,2,11,01,38,147,,02,30,229,,04,27,124,38.8,12,25,250,,1*6F
$GBGSV,3,3,11,05,15,248,,14,08,241,39.0,06,74,337,,1*55
$GNRMC,030350.000,A,3859.9979,N,11613.9810,E,0.01,54.87,280612,,,A,V*32
$GNVTG,54.87,T,,M,0.01,N,0.01,K,A*1D
$GNZDA,030350.000,28,06,2012,,*40
$GNGGA,030351.000,3859.9979,N,11613.9810,E,1,9,0.83,-12.9,M,-6.8,M,,*4D
$PAIRACC,4.68,8.81*40
$GNGLL,3859.9979,N,11613.9810,E,030351.000,A,A*4E
$GNGSA,A,3,16,31,20,12,,,,,,,,,1.36,0.83,1.07,1*0C
$GNGSA,A,3,74,,,,,,,,,,,,1.36,0.83,1.07,2*08
$GNGSA,A,3,,,,,,,,,,,,,1.36,0.83,1.07,3*0A
$GNGSA,A,3,08,03,04,14,,,,,,,,,1.36,0.83,1.07,4*07
$GPGSV,3,1,10,16,07,178,38.6,01,40,312,,31,81,229,39.4,30,35,070,,1*6F
$GPGSV,3,2,10,22,31,140,,11,20,277,,05,19,046,,20,16,316,38.7,1*7F
$GPGSV,3,3,10,12,12,039,39.3,14,52,062,,1*7E
$GLGSV,1,1,04,72,20,329,,65,57,239,,82,24,079,,74,20,269,38.8,1*69
$GAGSV,1,1,00,7*73
$GBGSV,3,1,11,07,02,166,,08,72,352,39.0,09,57,275,,03,43,190,39.0,1*7E
$GBGSV,3,2,11,01,38,147,,02,30,229,,04,27,124,38.3,12,25,250,,1*64
$GBGSV,3,3,11,05,15,248,,14,08,241,38.3,06,74,337,,1*57
$GNRMC,030351.000,A,3859.9979,N,11613.9810,E,0.01,35.52,280612,,,A,V*3C
$GNVTG,35.52,T,,M,0.01,N,0.01,K,A*12
$GNZDA,030351.000,28,06,2012,,*41
$GNGGA,030352.000,3859.9979,N,11613.9810,E,1,9,0.83,-12.9,M,-6.8,M,,*4E
$PAIRACC,4.72,8.55*42
$GNGLL,3859.9979,N,11613.9810,E,030352.000,A,A*4D
$GNGSA,A,3,16,31,20,12,,,,,,,,,1.36,0.83,1.07,1*0C
$GNGSA,A,3,74,,,,,,,,,,,,1.36,0.83,1.07,2*08
$GNGSA,A,3,,,,,,,,,,,,,1.36,0.83,1.07,3*0A
$GNGSA,A,3,08,03,04,14,,,,,,,,,1.36,0.83,1.07,4*07
$GPGSV,3,1,10,16,07,178,39.0,01,40,312,,31,81,229,38.8,30,35,070,,1*65
$GPGSV,3,2,10,22,29,141,,11,20,277,,05,19,046,,20,16,316,38.8,1*78
$GPGSV,3,3,10,12,12,039,38.8,14,52,062,,1*74
$GLGSV,1,1,04,72,20,329,,65,57,239,,82,24,079,,74,20,269,39.1,1*61
$GAGSV,1,1,00,7*73
$GBGSV,3,1,11,07,02,166,,08,72,352,38.8,09,57,275,,03,43,190,39.0,1*77
$GBGSV,3,2,11,01,38,147,,02,30,229,,04,27,124,38.2,12,25,250,,1*65
$GBGSV,3,3,11,05,15,248,,14,08,241,38.3,06,74,337,,1*57
$GNRMC,030352.000,A,3859.9979,N,11613.9810,E,0.01,45.69,280612,,,A,V*30
$GNVTG,45.69,T,,M,0.01,N,0.01,K,A*1D
$GNZDA,030352.000,28,06,2012,,*42
$GNGGA,030353.000,3859.9979,N,11613.9810,E,1,9,0.83,-12.9,M,-6.8,M,,*4F
$PAIRACC,4.66,8.40*43
$GNGLL,3859.9979,N,11613.9810,E,030353.000,A,A*4C
$GNGSA,A,3,16,31,20,12,,,,,,,,,1.36,0.83,1.07,1*0C
$GNGSA,A,3,74,,,,,,,,,,,,1.36,0.83,1.07,2*08
$GNGSA,A,3,,,,,,,,,,,,,1.36,0.83,1.07,3*0A
$GNGSA,A,3,08,03,04,14,,,,,,,,,1.36,0.83,1.07,4*07
$GPGSV,3,1,10,16,07,178,38.8,01,40,312,,31,81,229,39.2,30,35,070,,1*67
$GPGSV,3,2,10,22,29,141,,11,20,277,,05,19,046,,20,16,316,39.0,1*71
$GPGSV,3,3,10,12,12,039,39.2,14,52,062,,1*7F
$GLGSV,1,1,04,72,20,329,,65,57,239,,82,24,079,,74,20,269,39.3,1*63
$GAGSV,1,1,00,7*73
$GBGSV,3,1,11,07,02,166,,08,72,352,39.3,09,57,275,,03,43,190,38.8,1*74
$GBGSV,3,2,11,01,38,147,,02,30,229,,04,27,124,38.7,12,25,250,,1*60
$GBGSV,3,3,11,05,15,248,,14,08,241,38.0,06,74,337,,1*54
$GNRMC,030353.000,A,3859.9979,N,11613.9810,E,0.01,50.91,280612,,,A,V*32
$GNVTG,50.91,T,,M,0.01,N,0.01,K,A*1E
$GNZDA,030353.000,28,06,2012,,*43
$GNGGA,030354.000,3859.9979,N,11613.9810,E,1,9,0.83,-12.9,M,-6.8,M,,*48
$PAIRACC,4.75,8.71*43
$GNGLL,3859.9979,N,11613.9810,E,030354.000,A,A*4B
$GNGSA,A,3,16,31,20,12,,,,,,,,,1.36,0.83,1.07,1*0C
$GNGSA,A,3,74,,,,,,,,,,,,1.36,0.83,1.07,2*08
$GNGSA,A,3,,,,,,,,,,,,,1.36,0.83,1.07,3*0A
$GNGSA,A,3,08,03,04,14,,,,,,,,,1.36,0.83,1.07,4*07
$GPGSV,3,1,10,16,07,178,38.8,01,40,312,,31,81,229,39.0,30,35,070,,1*65
$GPGSV,3,2,10,22,29,141,,11,20,277,,05,19,046,,20,16,316,38.7,1*77
$GPGSV,3,3,10,12,12,039,38.9,14,52,062,,1*75
$GLGSV,1,1,04,72,20,329,,65,57,239,,82,24,079,,74,20,269,38.8,1*69
$GAGSV,1,1,00,7*73
$GBGSV,3,1,11,07,02,166,,08,72,352,39.4,09,57,275,,03,43,190,39.0,1*7A
$GBGSV,3,2,11,01,38,147,,02,30,229,,04,27,124,38.2,12,25,250,,1*65
$GBGSV,3,3,11,05,15,248,,14,08,241,38.6,06,74,337,,1*52
$GNRMC,030354.000,A,3859.9979,N,11613.9810,E,0.01,33.04,280612,,,A,V*3C
$GNVTG,33.04,T,,M,0.01,N,0.01,K,A*17
$GNZDA,030354.000,28,06,2012,,*44
$GNGGA,030355.000,3859.9979,N,11613.9810,E,1,9,0.83,-12.9,M,-6.8,M,,*49
$PAIRACC,4.66,8.40*43
$GNGLL,3859.9979,N,11613.9810,E,030355.000,A,A*4A
$GNGSA,A,3,16,31,20,12,,,,,,,,,1.36,0.83,1.07,1*0C
$GNGSA,A,3,74,,,,,,,,,,,,1.36,0.83,1.07,2*08
$GNGSA,A,3,,,,,,,,,,,,,1.36,0.83,1.07,3*0A
$GNGSA,A,3,08,03,04,14,,,,,,,,,1.36,0.83,1.07,4*07
$GPGSV,3,1,10,16,07,178,38.4,01,40,312,,31,81,229,39.2,30,35,070,,1*6B
$GPGSV,3,2,10,22,29,141,,11,20,277,,05,19,046,,20,16,316,39.0,1*71
$GPGSV,3,3,10,12,12,039,39.2,14,52,062,,1*7F
$GLGSV,1,1,04,72,20,329,,65,57,239,,82,24,079,,74,20,269,39.0,1*60
$GAGSV,1,1,00,7*73
$GBGSV,3,1,11,07,02,166,,08,72,352,39.4,09,57,275,,03,43,190,39.0,1*7A
$GBGSV,3,2,11,01,38,147,,02,30,229,,04,27,124,37.9,12,25,250,,1*61
$GBGSV,3,3,11,05,15,248,,14,08,241,39.0,06,74,337,,1*55
$GNRMC,030355.000,A,3859.9979,N,11613.9810,E,0.01,61.08,280612,,,A,V*36
$GNVTG,61.08,T,,M,0.01,N,0.01,K,A*1C
$GNZDA,030355.000,28,06,2012,,*45
$GNGGA,030356.000,3859.9979,N,11613.9810,E,1,9,0.83,-12.9,M,-6.8,M,,*4A
$PAIRACC,4.76,8.89*47
$GNGLL,3859.9979,N,11613.9810,E,030356.000,A,A*49
$GNGSA,A,3,16,31,20,12,,,,,,,,,1.36,0.83,1.07,1*0C
$GNGSA,A,3,74,,,,,,,,,,,,1.36,0.83,1.07,2*08
$GNGSA,A,3,,,,,,,,,,,,,1.36,0.83,1.07,3*0A
$GNGSA,A,3,08,03,04,14,,,,,,,,,1.36,0.83,1.07,4*07
$GPGSV,3,1,10,16,07,178,38.7,01,40,312,,31,81,229,38.7,30,35,070,,1*6C
$GPGSV,3,2,10,22,29,141,,11,20,277,,05,19,046,,20,16,316,38.6,1*76
$GPGSV,3,3,10,12,12,039,39.1,14,52,062,,1*7C
$GLGSV,1,1,04,72,20,329,,65,57,239,,82,24,079,,74,20,269,38.8,1*69
$GAGSV,1,1,00,7*73
$GBGSV,3,1,11,07,02,166,,08,72,352,39.0,09,57,275,,03,43,190,38.9,1*76
$GBGSV,3,2,11,01,38,147,,02,30,229,,04,27,124,38.9,12,25,250,,1*6E
$GBGSV,3,3,11,05,15,248,,14,08,241,38.5,06,74,337,,1*51
$GNRMC,030356.000,A,3859.9979,N,11613.9810,E,0.01,41.78,280612,,,A,V*30
$GNVTG,41.78,T,,M,0.01,N,0.01,K,A*19
$GNZDA,030356.000,28,06,2012,,*46
$GNGGA,030357.000,3859.9979,N,11613.9810,E,1,9,0.83,-12.9,M,-6.8,M,,*4B
$PAIRACC,4.66,8.46*45
$GNGLL,3859.9979,N,11613.9810,E,030357.000,A,A*48
$GNGSA,A,3,16,31,20,12,,,,,,,,,1.36,0.83,1.07,1*0C
$GNGSA,A,3,74,,,,,,,,,,,,1.36,0.83,1.07,2*08
$GNGSA,A,3,,,,,,,,,,,,,1.36,0.83,1.07,3*0A
$GNGSA,A,3,08,03,04,14,,,,,,,,,1.36,0.83,1.07,4*07
$GPGSV,3,1,10,16,07,178,38.6,01,40,312,,31,81,229,39.1,30,35,070,,1*6A
$GPGSV,3,2,10,22,29,141,,11,20,277,,05,19,046,,20,16,316,38.5,1*75
$GPGSV,3,3,10,12,12,039,39.1,14,52,062,,1*7C
$GLGSV,1,1,04,72,20,329,,65,57,239,,82,24,079,,74,20,269,39.2,1*62
$GAGSV,1,1,00,7*73
$GBGSV,3,1,11,07,02,166,,08,72,352,39.0,09,57,275,,03,43,190,38.8,1*77
$GBGSV,3,2,11,01,38,147,,02,30,229,,04,27,124,38.3,12,25,250,,1*64
$GBGSV,3,3,11,05,15,248,,14,08,241,38.1,06,74,337,,1*55
$GNRMC,030357.000,A,3859.9979,N,11613.9810,E,0.01,43.76,280612,,,A,V*3D
$GNVTG,43.76,T,,M,0.01,N,0.01,K,A*15
$GNZDA,030357.000,28,06,2012,,*47
$GNGGA,030358.000,3859.9979,N,11613.9810,E,1,9,0.83,-12.9,M,-6.8,M,,*44
$PAIRACC,4.65,8.42*42
$GNGLL,3859.9979,N,11613.9810,E,030358.000,A,A*47
$GNGSA,A,3,16,31,20,12,,,,,,,,,1.36,0.83,1.07,1*0C
$GNGSA,A,3,74,,,,,,,,,,,,1.36,0.83,1.07,2*08
$GNGSA,A,3,,,,,,,,,,,,,1.36,0.83,1.07,3*0A
$GNGSA,A,3,08,03,04,14,,,,,,,,,1.36,0.83,1.07,4*07
$GPGSV,3,1,10,16,07,178,38.7,01,40,312,,31,81,229,38.7,30,35,070,,1*6C
$GPGSV,3,2,10,22,29,141,,11,20,277,,05,19,046,,20,16,316,38.5,1*75
$GPGSV,3,3,10,12,12,039,39.3,14,52,062,,1*7E
$GLGSV,1,1,04,72,20,329,,65,57,239,,82,24,079,,74,20,269,39.4,1*64
$GAGSV,1,1,00,7*73
$GBGSV,3,1,11,07,02,166,,08,72,352,39.3,09,57,275,,03,43,190,39.0,1*7D
$GBGSV,3,2,11,01,38,147,,02,30,229,,04,27,124,38.0,12,25,250,,1*67
$GBGSV,3,3,11,05,15,248,,14,08,241,38.8,06,74,337,,1*5C
$GNRMC,030358.000,A,3859.9979,N,11613.9810,E,0.01,57.63,280612,,,A,V*33
$GNVTG,57.63,T,,M,0.01,N,0.01,K,A*14
$GNZDA,030358.000,28,06,2012,,*48
$GNGGA,030359.000,3859.9979,N,11613.9810,E,1,9,0.83,-12.9,M,-6.8,M,,*45
$PAIRACC,4.75,8.91*4D
$GNGLL,3859.9979,N,11613.9810,E,030359.000,A,A*46
$GNGSA,A,3,16,31,20,12,,,,,,,,,1.36,0.83,1.07,1*0C
$GNGSA,A,3,74,,,,,,,,,,,,1.36,0.83,1.07,2*08
$GNGSA,A,3,,,,,,,,,,,,,1.36,0.83,1.07,3*0A
$GNGSA,A,3,08,03,04,14,,,,,,,,,1.36,0.83,1.07,4*07
$GPGSV,3,1,10,16,07,178,38.8,01,40,312,,31,81,229,39.1,30,35,070,,1*64
$GPGSV,3,2,10,22,29,141,,11,20,277,,05,19,046,,20,16,316,38.6,1*76
$GPGSV,3,3,10,12,12,039,39.4,14,52,062,,1*79
$GLGSV,1,1,04,72,20,329,,65,57,239,,82,24,079,,74,20,269,38.8,1*69
$GAGSV,1,1,00,7*73
$GBGSV,3,1,11,07,02,166,,08,72,352,39.2,09,57,275,,03,43,190,39.0,1*7C
$GBGSV,3,2,11,01,38,147,,02,30,229,,04,27,124,38.9,12,25,250,,1*6E
$GBGSV,3,3,11,05,15,248,,14,08,241,38.9,06,74,337,,1*5D
$GNRMC,030359.000,A,3859.9979,N,11613.9810,E,0.01,42.73,280612,,,A,V*37
$GNVTG,42.73,T,,M,0.01,N,0.01,K,A*11
$GNZDA,030359.000,28,06,2012,,*49
$GNGGA,030400.000,3859.9979,N,11613.9810,E,1,9,0.83,-12.9,M,-6.8,M,,*4E
$PAIRACC,4.66,8.45*46
$GNGLL,3859.9979,N,11613.9810,E,030400.000,A,A*4D
$GNGSA,A,3,16,31,20,12,,,,,,,,,1.36,0.83,1.07,1*0C
$GNGSA,A,3,74,,,,,,,,,,,,1.36,0.83,1.07,2*08
$GNGSA,A,3,,,,,,,,,,,,,1.36,0.83,1.07,3*0A
$GNGSA,A,3,08,03,04,14,,,,,,,,,1.36,0.83,1.07,4*07
$GPGSV,3,1,10,16,07,178,38.9,01,40,312,,31,81,229,39.0,30,34,069,,1*6D
$GPGSV,3,2,10,22,29,141,,11,20,277,,05,19,046,,20,16,316,38.6,1*76
$GPGSV,3,3,10,12,12,039,38.6,14,52,062,,1*7A
$GLGSV,1,1,04,72,20,329,,65,57,239,,82,24,079,,74,20,269,39.2,1*62
$GAGSV,1,1,00,7*73
$GBGSV,3,1,11,07,02,166,,08,72,352,39.1,09,57,275,,03,43,190,38.8,1*76
$GBGSV,3,2,11,01,38,147,,02,30,229,,04,27,124,38.1,12,25,250,,1*66
$GBGSV,3,3,11,05,15,248,,14,08,241,39.2,06,74,337,,1*57
$GNRMC,030400.000,A,3859.9979,N,11613.9810,E,0.01,48.34,280612,,,A,V*35
$GNVTG,48.34,T,,M,0.01,N,0.01,K,A*18
$GNZDA,030400.000,28,06,2012,,*42
$GNGGA,030401.000,3859.9979,N,11613.9810,E,1,9,0.83,-12.9,M,-6.8,M,,*4F
$PAIRACC,4.71,8.85*4C
$GNGLL,3859.9979,N,11613.9810,E,030401.000,A,A*4C
$GNGSA,A,3,16,31,20,12,,,,,,,,,1.36,0.83,1.07,1*0C
$GNGSA,A,3,74,,,,,,,,,,,,1.36,0.83,1.07,2*08
$GNGSA,A,3,,,,,,,,,,,,,1.36,0.83,1.07,3*0A
$GNGSA,A,3,08,03,04,14,,,,,,,,,1.36,0.83,1.07,4*07
$GPGSV,3,1,10,16,07,178,38.6,01,40,312,,31,82,234,38.7,30,34,069,,1*6B
$GPGSV,3,2,10,22,29,141,,11,20,277,,05,19,046,,20,16,316,38.5,1*75
$GPGSV,3,3,10,12,12,039,39.5,14,52,062,,1*78
$GLGSV,1,1,04,72,20,329,,65,57,239,,82,24,079,,74,20,269,39.1,1*61
$GAGSV,1,1,00,7*73
$GBGSV,3,1,11,07,02,166,,08,72,352,39.0,09,57,275,,03,43,190,39.1,1*7F
$GBGSV,3,2,11,01,38,147,,02,30,229,,04,27,124,38.0,12,25,250,,1*67
$GBGSV,3,3,11,05,15,248,,14,08,241,38.8,06,74,337,,1*5C
$GNRMC,030401.000,A,3859.9979,N,11613.9810,E,0.01,45.26,280612,,,A,V*3A
$GNVTG,45.26,T,,M,0.01,N,0.01,K,A*16
$GNZDA,030401.000,28,06,2012,,*43
$GNGGA,030402.000,3859.9979,N,11613.9810,E,1,9,0.83,-12.9,M,-6.8,M,,*4C
$PAIRACC,4.71,8.55*41
$GNGLL,3859.9979,N,11613.9810,E,030402.000,A,A*4F
$GNGSA,A,3,16,31,20,12,,,,,,,,,1.36,0.83,1.07,1*0C
$GNGSA,A,3,74,,,,,,,,,,,,1.36,0.83,1.07,2*08
$GNGSA,A,3,,,,,,,,,,,,,1.36,0.83,1.07,3*0A
$GNGSA,A,3,08,03,04,14,,,,,,,,,1.36,0.83,1.07,4*07
$GPGSV,3,1,10,16,07,178,38.8,01,40,312,,31,82,234,39.1,30,34,069,,1*62
$GPGSV,3,2,10,22,29,141,,11,20,277,,05,19,046,,20,16,316,38.5,1*75
$GPGSV,3,3,10,12,12,039,39.2,14,52,062,,1*7F
$GLGSV,1,1,04,72,20,329,,65,57,239,,82,24,079,,74,20,269,38.8,1*69
$GAGSV,1,1,00,7*73
$GBGSV,3,1,11,07,02,166,,08,72,352,38.7,09,57,275,,03,43,190,38.9,1*70
$GBGSV,3,2,11,01,38,147,,02,30,229,,04,27,124,38.9,12,25,250,,1*6E
$GBGSV,3,3,11,05,15,248,,14,08,241,38.8,06,74,337,,1*5C
$GNRMC,030402.000,A,3859.9979,N,11613.9810,E,0.01,46.57,280612,,,A,V*3C
$GNVTG,46.57,T,,M,0.01,N,0.01,K,A*13
$GNZDA,030402.000,28,06,2012,,*40
$GNGGA,030403.000,3859.9979,N,11613.9810,E,1,9,0.83,-12.9,M,-6.8,M,,*4D
$PAIRACC,4.66,8.44*47
$GNGLL,3859.9979,N,11613.9810,E,030403.000,A,A*4E
$GNGSA,A,3,16,31,20,12,,,,,,,,,1.36,0.83,1.07,1*0C
$GNGSA,A,3,74,,,,,,,,,,,,1.36,0.83,1.07,2*08
$GNGSA,A,3,,,,,,,,,,,,,1.36,0.83,1.07,3*0A
$GNGSA,A,3,08,03,04,14,,,,,,,,,1.36,0.83,1.07,4*07
$GPGSV,3,1,10,16,07,178,38.8,01,40,312,,31,82,234,39.0,30,34,069,,1*63
$GPGSV,3,2,10,22,29,141,,11,20,277,,05,19,046,,20,16,316,38.5,1*75
$GPGSV,3,3,10,12,12,039,38.6,14,52,062,,1*7A
$GLGSV,1,1,04,72,20,329,,65,57,239,,82,24,079,,74,20,269,38.8,1*69
$GAGSV,1,1,00,7*73
$GBGSV,3,1,11,07,02,166,,08,72,352,39.2,09,57,275,,03,43,190,38.7,1*7A
$GBGSV,3,2,11,01,38,147,,02,30,229,,04,27,124,38.0,12,25,250,,1*67
$GBGSV,3,3,11,05,15,248,,14,08,241,38.7,06,74,337,,1*53
$GNRMC,030403.000,A,3859.9979,N,11613.9810,E,0.01,24.57,280612,,,A,V*39
$GNVTG,24.57,T,,M,0.01,N,0.01,K,A*17
$GNZDA,030403.000,28,06,2012,,*41
$GNGGA,030404.000,3859.9979,N,11613.9810,E,1,9,0.83,-12.9,M,-6.8,M,,*4A
$PAIRACC,4.72,8.54*43
$GNGLL,3859.9979,N,11613.9810,E,030404.000,A,A*49
$GNGSA,A,3,16,31,20,12,,,,,,,,,1.36,0.83,1.07,1*0C
$GNGSA,A,3,74,,,,,,,,,,,,1.36,0.83,1.07,2*08
$GNGSA,A,3,,,,,,,,,,,,,1.36,0.83,1.07,3*0A
$GNGSA,A,3,08,03,04,14,,,,,,,,,1.36,0.83,1.07,4*07
$GPGSV,3,1,10,16,07,178,38.8,01,40,312,,31,82,234,39.0,30,34,069,,1*63
$GPGSV,3,2,10,22,29,141,,11,20,277,,05,19,046,,20,16,316,38.6,1*76
$GPGSV,3,3,10,12,12,039,39.1,14,52,062,,1*7C
$GLGSV,1,1,04,72,20,329,,65,57,239,,82,24,079,,74,20,269,38.9,1*68
$GAGSV,1,1,00,7*73
$GBGSV,3,1,11,07,02,166,,08,72,352,39.2,09,57,275,,03,43,190,39.0,1*7C
$GBGSV,3,2,11,01,38,147,,02,30,229,,04,27,124,37.4,12,25,250,,1*6C
$GBGSV,3,3,11,05,15,248,,14,08,241,38.8,06,74,337,,1*5C
$GNRMC,030404.000,A,3859.9979,N,11613.9810,E,0.01,48.75,280612,,,A,V*34
$GNVTG,48.75,T,,M,0.01,N,0.01,K,A*1D
$GNZDA,030404.000,28,06,2012,,*46
$GNGGA,030405.000,3859.9979,N,11613.9810,E,1,9,0.83,-12.9,M,-6.8,M,,*4B
$PAIRACC,4.66,8.44*47
$GNGLL,3859.9979,N,11613.9810,E,030405.000,A,A*48
$GNGSA,A,3,16,31,20,12,,,,,,,,,1.36,0.83,1.07,1*0C
$GNGSA,A,3,74,,,,,,,,,,,,1.36,0.83,1.07,2*08
$GNGSA,A,3,,,,,,,,,,,,,1.36,0.83,1.07,3*0A
$GNGSA,A,3,08,03,04,14,,,,,,,,,1.36,0.83,1.07,4*07
$GPGSV,3,1,10,16,07,178,38.7,01,40,312,,31,82,234,39.1,30,34,069,,1*6D
$GPGSV,3,2,10,22,29,141,,11,20,277,,05,19,046,,20,16,316,38.8,1*78
$GPGSV,3,3,10,12,12,039,38.9,14,52,062,,1*75
$GLGSV,1,1,04,72,20,329,,65,57,239,,82,24,079,,74,20,269,39.3,1*63
$GAGSV,1,1,00,7*73
$GBGSV,3,1,11,07,02,166,,08,72,352,39.2,09,57,275,,03,43,190,38.4,1*79
$GBGSV,3,2,11,01,38,147,,02,30,229,,04,27,124,38.9,12,25,250,,1*6E
$GBGSV,3,3,11,05,15,248,,14,08,241,38.8,06,74,337,,1*5C
$GNRMC,030405.000,A,3859.9979,N,11613.9810,E,0.01,30.24,280612,,,A,V*3E
$GNVTG,30.24,T,,M,0.01,N,0.01,K,A*16
$GNZDA,030405.000,28,06,2012,,*47
$GNGGA,030406.000,3859.9979,N,11613.9810,E,1,9,0.83,-12.9,M,-6.8,M,,*48
$PAIRACC,4.75,8.66*45
$GNGLL,3859.9979,N,11613.9810,E,030406.000,A,A*4B
$GNGSA,A,3,16,31,20,12,,,,,,,,,1.36,0.83,1.07,1*0C
$GNGSA,A,3,74,,,,,,,,,,,,1.36,0.83,1.07,2*08
$GNGSA,A,3,,,,,,,,,,,,,1.36,0.83,1.07,3*0A
$GNGSA,A,3,08,03,04,14,,,,,,,,,1.36,0.83,1.07,4*07
$GPGSV,3,1,10,16,07,178,38.8,01,40,312,,31,82,234,39.2,30,34,069,,1*61
$GPGSV,3,2,10,22,29,141,,11,20,277,,05,19,046,,20,16,316,38.2,1*72
$GPGSV,3,3,10,12,12,039,38.9,14,52,062,,1*75
$GLGSV,1,1,04,72,20,329,,65,57,239,,82,24,079,,74,20,269,39.0,1*60
$GAGSV,1,1,00,7*73
$GBGSV,3,1,11,07,02,166,,08,72,352,39.0,09,57,275,,03,43,190,38.6,1*79
$GBGSV,3,2,11,01,38,147,,02,30,229,,04,27,124,37.9,12,25,250,,1*61
$GBGSV,3,3,11,05,15,248,,14,08,241,38.5,06,74,337,,1*51
$GNRMC,030406.000,A,3859.9979,N,11613.9810,E,0.00,30.37,280612,,,A,V*3E
$GNVTG,30.37,T,,M,0.00,N,0.01,K,A*15
$GNZDA,030406.000,28,06,2012,,*44
$GNGGA,030407.000,3859.9979,N,11613.9810,E,1,9,0.83,-12.9,M,-6.8,M,,*49
$PAIRACC,4.66,8.62*43
$GNGLL,3859.9979,N,11613.9810,E,030407.000,A,A*4A
$GNGSA,A,3,16,31,20,12,,,,,,,,,1.36,0.83,1.07,1*0C
$GNGSA,A,3,74,,,,,,,,,,,,1.36,0.83,1.07,2*08
$GNGSA,A,3,,,,,,,,,,,,,1.36,0.83,1.07,3*0A
$GNGSA,A,3,08,03,04,14,,,,,,,,,1.36,0.83,1.07,4*07
$GPGSV,3,1,10,16,07,178,38.5,01,40,312,,31,82,234,38.8,30,34,069,,1*67
$GPGSV,3,2,10,22,29,141,,11,20,277,,05,19,046,,20,16,316,38.7,1*77
$GPGSV,3,3,10,12,12,039,38.4,14,52,062,,1*78
$GLGSV,1,1,04,72,20,329,,65,57,239,,82,24,079,,74,20,269,39.0,1*60
$GAGSV,1,1,00,7*73
$GBGSV,3,1,11,07,02,166,,08,72,352,39.1,09,57,275,,03,43,190,38.7,1*79
$GBGSV,3,2,11,01,38,147,,02,30,229,,04,27,124,38.0,12,25,250,,1*67
$GBGSV,3,3,11,05,15,248,,14,08,241,38.7,06,74,337,,1*53
$GNRMC,030407.000,A,3859.9979,N,11613.9810,E,0.00,16.25,280612,,,A,V*38
$GNVTG,16.25,T,,M,0.00,N,0.01,K,A*12
$GNZDA,030407.000,28,06,2012,,*45
$GNGGA,030408.000,3859.9979,N,11613.9810,E,1,9,0.83,-12.9,M,-6.8,M,,*46
$PAIRACC,4.72,8.69*4D
$GNGLL,3859.9979,N,11613.9810,E,030408.000,A,A*45
$GNGSA,A,3,16,31,20,12,,,,,,,,,1.36,0.83,1.07,1*0C
$GNGSA,A,3,74,,,,,,,,,,,,1.36,0.83,1.07,2*08
$GNGSA,A,3,,,,,,,,,,,,,1.36,0.83,1.07,3*0A
$GNGSA,A,3,08,03,04,14,,,,,,,,,1.36,0.83,1.07,4*07
$GPGSV,3,1,10,16,07,178,38.7,01,40,312,,31,82,234,38.9,30,34,069,,1*64
$GPGSV,3,2,10,22,29,141,,11,20,277,,05,19,046,,20,16,316,38.7,1*77
$GPGSV,3,3,10,12,12,039,38.9,14,52,062,,1*75
$GLGSV,1,1,04,72,20,329,,65,57,239,,82,24,079,,74,20,269,38.9,1*68
$GAGSV,1,1,00,7*73
$GBGSV,3,1,11,07,02,166,,08,72,352,39.1,09,57,275,,03,43,190,38.9,1*77
$GBGSV,3,2,11,01,38,147,,02,30,229,,04,27,124,38.9,12,25,250,,1*6E
$GBGSV,3,3,11,05,15,248,,14,08,241,39.4,06,74,337,,1*51
$GNRMC,030408.000,A,3859.9979,N,11613.9810,E,0.00,26.67,280612,,,A,V*32
$GNVTG,26.67,T,,M,0.00,N,0.01,K,A*17
$GNZDA,030408.000,28,06,2012,,*4A
$GNGGA,030409.000,3859.9979,N,11613.9810,E,1,9,0.83,-12.9,M,-6.8,M,,*47
$PAIRACC,4.66,8.42*41
$GNGLL,3859.9979,N,11613.9810,E,030409.000,A,A*44
$GNGSA,A,3,16,31,20,12,,,,,,,,,1.36,0.83,1.07,1*0C
$GNGSA,A,3,74,,,,,,,,,,,,1.36,0.83,1.07,2*08
$GNGSA,A,3,,,,,,,,,,,,,1.36,0.83,1.07,3*0A
$GNGSA,A,3,08,03,04,14,,,,,,,,,1.36,0.83,1.07,4*07
$GPGSV,3,1,10,16,07,178,38.5,01,40,312,,31,82,234,39.3,30,34,069,,1*6D
$GPGSV,3,2,10,22,29,141,,11,20,277,,05,19,046,,20,16,316,38.6,1*76
$GPGSV,3,3,10,12,12,039,39.0,14,52,062,,1*7D
$GLGSV,1,1,04,72,20,329,,65,57,239,,82,24,079,,74,20,269,38.8,1*69
$GAGSV,1,1,00,7*73
$GBGSV,3,1,11,07,02,166,,08,72,352,39.3,09,57,275,,03,43,190,38.4,1*78
$GBGSV,3,2,11,01,38,147,,02,30,229,,04,27,124,38.1,12,25,250,,1*66
$GBGSV,3,3,11,05,15,248,,14,08,241,38.8,06,74,337,,1*5C
$GNRMC,030409.000,A,3859.9979,N,11613.9810,E,0.00,29.74,280612,,,A,V*3E
$GNVTG,29.74,T,,M,0.00,N,0.01,K,A*1A
$GNZDA,030409.000,28,06,2012,,*4B
$GNGGA,030410.000,3859.9979,N,11613.9810,E,1,9,0.83,-12.9,M,-6.8,M,,*4F
$PAIRACC,4.72,8.72*47
$GNGLL,3859.9979,N,11613.9810,E,030410.000,A,A*4C
$GNGSA,A,3,16,31,20,12,,,,,,,,,1.36,0.83,1.07,1*0C
$GNGSA,A,3,74,,,,,,,,,,,,1.36,0.83,1.07,2*08
$GNGSA,A,3,,,,,,,,,,,,,1.36,0.83,1.07,3*0A
$GNGSA,A,3,08,03,04,14,,,,,,,,,1.36,0.83,1.07,4*07
$GPGSV,3,1,10,16,07,178,38.5,01,40,312,,31,82,234,39.0,30,34,069,,1*6E
$GPGSV,3,2,10,22,29,141,,11,20,277,,05,19,046,,20,16,316,38.7,1*77
$GPGSV,3,3,10,12,12,039,38.5,14,52,062,,1*79
$GLGSV,1,1,04,72,20,329,,65,57,239,,82,24,079,,74,20,269,39.1,1*61
$GAGSV,1,1,00,7*73
$GBGSV,3,1,11,07,02,166,,08,72,352,39.3,09,57,275,,03,43,190,39.1,1*7C
$GBGSV,3,2,11,01,38,147,,02,30,229,,04,27,124,38.2,12,25,250,,1*65
$GBGSV,3,3,11,05,15,248,,14,08,241,38.9,06,74,337,,1*5D
$GNRMC,030410.000,A,3859.9979,N,11613.9810,E,0.00,30.63,280612,,,A,V*38
$GNVTG,30.63,T,,M,0.00,N,0.01,K,A*14
$GNZDA,030410.000,28,06,2012,,*43
$GNGGA,030411.000,3859.9979,N,11613.9810,E,1,9,0.83,-12.9,M,-6.8,M,,*4E
$PAIRACC,4.65,8.58*49
$GNGLL,3859.9979,N,11613.9810,E,030411.000,A,A*4D
$GNGSA,A,3,16,31,20,12,,,,,,,,,1.36,0.83,1.07,1*0C
$GNGSA,A,3,74,,,,,,,,,,,,1.36,0.83,1.07,2*08
$GNGSA,A,3,,,,,,,,,,,,,1.36,0.83,1.07,3*0A
$GNGSA,A,3,08,03,04,14,,,,,,,,,1.36,0.83,1.07,4*07
$GPGSV,3,1,10,16,07,178,38.8,01,40,312,,31,82,234,38.8,30,34,069,,1*6A
$GPGSV,3,2,10,22,29,141,,11,20,277,,05,19,046,,20,16,316,38.6,1*76
$GPGSV,3,3,10,12,12,039,39.1,14,52,062,,1*7C
$GLGSV,1,1,04,72,20,329,,65,57,239,,82,24,079,,74,20,269,38.9,1*68
$GAGSV,1,1,00,7*73
$GBGSV,3,1,11,07,02,166,,08,72,352,38.9,09,57,275,,03,43,190,39.0,1*76
$GBGSV,3,2,11,01,38,147,,02,30,229,,04,27,124,39.1,12,25,250,,1*67
$GBGSV,3,3,11,05,15,248,,14,08,241,39.2,06,74,337,,1*57
$GNRMC,030411.000,A,3859.9979,N,11613.9810,E,0.01,36.54,280612,,,A,V*3A
$GNVTG,36.54,T,,M,0.01,N,0.01,K,A*17
$GNZDA,030411.000,28,06,2012,,*42
$GNGGA,030412.000,3859.9980,N,11613.9810,E,1,9,0.83,-12.9,M,-6.8,M,,*4B
$PAIRACC,4.71,8.54*40
$GNGLL,3859.9980,N,11613.9810,E,030412.000,A,A*48
$GNGSA,A,3,16,31,20,12,,,,,,,,,1.36,0.83,1.07,1*0C
$GNGSA,A,3,74,,,,,,,,,,,,1.36,0.83,1.07,2*08
$GNGSA,A,3,,,,,,,,,,,,,1.36,0.83,1.07,3*0A
$GNGSA,A,3,08,03,04,14,,,,,,,,,1.36,0.83,1.07,4*07
$GPGSV,3,1,10,16,07,178,38.6,01,40,312,,31,82,234,39.0,30,34,069,,1*6D
$GPGSV,3,2,10,22,29,141,,11,20,277,,05,19,046,,20,16,316,38.7,1*77
$GPGSV,3,3,10,12,12,039,39.0,14,52,062,,1*7D
$GLGSV,1,1,04,72,20,329,,65,57,239,,82,24,079,,74,20,269,39.0,1*60
$GAGSV,1,1,00,7*73
$GBGSV,3,1,11,07,02,166,,08,72,352,39.5,09,57,275,,03,43,190,38.6,1*7C
$GBGSV,3,2,11,01,38,147,,02,30,229,,04,27,124,37.9,12,25,250,,1*61
$GBGSV,3,3,11,05,15,248,,14,08,241,38.8,06,74,337,,1*5C
$GNRMC,030412.000,A,3859.9980,N,11613.9810,E,0.01,31.36,280612,,,A,V*3C
$GNVTG,31.36,T,,M,0.01,N,0.01,K,A*14
$GNZDA,030412.000,28,06,2012,,*41
$GNGGA,030413.000,3859.9980,N,11613.9810,E,1,9,0.83,-12.9,M,-6.8,M,,*4A
$PAIRACC,4.69,8.82*42
$GNGLL,3859.9980,N,11613.9810,E,030413.000,A,A*49
$GNGSA,A,3,16,31,20,12,,,,,,,,,1.36,0.83,1.07,1*0C
$GNGSA,A,3,74,,,,,,,,,,,,1.36,0.83,1.07,2*08
$GNGSA,A,3,,,,,,,,,,,,,1.36,0.83,1.07,3*0A
$GNGSA,A,3,08,03,04,14,,,,,,,,,1.36,0.83,1.07,4*07
$GPGSV,3,1,10,16,07,178,39.0,01,40,312,,31,82,234,39.0,30,34,069,,1*6A
$GPGSV,3,2,10,22,29,141,,11,20,277,,05,19,046,,20,16,316,38.7,1*77
$GPGSV,3,3,10,12,12,039,39.0,14,52,062,,1*7D
$GLGSV,1,1,04,72,20,329,,65,57,239,,82,24,079,,74,20,269,38.9,1*68
$GAGSV,1,1,00,7*73
$GBGSV,3,1,11,07,02,166,,08,72,352,39.3,09,57,275,,03,43,190,38.7,1*7B
$GBGSV,3,2,11,01,38,147,,02,30,229,,04,27,124,37.8,12,25,250,,1*60
$GBGSV,3,3,11,05,15,248,,14,08,241,39.2,06,74,337,,1*57
$GNRMC,030413.000,A,3859.9980,N,11613.9810,E,0.01,32.33,280612,,,A,V*3B
$GNVTG,32.33,T,,M,0.01,N,0.01,K,A*12
$GNZDA,030413.000,28,06,2012,,*40
$GNGGA,030414.000,3859.9980,N,11613.9810,E,1,9,0.83,-12.9,M,-6.8,M,,*4D
$PAIRACC,4.72,8.55*42
$GNGLL,3859.9980,N,11613.9810,E,030414.000,A,A*4E
$GNGSA,A,3,16,31,20,12,,,,,,,,,1.36,0.83,1.07,1*0C
$GNGSA,A,3,74,,,,,,,,,,,,1.36,0.83,1.07,2*08
$GNGSA,A,3,,,,,,,,,,,,,1.36,0.83,1.07,3*0A
$GNGSA,A,3,08,03,04,14,,,,,,,,,1.36,0.83,1.07,4*07
$GPGSV,3,1,10,16,07,178,38.7,01,40,312,,31,82,234,38.7,30,34,069,,1*6A
$GPGSV,3,2,10,22,29,141,,11,20,277,,05,19,046,,20,16,316,38.8,1*78
$GPGSV,3,3,10,12,12,039,38.8,14,52,062,,1*74
$GLGSV,1,1,04,72,20,329,,65,57,239,,82,24,079,,74,20,269,39.0,1*60
$GAGSV,1,1,00,7*73
$GBGSV,3,1,11,07,02,166,,08,72,352,39.4,09,57,275,,03,43,190,39.2,1*78
$GBGSV,3,2,11,01,38,147,,02,30,229,,04,27,124,39.1,12,25,250,,1*67
$GBGSV,3,3,11,05,15,248,,14,08,241,38.7,06,74,337,,1*53
$GNRMC,030414.000,A,3859.9980,N,11613.9810,E,0.01,35.10,280612,,,A,V*3A
$GNVTG,35.10,T,,M,0.01,N,0.01,K,A*14
$GNZDA,030414.000,28,06,2012,,*47
$GNGGA,030415.000,3859.9980,N,11613.9811,E,1,9,0.83,-12.9,M,-6.8,M,,*4D
$PAIRACC,4.65,8.43*43
$GNGLL,3859.9980,N,11613.9811,E,030415.000,A,A*4E
$GNGSA,A,3,16,31,20,12,,,,,,,,,1.36,0.83,1.07,1*0C
$GNGSA,A,3,74,,,,,,,,,,,,1.36,0.83,1.07,2*08
$GNGSA,A,3,,,,,,,,,,,,,1.36,0.83,1.07,3*0A
$GNGSA,A,3,08,03,04,14,,,,,,,,,1.36,0.83,1.07,4*07
$GPGSV,3,1,10,16,07,178,38.5,01,40,312,,31,82,234,39.0,30,34,069,,1*6E
$GPGSV,3,2,10,22,29,141,,11,20,277,,05,19,046,,20,16,316,38.8,1*78
$GPGSV,3,3,10,12,12,039,38.9,14,52,062,,1*75
$GLGSV,1,1,04,72,20,329,,65,57,239,,82,24,079,,74,20,269,39.2,1*62
$GAGSV,1,1,00,7*73
$GBGSV,3,1,11,07,02,166,,08,72,352,39.3,09,57,275,,03,43,190,38.6,1*7A
$GBGSV,3,2,11,01,38,147,,02,30,229,,04,27,124,38.2,12,25,250,,1*65
$GBGSV,3,3,11,05,15,248,,14,08,241,38.4,06,74,337,,1*50
$GNRMC,030415.000,A,3859.9980,N,11613.9811,E,0.01,54.08,280612,,,A,V*34
$GNVTG,54.08,T,,M,0.01,N,0.01,K,A*1A
$GNZDA,030415.000,28,06,2012,,*46
$GNGGA,030416.000,3859.9980,N,11613.9811,E,1,9,0.83,-12.9,M,-6.8,M,,*4E
$PAIRACC,4.71,8.92*4A
$GNGLL,3859.9980,N,11613.9811,E,030416.000,A,A*4D
$GNGSA,A,3,16,31,20,12,,,,,,,,,1.36,0.83,1.07,1*0C
$GNGSA,A,3,74,,,,,,,,,,,,1.36,0.83,1.07,2*08
$GNGSA,A,3,,,,,,,,,,,,,1.36,0.83,1.07,3*0A
$GNGSA,A,3,08,03,04,14,,,,,,,,,1.36,0.83,1.07,4*07
$GPGSV,3,1,10,16,07,178,39.0,01,40,312,,31,82,234,38.9,30,34,069,,1*62
$GPGSV,3,2,10,22,29,141,,11,20,277,,05,19,046,,20,16,316,38.8,1*78
$GPGSV,3,3,10,12,12,039,39.1,14,52,062,,1*7C
$GLGSV,1,1,04,72,20,329,,65,57,239,,82,24,079,,74,20,269,39.4,1*64
$GAGSV,1,1,00,7*73
$GBGSV,3,1,11,07,02,166,,08,72,352,39.5,09,57,275,,03,43,190,38.7,1*7D
$GBGSV,3,2,11,01,38,147,,02,30,229,,04,27,124,38.0,12,25,250,,1*67
$GBGSV,3,3,11,05,15,248,,14,08,241,38.9,06,74,337,,1*5D
$GNRMC,030416.000,A,3859.9980,N,11613.9811,E,0.01,41.56,280612,,,A,V*38
$GNVTG,41.56,T,,M,0.01,N,0.01,K,A*15
$GNZDA,030416.000,28,06,2012,,*45
$GNGGA,030417.000,3859.9980,N,11613.9811,E,1,9,0.83,-12.9,M,-6.8,M,,*4F
$PAIRACC,4.65,8.45*45
$GNGLL,3859.9980,N,11613.9811,E,030417.000,A,A*4C
$GNGSA,A,3,16,31,20,12,,,,,,,,,1.36,0.83,1.07,1*0C
$GNGSA,A,3,74,,,,,,,,,,,,1.36,0.83,1.07,2*08
$GNGSA,A,3,,,,,,,,,,,,,1.36,0.83,1.07,3*0A
$GNGSA,A,3,08,03,04,14,,,,,,,,,1.36,0.83,1.07,4*07
$GPGSV,3,1,10,16,07,178,38.5,01,40,312,,31,82,234,39.0,30,34,069,,1*6E
$GPGSV,3,2,10,22,29,141,,11,20,277,,05,19,046,,20,16,316,38.8,1*78
$GPGSV,3,3,10,12,12,039,38.7,14,52,062,,1*7B
$GLGSV,1,1,04,72,20,329,,65,57,239,,82,24,079,,74,20,269,39.2,1*62
$GAGSV,1,1,00,7*73
$GBGSV,3,1,11,07,02,166,,08,72,352,38.6,09,57,275,,03,43,190,39.0,1*79
$GBGSV,3,2,11,01,38,147,,02,30,229,,04,27,124,38.9,12,25,250,,1*6E
$GBGSV,3,3,11,05,15,248,,14,08,241,38.8,06,74,337,,1*5C
$GNRMC,030417.000,A,3859.9980,N,11613.9811,E,0.01,31.48,280612,,,A,V*31
$GNVTG,31.48,T,,M,0.01,N,0.01,K,A*1D
$GNZDA,030417.000,28,06,2012,,*44
$GNGGA,030418.000,3859.9980,N,11613.9811,E,1,9,0.83,-12.9,M,-6.8,M,,*40
$PAIRACC,4.70,8.51*44
$GNGLL,3859.9980,N,11613.9811,E,030418.000,A,A*43
$GNGSA,A,3,16,31,20,12,,,,,,,,,1.36,0.83,1.07,1*0C
$GNGSA,A,3,74,,,,,,,,,,,,1.36,0.83,1.07,2*08
$GNGSA,A,3,,,,,,,,,,,,,1.36,0.83,1.07,3*0A
$GNGSA,A,3,08,03,04,14,,,,,,,,,1.36,0.83,1.07,4*07
$GPGSV,3,1,10,16,07,178,38.3,01,40,312,,31,82,234,39.2,30,34,069,,1*6A
$GPGSV,3,2,10,22,29,141,,11,20,277,,05,19,046,,20,16,316,38.7,1*77
$GPGSV,3,3,10,12,12,039,39.1,14,52,062,,1*7C
$GLGSV,1,1,04,72,20,329,,65,57,239,,82,24,079,,74,20,269,39.2,1*62
$GAGSV,1,1,00,7*73
$GBGSV,3,1,11,07,02,166,,08,72,352,39.1,09,57,275,,03,43,190,38.5,1*7B
$GBGSV,3,2,11,01,38,147,,02,30,229,,04,27,124,38.2,12,25,250,,1*65
$GBGSV,3,3,11,05,15,248,,14,08,241,38.3,06,74,337,,1*57
$GNRMC,030418.000,A,3859.9980,N,11613.9811,E,0.01,44.77,280612,,,A,V*30
$GNVTG,44.77,T,,M,0.01,N,0.01,K,A*13
$GNZDA,030418.000,28,06,2012,,*4B
$GNGGA,030419.000,3859.9980,N,11613.9811,E,1,9,0.83,-12.9,M,-6.8,M,,*41
$PAIRACC,4.69,8.80*40
$GNGLL,3859.9980,N,11613.9811,E,030419.000,A,A*42
$GNGSA,A,3,16,31,20,12,,,,,,,,,1.36,0.83,1.07,1*0C
$GNGSA,A,3,74,,,,,,,,,,,,1.36,0.83,1.07,2*08
$GNGSA,A,3,,,,,,,,,,,,,1.36,0.83,1.07,3*0A
$GNGSA,A,3,08,03,04,14,,,,,,,,,1.36,0.83,1.07,4*07
$GPGSV,3,1,10,16,07,178,38.8,01,40,312,,31,82,234,38.7,30,34,069,,1*65
$GPGSV,3,2,10,22,29,141,,11,20,277,,05,19,046,,20,16,316,38.7,1*77
$GPGSV,3,3,10,12,12,039,38.7,14,52,062,,1*7B
$GLGSV,1,1,04,72,20,329,,65,57,239,,82,24,079,,74,20,269,38.8,1*69
$GAGSV,1,1,00,7*73
$GBGSV,3,1,11,07,02,166,,08,72,352,39.0,09,57,275,,03,43,190,38.6,1*79
$GBGSV,3,2,11,01,38,147,,02,30,229,,04,27,124,37.7,12,25,250,,1*6F
$GBGSV,3,3,11,05,15,248,,14,08,241,39.1,06,74,337,,1*54
$GNRMC,030419.000,A,3859.9980,N,11613.9811,E,0.01,38.30,280612,,,A,V*39
$GNVTG,38.30,T,,M,0.01,N,0.01,K,A*1B
$GNZDA,030419.000,28,06,2012,,*4A
$GNGGA,030420.000,3859.9980,N,11613.9811,E,1,9,0.83,-12.9,M,-6.8,M,,*4B
$PAIRACC,4.70,8.51*44
$GNGLL,3859.9980,N,11613.9811,E,030420.000,A,A*48
$GNGSA,A,3,16,31,20,12,,,,,,,,,1.36,0.83,1.07,1*0C
$GNGSA,A,3,74,,,,,,,,,,,,1.36,0.83,1.07,2*08
$GNGSA,A,3,,,,,,,,,,,,,1.36,0.83,1.07,3*0A
$GNGSA,A,3,08,03,04,14,,,,,,,,,1.36,0.83,1.07,4*07
$GPGSV,3,1,10,16,07,178,38.3,01,40,312,,31,82,234,39.4,30,34,069,,1*6C
$GPGSV,3,2,10,22,29,141,,11,20,277,,05,19,046,,20,16,316,38.7,1*77
$GPGSV,3,3,10,12,12,039,38.9,14,52,062,,1*75
$GLGSV,1,1,04,72,20,329,,65,57,239,,82,24,079,,74,20,269,39.0,1*60
$GAGSV,1,1,00,7*73
$GBGSV,3,1,11,07,02,166,,08,72,352,39.5,09,57,275,,03,43,190,38.8,1*72
$GBGSV,3,2,11,01,38,147,,02,30,229,,04,27,124,38.9,12,25,250,,1*6E
$GBGSV,3,3,11,05,15,248,,14,08,241,39.0,06,74,337,,1*55
$GNRMC,030420.000,A,3859.9980,N,11613.9811,E,0.01,30.28,280612,,,A,V*32
$GNVTG,30.28,T,,M,0.01,N,0.01,K,A*1A
$GNZDA,030420.000,28,06,2012,,*40
$GNGGA,030421.000,3859.9980,N,11613.9811,E,1,9,0.83,-12.9,M,-6.8,M,,*4A
$PAIRACC,4.64,8.55*45
$GNGLL,3859.9980,N,11613.9811,E,030421.000,A,A*49
$GNGSA,A,3,16,31,20,12,,,,,,,,,1.36,0.83,1.07,1*0C
$GNGSA,A,3,74,,,,,,,,,,,,1.36,0.83,1.07,2*08
$GNGSA,A,3,,,,,,,,,,,,,1.36,0.83,1.07,3*0A
$GNGSA,A,3,08,03,04,14,,,,,,,,,1.36,0.83,1.07,4*07
$GPGSV,3,1,10,16,07,178,38.3,01,40,312,,31,82,234,39.3,30,34,069,,1*6B
$GPGSV,3,2,10,22,29,141,,11,20,277,,05,19,046,,20,16,316,38.9,1*79
$GPGSV,3,3,10,12,12,039,39.3,14,52,062,,1*7E
$GLGSV,1,1,04,72,20,329,,65,57,239,,82,24,079,,74,20,269,39.0,1*60
$GAGSV,1,1,00,7*73
$GBGSV,3,1,11,07,02,166,,08,72,352,38.9,09,57,275,,03,43,190,38.6,1*71
$GBGSV,3,2,11,01,38,147,,02,30,229,,04,27,124,38.2,12,25,250,,1*65
$GBGSV,3,3,11,05,15,248,,14,08,241,38.5,06,74,337,,1*51
$GNRMC,030421.000,A,3859.9980,N,11613.9811,E,0.01,30.07,280612,,,A,V*3E
$GNVTG,30.07,T,,M,0.01,N,0.01,K,A*17
$GNZDA,030421.000,28,06,2012,,*41
$GNGGA,030422.000,3859.9980,N,11613.9811,E,1,9,0.83,-12.9,M,-6.8,M,,*49
$PAIRACC,4.69,8.52*4F
$GNGLL,3859.9980,N,11613.9811,E,030422.000,A,A*4A
$GNGSA,A,3,16,31,20,12,,,,,,,,,1.36,0.83,1.07,1*0C
$GNGSA,A,3,74,,,,,,,,,,,,1.36,0.83,1.07,2*08
$GNGSA,A,3,,,,,,,,,,,,,1.36,0.83,1.07,3*0A
$GNGSA,A,3,08,03,04,14,,,,,,,,,1.36,0.83,1.07,4*07
$GPGSV,3,1,10,16,07,178,38.7,01,40,312,,31,82,234,39.2,30,34,069,,1*6E
$GPGSV,3,2,10,22,29,141,,11,20,277,,05,19,046,,20,16,316,38.7,1*77
$GPGSV,3,3,10,12,12,039,39.0,14,52,062,,1*7D
$GLGSV,1,1,04,72,20,329,,65,57,239,,82,24,079,,74,20,269,39.2,1*62
$GAGSV,1,1,00,7*73
$GBGSV,3,1,11,07,02,166,,08,72,352,38.9,09,57,275,,03,43,190,38.5,1*72
$GBGSV,3,2,11,01,38,147,,02,30,229,,04,27,124,38.0,12,25,250,,1*67
$GBGSV,3,3,11,05,15,248,,14,08,241,38.6,06,74,337,,1*52
$GNRMC,030422.000,A,3859.9980,N,11613.9811,E,0.01,29.84,280612,,,A,V*3E
$GNVTG,29.84,T,,M,0.01,N,0.01,K,A*14
$GNZDA,030422.000,28,06,2012,,*42
$GNGGA,030423.000,3859.9980,N,11613.9811,E,1,9,0.83,-12.9,M,-6.8,M,,*48
$PAIRACC,4.66,8.39*4D
$GNGLL,3859.9980,N,11613.9811,E,030423.000,A,A*4B
$GNGSA,A,3,16,31,20,12,,,,,,,,,1.36,0.83,1.07,1*0C
$GNGSA,A,3,74,,,,,,,,,,,,1.36,0.83,1.07,2*08
$GNGSA,A,3,,,,,,,,,,,,,1.36,0.83,1.07,3*0A
$GNGSA,A,3,08,03,04,14,,,,,,,,,1.36,0.83,1.07,4*07
$GPGSV,3,1,10,16,07,178,38.6,01,40,312,,31,82,234,39.3,30,34,069,,1*6E
$GPGSV,3,2,10,22,29,141,,11,20,277,,05,19,046,,20,16,316,38.8,1*78
$GPGSV,3,3,10,12,12,039,39.2,14,52,062,,1*7F
$GLGSV,1,1,04,72,20,329,,65,57,239,,82,24,079,,74,20,269,39.1,1*61
$GAGSV,1,1,00,7*73
$GBGSV,3,1,11,07,02,166,,08,72,352,39.6,09,57,275,,03,43,190,38.8,1*71
$GBGSV,3,2,11,01,38,147,,02,30,229,,04,27,124,38.7,12,25,250,,1*60
$GBGSV,3,3,11,05,15,248,,14,08,241,38.3,06,74,337,,1*57
$GNRMC,030423.000,A,3859.9980,N,11613.9811,E,0.01,32.78,280612,,,A,V*36
$GNVTG,32.78,T,,M,0.01,N,0.01,K,A*1D
$GNZDA,030423.000,28,06,2012,,*43
$GNGGA,030424.000,3859.9980,N,11613.9811,E,1,9,0.83,-12.9,M,-6.8,M,,*4F
$PAIRACC,4.69,8.50*4D
$GNGLL,3859.9980,N,11613.9811,E,030424.000,A,A*4C
$GNGSA,A,3,16,31,20,12,,,,,,,,,1.36,0.83,1.07,1*0C
$GNGSA,A,3,74,,,,,,,,,,,,1.36,0.83,1.07,2*08
$GNGSA,A,3,,,,,,,,,,,,,1.36,0.83,1.07,3*0A
$GNGSA,A,3,08,03,04,14,,,,,,,,,1.36,0.83,1.07,4*07
$GPGSV,3,1,10,16,07,178,39.0,01,40,312,,31,82,234,39.3,30,34,069,,1*69
$GPGSV,3,2,10,22,29,141,,11,20,277,,05,19,046,,20,16,316,38.8,1*78
$GPGSV,3,3,10,12,12,039,39.2,14,52,062,,1*7F
$GLGSV,1,1,04,72,20,329,,65,57,239,,82,24,079,,74,20,269,38.8,1*69
$GAGSV,1,1,00,7*73
$GBGSV,3,1,11,07,02,166,,08,72,352,39.2,09,57,275,,03,43,190,38.6,1*7B
$GBGSV,3,2,11,01,38,147,,02,30,229,,04,27,124,38.2,12,25,250,,1*65
$GBGSV,3,3,11,05,15,248,,14,08,241,38.6,06,74,337,,1*52
$GNRMC,030424.000,A,3859.9980,N,11613.9811,E,0.01,38.95,280612,,,A,V*38
$GNVTG,38.95,T,,M,0.01,N,0.01,K,A*14
$GNZDA,030424.000,28,06,2012,,*44
$GNGGA,030425.000,3859.9980,N,11613.9811,E,1,9,0.83,-12.9,M,-6.8,M,,*4E
$PAIRACC,4.65,8.61*43
$GNGLL,3859.9980,N,11613.9811,E,030425.000,A,A*4D
$GNGSA,A,3,16,31,20,12,,,,,,,,,1.36,0.83,1.07,1*0C
$GNGSA,A,3,74,,,,,,,,,,,,1.36,0.83,1.07,2*08
$GNGSA,A,3,,,,,,,,,,,,,1.36,0.83,1.07,3*0A
$GNGSA,A,3,08,03,04,14,,,,,,,,,1.36,0.83,1.07,4*07
$GPGSV,3,1,10,16,07,178,38.8,01,40,312,,31,82,234,38.8,30,34,069,,1*6A
$GPGSV,3,2,10,22,29,141,,11,20,277,,05,19,046,,20,16,316,38.8,1*78
$GPGSV,3,3,10,12,12,039,38.8,14,52,062,,1*74
$GLGSV,1,1,04,72,20,329,,65,57,239,,82,24,079,,74,20,269,39.1,1*61
$GAGSV,1,1,00,7*73
$GBGSV,3,1,11,07,02,166,,08,72,352,39.2,09,57,275,,03,43,190,38.9,1*74
$GBGSV,3,2,11,01,38,147,,02,30,229,,04,27,124,37.8,12,25,250,,1*60
$GBGSV,3,3,11,05,15,248,,14,08,241,38.8,06,74,337,,1*5C
$GNRMC,030425.000,A,3859.9980,N,11613.9811,E,0.01,39.59,280612,,,A,V*38
$GNVTG,39.59,T,,M,0.01,N,0.01,K,A*15
$GNZDA,030425.000,28,06,2012,,*45
$GNGGA,030426.000,3859.9980,N,11613.9811,E,1,9,0.83,-12.9,M,-6.8,M,,*4D
$PAIRACC,4.70,8.68*4E
$GNGLL,3859.9980,N,11613.9811,E,030426.000,A,A*4E
$GNGSA,A,3,16,31,20,12,,,,,,,,,1.36,0.83,1.07,1*0C
$GNGSA,A,3,74,,,,,,,,,,,,1.36,0.83,1.07,2*08
$GNGSA,A,3,,,,,,,,,,,,,1.36,0.83,1.07,3*0A
$GNGSA,A,3,08,03,04,14,,,,,,,,,1.36,0.83,1.07,4*07
$GPGSV,3,1,10,16,07,178,38.8,01,40,312,,31,82,234,38.9,30,34,069,,1*6B
$GPGSV,3,2,10,22,29,141,,11,20,277,,05,19,046,,20,16,316,38.7,1*77
$GPGSV,3,3,10,12,12,039,38.9,14,52,062,,1*75
$GLGSV,1,1,04,72,20,329,,65,57,239,,82,24,079,,74,20,269,39.2,1*62
$GAGSV,1,1,00,7*73
$GBGSV,3,1,11,07,02,166,,08,72,352,39.0,09,57,275,,03,43,190,38.6,1*79
$GBGSV,3,2,11,01,38,147,,02,30,229,,04,27,124,38.8,12,25,250,,1*6F
$GBGSV,3,3,11,05,15,248,,14,08,241,39.0,06,74,337,,1*55
$GNRMC,030426.000,A,3859.9980,N,11613.9811,E,0.01,40.79,280612,,,A,V*37
$GNVTG,40.79,T,,M,0.01,N,0.01,K,A*19
$GNZDA,030426.000,28,06,2012,,*46
$GNGGA,030427.000,3859.9980,N,11613.9811,E,1,9,0.83,-12.8,M,-6.8,M,,*4D
$PAIRACC,4.67,8.43*41
$GNGLL,3859.9980,N,11613.9811,E,030427.000,A,A*4F
$GNGSA,A,3,16,31,20,12,,,,,,,,,1.36,0.83,1.07,1*0C
$GNGSA,A,3,74,,,,,,,,,,,,1.36,0.83,1.07,2*08
$GNGSA,A,3,,,,,,,,,,,,,1.36,0.83,1.07,3*0A
$GNGSA,A,3,08,03,04,14,,,,,,,,,1.36,0.83,1.07,4*07
$GPGSV,3,1,10,16,07,178,37.9,01,40,312,,31,82,234,38.5,30,34,069,,1*69
$GPGSV,3,2,10,22,29,141,,11,20,277,,05,19,046,,20,16,316,38.7,1*77
$GPGSV,3,3,10,12,12,039,38.9,14,52,062,,1*75
$GLGSV,1,1,04,72,20,329,,65,57,239,,82,24,079,,74,20,269,38.9,1*68
$GAGSV,1,1,00,7*73
$GBGSV,3,1,11,07,02,166,,08,72,352,39.5,09,57,275,,03,43,190,38.5,1*7F
$GBGSV,3,2,11,01,38,147,,02,30,229,,04,27,124,38.0,12,25,250,,1*67
$GBGSV,3,3,11,05,15,248,,14,08,241,38.9,06,74,337,,1*5D
$GNRMC,030427.000,A,3859.9980,N,11613.9811,E,0.01,28.86,280612,,,A,V*38
$GNVTG,28.86,T,,M,0.01,N,0.01,K,A*17
$GNZDA,030427.000,28,06,2012,,*47
$GNGGA,030428.000,3859.9981,N,11613.9811,E,1,9,0.83,-12.8,M,-6.8,M,,*43
$PAIRACC,4.63,8.41*47
$GNGLL,3859.9981,N,11613.9811,E,030428.000,A,A*41
$GNGSA,A,3,16,31,20,12,,,,,,,,,1.36,0.83,1.07,1*0C
$GNGSA,A,3,74,,,,,,,,,,,,1.36,0.83,1.07,2*08
$GNGSA,A,3,,,,,,,,,,,,,1.36,0.83,1.07,3*0A
$GNGSA,A,3,08,03,04,14,,,,,,,,,1.36,0.83,1.07,4*07
$GPGSV,3,1,10,16,07,178,38.9,01,40,312,,31,82,234,39.1,30,34,069,,1*63
$GPGSV,3,2,10,22,29,141,,11,20,277,,05,19,046,,20,16,316,38.9,1*79
$GPGSV,3,3,10,12,12,039,39.3,14,52,062,,1*7E
$GLGSV,1,1,04,72,20,329,,65,57,239,,82,24,079,,74,20,269,38.9,1*68
$GAGSV,1,1,00,7*73
$GBGSV,3,1,11,07,02,166,,08,72,352,39.2,09,57,275,,03,43,190,38.8,1*75
$GBGSV,3,2,11,01,38,147,,02,30,229,,04,27,124,37.8,12,25,250,,1*60
$GBGSV,3,3,11,05,15,248,,14,08,241,38.0,06,74,337,,1*54
$GNRMC,030428.000,A,3859.9981,N,11613.9811,E,0.01,29.96,280612,,,A,V*36
$GNVTG,29.96,T,,M,0.01,N,0.01,K,A*17
$GNZDA,030428.000,28,06,2012,,*48
$GNGGA,030429.000,3859.9981,N,11613.9811,E,1,9,0.83,-12.8,M,-6.8,M,,*42
$PAIRACC,4.69,8.64*4A
$GNGLL,3859.9981,N,11613.9811,E,030429.000,A,A*40
$GNGSA,A,3,16,31,20,12,,,,,,,,,1.36,0.83,1.07,1*0C
$GNGSA,A,3,74,,,,,,,,,,,,1.36,0.83,1.07,2*08
$GNGSA,A,3,,,,,,,,,,,,,1.36,0.83,1.07,3*0A
$GNGSA,A,3,08,03,04,14,,,,,,,,,1.36,0.83,1.07,4*07
$GPGSV,3,1,10,16,07,178,39.0,01,40,312,,31,82,234,39.2,30,34,069,,1*68
$GPGSV,3,2,10,22,29,141,,11,20,277,,05,19,046,,20,16,316,39.0,1*71
$GPGSV,3,3,10,12,12,039,38.7,14,52,062,,1*7B
$GLGSV,1,1,04,72,20,329,,65,57,239,,82,24,079,,74,20,269,39.2,1*62
$GAGSV,1,1,00,7*73
$GBGSV,3,1,11,07,02,166,,08,72,352,38.8,09,57,275,,03,43,190,38.8,1*7E
$GBGSV,3,2,11,01,38,147,,02,30,229,,04,27,124,38.8,12,25,250,,1*6F
$GBGSV,3,3,11,05,15,248,,14,08,241,39.2,06,74,337,,1*57
$GNRMC,030429.000,A,3859.9981,N,11613.9811,E,0.01,33.90,280612,,,A,V*3A
$GNVTG,33.90,T,,M,0.01,N,0.01,K,A*1A
$GNZDA,030429.000,28,06,2012,,*49
$GNGGA,030430.000,3859.9981,N,11613.9811,E,1,9,0.83,-12.8,M,-6.8,M,,*4A
$PAIRACC,4.65,8.44*44
$GNGLL,3859.9981,N,11613.9811,E,030430.000,A,A*48
$GNGSA,A,3,16,31,20,12,,,,,,,,,1.36,0.83,1.07,1*0C
$GNGSA,A,3,74,,,,,,,,,,,,1.36,0.83,1.07,2*08
$GNGSA,A,3,,,,,,,,,,,,,1.36,0.83,1.07,3*0A
$GNGSA,A,3,08,03,04,14,,,,,,,,,1.36,0.83,1.07,4*07
$GPGSV,3,1,10,16,07,178,38.6,01,40,312,,31,82,234,39.4,30,34,069,,1*69
$GPGSV,3,2,10,22,29,141,,11,20,277,,05,19,046,,20,16,316,39.0,1*71
$GPGSV,3,3,10,12,12,039,38.9,14,52,062,,1*75
$GLGSV,1,1,04,72,20,329,,65,57,239,,82,24,079,,74,20,269,39.2,1*62
$GAGSV,1,1,00,7*73
$GBGSV,3,1,11,07,02,166,,08,72,352,38.6,09,57,275,,03,43,190,38.6,1*7E
$GBGSV,3,2,11,01,38,147,,02,30,229,,04,27,124,37.8,12,25,250,,1*60
$GBGSV,3,3,11,05,15,248,,14,08,241,38.6,06,74,337,,1*52
$GNRMC,030430.000,A,3859.9981,N,11613.9811,E,0.01,66.90,280612,,,A,V*32
$GNVTG,66.90,T,,M,0.01,N,0.01,K,A*1A
$GNZDA,030430.000,28,06,2012,,*41
$GNGGA,030431.000,3859.9981,N,11613.9811,E,1,9,0.83,-12.8,M,-6.8,M,,*4B
$PAIRACC,4.73,8.74*40
$GNGLL,3859.9981,N,11613.9811,E,030431.000,A,A*49
$GNGSA,A,3,16,31,20,12,,,,,,,,,1.36,0.83,1.07,1*0C
$GNGSA,A,3,74,,,,,,,,,,,,1.36,0.83,1.07,2*08
$GNGSA,A,3,,,,,,,,,,,,,1.36,0.83,1.07,3*0A
$GNGSA,A,3,08,03,04,14,,,,,,,,,1.36,0.83,1.07,4*07
$GPGSV,3,1,10,16,07,178,38.5,01,40,312,,31,82,234,38.9,30,34,069,,1*66
$GPGSV,3,2,10,22,29,141,,11,20,277,,05,19,046,,20,16,316,38.5,1*75
$GPGSV,3,3,10,12,12,039,39.0,14,52,062,,1*7D
$GLGSV,1,1,04,72,20,329,,65,57,239,,82,24,079,,74,20,269,38.9,1*68
$GAGSV,1,1,00,7*73
$GBGSV,3,1,11,07,02,166,,08,72,352,38.7,09,57,275,,03,43,190,38.6,1*7F
$GBGSV,3,2,11,01,38,147,,02,30,229,,04,27,124,37.8,12,25,250,,1*60
$GBGSV,3,3,11,05,15,248,,14,08,241,39.2,06,74,337,,1*57
$GNRMC,030431.000,A,3859.9981,N,11613.9811,E,0.01,26.90,280612,,,A,V*37
$GNVTG,26.90,T,,M,0.01,N,0.01,K,A*1E
$GNZDA,030431.000,28,06,2012,,*40
$GNGGA,030432.000,3859.9981,N,11613.9811,E,1,9,0.83,-12.8,M,-6.8,M,,*48
$PAIRACC,4.64,8.41*40
$GNGLL,3859.9981,N,11613.9811,E,030432.000,A,A*4A
$GNGSA,A,3,16,31,20,12,,,,,,,,,1.36,0.83,1.07,1*0C
$GNGSA,A,3,74,,,,,,,,,,,,1.36,0.83,1.07,2*08
$GNGSA,A,3,,,,,,,,,,,,,1.36,0.83,1.07,3*0A
$GNGSA,A,3,08,03,04,14,,,,,,,,,1.36,0.83,1.07,4*07
$GPGSV,3,1,10,16,07,178,38.9,01,40,312,,31,82,234,39.2,30,34,069,,1*60
$GPGSV,3,2,10,22,29,141,,11,20,277,,05,19,046,,20,16,316,38.3,1*73
$GPGSV,3,3,10,12,12,039,39.2,14,52,062,,1*7F
$GLGSV,1,1,04,72,20,329,,65,57,239,,82,24,079,,74,20,269,39.1,1*61
$GAGSV,1,1,00,7*73
$GBGSV,3,1,11,07,02,166,,08,72,352,39.3,09,57,275,,03,43,190,38.7,1*7B
$GBGSV,3,2,11,01,38,147,,02,30,229,,04,27,124,38.8,12,25,250,,1*6F
$GBGSV,3,3,11,05,15,248,,14,08,241,39.1,06,74,337,,1*54
$GNRMC,030432.000,A,3859.9981,N,11613.9811,E,0.01,36.27,280612,,,A,V*39
$GNVTG,36.27,T,,M,0.01,N,0.01,K,A*13
$GNZDA,030432.000,28,06,2012,,*43
$GNGGA,030433.000,3859.9981,N,11613.9811,E,1,9,0.83,-12.8,M,-6.8,M,,*49
$PAIRACC,4.70,8.88*40
$GNGLL,3859.9981,N,11613.9811,E,030433.000,A,A*4B
$GNGSA,A,3,16,31,20,12,,,,,,,,,1.36,0.83,1.07,1*0C
$GNGSA,A,3,74,,,,,,,,,,,,1.36,0.83,1.07,2*08
$GNGSA,A,3,,,,,,,,,,,,,1.36,0.83,1.07,3*0A
$GNGSA,A,3,08,03,04,14,,,,,,,,,1.36,0.83,1.07,4*07
$GPGSV,3,1,10,16,07,178,38.7,01,40,312,,31,82,234,39.1,30,34,069,,1*6D
$GPGSV,3,2,10,22,29,141,,11,20,277,,05,19,046,,20,16,316,38.4,1*74
$GPGSV,3,3,10,12,12,039,38.9,14,52,062,,1*75
$GLGSV,1,1,04,72,20,329,,65,57,239,,82,24,079,,74,20,269,39.2,1*62
$GAGSV,1,1,00,7*73
$GBGSV,3,1,11,07,02,166,,08,72,352,38.9,09,57,275,,03,43,190,39.1,1*77
$GBGSV,3,2,11,01,38,147,,02,30,229,,04,27,124,38.5,12,25,250,,1*62
$GBGSV,3,3,11,05,15,248,,14,08,241,38.9,06,74,337,,1*5D
$GNRMC,030433.000,A,3859.9981,N,11613.9811,E,0.01,34.83,280612,,,A,V*34
$GNVTG,34.83,T,,M,0.01,N,0.01,K,A*1F
$GNZDA,030433.000,28,06,2012,,*42
$GNGGA,030434.000,3859.9981,N,11613.9811,E,1,9,0.83,-12.8,M,-6.8,M,,*4E
$PAIRACC,4.63,8.40*46
$GNGLL,3859.9981,N,11613.9811,E,030434.000,A,A*4C
$GNGSA,A,3,16,31,20,12,,,,,,,,,1.36,0.83,1.07,1*0C
$GNGSA,A,3,74,,,,,,,,,,,,1.36,0.83,1.07,2*08
$GNGSA,A,3,,,,,,,,,,,,,1.36,0.83,1.07,3*0A
$GNGSA,A,3,08,03,04,14,,,,,,,,,1.36,0.83,1.07,4*07
$GPGSV,3,1,10,16,07,178,38.6,01,40,312,,31,82,234,39.3,30,34,069,,1*6E
$GPGSV,3,2,10,22,29,141,,11,20,277,,05,19,046,,20,16,316,38.6,1*76
$GPGSV,3,3,10,12,12,039,39.0,14,52,062,,1*7D
$GLGSV,1,1,04,72,20,329,,65,57,239,,82,24,079,,74,20,269,39.3,1*63
$GAGSV,1,1,00,7*73
$GBGSV,3,1,11,07,02,166,,08,72,352,39.4,09,57,275,,03,43,190,38.6,1*7D
$GBGSV,3,2,11,01,38,147,,02,30,229,,04,27,124,38.0,12,25,250,,1*67
$GBGSV,3,3,11,05,15,248,,14,08,241,38.8,06,74,337,,1*5C
$GNRMC,030434.000,A,3859.9981,N,11613.9811,E,0.01,50.59,280612,,,A,V*36
$GNVTG,50.59,T,,M,0.01,N,0.01,K,A*1A
$GNZDA,030434.000,28,06,2012,,*45
$GNGGA,030435.000,3859.9981,N,11613.9811,E,1,9,0.83,-12.8,M,-6.8,M,,*4F
$PAIRACC,4.73,8.89*42
$GNGLL,3859.9981,N,11613.9811,E,030435.000,A,A*4D
$GNGSA,A,3,16,31,20,12,,,,,,,,,1.36,0.83,1.07,1*0C
$GNGSA,A,3,74,,,,,,,,,,,,1.36,0.83,1.07,2*08
$GNGSA,A,3,,,,,,,,,,,,,1.36,0.83,1.07,3*0A
$GNGSA,A,3,08,03,04,14,,,,,,,,,1.36,0.83,1.07,4*07
$GPGSV,3,1,10,16,07,178,39.0,01,40,312,,31,82,234,39.1,30,34,069,,1*6B
$GPGSV,3,2,10,22,29,141,,11,20,277,,05,19,046,,20,16,316,38.5,1*75
$GPGSV,3,3,10,12,12,039,38.8,14,52,062,,1*74
$GLGSV,1,1,04,72,20,329,,65,57,239,,82,24,079,,74,20,269,39.0,1*60
$GAGSV,1,1,00,7*73
$GBGSV,3,1,11,07,02,166,,08,72,352,38.3,09,57,275,,03,43,190,38.9,1*74
$GBGSV,3,2,11,01,38,147,,02,30,229,,04,27,124,38.2,12,25,250,,1*65
$GBGSV,3,3,11,05,15,248,,14,08,241,38.8,06,74,337,,1*5C
$GNRMC,030435.000,A,3859.9981,N,11613.9811,E,0.01,47.77,280612,,,A,V*3D
$GNVTG,47.77,T,,M,0.01,N,0.01,K,A*10
$GNZDA,030435.000,28,06,2012,,*44
$GNGGA,030436.000,3859.9981,N,11613.9811,E,1,9,0.83,-12.8,M,-6.8,M,,*4C
$PAIRACC,4.63,8.43*45
$GNGLL,3859.9981,N,11613.9811,E,030436.000,A,A*4E
$GNGSA,A,3,16,31,20,12,,,,,,,,,1.36,0.83,1.07,1*0C
$GNGSA,A,3,74,,,,,,,,,,,,1.36,0.83,1.07,2*08
$GNGSA,A,3,,,,,,,,,,,,,1.36,0.83,1.07,3*0A
$GNGSA,A,3,08,03,04,14,,,,,,,,,1.36,0.83,1.07,4*07
$GPGSV,3,1,10,16,07,178,38.4,01,40,312,,31,82,234,38.9,30,34,069,,1*67
$GPGSV,3,2,10,22,29,141,,11,20,277,,05,19,046,,20,16,316,38.7,1*77
$GPGSV,3,3,10,12,12,039,38.7,14,52,062,,1*7B
$GLGSV,1,1,04,72,20,329,,65,57,239,,82,24,079,,74,20,269,39.3,1*63
$GAGSV,1,1,00,7*73
$GBGSV,3,1,11,07,02,166,,08,72,352,39.3,09,57,275,,03,43,190,38.7,1*7B
$GBGSV,3,2,11,01,38,147,,02,30,229,,04,27,124,38.2,12,25,250,,1*65
$GBGSV,3,3,11,05,15,248,,14,08,241,38.5,06,74,337,,1*51
$GNRMC,030436.000,A,3859.9981,N,11613.9811,E,0.01,47.85,280612,,,A,V*33
$GNVTG,47.85,T,,M,0.01,N,0.01,K,A*1D
$GNZDA,030436.000,28,06,2012,,*47
$GNGGA,030437.000,3859.9981,N,11613.9811,E,1,9,0.83,-12.8,M,-6.8,M,,*4D
$PAIRACC,4.73,8.92*48
$GNGLL,3859.9981,N,11613.9811,E,030437.000,A,A*4F
$GNGSA,A,3,16,31,20,12,,,,,,,,,1.36,0.83,1.07,1*0C
$GNGSA,A,3,74,,,,,,,,,,,,1.36,0.83,1.07,2*08
$GNGSA,A,3,,,,,,,,,,,,,1.36,0.83,1.07,3*0A
$GNGSA,A,3,08,03,04,14,,,,,,,,,1.36,0.83,1.07,4*07
$GPGSV,3,1,10,16,07,178,38.7,01,40,312,,31,82,234,39.0,30,34,069,,1*6C
$GPGSV,3,2,10,22,29,141,,11,20,277,,05,19,046,,20,16,316,38.7,1*77
$GPGSV,3,3,10,12,12,039,38.9,14,52,062,,1*75
$GLGSV,1,1,04,72,20,329,,65,57,239,,82,24,079,,74,20,269,39.1,1*61
$GAGSV,1,1,00,7*73
$GBGSV,3,1,11,07,02,166,,08,72,352,39.1,09,57,275,,03,43,190,38.7,1*79
$GBGSV,3,2,11,01,38,147,,02,30,229,,04,27,124,38.0,12,25,250,,1*67
$GBGSV,3,3,11,05,15,248,,14,08,241,38.3,06,74,337,,1*57
$GNRMC,030437.000,A,3859.9981,N,11613.9811,E,0.01,37.55,280612,,,A,V*38
$GNVTG,37.55,T,,M,0.01,N,0.01,K,A*17
$GNZDA,030437.000,28,06,2012,,*46
$GNGGA,030438.000,3859.9981,N,11613.9811,E,1,9,0.83,-12.8,M,-6.8,M,,*42
$PAIRACC,4.63,8.44*42
$GNGLL,3859.9981,N,11613.9811,E,030438.000,A,A*40
$GNGSA,A,3,16,31,20,12,,,,,,,,,1.36,0.83,1.07,1*0C
$GNGSA,A,3,74,,,,,,,,,,,,1.36,0.83,1.07,2*08
$GNGSA,A,3,,,,,,,,,,,,,1.36,0.83,1.07,3*0A
$GNGSA,A,3,08,03,04,14,,,,,,,,,1.36,0.83,1.07,4*07
$GPGSV,3,1,10,16,07,178,39.2,01,40,312,,31,82,234,39.1,30,34,069,,1*69
$GPGSV,3,2,10,22,29,141,,11,20,277,,05,19,046,,20,16,316,38.6,1*76
$GPGSV,3,3,10,12,12,039,38.9,14,52,062,,1*75
$GLGSV,1,1,04,72,20,329,,65,57,239,,82,24,079,,74,20,269,39.5,1*65
$GAGSV,1,1,00,7*73
$GBGSV,3,1,11,07,02,166,,08,72,352,39.1,09,57,275,,03,43,190,38.6,1*78
$GBGSV,3,2,11,01,38,147,,02,30,229,,04,27,124,38.6,12,25,250,,1*61
$GBGSV,3,3,11,05,15,248,,14,08,241,38.6,06,74,337,,1*52
$GNRMC,030438.000,A,3859.9981,N,11613.9811,E,0.01,39.79,280612,,,A,V*37
$GNVTG,39.79,T,,M,0.01,N,0.01,K,A*17
$GNZDA,030438.000,28,06,2012,,*49
$GNGGA,030439.000,3859.9981,N,11613.9811,E,1,9,0.83,-12.8,M,-6.8,M,,*43
$PAIRACC,4.68,8.53*4F
$GNGLL,3859.9981,N,11613.9811,E,030439.000,A,A*41
$GNGSA,A,3,16,31,20,12,,,,,,,,,1.36,0.83,1.07,1*0C
$GNGSA,A,3,74,,,,,,,,,,,,1.36,0.83,1.07,2*08
$GNGSA,A,3,,,,,,,,,,,,,1.36,0.83,1.07,3*0A
$GNGSA,A,3,08,03,04,14,,,,,,,,,1.36,0.83,1.07,4*07
$GPGSV,3,1,10,16,07,178,39.1,01,40,312,,31,82,234,38.8,30,34,069,,1*62
$GPGSV,3,2,10,22,29,141,,11,20,277,,05,19,046,,20,16,316,38.9,1*79
$GPGSV,3,3,10,12,12,039,38.6,14,52,062,,1*7A
$GLGSV,1,1,04,72,20,329,,65,57,239,,82,24,079,,74,20,269,39.2,1*62
$GAGSV,1,1,00,7*73
$GBGSV,3,1,11,07,02,166,,08,72,352,39.7,09,57,275,,03,43,190,38.6,1*7E
$GBGSV,3,2,11,01,38,147,,02,30,229,,04,27,124,38.4,12,25,250,,1*63
$GBGSV,3,3,11,05,15,248,,14,08,241,38.6,06,74,337,,1*52
$GNRMC,030439.000,A,3859.9981,N,11613.9811,E,0.01,46.17,280612,,,A,V*36
$GNVTG,46.17,T,,M,0.01,N,0.01,K,A*17
$GNZDA,030439.000,28,06,2012,,*48
$GNGGA,030440.000,3859.9981,N,11613.9811,E,1,9,0.83,-12.8,M,-6.8,M,,*4D
$PAIRACC,4.69,8.44*48
$GNGLL,3859.9981,N,11613.9811,E,030440.000,A,A*4F
$GNGSA,A,3,16,31,20,12,,,,,,,,,1.36,0.83,1.07,1*0C
$GNGSA,A,3,74,,,,,,,,,,,,1.36,0.83,1.07,2*08
$GNGSA,A,3,,,,,,,,,,,,,1.36,0.83,1.07,3*0A
$GNGSA,A,3,08,03,04,14,,,,,,,,,1.36,0.83,1.07,4*07
$GPGSV,3,1,10,16,07,178,39.0,01,40,312,,31,82,234,39.3,30,34,069,,1*69
$GPGSV,3,2,10,22,29,141,,11,20,277,,05,19,046,,20,16,316,38.7,1*77
$GPGSV,3,3,10,12,12,039,38.6,14,52,062,,1*7A
$GLGSV,1,1,04,72,20,329,,65,57,239,,82,24,079,,74,20,269,39.0,1*60
$GAGSV,1,1,00,7*73
$GBGSV,3,1,11,07,02,166,,08,72,352,39.3,09,57,275,,03,43,190,38.5,1*79
$GBGSV,3,2,11,01,38,147,,02,30,229,,04,27,124,38.1,12,25,250,,1*66
$GBGSV,3,3,11,05,15,248,,14,08,241,39.2,06,74,337,,1*57
$GNRMC,030440.000,A,3859.9981,N,11613.9811,E,0.01,51.14,280612,,,A,V*3D
$GNVTG,51.14,T,,M,0.01,N,0.01,K,A*12
$GNZDA,030440.000,28,06,2012,,*46
$GNGGA,030441.000,3859.9981,N,11613.9811,E,1,9,0.83,-12.8,M,-6.8,M,,*4C
$PAIRACC,4.70,8.52*47
$GNGLL,3859.9981,N,11613.9811,E,030441.000,A,A*4E
$GNGSA,A,3,16,31,20,12,,,,,,,,,1.36,0.83,1.07,1*0C
$GNGSA,A,3,74,,,,,,,,,,,,1.36,0.83,1.07,2*08
$GNGSA,A,3,,,,,,,,,,,,,1.36,0.83,1.07,3*0A
$GNGSA,A,3,08,03,04,14,,,,,,,,,1.36,0.83,1.07,4*07
$GPGSV,3,1,10,16,07,178,38.6,01,40,312,,31,82,234,39.2,30,34,069,,1*6F
$GPGSV,3,2,10,22,29,141,,11,20,277,,05,19,046,,20,16,316,38.9,1*79
$GPGSV,3,3,10,12,12,039,38.9,14,52,062,,1*75
$GLGSV,1,1,04,72,20,329,,65,57,239,,82,24,079,,74,20,269,39.2,1*62
$GAGSV,1,1,00,7*73
$GBGSV,3,1,11,07,02,166,,08,72,352,39.2,09,57,275,,03,43,190,39.0,1*7C
$GBGSV,3,2,11,01,38,147,,02,30,229,,04,27,124,38.6,12,25,250,,1*61
$GBGSV,3,3,11,05,15,248,,14,08,241,39.1,06,74,337,,1*54
$GNRMC,030441.000,A,3859.9981,N,11613.9811,E,0.01,62.13,280612,,,A,V*3B
$GNVTG,62.13,T,,M,0.01,N,0.01,K,A*15
$GNZDA,030441.000,28,06,2012,,*47
$GNGGA,030442.000,3859.9981,N,11613.9811,E,1,9,0.83,-12.8,M,-6.8,M,,*4F
$PAIRACC,4.62,8.38*48
$GNGLL,3859.9981,N,11613.9811,E,030442.000,A,A*4D
$GNGSA,A,3,16,31,20,12,,,,,,,,,1.36,0.83,1.07,1*0C
$GNGSA,A,3,74,,,,,,,,,,,,1.36,0.83,1.07,2*08
$GNGSA,A,3,,,,,,,,,,,,,1.36,0.83,1.07,3*0A
$GNGSA,A,3,08,03,04,14,,,,,,,,,1.36,0.83,1.07,4*07
$GPGSV,3,1,10,16,07,178,39.2,01,40,312,,31,82,234,39.2,30,34,069,,1*6A
$GPGSV,3,2,10,22,29,141,,11,20,277,,05,19,046,,20,16,316,38.5,1*75
$GPGSV,3,3,10,12,12,039,39.4,14,52,062,,1*79
$GLGSV,1,1,04,72,20,329,,65,57,239,,82,24,079,,74,20,269,39.5,1*65
$GAGSV,1,1,00,7*73
$GBGSV,3,1,11,07,02,166,,08,72,352,39.7,09,57,275,,03,43,190,39.2,1*7B
$GBGSV,3,2,11,01,38,147,,02,30,229,,04,27,124,38.8,12,25,250,,1*6F
$GBGSV,3,3,11,05,15,248,,14,08,241,38.6,06,74,337,,1*52
$GNRMC,030442.000,A,3859.9981,N,11613.9811,E,0.01,66.50,280612,,,A,V*3B
$GNVTG,66.50,T,,M,0.01,N,0.01,K,A*16
$GNZDA,030442.000,28,06,2012,,*44
$GNGGA,030443.000,3859.9981,N,11613.9811,E,1,9,0.83,-12.8,M,-6.8,M,,*4E
$PAIRACC,4.75,8.92*4E
$GNGLL,3859.9981,N,11613.9811,E,030443.000,A,A*4C
$GNGSA,A,3,16,31,20,12,,,,,,,,,1.36,0.83,1.07,1*0C
$GNGSA,A,3,74,,,,,,,,,,,,1.36,0.83,1.07,2*08
$GNGSA,A,3,,,,,,,,,,,,,1.36,0.83,1.07,3*0A
$GNGSA,A,3,08,03,04,14,,,,,,,,,1.36,0.83,1.07,4*07
$GPGSV,3,1,10,16,07,178,38.8,01,40,312,,31,82,234,38.6,30,34,069,,1*64
$GPGSV,3,2,10,22,29,141,,11,20,277,,05,19,046,,20,16,316,38.7,1*77
$GPGSV,3,3,10,12,12,039,38.6,14,52,062,,1*7A
$GLGSV,1,1,04,72,20,329,,65,57,239,,82,24,079,,74,20,269,39.3,1*63
$GAGSV,1,1,00,7*73
$GBGSV,3,1,11,07,02,166,,08,72,352,39.2,09,57,275,,03,43,190,39.2,1*7E
$GBGSV,3,2,11,01,38,147,,02,30,229,,04,27,124,38.0,12,25,250,,1*67
$GBGSV,3,3,11,05,15,248,,14,08,241,39.1,06,74,337,,1*54
$GNRMC,030443.000,A,3859.9981,N,11613.9811,E,0.01,55.59,280612,,,A,V*33
$GNVTG,55.59,T,,M,0.01,N,0.01,K,A*1F
$GNZDA,030443.000,28,06,2012,,*45
$GNGGA,030444.000,3859.9981,N,11613.9811,E,1,9,0.83,-12.8,M,-6.8,M,,*49
$PAIRACC,4.62,8.40*47
$GNGLL,3859.9981,N,11613.9811,E,030444.000,A,A*4B
$GNGSA,A,3,16,31,20,12,,,,,,,,,1.36,0.83,1.07,1*0C
$GNGSA,A,3,74,,,,,,,,,,,,1.36,0.83,1.07,2*08
$GNGSA,A,3,,,,,,,,,,,,,1.36,0.83,1.07,3*0A
$GNGSA,A,3,08,03,04,14,,,,,,,,,1.36,0.83,1.07,4*07
$GPGSV,3,1,10,16,07,178,38.9,01,40,312,,31,82,234,39.2,30,34,069,,1*60
$GPGSV,3,2,10,22,29,141,,11,20,277,,05,19,046,,20,16,316,39.2,1*73
$GPGSV,3,3,10,12,12,039,39.1,14,52,062,,1*7C
$GLGSV,1,1,04,72,20,329,,65,57,239,,82,24,079,,74,20,269,39.6,1*66
$GAGSV,1,1,00,7*73
$GBGSV,3,1,11,07,02,166,,08,72,352,39.3,09,57,275,,03,43,190,38.9,1*75
$GBGSV,3,2,11,01,38,147,,02,30,229,,04,27,124,38.8,12,25,250,,1*6F
$GBGSV,3,3,11,05,15,248,,14,08,241,38.7,06,74,337,,1*53
$GNRMC,030444.000,A,3859.9981,N,11613.9811,E,0.01,57.73,280612,,,A,V*3E
$GNVTG,57.73,T,,M,0.01,N,0.01,K,A*15
$GNZDA,030444.000,28,06,2012,,*42
$GNGGA,030445.000,3859.9981,N,11613.9811,E,1,9,0.83,-12.8,M,-6.8,M,,*48
$PAIRACC,4.74,8.91*4C
$GNGLL,3859.9981,N,11613.9811,E,030445.000,A,A*4A
$GNGSA,A,3,16,31,20,12,,,,,,,,,1.36,0.83,1.07,1*0C
$GNGSA,A,3,74,,,,,,,,,,,,1.36,0.83,1.07,2*08
$GNGSA,A,3,,,,,,,,,,,,,1.36,0.83,1.07,3*0A
$GNGSA,A,3,08,03,04,14,,,,,,,,,1.36,0.83,1.07,4*07
$GPGSV,3,1,10,16,07,178,38.7,01,40,312,,31,82,234,38.8,30,34,069,,1*65
$GPGSV,3,2,10,22,29,141,,11,20,277,,05,19,046,,20,16,316,38.3,1*73
$GPGSV,3,3,10,12,12,039,39.0,14,52,062,,1*7D
$GLGSV,1,1,04,72,20,329,,65,57,239,,82,24,079,,74,20,269,39.2,1*62
$GAGSV,1,1,00,7*73
$GBGSV,3,1,11,07,02,166,,08,72,352,39.0,09,57,275,,03,43,190,38.6,1*79
$GBGSV,3,2,11,01,38,147,,02,30,229,,04,27,124,38.3,12,25,250,,1*64
$GBGSV,3,3,11,05,15,248,,14,08,241,38.8,06,74,337,,1*5C
$GNRMC,030445.000,A,3859.9981,N,11613.9811,E,0.01,48.94,280612,,,A,V*38
$GNVTG,48.94,T,,M,0.01,N,0.01,K,A*12
$GNZDA,030445.000,28,06,2012,,*43
$GNGGA,030446.000,3859.9981,N,11613.9811,E,1,9,0.83,-12.8,M,-6.8,M,,*4B
$PAIRACC,4.62,8.41*46
$GNGLL,3859.9981,N,11613.9811,E,030446.000,A,A*49
$GNGSA,A,3,16,31,20,12,,,,,,,,,1.36,0.83,1.07,1*0C
$GNGSA,A,3,74,,,,,,,,,,,,1.36,0.83,1.07,2*08
$GNGSA,A,3,,,,,,,,,,,,,1.36,0.83,1.07,3*0A
$GNGSA,A,3,08,03,04,14,,,,,,,,,1.36,0.83,1.07,4*07
$GPGSV,3,1,10,16,07,178,39.0,01,40,312,,31,82,234,38.6,30,34,069,,1*6D
$GPGSV,3,2,10,22,29,141,,11,20,277,,05,19,046,,20,16,316,38.9,1*79
$GPGSV,3,3,10,12,12,039,39.3,14,52,062,,1*7E
$GLGSV,1,1,04,72,20,329,,65,56,237,,82,24,079,,74,20,269,39.4,1*6B
$GAGSV,1,1,00,7*73
$GBGSV,3,1,11,07,02,166,,08,72,352,39.3,09,57,275,,03,43,190,38.6,1*7A
$GBGSV,3,2,11,01,38,147,,02,30,229,,04,27,124,37.7,12,25,250,,1*6F
$GBGSV,3,3,11,05,15,248,,14,08,241,39.0,06,74,337,,1*55
$GNRMC,030446.000,A,3859.9981,N,11613.9811,E,0.01,60.29,280612,,,A,V*37
$GNVTG,60.29,T,,M,0.01,N,0.01,K,A*1E
$GNZDA,030446.000,28,06,2012,,*40
$GNGGA,030447.000,3859.9981,N,11613.9811,E,1,9,0.83,-12.8,M,-6.8,M,,*4A
$PAIRACC,4.71,8.64*43
$GNGLL,3859.9981,N,11613.9811,E,030447.000,A,A*48
$GNGSA,A,3,16,31,20,12,,,,,,,,,1.36,0.83,1.07,1*0C
$GNGSA,A,3,74,,,,,,,,,,,,1.36,0.83,1.07,2*08
$GNGSA,A,3,,,,,,,,,,,,,1.36,0.83,1.07,3*0A
$GNGSA,A,3,08,03,04,14,,,,,,,,,1.36,0.83,1.07,4*07
$GPGSV,3,1,10,16,07,178,38.6,01,40,312,,31,82,234,39.4,30,34,069,,1*69
$GPGSV,3,2,10,22,29,141,,11,20,277,,05,19,046,,20,16,316,38.5,1*75
$GPGSV,3,3,10,12,12,039,38.9,14,52,062,,1*75
$GLGSV,1,1,04,72,20,329,,65,56,237,,82,24,079,,74,20,269,38.7,1*69
$GAGSV,1,1,00,7*73
$GBGSV,3,1,11,07,02,166,,08,72,352,38.9,09,57,275,,03,43,190,38.9,1*7E
$GBGSV,3,2,11,01,38,147,,02,30,229,,04,27,124,38.8,12,25,250,,1*6F
$GBGSV,3,3,11,05,15,248,,14,08,241,38.6,06,74,337,,1*52
$GNRMC,030447.000,A,3859.9981,N,11613.9811,E,0.01,44.66,280612,,,A,V*3B
$GNVTG,44.66,T,,M,0.01,N,0.01,K,A*13
$GNZDA,030447.000,28,06,2012,,*41
$GNGGA,030448.000,3859.9981,N,11613.9811,E,1,9,0.83,-12.8,M,-6.8,M,,*45
$PAIRACC,4.63,8.60*44
$GNGLL,3859.9981,N,11613.9811,E,030448.000,A,A*47
$GNGSA,A,3,16,31,20,12,,,,,,,,,1.36,0.83,1.07,1*0C
$GNGSA,A,3,74,,,,,,,,,,,,1.36,0.83,1.07,2*08
$GNGSA,A,3,,,,,,,,,,,,,1.36,0.83,1.07,3*0A
$GNGSA,A,3,08,03,04,14,,,,,,,,,1.36,0.83,1.07,4*07
$GPGSV,3,1,10,16,07,178,38.8,01,40,312,,31,82,234,39.3,30,34,069,,1*60
$GPGSV,3,2,10,22,29,141,,11,20,277,,05,19,046,,20,16,316,38.5,1*75
$GPGSV,3,3,10,12,12,039,39.2,14,52,062,,1*7F
$GLGSV,1,1,04,72,20,329,,65,56,237,,82,24,079,,74,20,269,39.4,1*6B
$GAGSV,1,1,00,7*73
$GBGSV,3,1,11,07,02,166,,08,72,352,39.4,09,57,275,,03,43,190,38.6,1*7D
$GBGSV,3,2,11,01,38,147,,02,30,229,,04,27,124,38.0,12,25,250,,1*67
$GBGSV,3,3,11,05,15,248,,14,08,241,38.8,06,74,337,,1*5C
$GNRMC,030448.000,A,3859.9981,N,11613.9811,E,0.01,47.84,280612,,,A,V*3B
$GNVTG,47.84,T,,M,0.01,N,0.01,K,A*1C
$GNZDA,030448.000,28,06,2012,,*4E
$GNGGA,030449.000,3859.9981,N,11613.9811,E,1,9,0.83,-12.8,M,-6.8,M,,*44
$PAIRACC,4.71,8.67*40
$GNGLL,3859.9981,N,11613.9811,E,030449.000,A,A*46
$GNGSA,A,3,16,31,20,12,,,,,,,,,1.36,0.83,1.07,1*0C
$GNGSA,A,3,74,,,,,,,,,,,,1.36,0.83,1.07,2*08
$GNGSA,A,3,,,,,,,,,,,,,1.36,0.83,1.07,3*0A
$GNGSA,A,3,08,03,04,14,,,,,,,,,1.36,0.83,1.07,4*07
$GPGSV,3,1,10,16,07,178,39.1,01,40,312,,31,82,234,38.3,30,34,069,,1*69
$GPGSV,3,2,10,22,29,141,,11,20,277,,05,19,046,,20,16,316,39.0,1*71
$GPGSV,3,3,10,12,12,039,39.0,14,52,062,,1*7D
$GLGSV,1,1,04,72,20,329,,65,56,237,,82,24,079,,74,20,269,39.5,1*6A
$GAGSV,1,1,00,7*73
$GBGSV,3,1,11,07,02,166,,08,72,352,39.4,09,57,275,,03,43,190,38.9,1*72
$GBGSV,3,2,11,01,38,147,,02,30,229,,04,27,124,37.5,12,25,250,,1*6D
$GBGSV,3,3,11,05,15,248,,14,08,241,38.4,06,74,337,,1*50
$GNRMC,030449.000,A,3859.9981,N,11613.9811,E,0.01,34.52,280612,,,A,V*35
$GNVTG,34.52,T,,M,0.01,N,0.01,K,A*13
$GNZDA,030449.000,28,06,2012,,*4F
$GNGGA,030450.000,3859.9981,N,11613.9811,E,1,9,0.83,-12.8,M,-6.8,M,,*4C
$PAIRACC,4.63,8.64*40
$GNGLL,3859.9981,N,11613.9811,E,030450.000,A,A*4E
$GNGSA,A,3,16,31,20,12,,,,,,,,,1.36,0.83,1.07,1*0C
$GNGSA,A,3,74,,,,,,,,,,,,1.36,0.83,1.07,2*08
$GNGSA,A,3,,,,,,,,,,,,,1.36,0.83,1.07,3*0A
$GNGSA,A,3,08,03,04,14,,,,,,,,,1.36,0.83,1.07,4*07
$GPGSV,3,1,10,16,07,178,38.7,01,40,312,,31,82,234,38.8,30,34,069,,1*65
$GPGSV,3,2,10,22,29,141,,11,20,277,,05,19,046,,20,16,316,38.7,1*77
$GPGSV,3,3,10,12,12,039,39.2,14,52,062,,1*7F
$GLGSV,1,1,04,72,20,329,,65,56,237,,82,24,079,,74,20,269,39.6,1*69
$GAGSV,1,1,00,7*73
$GBGSV,3,1,11,07,02,166,,08,72,352,38.8,09,57,275,,03,43,190,38.9,1*7F
$GBGSV,3,2,11,01,38,147,,02,30,229,,04,27,124,39.0,12,25,250,,1*66
$GBGSV,3,3,11,05,15,248,,14,08,241,38.8,06,74,337,,1*5C
$GNRMC,030450.000,A,3859.9981,N,11613.9811,E,0.01,34.60,280612,,,A,V*3C
$GNVTG,34.60,T,,M,0.01,N,0.01,K,A*12
$GNZDA,030450.000,28,06,2012,,*47
$GNGGA,030451.000,3859.9981,N,11613.9811,E,1,8,0.93,-12.8,M,-6.8,M,,*4D
$PAIRACC,4.70,8.50*45
$GNGLL,3859.9981,N,11613.9811,E,030451.000,A,A*4F
$GNGSA,A,3,16,31,12,,,,,,,,,,1.45,0.93,1.11,1*0C
$GNGSA,A,3,74,,,,,,,,,,,,1.45,0.93,1.11,2*0A
$GNGSA,A,3,,,,,,,,,,,,,1.45,0.93,1.11,3*08
$GNGSA,A,3,08,03,04,14,,,,,,,,,1.45,0.93,1.11,4*05
$GPGSV,3,1,10,16,07,178,38.7,01,40,312,,31,82,234,39.2,30,34,069,,1*6E
$GPGSV,3,2,10,22,29,141,,11,20,277,,05,19,046,,20,16,316,18.0,1*72
$GPGSV,3,3,10,12,12,039,39.3,14,52,062,,1*7E
$GLGSV,1,1,04,72,20,329,,65,56,237,,82,24,079,,74,20,269,38.8,1*66
$GAGSV,1,1,00,7*73
$GBGSV,3,1,11,07,02,166,,08,72,352,39.2,09,57,275,,03,43,190,38.9,1*74
$GBGSV,3,2,11,01,38,147,,02,30,229,,04,27,124,38.2,12,25,250,,1*65
$GBGSV,3,3,11,05,15,248,,14,08,241,39.4,06,74,337,,1*51
$GNRMC,030451.000,A,3859.9981,N,11613.9811,E,0.01,21.77,280612,,,A,V*3F
$GNVTG,21.77,T,,M,0.01,N,0.01,K,A*10
$GNZDA,030451.000,28,06,2012,,*46
$GNGGA,030452.000,3859.9981,N,11613.9811,E,1,9,0.87,-12.8,M,-6.8,M,,*4A
$PAIRACC,4.40,8.53*45
$GNGLL,3859.9981,N,11613.9811,E,030452.000,A,A*4C
$GNGSA,A,3,16,31,11,12,,,,,,,,,1.40,0.87,1.09,1*05
$GNGSA,A,3,74,,,,,,,,,,,,1.40,0.87,1.09,2*03
$GNGSA,A,3,,,,,,,,,,,,,1.40,0.87,1.09,3*01
$GNGSA,A,3,08,03,04,14,,,,,,,,,1.40,0.87,1.09,4*0C
$GPGSV,3,1,10,16,07,178,38.3,01,40,312,,31,82,234,39.2,30,34,069,,1*6A
$GPGSV,3,2,10,22,29,141,,11,20,277,38.9,05,19,046,,20,16,316,12.3,1*67
$GPGSV,3,3,10,12,12,039,39.1,14,52,062,,1*7C
$GLGSV,1,1,04,72,20,329,,65,56,237,,82,24,079,,74,20,269,39.0,1*6F
$GAGSV,1,1,00,7*73
$GBGSV,3,1,11,07,02,166,,08,72,352,39.0,09,57,275,,03,43,190,38.4,1*7B
$GBGSV,3,2,11,01,38,147,,02,30,229,,04,27,124,38.3,12,25,250,,1*64
$GBGSV,3,3,11,05,15,248,,14,08,241,39.5,06,74,337,,1*50
$GNRMC,030452.000,A,3859.9981,N,11613.9811,E,0.01,29.61,280612,,,A,V*33
$GNVTG,29.61,T,,M,0.01,N,0.01,K,A*1F
$GNZDA,030452.000,28,06,2012,,*45
$GNGGA,030453.000,3859.9982,N,11613.9811,E,1,9,0.87,-12.8,M,-6.8,M,,*48
$PAIRACC,4.45,8.52*41
$GNGLL,3859.9982,N,11613.9811,E,030453.000,A,A*4E
$GNGSA,A,3,16,31,11,12,,,,,,,,,1.40,0.87,1.09,1*05
$GNGSA,A,3,74,,,,,,,,,,,,1.40,0.87,1.09,2*03
$GNGSA,A,3,,,,,,,,,,,,,1.40,0.87,1.09,3*01
$GNGSA,A,3,08,03,04,14,,,,,,,,,1.40,0.87,1.09,4*0C
$GPGSV,3,1,10,16,07,178,39.0,01,40,312,,31,82,234,39.5,30,34,069,,1*6F
$GPGSV,3,2,10,22,29,141,,11,20,277,39.4,05,19,046,,20,16,316,11.5,1*6E
$GPGSV,3,3,10,12,12,039,39.1,14,52,062,,1*7C
$GLGSV,1,1,04,72,21,328,,65,56,237,,82,24,079,,74,20,269,39.1,1*6E
$GAGSV,1,1,00,7*73
$GBGSV,3,1,11,07,02,166,,08,72,352,38.9,09,57,275,,03,43,190,38.8,1*7F
$GBGSV,3,2,11,01,38,147,,02,30,229,,04,27,124,38.9,12,25,250,,1*6E
$GBGSV,3,3,11,05,15,248,,14,08,241,38.9,06,74,337,,1*5D
$GNRMC,030453.000,A,3859.9982,N,11613.9811,E,0.01,44.21,280612,,,A,V*3E
$GNVTG,44.21,T,,M,0.01,N,0.01,K,A*10
$GNZDA,030453.000,28,06,2012,,*44
$GNGGA,030454.000,3859.9982,N,11613.9812,E,1,9,0.87,-12.8,M,-6.8,M,,*4C
$PAIRACC,4.39,8.60*4B
$GNGLL,3859.9982,N,11613.9812,E,030454.000,A,A*4A
$GNGSA,A,3,16,31,11,12,,,,,,,,,1.40,0.87,1.09,1*05
$GNGSA,A,3,74,,,,,,,,,,,,1.40,0.87,1.09,2*03
$GNGSA,A,3,,,,,,,,,,,,,1.40,0.87,1.09,3*01
$GNGSA,A,3,08,03,04,14,,,,,,,,,1.40,0.87,1.09,4*0C
$GPGSV,3,1,10,16,07,178,39.0,01,40,312,,31,82,234,39.1,30,34,069,,1*6B
$GPGSV,3,2,10,22,29,141,,11,20,277,39.3,05,19,046,,20,16,316,12.4,1*6B
$GPGSV,3,3,10,12,12,039,39.3,14,52,062,,1*7E
$GLGSV,1,1,04,72,21,328,,65,56,237,,82,24,079,,74,20,269,38.8,1*66
$GAGSV,1,1,00,7*73
$GBGSV,3,1,11,07,02,166,,08,72,352,38.8,09,57,275,,03,43,190,38.7,1*71
$GBGSV,3,2,11,01,38,147,,02,30,229,,04,27,124,38.4,12,25,250,,1*63
$GBGSV,3,3,11,05,15,248,,14,08,241,39.2,06,74,337,,1*57
$GNRMC,030454.000,A,3859.9982,N,11613.9812,E,0.01,43.16,280612,,,A,V*39
$GNVTG,43.16,T,,M,0.01,N,0.01,K,A*13
$GNZDA,030454.000,28,06,2012,,*43
$GNGGA,030455.000,3859.9982,N,11613.9812,E,1,9,0.87,-12.8,M,-6.8,M,,*4D
$PAIRACC,4.48,8.52*4C
$GNGLL,3859.9982,N,11613.9812,E,030455.000,A,A*4B
$GNGSA,A,3,16,31,11,12,,,,,,,,,1.40,0.87,1.09,1*05
$GNGSA,A,3,74,,,,,,,,,,,,1.40,0.87,1.09,2*03
$GNGSA,A,3,,,,,,,,,,,,,1.40,0.87,1.09,3*01
$GNGSA,A,3,08,03,04,14,,,,,,,,,1.40,0.87,1.09,4*0C
$GPGSV,3,1,10,16,07,178,38.8,01,40,312,,31,82,234,39.0,30,34,069,,1*63
$GPGSV,3,2,10,22,29,141,,11,20,277,39.3,05,19,046,,20,16,316,10.6,1*6B
$GPGSV,3,3,10,12,12,039,39.3,14,52,062,,1*7E
$GLGSV,1,1,04,72,21,328,,65,56,237,,82,24,079,,74,20,270,39.0,1*67
$GAGSV,1,1,00,7*73
$GBGSV,3,1,11,07,02,166,,08,72,352,39.5,09,57,275,,03,43,190,38.5,1*7F
$GBGSV,3,2,11,01,38,147,,02,30,229,,04,27,124,38.2,12,25,250,,1*65
$GBGSV,3,3,11,05,15,248,,14,08,241,38.2,06,74,337,,1*56
$GNRMC,030455.000,A,3859.9982,N,11613.9812,E,0.01,47.25,280612,,,A,V*3C
$GNVTG,47.25,T,,M,0.01,N,0.01,K,A*17
$GNZDA,030455.000,28,06,2012,,*42
$GNGGA,030456.000,3859.9982,N,11613.9812,E,1,9,0.87,-12.8,M,-6.8,M,,*4E
$PAIRACC,4.39,8.40*49
$GNGLL,3859.9982,N,11613.9812,E,030456.000,A,A*48
$GNGSA,A,3,16,31,11,12,,,,,,,,,1.40,0.87,1.09,1*05
$GNGSA,A,3,74,,,,,,,,,,,,1.40,0.87,1.09,2*03
$GNGSA,A,3,,,,,,,,,,,,,1.40,0.87,1.09,3*01
$GNGSA,A,3,08,03,04,14,,,,,,,,,1.40,0.87,1.09,4*0C
$GPGSV,3,1,10,16,07,178,38.4,01,40,312,,31,82,234,39.0,30,34,069,,1*6F
$GPGSV,3,2,10,22,29,141,,11,20,277,39.1,05,19,046,,20,16,316,,1*70
$GPGSV,3,3,10,12,12,039,38.7,14,52,062,,1*7B
$GLGSV,1,1,04,72,21,328,,65,56,237,,82,24,079,,74,20,270,39.5,1*62
$GAGSV,1,1,00,7*73
$GBGSV,3,1,11,07,02,166,,08,72,352,39.3,09,57,275,,03,43,190,38.8,1*74
$GBGSV,3,2,11,01,38,147,,02,30,229,,04,27,124,38.9,12,25,250,,1*6E
$GBGSV,3,3,11,05,15,248,,14,08,241,38.9,06,74,337,,1*5D
$GNRMC,030456.000,A,3859.9982,N,11613.9812,E,0.01,36.53,280612,,,A,V*38
$GNVTG,36.53,T,,M,0.01,N,0.01,K,A*10
$GNZDA,030456.000,28,06,2012,,*41
$GNGGA,030457.000,3859.9982,N,11613.9812,E,1,9,0.87,-12.8,M,-6.8,M,,*4F
$PAIRACC,4.49,8.90*43
$GNGLL,3859.9982,N,11613.9812,E,030457.000,A,A*49
$GNGSA,A,3,16,31,11,12,,,,,,,,,1.40,0.87,1.09,1*05
$GNGSA,A,3,74,,,,,,,,,,,,1.40,0.87,1.09,2*03
$GNGSA,A,3,,,,,,,,,,,,,1.40,0.87,1.09,3*01
$GNGSA,A,3,08,03,04,14,,,,,,,,,1.40,0.87,1.09,4*0C
$GPGSV,3,1,10,16,07,178,38.6,01,40,312,,31,82,234,38.9,30,34,069,,1*65
$GPGSV,3,2,10,22,29,141,,11,20,277,39.0,05,19,046,,20,16,316,,1*71
$GPGSV,3,3,10,12,12,039,38.6,14,52,062,,1*7A
$GLGSV,1,1,04,72,21,328,,65,56,237,,82,24,079,,74,20,270,39.3,1*64
$GAGSV,1,1,00,7*73
$GBGSV,3,1,11,07,02,166,,08,72,352,39.3,09,57,275,,03,43,190,38.6,1*7A
$GBGSV,3,2,11,01,38,147,,02,30,229,,04,27,124,38.3,12,25,250,,1*64
$GBGSV,3,3,11,05,15,248,,14,08,241,38.7,06,74,337,,1*53
$GNRMC,030457.000,A,3859.9982,N,11613.9812,E,0.01,24.17,280612,,,A,V*3A
$GNVTG,24.17,T,,M,0.01,N,0.01,K,A*13
$GNZDA,030457.000,28,06,2012,,*40
$GNGGA,030458.000,3859.9982,N,11613.9812,E,1,9,0.87,-12.8,M,-6.8,M,,*40
$PAIRACC,4.38,8.39*46
$GNGLL,3859.9982,N,11613.9812,E,030458.000,A,A*46
$GNGSA,A,3,16,31,11,12,,,,,,,,,1.40,0.87,1.09,1*05
$GNGSA,A,3,74,,,,,,,,,,,,1.40,0.87,1.09,2*03
$GNGSA,A,3,,,,,,,,,,,,,1.40,0.87,1.09,3*01
$GNGSA,A,3,08,03,04,14,,,,,,,,,1.40,0.87,1.09,4*0C
$GPGSV,3,1,10,16,07,178,38.8,01,40,312,,31,82,234,38.6,30,34,069,,1*64
$GPGSV,3,2,10,22,29,141,,11,20,277,39.2,05,19,046,,20,16,316,,1*73
$GPGSV,3,3,10,12,12,039,39.2,14,52,062,,1*7F
$GLGSV,1,1,04,72,21,328,,65,56,237,,82,24,079,,74,20,270,39.3,1*64
$GAGSV,1,1,00,7*73
$GBGSV,3,1,11,07,02,166,,08,72,352,39.4,09,57,275,,03,43,190,38.5,1*7E
$GBGSV,3,2,11,01,38,147,,02,30,229,,04,27,124,38.3,12,25,250,,1*64
$GBGSV,3,3,11,05,15,248,,14,08,241,38.5,06,74,337,,1*51
$GNRMC,030458.000,A,3859.9982,N,11613.9812,E,0.01,53.58,280612,,,A,V*3E
$GNVTG,53.58,T,,M,0.01,N,0.01,K,A*18
$GNZDA,030458.000,28,06,2012,,*4F
$GNGGA,030459.000,3859.9982,N,11613.9812,E,1,9,0.87,-12.8,M,-6.8,M,,*41
$PAIRACC,4.48,8.63*4E
$GNGLL,3859.9982,N,11613.9812,E,030459.000,A,A*47
$GNGSA,A,3,16,31,11,12,,,,,,,,,1.40,0.87,1.09,1*05
$GNGSA,A,3,74,,,,,,,,,,,,1.40,0.87,1.09,2*03
$GNGSA,A,3,,,,,,,,,,,,,1.40,0.87,1.09,3*01
$GNGSA,A,3,08,03,04,14,,,,,,,,,1.40,0.87,1.09,4*0C
$GPGSV,3,1,10,16,07,178,38.9,01,40,312,,31,82,234,39.3,30,34,069,,1*61
$GPGSV,3,2,10,22,29,141,,11,20,277,38.6,05,19,046,,20,16,316,,1*76
$GPGSV,3,3,10,12,12,039,39.1,14,52,062,,1*7C
$GLGSV,1,1,04,72,21,328,,65,56,237,,82,24,079,,74,20,270,39.3,1*64
$GAGSV,1,1,00,7*73
$GBGSV,3,1,11,07,02,166,,08,72,352,38.7,09,57,275,,03,43,190,38.4,1*7D
$GBGSV,3,2,11,01,38,147,,02,30,229,,04,27,124,38.8,12,25,250,,1*6F
$GBGSV,3,3,11,05,15,248,,14,08,241,38.7,06,74,337,,1*53
$GNRMC,030459.000,A,3859.9982,N,11613.9812,E,0.01,67.61,280612,,,A,V*32
$GNVTG,67.61,T,,M,0.01,N,0.01,K,A*15
$GNZDA,030459.000,28,06,2012,,*4E
$GNGGA,030500.000,3859.9982,N,11613.9812,E,1,9,0.87,-12.8,M,-6.8,M,,*4C
$PAIRACC,4.40,8.60*45
$GNGLL,3859.9982,N,11613.9812,E,030500.000,A,A*4A
$GNGSA,A,3,16,31,11,12,,,,,,,,,1.40,0.87,1.09,1*05
$GNGSA,A,3,74,,,,,,,,,,,,1.40,0.87,1.09,2*03
$GNGSA,A,3,,,,,,,,,,,,,1.40,0.87,1.09,3*01
$GNGSA,A,3,08,03,04,14,,,,,,,,,1.40,0.87,1.09,4*0C
$GPGSV,3,1,10,16,07,178,38.5,01,40,312,,31,82,234,39.2,30,34,069,,1*6C
$GPGSV,3,2,10,22,29,141,,11,20,277,39.1,05,19,046,,20,16,316,,1*70
$GPGSV,3,3,10,12,12,039,39.6,14,52,062,,1*7B
$GLGSV,1,1,04,72,21,328,,65,56,237,,82,24,079,,74,20,270,39.8,1*6F
$GAGSV,1,1,00,7*73
$GBGSV,3,1,11,07,02,166,,08,72,352,38.8,09,57,275,,03,43,190,38.8,1*7E
$GBGSV,3,2,11,01,38,147,,02,30,229,,04,27,124,38.8,12,25,250,,1*6F
$GBGSV,3,3,11,05,15,248,,14,08,241,38.5,06,74,337,,1*51
$GNRMC,030500.000,A,3859.9982,N,11613.9812,E,0.01,64.94,280612,,,A,V*36
$GNVTG,64.94,T,,M,0.01,N,0.01,K,A*1C
$GNZDA,030500.000,28,06,2012,,*43
$GNGGA,030501.000,3859.9982,N,11613.9812,E,1,9,0.87,-12.8,M,-6.8,M,,*4D
$PAIRACC,4.45,8.50*43
$GNGLL,3859.9982,N,11613.9812,E,030501.000,A,A*4B
$GNGSA,A,3,16,31,11,12,,,,,,,,,1.40,0.87,1.09,1*05
$GNGSA,A,3,74,,,,,,,,,,,,1.40,0.87,1.09,2*03
$GNGSA,A,3,,,,,,,,,,,,,1.40,0.87,1.09,3*01
$GNGSA,A,3,08,03,04,14,,,,,,,,,1.40,0.87,1.09,4*0C
$GPGSV,3,1,10,16,07,178,38.5,01,40,312,,31,82,234,39.1,30,34,069,,1*6F
$GPGSV,3,2,10,22,29,141,,11,20,277,39.2,05,19,046,,20,16,316,,1*73
$GPGSV,3,3,10,12,12,039,39.0,14,52,062,,1*7D
$GLGSV,1,1,04,72,21,328,,65,56,237,,82,24,079,,74,20,270,39.0,1*67
$GAGSV,1,1,00,7*73
$GBGSV,3,1,11,07,02,166,,08,72,352,39.3,09,57,275,,03,43,190,38.5,1*79
$GBGSV,3,2,11,01,38,147,,02,30,229,,04,27,124,38.0,12,25,250,,1*67
$GBGSV,3,3,11,05,15,248,,14,08,241,39.3,06,74,337,,1*56
$GNRMC,030501.000,A,3859.9982,N,11613.9812,E,0.01,16.46,280612,,,A,V*3D
$GNVTG,16.46,T,,M,0.01,N,0.01,K,A*16
$GNZDA,030501.000,28,06,2012,,*42
$GNGGA,030502.000,3859.9982,N,11613.9812,E,1,9,0.87,-12.8,M,-6.8,M,,*4E
$PAIRACC,4.43,8.55*40
$GNGLL,3859.9982,N,11613.9812,E,030502.000,A,A*48
$GNGSA,A,3,16,31,11,12,,,,,,,,,1.40,0.87,1.09,1*05
$GNGSA,A,3,74,,,,,,,,,,,,1.40,0.87,1.09,2*03
$GNGSA,A,3,,,,,,,,,,,,,1.40,0.87,1.09,3*01
$GNGSA,A,3,08,03,04,14,,,,,,,,,1.40,0.87,1.09,4*0C
$GPGSV,3,1,10,16,07,178,38.6,01,40,312,,31,82,234,39.5,30,34,069,,1*68
$GPGSV,3,2,10,22,29,141,,11,20,277,39.0,05,19,046,,20,16,316,,1*71
$GPGSV,3,3,10,12,12,039,38.7,14,52,062,,1*7B
$GLGSV,1,1,04,72,21,328,,65,56,237,,82,24,079,,74,20,270,38.9,1*6F
$GAGSV,1,1,00,7*73
$GBGSV,3,1,11,07,02,166,,08,72,352,38.7,09,57,275,,03,43,190,38.7,1*7E
$GBGSV,3,2,11,01,38,147,,02,30,229,,04,27,124,38.8,12,25,250,,1*6F
$GBGSV,3,3,11,05,15,248,,14,08,241,38.9,06,74,337,,1*5D
$GNRMC,030502.000,A,3859.9982,N,11613.9812,E,0.01,61.77,280612,,,A,V*3C
$GNVTG,61.77,T,,M,0.01,N,0.01,K,A*14
$GNZDA,030502.000,28,06,2012,,*41
$GNGGA,030503.000,3859.9982,N,11613.9812,E,1,9,0.87,-12.8,M,-6.8,M,,*4F
$PAIRACC,4.41,8.60*44
$GNGLL,3859.9982,N,11613.9812,E,030503.000,A,A*49
$GNGSA,A,3,16,31,11,12,,,,,,,,,1.40,0.87,1.09,1*05
$GNGSA,A,3,74,,,,,,,,,,,,1.40,0.87,1.09,2*03
$GNGSA,A,3,,,,,,,,,,,,,1.40,0.87,1.09,3*01
$GNGSA,A,3,08,03,04,14,,,,,,,,,1.40,0.87,1.09,4*0C
$GPGSV,3,1,10,16,07,178,38.6,01,40,312,,31,82,234,39.4,30,34,069,,1*69
$GPGSV,3,2,10,22,29,141,,11,20,277,39.2,05,19,046,,20,16,316,,1*73
$GPGSV,3,3,10,12,12,039,39.3,14,52,062,,1*7E
$GLGSV,1,1,04,72,21,328,,65,56,237,,82,25,078,,74,20,270,39.1,1*66
$GAGSV,1,1,00,7*73
$GBGSV,3,1,11,07,02,166,,08,72,352,38.9,09,57,275,,03,43,190,38.5,1*72
$GBGSV,3,2,11,01,38,147,,02,30,229,,04,27,124,38.7,12,25,250,,1*60
$GBGSV,3,3,11,05,15,248,,14,08,241,39.3,06,74,337,,1*56
$GNRMC,030503.000,A,3859.9982,N,11613.9812,E,0.01,39.28,280612,,,A,V*3A
$GNVTG,39.28,T,,M,0.01,N,0.01,K,A*13
$GNZDA,030503.000,28,06,2012,,*40
$GNGGA,030504.000,3859.9982,N,11613.9812,E,1,9,0.87,-12.8,M,-6.8,M,,*48
$PAIRACC,4.48,8.66*4B
$GNGLL,3859.9982,N,11613.9812,E,030504.000,A,A*4E
$GNGSA,A,3,16,31,11,12,,,,,,,,,1.40,0.87,1.09,1*05
$GNGSA,A,3,74,,,,,,,,,,,,1.40,0.87,1.09,2*03
$GNGSA,A,3,,,,,,,,,,,,,1.40,0.87,1.09,3*01
$GNGSA,A,3,08,03,04,14,,,,,,,,,1.40,0.87,1.09,4*0C
$GPGSV,3,1,10,16,07,178,38.4,01,40,312,,31,82,234,39.1,30,34,069,,1*6E
$GPGSV,3,2,10,22,29,141,,11,20,277,39.1,05,19,046,,20,16,316,,1*70
$GPGSV,3,3,10,12,12,039,39.3,14,52,062,,1*7E
$GLGSV,1,1,04,72,21,328,,65,56,237,,82,25,078,,74,20,270,39.0,1*67
$GAGSV,1,1,00,7*73
$GBGSV,3,1,11,07,02,166,,08,72,352,38.8,09,57,275,,03,43,190,38.6,1*70
$GBGSV,3,2,11,01,38,147,,02,30,229,,04,27,124,38.2,12,25,250,,1*65
$GBGSV,3,3,11,05,15,248,,14,08,241,38.4,06,74,337,,1*50
$GNRMC,030504.000,A,3859.9982,N,11613.9812,E,0.01,41.20,280612,,,A,V*3A
$GNVTG,41.20,T,,M,0.01,N,0.01,K,A*14
$GNZDA,030504.000,28,06,2012,,*47
$GNGGA,030505.000,3859.9982,N,11613.9813,E,1,9,0.87,-12.8,M,-6.8,M,,*48
$PAIRACC,4.42,8.62*45
$GNGLL,3859.9982,N,11613.9813,E,030505.000,A,A*4E
$GNGSA,A,3,16,31,11,12,,,,,,,,,1.40,0.87,1.09,1*05
$GNGSA,A,3,74,,,,,,,,,,,,1.40,0.87,1.09,2*03
$GNGSA,A,3,,,,,,,,,,,,,1.40,0.87,1.09,3*01
$GNGSA,A,3,08,03,04,14,,,,,,,,,1.40,0.87,1.09,4*0C
$GPGSV,3,1,10,16,07,178,38.3,01,40,312,,31,82,234,39.2,30,34,069,,1*6A
$GPGSV,3,2,10,22,29,141,,11,20,277,39.1,05,19,046,,20,16,316,,1*70
$GPGSV,3,3,10,12,12,039,38.8,14,52,062,,1*74
$GLGSV,1,1,04,72,21,328,,65,56,237,,82,25,078,,74,20,270,38.9,1*6F
$GAGSV,1,1,00,7*73
$GBGSV,3,1,11,07,02,166,,08,72,352,39.0,09,57,275,,03,43,190,38.5,1*7A
$GBGSV,3,2,11,01,38,147,,02,30,229,,04,27,124,38.5,12,25,250,,1*62
$GBGSV,3,3,11,05,15,248,,14,08,241,39.1,06,74,337,,1*54
$GNRMC,030505.000,A,3859.9982,N,11613.9813,E,0.01,60.77,280612,,,A,V*3B
$GNVTG,60.77,T,,M,0.01,N,0.01,K,A*15
$GNZDA,030505.000,28,06,2012,,*46
$GNGGA,030506.000,3859.9982,N,11613.9813,E,1,9,0.87,-12.8,M,-6.8,M,,*4B
$PAIRACC,4.48,8.71*4D
$GNGLL,3859.9982,N,11613.9813,E,030506.000,A,A*4D
$GNGSA,A,3,16,31,11,12,,,,,,,,,1.40,0.87,1.09,1*05
$GNGSA,A,3,74,,,,,,,,,,,,1.40,0.87,1.09,2*03
$GNGSA,A,3,,,,,,,,,,,,,1.40,0.87,1.09,3*01
$GNGSA,A,3,08,03,04,14,,,,,,,,,1.40,0.87,1.09,4*0C
$GPGSV,3,1,10,16,07,178,38.1,01,40,312,,31,82,234,38.3,30,34,069,,1*68
$GPGSV,3,2,10,22,29,141,,11,20,277,38.8,05,19,046,,20,16,316,,1*78
$GPGSV,3,3,10,12,12,039,39.1,14,52,062,,1*7C
$GLGSV,1,1,04,72,21,328,,65,56,237,,82,25,078,,74,20,270,39.3,1*64
$GAGSV,1,1,00,7*73
$GBGSV,3,1,11,07,02,166,,08,72,352,38.7,09,57,275,,03,43,190,39.1,1*79
$GBGSV,3,2,11,01,38,147,,02,30,229,,04,27,124,37.8,12,25,250,,1*60
$GBGSV,3,3,11,05,15,248,,14,08,241,39.0,06,74,337,,1*55
$GNRMC,030506.000,A,3859.9982,N,11613.9813,E,0.01,52.82,280612,,,A,V*33
$GNVTG,52.82,T,,M,0.01,N,0.01,K,A*1E
$GNZDA,030506.000,28,06,2012,,*45
$GNGGA,030507.000,3859.9982,N,11613.9813,E,1,9,0.87,-12.8,M,-6.8,M,,*4A
$PAIRACC,4.40,8.39*49
$GNGLL,3859.9982,N,11613.9813,E,030507.000,A,A*4C
$GNGSA,A,3,16,31,11,12,,,,,,,,,1.40,0.87,1.09,1*05
$GNGSA,A,3,74,,,,,,,,,,,,1.40,0.87,1.09,2*03
$GNGSA,A,3,,,,,,,,,,,,,1.40,0.87,1.09,3*01
$GNGSA,A,3,08,03,04,14,,,,,,,,,1.40,0.87,1.09,4*0C
$GPGSV,3,1,10,16,07,178,38.9,01,40,312,,31,82,234,39.3,30,34,069,,1*61
$GPGSV,3,2,10,22,29,141,,11,20,277,39.2,05,19,046,,20,16,316,,1*73
$GPGSV,3,3,10,12,12,039,39.1,14,52,062,,1*7C
$GLGSV,1,1,04,72,21,328,,65,56,237,,82,25,078,,74,20,270,39.2,1*65
$GAGSV,1,1,00,7*73
$GBGSV,3,1,11,07,02,166,,08,72,352,39.4,09,57,275,,03,43,190,38.7,1*7C
$GBGSV,3,2,11,01,38,147,,02,30,229,,04,27,124,37.9,12,25,250,,1*61
$GBGSV,3,3,11,05,15,248,,14,08,241,38.6,06,74,337,,1*52
$GNRMC,030507.000,A,3859.9982,N,11613.9813,E,0.01,52.40,280612,,,A,V*3C
$GNVTG,52.40,T,,M,0.01,N,0.01,K,A*10
$GNZDA,030507.000,28,06,2012,,*44
$GNGGA,030508.000,3859.9982,N,11613.9813,E,1,9,0.87,-12.8,M,-6.8,M,,*45
$PAIRACC,4.42,8.78*4E
$GNGLL,3859.9982,N,11613.9813,E,030508.000,A,A*43
$GNGSA,A,3,16,31,11,12,,,,,,,,,1.40,0.87,1.09,1*05
$GNGSA,A,3,74,,,,,,,,,,,,1.40,0.87,1.09,2*03
$GNGSA,A,3,,,,,,,,,,,,,1.40,0.87,1.09,3*01
$GNGSA,A,3,08,03,04,14,,,,,,,,,1.40,0.87,1.09,4*0C
$GPGSV,3,1,10,16,07,178,38.8,01,40,312,,31,82,234,39.2,30,34,069,,1*61
$GPGSV,3,2,10,22,29,141,,11,20,277,38.8,05,19,046,,20,16,316,,1*78
$GPGSV,3,3,10,12,12,039,39.3,14,52,062,,1*7E
$GLGSV,1,1,04,72,21,328,,65,56,237,,82,25,078,,74,20,270,39.1,1*66
$GAGSV,1,1,00,7*73
$GBGSV,3,1,11,07,02,166,,08,72,352,39.1,09,57,275,,03,43,190,38.9,1*77
$GBGSV,3,2,11,01,38,147,,02,30,229,,04,27,124,38.4,12,25,250,,1*63
$GBGSV,3,3,11,05,15,248,,14,08,241,38.9,06,74,337,,1*5D
$GNRMC,030508.000,A,3859.9982,N,11613.9813,E,0.01,43.38,280612,,,A,V*3C
$GNVTG,43.38,T,,M,0.01,N,0.01,K,A*1F
$GNZDA,030508.000,28,06,2012,,*4B
$GNGGA,030509.000,3859.9982,N,11613.9813,E,1,9,0.87,-12.8,M,-6.8,M,,*44
$PAIRACC,4.44,8.49*4A
$GNGLL,3859.9982,N,11613.9813,E,030509.000,A,A*42
$GNGSA,A,3,16,31,11,12,,,,,,,,,1.40,0.87,1.09,1*05
$GNGSA,A,3,74,,,,,,,,,,,,1.40,0.87,1.09,2*03
$GNGSA,A,3,,,,,,,,,,,,,1.40,0.87,1.09,3*01
$GNGSA,A,3,08,03,04,14,,,,,,,,,1.40,0.87,1.09,4*0C
$GPGSV,3,1,10,16,07,178,38.6,01,40,312,,31,82,234,39.2,30,34,069,,1*6F
$GPGSV,3,2,10,22,29,141,,11,20,277,38.8,05,19,046,,20,16,316,,1*78
$GPGSV,3,3,10,12,12,039,39.1,14,52,062,,1*7C
$GLGSV,1,1,04,72,21,328,,65,56,237,,82,25,078,,74,20,270,39.2,1*65
$GAGSV,1,1,00,7*73
$GBGSV,3,1,11,07,02,166,,08,72,352,39.8,09,57,275,,03,43,190,38.9,1*7E
$GBGSV,3,2,11,01,38,147,,02,30,229,,04,27,124,38.3,12,25,250,,1*64
$GBGSV,3,3,11,05,15,248,,14,08,241,38.5,06,74,337,,1*51
$GNRMC,030509.000,A,3859.9982,N,11613.9813,E,0.01,41.30,280612,,,A,V*37
$GNVTG,41.30,T,,M,0.01,N,0.01,K,A*15
$GNZDA,030509.000,28,06,2012,,*4A
$GNGGA,030510.000,3859.9982,N,11613.9813,E,1,9,0.87,-12.8,M,-6.8,M,,*4C
$PAIRACC,4.44,8.78*48
$GNGLL,3859.9982,N,11613.9813,E,030510.000,A,A*4A
$GNGSA,A,3,16,31,11,12,,,,,,,,,1.40,0.87,1.09,1*05
$GNGSA,A,3,74,,,,,,,,,,,,1.40,0.87,1.09,2*03
$GNGSA,A,3,,,,,,,,,,,,,1.40,0.87,1.09,3*01
$GNGSA,A,3,08,03,04,14,,,,,,,,,1.40,0.87,1.09,4*0C
$GPGSV,3,1,10,16,07,178,39.0,01,40,312,,31,82,234,39.0,30,34,069,,1*6A
$GPGSV,3,2,10,22,29,141,,11,20,277,38.7,05,19,046,,20,16,316,,1*77
$GPGSV,3,3,10,12,12,039,39.3,14,52,062,,1*7E
$GLGSV,1,1,04,72,21,328,,65,56,237,,82,25,078,,74,20,270,39.5,1*62
$GAGSV,1,1,00,7*73
$GBGSV,3,1,11,07,02,166,,08,72,352,39.1,09,57,275,,03,43,190,38.8,1*76
$GBGSV,3,2,11,01,38,147,,02,30,229,,04,27,124,38.3,12,25,250,,1*64
$GBGSV,3,3,11,05,15,248,,14,08,241,38.3,06,74,337,,1*57
$GNRMC,030510.000,A,3859.9982,N,11613.9813,E,0.01,40.20,280612,,,A,V*3F
$GNVTG,40.20,T,,M,0.01,N,0.01,K,A*15
$GNZDA,030510.000,28,06,2012,,*42
$GNGGA,030511.000,3859.9982,N,11613.9813,E,1,9,0.87,-12.8,M,-6.8,M,,*4D
$PAIRACC,4.44,8.54*46
$GNGLL,3859.9982,N,11613.9813,E,030511.000,A,A*4B
$GNGSA,A,3,16,31,11,12,,,,,,,,,1.40,0.87,1.09,1*05
$GNGSA,A,3,74,,,,,,,,,,,,1.40,0.87,1.09,2*03
$GNGSA,A,3,,,,,,,,,,,,,1.40,0.87,1.09,3*01
$GNGSA,A,3,08,03,04,14,,,,,,,,,1.40,0.87,1.09,4*0C
$GPGSV,3,1,10,16,07,178,38.9,01,40,312,,31,82,234,39.0,30,34,069,,1*62
$GPGSV,3,2,10,22,29,141,,11,20,277,38.8,05,19,046,,20,16,316,,1*78
$GPGSV,3,3,10,12,12,039,39.4,14,52,062,,1*79
$GLGSV,1,1,04,72,21,328,,65,56,237,,82,25,078,,74,20,270,39.2,1*65
$GAGSV,1,1,00,7*73
$GBGSV,3,1,11,07,02,166,,08,72,352,38.9,09,57,275,,03,43,190,38.7,1*70
$GBGSV,3,2,11,01,38,147,,02,30,229,,04,27,124,38.6,12,25,250,,1*61
$GBGSV,3,3,11,05,15,248,,14,08,241,38.6,06,74,337,,1*52
$GNRMC,030511.000,A,3859.9982,N,11613.9813,E,0.01,51.19,280612,,,A,V*34
$GNVTG,51.19,T,,M,0.01,N,0.01,K,A*1F
$GNZDA,030511.000,28,06,2012,,*43
$GNGGA,030512.000,3859.9983,N,11613.9813,E,1,9,0.87,-12.8,M,-6.8,M,,*4F
$PAIRACC,4.43,8.62*44
$GNGLL,3859.9983,N,11613.9813,E,030512.000,A,A*49
$GNGSA,A,3,16,31,11,12,,,,,,,,,1.40,0.87,1.09,1*05
$GNGSA,A,3,74,,,,,,,,,,,,1.40,0.87,1.09,2*03
$GNGSA,A,3,,,,,,,,,,,,,1.40,0.87,1.09,3*01
$GNGSA,A,3,08,03,04,14,,,,,,,,,1.40,0.87,1.09,4*0C
$GPGSV,3,1,10,16,07,178,38.9,01,40,312,,31,82,234,39.0,30,34,069,,1*62
$GPGSV,3,2,10,22,29,141,,11,20,277,39.0,05,19,046,,20,16,316,,1*71
$GPGSV,3,3,10,12,12,039,39.3,14,52,062,,1*7E
$GLGSV,1,1,04,72,21,328,,65,56,237,,82,25,078,,74,20,270,39.1,1*66
$GAGSV,1,1,00,7*73
$GBGSV,3,1,11,07,02,166,,08,72,352,39.4,09,57,275,,03,43,190,38.6,1*7D
$GBGSV,3,2,11,01,38,147,,02,30,229,,04,27,124,38.4,12,25,250,,1*63
$GBGSV,3,3,11,05,15,248,,14,08,241,38.9,06,74,337,,1*5D
$GNRMC,030512.000,A,3859.9983,N,11613.9813,E,0.01,32.78,280612,,,A,V*34
$GNVTG,32.78,T,,M,0.01,N,0.01,K,A*1D
$GNZDA,030512.000,28,06,2012,,*40
$GNGGA,030513.000,3859.9983,N,11613.9813,E,1,9,0.87,-12.8,M,-6.8,M,,*4E
$PAIRACC,4.45,8.67*47
$GNGLL,3859.9983,N,11613.9813,E,030513.000,A,A*48
$GNGSA,A,3,16,31,11,12,,,,,,,,,1.40,0.87,1.09,1*05
$GNGSA,A,3,74,,,,,,,,,,,,1.40,0.87,1.09,2*03
$GNGSA,A,3,,,,,,,,,,,,,1.40,0.87,1.09,3*01
$GNGSA,A,3,08,03,04,14,,,,,,,,,1.40,0.87,1.09,4*0C
$GPGSV,3,1,10,16,07,178,39.0,01,40,312,,31,82,234,39.1,30,34,069,,1*6B
$GPGSV,3,2,10,22,29,141,,11,20,277,38.5,05,19,046,,20,16,316,,1*75
$GPGSV,3,3,10,12,12,039,38.9,14,52,062,,1*75
$GLGSV,1,1,04,72,21,328,,65,56,237,,82,25,078,,74,20,270,39.1,1*66
$GAGSV,1,1,00,7*73
$GBGSV,3,1,11,07,02,166,,08,72,352,38.9,09,57,275,,03,43,190,38.8,1*7F
$GBGSV,3,2,11,01,38,147,,02,30,229,,04,27,124,38.1,12,25,250,,1*66
$GBGSV,3,3,11,05,15,248,,14,08,241,39.0,06,74,337,,1*55
$GNRMC,030513.000,A,3859.9983,N,11613.9813,E,0.01,9.77,280612,,,A,V*02
$GNVTG,9.77,T,,M,0.01,N,0.01,K,A*2A
$GNZDA,030513.000,28,06,2012,,*41
