$GNGGA,204108.000,3900.0023,N,11613.9796,E,1,11,0.73,-12.9,M,-6.8,M,,*73
$PAIRACC,3.66,8.30*43
$GNGLL,3900.0023,N,11613.9796,E,204108.000,A,A*46
$GNGSA,A,3,29,24,27,16,,,,,,,,,1.31,0.73,1.09,1*01
$GNGSA,A,3,85,83,67,,,,,,,,,,1.31,0.73,1.09,2*0A
$GNGSA,A,3,,,,,,,,,,,,,1.31,0.73,1.09,3*0C
$GNGSA,A,3,05,07,11,03,,,,,,,,,1.31,0.73,1.09,4*0A
$GPGSV,3,1,12,08,02,045,,29,58,205,39.7,26,54,082,,24,72,053,39.5,1*67
$GPGSV,3,2,12,21,49,312,,18,33,254,,10,29,055,,27,12,071,39.3,1*7F
$GPGSV,3,3,12,16,08,302,39.7,02,03,112,,22,03,247,,15,63,120,,1*79
$GLGSV,2,1,06,85,16,328,39.9,68,39,062,,79,33,147,,83,18,217,39.7,1*7A
$GLGSV,2,2,06,70,08,289,,67,07,086,40.0,1*60
$GAGSV,1,1,00,7*73
$GBGSV,3,1,12,09,04,184,,01,38,147,,08,31,168,,02,30,229,,1*72
$GBGSV,3,2,12,04,27,125,,10,27,215,,06,24,166,,05,16,249,39.0,1*69
$GBGSV,3,3,12,07,13,190,39.4,11,05,034,37.9,13,04,033,,03,45,191,38.9,1*68
$GNRMC,204108.000,A,3900.0023,N,11613.9796,E,0.01,340.31,280612,,,A,V*00
$GNVTG,340.31,T,,M,0.01,N,0.02,K,A*25
$GNZDA,204108.000,28,06,2012,,*4A
$GNGGA,204109.000,3900.0023,N,11613.9796,E,1,11,0.73,-12.9,M,-6.8,M,,*72
$PAIRACC,3.70,8.34*40
$GNGLL,3900.0023,N,11613.9796,E,204109.000,A,A*47
$GNGSA,A,3,29,24,27,16,,,,,,,,,1.31,0.73,1.09,1*01
$GNGSA,A,3,85,83,67,,,,,,,,,,1.31,0.73,1.09,2*0A
$GNGSA,A,3,,,,,,,,,,,,,1.31,0.73,1.09,3*0C
$GNGSA,A,3,05,07,11,03,,,,,,,,,1.31,0.73,1.09,4*0A
$GPGSV,3,1,12,08,02,045,,29,58,205,39.5,26,54,082,,24,72,053,39.8,1*68
$GPGSV,3,2,12,21,49,312,,18,33,254,,10,29,055,,27,12,071,39.5,1*79
$GPGSV,3,3,12,16,08,302,40.0,02,03,112,,22,03,247,,15,63,120,,1*70
$GLGSV,2,1,06,85,16,328,39.8,68,39,062,,79,33,147,,83,18,217,39.9,1*75
$GLGSV,2,2,06,70,08,289,,67,07,086,39.6,1*68
$GAGSV,1,1,00,7*73
$GBGSV,3,1,12,09,04,184,,01,38,147,,08,31,168,,02,30,229,,1*72
$GBGSV,3,2,12,04,27,125,,10,27,215,,06,24,166,,05,16,249,38.7,1*6F
$GBGSV,3,3,12,07,13,190,38.4,11,05,034,39.0,13,04,033,,03,45,191,38.7,1*60
$GNRMC,204109.000,A,3900.0023,N,11613.9796,E,0.01,343.22,280612,,,A,V*00
$GNVTG,343.22,T,,M,0.01,N,0.02,K,A*24
$GNZDA,204109.000,28,06,2012,,*4B
$GNGGA,204110.000,3900.0023,N,11613.9796,E,1,11,0.73,-12.8,M,-6.8,M,,*7B
$PAIRACC,3.67,8.29*4A
$GNGLL,3900.0023,N,11613.9796,E,204110.000,A,A*4F
$GNGSA,A,3,29,24,27,16,,,,,,,,,1.31,0.73,1.09,1*01
$GNGSA,A,3,85,83,67,,,,,,,,,,1.31,0.73,1.09,2*0A
$GNGSA,A,3,,,,,,,,,,,,,1.31,0.73,1.09,3*0C
$GNGSA,A,3,05,07,11,03,,,,,,,,,1.31,0.73,1.09,4*0A
$GPGSV,3,1,12,08,02,045,,29,58,205,40.1,26,54,082,,24,72,053,39.9,1*63
$GPGSV,3,2,12,21,49,312,,18,33,254,,10,29,055,,27,12,071,39.5,1*79
$GPGSV,3,3,12,16,08,302,39.9,02,03,112,,22,03,247,,15,63,120,,1*77
$GLGSV,2,1,06,85,16,328,40.1,68,39,062,,79,33,147,,83,18,217,40.2,1*77
$GLGSV,2,2,06,70,08,289,,67,07,086,39.8,1*66
$GAGSV,1,1,00,7*73
$GBGSV,3,1,12,09,04,184,,01,38,147,,08,31,168,,02,30,229,,1*72
$GBGSV,3,2,12,04,27,125,,10,27,215,,06,24,166,,05,16,249,38.7,1*6F
$GBGSV,3,3,12,07,13,190,39.0,11,05,034,39.5,13,04,033,,03,45,191,38.0,1*67
$GNRMC,204110.000,A,3900.0023,N,11613.9796,E,0.01,343.39,280612,,,A,V*02
$GNVTG,343.39,T,,M,0.01,N,0.02,K,A*2E
$GNZDA,204110.000,28,06,2012,,*43
$GNGGA,204111.000,3900.0023,N,11613.9796,E,1,11,0.73,-12.8,M,-6.8,M,,*7A
$PAIRACC,3.70,8.31*45
$GNGLL,3900.0023,N,11613.9796,E,204111.000,A,A*4E
$GNGSA,A,3,29,24,27,16,,,,,,,,,1.31,0.73,1.09,1*01
$GNGSA,A,3,85,83,67,,,,,,,,,,1.31,0.73,1.09,2*0A
$GNGSA,A,3,,,,,,,,,,,,,1.31,0.73,1.09,3*0C
$GNGSA,A,3,05,07,11,03,,,,,,,,,1.31,0.73,1.09,4*0A
$GPGSV,3,1,12,08,02,045,,29,58,205,40.0,26,54,082,,24,72,053,39.7,1*6C
$GPGSV,3,2,12,21,49,312,,18,33,254,,10,29,055,,27,12,071,39.6,1*7A
$GPGSV,3,3,12,16,08,302,39.7,02,03,112,,22,03,247,,15,63,120,,1*79
$GLGSV,2,1,06,85,16,328,39.8,68,39,062,,79,33,147,,83,18,217,40.0,1*72
$GLGSV,2,2,06,70,08,289,,67,07,086,39.8,1*66
$GAGSV,1,1,00,7*73
$GBGSV,3,1,12,09,04,184,,01,38,147,,08,31,168,,02,30,229,,1*72
$GBGSV,3,2,12,04,27,125,,10,27,215,,06,24,166,,05,16,249,38.9,1*61
$GBGSV,3,3,12,07,13,190,39.4,11,05,034,39.0,13,04,033,,03,45,191,38.7,1*61
$GNRMC,204111.000,A,3900.0023,N,11613.9796,E,0.01,344.03,280612,,,A,V*0D
$GNVTG,344.03,T,,M,0.01,N,0.02,K,A*20
$GNZDA,204111.000,28,06,2012,,*42
$GNGGA,204112.000,3900.0023,N,11613.9796,E,1,11,0.73,-12.8,M,-6.8,M,,*79
$PAIRACC,3.76,8.82*4B
$GNGLL,3900.0023,N,11613.9796,E,204112.000,A,A*4D
$GNGSA,A,3,29,24,27,16,,,,,,,,,1.31,0.73,1.09,1*01
$GNGSA,A,3,85,83,67,,,,,,,,,,1.31,0.73,1.09,2*0A
$GNGSA,A,3,,,,,,,,,,,,,1.31,0.73,1.09,3*0C
$GNGSA,A,3,05,07,11,03,,,,,,,,,1.31,0.73,1.09,4*0A
$GPGSV,3,1,12,08,02,045,,29,58,205,39.6,26,54,082,,24,72,053,39.4,1*67
$GPGSV,3,2,12,21,49,312,,18,33,254,,10,29,055,,27,12,071,39.7,1*7B
$GPGSV,3,3,12,16,08,302,39.6,02,03,112,,22,03,247,,15,63,120,,1*78
$GLGSV,2,1,06,85,16,328,39.6,68,39,062,,79,33,147,,83,18,217,39.8,1*7A
$GLGSV,2,2,06,70,08,289,,67,07,086,39.8,1*66
$GAGSV,1,1,00,7*73
$GBGSV,3,1,12,09,04,184,,01,38,147,,08,31,168,,02,30,229,,1*72
$GBGSV,3,2,12,04,27,125,,10,27,215,,06,24,166,,05,16,249,38.8,1*60
$GBGSV,3,3,12,07,13,190,38.6,11,05,034,38.5,13,04,033,,03,45,191,38.4,1*65
$GNRMC,204112.000,A,3900.0023,N,11613.9796,E,0.01,341.99,280612,,,A,V*08
$GNVTG,341.99,T,,M,0.01,N,0.02,K,A*26
$GNZDA,204112.000,28,06,2012,,*41
$GNGGA,204113.000,3900.0023,N,11613.9796,E,1,11,0.73,-12.8,M,-6.8,M,,*78
$PAIRACC,3.70,8.31*45
$GNGLL,3900.0023,N,11613.9796,E,204113.000,A,A*4C
$GNGSA,A,3,29,24,27,16,,,,,,,,,1.31,0.73,1.09,1*01
$GNGSA,A,3,85,83,67,,,,,,,,,,1.31,0.73,1.09,2*0A
$GNGSA,A,3,,,,,,,,,,,,,1.31,0.73,1.09,3*0C
$GNGSA,A,3,05,07,11,03,,,,,,,,,1.31,0.73,1.09,4*0A
$GPGSV,3,1,12,08,02,045,,29,58,205,39.7,26,54,082,,24,72,053,39.5,1*67
$GPGSV,3,2,12,21,49,312,,18,33,254,,10,29,055,,27,12,071,39.3,1*7F
$GPGSV,3,3,12,16,08,302,39.7,02,03,112,,22,03,247,,15,63,120,,1*79
$GLGSV,2,1,06,85,16,328,39.7,68,39,062,,79,33,147,,83,18,217,39.9,1*7A
$GLGSV,2,2,06,70,08,289,,67,07,086,40.0,1*60
$GAGSV,1,1,00,7*73
$GBGSV,3,1,12,09,04,184,,01,38,147,,08,31,168,,02,30,229,,1*72
$GBGSV,3,2,12,04,27,125,,10,27,215,,06,24,166,,05,16,249,38.6,1*6E
$GBGSV,3,3,12,07,13,190,39.5,11,05,034,39.3,13,04,033,,03,45,191,38.1,1*65
$GNRMC,204113.000,A,3900.0023,N,11613.9796,E,0.01,341.22,280612,,,A,V*09
$GNVTG,341.22,T,,M,0.01,N,0.02,K,A*26
$GNZDA,204113.000,28,06,2012,,*40
$GNGGA,204114.000,3900.0023,N,11613.9796,E,1,11,0.73,-12.8,M,-6.8,M,,*7F
$PAIRACC,3.79,8.87*41
$GNGLL,3900.0023,N,11613.9796,E,204114.000,A,A*4B
$GNGSA,A,3,29,24,27,16,,,,,,,,,1.31,0.73,1.09,1*01
$GNGSA,A,3,85,83,67,,,,,,,,,,1.31,0.73,1.09,2*0A
$GNGSA,A,3,,,,,,,,,,,,,1.31,0.73,1.09,3*0C
$GNGSA,A,3,05,07,11,03,,,,,,,,,1.31,0.73,1.09,4*0A
$GPGSV,3,1,12,08,02,045,,29,58,205,39.4,26,54,082,,24,72,053,39.7,1*66
$GPGSV,3,2,12,21,49,312,,18,33,254,,10,29,055,,27,12,071,39.7,1*7B
$GPGSV,3,3,12,16,08,302,39.7,02,03,112,,22,03,247,,15,63,120,,1*79
$GLGSV,2,1,06,85,16,328,39.7,68,39,062,,79,33,147,,83,18,217,39.8,1*7B
$GLGSV,2,2,06,70,08,289,,67,07,086,39.9,1*67
$GAGSV,1,1,00,7*73
$GBGSV,3,1,12,09,04,184,,01,38,147,,08,31,168,,02,30,229,,1*72
$GBGSV,3,2,12,04,27,125,,10,27,215,,06,24,166,,05,16,249,38.9,1*61
$GBGSV,3,3,12,07,13,190,39.4,11,05,034,39.9,13,04,033,,03,45,191,38.9,1*66
$GNRMC,204114.000,A,3900.0023,N,11613.9796,E,0.01,338.96,280612,,,A,V*0F
$GNVTG,338.96,T,,M,0.01,N,0.02,K,A*27
$GNZDA,204114.000,28,06,2012,,*47
$GNGGA,204115.000,3900.0023,N,11613.9796,E,1,11,0.73,-12.8,M,-6.8,M,,*7E
$PAIRACC,3.71,8.33*46
$GNGLL,3900.0023,N,11613.9796,E,204115.000,A,A*4A
$GNGSA,A,3,29,24,27,16,,,,,,,,,1.31,0.73,1.09,1*01
$GNGSA,A,3,85,83,67,,,,,,,,,,1.31,0.73,1.09,2*0A
$GNGSA,A,3,,,,,,,,,,,,,1.31,0.73,1.09,3*0C
$GNGSA,A,3,05,07,11,03,,,,,,,,,1.31,0.73,1.09,4*0A
$GPGSV,3,1,12,08,02,045,,29,58,205,39.8,26,54,082,,24,72,053,39.5,1*68
$GPGSV,3,2,12,21,49,312,,18,33,254,,10,29,055,,27,12,071,39.5,1*79
$GPGSV,3,3,12,16,08,302,39.8,02,03,112,,22,03,247,,15,63,120,,1*76
$GLGSV,2,1,06,85,16,328,39.8,68,39,062,,79,33,147,,83,18,217,39.6,1*7A
$GLGSV,2,2,06,70,08,289,,67,07,086,39.8,1*66
$GAGSV,1,1,00,7*73
$GBGSV,3,1,12,09,04,184,,01,38,147,,08,31,168,,02,30,229,,1*72
$GBGSV,3,2,12,04,27,125,,10,27,215,,06,24,166,,05,16,249,38.9,1*61
$GBGSV,3,3,12,07,13,190,38.7,11,05,034,38.5,13,04,033,,03,45,191,38.4,1*64
$GNRMC,204115.000,A,3900.0023,N,11613.9796,E,0.01,334.38,280612,,,A,V*06
$GNVTG,334.38,T,,M,0.01,N,0.02,K,A*2F
$GNZDA,204115.000,28,06,2012,,*46
$GNGGA,204116.000,3900.0023,N,11613.9796,E,1,11,0.73,-12.8,M,-6.8,M,,*7D
$PAIRACC,3.78,8.86*41
$GNGLL,3900.0023,N,11613.9796,E,204116.000,A,A*49
$GNGSA,A,3,29,24,27,16,,,,,,,,,1.31,0.73,1.09,1*01
$GNGSA,A,3,85,83,67,,,,,,,,,,1.31,0.73,1.09,2*0A
$GNGSA,A,3,,,,,,,,,,,,,1.31,0.73,1.09,3*0C
$GNGSA,A,3,05,07,11,03,,,,,,,,,1.31,0.73,1.09,4*0A
$GPGSV,3,1,12,08,02,045,,29,58,205,39.7,26,54,082,,24,72,053,39.8,1*6A
$GPGSV,3,2,12,21,49,312,,18,33,254,,10,29,055,,27,12,071,39.4,1*78
$GPGSV,3,3,12,16,08,302,40.1,02,03,112,,22,03,247,,15,63,120,,1*71
$GLGSV,2,1,06,85,16,328,39.1,68,39,062,,79,33,147,,83,18,217,39.3,1*76
$GLGSV,2,2,06,70,08,289,,67,07,086,40.1,1*61
$GAGSV,1,1,00,7*73
$GBGSV,3,1,12,09,04,184,,01,38,147,,08,31,168,,02,30,229,,1*72
$GBGSV,3,2,12,04,27,125,,10,27,215,,06,24,166,,05,16,249,38.6,1*6E
$GBGSV,3,3,12,07,13,190,38.9,11,05,034,38.9,13,04,033,,03,45,191,38.0,1*62
$GNRMC,204116.000,A,3900.0023,N,11613.9796,E,0.01,343.14,280612,,,A,V*0B
$GNVTG,343.14,T,,M,0.01,N,0.02,K,A*21
$GNZDA,204116.000,28,06,2012,,*45
$GNGGA,204117.000,3900.0023,N,11613.9796,E,1,11,0.73,-12.8,M,-6.8,M,,*7C
$PAIRACC,3.67,8.28*4B
$GNGLL,3900.0023,N,11613.9796,E,204117.000,A,A*48
$GNGSA,A,3,29,24,27,16,,,,,,,,,1.31,0.73,1.09,1*01
$GNGSA,A,3,85,83,67,,,,,,,,,,1.31,0.73,1.09,2*0A
$GNGSA,A,3,,,,,,,,,,,,,1.31,0.73,1.09,3*0C
$GNGSA,A,3,05,07,11,03,,,,,,,,,1.31,0.73,1.09,4*0A
$GPGSV,3,1,12,08,02,045,,29,58,205,39.3,26,54,082,,24,72,053,40.0,1*68
$GPGSV,3,2,12,21,49,312,,18,33,254,,10,29,055,,27,12,071,39.3,1*7F
$GPGSV,3,3,12,16,08,302,39.5,02,03,112,,22,03,247,,15,63,120,,1*7B
$GLGSV,2,1,06,85,16,328,37.7,68,39,062,,79,33,147,,83,18,217,39.8,1*75
$GLGSV,2,2,06,70,08,289,,67,07,086,40.2,1*62
$GAGSV,1,1,00,7*73
$GBGSV,3,1,12,09,04,184,,01,38,147,,08,31,168,,02,30,229,,1*72
$GBGSV,3,2,12,04,27,125,,10,27,215,,06,24,166,,05,16,249,38.6,1*6E
$GBGSV,3,3,12,07,13,190,39.5,11,05,034,39.3,13,04,033,,03,45,191,38.7,1*63
$GNRMC,204117.000,A,3900.0023,N,11613.9796,E,0.01,344.71,280612,,,A,V*0E
$GNVTG,344.71,T,,M,0.01,N,0.02,K,A*25
$GNZDA,204117.000,28,06,2012,,*44
$GNGGA,204118.000,3900.0023,N,11613.9796,E,1,11,0.73,-12.8,M,-6.8,M,,*73
$PAIRACC,3.74,8.35*45
$GNGLL,3900.0023,N,11613.9796,E,204118.000,A,A*47
$GNGSA,A,3,29,24,27,16,,,,,,,,,1.31,0.73,1.09,1*01
$GNGSA,A,3,85,83,67,,,,,,,,,,1.31,0.73,1.09,2*0A
$GNGSA,A,3,,,,,,,,,,,,,1.31,0.73,1.09,3*0C
$GNGSA,A,3,05,07,11,03,,,,,,,,,1.31,0.73,1.09,4*0A
$GPGSV,3,1,12,08,02,045,,29,58,205,39.5,26,54,082,,24,72,053,39.6,1*66
$GPGSV,3,2,12,21,49,312,,18,33,254,,10,29,055,,27,12,071,39.2,1*7E
$GPGSV,3,3,12,16,08,302,39.5,02,03,112,,22,03,247,,15,63,120,,1*7B
$GLGSV,2,1,06,85,16,328,38.7,68,39,062,,79,33,147,,83,18,217,39.6,1*74
$GLGSV,2,2,06,70,08,289,,67,07,086,40.0,1*60
$GAGSV,1,1,00,7*73
$GBGSV,3,1,12,09,04,184,,01,38,147,,08,31,168,,02,30,229,,1*72
$GBGSV,3,2,12,04,27,125,,10,27,215,,06,24,166,,05,16,249,38.7,1*6F
$GBGSV,3,3,12,07,13,190,38.6,11,05,034,38.1,13,04,033,,03,45,191,38.3,1*66
$GNRMC,204118.000,A,3900.0023,N,11613.9796,E,0.01,324.78,280612,,,A,V*0E
$GNVTG,324.78,T,,M,0.01,N,0.02,K,A*2A
$GNZDA,204118.000,28,06,2012,,*4B
$GNGGA,204119.000,3900.0023,N,11613.9796,E,1,11,0.73,-12.8,M,-6.8,M,,*72
$PAIRACC,3.77,8.82*4A
$GNGLL,3900.0023,N,11613.9796,E,204119.000,A,A*46
$GNGSA,A,3,29,24,27,16,,,,,,,,,1.31,0.73,1.09,1*01
$GNGSA,A,3,85,83,67,,,,,,,,,,1.31,0.73,1.09,2*0A
$GNGSA,A,3,,,,,,,,,,,,,1.31,0.73,1.09,3*0C
$GNGSA,A,3,05,07,11,03,,,,,,,,,1.31,0.73,1.09,4*0A
$GPGSV,3,1,12,08,02,045,,29,58,205,39.4,26,54,082,,24,72,053,39.6,1*67
$GPGSV,3,2,12,21,49,312,,18,33,254,,10,29,055,,27,12,071,39.1,1*7D
$GPGSV,3,3,12,16,08,302,39.7,02,03,112,,22,03,247,,15,63,120,,1*79
$GLGSV,2,1,06,85,16,328,37.9,68,39,062,,79,33,147,,83,18,217,40.0,1*7D
$GLGSV,2,2,06,70,08,289,,67,07,086,40.2,1*62
$GAGSV,1,1,00,7*73
$GBGSV,3,1,12,09,04,184,,01,38,147,,08,31,168,,02,30,229,,1*72
$GBGSV,3,2,12,04,27,125,,10,27,215,,06,24,166,,05,16,249,38.8,1*60
$GBGSV,3,3,12,07,13,190,39.0,11,05,034,38.8,13,04,033,,03,45,191,38.1,1*6A
$GNRMC,204119.000,A,3900.0023,N,11613.9796,E,0.01,338.12,280612,,,A,V*0E
$GNVTG,338.12,T,,M,0.01,N,0.02,K,A*2B
$GNZDA,204119.000,28,06,2012,,*4A
$GNGGA,204120.000,3900.0023,N,11613.9796,E,1,11,0.73,-12.8,M,-6.8,M,,*78
$PAIRACC,3.67,8.27*44
$GNGLL,3900.0023,N,11613.9796,E,204120.000,A,A*4C
$GNGSA,A,3,29,24,27,16,,,,,,,,,1.31,0.73,1.09,1*01
$GNGSA,A,3,85,83,67,,,,,,,,,,1.31,0.73,1.09,2*0A
$GNGSA,A,3,,,,,,,,,,,,,1.31,0.73,1.09,3*0C
$GNGSA,A,3,05,07,11,03,,,,,,,,,1.31,0.73,1.09,4*0A
$GPGSV,3,1,12,08,02,045,,29,58,205,39.6,26,54,082,,24,72,053,39.4,1*67
$GPGSV,3,2,12,21,49,312,,18,33,254,,10,29,055,,27,12,071,39.5,1*79
$GPGSV,3,3,12,16,08,302,39.9,02,03,112,,22,03,247,,15,63,120,,1*77
$GLGSV,2,1,06,85,16,328,38.5,68,39,062,,79,33,147,,83,18,217,39.5,1*75
$GLGSV,2,2,06,70,08,289,,67,07,086,39.9,1*67
$GAGSV,1,1,00,7*73
$GBGSV,3,1,12,09,04,184,,01,38,147,,08,31,168,,02,30,229,,1*72
$GBGSV,3,2,12,04,27,125,,10,27,215,,06,24,166,,05,16,249,38.8,1*60
$GBGSV,3,3,12,07,13,190,39.1,11,05,034,39.2,13,04,033,,03,45,191,38.7,1*66
$GNRMC,204120.000,A,3900.0023,N,11613.9796,E,0.01,339.40,280612,,,A,V*02
$GNVTG,339.40,T,,M,0.01,N,0.02,K,A*2D
$GNZDA,204120.000,28,06,2012,,*40
$GNGGA,204121.000,3900.0023,N,11613.9796,E,1,11,0.73,-12.7,M,-6.8,M,,*76
$PAIRACC,3.81,8.88*49
$GNGLL,3900.0023,N,11613.9796,E,204121.000,A,A*4D
$GNGSA,A,3,29,24,27,16,,,,,,,,,1.31,0.73,1.09,1*01
$GNGSA,A,3,85,83,67,,,,,,,,,,1.31,0.73,1.09,2*0A
$GNGSA,A,3,,,,,,,,,,,,,1.31,0.73,1.09,3*0C
$GNGSA,A,3,05,07,11,03,,,,,,,,,1.31,0.73,1.09,4*0A
$GPGSV,3,1,12,08,02,045,,29,58,205,39.6,26,54,082,,24,72,053,39.3,1*60
$GPGSV,3,2,12,21,49,312,,18,33,254,,10,29,055,,27,12,071,39.5,1*79
$GPGSV,3,3,12,16,08,302,39.8,02,03,112,,22,03,247,,15,63,120,,1*76
$GLGSV,2,1,06,85,16,328,37.6,68,39,062,,79,33,147,,83,18,217,39.8,1*74
$GLGSV,2,2,06,70,08,289,,67,07,086,39.7,1*69
$GAGSV,1,1,00,7*73
$GBGSV,3,1,12,09,04,184,,01,38,147,,08,31,168,,02,30,229,,1*72
$GBGSV,3,2,12,04,27,125,,10,27,215,,06,24,166,,05,16,249,38.8,1*60
$GBGSV,3,3,12,07,13,190,38.6,11,05,034,39.2,13,04,033,,03,45,191,38.1,1*66
$GNRMC,204121.000,A,3900.0023,N,11613.9796,E,0.01,345.01,280612,,,A,V*0D
$GNVTG,345.01,T,,M,0.01,N,0.02,K,A*23
$GNZDA,204121.000,28,06,2012,,*41
$GNGGA,204122.000,3900.0023,N,11613.9796,E,1,11,0.73,-12.7,M,-6.8,M,,*75
$PAIRACC,3.68,8.30*4D
$GNGLL,3900.0023,N,11613.9796,E,204122.000,A,A*4E
$GNGSA,A,3,29,24,27,16,,,,,,,,,1.31,0.73,1.09,1*01
$GNGSA,A,3,85,83,67,,,,,,,,,,1.31,0.73,1.09,2*0A
$GNGSA,A,3,,,,,,,,,,,,,1.31,0.73,1.09,3*0C
$GNGSA,A,3,05,07,11,03,,,,,,,,,1.31,0.73,1.09,4*0A
$GPGSV,3,1,12,08,02,045,,29,58,205,39.2,26,54,082,,24,72,053,39.8,1*6F
$GPGSV,3,2,12,21,49,312,,18,33,254,,10,29,055,,27,12,071,39.6,1*7A
$GPGSV,3,3,12,16,08,302,39.9,02,03,112,,22,03,247,,15,63,120,,1*77
$GLGSV,2,1,06,85,16,328,38.7,68,39,062,,79,33,147,,83,18,217,39.9,1*7B
$GLGSV,2,2,06,70,08,289,,67,07,086,39.9,1*67
$GAGSV,1,1,00,7*73
$GBGSV,3,1,12,09,04,184,,01,38,147,,08,31,168,,02,30,229,,1*72
$GBGSV,3,2,12,04,27,125,,10,27,215,,06,24,166,,05,16,249,39.3,1*6A
$GBGSV,3,3,12,07,13,190,39.1,11,05,034,38.9,13,04,033,,03,45,191,37.9,1*6D
$GNRMC,204122.000,A,3900.0023,N,11613.9796,E,0.01,342.51,280612,,,A,V*0C
$GNVTG,342.51,T,,M,0.01,N,0.02,K,A*21
$GNZDA,204122.000,28,06,2012,,*42
$GNGGA,204123.000,3900.0023,N,11613.9796,E,1,11,0.73,-12.7,M,-6.8,M,,*74
$PAIRACC,3.73,8.37*40
$GNGLL,3900.0023,N,11613.9796,E,204123.000,A,A*4F
$GNGSA,A,3,29,24,27,16,,,,,,,,,1.31,0.73,1.09,1*01
$GNGSA,A,3,85,83,67,,,,,,,,,,1.31,0.73,1.09,2*0A
$GNGSA,A,3,,,,,,,,,,,,,1.31,0.73,1.09,3*0C
$GNGSA,A,3,05,07,11,03,,,,,,,,,1.31,0.73,1.09,4*0A
$GPGSV,3,1,12,08,02,045,,29,58,205,39.7,26,54,082,,24,72,053,39.8,1*6A
$GPGSV,3,2,12,21,49,312,,18,33,254,,10,29,055,,27,12,071,39.6,1*7A
$GPGSV,3,3,12,16,08,302,39.6,02,03,112,,22,03,247,,15,63,120,,1*78
$GLGSV,2,1,06,85,16,328,39.8,68,39,062,,79,33,147,,83,18,217,39.9,1*75
$GLGSV,2,2,06,70,08,289,,67,07,086,39.8,1*66
$GAGSV,1,1,00,7*73
$GBGSV,3,1,12,09,04,184,,01,38,147,,08,31,168,,02,30,229,,1*72
$GBGSV,3,2,12,04,27,125,,10,27,215,,06,24,166,,05,16,249,38.8,1*60
$GBGSV,3,3,12,07,13,190,38.3,11,05,034,39.3,13,04,033,,03,45,191,38.7,1*64
$GNRMC,204123.000,A,3900.0023,N,11613.9796,E,0.01,345.28,280612,,,A,V*04
$GNVTG,345.28,T,,M,0.01,N,0.02,K,A*28
$GNZDA,204123.000,28,06,2012,,*43
$GNGGA,204124.000,3900.0023,N,11613.9796,E,1,11,0.73,-12.7,M,-6.8,M,,*73
$PAIRACC,3.66,8.28*4A
$GNGLL,3900.0023,N,11613.9796,E,204124.000,A,A*48
$GNGSA,A,3,29,24,27,16,,,,,,,,,1.31,0.73,1.09,1*01
$GNGSA,A,3,85,83,67,,,,,,,,,,1.31,0.73,1.09,2*0A
$GNGSA,A,3,,,,,,,,,,,,,1.31,0.73,1.09,3*0C
$GNGSA,A,3,05,07,11,03,,,,,,,,,1.31,0.73,1.09,4*0A
$GPGSV,3,1,12,08,02,045,,29,58,205,39.7,26,54,082,,24,72,053,39.6,1*64
$GPGSV,3,2,12,21,49,312,,18,33,254,,10,29,055,,27,12,071,39.3,1*7F
$GPGSV,3,3,12,16,08,302,39.6,02,03,112,,22,03,247,,15,63,120,,1*78
$GLGSV,2,1,06,85,16,328,40.0,68,39,062,,79,33,147,,83,18,217,39.8,1*72
$GLGSV,2,2,06,70,08,289,,67,07,086,40.2,1*62
$GAGSV,1,1,00,7*73
$GBGSV,3,1,12,09,04,184,,01,38,147,,08,31,168,,02,30,229,,1*72
$GBGSV,3,2,12,04,27,125,,10,27,215,,06,24,166,,05,16,249,38.6,1*6E
$GBGSV,3,3,12,07,13,190,39.2,11,05,034,39.4,13,04,033,,03,45,191,37.8,1*63
$GNRMC,204124.000,A,3900.0023,N,11613.9796,E,0.01,349.11,280612,,,A,V*05
$GNVTG,349.11,T,,M,0.01,N,0.02,K,A*2E
$GNZDA,204124.000,28,06,2012,,*44
$GNGGA,204125.000,3900.0023,N,11613.9796,E,1,11,0.73,-12.7,M,-6.8,M,,*72
$PAIRACC,3.66,8.26*44
$GNGLL,3900.0023,N,11613.9796,E,204125.000,A,A*49
$GNGSA,A,3,29,24,27,16,,,,,,,,,1.31,0.73,1.09,1*01
$GNGSA,A,3,85,83,67,,,,,,,,,,1.31,0.73,1.09,2*0A
$GNGSA,A,3,,,,,,,,,,,,,1.31,0.73,1.09,3*0C
$GNGSA,A,3,05,07,11,03,,,,,,,,,1.31,0.73,1.09,4*0A
$GPGSV,3,1,12,08,02,045,,29,58,205,40.0,26,54,082,,24,72,053,39.7,1*6C
$GPGSV,3,2,12,21,49,312,,18,33,254,,10,29,055,,27,12,071,39.6,1*7A
$GPGSV,3,3,12,16,08,302,39.6,02,03,112,,22,03,247,,15,63,120,,1*78
$GLGSV,2,1,06,85,16,328,39.9,68,39,062,,79,33,147,,83,18,217,40.0,1*73
$GLGSV,2,2,06,70,08,289,,67,07,086,40.1,1*61
$GAGSV,1,1,00,7*73
$GBGSV,3,1,12,09,04,184,,01,38,147,,08,31,168,,02,30,229,,1*72
$GBGSV,3,2,12,04,27,125,,10,27,215,,06,24,166,,05,16,249,38.6,1*6E
$GBGSV,3,3,12,07,13,190,39.4,11,05,034,39.1,13,04,033,,03,45,191,37.9,1*61
$GNRMC,204125.000,A,3900.0023,N,11613.9796,E,0.01,347.12,280612,,,A,V*09
$GNVTG,347.12,T,,M,0.01,N,0.02,K,A*23
$GNZDA,204125.000,28,06,2012,,*45
$GNGGA,204126.000,3900.0023,N,11613.9796,E,1,11,0.73,-12.7,M,-6.8,M,,*71
$PAIRACC,3.73,8.36*41
$GNGLL,3900.0023,N,11613.9796,E,204126.000,A,A*4A
$GNGSA,A,3,29,24,27,16,,,,,,,,,1.31,0.73,1.09,1*01
$GNGSA,A,3,85,83,67,,,,,,,,,,1.31,0.73,1.09,2*0A
$GNGSA,A,3,,,,,,,,,,,,,1.31,0.73,1.09,3*0C
$GNGSA,A,3,05,07,11,03,,,,,,,,,1.31,0.73,1.09,4*0A
$GPGSV,3,1,12,08,02,045,,29,58,205,39.6,26,54,082,,24,72,053,39.7,1*64
$GPGSV,3,2,12,21,49,312,,18,33,254,,10,29,055,,27,12,071,39.6,1*7A
$GPGSV,3,3,12,16,08,302,39.6,02,03,112,,22,03,247,,15,63,120,,1*78
$GLGSV,2,1,06,85,16,328,40.0,68,39,062,,79,33,147,,83,18,217,39.8,1*72
$GLGSV,2,2,06,70,08,289,,67,07,086,39.6,1*68
$GAGSV,1,1,00,7*73
$GBGSV,3,1,12,09,04,184,,01,38,147,,08,31,168,,02,30,229,,1*72
$GBGSV,3,2,12,04,27,125,,10,27,215,,06,24,166,,05,16,249,38.6,1*6E
$GBGSV,3,3,12,07,13,190,38.6,11,05,034,39.8,13,04,033,,03,45,191,38.6,1*6B
$GNRMC,204126.000,A,3900.0023,N,11613.9796,E,0.01,340.91,280612,,,A,V*06
$GNVTG,340.91,T,,M,0.01,N,0.02,K,A*2F
$GNZDA,204126.000,28,06,2012,,*46
$GNGGA,204127.000,3900.0023,N,11613.9796,E,1,11,0.73,-12.7,M,-6.8,M,,*70
$PAIRACC,3.66,8.28*4A
$GNGLL,3900.0023,N,11613.9796,E,204127.000,A,A*4B
$GNGSA,A,3,29,24,27,16,,,,,,,,,1.31,0.73,1.09,1*01
$GNGSA,A,3,85,83,67,,,,,,,,,,1.31,0.73,1.09,2*0A
$GNGSA,A,3,,,,,,,,,,,,,1.31,0.73,1.09,3*0C
$GNGSA,A,3,05,07,11,03,,,,,,,,,1.31,0.73,1.09,4*0A
$GPGSV,3,1,12,08,02,045,,29,58,205,39.7,26,54,082,,24,72,053,39.8,1*6A
$GPGSV,3,2,12,21,49,312,,18,33,254,,10,29,055,,27,12,071,39.6,1*7A
$GPGSV,3,3,12,16,08,302,39.8,02,03,112,,22,03,247,,15,63,120,,1*76
$GLGSV,2,1,06,85,16,328,39.9,68,39,062,,79,33,147,,83,18,217,39.8,1*75
$GLGSV,2,2,06,70,08,289,,67,07,086,40.0,1*60
$GAGSV,1,1,00,7*73
$GBGSV,3,1,12,09,04,184,,01,38,147,,08,31,168,,02,30,229,,1*72
$GBGSV,3,2,12,04,27,125,,10,27,215,,06,24,166,,05,16,249,38.7,1*6F
$GBGSV,3,3,12,07,13,190,39.0,11,05,034,39.5,13,04,033,,03,45,191,38.3,1*64
$GNRMC,204127.000,A,3900.0023,N,11613.9796,E,0.01,340.92,280612,,,A,V*04
$GNVTG,340.92,T,,M,0.01,N,0.02,K,A*2C
$GNZDA,204127.000,28,06,2012,,*47
$GNGGA,204128.000,3900.0023,N,11613.9796,E,1,11,0.73,-12.7,M,-6.8,M,,*7F
$PAIRACC,3.69,8.30*4C
$GNGLL,3900.0023,N,11613.9796,E,204128.000,A,A*44
$GNGSA,A,3,29,24,27,16,,,,,,,,,1.31,0.73,1.09,1*01
$GNGSA,A,3,85,83,67,,,,,,,,,,1.31,0.73,1.09,2*0A
$GNGSA,A,3,,,,,,,,,,,,,1.31,0.73,1.09,3*0C
$GNGSA,A,3,05,07,11,03,,,,,,,,,1.31,0.73,1.09,4*0A
$GPGSV,3,1,12,08,02,045,,29,58,205,39.2,26,54,082,,24,72,053,39.8,1*6F
$GPGSV,3,2,12,21,49,312,,18,33,254,,10,29,055,,27,12,071,39.3,1*7F
$GPGSV,3,3,12,16,08,302,39.7,02,03,112,,22,03,247,,15,63,120,,1*79
$GLGSV,2,1,06,85,16,328,40.1,68,39,062,,79,33,147,,83,18,217,39.7,1*7C
$GLGSV,2,2,06,70,08,289,,67,07,086,40.1,1*61
$GAGSV,1,1,00,7*73
$GBGSV,3,1,12,09,04,184,,01,38,147,,08,31,168,,02,30,229,,1*72
$GBGSV,3,2,12,04,27,125,,10,27,215,,06,24,166,,05,16,249,38.8,1*60
$GBGSV,3,3,12,07,13,190,39.2,11,05,034,38.9,13,04,033,,03,45,191,38.1,1*69
$GNRMC,204128.000,A,3900.0023,N,11613.9796,E,0.01,340.32,280612,,,A,V*01
$GNVTG,340.32,T,,M,0.01,N,0.02,K,A*26
$GNZDA,204128.000,28,06,2012,,*48
$GNGGA,204129.000,3900.0023,N,11613.9796,E,1,11,0.73,-12.7,M,-6.8,M,,*7E
$PAIRACC,3.69,8.32*4E
$GNGLL,3900.0023,N,11613.9796,E,204129.000,A,A*45
$GNGSA,A,3,29,24,27,16,,,,,,,,,1.31,0.73,1.09,1*01
$GNGSA,A,3,85,83,67,,,,,,,,,,1.31,0.73,1.09,2*0A
$GNGSA,A,3,,,,,,,,,,,,,1.31,0.73,1.09,3*0C
$GNGSA,A,3,05,07,11,03,,,,,,,,,1.31,0.73,1.09,4*0A
$GPGSV,3,1,12,08,02,045,,29,58,205,39.3,26,54,082,,24,72,053,40.2,1*6A
$GPGSV,3,2,12,21,49,312,,18,33,254,,10,29,055,,27,12,071,39.3,1*7F
$GPGSV,3,3,12,16,08,302,39.8,02,03,112,,22,03,247,,15,63,120,,1*76
$GLGSV,2,1,06,85,16,328,39.8,68,39,062,,79,33,147,,83,18,217,39.9,1*75
$GLGSV,2,2,06,70,08,289,,67,07,086,39.5,1*6B
$GAGSV,1,1,00,7*73
$GBGSV,3,1,12,09,04,184,,01,38,147,,08,31,168,,02,30,229,,1*72
$GBGSV,3,2,12,04,27,125,,10,27,215,,06,24,166,,05,16,249,38.9,1*61
$GBGSV,3,3,12,07,13,190,38.2,11,05,034,39.2,13,04,033,,03,45,191,38.7,1*64
$GNRMC,204129.000,A,3900.0023,N,11613.9796,E,0.01,341.45,280612,,,A,V*01
$GNVTG,341.45,T,,M,0.01,N,0.02,K,A*27
$GNZDA,204129.000,28,06,2012,,*49
$GNGGA,204130.000,3900.0023,N,11613.9796,E,1,11,0.73,-12.7,M,-6.8,M,,*76
$PAIRACC,3.80,8.83*43
$GNGLL,3900.0023,N,11613.9796,E,204130.000,A,A*4D
$GNGSA,A,3,29,24,27,16,,,,,,,,,1.31,0.73,1.09,1*01
$GNGSA,A,3,85,83,67,,,,,,,,,,1.31,0.73,1.09,2*0A
$GNGSA,A,3,,,,,,,,,,,,,1.31,0.73,1.09,3*0C
$GNGSA,A,3,05,07,11,03,,,,,,,,,1.31,0.73,1.09,4*0A
$GPGSV,3,1,12,08,02,045,,29,58,205,39.4,26,54,082,,24,72,053,40.0,1*6F
$GPGSV,3,2,12,21,49,312,,18,33,254,,10,29,055,,27,12,071,40.0,1*72
$GPGSV,3,3,12,16,08,302,39.6,02,03,112,,22,03,247,,15,63,120,,1*78
$GLGSV,2,1,06,85,16,328,39.8,68,39,062,,79,33,147,,83,18,217,39.8,1*74
$GLGSV,2,2,06,70,08,289,,67,07,086,40.3,1*63
$GAGSV,1,1,00,7*73
$GBGSV,3,1,12,09,04,184,,01,38,147,,08,31,168,,02,30,229,,1*72
$GBGSV,3,2,12,04,27,125,,10,27,215,,06,24,166,,05,16,249,38.8,1*60
$GBGSV,3,3,12,07,13,190,39.1,11,05,034,39.3,13,04,033,,03,45,191,38.4,1*64
$GNRMC,204130.000,A,3900.0023,N,11613.9796,E,0.01,337.01,280612,,,A,V*08
$GNVTG,337.01,T,,M,0.01,N,0.02,K,A*26
$GNZDA,204130.000,28,06,2012,,*41
$GNGGA,204131.000,3900.0023,N,11613.9796,E,1,11,0.73,-12.7,M,-6.8,M,,*77
$PAIRACC,3.66,8.27*45
$GNGLL,3900.0023,N,11613.9796,E,204131.000,A,A*4C
$GNGSA,A,3,29,24,27,16,,,,,,,,,1.31,0.73,1.09,1*01
$GNGSA,A,3,85,83,67,,,,,,,,,,1.31,0.73,1.09,2*0A
$GNGSA,A,3,,,,,,,,,,,,,1.31,0.73,1.09,3*0C
$GNGSA,A,3,05,07,11,03,,,,,,,,,1.31,0.73,1.09,4*0A
$GPGSV,3,1,12,08,02,045,,29,58,205,39.9,26,54,082,,24,72,053,39.6,1*6A
$GPGSV,3,2,12,21,49,312,,18,33,254,,10,29,055,,27,12,071,39.5,1*79
$GPGSV,3,3,12,16,08,302,40.0,02,03,112,,22,03,247,,15,63,120,,1*70
$GLGSV,2,1,06,85,16,328,40.1,68,39,062,,79,33,147,,83,18,217,39.4,1*7F
$GLGSV,2,2,06,70,08,289,,67,07,086,39.7,1*69
$GAGSV,1,1,00,7*73
$GBGSV,3,1,12,09,04,184,,01,38,147,,08,31,168,,02,30,229,,1*72
$GBGSV,3,2,12,04,27,125,,10,27,215,,06,24,166,,05,16,249,38.6,1*6E
$GBGSV,3,3,12,07,13,190,39.4,11,05,034,38.4,13,04,033,,03,45,191,38.1,1*62
$GNRMC,204131.000,A,3900.0023,N,11613.9796,E,0.01,338.12,280612,,,A,V*04
$GNVTG,338.12,T,,M,0.01,N,0.02,K,A*2B
$GNZDA,204131.000,28,06,2012,,*40
$GNGGA,204132.000,3900.0023,N,11613.9796,E,1,11,0.73,-12.6,M,-6.8,M,,*75
$PAIRACC,3.83,8.88*4B
$GNGLL,3900.0023,N,11613.9796,E,204132.000,A,A*4F
$GNGSA,A,3,29,24,27,16,,,,,,,,,1.31,0.73,1.09,1*01
$GNGSA,A,3,85,83,67,,,,,,,,,,1.31,0.73,1.09,2*0A
$GNGSA,A,3,,,,,,,,,,,,,1.31,0.73,1.09,3*0C
$GNGSA,A,3,05,07,11,03,,,,,,,,,1.31,0.73,1.09,4*0A
$GPGSV,3,1,12,08,02,045,,29,58,205,39.8,26,54,082,,24,72,053,39.4,1*69
$GPGSV,3,2,12,21,49,312,,18,33,254,,10,29,055,,27,12,071,39.7,1*7B
$GPGSV,3,3,12,16,08,302,39.8,02,03,112,,22,03,247,,15,63,120,,1*76
$GLGSV,2,1,06,85,16,328,39.8,68,39,062,,79,33,147,,83,18,217,40.2,1*70
$GLGSV,2,2,06,70,08,289,,67,07,086,40.1,1*61
$GAGSV,1,1,00,7*73
$GBGSV,3,1,12,09,04,184,,01,38,147,,08,31,168,,02,30,229,,1*72
$GBGSV,3,2,12,04,27,125,,10,27,215,,06,24,166,,05,16,249,39.3,1*6A
$GBGSV,3,3,12,07,13,190,38.5,11,05,034,39.0,13,04,033,,03,45,191,38.8,1*6E
$GNRMC,204132.000,A,3900.0023,N,11613.9796,E,0.01,337.21,280612,,,A,V*08
$GNVTG,337.21,T,,M,0.01,N,0.02,K,A*24
$GNZDA,204132.000,28,06,2012,,*43
$GNGGA,204133.000,3900.0023,N,11613.9796,E,1,11,0.73,-12.6,M,-6.8,M,,*74
$PAIRACC,3.66,8.27*45
$GNGLL,3900.0023,N,11613.9796,E,204133.000,A,A*4E
$GNGSA,A,3,29,24,27,16,,,,,,,,,1.31,0.73,1.09,1*01
$GNGSA,A,3,85,83,67,,,,,,,,,,1.31,0.73,1.09,2*0A
$GNGSA,A,3,,,,,,,,,,,,,1.31,0.73,1.09,3*0C
$GNGSA,A,3,05,07,11,03,,,,,,,,,1.31,0.73,1.09,4*0A
$GPGSV,3,1,12,08,02,045,,29,58,205,39.4,26,54,082,,24,72,053,39.7,1*66
$GPGSV,3,2,12,21,49,312,,18,33,254,,10,29,055,,27,12,071,39.5,1*79
$GPGSV,3,3,12,16,08,302,39.4,02,03,112,,22,03,247,,15,63,120,,1*7A
$GLGSV,2,1,06,85,16,328,39.7,68,39,062,,79,33,147,,83,18,217,39.9,1*7A
$GLGSV,2,2,06,70,08,289,,67,07,086,40.0,1*60
$GAGSV,1,1,00,7*73
$GBGSV,3,1,12,09,04,184,,01,38,147,,08,31,168,,02,30,229,,1*72
$GBGSV,3,2,12,04,27,125,,10,27,215,,06,24,166,,05,16,249,38.8,1*60
$GBGSV,3,3,12,07,13,190,38.9,11,05,034,39.3,13,04,033,,03,45,191,38.2,1*6B
$GNRMC,204133.000,A,3900.0023,N,11613.9796,E,0.01,338.25,280612,,,A,V*02
$GNVTG,338.25,T,,M,0.01,N,0.02,K,A*2F
$GNZDA,204133.000,28,06,2012,,*42
$GNGGA,204134.000,3900.0024,N,11613.9796,E,1,11,0.73,-12.6,M,-6.8,M,,*74
$PAIRACC,3.79,8.82*44
$GNGLL,3900.0024,N,11613.9796,E,204134.000,A,A*4E
$GNGSA,A,3,29,24,27,16,,,,,,,,,1.31,0.73,1.09,1*01
$GNGSA,A,3,85,83,67,,,,,,,,,,1.31,0.73,1.09,2*0A
$GNGSA,A,3,,,,,,,,,,,,,1.31,0.73,1.09,3*0C
$GNGSA,A,3,05,07,11,03,,,,,,,,,1.31,0.73,1.09,4*0A
$GPGSV,3,1,12,08,02,045,,29,58,205,39.6,26,54,082,,24,72,053,39.2,1*61
$GPGSV,3,2,12,21,49,312,,18,33,254,,10,29,055,,27,12,071,39.4,1*78
$GPGSV,3,3,12,16,08,302,39.5,02,03,112,,22,03,247,,15,63,120,,1*7B
$GLGSV,2,1,06,85,16,328,39.7,68,39,062,,79,33,147,,83,18,217,39.9,1*7A
$GLGSV,2,2,06,70,08,289,,67,07,086,40.2,1*62
$GAGSV,1,1,00,7*73
$GBGSV,3,1,12,09,04,184,,01,38,147,,08,31,168,,02,30,229,,1*72
$GBGSV,3,2,12,04,27,125,,10,27,215,,06,24,166,,05,16,249,38.9,1*61
$GBGSV,3,3,12,07,13,190,39.5,11,05,034,38.7,13,04,033,,03,45,191,37.8,1*66
$GNRMC,204134.000,A,3900.0024,N,11613.9796,E,0.01,341.61,280612,,,A,V*0C
$GNVTG,341.61,T,,M,0.01,N,0.02,K,A*21
$GNZDA,204134.000,28,06,2012,,*45
$GNGGA,204135.000,3900.0024,N,11613.9796,E,1,11,0.73,-12.6,M,-6.8,M,,*75
$PAIRACC,3.69,8.33*4F
$GNGLL,3900.0024,N,11613.9796,E,204135.000,A,A*4F
$GNGSA,A,3,29,24,27,16,,,,,,,,,1.31,0.73,1.09,1*01
$GNGSA,A,3,85,83,67,,,,,,,,,,1.31,0.73,1.09,2*0A
$GNGSA,A,3,,,,,,,,,,,,,1.31,0.73,1.09,3*0C
$GNGSA,A,3,05,07,11,03,,,,,,,,,1.31,0.73,1.09,4*0A
$GPGSV,3,1,12,08,02,045,,29,58,205,39.6,26,54,082,,24,72,053,39.4,1*67
$GPGSV,3,2,12,21,49,312,,18,33,254,,10,29,055,,27,12,071,39.2,1*7E
$GPGSV,3,3,12,16,08,302,39.7,02,03,112,,22,03,247,,15,63,120,,1*79
$GLGSV,2,1,06,85,16,328,39.9,68,39,062,,79,33,147,,83,18,217,39.5,1*78
$GLGSV,2,2,06,70,08,289,,67,07,086,39.9,1*67
$GAGSV,1,1,00,7*73
$GBGSV,3,1,12,09,04,184,,01,38,147,,08,31,168,,02,30,229,,1*72
$GBGSV,3,2,12,04,27,125,,10,27,215,,06,24,166,,05,16,249,38.6,1*6E
$GBGSV,3,3,12,07,13,190,37.9,11,05,034,38.7,13,04,033,,03,45,191,38.5,1*66
$GNRMC,204135.000,A,3900.0024,N,11613.9796,E,0.01,335.38,280612,,,A,V*02
$GNVTG,335.38,T,,M,0.01,N,0.02,K,A*2E
$GNZDA,204135.000,28,06,2012,,*44
$GNGGA,204136.000,3900.0024,N,11613.9796,E,1,11,0.73,-12.6,M,-6.8,M,,*76
$PAIRACC,3.79,8.83*45
$GNGLL,3900.0024,N,11613.9796,E,204136.000,A,A*4C
$GNGSA,A,3,29,24,27,16,,,,,,,,,1.31,0.73,1.09,1*01
$GNGSA,A,3,85,83,67,,,,,,,,,,1.31,0.73,1.09,2*0A
$GNGSA,A,3,,,,,,,,,,,,,1.31,0.73,1.09,3*0C
$GNGSA,A,3,05,07,11,03,,,,,,,,,1.31,0.73,1.09,4*0A
$GPGSV,3,1,12,08,02,045,,29,58,205,40.1,26,54,082,,24,72,053,40.2,1*66
$GPGSV,3,2,12,21,49,312,,18,33,254,,10,29,055,,27,12,071,39.8,1*74
$GPGSV,3,3,12,16,08,302,40.0,02,03,112,,22,03,247,,15,63,120,,1*70
$GLGSV,2,1,06,85,16,328,39.5,68,39,062,,79,33,147,,83,18,217,39.9,1*78
$GLGSV,2,2,06,70,08,289,,67,07,086,40.0,1*60
$GAGSV,1,1,00,7*73
$GBGSV,3,1,12,09,04,184,,01,38,147,,08,31,168,,02,30,229,,1*72
$GBGSV,3,2,12,04,27,125,,10,27,215,,06,24,166,,05,16,249,38.8,1*60
$GBGSV,3,3,12,07,13,190,39.2,11,05,034,39.5,13,04,033,,03,45,191,38.0,1*65
$GNRMC,204136.000,A,3900.0024,N,11613.9796,E,0.01,342.74,280612,,,A,V*09
$GNVTG,342.74,T,,M,0.01,N,0.02,K,A*26
$GNZDA,204136.000,28,06,2012,,*47
$GNGGA,204137.000,3900.0024,N,11613.9796,E,1,11,0.73,-12.6,M,-6.8,M,,*77
$PAIRACC,3.69,8.35*49
$GNGLL,3900.0024,N,11613.9796,E,204137.000,A,A*4D
$GNGSA,A,3,29,24,27,16,,,,,,,,,1.31,0.73,1.09,1*01
$GNGSA,A,3,85,83,67,,,,,,,,,,1.31,0.73,1.09,2*0A
$GNGSA,A,3,,,,,,,,,,,,,1.31,0.73,1.09,3*0C
$GNGSA,A,3,05,07,11,03,,,,,,,,,1.31,0.73,1.09,4*0A
$GPGSV,3,1,12,08,02,045,,29,58,205,39.6,26,54,082,,24,72,053,39.6,1*65
$GPGSV,3,2,12,21,49,312,,18,33,254,,10,29,055,,27,12,071,39.7,1*7B
$GPGSV,3,3,12,16,08,302,39.8,02,03,112,,22,03,247,,15,63,120,,1*76
$GLGSV,2,1,06,85,16,328,39.7,68,39,062,,79,33,147,,83,18,217,40.3,1*7E
$GLGSV,2,2,06,70,08,289,,67,07,086,40.1,1*61
$GAGSV,1,1,00,7*73
$GBGSV,3,1,12,09,04,184,,01,38,147,,08,31,168,,02,30,229,,1*72
$GBGSV,3,2,12,04,27,125,,10,27,215,,06,24,166,,05,16,249,38.6,1*6E
$GBGSV,3,3,12,07,13,190,40.0,11,05,034,39.2,13,04,033,,03,45,191,38.1,1*6F
$GNRMC,204137.000,A,3900.0024,N,11613.9796,E,0.01,340.59,280612,,,A,V*05
$GNVTG,340.59,T,,M,0.01,N,0.02,K,A*2B
$GNZDA,204137.000,28,06,2012,,*46
$GNGGA,204138.000,3900.0024,N,11613.9796,E,1,11,0.73,-12.6,M,-6.8,M,,*78
$PAIRACC,3.67,8.28*4B
$GNGLL,3900.0024,N,11613.9796,E,204138.000,A,A*42
$GNGSA,A,3,29,24,27,16,,,,,,,,,1.31,0.73,1.09,1*01
$GNGSA,A,3,85,83,67,,,,,,,,,,1.31,0.73,1.09,2*0A
$GNGSA,A,3,,,,,,,,,,,,,1.31,0.73,1.09,3*0C
$GNGSA,A,3,05,07,11,03,,,,,,,,,1.31,0.73,1.09,4*0A
$GPGSV,3,1,12,08,02,045,,29,58,205,39.6,26,54,082,,24,72,053,39.6,1*65
$GPGSV,3,2,12,21,49,312,,18,33,254,,10,29,055,,27,12,071,39.5,1*79
$GPGSV,3,3,12,16,08,302,39.6,02,03,112,,22,03,247,,15,63,120,,1*78
$GLGSV,2,1,06,85,16,328,40.0,68,39,062,,79,33,147,,83,18,217,40.0,1*74
$GLGSV,2,2,06,70,08,289,,67,07,086,40.4,1*64
$GAGSV,1,1,00,7*73
$GBGSV,3,1,12,09,04,184,,01,38,147,,08,31,168,,02,30,229,,1*72
$GBGSV,3,2,12,04,27,125,,10,27,215,,06,24,166,,05,16,249,39.0,1*69
$GBGSV,3,3,12,07,13,190,38.9,11,05,034,38.7,13,04,033,,03,45,191,38.8,1*64
$GNRMC,204138.000,A,3900.0024,N,11613.9796,E,0.01,333.67,280612,,,A,V*03
$GNVTG,333.67,T,,M,0.01,N,0.02,K,A*22
$GNZDA,204138.000,28,06,2012,,*49
$GNGGA,204139.000,3900.0024,N,11613.9796,E,1,11,0.73,-12.6,M,-6.8,M,,*79
$PAIRACC,3.66,8.28*4A
$GNGLL,3900.0024,N,11613.9796,E,204139.000,A,A*43
$GNGSA,A,3,29,24,27,16,,,,,,,,,1.31,0.73,1.09,1*01
$GNGSA,A,3,85,83,67,,,,,,,,,,1.31,0.73,1.09,2*0A
$GNGSA,A,3,,,,,,,,,,,,,1.31,0.73,1.09,3*0C
$GNGSA,A,3,05,07,11,03,,,,,,,,,1.31,0.73,1.09,4*0A
$GPGSV,3,1,12,08,02,045,,29,58,205,40.0,26,54,082,,24,72,053,39.8,1*63
$GPGSV,3,2,12,21,49,312,,18,33,254,,10,29,055,,27,12,071,39.8,1*74
$GPGSV,3,3,12,16,08,302,39.8,02,03,112,,22,03,247,,15,63,120,,1*76
$GLGSV,2,1,06,85,16,328,40.0,68,39,062,,79,33,147,,83,18,217,39.9,1*73
$GLGSV,2,2,06,70,08,289,,67,07,086,40.1,1*61
$GAGSV,1,1,00,7*73
$GBGSV,3,1,12,09,04,184,,01,38,147,,08,31,168,,02,30,229,,1*72
$GBGSV,3,2,12,04,27,125,,10,27,215,,06,24,166,,05,16,249,39.2,1*6B
$GBGSV,3,3,12,07,13,190,38.8,11,05,034,39.4,13,04,033,,03,45,191,37.9,1*69
$GNRMC,204139.000,A,3900.0024,N,11613.9796,E,0.01,339.20,280612,,,A,V*0B
$GNVTG,339.20,T,,M,0.01,N,0.02,K,A*2B
$GNZDA,204139.000,28,06,2012,,*48
$GNGGA,204140.000,3900.0024,N,11613.9795,E,1,11,0.73,-12.6,M,-6.8,M,,*74
$PAIRACC,3.66,8.27*45
$GNGLL,3900.0024,N,11613.9795,E,204140.000,A,A*4E
$GNGSA,A,3,29,24,27,16,,,,,,,,,1.31,0.73,1.09,1*01
$GNGSA,A,3,85,83,67,,,,,,,,,,1.31,0.73,1.09,2*0A
$GNGSA,A,3,,,,,,,,,,,,,1.31,0.73,1.09,3*0C
$GNGSA,A,3,05,07,11,03,,,,,,,,,1.31,0.73,1.09,4*0A
$GPGSV,3,1,12,08,02,045,,29,58,205,39.8,26,54,082,,24,72,053,39.7,1*6A
$GPGSV,3,2,12,21,49,312,,18,33,254,,10,29,055,,27,12,071,39.6,1*7A
$GPGSV,3,3,12,16,08,302,40.0,02,03,112,,22,03,247,,15,63,120,,1*70
$GLGSV,2,1,06,85,16,328,40.3,68,39,062,,79,33,147,,83,18,217,39.9,1*70
$GLGSV,2,2,06,70,08,289,,67,07,086,40.0,1*60
$GAGSV,1,1,00,7*73
$GBGSV,3,1,12,09,04,184,,01,38,147,,08,31,168,,02,30,229,,1*72
$GBGSV,3,2,12,04,27,125,,10,27,215,,06,24,166,,05,16,249,38.9,1*61
$GBGSV,3,3,12,07,13,190,39.6,11,05,034,38.3,13,04,033,,03,45,191,38.0,1*66
$GNRMC,204140.000,A,3900.0024,N,11613.9795,E,0.01,334.15,280612,,,A,V*0D
$GNVTG,334.15,T,,M,0.01,N,0.02,K,A*20
$GNZDA,204140.000,28,06,2012,,*46
$GNGGA,204141.000,3900.0024,N,11613.9795,E,1,11,0.73,-12.6,M,-6.8,M,,*75
$PAIRACC,3.74,8.39*49
$GNGLL,3900.0024,N,11613.9795,E,204141.000,A,A*4F
$GNGSA,A,3,29,24,27,16,,,,,,,,,1.31,0.73,1.09,1*01
$GNGSA,A,3,85,83,67,,,,,,,,,,1.31,0.73,1.09,2*0A
$GNGSA,A,3,,,,,,,,,,,,,1.31,0.73,1.09,3*0C
$GNGSA,A,3,05,07,11,03,,,,,,,,,1.31,0.73,1.09,4*0A
$GPGSV,3,1,12,08,02,045,,29,58,205,39.7,26,54,082,,24,72,053,39.7,1*65
$GPGSV,3,2,12,21,49,312,,18,33,254,,10,29,055,,27,12,071,39.4,1*78
$GPGSV,3,3,12,16,08,302,39.9,02,03,112,,22,03,247,,15,63,120,,1*77
$GLGSV,2,1,06,85,16,328,39.8,68,39,062,,79,33,147,,83,18,217,40.3,1*71
$GLGSV,2,2,06,70,08,289,,67,07,086,40.1,1*61
$GAGSV,1,1,00,7*73
$GBGSV,3,1,12,09,04,184,,01,38,147,,08,31,168,,02,30,229,,1*72
$GBGSV,3,2,12,04,27,125,,10,27,215,,06,24,166,,05,16,249,38.8,1*60
$GBGSV,3,3,12,07,13,190,38.4,11,05,034,39.0,13,04,033,,03,45,191,38.7,1*60
$GNRMC,204141.000,A,3900.0024,N,11613.9795,E,0.01,335.36,280612,,,A,V*0C
$GNVTG,335.36,T,,M,0.01,N,0.02,K,A*20
$GNZDA,204141.000,28,06,2012,,*47
$GNGGA,204142.000,3900.0024,N,11613.9795,E,1,11,0.73,-12.6,M,-6.8,M,,*76
$PAIRACC,3.67,8.30*42
$GNGLL,3900.0024,N,11613.9795,E,204142.000,A,A*4C
$GNGSA,A,3,29,24,27,16,,,,,,,,,1.31,0.73,1.09,1*01
$GNGSA,A,3,85,83,67,,,,,,,,,,1.31,0.73,1.09,2*0A
$GNGSA,A,3,,,,,,,,,,,,,1.31,0.73,1.09,3*0C
$GNGSA,A,3,05,07,11,03,,,,,,,,,1.31,0.73,1.09,4*0A
$GPGSV,3,1,12,08,02,045,,29,58,205,39.8,26,54,082,,24,72,053,39.6,1*6B
$GPGSV,3,2,12,21,49,312,,18,33,254,,10,29,055,,27,12,071,39.4,1*78
$GPGSV,3,3,12,16,08,302,39.4,02,03,112,,22,03,247,,15,63,120,,1*7A
$GLGSV,2,1,06,85,16,328,39.8,68,39,062,,79,33,147,,83,18,217,39.8,1*74
$GLGSV,2,2,06,70,08,289,,67,07,086,39.8,1*66
$GAGSV,1,1,00,7*73
$GBGSV,3,1,12,09,04,184,,01,38,147,,08,31,168,,02,30,229,,1*72
$GBGSV,3,2,12,04,27,125,,10,27,215,,06,24,166,,05,16,249,38.8,1*60
$GBGSV,3,3,12,07,13,190,39.0,11,05,034,38.1,13,04,033,,03,45,191,38.2,1*60
$GNRMC,204142.000,A,3900.0024,N,11613.9795,E,0.01,336.72,280612,,,A,V*0C
$GNVTG,336.72,T,,M,0.01,N,0.02,K,A*23
$GNZDA,204142.000,28,06,2012,,*44
$GNGGA,204143.000,3900.0024,N,11613.9795,E,1,11,0.73,-12.6,M,-6.8,M,,*77
$PAIRACC,3.69,8.29*44
$GNGLL,3900.0024,N,11613.9795,E,204143.000,A,A*4D
$GNGSA,A,3,29,24,27,16,,,,,,,,,1.31,0.73,1.09,1*01
$GNGSA,A,3,85,83,67,,,,,,,,,,1.31,0.73,1.09,2*0A
$GNGSA,A,3,,,,,,,,,,,,,1.31,0.73,1.09,3*0C
$GNGSA,A,3,05,07,11,03,,,,,,,,,1.31,0.73,1.09,4*0A
$GPGSV,3,1,12,08,02,045,,29,58,205,39.4,26,54,082,,24,72,053,40.2,1*6D
$GPGSV,3,2,12,21,49,312,,18,33,254,,10,29,055,,27,12,071,39.6,1*7A
$GPGSV,3,3,12,16,08,302,39.6,02,03,112,,22,03,247,,15,63,120,,1*78
$GLGSV,2,1,06,85,16,328,39.5,68,39,062,,79,33,147,,83,18,217,39.6,1*77
$GLGSV,2,2,06,70,08,289,,67,07,086,40.1,1*61
$GAGSV,1,1,00,7*73
$GBGSV,3,1,12,09,04,184,,01,38,147,,08,31,168,,02,30,229,,1*72
$GBGSV,3,2,12,04,27,125,,10,27,215,,06,24,166,,05,16,249,39.0,1*69
$GBGSV,3,3,12,07,13,190,39.3,11,05,034,39.2,13,04,033,,03,45,191,37.5,1*69
$GNRMC,204143.000,A,3900.0024,N,11613.9795,E,0.01,338.77,280612,,,A,V*06
$GNVTG,338.77,T,,M,0.01,N,0.02,K,A*28
$GNZDA,204143.000,28,06,2012,,*45
$GNGGA,204144.000,3900.0024,N,11613.9795,E,1,11,0.73,-12.6,M,-6.8,M,,*70
$PAIRACC,3.76,8.82*4B
$GNGLL,3900.0024,N,11613.9795,E,204144.000,A,A*4A
$GNGSA,A,3,29,24,27,16,,,,,,,,,1.31,0.73,1.09,1*01
$GNGSA,A,3,85,83,67,,,,,,,,,,1.31,0.73,1.09,2*0A
$GNGSA,A,3,,,,,,,,,,,,,1.31,0.73,1.09,3*0C
$GNGSA,A,3,05,07,11,03,,,,,,,,,1.31,0.73,1.09,4*0A
$GPGSV,3,1,12,08,02,045,,29,58,205,40.0,26,54,082,,24,72,053,39.5,1*6E
$GPGSV,3,2,12,21,49,312,,18,33,254,,10,29,055,,27,12,071,39.5,1*79
$GPGSV,3,3,12,16,08,302,39.7,02,03,112,,22,03,247,,15,63,120,,1*79
$GLGSV,2,1,06,85,16,328,39.9,68,39,062,,79,33,147,,83,18,217,39.7,1*7A
$GLGSV,2,2,06,70,08,289,,67,07,086,40.2,1*62
$GAGSV,1,1,00,7*73
$GBGSV,3,1,12,09,04,184,,01,38,147,,08,31,168,,02,30,229,,1*72
$GBGSV,3,2,12,04,27,125,,10,27,215,,06,24,166,,05,16,249,38.6,1*6E
$GBGSV,3,3,12,07,13,190,39.0,11,05,034,39.7,13,04,033,,03,45,191,38.6,1*63
$GNRMC,204144.000,A,3900.0024,N,11613.9795,E,0.01,338.34,280612,,,A,V*06
$GNVTG,338.34,T,,M,0.01,N,0.02,K,A*2F
$GNZDA,204144.000,28,06,2012,,*42
$GNGGA,204145.000,3900.0024,N,11613.9795,E,1,11,0.73,-12.6,M,-6.8,M,,*71
$PAIRACC,3.72,8.34*42
$GNGLL,3900.0024,N,11613.9795,E,204145.000,A,A*4B
$GNGSA,A,3,29,24,27,16,,,,,,,,,1.31,0.73,1.09,1*01
$GNGSA,A,3,85,83,67,,,,,,,,,,1.31,0.73,1.09,2*0A
$GNGSA,A,3,,,,,,,,,,,,,1.31,0.73,1.09,3*0C
$GNGSA,A,3,05,07,11,03,,,,,,,,,1.31,0.73,1.09,4*0A
$GPGSV,3,1,12,08,02,045,,29,58,205,39.3,26,54,082,,24,72,053,39.5,1*63
$GPGSV,3,2,12,21,49,312,,18,33,254,,10,29,055,,27,12,071,39.5,1*79
$GPGSV,3,3,12,16,08,302,39.7,02,03,112,,22,03,247,,15,63,120,,1*79
$GLGSV,2,1,06,85,16,328,39.3,68,39,062,,79,33,147,,83,18,217,40.1,1*78
$GLGSV,2,2,06,70,08,289,,67,07,086,40.0,1*60
$GAGSV,1,1,00,7*73
$GBGSV,3,1,12,09,04,184,,01,38,147,,08,31,168,,02,30,229,,1*72
$GBGSV,3,2,12,04,27,125,,10,27,215,,06,24,166,,05,16,249,39.0,1*69
$GBGSV,3,3,12,07,13,190,39.5,11,05,034,38.7,13,04,033,,03,45,191,38.2,1*63
$GNRMC,204145.000,A,3900.0024,N,11613.9795,E,0.01,338.82,280612,,,A,V*0A
$GNVTG,338.82,T,,M,0.01,N,0.02,K,A*22
$GNZDA,204145.000,28,06,2012,,*43
$GNGGA,204146.000,3900.0024,N,11613.9795,E,1,11,0.73,-12.6,M,-6.8,M,,*72
$PAIRACC,3.76,8.83*4A
$GNGLL,3900.0024,N,11613.9795,E,204146.000,A,A*48
$GNGSA,A,3,29,24,27,16,,,,,,,,,1.31,0.73,1.09,1*01
$GNGSA,A,3,85,83,67,,,,,,,,,,1.31,0.73,1.09,2*0A
$GNGSA,A,3,,,,,,,,,,,,,1.31,0.73,1.09,3*0C
$GNGSA,A,3,05,07,11,03,,,,,,,,,1.31,0.73,1.09,4*0A
$GPGSV,3,1,12,08,02,045,,29,58,205,39.6,26,54,082,,24,72,053,39.6,1*65
$GPGSV,3,2,12,21,49,312,,18,33,254,,10,29,055,,27,12,071,39.5,1*79
$GPGSV,3,3,12,16,08,302,39.6,02,03,112,,22,03,247,,15,63,120,,1*78
$GLGSV,2,1,06,85,16,328,40.0,68,39,062,,79,33,147,,83,18,217,40.2,1*76
$GLGSV,2,2,06,70,08,289,,67,07,086,40.1,1*61
$GAGSV,1,1,00,7*73
$GBGSV,3,1,12,09,04,184,,01,38,147,,08,31,168,,02,30,229,,1*72
$GBGSV,3,2,12,04,27,125,,10,27,215,,06,24,166,,05,16,249,38.9,1*61
$GBGSV,3,3,12,07,13,190,38.6,11,05,034,39.0,13,04,033,,03,45,191,37.9,1*63
$GNRMC,204146.000,A,3900.0024,N,11613.9795,E,0.01,338.13,280612,,,A,V*01
$GNVTG,338.13,T,,M,0.01,N,0.02,K,A*2A
$GNZDA,204146.000,28,06,2012,,*40
$GNGGA,204147.000,3900.0024,N,11613.9795,E,1,11,0.73,-12.6,M,-6.8,M,,*73
$PAIRACC,3.73,8.37*40
$GNGLL,3900.0024,N,11613.9795,E,204147.000,A,A*49
$GNGSA,A,3,29,24,27,16,,,,,,,,,1.31,0.73,1.09,1*01
$GNGSA,A,3,85,83,67,,,,,,,,,,1.31,0.73,1.09,2*0A
$GNGSA,A,3,,,,,,,,,,,,,1.31,0.73,1.09,3*0C
$GNGSA,A,3,05,07,11,03,,,,,,,,,1.31,0.73,1.09,4*0A
$GPGSV,3,1,12,08,02,045,,29,58,205,39.5,26,54,082,,24,72,053,39.7,1*67
$GPGSV,3,2,12,21,49,312,,18,33,254,,10,29,055,,27,12,071,39.2,1*7E
$GPGSV,3,3,12,16,08,302,39.8,02,03,112,,22,03,247,,15,63,120,,1*76
$GLGSV,2,1,06,85,16,328,39.4,68,39,062,,79,33,147,,83,18,217,39.7,1*77
$GLGSV,2,2,06,70,08,289,,67,07,086,40.1,1*61
$GAGSV,1,1,00,7*73
$GBGSV,3,1,12,09,04,184,,01,38,147,,08,31,168,,02,30,229,,1*72
$GBGSV,3,2,12,04,27,125,,10,27,215,,06,24,166,,05,16,249,38.8,1*60
$GBGSV,3,3,12,07,13,190,38.9,11,05,034,39.1,13,04,033,,03,45,191,38.7,1*6C
$GNRMC,204147.000,A,3900.0024,N,11613.9795,E,0.01,332.70,280612,,,A,V*0F
$GNVTG,332.70,T,,M,0.01,N,0.02,K,A*25
$GNZDA,204147.000,28,06,2012,,*41
$GNGGA,204148.000,3900.0024,N,11613.9795,E,1,11,0.73,-12.5,M,-6.8,M,,*7F
$PAIRACC,3.74,8.78*4C
$GNGLL,3900.0024,N,11613.9795,E,204148.000,A,A*46
$GNGSA,A,3,29,24,27,16,,,,,,,,,1.31,0.73,1.09,1*01
$GNGSA,A,3,85,83,67,,,,,,,,,,1.31,0.73,1.09,2*0A
$GNGSA,A,3,,,,,,,,,,,,,1.31,0.73,1.09,3*0C
$GNGSA,A,3,05,07,11,03,,,,,,,,,1.31,0.73,1.09,4*0A
$GPGSV,3,1,12,08,02,045,,29,58,205,39.7,26,54,082,,24,72,053,39.7,1*65
$GPGSV,3,2,12,21,49,312,,18,33,254,,10,29,055,,27,12,071,38.6,1*7B
$GPGSV,3,3,12,16,08,302,39.9,02,03,112,,22,03,247,,15,63,120,,1*77
$GLGSV,2,1,06,85,16,328,39.9,68,39,062,,79,33,147,,83,18,217,40.0,1*73
$GLGSV,2,2,06,70,08,289,,67,07,086,40.1,1*61
$GAGSV,1,1,00,7*73
$GBGSV,3,1,12,09,04,184,,01,38,147,,08,31,168,,02,30,229,,1*72
$GBGSV,3,2,12,04,27,125,,10,27,215,,06,24,166,,05,16,249,38.8,1*60
$GBGSV,3,3,12,07,13,190,39.4,11,05,034,38.5,13,04,033,,03,45,191,38.1,1*63
$GNRMC,204148.000,A,3900.0024,N,11613.9795,E,0.01,334.62,280612,,,A,V*05
$GNVTG,334.62,T,,M,0.01,N,0.02,K,A*20
$GNZDA,204148.000,28,06,2012,,*4E
$GNGGA,204149.000,3900.0024,N,11613.9795,E,1,11,0.73,-12.5,M,-6.8,M,,*7E
$PAIRACC,3.77,8.43*47
$GNGLL,3900.0024,N,11613.9795,E,204149.000,A,A*47
$GNGSA,A,3,29,24,27,16,,,,,,,,,1.31,0.73,1.09,1*01
$GNGSA,A,3,85,83,67,,,,,,,,,,1.31,0.73,1.09,2*0A
$GNGSA,A,3,,,,,,,,,,,,,1.31,0.73,1.09,3*0C
$GNGSA,A,3,05,07,11,03,,,,,,,,,1.31,0.73,1.09,4*0A
$GPGSV,3,1,12,08,02,045,,29,58,205,39.2,26,54,082,,24,72,053,39.9,1*6E
$GPGSV,3,2,12,21,49,312,,18,33,254,,10,29,055,,27,12,071,39.1,1*7D
$GPGSV,3,3,12,16,08,302,39.1,02,03,112,,22,03,247,,15,63,120,,1*7F
$GLGSV,2,1,06,85,16,328,39.8,68,39,062,,79,33,147,,83,18,217,39.6,1*7A
$GLGSV,2,2,06,70,08,289,,67,07,086,40.5,1*65
$GAGSV,1,1,00,7*73
$GBGSV,3,1,12,09,04,184,,01,38,147,,08,31,168,,02,30,229,,1*72
$GBGSV,3,2,12,04,27,125,,10,27,215,,06,24,166,,05,16,249,39.0,1*69
$GBGSV,3,3,12,07,13,190,38.7,11,05,034,39.6,13,04,033,,03,45,191,38.1,1*63
$GNRMC,204149.000,A,3900.0024,N,11613.9795,E,0.01,339.50,280612,,,A,V*08
$GNVTG,339.50,T,,M,0.01,N,0.02,K,A*2C
$GNZDA,204149.000,28,06,2012,,*4F
$GNGGA,204150.000,3900.0024,N,11613.9795,E,1,11,0.73,-12.5,M,-6.8,M,,*76
$PAIRACC,3.75,8.80*4A
$GNGLL,3900.0024,N,11613.9795,E,204150.000,A,A*4F
$GNGSA,A,3,29,24,27,16,,,,,,,,,1.31,0.73,1.09,1*01
$GNGSA,A,3,85,83,67,,,,,,,,,,1.31,0.73,1.09,2*0A
$GNGSA,A,3,,,,,,,,,,,,,1.31,0.73,1.09,3*0C
$GNGSA,A,3,05,07,11,03,,,,,,,,,1.31,0.73,1.09,4*0A
$GPGSV,3,1,12,08,02,045,,29,58,205,39.8,26,54,082,,24,72,053,39.8,1*65
$GPGSV,3,2,12,21,49,312,,18,33,254,,10,29,055,,27,12,071,39.5,1*79
$GPGSV,3,3,12,16,08,302,39.7,02,03,112,,22,03,247,,15,63,120,,1*79
$GLGSV,2,1,06,85,16,328,39.7,68,39,062,,79,33,147,,83,18,217,39.9,1*7A
$GLGSV,2,2,06,70,08,289,,67,07,086,39.9,1*67
$GAGSV,1,1,00,7*73
$GBGSV,3,1,12,09,04,184,,01,38,147,,08,31,168,,02,30,229,,1*72
$GBGSV,3,2,12,04,27,125,,10,27,215,,06,24,166,,05,16,249,38.6,1*6E
$GBGSV,3,3,12,07,13,190,39.0,11,05,034,39.1,13,04,033,,03,45,191,38.9,1*6A
$GNRMC,204150.000,A,3900.0024,N,11613.9795,E,0.01,334.76,280612,,,A,V*09
$GNVTG,334.76,T,,M,0.01,N,0.02,K,A*25
$GNZDA,204150.000,28,06,2012,,*47
$GNGGA,204151.000,3900.0024,N,11613.9795,E,1,11,0.73,-12.5,M,-6.8,M,,*77
$PAIRACC,3.70,8.32*46
$GNGLL,3900.0024,N,11613.9795,E,204151.000,A,A*4E
$GNGSA,A,3,29,24,27,16,,,,,,,,,1.31,0.73,1.09,1*01
$GNGSA,A,3,85,83,67,,,,,,,,,,1.31,0.73,1.09,2*0A
$GNGSA,A,3,,,,,,,,,,,,,1.31,0.73,1.09,3*0C
$GNGSA,A,3,05,07,11,03,,,,,,,,,1.31,0.73,1.09,4*0A
$GPGSV,3,1,12,08,02,045,,29,58,205,39.7,26,54,082,,24,72,053,40.0,1*6C
$GPGSV,3,2,12,21,49,312,,18,33,254,,10,29,055,,27,12,071,39.8,1*74
$GPGSV,3,3,12,16,08,302,39.8,02,03,112,,22,03,247,,15,63,120,,1*76
$GLGSV,2,1,06,85,16,328,39.9,68,39,062,,79,33,147,,83,18,217,39.9,1*74
$GLGSV,2,2,06,70,08,289,,67,07,086,39.6,1*68
$GAGSV,1,1,00,7*73
$GBGSV,3,1,12,09,04,184,,01,38,147,,08,31,168,,02,30,229,,1*72
$GBGSV,3,2,12,04,27,125,,10,27,215,,06,24,166,,05,16,249,38.5,1*6D
$GBGSV,3,3,12,07,13,190,39.3,11,05,034,38.6,13,04,033,,03,45,191,38.0,1*66
$GNRMC,204151.000,A,3900.0024,N,11613.9795,E,0.01,335.73,280612,,,A,V*0C
$GNVTG,335.73,T,,M,0.01,N,0.02,K,A*21
$GNZDA,204151.000,28,06,2012,,*46
$GNGGA,204152.000,3900.0024,N,11613.9795,E,1,11,0.73,-12.5,M,-6.8,M,,*74
$PAIRACC,3.77,8.84*4C
$GNGLL,3900.0024,N,11613.9795,E,204152.000,A,A*4D
$GNGSA,A,3,29,24,27,16,,,,,,,,,1.31,0.73,1.09,1*01
$GNGSA,A,3,85,83,67,,,,,,,,,,1.31,0.73,1.09,2*0A
$GNGSA,A,3,,,,,,,,,,,,,1.31,0.73,1.09,3*0C
$GNGSA,A,3,05,07,11,03,,,,,,,,,1.31,0.73,1.09,4*0A
$GPGSV,3,1,12,08,02,045,,29,58,205,39.4,26,54,082,,24,72,053,39.9,1*68
$GPGSV,3,2,12,21,49,312,,18,33,254,,10,29,055,,27,12,071,39.3,1*7F
$GPGSV,3,3,12,16,08,302,39.6,02,03,112,,22,03,247,,15,63,120,,1*78
$GLGSV,2,1,06,85,16,328,39.9,68,39,062,,79,33,147,,83,18,217,39.9,1*74
$GLGSV,2,2,06,70,08,289,,67,07,086,39.7,1*69
$GAGSV,1,1,00,7*73
$GBGSV,3,1,12,09,04,184,,01,38,147,,08,31,168,,02,30,229,,1*72
$GBGSV,3,2,12,04,27,125,,10,27,215,,06,24,166,,05,16,249,38.8,1*60
$GBGSV,3,3,12,07,13,190,38.7,11,05,034,39.5,13,04,033,,03,45,191,38.0,1*61
$GNRMC,204152.000,A,3900.0024,N,11613.9795,E,0.01,341.52,280612,,,A,V*0F
$GNVTG,341.52,T,,M,0.01,N,0.02,K,A*21
$GNZDA,204152.000,28,06,2012,,*45
$GNGGA,204153.000,3900.0024,N,11613.9795,E,1,11,0.73,-12.5,M,-6.8,M,,*75
$PAIRACC,3.71,8.34*41
$GNGLL,3900.0024,N,11613.9795,E,204153.000,A,A*4C
$GNGSA,A,3,29,24,27,16,,,,,,,,,1.31,0.73,1.09,1*01
$GNGSA,A,3,85,83,67,,,,,,,,,,1.31,0.73,1.09,2*0A
$GNGSA,A,3,,,,,,,,,,,,,1.31,0.73,1.09,3*0C
$GNGSA,A,3,05,07,11,03,,,,,,,,,1.31,0.73,1.09,4*0A
$GPGSV,3,1,12,08,02,045,,29,58,205,39.8,26,54,082,,24,72,053,39.4,1*69
$GPGSV,3,2,12,21,49,312,,18,33,254,,10,29,055,,27,12,071,39.5,1*79
$GPGSV,3,3,12,16,08,302,39.6,02,03,112,,22,03,247,,15,63,120,,1*78
$GLGSV,2,1,06,85,16,328,39.9,68,39,062,,79,33,147,,83,18,217,39.7,1*7A
$GLGSV,2,2,06,70,08,289,,67,07,086,40.1,1*61
$GAGSV,1,1,00,7*73
$GBGSV,3,1,12,09,04,184,,01,38,147,,08,31,168,,02,30,229,,1*72
$GBGSV,3,2,12,04,27,125,,10,27,215,,06,24,166,,05,16,249,39.0,1*69
$GBGSV,3,3,12,07,13,190,38.8,11,05,034,38.3,13,04,033,,03,45,191,38.9,1*60
$GNRMC,204153.000,A,3900.0024,N,11613.9795,E,0.01,333.38,280612,,,A,V*07
$GNVTG,333.38,T,,M,0.01,N,0.02,K,A*28
$GNZDA,204153.000,28,06,2012,,*44
$GNGGA,204154.000,3900.0024,N,11613.9795,E,1,11,0.73,-12.5,M,-6.8,M,,*72
$PAIRACC,3.76,8.80*49
$GNGLL,3900.0024,N,11613.9795,E,204154.000,A,A*4B
$GNGSA,A,3,29,24,27,16,,,,,,,,,1.31,0.73,1.09,1*01
$GNGSA,A,3,85,83,67,,,,,,,,,,1.31,0.73,1.09,2*0A
$GNGSA,A,3,,,,,,,,,,,,,1.31,0.73,1.09,3*0C
$GNGSA,A,3,05,07,11,03,,,,,,,,,1.31,0.73,1.09,4*0A
$GPGSV,3,1,12,08,02,045,,29,58,205,39.3,26,54,082,,24,72,053,39.5,1*63
$GPGSV,3,2,12,21,49,312,,18,33,254,,10,29,055,,27,12,071,39.6,1*7A
$GPGSV,3,3,12,16,08,302,39.7,02,03,112,,22,03,247,,15,63,120,,1*79
$GLGSV,2,1,06,85,16,328,39.5,68,39,062,,79,33,147,,83,18,217,39.9,1*78
$GLGSV,2,2,06,70,08,289,,67,07,086,40.2,1*62
$GAGSV,1,1,00,7*73
$GBGSV,3,1,12,09,04,184,,01,38,147,,08,31,168,,02,30,229,,1*72
$GBGSV,3,2,12,04,27,125,,10,27,215,,06,24,166,,05,16,249,38.8,1*60
$GBGSV,3,3,12,07,13,190,39.7,11,05,034,39.2,13,04,033,,03,45,191,37.8,1*60
$GNRMC,204154.000,A,3900.0024,N,11613.9795,E,0.01,341.79,280612,,,A,V*00
$GNVTG,341.79,T,,M,0.01,N,0.02,K,A*28
$GNZDA,204154.000,28,06,2012,,*43
$GNGGA,204155.000,3900.0024,N,11613.9795,E,1,11,0.73,-12.5,M,-6.8,M,,*73
$PAIRACC,3.74,8.40*47
$GNGLL,3900.0024,N,11613.9795,E,204155.000,A,A*4A
$GNGSA,A,3,29,24,27,16,,,,,,,,,1.31,0.73,1.09,1*01
$GNGSA,A,3,85,83,67,,,,,,,,,,1.31,0.73,1.09,2*0A
$GNGSA,A,3,,,,,,,,,,,,,1.31,0.73,1.09,3*0C
$GNGSA,A,3,05,07,11,03,,,,,,,,,1.31,0.73,1.09,4*0A
$GPGSV,3,1,12,08,02,045,,29,58,205,39.8,26,54,082,,24,72,053,39.6,1*6B
$GPGSV,3,2,12,21,49,312,,18,33,254,,10,29,055,,27,12,071,39.8,1*74
$GPGSV,3,3,12,16,08,302,40.1,02,03,112,,22,03,247,,15,63,120,,1*71
$GLGSV,2,1,06,85,16,328,39.8,68,39,062,,79,33,147,,83,18,217,39.5,1*79
$GLGSV,2,2,06,70,08,289,,67,07,086,40.0,1*60
$GAGSV,1,1,00,7*73
$GBGSV,3,1,12,09,04,184,,01,38,147,,08,31,168,,02,30,229,,1*72
$GBGSV,3,2,12,04,27,125,,10,27,215,,06,24,166,,05,16,249,38.8,1*60
$GBGSV,3,3,12,07,13,190,38.1,11,05,034,39.1,13,04,033,,03,45,191,37.9,1*65
$GNRMC,204155.000,A,3900.0024,N,11613.9795,E,0.01,338.41,280612,,,A,V*04
$GNVTG,338.41,T,,M,0.01,N,0.02,K,A*2D
$GNZDA,204155.000,28,06,2012,,*42
$GNGGA,204156.000,3900.0024,N,11613.9795,E,1,11,0.73,-12.5,M,-6.8,M,,*70
$PAIRACC,3.69,8.45*4E
$GNGLL,3900.0024,N,11613.9795,E,204156.000,A,A*49
$GNGSA,A,3,29,24,27,16,,,,,,,,,1.31,0.73,1.09,1*01
$GNGSA,A,3,85,83,67,,,,,,,,,,1.31,0.73,1.09,2*0A
$GNGSA,A,3,,,,,,,,,,,,,1.31,0.73,1.09,3*0C
$GNGSA,A,3,05,07,11,03,,,,,,,,,1.31,0.73,1.09,4*0A
$GPGSV,3,1,12,08,02,045,,29,58,205,39.0,26,54,082,,24,72,053,39.8,1*6D
$GPGSV,3,2,12,21,49,312,,18,33,254,,10,29,055,,27,12,071,39.6,1*7A
$GPGSV,3,3,12,16,08,302,39.5,02,03,112,,22,03,247,,15,63,120,,1*7B
$GLGSV,2,1,06,85,16,328,39.5,68,39,062,,79,33,147,,83,18,217,39.6,1*77
$GLGSV,2,2,06,70,08,289,,67,07,086,39.9,1*67
$GAGSV,1,1,00,7*73
$GBGSV,3,1,12,09,04,184,,01,38,147,,08,31,168,,02,30,229,,1*72
$GBGSV,3,2,12,04,27,125,,10,27,215,,06,24,166,,05,16,249,38.8,1*60
$GBGSV,3,3,12,07,13,190,39.3,11,05,034,39.0,13,04,033,,03,45,191,39.0,1*60
$GNRMC,204156.000,A,3900.0024,N,11613.9795,E,0.01,347.79,280612,,,A,V*04
$GNVTG,347.79,T,,M,0.01,N,0.02,K,A*2E
$GNZDA,204156.000,28,06,2012,,*41
$GNGGA,204157.000,3900.0024,N,11613.9795,E,1,11,0.73,-12.5,M,-6.8,M,,*71
$PAIRACC,3.66,8.29*4B
$GNGLL,3900.0024,N,11613.9795,E,204157.000,A,A*48
$GNGSA,A,3,29,24,27,16,,,,,,,,,1.31,0.73,1.09,1*01
$GNGSA,A,3,85,83,67,,,,,,,,,,1.31,0.73,1.09,2*0A
$GNGSA,A,3,,,,,,,,,,,,,1.31,0.73,1.09,3*0C
$GNGSA,A,3,05,07,11,03,,,,,,,,,1.31,0.73,1.09,4*0A
$GPGSV,3,1,12,08,02,045,,29,58,205,39.8,26,54,082,,24,72,053,39.7,1*6A
$GPGSV,3,2,12,21,49,312,,18,33,254,,10,29,055,,27,12,071,39.5,1*79
$GPGSV,3,3,12,16,08,302,39.8,02,03,112,,22,03,247,,15,63,120,,1*76
$GLGSV,2,1,06,85,16,328,39.7,68,39,062,,79,33,147,,83,18,217,39.5,1*76
$GLGSV,2,2,06,70,08,289,,67,07,086,40.2,1*62
$GAGSV,1,1,00,7*73
$GBGSV,3,1,12,09,04,184,,01,38,147,,08,31,168,,02,30,229,,1*72
$GBGSV,3,2,12,04,27,125,,10,27,215,,06,24,166,,05,16,249,38.8,1*60
$GBGSV,3,3,12,07,13,190,39.5,11,05,034,39.7,13,04,033,,03,45,191,38.1,1*61
$GNRMC,204157.000,A,3900.0024,N,11613.9795,E,0.01,346.22,280612,,,A,V*0A
$GNVTG,346.22,T,,M,0.01,N,0.02,K,A*21
$GNZDA,204157.000,28,06,2012,,*40
$GNGGA,204158.000,3900.0024,N,11613.9795,E,1,11,0.73,-12.5,M,-6.8,M,,*7E
$PAIRACC,3.70,8.37*43
$GNGLL,3900.0024,N,11613.9795,E,204158.000,A,A*47
$GNGSA,A,3,29,24,27,16,,,,,,,,,1.31,0.73,1.09,1*01
$GNGSA,A,3,85,83,67,,,,,,,,,,1.31,0.73,1.09,2*0A
$GNGSA,A,3,,,,,,,,,,,,,1.31,0.73,1.09,3*0C
$GNGSA,A,3,05,07,11,03,,,,,,,,,1.31,0.73,1.09,4*0A
$GPGSV,3,1,12,08,02,045,,29,58,205,39.7,26,54,082,,24,72,053,39.6,1*64
$GPGSV,3,2,12,21,49,312,,18,33,254,,10,29,055,,27,12,071,39.4,1*78
$GPGSV,3,3,12,16,08,302,39.8,02,03,112,,22,03,247,,15,63,120,,1*76
$GLGSV,2,1,06,85,16,328,39.9,68,39,062,,79,33,147,,83,18,217,39.8,1*75
$GLGSV,2,2,06,70,08,289,,67,07,086,39.9,1*67
$GAGSV,1,1,00,7*73
$GBGSV,3,1,12,09,04,184,,01,38,147,,08,31,168,,02,30,229,,1*72
$GBGSV,3,2,12,04,27,125,,10,27,215,,06,24,166,,05,16,249,38.6,1*6E
$GBGSV,3,3,12,07,13,190,38.4,11,05,034,38.5,13,04,033,,03,45,191,38.0,1*63
$GNRMC,204158.000,A,3900.0024,N,11613.9795,E,0.01,343.26,280612,,,A,V*04
$GNVTG,343.26,T,,M,0.01,N,0.02,K,A*20
$GNZDA,204158.000,28,06,2012,,*4F
$GNGGA,204159.000,3900.0024,N,11613.9795,E,1,11,0.73,-12.5,M,-6.8,M,,*7F
$PAIRACC,3.69,8.31*4D
$GNGLL,3900.0024,N,11613.9795,E,204159.000,A,A*46
$GNGSA,A,3,29,24,27,16,,,,,,,,,1.31,0.73,1.09,1*01
$GNGSA,A,3,85,83,67,,,,,,,,,,1.31,0.73,1.09,2*0A
$GNGSA,A,3,,,,,,,,,,,,,1.31,0.73,1.09,3*0C
$GNGSA,A,3,05,07,11,03,,,,,,,,,1.31,0.73,1.09,4*0A
$GPGSV,3,1,12,08,02,045,,29,58,205,39.3,26,54,082,,24,72,053,39.6,1*60
$GPGSV,3,2,12,21,49,312,,18,33,254,,10,29,055,,27,12,071,39.1,1*7D
$GPGSV,3,3,12,16,08,302,39.4,02,03,112,,22,03,247,,15,63,120,,1*7A
$GLGSV,2,1,06,85,16,328,40.2,68,39,062,,79,33,147,,83,18,217,39.9,1*71
$GLGSV,2,2,06,70,08,289,,67,07,086,40.1,1*61
$GAGSV,1,1,00,7*73
$GBGSV,3,1,12,09,04,184,,01,38,147,,08,31,168,,02,30,229,,1*72
$GBGSV,3,2,12,04,27,125,,10,27,215,,06,24,166,,05,16,249,39.1,1*68
$GBGSV,3,3,12,07,13,190,39.6,11,05,034,39.4,13,04,033,,03,45,191,38.9,1*69
$GNRMC,204159.000,A,3900.0024,N,11613.9795,E,0.01,345.66,280612,,,A,V*07
$GNVTG,345.66,T,,M,0.01,N,0.02,K,A*22
$GNZDA,204159.000,28,06,2012,,*4E
$GNGGA,204200.000,3900.0024,N,11613.9795,E,1,11,0.73,-12.5,M,-6.8,M,,*70
$PAIRACC,3.66,8.29*4B
$GNGLL,3900.0024,N,11613.9795,E,204200.000,A,A*49
$GNGSA,A,3,29,24,27,16,,,,,,,,,1.31,0.73,1.09,1*01
$GNGSA,A,3,85,83,67,,,,,,,,,,1.31,0.73,1.09,2*0A
$GNGSA,A,3,,,,,,,,,,,,,1.31,0.73,1.09,3*0C
$GNGSA,A,3,05,07,11,03,,,,,,,,,1.31,0.73,1.09,4*0A
$GPGSV,3,1,12,08,02,045,,29,58,205,39.7,26,54,082,,24,72,053,39.8,1*6A
$GPGSV,3,2,12,21,49,312,,18,33,254,,10,29,055,,27,12,071,39.4,1*78
$GPGSV,3,3,12,16,08,302,39.7,02,03,112,,22,03,247,,15,63,120,,1*79
$GLGSV,2,1,06,85,16,328,39.7,68,39,062,,79,33,147,,83,18,217,40.2,1*7F
$GLGSV,2,2,06,70,08,289,,67,07,086,40.0,1*60
$GAGSV,1,1,00,7*73
$GBGSV,3,1,12,09,04,184,,01,38,147,,08,31,168,,02,30,229,,1*72
$GBGSV,3,2,12,04,27,125,,10,27,215,,06,24,166,,05,16,249,38.7,1*6F
$GBGSV,3,3,12,07,13,190,39.3,11,05,034,39.4,13,04,033,,03,45,191,38.1,1*64
$GNRMC,204200.000,A,3900.0024,N,11613.9795,E,0.01,347.75,280612,,,A,V*08
$GNVTG,347.75,T,,M,0.01,N,0.02,K,A*22
$GNZDA,204200.000,28,06,2012,,*41
$GNGGA,204201.000,3900.0024,N,11613.9795,E,1,11,0.73,-12.5,M,-6.8,M,,*71
$PAIRACC,3.69,8.33*4F
$GNGLL,3900.0024,N,11613.9795,E,204201.000,A,A*48
$GNGSA,A,3,29,24,27,16,,,,,,,,,1.31,0.73,1.09,1*01
$GNGSA,A,3,85,83,67,,,,,,,,,,1.31,0.73,1.09,2*0A
$GNGSA,A,3,,,,,,,,,,,,,1.31,0.73,1.09,3*0C
$GNGSA,A,3,05,07,11,03,,,,,,,,,1.31,0.73,1.09,4*0A
$GPGSV,3,1,12,08,02,045,,29,58,205,40.0,26,54,082,,24,72,053,39.3,1*68
$GPGSV,3,2,12,21,49,312,,18,33,254,,10,29,055,,27,12,071,39.8,1*74
$GPGSV,3,3,12,16,08,302,39.8,02,03,112,,22,03,247,,15,63,120,,1*76
$GLGSV,2,1,06,85,16,328,39.5,68,39,062,,79,33,147,,83,18,217,39.6,1*77
$GLGSV,2,2,06,70,08,289,,67,07,086,40.0,1*60
$GAGSV,1,1,00,7*73
$GBGSV,3,1,12,09,04,184,,01,38,147,,08,31,168,,02,30,229,,1*72
$GBGSV,3,2,12,04,27,125,,10,27,215,,06,24,166,,05,16,249,39.0,1*69
$GBGSV,3,3,12,07,13,190,38.0,11,05,034,38.4,13,04,033,,03,45,191,38.1,1*67
$GNRMC,204201.000,A,3900.0024,N,11613.9795,E,0.01,343.16,280612,,,A,V*08
$GNVTG,343.16,T,,M,0.01,N,0.02,K,A*23
$GNZDA,204201.000,28,06,2012,,*40
$GNGGA,204202.000,3900.0024,N,11613.9795,E,1,11,0.73,-12.5,M,-6.8,M,,*72
$PAIRACC,3.66,8.28*4A
$GNGLL,3900.0024,N,11613.9795,E,204202.000,A,A*4B
$GNGSA,A,3,29,24,27,16,,,,,,,,,1.31,0.73,1.09,1*01
$GNGSA,A,3,85,83,67,,,,,,,,,,1.31,0.73,1.09,2*0A
$GNGSA,A,3,,,,,,,,,,,,,1.31,0.73,1.09,3*0C
$GNGSA,A,3,05,07,11,03,,,,,,,,,1.31,0.73,1.09,4*0A
$GPGSV,3,1,12,08,02,045,,29,58,205,39.8,26,54,082,,24,72,053,39.9,1*64
$GPGSV,3,2,12,21,49,312,,18,33,254,,10,29,055,,27,12,071,39.6,1*7A
$GPGSV,3,3,12,16,08,302,39.4,02,03,112,,22,03,247,,15,63,120,,1*7A
$GLGSV,2,1,06,85,16,328,39.5,68,39,062,,79,33,147,,83,18,217,40.2,1*7D
$GLGSV,2,2,06,70,08,289,,67,07,086,40.0,1*60
$GAGSV,1,1,00,7*73
$GBGSV,3,1,12,09,04,184,,01,38,147,,08,31,168,,02,30,229,,1*72
$GBGSV,3,2,12,04,27,125,,10,27,215,,06,24,166,,05,16,249,38.8,1*60
$GBGSV,3,3,12,07,13,190,39.3,11,05,034,39.4,13,04,033,,03,45,191,38.8,1*6D
$GNRMC,204202.000,A,3900.0024,N,11613.9795,E,0.01,342.15,280612,,,A,V*09
$GNVTG,342.15,T,,M,0.01,N,0.02,K,A*21
$GNZDA,204202.000,28,06,2012,,*43
$GNGGA,204203.000,3900.0024,N,11613.9795,E,1,11,0.73,-12.5,M,-6.8,M,,*73
$PAIRACC,3.66,8.29*4B
$GNGLL,3900.0024,N,11613.9795,E,204203.000,A,A*4A
$GNGSA,A,3,29,24,27,16,,,,,,,,,1.31,0.73,1.09,1*01
$GNGSA,A,3,85,83,67,,,,,,,,,,1.31,0.73,1.09,2*0A
$GNGSA,A,3,,,,,,,,,,,,,1.31,0.73,1.09,3*0C
$GNGSA,A,3,05,07,11,03,,,,,,,,,1.31,0.73,1.09,4*0A
$GPGSV,3,1,12,08,02,045,,29,58,205,39.7,26,54,082,,24,72,053,39.3,1*61
$GPGSV,3,2,12,21,49,312,,18,33,254,,10,29,055,,27,12,071,39.4,1*78
$GPGSV,3,3,12,16,08,302,39.5,02,03,112,,22,03,247,,15,63,120,,1*7B
$GLGSV,2,1,06,85,16,328,39.9,68,39,062,,79,33,147,,83,18,217,39.8,1*75
$GLGSV,2,2,06,70,08,289,,67,07,086,39.7,1*69
$GAGSV,1,1,00,7*73
$GBGSV,3,1,12,09,04,184,,01,38,147,,08,31,168,,02,30,229,,1*72
$GBGSV,3,2,12,04,27,125,,10,27,215,,06,24,166,,05,16,249,39.1,1*68
$GBGSV,3,3,12,07,13,190,39.4,11,05,034,37.8,13,04,033,,03,45,191,38.2,1*62
$GNRMC,204203.000,A,3900.0024,N,11613.9795,E,0.01,346.66,280612,,,A,V*08
$GNVTG,346.66,T,,M,0.01,N,0.02,K,A*21
$GNZDA,204203.000,28,06,2012,,*42
$GNGGA,204204.000,3900.0024,N,11613.9795,E,1,11,0.73,-12.5,M,-6.8,M,,*74
$PAIRACC,3.72,8.37*41
$GNGLL,3900.0024,N,11613.9795,E,204204.000,A,A*4D
$GNGSA,A,3,29,24,27,16,,,,,,,,,1.31,0.73,1.09,1*01
$GNGSA,A,3,85,83,67,,,,,,,,,,1.31,0.73,1.09,2*0A
$GNGSA,A,3,,,,,,,,,,,,,1.31,0.73,1.09,3*0C
$GNGSA,A,3,05,07,11,03,,,,,,,,,1.31,0.73,1.09,4*0A
$GPGSV,3,1,12,08,02,045,,29,58,205,39.9,26,54,082,,24,72,053,39.2,1*6E
$GPGSV,3,2,12,21,49,312,,18,33,254,,10,29,055,,27,12,071,39.7,1*7B
$GPGSV,3,3,12,16,08,302,39.2,02,03,112,,22,03,247,,15,63,120,,1*7C
$GLGSV,2,1,06,85,16,328,40.2,68,39,062,,79,33,147,,83,18,217,40.1,1*77
$GLGSV,2,2,06,70,08,289,,67,07,086,39.8,1*66
$GAGSV,1,1,00,7*73
$GBGSV,3,1,12,09,04,184,,01,38,147,,08,31,168,,02,30,229,,1*72
$GBGSV,3,2,12,04,27,125,,10,27,215,,06,24,166,,05,16,249,38.8,1*60
$GBGSV,3,3,12,07,13,190,38.5,11,05,034,39.0,13,04,033,,03,45,191,38.0,1*66
$GNRMC,204204.000,A,3900.0024,N,11613.9795,E,0.01,335.87,280612,,,A,V*04
$GNVTG,335.87,T,,M,0.01,N,0.02,K,A*2A
$GNZDA,204204.000,28,06,2012,,*45
$GNGGA,204205.000,3900.0025,N,11613.9795,E,1,11,0.73,-12.5,M,-6.8,M,,*74
$PAIRACC,3.75,8.80*4A
$GNGLL,3900.0025,N,11613.9795,E,204205.000,A,A*4D
$GNGSA,A,3,29,24,27,16,,,,,,,,,1.31,0.73,1.09,1*01
$GNGSA,A,3,85,83,67,,,,,,,,,,1.31,0.73,1.09,2*0A
$GNGSA,A,3,,,,,,,,,,,,,1.31,0.73,1.09,3*0C
$GNGSA,A,3,05,07,11,03,,,,,,,,,1.31,0.73,1.09,4*0A
$GPGSV,3,1,12,08,02,045,,29,58,205,39.5,26,54,082,,24,72,053,39.7,1*67
$GPGSV,3,2,12,21,49,312,,18,33,254,,10,29,055,,27,12,071,39.5,1*79
$GPGSV,3,3,12,16,08,302,39.6,22,03,247,,02,02,113,,15,63,120,,1*78
$GLGSV,2,1,06,85,16,328,40.0,68,39,062,,79,33,147,,83,18,217,39.4,1*7E
$GLGSV,2,2,06,70,08,289,,67,07,086,40.1,1*61
$GAGSV,1,1,00,7*73
$GBGSV,3,1,12,09,04,184,,01,38,147,,08,31,168,,02,30,229,,1*72
$GBGSV,3,2,12,04,27,125,,10,27,215,,06,24,166,,05,16,249,38.5,1*6D
$GBGSV,3,3,12,07,13,190,39.3,11,05,034,39.2,13,04,033,,03,45,191,38.8,1*6B
$GNRMC,204205.000,A,3900.0025,N,11613.9795,E,0.01,341.92,280612,,,A,V*03
$GNVTG,341.92,T,,M,0.01,N,0.02,K,A*2D
$GNZDA,204205.000,28,06,2012,,*44
$GNGGA,204206.000,3900.0025,N,11613.9795,E,1,11,0.73,-12.5,M,-6.8,M,,*77
$PAIRACC,3.73,8.37*40
$GNGLL,3900.0025,N,11613.9795,E,204206.000,A,A*4E
$GNGSA,A,3,29,24,27,16,,,,,,,,,1.31,0.73,1.09,1*01
$GNGSA,A,3,85,83,67,,,,,,,,,,1.31,0.73,1.09,2*0A
$GNGSA,A,3,,,,,,,,,,,,,1.31,0.73,1.09,3*0C
$GNGSA,A,3,05,07,11,03,,,,,,,,,1.31,0.73,1.09,4*0A
$GPGSV,3,1,12,08,02,045,,29,58,205,39.4,26,54,082,,24,72,053,39.9,1*68
$GPGSV,3,2,12,21,49,312,,18,33,254,,10,29,055,,27,12,071,39.7,1*7B
$GPGSV,3,3,12,16,08,302,39.8,22,03,247,,02,02,113,,15,63,120,,1*76
$GLGSV,2,1,06,85,16,328,39.8,68,39,062,,79,33,147,,83,18,217,39.9,1*75
$GLGSV,2,2,06,70,08,289,,67,07,086,40.1,1*61
$GAGSV,1,1,00,7*73
$GBGSV,3,1,12,09,04,184,,01,38,147,,08,31,168,,02,30,229,,1*72
$GBGSV,3,2,12,04,27,125,,10,27,215,,06,24,166,,05,16,249,39.0,1*69
$GBGSV,3,3,12,07,13,190,39.7,11,05,034,39.0,13,04,033,,03,45,191,37.7,1*6D
$GNRMC,204206.000,A,3900.0025,N,11613.9795,E,0.01,338.51,280612,,,A,V*01
$GNVTG,338.51,T,,M,0.01,N,0.02,K,A*2C
$GNZDA,204206.000,28,06,2012,,*47
$GNGGA,204207.000,3900.0025,N,11613.9795,E,1,11,0.73,-12.5,M,-6.8,M,,*76
$PAIRACC,3.76,8.81*48
$GNGLL,3900.0025,N,11613.9795,E,204207.000,A,A*4F
$GNGSA,A,3,29,24,27,16,,,,,,,,,1.31,0.73,1.09,1*01
$GNGSA,A,3,85,83,67,,,,,,,,,,1.31,0.73,1.09,2*0A
$GNGSA,A,3,,,,,,,,,,,,,1.31,0.73,1.09,3*0C
$GNGSA,A,3,05,07,11,03,,,,,,,,,1.31,0.73,1.09,4*0A
$GPGSV,3,1,12,08,02,045,,29,58,205,39.4,26,54,082,,24,72,053,39.6,1*67
$GPGSV,3,2,12,21,49,312,,18,33,254,,10,29,055,,27,12,071,39.5,1*79
$GPGSV,3,3,12,16,08,302,39.7,22,03,247,,02,02,113,,15,63,120,,1*79
$GLGSV,2,1,06,85,16,328,39.8,68,39,062,,79,33,147,,83,18,217,40.3,1*71
$GLGSV,2,2,06,70,08,289,,67,07,086,40.0,1*60
$GAGSV,1,1,00,7*73
$GBGSV,3,1,12,09,04,184,,01,38,147,,08,31,168,,02,30,229,,1*72
$GBGSV,3,2,12,04,27,125,,10,27,215,,06,24,166,,05,16,249,39.0,1*69
$GBGSV,3,3,12,07,13,190,39.0,11,05,034,39.3,13,04,033,,03,45,191,37.9,1*67
$GNRMC,204207.000,A,3900.0025,N,11613.9795,E,0.01,343.50,280612,,,A,V*0D
$GNVTG,343.50,T,,M,0.01,N,0.02,K,A*21
$GNZDA,204207.000,28,06,2012,,*46
$GNGGA,204208.000,3900.0025,N,11613.9795,E,1,11,0.73,-12.5,M,-6.8,M,,*79
$PAIRACC,3.74,8.39*49
$GNGLL,3900.0025,N,11613.9795,E,204208.000,A,A*40
$GNGSA,A,3,29,24,27,16,,,,,,,,,1.31,0.73,1.09,1*01
$GNGSA,A,3,85,83,67,,,,,,,,,,1.31,0.73,1.09,2*0A
$GNGSA,A,3,,,,,,,,,,,,,1.31,0.73,1.09,3*0C
$GNGSA,A,3,05,07,11,03,,,,,,,,,1.31,0.73,1.09,4*0A
$GPGSV,3,1,12,08,02,045,,29,58,205,39.8,26,54,082,,24,72,053,39.3,1*6E
$GPGSV,3,2,12,21,49,312,,18,33,254,,10,29,055,,27,12,071,39.2,1*7E
$GPGSV,3,3,12,16,08,302,39.6,22,03,247,,02,02,113,,15,63,120,,1*78
$GLGSV,2,1,06,85,16,328,39.8,68,39,062,,79,33,147,,83,18,217,40.2,1*70
$GLGSV,2,2,06,70,08,289,,67,07,086,40.1,1*61
$GAGSV,1,1,00,7*73
$GBGSV,3,1,12,09,04,184,,01,38,147,,08,31,168,,02,30,229,,1*72
$GBGSV,3,2,12,04,27,125,,10,27,215,,06,24,166,,05,16,249,38.6,1*6E
$GBGSV,3,3,12,07,13,190,39.0,11,05,034,38.2,13,04,033,,03,45,191,38.8,1*69
$GNRMC,204208.000,A,3900.0025,N,11613.9795,E,0.01,341.23,280612,,,A,V*04
$GNVTG,341.23,T,,M,0.01,N,0.02,K,A*27
$GNZDA,204208.000,28,06,2012,,*49
$GNGGA,204209.000,3900.0025,N,11613.9795,E,1,11,0.73,-12.5,M,-6.8,M,,*78
$PAIRACC,3.76,8.81*48
$GNGLL,3900.0025,N,11613.9795,E,204209.000,A,A*41
$GNGSA,A,3,29,24,27,16,,,,,,,,,1.31,0.73,1.09,1*01
$GNGSA,A,3,85,83,67,,,,,,,,,,1.31,0.73,1.09,2*0A
$GNGSA,A,3,,,,,,,,,,,,,1.31,0.73,1.09,3*0C
$GNGSA,A,3,05,07,11,03,,,,,,,,,1.31,0.73,1.09,4*0A
$GPGSV,3,1,12,08,02,045,,29,58,205,39.5,26,54,082,,24,72,053,39.7,1*67
$GPGSV,3,2,12,21,49,312,,18,33,254,,10,29,055,,27,12,071,39.5,1*79
$GPGSV,3,3,12,16,08,302,39.4,22,03,247,,02,02,113,,15,63,120,,1*7A
$GLGSV,2,1,06,85,16,328,39.6,68,39,062,,79,33,147,,83,18,217,39.8,1*7A
$GLGSV,2,2,06,70,08,289,,67,07,086,39.8,1*66
$GAGSV,1,1,00,7*73
$GBGSV,3,1,12,09,04,184,,01,38,147,,08,31,168,,02,30,229,,1*72
$GBGSV,3,2,12,04,27,125,,10,27,215,,06,24,166,,05,16,249,39.0,1*69
$GBGSV,3,3,12,07,13,190,39.3,11,05,034,39.5,13,04,033,,03,45,191,38.4,1*60
$GNRMC,204209.000,A,3900.0025,N,11613.9795,E,0.01,349.02,280612,,,A,V*0E
$GNVTG,349.02,T,,M,0.01,N,0.02,K,A*2C
$GNZDA,204209.000,28,06,2012,,*48
$GNGGA,204210.000,3900.0025,N,11613.9796,E,1,11,0.73,-12.5,M,-6.8,M,,*73
$PAIRACC,3.73,8.38*4F
$GNGLL,3900.0025,N,11613.9796,E,204210.000,A,A*4A
$GNGSA,A,3,29,24,27,16,,,,,,,,,1.31,0.73,1.09,1*01
$GNGSA,A,3,85,83,67,,,,,,,,,,1.31,0.73,1.09,2*0A
$GNGSA,A,3,,,,,,,,,,,,,1.31,0.73,1.09,3*0C
$GNGSA,A,3,05,07,11,03,,,,,,,,,1.31,0.73,1.09,4*0A
$GPGSV,3,1,12,08,02,045,,29,58,205,39.4,26,54,082,,24,72,053,39.5,1*64
$GPGSV,3,2,12,21,49,312,,18,33,254,,10,29,055,,27,12,071,39.3,1*7F
$GPGSV,3,3,12,16,08,302,39.8,22,03,247,,02,02,113,,15,63,120,,1*76
$GLGSV,2,1,06,85,16,328,40.2,68,39,062,,79,33,147,,83,18,217,39.7,1*7F
$GLGSV,2,2,06,70,08,289,,67,07,086,39.7,1*69
$GAGSV,1,1,00,7*73
$GBGSV,3,1,12,09,04,184,,01,38,147,,08,31,168,,02,30,229,,1*72
$GBGSV,3,2,12,04,27,125,,10,27,215,,06,24,166,,05,16,249,38.9,1*61
$GBGSV,3,3,12,07,13,190,38.7,11,05,034,38.8,13,04,033,,03,45,191,38.0,1*6D
$GNRMC,204210.000,A,3900.0025,N,11613.9796,E,0.01,344.43,280612,,,A,V*0D
$GNVTG,344.43,T,,M,0.01,N,0.02,K,A*24
$GNZDA,204210.000,28,06,2012,,*40
$GNGGA,204211.000,3900.0025,N,11613.9796,E,1,11,0.73,-12.5,M,-6.8,M,,*72
$PAIRACC,3.76,8.79*4F
$GNGLL,3900.0025,N,11613.9796,E,204211.000,A,A*4B
$GNGSA,A,3,29,24,27,16,,,,,,,,,1.31,0.73,1.09,1*01
$GNGSA,A,3,83,85,67,,,,,,,,,,1.31,0.73,1.09,2*0A
$GNGSA,A,3,,,,,,,,,,,,,1.31,0.73,1.09,3*0C
$GNGSA,A,3,05,07,11,03,,,,,,,,,1.31,0.73,1.09,4*0A
$GPGSV,3,1,12,08,02,044,,29,58,205,39.5,24,72,053,39.8,26,54,082,,1*69
$GPGSV,3,2,12,21,49,312,,18,33,254,,10,29,055,,27,12,071,39.5,1*79
$GPGSV,3,3,12,16,08,302,39.7,22,03,247,,02,02,113,,15,63,120,,1*79
$GLGSV,2,1,06,83,18,217,39.3,68,39,062,,79,33,147,,85,16,328,39.8,1*7F
$GLGSV,2,2,06,70,08,289,,67,07,086,40.2,1*62
$GAGSV,1,1,00,7*73
$GBGSV,3,1,11,09,04,184,,01,38,147,,08,31,168,,02,30,229,,1*71
$GBGSV,3,2,11,10,27,215,,06,24,166,,05,16,249,38.7,07,13,190,39.2,1*70
$GBGSV,3,3,11,11,05,034,39.0,13,04,033,,03,45,191,38.8,1*40
$GNRMC,204211.000,A,3900.0025,N,11613.9796,E,0.01,342.68,280612,,,A,V*03
$GNVTG,342.68,T,,M,0.01,N,0.02,K,A*2B
$GNZDA,204211.000,28,06,2012,,*41
$GNGGA,204212.000,3900.0025,N,11613.9795,E,1,11,0.73,-12.5,M,-6.8,M,,*72
$PAIRACC,3.73,8.39*4E
$GNGLL,3900.0025,N,11613.9795,E,204212.000,A,A*4B
$GNGSA,A,3,29,24,27,16,,,,,,,,,1.31,0.73,1.09,1*01
$GNGSA,A,3,85,83,67,,,,,,,,,,1.31,0.73,1.09,2*0A
$GNGSA,A,3,,,,,,,,,,,,,1.31,0.73,1.09,3*0C
$GNGSA,A,3,05,07,11,03,,,,,,,,,1.31,0.73,1.09,4*0A
$GPGSV,3,1,12,08,02,044,,29,58,205,39.6,26,54,082,,24,72,053,40.0,1*6C
$GPGSV,3,2,12,21,49,312,,18,33,254,,10,29,055,,27,12,071,39.5,1*79
$GPGSV,3,3,12,16,08,302,39.3,22,03,247,,02,02,113,,15,63,120,,1*7D
$GLGSV,2,1,06,85,16,328,39.7,68,39,062,,79,33,147,,83,18,217,39.6,1*75
$GLGSV,2,2,06,70,08,289,,67,07,086,40.5,1*65
$GAGSV,1,1,00,7*73
$GBGSV,3,1,12,09,04,184,,01,38,147,,08,31,168,,02,30,229,,1*72
$GBGSV,3,2,12,04,27,125,,10,27,215,,06,24,166,,05,16,249,38.9,1*61
$GBGSV,3,3,12,07,13,190,39.5,11,05,034,39.1,13,04,033,,03,45,191,38.4,1*62
$GNRMC,204212.000,A,3900.0025,N,11613.9795,E,0.01,340.42,280612,,,A,V*09
$GNVTG,340.42,T,,M,0.01,N,0.02,K,A*21
$GNZDA,204212.000,28,06,2012,,*42
$GNGGA,204213.000,3900.0025,N,11613.9795,E,1,11,0.73,-12.5,M,-6.8,M,,*73
$PAIRACC,3.77,8.83*4B
$GNGLL,3900.0025,N,11613.9795,E,204213.000,A,A*4A
$GNGSA,A,3,29,24,27,16,,,,,,,,,1.31,0.73,1.09,1*01
$GNGSA,A,3,85,83,67,,,,,,,,,,1.31,0.73,1.09,2*0A
$GNGSA,A,3,,,,,,,,,,,,,1.31,0.73,1.09,3*0C
$GNGSA,A,3,05,07,11,03,,,,,,,,,1.31,0.73,1.09,4*0A
$GPGSV,3,1,12,08,02,044,,29,58,205,39.5,26,54,082,,24,72,053,39.6,1*67
$GPGSV,3,2,12,21,49,312,,18,33,254,,10,28,056,,27,12,071,39.5,1*7B
$GPGSV,3,3,12,16,08,302,39.7,22,03,247,,02,02,113,,15,63,120,,1*79
$GLGSV,2,1,06,85,16,328,39.5,68,39,062,,79,33,147,,83,18,217,39.8,1*79
$GLGSV,2,2,06,70,08,289,,67,07,086,39.7,1*69
$GAGSV,1,1,00,7*73
$GBGSV,3,1,12,09,04,184,,01,38,147,,08,31,168,,02,30,229,,1*72
$GBGSV,3,2,12,04,27,125,,10,27,215,,06,24,166,,05,16,249,39.2,1*6B
$GBGSV,3,3,12,07,13,190,38.2,11,05,034,38.5,13,04,033,,03,45,191,37.8,1*62
$GNRMC,204213.000,A,3900.0025,N,11613.9795,E,0.01,339.05,280612,,,A,V*05
$GNVTG,339.05,T,,M,0.01,N,0.02,K,A*2C
$GNZDA,204213.000,28,06,2012,,*43
$GNGGA,204214.000,3900.0025,N,11613.9795,E,1,11,0.73,-12.5,M,-6.8,M,,*74
$PAIRACC,3.70,8.33*47
$GNGLL,3900.0025,N,11613.9795,E,204214.000,A,A*4D
$GNGSA,A,3,29,24,27,16,,,,,,,,,1.31,0.73,1.09,1*01
$GNGSA,A,3,85,83,67,,,,,,,,,,1.31,0.73,1.09,2*0A
$GNGSA,A,3,,,,,,,,,,,,,1.31,0.73,1.09,3*0C
$GNGSA,A,3,05,07,11,03,,,,,,,,,1.31,0.73,1.09,4*0A
$GPGSV,3,1,12,08,02,044,,29,58,205,39.7,26,54,082,,24,72,053,39.9,1*6A
$GPGSV,3,2,12,21,49,312,,18,33,254,,10,28,056,,27,12,071,39.7,1*79
$GPGSV,3,3,12,16,08,302,39.7,22,03,247,,02,02,113,,15,63,120,,1*79
$GLGSV,2,1,06,85,16,328,39.7,68,39,062,,79,33,147,,83,18,217,39.7,1*74
$GLGSV,2,2,06,70,08,289,,67,07,086,39.8,1*66
$GAGSV,1,1,00,7*73
$GBGSV,3,1,12,09,04,184,,01,38,147,,08,31,168,,02,30,229,,1*72
$GBGSV,3,2,12,04,27,125,,10,27,215,,06,24,166,,05,16,249,38.9,1*61
$GBGSV,3,3,12,07,13,190,39.4,11,05,034,39.4,13,04,033,,03,45,191,38.8,1*6A
$GNRMC,204214.000,A,3900.0025,N,11613.9795,E,0.01,339.22,280612,,,A,V*07
$GNVTG,339.22,T,,M,0.01,N,0.02,K,A*29
$GNZDA,204214.000,28,06,2012,,*44
$GNGGA,204215.000,3900.0025,N,11613.9795,E,1,11,0.73,-12.4,M,-6.8,M,,*74
$PAIRACC,3.80,8.90*41
$GNGLL,3900.0025,N,11613.9795,E,204215.000,A,A*4C
$GNGSA,A,3,29,24,27,16,,,,,,,,,1.31,0.73,1.09,1*01
$GNGSA,A,3,85,83,67,,,,,,,,,,1.31,0.73,1.09,2*0A
$GNGSA,A,3,,,,,,,,,,,,,1.31,0.73,1.09,3*0C
$GNGSA,A,3,05,07,11,03,,,,,,,,,1.31,0.73,1.09,4*0A
$GPGSV,3,1,12,08,02,044,,29,58,205,39.7,26,54,082,,24,72,053,39.7,1*64
$GPGSV,3,2,12,21,49,312,,18,33,254,,10,28,056,,27,12,071,39.4,1*7A
$GPGSV,3,3,12,16,08,302,39.6,22,03,247,,02,02,113,,15,63,120,,1*78
$GLGSV,2,1,06,85,16,328,40.0,68,39,062,,79,33,147,,83,18,217,39.6,1*7C
$GLGSV,2,2,06,70,08,289,,67,07,086,39.8,1*66
$GAGSV,1,1,00,7*73
$GBGSV,3,1,12,09,04,184,,01,38,147,,08,31,168,,02,30,229,,1*72
$GBGSV,3,2,12,04,27,125,,10,27,215,,06,24,166,,05,16,249,38.8,1*60
$GBGSV,3,3,12,07,13,190,39.4,11,05,034,38.7,13,04,033,,03,45,191,37.8,1*67
$GNRMC,204215.000,A,3900.0025,N,11613.9795,E,0.01,334.73,280612,,,A,V*0F
$GNVTG,334.73,T,,M,0.01,N,0.02,K,A*20
$GNZDA,204215.000,28,06,2012,,*45
$GNGGA,204216.000,3900.0025,N,11613.9795,E,1,11,0.73,-12.4,M,-6.8,M,,*77
$PAIRACC,3.71,8.35*40
$GNGLL,3900.0025,N,11613.9795,E,204216.000,A,A*4F
$GNGSA,A,3,29,24,27,16,,,,,,,,,1.31,0.73,1.09,1*01
$GNGSA,A,3,85,83,67,,,,,,,,,,1.31,0.73,1.09,2*0A
$GNGSA,A,3,,,,,,,,,,,,,1.31,0.73,1.09,3*0C
$GNGSA,A,3,05,07,11,03,,,,,,,,,1.31,0.73,1.09,4*0A
$GPGSV,3,1,12,08,02,044,,29,58,205,39.4,26,54,082,,24,72,053,39.5,1*65
$GPGSV,3,2,12,21,49,312,,18,33,254,,10,28,056,,27,12,071,39.5,1*7B
$GPGSV,3,3,12,16,08,302,39.8,22,03,247,,02,02,113,,15,63,120,,1*76
$GLGSV,2,1,06,85,16,328,40.1,68,39,062,,79,33,147,,83,18,217,39.9,1*72
$GLGSV,2,2,06,70,08,289,,67,07,086,39.8,1*66
$GAGSV,1,1,00,7*73
$GBGSV,3,1,12,09,04,184,,01,38,147,,08,31,168,,02,30,229,,1*72
$GBGSV,3,2,12,04,27,125,,10,27,215,,06,24,166,,05,16,249,38.9,1*61
$GBGSV,3,3,12,07,13,190,38.9,11,05,034,39.1,13,04,033,,03,45,191,37.5,1*61
$GNRMC,204216.000,A,3900.0025,N,11613.9795,E,0.01,326.06,280612,,,A,V*0D
$GNVTG,326.06,T,,M,0.01,N,0.02,K,A*21
$GNZDA,204216.000,28,06,2012,,*46
$GNGGA,204217.000,3900.0025,N,11613.9795,E,1,11,0.73,-12.4,M,-6.8,M,,*76
$PAIRACC,3.77,8.84*4C
$GNGLL,3900.0025,N,11613.9795,E,204217.000,A,A*4E
$GNGSA,A,3,29,24,27,16,,,,,,,,,1.31,0.73,1.09,1*01
$GNGSA,A,3,85,83,67,,,,,,,,,,1.31,0.73,1.09,2*0A
$GNGSA,A,3,,,,,,,,,,,,,1.31,0.73,1.09,3*0C
$GNGSA,A,3,05,07,11,03,,,,,,,,,1.31,0.73,1.09,4*0A
$GPGSV,3,1,12,08,02,044,,29,58,205,39.1,26,54,082,,24,72,053,39.8,1*6D
$GPGSV,3,2,12,21,49,312,,18,33,254,,10,28,056,,27,12,071,39.2,1*7C
$GPGSV,3,3,12,16,08,302,39.7,22,03,247,,02,02,113,,15,63,120,,1*79
$GLGSV,2,1,06,85,16,328,40.3,68,39,062,,79,33,147,,83,18,217,39.8,1*71
$GLGSV,2,2,06,70,08,289,,67,07,086,40.1,1*61
$GAGSV,1,1,00,7*73
$GBGSV,3,1,12,09,04,184,,01,38,147,,08,31,168,,02,30,229,,1*72
$GBGSV,3,2,12,04,27,125,,10,27,215,,06,24,166,,05,16,249,39.0,1*69
$GBGSV,3,3,12,07,13,190,39.3,11,05,034,38.2,13,04,033,,03,45,191,38.7,1*65
$GNRMC,204217.000,A,3900.0025,N,11613.9795,E,0.01,338.95,280612,,,A,V*09
$GNVTG,338.95,T,,M,0.01,N,0.02,K,A*24
$GNZDA,204217.000,28,06,2012,,*47
$GNGGA,204218.000,3900.0025,N,11613.9795,E,1,11,0.73,-12.4,M,-6.8,M,,*79
$PAIRACC,3.74,8.38*48
$GNGLL,3900.0025,N,11613.9795,E,204218.000,A,A*41
$GNGSA,A,3,29,24,27,16,,,,,,,,,1.31,0.73,1.09,1*01
$GNGSA,A,3,85,83,67,,,,,,,,,,1.31,0.73,1.09,2*0A
$GNGSA,A,3,,,,,,,,,,,,,1.31,0.73,1.09,3*0C
$GNGSA,A,3,05,07,11,03,,,,,,,,,1.31,0.73,1.09,4*0A
$GPGSV,3,1,12,08,02,044,,29,58,205,39.4,26,54,082,,24,72,053,39.5,1*65
$GPGSV,3,2,12,21,49,312,,18,33,254,,10,28,056,,27,12,071,39.2,1*7C
$GPGSV,3,3,12,16,08,302,39.7,22,03,247,,02,02,113,,15,64,117,,1*7A
$GLGSV,2,1,06,85,16,328,39.5,68,39,062,,79,33,147,,83,18,217,40.0,1*7F
$GLGSV,2,2,06,70,08,289,,67,07,086,40.4,1*64
$GAGSV,1,1,00,7*73
$GBGSV,3,1,12,09,04,184,,01,38,147,,08,31,168,,02,30,229,,1*72
$GBGSV,3,2,12,04,27,125,,10,27,215,,06,24,166,,05,16,249,38.9,1*61
$GBGSV,3,3,12,07,13,190,39.6,11,05,034,39.3,13,04,033,,03,45,191,37.8,1*60
$GNRMC,204218.000,A,3900.0025,N,11613.9795,E,0.01,335.84,280612,,,A,V*0B
$GNVTG,335.84,T,,M,0.01,N,0.02,K,A*29
$GNZDA,204218.000,28,06,2012,,*48
$GNGGA,204219.000,3900.0025,N,11613.9795,E,1,11,0.73,-12.4,M,-6.8,M,,*78
$PAIRACC,3.78,8.85*42
$GNGLL,3900.0025,N,11613.9795,E,204219.000,A,A*40
$GNGSA,A,3,29,24,27,16,,,,,,,,,1.31,0.73,1.09,1*01
$GNGSA,A,3,85,83,67,,,,,,,,,,1.31,0.73,1.09,2*0A
$GNGSA,A,3,,,,,,,,,,,,,1.31,0.73,1.09,3*0C
$GNGSA,A,3,05,07,11,03,,,,,,,,,1.31,0.73,1.09,4*0A
$GPGSV,3,1,12,08,02,044,,29,58,205,39.6,26,54,082,,24,72,053,39.4,1*66
$GPGSV,3,2,12,21,49,312,,18,33,254,,10,28,056,,27,12,071,39.5,1*7B
$GPGSV,3,3,12,16,08,301,39.4,22,03,247,,02,02,113,,15,64,117,,1*7A
$GLGSV,2,1,06,85,16,328,40.0,68,39,062,,79,33,147,,83,18,217,39.7,1*7D
$GLGSV,2,2,06,70,08,289,,67,07,086,40.0,1*60
$GAGSV,1,1,00,7*73
$GBGSV,3,1,12,09,04,184,,01,38,147,,08,31,168,,02,30,229,,1*72
$GBGSV,3,2,12,04,27,125,,10,27,215,,06,24,166,,05,16,249,38.7,1*6F
$GBGSV,3,3,12,07,13,190,38.7,11,05,034,39.1,13,04,033,,03,45,191,38.0,1*65
$GNRMC,204219.000,A,3900.0025,N,11613.9795,E,0.01,328.83,280612,,,A,V*01
$GNVTG,328.83,T,,M,0.01,N,0.02,K,A*22
$GNZDA,204219.000,28,06,2012,,*49
$GNGGA,204220.000,3900.0025,N,11613.9795,E,1,11,0.73,-12.4,M,-6.8,M,,*72
$PAIRACC,3.72,8.35*43
$GNGLL,3900.0025,N,11613.9795,E,204220.000,A,A*4A
$GNGSA,A,3,29,24,27,16,,,,,,,,,1.31,0.73,1.09,1*01
$GNGSA,A,3,85,83,67,,,,,,,,,,1.31,0.73,1.09,2*0A
$GNGSA,A,3,,,,,,,,,,,,,1.31,0.73,1.09,3*0C
$GNGSA,A,3,05,07,11,03,,,,,,,,,1.31,0.73,1.09,4*0A
$GPGSV,3,1,12,08,02,044,,29,58,205,39.7,26,54,082,,24,72,053,40.0,1*6D
$GPGSV,3,2,12,21,49,312,,18,33,254,,10,28,056,,27,12,071,39.8,1*76
$GPGSV,3,3,12,16,08,301,39.9,22,03,247,,02,02,113,,15,64,117,,1*77
$GLGSV,2,1,06,85,16,328,39.6,68,39,062,,79,33,147,,83,18,217,40.0,1*7C
$GLGSV,2,2,06,70,08,289,,67,07,086,40.0,1*60
$GAGSV,1,1,00,7*73
$GBGSV,3,1,12,09,04,184,,01,38,147,,08,31,168,,02,30,229,,1*72
$GBGSV,3,2,12,04,27,125,,10,27,215,,06,24,166,,05,16,249,39.2,1*6B
$GBGSV,3,3,12,07,13,190,39.1,11,05,034,38.5,13,04,033,,03,45,191,38.8,1*6F
$GNRMC,204220.000,A,3900.0025,N,11613.9795,E,0.01,334.66,280612,,,A,V*0D
$GNVTG,334.66,T,,M,0.01,N,0.02,K,A*24
$GNZDA,204220.000,28,06,2012,,*43
$GNGGA,204221.000,3900.0025,N,11613.9795,E,1,11,0.73,-12.4,M,-6.8,M,,*73
$PAIRACC,3.67,8.30*42
$GNGLL,3900.0025,N,11613.9795,E,204221.000,A,A*4B
$GNGSA,A,3,29,24,27,16,,,,,,,,,1.31,0.73,1.09,1*01
$GNGSA,A,3,85,83,67,,,,,,,,,,1.31,0.73,1.09,2*0A
$GNGSA,A,3,,,,,,,,,,,,,1.31,0.73,1.09,3*0C
$GNGSA,A,3,05,07,11,03,,,,,,,,,1.31,0.73,1.09,4*0A
$GPGSV,3,1,12,08,02,044,,29,58,205,39.7,26,54,082,,24,72,053,39.5,1*66
$GPGSV,3,2,12,21,49,312,,18,34,256,,10,28,056,,27,12,071,39.5,1*7E
$GPGSV,3,3,12,16,08,301,39.6,22,03,247,,02,02,113,,15,64,117,,1*78
$GLGSV,2,1,06,85,16,328,39.6,68,39,062,,79,33,147,,83,18,217,39.9,1*7B
$GLGSV,2,2,06,70,08,289,,67,07,086,40.3,1*63
$GAGSV,1,1,00,7*73
$GBGSV,3,1,12,09,04,184,,01,38,147,,08,31,168,,02,30,229,,1*72
$GBGSV,3,2,12,04,27,125,,10,27,215,,06,24,166,,05,16,249,38.8,1*60
$GBGSV,3,3,12,07,13,190,39.3,11,05,034,39.2,13,04,033,,03,45,191,37.9,1*65
$GNRMC,204221.000,A,3900.0025,N,11613.9795,E,0.01,335.88,280612,,,A,V*0D
$GNVTG,335.88,T,,M,0.01,N,0.02,K,A*25
$GNZDA,204221.000,28,06,2012,,*42
$GNGGA,204222.000,3900.0025,N,11613.9795,E,1,11,0.73,-12.4,M,-6.8,M,,*70
$PAIRACC,3.84,8.93*46
$GNGLL,3900.0025,N,11613.9795,E,204222.000,A,A*48
$GNGSA,A,3,29,24,27,16,,,,,,,,,1.31,0.73,1.09,1*01
$GNGSA,A,3,85,83,67,,,,,,,,,,1.31,0.73,1.09,2*0A
$GNGSA,A,3,,,,,,,,,,,,,1.31,0.73,1.09,3*0C
$GNGSA,A,3,05,07,11,03,,,,,,,,,1.31,0.73,1.09,4*0A
$GPGSV,3,1,12,08,02,044,,29,58,205,38.6,26,54,082,,24,72,053,39.7,1*64
$GPGSV,3,2,12,21,49,312,,18,34,256,,10,28,056,,27,12,071,39.5,1*7E
$GPGSV,3,3,12,16,08,301,39.3,22,03,247,,02,02,113,,15,64,117,,1*7D
$GLGSV,2,1,06,85,16,328,39.9,68,39,062,,79,33,147,,83,18,217,39.8,1*75
$GLGSV,2,2,06,70,08,289,,67,07,086,40.0,1*60
$GAGSV,1,1,00,7*73
$GBGSV,3,1,12,09,04,184,,01,38,147,,08,31,168,,02,30,229,,1*72
$GBGSV,3,2,12,04,27,125,,10,27,215,,06,24,166,,05,16,249,38.6,1*6E
$GBGSV,3,3,12,07,13,190,39.1,11,05,034,38.9,13,04,033,,03,45,191,37.5,1*61
$GNRMC,204222.000,A,3900.0025,N,11613.9795,E,0.01,338.50,280612,,,A,V*06
$GNVTG,338.50,T,,M,0.01,N,0.02,K,A*2D
$GNZDA,204222.000,28,06,2012,,*41
$GNGGA,204223.000,3900.0025,N,11613.9795,E,1,11,0.73,-12.4,M,-6.8,M,,*71
$PAIRACC,3.68,8.31*4C
$GNGLL,3900.0025,N,11613.9795,E,204223.000,A,A*49
$GNGSA,A,3,29,24,27,16,,,,,,,,,1.31,0.73,1.09,1*01
$GNGSA,A,3,85,83,67,,,,,,,,,,1.31,0.73,1.09,2*0A
$GNGSA,A,3,,,,,,,,,,,,,1.31,0.73,1.09,3*0C
$GNGSA,A,3,05,07,11,03,,,,,,,,,1.31,0.73,1.09,4*0A
$GPGSV,3,1,12,08,02,044,,29,58,205,39.6,26,54,082,,24,72,053,39.6,1*64
$GPGSV,3,2,12,21,49,312,,18,34,256,,10,28,056,,27,12,071,39.4,1*7F
$GPGSV,3,3,12,16,08,301,39.6,22,03,247,,02,02,113,,15,64,117,,1*78
$GLGSV,2,1,06,85,16,328,39.6,68,39,062,,79,33,147,,83,18,217,39.7,1*75
$GLGSV,2,2,06,70,08,289,,67,07,086,39.8,1*66
$GAGSV,1,1,00,7*73
$GBGSV,3,1,12,09,04,184,,01,38,147,,08,31,168,,02,30,229,,1*72
$GBGSV,3,2,12,04,27,125,,10,27,215,,06,24,166,,05,16,249,38.6,1*6E
$GBGSV,3,3,12,07,13,190,39.3,11,05,034,38.8,13,04,033,,03,45,191,38.9,1*61
$GNRMC,204223.000,A,3900.0025,N,11613.9795,E,0.01,339.38,280612,,,A,V*08
$GNVTG,339.38,T,,M,0.01,N,0.02,K,A*22
$GNZDA,204223.000,28,06,2012,,*40
$GNGGA,204224.000,3900.0025,N,11613.9795,E,1,11,0.73,-12.4,M,-6.8,M,,*76
$PAIRACC,3.74,8.41*46
$GNGLL,3900.0025,N,11613.9795,E,204224.000,A,A*4E
$GNGSA,A,3,29,24,27,16,,,,,,,,,1.31,0.73,1.09,1*01
$GNGSA,A,3,85,83,67,,,,,,,,,,1.31,0.73,1.09,2*0A
$GNGSA,A,3,,,,,,,,,,,,,1.31,0.73,1.09,3*0C
$GNGSA,A,3,05,07,11,03,,,,,,,,,1.31,0.73,1.09,4*0A
$GPGSV,3,1,12,08,02,044,,29,58,205,39.5,26,54,082,,24,72,053,39.8,1*69
$GPGSV,3,2,12,21,50,313,,18,34,256,,10,28,056,,27,12,071,39.7,1*75
$GPGSV,3,3,12,16,08,301,39.7,22,03,247,,02,02,113,,15,64,117,,1*79
$GLGSV,2,1,06,85,16,328,40.0,68,39,062,,79,33,147,,83,18,217,40.1,1*75
$GLGSV,2,2,06,70,08,289,,67,07,086,40.4,1*64
$GAGSV,1,1,00,7*73
$GBGSV,3,1,12,09,04,184,,01,38,147,,08,31,168,,02,30,229,,1*72
$GBGSV,3,2,12,04,27,125,,10,27,215,,06,24,166,,05,16,249,39.0,1*69
$GBGSV,3,3,12,07,13,190,39.8,11,05,034,38.8,13,04,033,,03,45,191,38.1,1*62
$GNRMC,204224.000,A,3900.0025,N,11613.9795,E,0.01,343.74,280612,,,A,V*0A
$GNVTG,343.74,T,,M,0.01,N,0.02,K,A*27
$GNZDA,204224.000,28,06,2012,,*47
$GNGGA,204225.000,3900.0025,N,11613.9795,E,1,11,0.73,-12.4,M,-6.8,M,,*77
$PAIRACC,3.75,8.82*48
$GNGLL,3900.0025,N,11613.9795,E,204225.000,A,A*4F
$GNGSA,A,3,29,24,27,16,,,,,,,,,1.31,0.73,1.09,1*01
$GNGSA,A,3,85,83,67,,,,,,,,,,1.31,0.73,1.09,2*0A
$GNGSA,A,3,,,,,,,,,,,,,1.31,0.73,1.09,3*0C
$GNGSA,A,3,05,07,11,03,,,,,,,,,1.31,0.73,1.09,4*0A
$GPGSV,3,1,12,08,02,044,,29,58,205,39.3,26,54,082,,24,72,053,39.7,1*60
$GPGSV,3,2,12,21,50,313,,18,34,256,,10,28,056,,27,12,071,39.9,1*7B
$GPGSV,3,3,12,16,08,301,39.8,22,03,248,,02,02,113,,15,64,117,,1*79
$GLGSV,2,1,06,85,16,328,40.2,68,39,062,,79,33,147,,83,18,217,39.9,1*71
$GLGSV,2,2,06,70,08,289,,67,07,086,40.2,1*62
$GAGSV,1,1,00,7*73
$GBGSV,3,1,12,09,04,184,,01,38,147,,08,31,168,,02,30,229,,1*72
$GBGSV,3,2,12,04,27,125,,10,27,215,,06,24,166,,05,16,249,38.8,1*60
$GBGSV,3,3,12,07,13,190,38.6,11,05,034,39.3,13,04,033,,03,45,191,37.7,1*6E
$GNRMC,204225.000,A,3900.0025,N,11613.9795,E,0.01,346.44,280612,,,A,V*0D
$GNVTG,346.44,T,,M,0.01,N,0.02,K,A*21
$GNZDA,204225.000,28,06,2012,,*46
$GNGGA,204226.000,3900.0025,N,11613.9795,E,1,11,0.73,-12.4,M,-6.8,M,,*74
$PAIRACC,3.71,8.36*43
$GNGLL,3900.0025,N,11613.9795,E,204226.000,A,A*4C
$GNGSA,A,3,29,24,27,16,,,,,,,,,1.31,0.73,1.09,1*01
$GNGSA,A,3,85,83,67,,,,,,,,,,1.31,0.73,1.09,2*0A
$GNGSA,A,3,,,,,,,,,,,,,1.31,0.73,1.09,3*0C
$GNGSA,A,3,05,07,11,03,,,,,,,,,1.31,0.73,1.09,4*0A
$GPGSV,3,1,12,08,02,044,,29,58,205,39.9,26,54,082,,24,72,053,39.5,1*68
$GPGSV,3,2,12,21,50,313,,18,34,256,,10,28,056,,27,12,071,39.5,1*77
$GPGSV,3,3,12,16,08,301,39.8,22,03,248,,02,02,113,,15,64,117,,1*79
$GLGSV,2,1,06,85,16,328,39.7,68,39,062,,79,33,147,,83,18,217,40.2,1*7F
$GLGSV,2,2,06,70,08,289,,67,07,086,40.1,1*61
$GAGSV,1,1,00,7*73
$GBGSV,3,1,12,09,04,184,,01,38,147,,08,31,168,,02,30,229,,1*72
$GBGSV,3,2,12,04,27,125,,10,27,215,,06,24,166,,05,16,249,38.8,1*60
$GBGSV,3,3,12,07,13,190,39.4,11,05,034,38.7,13,04,033,,03,45,191,38.5,1*65
$GNRMC,204226.000,A,3900.0025,N,11613.9795,E,0.01,345.63,280612,,,A,V*08
$GNVTG,345.63,T,,M,0.01,N,0.02,K,A*27
$GNZDA,204226.000,28,06,2012,,*45
$GNGGA,204227.000,3900.0025,N,11613.9795,E,1,11,0.73,-12.4,M,-6.8,M,,*75
$PAIRACC,3.82,8.92*41
$GNGLL,3900.0025,N,11613.9795,E,204227.000,A,A*4D
$GNGSA,A,3,29,24,27,16,,,,,,,,,1.31,0.73,1.09,1*01
$GNGSA,A,3,85,83,67,,,,,,,,,,1.31,0.73,1.09,2*0A
$GNGSA,A,3,,,,,,,,,,,,,1.31,0.73,1.09,3*0C
$GNGSA,A,3,05,07,11,03,,,,,,,,,1.31,0.73,1.09,4*0A
$GPGSV,3,1,12,08,02,044,,29,58,205,39.4,26,54,082,,24,72,057,39.6,1*62
$GPGSV,3,2,12,21,50,313,,18,34,256,,10,28,056,,27,12,071,39.5,1*77
$GPGSV,3,3,12,16,08,301,39.8,22,03,248,,02,02,113,,15,64,117,,1*79
$GLGSV,2,1,06,85,16,328,39.7,68,39,062,,79,33,147,,83,18,217,40.1,1*7C
$GLGSV,2,2,06,70,08,289,,67,07,086,39.9,1*67
$GAGSV,1,1,00,7*73
$GBGSV,3,1,12,09,04,184,,01,38,147,,08,31,168,,02,30,229,,1*72
$GBGSV,3,2,12,04,27,125,,10,27,215,,06,24,166,,05,16,249,38.7,1*6F
$GBGSV,3,3,12,07,13,190,39.8,11,05,034,18.1,13,04,033,,03,45,191,38.0,1*68
$GNRMC,204227.000,A,3900.0025,N,11613.9795,E,0.01,334.27,280612,,,A,V*0F
$GNVTG,334.27,T,,M,0.01,N,0.02,K,A*21
$GNZDA,204227.000,28,06,2012,,*44
$GNGGA,204228.000,3900.0025,N,11613.9795,E,1,11,0.73,-12.4,M,-6.8,M,,*7A
$PAIRACC,3.74,8.41*46
$GNGLL,3900.0025,N,11613.9795,E,204228.000,A,A*42
$GNGSA,A,3,29,24,27,16,,,,,,,,,1.31,0.73,1.09,1*01
$GNGSA,A,3,85,83,67,,,,,,,,,,1.31,0.73,1.09,2*0A
$GNGSA,A,3,,,,,,,,,,,,,1.31,0.73,1.09,3*0C
$GNGSA,A,3,05,07,11,03,,,,,,,,,1.31,0.73,1.09,4*0A
$GPGSV,3,1,12,08,02,044,,29,58,205,39.4,26,54,082,,24,72,057,39.8,1*6C
$GPGSV,3,2,12,21,50,313,,18,34,256,,10,28,056,,27,12,071,39.7,1*75
$GPGSV,3,3,12,16,08,301,39.3,22,03,248,,02,02,113,,15,64,117,,1*72
$GLGSV,2,1,06,85,16,328,39.8,68,39,062,,79,33,147,,83,18,217,39.8,1*74
$GLGSV,2,2,06,70,08,289,,67,07,086,40.0,1*60
$GAGSV,1,1,00,7*73
$GBGSV,3,1,12,09,04,184,,01,38,147,,08,31,168,,02,30,229,,1*72
$GBGSV,3,2,12,04,27,125,37.9,10,27,215,,06,24,166,,05,16,249,38.9,1*72
$GBGSV,3,3,12,07,13,190,38.9,11,05,034,12.7,13,04,033,,03,45,191,38.0,1*64
$GNRMC,204228.000,A,3900.0025,N,11613.9795,E,0.01,324.97,280612,,,A,V*0A
$GNVTG,324.97,T,,M,0.01,N,0.02,K,A*2B
$GNZDA,204228.000,28,06,2012,,*4B
$GNGGA,204229.000,3900.0025,N,11613.9795,E,1,11,0.73,-12.4,M,-6.8,M,,*7B
$PAIRACC,3.73,8.41*41
$GNGLL,3900.0025,N,11613.9795,E,204229.000,A,A*43
$GNGSA,A,3,29,24,27,16,,,,,,,,,1.31,0.73,1.09,1*01
$GNGSA,A,3,85,83,67,,,,,,,,,,1.31,0.73,1.09,2*0A
$GNGSA,A,3,,,,,,,,,,,,,1.31,0.73,1.09,3*0C
$GNGSA,A,3,05,07,11,03,,,,,,,,,1.31,0.73,1.09,4*0A
$GPGSV,3,1,12,08,02,044,,29,58,205,39.5,26,54,079,,24,72,057,39.8,1*69
$GPGSV,3,2,12,21,50,313,,18,34,256,,10,28,056,,27,12,071,39.1,1*73
$GPGSV,3,3,12,16,08,301,39.7,22,03,248,,02,02,113,,15,64,117,,1*76
$GLGSV,2,1,06,85,16,328,40.2,68,39,062,,79,33,147,,83,18,217,40.1,1*77
$GLGSV,2,2,06,70,08,289,,67,07,086,40.0,1*60
$GAGSV,1,1,00,7*73
$GBGSV,3,1,12,09,04,184,,01,38,147,,08,31,168,,02,30,229,,1*72
$GBGSV,3,2,12,04,27,125,38.9,10,27,215,,06,24,166,,05,16,249,38.9,1*7D
$GBGSV,3,3,12,07,13,190,39.5,11,05,034,12.1,13,04,033,,03,45,191,38.7,1*68
$GNRMC,204229.000,A,3900.0025,N,11613.9795,E,0.01,325.65,280612,,,A,V*07
$GNVTG,325.65,T,,M,0.01,N,0.02,K,A*27
$GNZDA,204229.000,28,06,2012,,*4A
$GNGGA,204230.000,3900.0025,N,11613.9795,E,1,11,0.73,-12.4,M,-6.8,M,,*73
$PAIRACC,3.78,8.49*42
$GNGLL,3900.0025,N,11613.9795,E,204230.000,A,A*4B
$GNGSA,A,3,29,24,27,16,,,,,,,,,1.31,0.73,1.09,1*01
$GNGSA,A,3,85,83,67,,,,,,,,,,1.31,0.73,1.09,2*0A
$GNGSA,A,3,,,,,,,,,,,,,1.31,0.73,1.09,3*0C
$GNGSA,A,3,05,07,11,03,,,,,,,,,1.31,0.73,1.09,4*0A
$GPGSV,3,1,12,08,02,044,,29,58,205,39.5,26,54,079,,24,72,057,39.6,1*67
$GPGSV,3,2,12,21,50,313,,18,34,256,,10,28,056,,27,12,070,39.3,1*70
$GPGSV,3,3,12,16,08,301,39.8,22,03,248,,02,02,113,,15,64,117,,1*79
$GLGSV,2,1,06,85,16,328,39.4,68,39,062,,79,33,147,,83,18,217,40.0,1*7E
$GLGSV,2,2,06,70,08,289,,67,07,086,40.2,1*62
$GAGSV,1,1,00,7*73
$GBGSV,3,1,12,09,04,184,,01,38,147,,08,31,168,,02,30,229,,1*72
$GBGSV,3,2,12,04,27,125,38.2,10,27,215,,06,24,166,,05,16,249,38.7,1*78
$GBGSV,3,3,12,07,13,190,38.9,11,05,034,12.1,13,04,033,,03,45,191,37.5,1*68
$GNRMC,204230.000,A,3900.0025,N,11613.9795,E,0.01,324.67,280612,,,A,V*0C
$GNVTG,324.67,T,,M,0.01,N,0.02,K,A*24
$GNZDA,204230.000,28,06,2012,,*42
$GNGGA,204231.000,3900.0025,N,11613.9795,E,1,11,0.73,-12.3,M,-6.8,M,,*75
$PAIRACC,3.83,8.96*44
$GNGLL,3900.0025,N,11613.9795,E,204231.000,A,A*4A
$GNGSA,A,3,29,24,27,16,,,,,,,,,1.31,0.73,1.09,1*01
$GNGSA,A,3,85,83,67,,,,,,,,,,1.31,0.73,1.09,2*0A
$GNGSA,A,3,,,,,,,,,,,,,1.31,0.73,1.09,3*0C
$GNGSA,A,3,05,07,11,03,,,,,,,,,1.31,0.73,1.09,4*0A
$GPGSV,3,1,12,08,02,044,,29,58,205,39.7,26,54,079,,24,72,057,39.6,1*65
$GPGSV,3,2,12,21,50,313,,18,34,256,,10,28,056,,27,12,070,39.8,1*7B
$GPGSV,3,3,12,16,08,301,39.4,22,03,248,,02,02,113,,15,64,117,,1*75
$GLGSV,2,1,06,85,16,328,39.9,68,39,062,,79,33,147,,83,18,217,39.7,1*7A
$GLGSV,2,2,06,70,08,289,,67,07,086,40.1,1*61
$GAGSV,1,1,00,7*73
$GBGSV,3,1,12,09,04,184,,01,38,147,,08,31,168,,02,30,229,,1*72
$GBGSV,3,2,12,04,27,125,38.0,10,27,215,,06,24,166,,05,16,249,39.0,1*7C
$GBGSV,3,3,12,07,13,190,38.8,11,05,034,10.0,13,04,033,,03,45,191,37.5,1*6A
$GNRMC,204231.000,A,3900.0025,N,11613.9795,E,0.01,321.73,280612,,,A,V*0D
$GNVTG,321.73,T,,M,0.01,N,0.02,K,A*24
$GNZDA,204231.000,28,06,2012,,*43
$GNGGA,204232.000,3900.0025,N,11613.9795,E,1,10,0.77,-12.3,M,-6.8,M,,*73
$PAIRACC,3.75,8.43*45
$GNGLL,3900.0025,N,11613.9795,E,204232.000,A,A*49
$GNGSA,A,3,29,24,27,16,,,,,,,,,1.35,0.77,1.11,1*08
$GNGSA,A,3,85,83,67,,,,,,,,,,1.35,0.77,1.11,2*03
$GNGSA,A,3,,,,,,,,,,,,,1.35,0.77,1.11,3*05
$GNGSA,A,3,05,07,03,,,,,,,,,,1.35,0.77,1.11,4*03
$GPGSV,3,1,12,08,02,044,,29,57,204,39.7,26,54,079,,24,72,057,39.7,1*6A
$GPGSV,3,2,12,21,50,313,,18,34,256,,10,28,056,,27,12,070,39.6,1*75
$GPGSV,3,3,12,16,08,301,40.0,22,03,248,,02,02,113,,15,64,117,,1*7F
$GLGSV,2,1,06,85,16,328,40.0,68,39,062,,79,33,147,,83,18,217,39.8,1*72
$GLGSV,2,2,06,70,08,289,,67,07,086,40.0,1*60
$GAGSV,1,1,00,7*73
$GBGSV,3,1,12,09,04,184,,01,38,147,,08,31,168,,02,30,229,,1*72
$GBGSV,3,2,12,04,27,125,38.5,10,27,215,,06,24,166,,05,16,249,39.2,1*7B
$GBGSV,3,3,12,07,13,190,39.6,11,05,034,,13,04,033,,03,45,191,38.7,1*77
$GNRMC,204232.000,A,3900.0025,N,11613.9795,E,0.01,324.12,280612,,,A,V*0C
$GNVTG,324.12,T,,M,0.01,N,0.02,K,A*26
$GNZDA,204232.000,28,06,2012,,*40
$GNGGA,204233.000,3900.0025,N,11613.9795,E,1,10,0.77,-12.3,M,-6.8,M,,*72
$PAIRACC,3.86,9.01*4E
$GNGLL,3900.0025,N,11613.9795,E,204233.000,A,A*48
$GNGSA,A,3,29,24,27,16,,,,,,,,,1.35,0.77,1.11,1*08
$GNGSA,A,3,85,83,67,,,,,,,,,,1.35,0.77,1.11,2*03
$GNGSA,A,3,,,,,,,,,,,,,1.35,0.77,1.11,3*05
$GNGSA,A,3,05,07,03,,,,,,,,,,1.35,0.77,1.11,4*03
$GPGSV,3,1,12,08,02,044,,29,57,204,39.8,26,54,079,,24,72,057,39.3,1*61
$GPGSV,3,2,12,21,50,313,,18,34,256,,10,28,056,,27,12,070,39.5,1*76
$GPGSV,3,3,12,16,08,301,39.7,22,03,248,,02,02,113,,15,64,117,,1*76
$GLGSV,2,1,06,85,16,328,39.6,68,39,062,,79,33,147,,83,18,217,39.7,1*75
$GLGSV,2,2,06,70,08,289,,67,07,086,40.0,1*60
$GAGSV,1,1,00,7*73
$GBGSV,3,1,12,09,04,184,,01,38,147,,08,31,168,,02,30,229,,1*72
$GBGSV,3,2,12,04,27,125,38.2,10,27,215,,06,24,166,,05,16,249,38.9,1*76
$GBGSV,3,3,12,07,13,190,38.8,11,05,034,,13,04,033,,03,45,191,37.9,1*79
$GNRMC,204233.000,A,3900.0025,N,11613.9795,E,0.01,318.48,280612,,,A,V*0D
$GNVTG,318.48,T,,M,0.01,N,0.02,K,A*26
$GNZDA,204233.000,28,06,2012,,*41
$GNGGA,204234.000,3900.0025,N,11613.9795,E,1,10,0.77,-12.3,M,-6.8,M,,*75
$PAIRACC,3.77,8.46*42
$GNGLL,3900.0025,N,11613.9795,E,204234.000,A,A*4F
$GNGSA,A,3,29,24,27,16,,,,,,,,,1.35,0.77,1.11,1*08
$GNGSA,A,3,85,83,67,,,,,,,,,,1.35,0.77,1.11,2*03
$GNGSA,A,3,,,,,,,,,,,,,1.35,0.77,1.11,3*05
$GNGSA,A,3,05,07,03,,,,,,,,,,1.35,0.77,1.11,4*03
$GPGSV,3,1,12,08,02,044,,29,57,204,39.5,26,54,079,,24,72,057,39.8,1*67
$GPGSV,3,2,12,21,50,313,,18,34,256,,10,28,056,,27,12,070,39.3,1*70
$GPGSV,3,3,12,16,08,301,39.6,22,03,248,,02,02,113,,15,64,117,,1*77
$GLGSV,2,1,06,85,16,328,40.0,68,39,062,,79,33,147,,83,18,217,39.9,1*73
$GLGSV,2,2,06,70,08,289,,67,07,086,39.6,1*68
$GAGSV,1,1,00,7*73
$GBGSV,3,1,12,09,04,184,,01,38,147,,08,31,168,,02,30,229,,1*72
$GBGSV,3,2,12,04,27,125,38.3,10,27,215,,06,24,166,,05,16,249,39.0,1*7F
$GBGSV,3,3,12,07,13,190,38.9,11,05,034,,13,04,033,,03,45,191,38.0,1*7E
$GNRMC,204234.000,A,3900.0025,N,11613.9795,E,0.01,316.01,280612,,,A,V*09
$GNVTG,316.01,T,,M,0.01,N,0.01,K,A*26
$GNZDA,204234.000,28,06,2012,,*46
$GNGGA,204235.000,3900.0024,N,11613.9795,E,1,10,0.77,-12.3,M,-6.8,M,,*75
$PAIRACC,3.83,8.96*44
$GNGLL,3900.0024,N,11613.9795,E,204235.000,A,A*4F
$GNGSA,A,3,29,24,27,16,,,,,,,,,1.35,0.77,1.11,1*08
$GNGSA,A,3,85,83,67,,,,,,,,,,1.35,0.77,1.11,2*03
$GNGSA,A,3,,,,,,,,,,,,,1.35,0.77,1.11,3*05
$GNGSA,A,3,05,07,03,,,,,,,,,,1.35,0.77,1.11,4*03
$GPGSV,3,1,12,08,02,044,,29,57,204,39.3,26,54,079,,24,72,057,39.5,1*6C
$GPGSV,3,2,12,21,50,313,,18,34,256,,10,28,056,,27,12,070,39.4,1*77
$GPGSV,3,3,12,16,08,301,39.5,22,03,248,,02,02,113,,15,64,117,,1*74
$GLGSV,2,1,06,85,16,328,39.8,68,39,062,,79,33,147,,83,18,217,39.7,1*7B
$GLGSV,2,2,06,70,08,289,,67,07,086,40.1,1*61
$GAGSV,1,1,00,7*73
$GBGSV,3,1,12,09,04,184,,01,38,147,,08,31,168,,02,30,229,,1*72
$GBGSV,3,2,12,04,27,125,38.8,10,27,215,,06,24,166,,05,16,249,39.0,1*74
$GBGSV,3,3,12,07,13,190,39.2,11,05,034,,13,04,033,,03,45,191,38.9,1*7D
$GNRMC,204235.000,A,3900.0024,N,11613.9795,E,0.01,319.89,280612,,,A,V*06
$GNVTG,319.89,T,,M,0.01,N,0.01,K,A*29
$GNZDA,204235.000,28,06,2012,,*47
$GNGGA,204236.000,3900.0024,N,11613.9795,E,1,10,0.77,-12.3,M,-6.8,M,,*76
$PAIRACC,3.79,8.52*49
$GNGLL,3900.0024,N,11613.9795,E,204236.000,A,A*4C
$GNGSA,A,3,29,24,27,16,,,,,,,,,1.35,0.77,1.11,1*08
$GNGSA,A,3,85,83,67,,,,,,,,,,1.35,0.77,1.11,2*03
$GNGSA,A,3,,,,,,,,,,,,,1.35,0.77,1.11,3*05
$GNGSA,A,3,05,07,03,,,,,,,,,,1.35,0.77,1.11,4*03
$GPGSV,3,1,12,08,02,044,,29,57,204,39.2,26,54,079,,24,72,057,39.6,1*6E
$GPGSV,3,2,12,21,50,313,,18,34,256,,10,28,056,,27,12,070,39.4,1*77
$GPGSV,3,3,12,16,08,301,39.8,22,03,248,,02,02,113,,15,64,117,,1*79
$GLGSV,2,1,06,85,16,328,39.9,68,39,062,,79,33,147,,83,18,217,39.7,1*7A
$GLGSV,2,2,06,70,08,289,,67,07,086,40.1,1*61
$GAGSV,1,1,00,7*73
$GBGSV,3,1,12,09,04,184,,01,38,147,,08,31,168,,02,30,229,,1*72
$GBGSV,3,2,12,04,27,125,37.9,10,27,215,,06,24,166,,05,16,249,38.8,1*73
$GBGSV,3,3,12,07,13,190,38.5,11,05,034,,13,04,033,,03,45,191,38.2,1*70
$GNRMC,204236.000,A,3900.0024,N,11613.9795,E,0.01,312.78,280612,,,A,V*00
$GNVTG,312.78,T,,M,0.01,N,0.01,K,A*2C
$GNZDA,204236.000,28,06,2012,,*44
$GNGGA,204237.000,3900.0024,N,11613.9795,E,1,10,0.77,-12.3,M,-6.8,M,,*77
$PAIRACC,3.84,8.97*42
$GNGLL,3900.0024,N,11613.9795,E,204237.000,A,A*4D
$GNGSA,A,3,29,24,27,16,,,,,,,,,1.35,0.77,1.11,1*08
$GNGSA,A,3,85,83,67,,,,,,,,,,1.35,0.77,1.11,2*03
$GNGSA,A,3,,,,,,,,,,,,,1.35,0.77,1.11,3*05
$GNGSA,A,3,05,07,03,,,,,,,,,,1.35,0.77,1.11,4*03
$GPGSV,3,1,12,08,02,044,,29,57,204,39.3,26,54,079,,24,72,057,39.4,1*6D
$GPGSV,3,2,12,21,50,313,,18,34,256,,10,28,056,,27,12,070,39.4,1*77
$GPGSV,3,3,12,16,08,301,39.4,22,03,248,,02,02,113,,15,64,117,,1*75
$GLGSV,2,1,06,85,16,328,40.0,68,39,062,,79,33,147,,83,18,217,39.9,1*73
$GLGSV,2,2,06,70,08,289,,67,07,086,40.2,1*62
$GAGSV,1,1,00,7*73
$GBGSV,3,1,12,09,04,184,,01,38,147,,08,31,168,,02,30,229,,1*72
$GBGSV,3,2,12,04,27,125,38.0,10,27,215,,06,24,166,,05,16,249,39.1,1*7D
$GBGSV,3,3,12,07,13,190,38.8,11,05,034,,13,04,033,,03,45,191,37.8,1*78
$GNRMC,204237.000,A,3900.0024,N,11613.9795,E,0.01,313.14,280612,,,A,V*0A
$GNVTG,313.14,T,,M,0.01,N,0.01,K,A*27
$GNZDA,204237.000,28,06,2012,,*45
$GNGGA,204238.000,3900.0024,N,11613.9794,E,1,10,0.77,-12.3,M,-6.8,M,,*79
$PAIRACC,3.77,8.48*4C
$GNGLL,3900.0024,N,11613.9794,E,204238.000,A,A*43
$GNGSA,A,3,29,24,27,16,,,,,,,,,1.35,0.77,1.11,1*08
$GNGSA,A,3,85,83,67,,,,,,,,,,1.35,0.77,1.11,2*03
$GNGSA,A,3,,,,,,,,,,,,,1.35,0.77,1.11,3*05
$GNGSA,A,3,05,07,03,,,,,,,,,,1.35,0.77,1.11,4*03
$GPGSV,3,1,12,08,02,044,,29,57,204,39.4,26,54,079,,24,72,057,39.5,1*6B
$GPGSV,3,2,12,21,50,313,,18,34,256,,10,28,056,,27,12,070,39.4,1*77
$GPGSV,3,3,12,16,08,301,39.6,22,03,248,,02,02,113,,15,64,117,,1*77
$GLGSV,2,1,06,85,16,328,40.2,68,39,062,,79,33,147,,83,18,217,39.9,1*71
$GLGSV,2,2,06,70,08,289,,67,07,086,39.9,1*67
$GAGSV,1,1,00,7*73
$GBGSV,3,1,12,09,04,184,,01,38,147,,08,31,168,,02,30,229,,1*72
$GBGSV,3,2,12,04,27,125,39.1,10,27,215,,06,24,166,,05,16,249,39.0,1*7C
$GBGSV,3,3,12,07,13,190,39.2,11,05,034,,13,04,033,,03,45,191,38.9,1*7D
$GNRMC,204238.000,A,3900.0024,N,11613.9794,E,0.01,322.97,280612,,,A,V*0D
$GNVTG,322.97,T,,M,0.01,N,0.01,K,A*2E
$GNZDA,204238.000,28,06,2012,,*4A
$GNGGA,204239.000,3900.0024,N,11613.9794,E,1,10,0.77,-12.3,M,-6.8,M,,*78
$PAIRACC,3.87,9.02*4C
$GNGLL,3900.0024,N,11613.9794,E,204239.000,A,A*42
$GNGSA,A,3,29,24,27,16,,,,,,,,,1.35,0.77,1.11,1*08
$GNGSA,A,3,85,83,67,,,,,,,,,,1.35,0.77,1.11,2*03
$GNGSA,A,3,,,,,,,,,,,,,1.35,0.77,1.11,3*05
$GNGSA,A,3,05,07,03,,,,,,,,,,1.35,0.77,1.11,4*03
$GPGSV,3,1,12,08,02,044,,29,57,204,39.8,26,54,079,,24,72,057,39.9,1*6B
$GPGSV,3,2,12,21,50,313,,18,34,256,,10,28,056,,27,12,070,39.7,1*74
$GPGSV,3,3,12,16,08,301,39.6,22,03,248,,02,02,113,,15,64,117,,1*77
$GLGSV,2,1,06,85,16,328,39.7,68,39,062,,79,33,147,,83,18,217,39.8,1*7B
$GLGSV,2,2,06,70,08,289,,67,07,086,39.8,1*66
$GAGSV,1,1,00,7*73
$GBGSV,3,1,12,09,04,184,,01,38,147,,08,31,168,,02,30,229,,1*72
$GBGSV,3,2,12,04,27,125,38.0,10,27,215,,06,24,166,,05,16,249,38.6,1*7B
$GBGSV,3,3,12,07,13,190,38.7,11,05,034,,13,04,033,,03,45,191,37.9,1*76
$GNRMC,204239.000,A,3900.0024,N,11613.9794,E,0.01,331.21,280612,,,A,V*03
$GNVTG,331.21,T,,M,0.01,N,0.01,K,A*21
$GNZDA,204239.000,28,06,2012,,*4B
$GNGGA,204240.000,3900.0024,N,11613.9794,E,1,10,0.77,-12.3,M,-6.8,M,,*76
$PAIRACC,3.74,8.46*41
$GNGLL,3900.0024,N,11613.9794,E,204240.000,A,A*4C
$GNGSA,A,3,29,24,27,16,,,,,,,,,1.35,0.77,1.11,1*08
$GNGSA,A,3,85,83,67,,,,,,,,,,1.35,0.77,1.11,2*03
$GNGSA,A,3,,,,,,,,,,,,,1.35,0.77,1.11,3*05
$GNGSA,A,3,05,07,03,,,,,,,,,,1.35,0.77,1.11,4*03
$GPGSV,3,1,12,08,02,044,,29,57,204,39.7,26,54,079,,24,72,057,39.5,1*68
$GPGSV,3,2,12,21,50,313,,18,34,256,,10,28,056,,27,12,070,39.5,1*76
$GPGSV,3,3,12,16,08,301,39.9,22,03,248,,02,02,113,,15,64,117,,1*78
$GLGSV,2,1,06,85,16,328,39.9,68,39,062,,79,33,147,,83,18,217,39.8,1*75
$GLGSV,2,2,06,70,08,289,,67,07,086,40.3,1*63
$GAGSV,1,1,00,7*73
$GBGSV,3,1,12,09,04,184,,01,38,147,,08,31,168,,02,30,229,,1*72
$GBGSV,3,2,12,04,27,125,38.1,10,27,215,,06,24,166,,05,16,249,38.7,1*7B
$GBGSV,3,3,12,07,13,190,38.9,11,05,034,,13,04,033,,03,45,191,38.0,1*7E
$GNRMC,204240.000,A,3900.0024,N,11613.9794,E,0.01,326.24,280612,,,A,V*0E
$GNVTG,326.24,T,,M,0.01,N,0.01,K,A*22
$GNZDA,204240.000,28,06,2012,,*45
$GNGGA,204241.000,3900.0024,N,11613.9794,E,1,10,0.77,-12.3,M,-6.8,M,,*77
$PAIRACC,3.77,8.48*4C
$GNGLL,3900.0024,N,11613.9794,E,204241.000,A,A*4D
$GNGSA,A,3,29,24,27,16,,,,,,,,,1.35,0.77,1.11,1*08
$GNGSA,A,3,85,83,67,,,,,,,,,,1.35,0.77,1.11,2*03
$GNGSA,A,3,,,,,,,,,,,,,1.35,0.77,1.11,3*05
$GNGSA,A,3,05,07,03,,,,,,,,,,1.35,0.77,1.11,4*03
$GPGSV,3,1,12,08,02,044,,29,57,204,39.6,26,54,079,,24,72,057,39.9,1*65
$GPGSV,3,2,12,21,50,313,,18,34,256,,10,28,056,,27,12,070,39.3,1*70
$GPGSV,3,3,12,16,08,301,39.4,22,03,248,,02,02,113,,15,64,117,,1*75
$GLGSV,2,1,06,85,16,328,39.9,68,39,062,,79,33,147,,83,18,217,39.5,1*78
$GLGSV,2,2,06,70,08,289,,67,07,086,40.1,1*61
$GAGSV,1,1,00,7*73
$GBGSV,3,1,12,09,04,184,,01,38,147,,08,31,168,,02,30,229,,1*72
$GBGSV,3,2,12,04,27,125,38.9,10,27,215,,06,24,166,,05,16,249,39.0,1*75
$GBGSV,3,3,12,07,13,190,39.3,11,05,034,,13,04,033,,03,45,191,38.8,1*7D
$GNRMC,204241.000,A,3900.0024,N,11613.9794,E,0.01,335.59,280612,,,A,V*07
$GNVTG,335.59,T,,M,0.01,N,0.02,K,A*29
$GNZDA,204241.000,28,06,2012,,*44
$GNGGA,204242.000,3900.0024,N,11613.9794,E,1,10,0.77,-12.2,M,-6.8,M,,*75
$PAIRACC,3.76,8.51*45
$GNGLL,3900.0024,N,11613.9794,E,204242.000,A,A*4E
$GNGSA,A,3,29,24,27,16,,,,,,,,,1.35,0.77,1.11,1*08
$GNGSA,A,3,85,83,67,,,,,,,,,,1.35,0.77,1.11,2*03
$GNGSA,A,3,,,,,,,,,,,,,1.35,0.77,1.11,3*05
$GNGSA,A,3,05,07,03,,,,,,,,,,1.35,0.77,1.11,4*03
$GPGSV,3,1,12,08,02,044,,29,57,204,39.3,26,54,079,,24,72,057,39.7,1*6E
$GPGSV,3,2,12,21,50,313,,18,34,256,,10,28,056,,27,12,070,39.6,1*75
$GPGSV,3,3,12,16,08,301,39.6,22,03,248,,02,02,113,,15,64,117,,1*77
$GLGSV,2,1,06,85,16,328,39.6,68,39,062,,79,33,147,,83,18,217,39.6,1*74
$GLGSV,2,2,06,70,08,289,,67,07,086,39.9,1*67
$GAGSV,1,1,00,7*73
$GBGSV,3,1,12,09,04,184,,01,38,147,,08,31,168,,02,30,229,,1*72
$GBGSV,3,2,12,04,27,125,38.5,10,27,215,,06,24,166,,05,16,249,38.5,1*7D
$GBGSV,3,3,12,07,13,190,38.3,11,05,034,,13,04,033,,03,45,191,37.9,1*72
$GNRMC,204242.000,A,3900.0024,N,11613.9794,E,0.01,342.56,280612,,,A,V*0B
$GNVTG,342.56,T,,M,0.01,N,0.02,K,A*26
$GNZDA,204242.000,28,06,2012,,*47
$GNGGA,204243.000,3900.0024,N,11613.9795,E,1,10,0.77,-12.2,M,-6.8,M,,*75
$PAIRACC,3.74,8.46*41
$GNGLL,3900.0024,N,11613.9795,E,204243.000,A,A*4E
$GNGSA,A,3,29,24,27,16,,,,,,,,,1.35,0.77,1.11,1*08
$GNGSA,A,3,85,83,67,,,,,,,,,,1.35,0.77,1.11,2*03
$GNGSA,A,3,,,,,,,,,,,,,1.35,0.77,1.11,3*05
$GNGSA,A,3,05,07,03,,,,,,,,,,1.35,0.77,1.11,4*03
$GPGSV,3,1,12,08,02,044,,29,57,204,39.5,26,54,079,,24,72,057,39.6,1*69
$GPGSV,3,2,12,21,50,313,,18,34,256,,10,28,056,,27,12,070,39.3,1*70
$GPGSV,3,3,12,16,08,301,39.6,22,03,248,,02,02,113,,15,64,117,,1*77
$GLGSV,2,1,06,85,16,328,39.5,68,39,062,,79,33,147,,83,18,217,39.7,1*76
$GLGSV,2,2,06,70,08,289,,67,07,086,40.1,1*61
$GAGSV,1,1,00,7*73
$GBGSV,3,1,12,09,04,184,,01,38,147,,08,31,168,,02,30,229,,1*72
$GBGSV,3,2,12,04,27,125,38.0,10,27,215,,06,24,166,,05,16,249,38.7,1*7A
$GBGSV,3,3,12,07,13,190,39.0,11,05,034,,13,04,033,,03,45,191,37.9,1*70
$GNRMC,204243.000,A,3900.0024,N,11613.9795,E,0.01,336.09,280612,,,A,V*02
$GNVTG,336.09,T,,M,0.01,N,0.02,K,A*2F
$GNZDA,204243.000,28,06,2012,,*46
$GNGGA,204244.000,3900.0024,N,11613.9794,E,1,10,0.77,-12.2,M,-6.8,M,,*73
$PAIRACC,3.80,8.55*48
$GNGLL,3900.0024,N,11613.9794,E,204244.000,A,A*48
$GNGSA,A,3,29,24,27,16,,,,,,,,,1.35,0.77,1.11,1*08
$GNGSA,A,3,85,83,67,,,,,,,,,,1.35,0.77,1.11,2*03
$GNGSA,A,3,,,,,,,,,,,,,1.35,0.77,1.11,3*05
$GNGSA,A,3,05,07,03,,,,,,,,,,1.35,0.77,1.11,4*03
$GPGSV,3,1,12,08,02,044,,29,57,204,39.2,26,54,079,,24,72,057,39.9,1*61
$GPGSV,3,2,12,21,50,313,,18,34,256,,10,28,056,,27,12,070,39.1,1*72
$GPGSV,3,3,12,16,08,301,39.6,22,03,248,,02,02,113,,15,64,117,,1*77
$GLGSV,2,1,06,85,16,328,39.9,68,39,062,,79,33,147,,83,18,217,39.7,1*7A
$GLGSV,2,2,06,70,08,289,,67,07,086,40.0,1*60
$GAGSV,1,1,00,7*73
$GBGSV,3,1,12,09,04,184,,01,38,147,,08,31,168,,02,30,229,,1*72
$GBGSV,3,2,12,04,27,125,38.8,10,27,215,,06,24,166,,05,16,249,39.1,1*75
$GBGSV,3,3,12,07,13,190,39.1,11,05,034,,13,04,033,,03,45,191,38.8,1*7F
$GNRMC,204244.000,A,3900.0024,N,11613.9794,E,0.01,330.14,280612,,,A,V*0E
$GNVTG,330.14,T,,M,0.01,N,0.02,K,A*25
$GNZDA,204244.000,28,06,2012,,*41
$GNGGA,204245.000,3900.0024,N,11613.9794,E,1,10,0.77,-12.2,M,-6.8,M,,*72
$PAIRACC,3.75,8.46*40
$GNGLL,3900.0024,N,11613.9794,E,204245.000,A,A*49
$GNGSA,A,3,29,24,27,16,,,,,,,,,1.35,0.77,1.11,1*08
$GNGSA,A,3,85,83,67,,,,,,,,,,1.35,0.77,1.11,2*03
$GNGSA,A,3,,,,,,,,,,,,,1.35,0.77,1.11,3*05
$GNGSA,A,3,05,07,03,,,,,,,,,,1.35,0.77,1.11,4*03
$GPGSV,3,1,12,08,02,044,,29,57,204,39.8,26,54,079,,24,72,057,39.4,1*66
$GPGSV,3,2,12,21,50,313,,18,34,256,,10,28,056,,27,12,070,39.7,1*74
$GPGSV,3,3,12,16,08,301,39.8,22,03,248,,02,02,113,,15,64,117,,1*79
$GLGSV,2,1,06,85,16,328,39.4,68,39,062,,79,33,147,,83,18,217,39.7,1*77
$GLGSV,2,2,06,70,08,289,,67,07,086,39.9,1*67
$GAGSV,1,1,00,7*73
$GBGSV,3,1,12,09,04,184,,01,38,147,,08,31,168,,02,30,229,,1*72
$GBGSV,3,2,12,04,27,125,37.9,10,27,215,,06,24,166,,05,16,249,39.2,1*78
$GBGSV,3,3,12,07,13,190,38.1,11,05,034,,13,04,033,,03,45,191,38.1,1*77
$GNRMC,204245.000,A,3900.0024,N,11613.9794,E,0.01,338.38,280612,,,A,V*09
$GNVTG,338.38,T,,M,0.01,N,0.02,K,A*23
$GNZDA,204245.000,28,06,2012,,*40
$GNGGA,204246.000,3900.0024,N,11613.9794,E,1,10,0.77,-12.2,M,-6.8,M,,*71
$PAIRACC,3.80,8.56*4B
$GNGLL,3900.0024,N,11613.9794,E,204246.000,A,A*4A
$GNGSA,A,3,29,24,27,16,,,,,,,,,1.35,0.77,1.11,1*08
$GNGSA,A,3,85,83,67,,,,,,,,,,1.35,0.77,1.11,2*03
$GNGSA,A,3,,,,,,,,,,,,,1.35,0.77,1.11,3*05
$GNGSA,A,3,05,07,03,,,,,,,,,,1.35,0.77,1.11,4*03
$GPGSV,3,1,12,08,02,044,,29,57,204,39.8,26,54,079,,24,72,057,39.8,1*6A
$GPGSV,3,2,12,21,50,313,,18,34,256,,10,28,056,,27,12,070,39.7,1*74
$GPGSV,3,3,12,16,08,301,39.7,22,03,248,,02,02,113,,15,64,117,,1*76
$GLGSV,2,1,06,85,16,328,39.8,68,39,062,,79,33,147,,83,18,217,40.0,1*72
$GLGSV,2,2,06,70,08,289,,67,07,086,40.2,1*62
$GAGSV,1,1,00,7*73
$GBGSV,3,1,12,09,04,184,,01,38,147,,08,31,168,,02,30,229,,1*72
$GBGSV,3,2,12,04,27,125,38.3,10,27,215,,06,24,166,,05,16,249,38.5,1*7B
$GBGSV,3,3,12,07,13,190,39.1,11,05,034,,13,04,033,,03,45,191,37.7,1*7F
$GNRMC,204246.000,A,3900.0024,N,11613.9794,E,0.01,327.69,280612,,,A,V*00
$GNVTG,327.69,T,,M,0.01,N,0.02,K,A*29
$GNZDA,204246.000,28,06,2012,,*43
$GNGGA,204247.000,3900.0024,N,11613.9794,E,1,10,0.77,-12.2,M,-6.8,M,,*70
$PAIRACC,3.83,8.96*44
$GNGLL,3900.0024,N,11613.9794,E,204247.000,A,A*4B
$GNGSA,A,3,29,24,27,16,,,,,,,,,1.35,0.77,1.11,1*08
$GNGSA,A,3,85,83,67,,,,,,,,,,1.35,0.77,1.11,2*03
$GNGSA,A,3,,,,,,,,,,,,,1.35,0.77,1.11,3*05
$GNGSA,A,3,05,07,03,,,,,,,,,,1.35,0.77,1.11,4*03
$GPGSV,3,1,12,08,02,044,,29,57,204,39.7,26,54,079,,24,72,057,39.0,1*6D
$GPGSV,3,2,12,21,50,313,,18,34,256,,10,28,056,,27,12,070,39.2,1*71
$GPGSV,3,3,12,16,08,301,40.0,22,03,248,,02,02,113,,15,64,117,,1*7F
$GLGSV,2,1,06,85,16,328,39.7,68,39,062,,79,33,147,,83,18,217,39.5,1*76
$GLGSV,2,2,06,70,08,289,,67,07,086,39.9,1*67
$GAGSV,1,1,00,7*73
$GBGSV,3,1,12,09,04,184,,01,38,147,,08,31,168,,02,30,229,,1*72
$GBGSV,3,2,12,04,27,125,38.9,10,27,215,,06,24,166,,05,16,249,38.7,1*73
$GBGSV,3,3,12,07,13,190,39.5,11,05,034,,13,04,033,,03,45,191,38.8,1*7B
$GNRMC,204247.000,A,3900.0024,N,11613.9794,E,0.01,333.52,280612,,,A,V*0C
$GNVTG,333.52,T,,M,0.01,N,0.02,K,A*24
$GNZDA,204247.000,28,06,2012,,*42
$GNGGA,204248.000,3900.0024,N,11613.9794,E,1,10,0.77,-12.2,M,-6.8,M,,*7F
$PAIRACC,3.80,8.54*49
$GNGLL,3900.0024,N,11613.9794,E,204248.000,A,A*44
$GNGSA,A,3,29,24,27,16,,,,,,,,,1.35,0.77,1.11,1*08
$GNGSA,A,3,85,83,67,,,,,,,,,,1.35,0.77,1.11,2*03
$GNGSA,A,3,,,,,,,,,,,,,1.35,0.77,1.11,3*05
$GNGSA,A,3,05,07,03,,,,,,,,,,1.35,0.77,1.11,4*03
$GPGSV,3,1,12,08,02,044,,29,57,204,39.5,26,54,079,,24,72,057,39.7,1*68
$GPGSV,3,2,12,21,50,313,,18,34,256,,10,28,056,,27,12,070,39.3,1*70
$GPGSV,3,3,12,16,08,301,39.5,22,03,248,,02,02,113,,15,64,117,,1*74
$GLGSV,2,1,06,85,16,328,39.6,68,39,062,,79,33,147,,83,18,217,39.8,1*7A
$GLGSV,2,2,06,70,08,289,,67,07,086,40.2,1*62
$GAGSV,1,1,00,7*73
$GBGSV,3,1,12,09,04,184,,01,38,147,,08,31,168,,02,30,229,,1*72
$GBGSV,3,2,12,04,27,125,38.1,10,27,215,,06,24,166,,05,16,249,39.0,1*7D
$GBGSV,3,3,12,07,13,190,38.3,11,05,034,,13,04,033,,03,45,191,38.4,1*70
$GNRMC,204248.000,A,3900.0024,N,11613.9794,E,0.01,327.35,280612,,,A,V*07
$GNVTG,327.35,T,,M,0.01,N,0.02,K,A*20
$GNZDA,204248.000,28,06,2012,,*4D
$GNGGA,204249.000,3900.0024,N,11613.9794,E,1,10,0.77,-12.2,M,-6.8,M,,*7E
$PAIRACC,3.77,8.50*45
$GNGLL,3900.0024,N,11613.9794,E,204249.000,A,A*45
$GNGSA,A,3,29,24,27,16,,,,,,,,,1.35,0.77,1.11,1*08
$GNGSA,A,3,85,83,67,,,,,,,,,,1.35,0.77,1.11,2*03
$GNGSA,A,3,,,,,,,,,,,,,1.35,0.77,1.11,3*05
$GNGSA,A,3,05,07,03,,,,,,,,,,1.35,0.77,1.11,4*03
$GPGSV,3,1,12,08,02,044,,29,57,204,39.6,26,54,079,,24,72,057,39.5,1*69
$GPGSV,3,2,12,21,50,313,,18,34,256,,10,28,056,,27,12,070,39.0,1*73
$GPGSV,3,3,12,16,08,301,39.7,22,03,248,,02,02,113,,15,64,117,,1*76
$GLGSV,2,1,06,85,16,328,39.9,68,39,062,,79,33,147,,83,18,217,40.0,1*73
$GLGSV,2,2,06,70,08,289,,67,07,086,40.0,1*60
$GAGSV,1,1,00,7*73
$GBGSV,3,1,12,09,04,184,,01,38,147,,08,31,168,,02,30,229,,1*72
$GBGSV,3,2,12,04,27,125,38.3,10,27,215,,06,24,166,,05,16,249,39.0,1*7F
$GBGSV,3,3,12,07,13,190,38.7,11,05,034,,13,04,033,,03,45,191,37.9,1*76
$GNRMC,204249.000,A,3900.0024,N,11613.9794,E,0.01,333.59,280612,,,A,V*09
$GNVTG,333.59,T,,M,0.01,N,0.02,K,A*2F
$GNZDA,204249.000,28,06,2012,,*4C
$GNGGA,204250.000,3900.0024,N,11613.9794,E,1,10,0.77,-12.2,M,-6.8,M,,*76
$PAIRACC,3.73,8.43*43
$GNGLL,3900.0024,N,11613.9794,E,204250.000,A,A*4D
$GNGSA,A,3,29,24,27,16,,,,,,,,,1.35,0.77,1.11,1*08
$GNGSA,A,3,85,83,67,,,,,,,,,,1.35,0.77,1.11,2*03
$GNGSA,A,3,,,,,,,,,,,,,1.35,0.77,1.11,3*05
$GNGSA,A,3,05,07,03,,,,,,,,,,1.35,0.77,1.11,4*03
$GPGSV,3,1,12,08,02,044,,29,57,204,39.8,26,54,079,,24,72,057,39.6,1*64
$GPGSV,3,2,12,21,50,313,,18,34,256,,10,28,056,,27,12,070,39.7,1*74
$GPGSV,3,3,12,16,08,301,40.0,22,03,248,,02,02,113,,15,64,117,,1*7F
$GLGSV,2,1,06,85,16,328,39.7,68,39,062,,79,33,147,,83,18,217,40.0,1*7D
$GLGSV,2,2,06,70,08,289,,67,07,086,39.7,1*69
$GAGSV,1,1,00,7*73
$GBGSV,3,1,12,09,04,184,,01,38,147,,08,31,168,,02,30,229,,1*72
$GBGSV,3,2,12,04,27,125,38.9,10,27,215,,06,24,166,,05,16,249,38.6,1*72
$GBGSV,3,3,12,07,13,190,39.4,11,05,034,,13,04,033,,03,45,191,39.0,1*73
$GNRMC,204250.000,A,3900.0024,N,11613.9794,E,0.01,327.41,280612,,,A,V*0D
$GNVTG,327.41,T,,M,0.01,N,0.02,K,A*23
$GNZDA,204250.000,28,06,2012,,*44
$GNGGA,204251.000,3900.0024,N,11613.9794,E,1,10,0.77,-12.2,M,-6.8,M,,*77
$PAIRACC,3.87,9.01*4F
$GNGLL,3900.0024,N,11613.9794,E,204251.000,A,A*4C
$GNGSA,A,3,29,24,27,16,,,,,,,,,1.35,0.77,1.11,1*08
$GNGSA,A,3,85,83,67,,,,,,,,,,1.35,0.77,1.11,2*03
$GNGSA,A,3,,,,,,,,,,,,,1.35,0.77,1.11,3*05
$GNGSA,A,3,05,07,03,,,,,,,,,,1.35,0.77,1.11,4*03
$GPGSV,3,1,12,08,02,044,,29,57,204,39.4,26,54,079,,24,72,057,39.8,1*66
$GPGSV,3,2,12,21,50,313,,18,34,256,,10,28,056,,27,12,070,39.4,1*77
$GPGSV,3,3,12,16,08,301,39.6,22,03,248,,02,02,113,,15,64,117,,1*77
$GLGSV,2,1,06,85,16,328,39.8,68,39,062,,79,33,147,,83,18,217,39.5,1*79
$GLGSV,2,2,06,70,08,289,,67,07,086,39.8,1*66
$GAGSV,1,1,00,7*73
$GBGSV,3,1,12,09,04,184,,01,38,147,,08,31,168,,02,30,229,,1*72
$GBGSV,3,2,12,04,27,125,38.3,10,27,215,,06,24,166,,05,16,249,39.0,1*7F
$GBGSV,3,3,12,07,13,190,38.1,11,05,034,,13,04,033,,03,45,191,38.2,1*74
$GNRMC,204251.000,A,3900.0024,N,11613.9794,E,0.01,331.87,280612,,,A,V*01
$GNVTG,331.87,T,,M,0.01,N,0.02,K,A*2E
$GNZDA,204251.000,28,06,2012,,*45
$GNGGA,204252.000,3900.0024,N,11613.9794,E,1,10,0.77,-12.2,M,-6.8,M,,*74
$PAIRACC,3.74,8.45*42
$GNGLL,3900.0024,N,11613.9794,E,204252.000,A,A*4F
$GNGSA,A,3,29,24,27,16,,,,,,,,,1.35,0.77,1.11,1*08
$GNGSA,A,3,85,83,67,,,,,,,,,,1.35,0.77,1.11,2*03
$GNGSA,A,3,,,,,,,,,,,,,1.35,0.77,1.11,3*05
$GNGSA,A,3,05,07,03,,,,,,,,,,1.35,0.77,1.11,4*03
$GPGSV,3,1,12,08,02,044,,29,57,204,39.5,26,54,079,,24,72,057,39.6,1*69
$GPGSV,3,2,12,21,50,313,,18,34,256,,10,28,056,,27,12,070,39.3,1*70
$GPGSV,3,3,12,16,08,301,39.7,22,03,248,,02,02,113,,15,64,117,,1*76
$GLGSV,2,1,06,85,16,328,39.8,68,39,062,,79,33,147,,83,18,217,40.0,1*72
$GLGSV,2,2,06,70,08,289,,67,07,086,40.1,1*61
$GAGSV,1,1,00,7*73
$GBGSV,3,1,12,09,04,184,,01,38,147,,08,31,168,,02,30,229,,1*72
$GBGSV,3,2,12,04,27,125,38.1,10,27,215,,06,24,166,,05,16,249,38.9,1*75
$GBGSV,3,3,12,07,13,190,39.0,11,05,034,,13,04,033,,03,45,191,38.2,1*74
$GNRMC,204252.000,A,3900.0024,N,11613.9794,E,0.01,336.87,280612,,,A,V*05
$GNVTG,336.87,T,,M,0.01,N,0.02,K,A*29
$GNZDA,204252.000,28,06,2012,,*46
$GNGGA,204253.000,3900.0024,N,11613.9794,E,1,10,0.77,-12.2,M,-6.8,M,,*75
$PAIRACC,3.74,8.45*42
$GNGLL,3900.0024,N,11613.9794,E,204253.000,A,A*4E
$GNGSA,A,3,29,24,27,16,,,,,,,,,1.35,0.77,1.11,1*08
$GNGSA,A,3,85,83,67,,,,,,,,,,1.35,0.77,1.11,2*03
$GNGSA,A,3,,,,,,,,,,,,,1.35,0.77,1.11,3*05
$GNGSA,A,3,05,07,03,,,,,,,,,,1.35,0.77,1.11,4*03
$GPGSV,3,1,12,08,02,044,,29,57,204,39.9,26,54,079,,24,72,057,39.8,1*6B
$GPGSV,3,2,12,21,50,313,,18,34,256,,10,28,056,,27,12,070,39.2,1*71
$GPGSV,3,3,12,16,08,301,39.8,22,03,248,,02,02,113,,15,64,117,,1*79
$GLGSV,2,1,06,85,16,328,39.5,68,39,062,,79,33,147,,83,18,217,39.9,1*78
$GLGSV,2,2,06,70,08,289,,67,07,086,40.0,1*60
$GAGSV,1,1,00,7*73
$GBGSV,3,1,12,09,04,184,,01,38,147,,08,31,168,,02,30,229,,1*72
$GBGSV,3,2,12,04,27,125,39.0,10,27,215,,06,24,166,,05,16,249,38.8,1*74
$GBGSV,3,3,12,07,13,190,39.5,11,05,034,,13,04,033,,03,45,191,38.6,1*75
$GNRMC,204253.000,A,3900.0024,N,11613.9794,E,0.01,336.42,280612,,,A,V*0D
$GNVTG,336.42,T,,M,0.01,N,0.02,K,A*20
$GNZDA,204253.000,28,06,2012,,*47
$GNGGA,204254.000,3900.0024,N,11613.9794,E,1,10,0.77,-12.1,M,-6.8,M,,*71
$PAIRACC,3.78,8.50*4A
$GNGLL,3900.0024,N,11613.9794,E,204254.000,A,A*49
$GNGSA,A,3,29,24,27,16,,,,,,,,,1.35,0.77,1.11,1*08
$GNGSA,A,3,85,83,67,,,,,,,,,,1.35,0.77,1.11,2*03
$GNGSA,A,3,,,,,,,,,,,,,1.35,0.77,1.11,3*05
$GNGSA,A,3,05,07,03,,,,,,,,,,1.35,0.77,1.11,4*03
$GPGSV,3,1,12,08,02,044,,29,57,204,39.6,26,54,079,,24,72,057,39.5,1*69
$GPGSV,3,2,12,21,50,313,,18,34,256,,10,28,056,,27,12,070,39.7,1*74
$GPGSV,3,3,12,16,08,301,39.7,22,03,248,,02,02,113,,15,64,117,,1*76
$GLGSV,2,1,06,85,16,328,39.8,68,39,062,,79,33,147,,83,18,217,40.0,1*72
$GLGSV,2,2,06,70,08,289,,67,07,086,40.3,1*63
$GAGSV,1,1,00,7*73
$GBGSV,3,1,12,09,04,184,,01,38,147,,08,31,168,,02,30,229,,1*72
$GBGSV,3,2,12,04,27,125,38.3,10,27,215,,06,24,166,,05,16,249,39.0,1*7F
$GBGSV,3,3,12,07,13,190,38.4,11,05,034,,13,04,033,,03,45,191,38.1,1*72
$GNRMC,204254.000,A,3900.0024,N,11613.9794,E,0.01,330.99,280612,,,A,V*0A
$GNVTG,330.99,T,,M,0.01,N,0.02,K,A*20
$GNZDA,204254.000,28,06,2012,,*40
$GNGGA,204255.000,3900.0024,N,11613.9794,E,1,10,0.77,-12.1,M,-6.8,M,,*70
$PAIRACC,3.75,8.48*4E
$GNGLL,3900.0024,N,11613.9794,E,204255.000,A,A*48
$GNGSA,A,3,29,24,27,16,,,,,,,,,1.35,0.77,1.11,1*08
$GNGSA,A,3,85,83,67,,,,,,,,,,1.35,0.77,1.11,2*03
$GNGSA,A,3,,,,,,,,,,,,,1.35,0.77,1.11,3*05
$GNGSA,A,3,05,07,03,,,,,,,,,,1.35,0.77,1.11,4*03
$GPGSV,3,1,12,08,02,044,,29,57,204,39.7,26,54,079,,24,72,057,39.5,1*68
$GPGSV,3,2,12,21,50,313,,18,34,256,,10,28,056,,27,12,070,39.3,1*70
$GPGSV,3,3,12,16,08,301,39.8,22,03,248,,02,02,113,,15,64,117,,1*79
$GLGSV,2,1,06,85,16,328,39.9,68,39,062,,79,33,147,,83,18,217,39.6,1*7B
$GLGSV,2,2,06,70,08,289,,67,07,086,40.5,1*65
$GAGSV,1,1,00,7*73
$GBGSV,3,1,12,09,04,184,,01,38,147,,08,31,168,,02,30,229,,1*72
$GBGSV,3,2,12,04,27,125,38.2,10,27,215,,06,24,166,,05,16,249,39.2,1*7C
$GBGSV,3,3,12,07,13,190,38.9,11,05,034,,13,04,033,,03,45,191,37.9,1*78
$GNRMC,204255.000,A,3900.0024,N,11613.9794,E,0.01,325.45,280612,,,A,V*0E
$GNVTG,325.45,T,,M,0.01,N,0.02,K,A*25
$GNZDA,204255.000,28,06,2012,,*41
$GNGGA,204256.000,3900.0024,N,11613.9794,E,1,10,0.77,-12.1,M,-6.8,M,,*73
$PAIRACC,3.75,8.46*40
$GNGLL,3900.0024,N,11613.9794,E,204256.000,A,A*4B
$GNGSA,A,3,29,24,27,16,,,,,,,,,1.35,0.77,1.11,1*08
$GNGSA,A,3,85,83,67,,,,,,,,,,1.35,0.77,1.11,2*03
$GNGSA,A,3,,,,,,,,,,,,,1.35,0.77,1.11,3*05
$GNGSA,A,3,05,07,03,,,,,,,,,,1.35,0.77,1.11,4*03
$GPGSV,3,1,12,08,02,044,,29,57,204,39.8,26,54,079,,24,72,057,39.6,1*64
$GPGSV,3,2,12,21,50,313,,18,34,256,,10,28,056,,27,12,070,39.8,1*7B
$GPGSV,3,3,12,16,08,301,39.5,22,03,248,,02,02,113,,15,64,117,,1*74
$GLGSV,2,1,06,85,16,328,40.0,68,39,062,,79,33,147,,83,18,217,40.1,1*75
$GLGSV,2,2,06,70,08,289,,67,07,086,39.7,1*69
$GAGSV,1,1,00,7*73
$GBGSV,3,1,12,09,04,184,,01,38,147,,08,31,168,,02,30,229,,1*72
$GBGSV,3,2,12,04,27,125,38.9,10,27,215,,06,24,166,,05,16,249,38.9,1*7D
$GBGSV,3,3,12,07,13,190,39.5,11,05,034,,13,04,033,,03,45,191,39.0,1*72
$GNRMC,204256.000,A,3900.0024,N,11613.9794,E,0.01,328.46,280612,,,A,V*03
$GNVTG,328.46,T,,M,0.01,N,0.02,K,A*2B
$GNZDA,204256.000,28,06,2012,,*42
$GNGGA,204257.000,3900.0024,N,11613.9794,E,1,11,0.72,-12.1,M,-6.8,M,,*76
$PAIRACC,3.75,8.50*47
$GNGLL,3900.0024,N,11613.9794,E,204257.000,A,A*4A
$GNGSA,A,3,29,24,27,16,,,,,,,,,1.33,0.72,1.11,1*0B
$GNGSA,A,3,85,83,67,,,,,,,,,,1.33,0.72,1.11,2*00
$GNGSA,A,3,,,,,,,,,,,,,1.33,0.72,1.11,3*06
$GNGSA,A,3,04,05,07,03,,,,,,,,,1.33,0.72,1.11,4*04
$GPGSV,3,1,12,08,02,044,,29,57,204,39.7,26,54,079,,24,72,057,39.5,1*68
$GPGSV,3,2,12,21,50,313,,18,34,256,,10,28,056,,27,12,070,39.8,1*7B
$GPGSV,3,3,12,16,08,301,39.7,22,03,248,,02,02,113,,15,64,117,,1*76
$GLGSV,2,1,06,85,16,328,39.5,68,39,062,,79,33,147,,83,18,217,40.3,1*7C
$GLGSV,2,2,06,70,08,289,,67,07,086,40.1,1*61
$GAGSV,1,1,00,7*73
$GBGSV,3,1,12,09,04,184,,01,38,147,,08,31,168,,02,30,229,,1*72
$GBGSV,3,2,12,04,27,125,38.6,10,27,215,,06,24,166,,05,16,249,38.7,1*7C
$GBGSV,3,3,12,07,13,190,38.6,11,05,034,,13,04,033,,03,45,191,38.1,1*70
$GNRMC,204257.000,A,3900.0024,N,11613.9794,E,0.01,324.02,280612,,,A,V*0E
$GNVTG,324.02,T,,M,0.01,N,0.02,K,A*27
$GNZDA,204257.000,28,06,2012,,*43
$GNGGA,204258.000,3900.0024,N,11613.9794,E,1,11,0.73,-12.1,M,-6.8,M,,*78
$PAIRACC,3.74,8.46*41
$GNGLL,3900.0024,N,11613.9794,E,204258.000,A,A*45
$GNGSA,A,3,29,24,27,16,,,,,,,,,1.33,0.73,1.11,1*0A
$GNGSA,A,3,85,83,67,,,,,,,,,,1.33,0.73,1.11,2*01
$GNGSA,A,3,,,,,,,,,,,,,1.33,0.73,1.11,3*07
$GNGSA,A,3,04,05,07,03,,,,,,,,,1.33,0.73,1.11,4*05
$GPGSV,3,1,12,08,02,044,,29,57,204,39.4,26,54,079,,24,72,057,39.8,1*66
$GPGSV,3,2,12,21,50,313,,18,34,256,,10,28,056,,27,12,070,39.7,1*74
$GPGSV,3,3,12,16,08,301,40.0,22,03,248,,02,02,113,,15,64,117,,1*7F
$GLGSV,2,1,06,85,16,328,39.9,68,39,062,,79,33,147,,83,18,217,39.7,1*7A
$GLGSV,2,2,06,70,08,289,,67,07,086,40.4,1*64
$GAGSV,1,1,00,7*73
$GBGSV,3,1,12,09,04,184,,01,38,147,,08,31,168,,02,30,229,,1*72
$GBGSV,3,2,12,04,27,125,38.2,10,27,215,,06,24,166,,05,16,249,38.9,1*76
$GBGSV,3,3,12,07,13,190,39.0,11,05,034,,13,04,033,,03,45,191,38.0,1*76
$GNRMC,204258.000,A,3900.0024,N,11613.9794,E,0.01,321.51,280612,,,A,V*02
$GNVTG,321.51,T,,M,0.01,N,0.02,K,A*24
$GNZDA,204258.000,28,06,2012,,*4C
$GNGGA,204259.000,3900.0024,N,11613.9794,E,1,11,0.72,-12.1,M,-6.8,M,,*78
$PAIRACC,3.71,8.43*41
$GNGLL,3900.0024,N,11613.9794,E,204259.000,A,A*44
$GNGSA,A,3,29,24,27,16,,,,,,,,,1.33,0.72,1.11,1*0B
$GNGSA,A,3,85,83,67,,,,,,,,,,1.33,0.72,1.11,2*00
$GNGSA,A,3,,,,,,,,,,,,,1.33,0.72,1.11,3*06
$GNGSA,A,3,04,05,07,03,,,,,,,,,1.33,0.72,1.11,4*04
$GPGSV,3,1,12,08,02,044,,29,57,204,39.6,26,54,079,,24,72,057,40.0,1*62
$GPGSV,3,2,12,21,50,313,,18,34,256,,10,28,056,,27,12,070,39.8,1*7B
$GPGSV,3,3,12,16,08,301,39.8,22,03,248,,02,02,113,,15,64,117,,1*79
$GLGSV,2,1,06,85,16,328,39.3,68,39,062,,79,33,147,,83,18,217,40.0,1*79
$GLGSV,2,2,06,70,08,289,,67,07,086,39.8,1*66
$GAGSV,1,1,00,7*73
$GBGSV,3,1,12,09,04,184,,01,38,147,,08,31,168,,02,30,229,,1*72
$GBGSV,3,2,12,04,27,125,38.6,10,27,215,,06,24,166,,05,16,249,38.9,1*72
$GBGSV,3,3,12,07,13,190,39.2,11,05,034,,13,04,033,,03,45,191,39.0,1*75
$GNRMC,204259.000,A,3900.0024,N,11613.9794,E,0.01,325.39,280612,,,A,V*09
$GNVTG,325.39,T,,M,0.01,N,0.02,K,A*2E
$GNZDA,204259.000,28,06,2012,,*4D
$GNGGA,204300.000,3900.0024,N,11613.9794,E,1,11,0.72,-12.1,M,-6.8,M,,*75
$PAIRACC,3.77,8.52*47
$GNGLL,3900.0024,N,11613.9794,E,204300.000,A,A*49
$GNGSA,A,3,29,24,27,16,,,,,,,,,1.33,0.72,1.11,1*0B
$GNGSA,A,3,85,83,67,,,,,,,,,,1.33,0.72,1.11,2*00
$GNGSA,A,3,,,,,,,,,,,,,1.33,0.72,1.11,3*06
$GNGSA,A,3,04,05,07,03,,,,,,,,,1.33,0.72,1.11,4*04
$GPGSV,3,1,12,08,02,044,,29,57,204,39.8,26,54,079,,24,72,057,39.7,1*65
$GPGSV,3,2,12,21,50,313,,18,34,256,,10,28,056,,27,12,070,39.5,1*76
$GPGSV,3,3,12,16,08,301,39.7,22,03,248,,02,02,113,,15,64,117,,1*76
$GLGSV,2,1,06,85,16,328,39.7,68,39,062,,79,33,147,,83,18,217,40.1,1*7C
$GLGSV,2,2,06,70,08,289,,67,07,086,40.2,1*62
$GAGSV,1,1,00,7*73
$GBGSV,3,1,12,09,04,184,,01,38,147,,08,31,168,,02,30,229,,1*72
$GBGSV,3,2,12,04,27,125,38.4,10,27,215,,06,24,166,,05,16,249,38.7,1*7E
$GBGSV,3,3,12,07,13,190,38.7,11,05,034,,13,04,033,,03,45,191,38.5,1*75
$GNRMC,204300.000,A,3900.0024,N,11613.9794,E,0.01,315.18,280612,,,A,V*04
$GNVTG,315.18,T,,M,0.01,N,0.02,K,A*2E
$GNZDA,204300.000,28,06,2012,,*40
$GNGGA,204301.000,3900.0023,N,11613.9794,E,1,11,0.72,-12.1,M,-6.8,M,,*73
$PAIRACC,3.78,8.93*45
$GNGLL,3900.0023,N,11613.9794,E,204301.000,A,A*4F
$GNGSA,A,3,29,24,27,16,,,,,,,,,1.33,0.72,1.11,1*0B
$GNGSA,A,3,85,83,67,,,,,,,,,,1.33,0.72,1.11,2*00
$GNGSA,A,3,,,,,,,,,,,,,1.33,0.72,1.11,3*06
$GNGSA,A,3,04,05,07,03,,,,,,,,,1.33,0.72,1.11,4*04
$GPGSV,3,1,12,08,02,044,,29,57,204,39.4,26,54,079,,24,72,057,39.5,1*6B
$GPGSV,3,2,12,21,50,313,,18,34,256,,10,28,056,,27,12,070,39.5,1*76
$GPGSV,3,3,12,16,08,301,39.3,22,03,248,,02,02,113,,15,64,117,,1*72
$GLGSV,2,1,06,85,16,328,39.7,68,39,062,,79,33,147,,83,18,217,39.9,1*7A
$GLGSV,2,2,06,70,08,289,,67,07,086,39.8,1*66
$GAGSV,1,1,00,7*73
$GBGSV,3,1,12,09,04,184,,01,38,147,,08,31,168,,02,30,229,,1*72
$GBGSV,3,2,12,04,27,125,38.4,10,27,215,,06,24,166,,05,16,249,38.5,1*7C
$GBGSV,3,3,12,07,13,190,39.1,11,05,034,,13,04,033,,03,45,191,37.9,1*71
$GNRMC,204301.000,A,3900.0023,N,11613.9794,E,0.01,320.45,280612,,,A,V*0C
$GNVTG,320.45,T,,M,0.01,N,0.02,K,A*20
$GNZDA,204301.000,28,06,2012,,*41
$GNGGA,204302.000,3900.0023,N,11613.9794,E,1,11,0.72,-12.1,M,-6.8,M,,*70
$PAIRACC,3.70,8.44*47
$GNGLL,3900.0023,N,11613.9794,E,204302.000,A,A*4C
$GNGSA,A,3,29,24,27,16,,,,,,,,,1.33,0.72,1.11,1*0B
$GNGSA,A,3,85,83,67,,,,,,,,,,1.33,0.72,1.11,2*00
$GNGSA,A,3,,,,,,,,,,,,,1.33,0.72,1.11,3*06
$GNGSA,A,3,04,05,07,03,,,,,,,,,1.33,0.72,1.11,4*04
$GPGSV,3,1,12,08,02,044,,29,57,204,39.5,26,54,079,,24,72,057,39.7,1*68
$GPGSV,3,2,12,21,50,313,,18,34,256,,10,28,056,,27,12,070,39.9,1*7A
$GPGSV,3,3,12,16,08,301,39.7,22,03,248,,02,02,113,,15,64,117,,1*76
$GLGSV,2,1,06,85,16,328,40.2,68,39,062,,79,33,147,,83,18,217,39.8,1*70
$GLGSV,2,2,06,70,08,289,,67,07,086,40.0,1*60
$GAGSV,1,1,00,7*73
$GBGSV,3,1,12,09,04,184,,01,38,147,,08,31,168,,02,30,229,,1*72
$GBGSV,3,2,12,04,27,125,38.8,10,27,215,,06,24,166,,05,16,249,38.8,1*7D
$GBGSV,3,3,12,07,13,190,39.5,11,05,034,,13,04,033,,03,45,191,38.9,1*7A
$GNRMC,204302.000,A,3900.0023,N,11613.9794,E,0.01,322.44,280612,,,A,V*0C
$GNVTG,322.44,T,,M,0.01,N,0.02,K,A*23
$GNZDA,204302.000,28,06,2012,,*42
$GNGGA,204303.000,3900.0023,N,11613.9794,E,1,11,0.72,-12.1,M,-6.8,M,,*71
$PAIRACC,3.75,8.80*4A
$GNGLL,3900.0023,N,11613.9794,E,204303.000,A,A*4D
$GNGSA,A,3,29,24,27,16,,,,,,,,,1.33,0.72,1.11,1*0B
$GNGSA,A,3,85,83,67,,,,,,,,,,1.33,0.72,1.11,2*00
$GNGSA,A,3,,,,,,,,,,,,,1.33,0.72,1.11,3*06
$GNGSA,A,3,04,05,07,03,,,,,,,,,1.33,0.72,1.11,4*04
$GPGSV,3,1,12,08,02,044,,29,57,204,39.5,26,54,079,,24,72,057,17.7,1*64
$GPGSV,3,2,12,21,50,313,,18,34,256,,10,28,056,,27,12,070,39.3,1*70
$GPGSV,3,3,12,16,08,301,39.8,22,03,248,,02,02,113,,15,64,117,,1*79
$GLGSV,2,1,06,85,16,328,39.7,68,39,062,,79,33,147,,83,18,217,40.0,1*7D
$GLGSV,2,2,06,70,08,289,,67,07,086,40.2,1*62
$GAGSV,1,1,00,7*73
$GBGSV,3,1,12,09,04,184,,01,38,147,,08,31,168,,02,30,229,,1*72
$GBGSV,3,2,12,04,27,125,38.1,10,27,215,,06,24,166,,05,16,249,38.6,1*7A
$GBGSV,3,3,12,07,13,190,38.8,11,05,034,,13,04,033,,03,45,191,38.0,1*7F
$GNRMC,204303.000,A,3900.0023,N,11613.9794,E,0.01,319.34,280612,,,A,V*02
$GNVTG,319.34,T,,M,0.01,N,0.02,K,A*2C
$GNZDA,204303.000,28,06,2012,,*43
$GNGGA,204304.000,3900.0023,N,11613.9793,E,1,11,0.72,-12.1,M,-6.8,M,,*71
$PAIRACC,3.74,9.24*44
$GNGLL,3900.0023,N,11613.9793,E,204304.000,A,A*4D
$GNGSA,A,3,29,24,27,16,,,,,,,,,1.33,0.72,1.11,1*0B
$GNGSA,A,3,85,83,67,,,,,,,,,,1.33,0.72,1.11,2*00
$GNGSA,A,3,,,,,,,,,,,,,1.33,0.72,1.11,3*06
$GNGSA,A,3,04,05,07,03,,,,,,,,,1.33,0.72,1.11,4*04
$GPGSV,3,1,12,08,02,044,,29,57,204,39.4,26,54,079,,24,72,057,12.3,1*64
$GPGSV,3,2,12,21,50,313,39.6,18,34,256,,10,28,056,,27,12,070,39.7,1*66
$GPGSV,3,3,12,16,08,301,39.3,22,03,248,,02,02,113,,15,64,117,,1*72
$GLGSV,2,1,06,85,16,328,39.9,68,39,062,,79,33,147,,83,18,217,39.6,1*7B
$GLGSV,2,2,06,70,08,289,,67,07,086,40.6,1*66
$GAGSV,1,1,00,7*73
$GBGSV,3,1,12,09,04,184,,01,38,147,,08,31,168,,02,30,229,,1*72
$GBGSV,3,2,12,04,27,125,38.1,10,27,215,,06,24,166,,05,16,249,39.0,1*7D
$GBGSV,3,3,12,07,13,190,38.9,11,05,034,,13,04,033,,03,45,191,37.9,1*78
$GNRMC,204304.000,A,3900.0023,N,11613.9793,E,0.01,318.24,280612,,,A,V*02
$GNVTG,318.24,T,,M,0.01,N,0.02,K,A*2C
$GNZDA,204304.000,28,06,2012,,*44
$GNGGA,204305.000,3900.0023,N,11613.9793,E,1,10,0.78,-12.1,M,-6.8,M,,*7B
$PAIRACC,3.73,9.22*45
$GNGLL,3900.0023,N,11613.9793,E,204305.000,A,A*4C
$GNGSA,A,3,29,27,16,,,,,,,,,,1.71,0.78,1.52,1*06
$GNGSA,A,3,85,83,67,,,,,,,,,,1.71,0.78,1.52,2*0B
$GNGSA,A,3,,,,,,,,,,,,,1.71,0.78,1.52,3*0D
$GNGSA,A,3,04,05,07,03,,,,,,,,,1.71,0.78,1.52,4*0F
$GPGSV,3,1,12,08,02,044,,29,57,204,39.6,26,54,079,,24,72,057,,1*78
$GPGSV,3,2,12,21,50,313,39.5,18,34,256,,10,28,056,,27,12,070,39.5,1*67
$GPGSV,3,3,12,16,08,301,39.8,22,03,248,,02,02,113,,15,64,117,,1*79
$GLGSV,2,1,06,85,16,328,40.1,68,39,062,,79,33,147,,83,18,217,39.4,1*7F
$GLGSV,2,2,06,70,08,289,,67,07,086,39.9,1*67
$GAGSV,1,1,00,7*73
$GBGSV,3,1,12,09,04,184,,01,38,147,,08,31,168,,02,30,229,,1*72
$GBGSV,3,2,12,04,27,125,38.8,10,27,215,,06,24,166,,05,16,249,39.1,1*75
$GBGSV,3,3,12,07,13,190,39.4,11,05,034,,13,04,033,,03,45,191,38.5,1*77
$GNRMC,204305.000,A,3900.0023,N,11613.9793,E,0.01,321.09,280612,,,A,V*06
$GNVTG,321.09,T,,M,0.01,N,0.02,K,A*29
$GNZDA,204305.000,28,06,2012,,*45
$GNGGA,204306.000,3900.0023,N,11613.9793,E,1,10,0.78,-12.1,M,-6.8,M,,*78
$PAIRACC,3.80,9.33*49
$GNGLL,3900.0023,N,11613.9793,E,204306.000,A,A*4F
$GNGSA,A,3,29,27,16,,,,,,,,,,1.71,0.78,1.52,1*06
$GNGSA,A,3,85,83,67,,,,,,,,,,1.71,0.78,1.52,2*0B
$GNGSA,A,3,,,,,,,,,,,,,1.71,0.78,1.52,3*0D
$GNGSA,A,3,04,05,07,03,,,,,,,,,1.71,0.78,1.52,4*0F
$GPGSV,3,1,12,08,02,044,,29,57,204,39.6,26,54,079,,24,72,057,,1*78
$GPGSV,3,2,12,21,50,313,39.2,18,34,256,,10,28,056,,27,12,070,39.6,1*63
$GPGSV,3,3,12,16,08,301,39.6,22,03,248,,02,02,113,,15,64,117,,1*77
$GLGSV,2,1,06,85,16,328,40.1,68,39,062,,79,33,147,,83,18,217,40.0,1*75
$GLGSV,2,2,06,70,08,289,,67,07,086,39.8,1*66
$GAGSV,1,1,00,7*73
$GBGSV,3,1,12,09,04,184,,01,38,147,,08,31,168,,02,30,229,,1*72
$GBGSV,3,2,12,04,27,125,38.4,10,27,215,,06,24,166,,05,16,249,38.8,1*71
$GBGSV,3,3,12,07,13,190,38.7,11,05,034,,13,04,033,,03,45,191,37.9,1*76
$GNRMC,204306.000,A,3900.0023,N,11613.9793,E,0.01,329.34,280612,,,A,V*03
$GNVTG,329.34,T,,M,0.01,N,0.02,K,A*2F
$GNZDA,204306.000,28,06,2012,,*46
$GNGGA,204307.000,3900.0023,N,11613.9793,E,1,10,0.78,-12.1,M,-6.8,M,,*79
$PAIRACC,3.73,9.22*45
$GNGLL,3900.0023,N,11613.9793,E,204307.000,A,A*4E
$GNGSA,A,3,29,27,16,,,,,,,,,,1.71,0.78,1.52,1*06
$GNGSA,A,3,85,83,67,,,,,,,,,,1.71,0.78,1.52,2*0B
$GNGSA,A,3,,,,,,,,,,,,,1.71,0.78,1.52,3*0D
$GNGSA,A,3,04,05,07,03,,,,,,,,,1.71,0.78,1.52,4*0F
$GPGSV,3,1,12,08,02,044,,29,57,204,39.3,26,54,079,,24,72,057,,1*7D
$GPGSV,3,2,12,21,50,313,39.8,18,34,256,,10,28,056,,27,12,070,39.4,1*6B
$GPGSV,3,3,12,16,08,301,39.7,22,03,248,,02,02,113,,15,64,117,,1*76
$GLGSV,2,1,06,85,16,328,40.0,68,39,062,,79,33,147,,83,18,217,39.9,1*73
$GLGSV,2,2,06,70,08,289,,67,07,086,40.2,1*62
$GAGSV,1,1,00,7*73
$GBGSV,3,1,12,09,04,184,,01,38,147,,08,31,168,,02,30,229,,1*72
$GBGSV,3,2,12,04,27,125,38.1,10,27,215,,06,24,166,,05,16,249,39.0,1*7D
$GBGSV,3,3,12,07,13,190,39.3,11,05,034,,13,04,033,,03,45,191,37.8,1*72
$GNRMC,204307.000,A,3900.0023,N,11613.9793,E,0.01,327.12,280612,,,A,V*08
$GNVTG,327.12,T,,M,0.01,N,0.02,K,A*25
$GNZDA,204307.000,28,06,2012,,*47
$GNGGA,204308.000,3900.0023,N,11613.9793,E,1,10,0.78,-12.1,M,-6.8,M,,*76
$PAIRACC,3.73,9.22*45
$GNGLL,3900.0023,N,11613.9793,E,204308.000,A,A*41
$GNGSA,A,3,29,27,16,,,,,,,,,,1.71,0.78,1.52,1*06
$GNGSA,A,3,85,83,67,,,,,,,,,,1.71,0.78,1.52,2*0B
$GNGSA,A,3,,,,,,,,,,,,,1.71,0.78,1.52,3*0D
$GNGSA,A,3,04,05,07,03,,,,,,,,,1.71,0.78,1.52,4*0F
$GPGSV,3,1,12,08,02,044,,29,57,204,39.6,26,54,079,,24,72,057,,1*78
$GPGSV,3,2,12,21,50,313,39.7,18,34,256,,10,28,056,,27,12,070,39.6,1*66
$GPGSV,3,3,12,16,08,301,39.5,22,03,248,,02,02,113,,15,64,117,,1*74
$GLGSV,2,1,06,85,16,328,40.2,68,39,062,,79,33,147,,83,18,217,40.1,1*77
$GLGSV,2,2,06,70,08,289,,67,07,086,40.0,1*60
$GAGSV,1,1,00,7*73
$GBGSV,3,1,12,09,04,184,,01,38,147,,08,31,168,,02,30,229,,1*72
$GBGSV,3,2,12,04,27,125,38.8,10,27,215,,06,24,166,,05,16,249,39.0,1*74
$GBGSV,3,3,12,07,13,190,39.7,11,05,034,,13,04,033,,03,45,191,38.9,1*78
$GNRMC,204308.000,A,3900.0023,N,11613.9793,E,0.01,329.62,280612,,,A,V*0E
$GNVTG,329.62,T,,M,0.01,N,0.02,K,A*2C
$GNZDA,204308.000,28,06,2012,,*48
$GNGGA,204309.000,3900.0023,N,11613.9793,E,1,10,0.78,-12.1,M,-6.8,M,,*77
$PAIRACC,3.76,9.29*4B
$GNGLL,3900.0023,N,11613.9793,E,204309.000,A,A*40
$GNGSA,A,3,29,27,16,,,,,,,,,,1.71,0.78,1.52,1*06
$GNGSA,A,3,85,83,67,,,,,,,,,,1.71,0.78,1.52,2*0B
$GNGSA,A,3,,,,,,,,,,,,,1.71,0.78,1.52,3*0D
$GNGSA,A,3,04,05,07,03,,,,,,,,,1.71,0.78,1.52,4*0F
$GPGSV,3,1,12,08,02,044,,29,57,204,39.8,26,54,079,,24,72,057,,1*76
$GPGSV,3,2,12,21,50,313,39.8,18,34,256,,10,28,056,,27,12,070,39.7,1*68
$GPGSV,3,3,12,16,08,301,39.5,22,03,248,,02,02,113,,15,64,117,,1*74
$GLGSV,2,1,06,85,16,328,39.9,68,39,062,,79,33,147,,83,18,217,40.1,1*72
$GLGSV,2,2,06,70,08,289,,67,07,086,39.8,1*66
$GAGSV,1,1,00,7*73
$GBGSV,3,1,12,09,04,184,,01,38,147,,08,31,168,,02,30,229,,1*72
$GBGSV,3,2,12,04,27,125,38.5,10,27,215,,06,24,166,,05,16,249,38.9,1*71
$GBGSV,3,3,12,07,13,190,39.0,11,05,034,,13,04,033,,03,45,191,38.0,1*76
$GNRMC,204309.000,A,3900.0023,N,11613.9793,E,0.01,327.05,280612,,,A,V*00
$GNVTG,327.05,T,,M,0.01,N,0.02,K,A*23
$GNZDA,204309.000,28,06,2012,,*49
$GNGGA,204310.000,3900.0023,N,11613.9793,E,1,10,0.78,-12.1,M,-6.8,M,,*7F
$PAIRACC,3.73,9.23*44
$GNGLL,3900.0023,N,11613.9793,E,204310.000,A,A*48
$GNGSA,A,3,29,27,16,,,,,,,,,,1.71,0.78,1.52,1*06
$GNGSA,A,3,85,83,67,,,,,,,,,,1.71,0.78,1.52,2*0B
$GNGSA,A,3,,,,,,,,,,,,,1.71,0.78,1.52,3*0D
$GNGSA,A,3,04,05,07,03,,,,,,,,,1.71,0.78,1.52,4*0F
$GPGSV,3,1,12,08,02,044,,29,57,204,39.1,26,54,079,,24,72,057,,1*7F
$GPGSV,3,2,12,21,50,313,39.5,18,34,256,,10,28,056,,27,12,070,39.6,1*64
$GPGSV,3,3,12,16,08,301,39.7,22,03,248,,02,02,113,,15,64,117,,1*76
$GLGSV,2,1,06,85,16,328,39.8,68,39,062,,79,33,147,,83,18,217,39.7,1*7B
$GLGSV,2,2,06,70,08,289,,67,07,086,39.9,1*67
$GAGSV,1,1,00,7*73
$GBGSV,3,1,12,09,04,184,,01,38,147,,08,31,168,,02,30,229,,1*72
$GBGSV,3,2,12,04,27,125,38.1,10,27,215,,06,24,166,,05,16,249,38.7,1*7B
$GBGSV,3,3,12,07,13,190,38.8,11,05,034,,13,04,033,,03,45,191,37.9,1*79
$GNRMC,204310.000,A,3900.0023,N,11613.9793,E,0.01,327.13,280612,,,A,V*0F
$GNVTG,327.13,T,,M,0.01,N,0.02,K,A*24
$GNZDA,204310.000,28,06,2012,,*41
$GNGGA,204311.000,3900.0023,N,11613.9793,E,1,10,0.78,-12.1,M,-6.8,M,,*7E
$PAIRACC,3.72,9.21*47
$GNGLL,3900.0023,N,11613.9793,E,204311.000,A,A*49
$GNGSA,A,3,29,27,16,,,,,,,,,,1.71,0.78,1.52,1*06
$GNGSA,A,3,85,83,67,,,,,,,,,,1.71,0.78,1.52,2*0B
$GNGSA,A,3,,,,,,,,,,,,,1.71,0.78,1.52,3*0D
$GNGSA,A,3,04,05,07,03,,,,,,,,,1.71,0.78,1.52,4*0F
$GPGSV,3,1,12,08,02,044,,29,57,204,39.8,26,54,079,,24,72,057,,1*76
$GPGSV,3,2,12,21,50,313,39.2,18,34,256,,10,28,056,,27,12,070,39.8,1*6D
$GPGSV,3,3,12,16,08,301,39.5,22,03,248,,02,02,113,,15,64,117,,1*74
$GLGSV,2,1,06,85,16,328,40.1,68,39,062,,79,33,147,,83,18,217,39.8,1*73
$GLGSV,2,2,06,70,08,289,,67,07,086,39.9,1*67
$GAGSV,1,1,00,7*73
$GBGSV,3,1,12,09,04,184,,01,38,147,,08,31,168,,02,30,229,,1*72
$GBGSV,3,2,12,04,27,125,38.7,10,27,215,,06,24,166,,05,16,249,39.2,1*79
$GBGSV,3,3,12,07,13,190,39.2,11,05,034,,13,04,033,,03,45,191,38.8,1*7C
$GNRMC,204311.000,A,3900.0023,N,11613.9793,E,0.01,329.33,280612,,,A,V*02
$GNVTG,329.33,T,,M,0.01,N,0.02,K,A*28
$GNZDA,204311.000,28,06,2012,,*40
$GNGGA,204312.000,3900.0023,N,11613.9793,E,1,10,0.78,-12.1,M,-6.8,M,,*7D
$PAIRACC,3.75,9.28*49
$GNGLL,3900.0023,N,11613.9793,E,204312.000,A,A*4A
$GNGSA,A,3,29,27,16,,,,,,,,,,1.71,0.78,1.52,1*06
$GNGSA,A,3,85,83,67,,,,,,,,,,1.71,0.78,1.52,2*0B
$GNGSA,A,3,,,,,,,,,,,,,1.71,0.78,1.52,3*0D
$GNGSA,A,3,04,05,07,03,,,,,,,,,1.71,0.78,1.52,4*0F
$GPGSV,3,1,12,08,02,044,,29,57,204,39.8,26,54,079,,24,72,057,,1*76
$GPGSV,3,2,12,21,50,313,39.8,18,34,256,,10,28,056,,27,12,070,39.4,1*6B
$GPGSV,3,3,12,16,08,301,39.6,22,03,248,,02,02,113,,15,64,117,,1*77
$GLGSV,2,1,06,85,16,328,39.5,68,39,062,,79,33,147,,83,18,217,39.9,1*78
$GLGSV,2,2,06,70,08,289,,67,07,086,40.2,1*62
$GAGSV,1,1,00,7*73
$GBGSV,3,1,12,09,04,184,,01,38,147,,08,31,168,,02,30,229,,1*72
$GBGSV,3,2,12,04,27,125,38.3,10,27,215,,06,24,166,,05,16,249,38.8,1*76
$GBGSV,3,3,12,07,13,190,38.7,11,05,034,,13,04,033,,03,45,191,38.1,1*71
$GNRMC,204312.000,A,3900.0023,N,11613.9793,E,0.01,325.51,280612,,,A,V*09
$GNVTG,325.51,T,,M,0.01,N,0.02,K,A*20
$GNZDA,204312.000,28,06,2012,,*43
$GNGGA,204313.000,3900.0023,N,11613.9793,E,1,10,0.78,-12.1,M,-6.8,M,,*7C
$PAIRACC,3.72,9.21*47
$GNGLL,3900.0023,N,11613.9793,E,204313.000,A,A*4B
$GNGSA,A,3,29,27,16,,,,,,,,,,1.71,0.78,1.52,1*06
$GNGSA,A,3,85,83,67,,,,,,,,,,1.71,0.78,1.52,2*0B
$GNGSA,A,3,,,,,,,,,,,,,1.71,0.78,1.52,3*0D
$GNGSA,A,3,04,05,07,03,,,,,,,,,1.71,0.78,1.52,4*0F
$GPGSV,3,1,12,08,02,044,,29,57,204,39.6,26,54,079,,24,72,057,,1*78
$GPGSV,3,2,12,21,50,313,39.6,18,34,256,,10,28,056,,27,12,070,39.6,1*67
$GPGSV,3,3,12,16,08,301,39.4,22,03,248,,02,02,113,,15,64,117,,1*75
$GLGSV,2,1,06,85,16,328,39.8,68,39,062,,79,33,147,,83,18,217,39.8,1*74
$GLGSV,2,2,06,70,08,289,,67,07,086,40.3,1*63
$GAGSV,1,1,00,7*73
$GBGSV,3,1,12,09,04,184,,01,38,147,,08,31,168,,02,30,229,,1*72
$GBGSV,3,2,12,04,27,125,38.5,10,27,215,,06,24,166,,05,16,249,39.0,1*79
$GBGSV,3,3,12,07,13,190,39.2,11,05,034,,13,04,033,,03,45,191,38.0,1*74
$GNRMC,204313.000,A,3900.0023,N,11613.9793,E,0.01,336.04,280612,,,A,V*0A
$GNVTG,336.04,T,,M,0.01,N,0.02,K,A*22
$GNZDA,204313.000,28,06,2012,,*42
$GNGGA,204314.000,3900.0023,N,11613.9793,E,1,10,0.78,-12.1,M,-6.8,M,,*7B
$PAIRACC,3.71,9.20*45
$GNGLL,3900.0023,N,11613.9793,E,204314.000,A,A*4C
$GNGSA,A,3,29,27,16,,,,,,,,,,1.71,0.78,1.52,1*06
$GNGSA,A,3,85,83,67,,,,,,,,,,1.71,0.78,1.52,2*0B
$GNGSA,A,3,,,,,,,,,,,,,1.71,0.78,1.52,3*0D
$GNGSA,A,3,04,05,07,03,,,,,,,,,1.71,0.78,1.52,4*0F
$GPGSV,3,1,12,08,02,044,,29,57,204,39.3,26,54,079,,24,72,057,,1*7D
$GPGSV,3,2,12,21,50,313,39.0,18,34,256,,10,28,056,,27,12,070,39.3,1*64
$GPGSV,3,3,12,16,08,301,39.8,22,03,248,,02,02,113,,15,64,117,,1*79
$GLGSV,2,1,06,85,16,328,40.0,68,39,062,,79,33,147,,83,18,217,40.2,1*76
$GLGSV,2,2,06,70,08,289,,67,07,086,39.9,1*67
$GAGSV,1,1,00,7*73
$GBGSV,3,1,12,09,04,184,,01,38,147,,08,31,168,,02,30,229,,1*72
$GBGSV,3,2,12,04,27,125,39.0,10,27,215,,06,24,166,,05,16,249,39.0,1*7D
$GBGSV,3,3,12,07,13,190,39.5,11,05,034,,13,04,033,,03,45,191,39.0,1*72
$GNRMC,204314.000,A,3900.0023,N,11613.9793,E,0.01,329.71,280612,,,A,V*01
$GNVTG,329.71,T,,M,0.01,N,0.02,K,A*2E
$GNZDA,204314.000,28,06,2012,,*45
$GNGGA,204315.000,3900.0023,N,11613.9793,E,1,10,0.78,-12.1,M,-6.8,M,,*7A
$PAIRACC,3.71,9.20*45
$GNGLL,3900.0023,N,11613.9793,E,204315.000,A,A*4D
$GNGSA,A,3,29,27,16,,,,,,,,,,1.71,0.78,1.52,1*06
$GNGSA,A,3,85,83,67,,,,,,,,,,1.71,0.78,1.52,2*0B
$GNGSA,A,3,,,,,,,,,,,,,1.71,0.78,1.52,3*0D
$GNGSA,A,3,04,05,07,03,,,,,,,,,1.71,0.78,1.52,4*0F
$GPGSV,3,1,12,08,02,044,,29,57,204,39.2,26,54,079,,24,72,057,,1*7C
$GPGSV,3,2,12,21,50,313,39.6,18,34,256,,10,28,056,,27,12,070,39.3,1*62
$GPGSV,3,3,12,16,08,301,39.2,22,03,248,,02,02,113,,15,64,117,,1*73
$GLGSV,2,1,06,85,16,328,39.8,68,39,062,,79,33,147,,83,18,217,39.9,1*75
$GLGSV,2,2,06,70,08,289,,67,07,086,40.0,1*60
$GAGSV,1,1,00,7*73
$GBGSV,3,1,12,09,04,184,,01,38,147,,08,31,168,,02,30,229,,1*72
$GBGSV,3,2,12,04,27,125,38.3,10,27,215,,06,24,166,,05,16,249,38.6,1*78
$GBGSV,3,3,12,07,13,190,39.8,11,05,034,,13,04,033,,03,45,191,37.9,1*78
$GNRMC,204315.000,A,3900.0023,N,11613.9793,E,0.01,325.18,280612,,,A,V*03
$GNVTG,325.18,T,,M,0.01,N,0.02,K,A*2D
$GNZDA,204315.000,28,06,2012,,*44
$GNGGA,204316.000,3900.0023,N,11613.9793,E,1,10,0.78,-12.1,M,-6.8,M,,*79
$PAIRACC,3.74,9.27*47
$GNGLL,3900.0023,N,11613.9793,E,204316.000,A,A*4E
$GNGSA,A,3,29,27,16,,,,,,,,,,1.71,0.78,1.52,1*06
$GNGSA,A,3,85,83,67,,,,,,,,,,1.71,0.78,1.52,2*0B
$GNGSA,A,3,,,,,,,,,,,,,1.71,0.78,1.52,3*0D
$GNGSA,A,3,04,05,07,03,,,,,,,,,1.71,0.78,1.52,4*0F
$GPGSV,3,1,12,08,02,044,,29,57,204,39.4,26,54,079,,24,72,057,,1*7A
$GPGSV,3,2,12,21,50,313,39.8,18,34,256,,10,28,056,,27,12,070,39.3,1*6C
$GPGSV,3,3,12,16,08,301,39.6,22,03,248,,02,02,113,,15,64,117,,1*77
$GLGSV,2,1,06,85,16,328,40.2,68,39,062,,79,33,147,,83,18,217,39.9,1*71
$GLGSV,2,2,06,70,08,289,,67,07,086,40.1,1*61
$GAGSV,1,1,00,7*73
$GBGSV,3,1,12,09,04,184,,01,38,147,,08,31,168,,02,30,229,,1*72
$GBGSV,3,2,12,04,27,125,38.3,10,27,215,,06,24,166,,05,16,249,38.8,1*76
$GBGSV,3,3,12,07,13,190,38.9,11,05,034,,13,04,033,,03,45,191,37.5,1*74
$GNRMC,204316.000,A,3900.0023,N,11613.9793,E,0.01,323.76,280612,,,A,V*0E
$GNVTG,323.76,T,,M,0.01,N,0.02,K,A*23
$GNZDA,204316.000,28,06,2012,,*47
$GNGGA,204317.000,3900.0023,N,11613.9793,E,1,10,0.78,-12.1,M,-6.8,M,,*78
$PAIRACC,3.71,9.20*45
$GNGLL,3900.0023,N,11613.9793,E,204317.000,A,A*4F
$GNGSA,A,3,29,27,16,,,,,,,,,,1.71,0.78,1.52,1*06
$GNGSA,A,3,85,83,67,,,,,,,,,,1.71,0.78,1.52,2*0B
$GNGSA,A,3,,,,,,,,,,,,,1.71,0.78,1.52,3*0D
$GNGSA,A,3,04,05,07,03,,,,,,,,,1.71,0.78,1.52,4*0F
$GPGSV,3,1,12,08,02,044,,29,57,204,39.3,26,54,079,,24,72,057,,1*7D
$GPGSV,3,2,12,21,50,313,39.4,18,34,256,,10,28,056,,27,12,070,39.6,1*65
$GPGSV,3,3,12,16,08,301,39.7,22,03,248,,02,02,113,,15,64,117,,1*76
$GLGSV,2,1,06,85,16,328,40.2,68,39,062,,79,33,147,,83,18,217,39.4,1*7C
$GLGSV,2,2,06,70,08,289,,67,07,086,39.9,1*67
$GAGSV,1,1,00,7*73
$GBGSV,3,1,12,09,04,184,,01,38,147,,08,31,168,,02,30,229,,1*72
$GBGSV,3,2,12,04,27,125,38.7,10,27,215,,06,24,166,,05,16,249,39.3,1*78
$GBGSV,3,3,12,07,13,190,39.5,11,05,034,,13,04,033,,03,45,191,39.2,1*70
$GNRMC,204317.000,A,3900.0023,N,11613.9793,E,0.01,318.54,280612,,,A,V*07
$GNVTG,318.54,T,,M,0.01,N,0.02,K,A*2B
$GNZDA,204317.000,28,06,2012,,*46
$GNGGA,204318.000,3900.0023,N,11613.9793,E,1,10,0.78,-12.0,M,-6.8,M,,*76
$PAIRACC,3.87,9.56*4D
$GNGLL,3900.0023,N,11613.9793,E,204318.000,A,A*40
$GNGSA,A,3,29,27,16,,,,,,,,,,1.71,0.78,1.52,1*06
$GNGSA,A,3,85,83,67,,,,,,,,,,1.71,0.78,1.52,2*0B
$GNGSA,A,3,,,,,,,,,,,,,1.71,0.78,1.52,3*0D
$GNGSA,A,3,04,05,07,03,,,,,,,,,1.71,0.78,1.52,4*0F
$GPGSV,3,1,12,08,02,044,,29,57,204,39.2,26,54,079,,24,72,057,,1*7C
$GPGSV,3,2,12,21,50,313,39.4,18,34,256,,10,28,056,,27,12,070,39.1,1*62
$GPGSV,3,3,12,16,08,301,39.6,22,03,248,,02,02,113,,15,64,117,,1*77
$GLGSV,2,1,06,85,16,328,40.1,68,39,062,,79,33,147,,83,18,217,40.1,1*74
$GLGSV,2,2,06,70,08,289,,67,07,086,40.1,1*61
$GAGSV,1,1,00,7*73
$GBGSV,3,1,12,09,04,184,,01,38,147,,08,31,168,,02,30,229,,1*72
$GBGSV,3,2,12,04,27,125,38.4,10,27,215,,06,24,166,,05,16,249,38.9,1*70
$GBGSV,3,3,12,07,13,190,39.8,11,05,034,,13,04,033,,03,45,191,38.0,1*7E
$GNRMC,204318.000,A,3900.0023,N,11613.9793,E,0.01,315.11,280612,,,A,V*04
$GNVTG,315.11,T,,M,0.01,N,0.02,K,A*27
$GNZDA,204318.000,28,06,2012,,*49
$GNGGA,204319.000,3900.0023,N,11613.9793,E,1,10,0.78,-12.0,M,-6.8,M,,*77
$PAIRACC,3.72,9.21*47
$GNGLL,3900.0023,N,11613.9793,E,204319.000,A,A*41
$GNGSA,A,3,29,27,16,,,,,,,,,,1.71,0.78,1.52,1*06
$GNGSA,A,3,85,83,67,,,,,,,,,,1.71,0.78,1.52,2*0B
$GNGSA,A,3,,,,,,,,,,,,,1.71,0.78,1.52,3*0D
$GNGSA,A,3,04,05,07,03,,,,,,,,,1.71,0.78,1.52,4*0F
$GPGSV,3,1,12,08,02,044,,29,57,204,39.5,26,54,079,,24,72,057,,1*7B
$GPGSV,3,2,12,21,50,313,39.5,18,34,256,,10,28,056,,27,12,070,39.5,1*67
$GPGSV,3,3,12,16,08,301,39.8,22,03,248,,02,02,113,,15,64,117,,1*79
$GLGSV,2,1,06,85,16,328,40.0,68,39,062,,79,33,147,,83,18,217,39.6,1*7C
$GLGSV,2,2,06,70,08,289,,67,07,086,40.2,1*62
$GAGSV,1,1,00,7*73
$GBGSV,3,1,12,09,04,184,,01,38,147,,08,31,168,,02,30,229,,1*72
$GBGSV,3,2,12,04,27,125,38.8,10,27,215,,06,24,166,,05,16,249,39.0,1*74
$GBGSV,3,3,12,07,13,190,38.7,11,05,034,,13,04,033,,03,45,191,38.1,1*71
$GNRMC,204319.000,A,3900.0023,N,11613.9793,E,0.01,313.22,280612,,,A,V*03
$GNVTG,313.22,T,,M,0.01,N,0.02,K,A*21
$GNZDA,204319.000,28,06,2012,,*48
$GNGGA,204320.000,3900.0023,N,11613.9793,E,1,10,0.78,-12.0,M,-6.8,M,,*7D
$PAIRACC,3.79,9.34*48
$GNGLL,3900.0023,N,11613.9793,E,204320.000,A,A*4B
$GNGSA,A,3,29,27,16,,,,,,,,,,1.71,0.78,1.52,1*06
$GNGSA,A,3,85,83,67,,,,,,,,,,1.71,0.78,1.52,2*0B
$GNGSA,A,3,,,,,,,,,,,,,1.71,0.78,1.52,3*0D
$GNGSA,A,3,04,05,07,03,,,,,,,,,1.71,0.78,1.52,4*0F
$GPGSV,3,1,12,08,02,044,,29,57,204,39.9,26,54,079,,24,72,057,,1*77
$GPGSV,3,2,12,21,50,313,39.5,18,34,256,,10,28,056,,27,12,070,40.0,1*6C
$GPGSV,3,3,12,16,08,301,39.6,22,03,248,,02,02,113,,15,64,117,,1*77
$GLGSV,2,1,06,85,16,328,40.0,68,39,062,,79,33,147,,83,18,217,39.9,1*73
$GLGSV,2,2,06,70,08,289,,67,07,086,40.1,1*61
$GAGSV,1,1,00,7*73
$GBGSV,3,1,12,09,04,184,,01,38,147,,08,31,168,,02,30,229,,1*72
$GBGSV,3,2,12,04,27,125,38.5,10,27,215,,06,24,166,,05,16,249,38.8,1*70
$GBGSV,3,3,12,07,13,190,38.7,11,05,034,,13,04,033,,03,45,191,38.8,1*78
$GNRMC,204320.000,A,3900.0023,N,11613.9793,E,0.01,314.16,280612,,,A,V*09
$GNVTG,314.16,T,,M,0.01,N,0.02,K,A*21
$GNZDA,204320.000,28,06,2012,,*42
$GNGGA,204321.000,3900.0023,N,11613.9793,E,1,10,0.78,-12.0,M,-6.8,M,,*7C
$PAIRACC,3.75,9.42*45
$GNGLL,3900.0023,N,11613.9793,E,204321.000,A,A*4A
$GNGSA,A,3,29,27,16,,,,,,,,,,1.71,0.78,1.52,1*06
$GNGSA,A,3,85,83,67,,,,,,,,,,1.71,0.78,1.52,2*0B
$GNGSA,A,3,,,,,,,,,,,,,1.71,0.78,1.52,3*0D
$GNGSA,A,3,04,05,07,03,,,,,,,,,1.71,0.78,1.52,4*0F
$GPGSV,3,1,12,08,02,044,,29,57,204,39.6,26,54,079,,24,72,057,,1*78
$GPGSV,3,2,12,21,50,313,39.5,18,34,256,,10,28,056,,27,12,070,39.8,1*6A
$GPGSV,3,3,12,16,08,301,39.8,22,03,248,,02,02,113,,15,64,117,,1*79
$GLGSV,2,1,06,85,16,328,40.1,68,39,062,,79,33,147,,83,18,217,39.4,1*7F
$GLGSV,2,2,06,70,08,289,,67,06,087,40.0,1*60
$GAGSV,1,1,00,7*73
$GBGSV,3,1,12,09,04,184,,01,38,147,,08,31,168,,02,30,229,,1*72
$GBGSV,3,2,12,04,27,125,38.1,10,27,215,,06,24,166,,05,16,249,39.0,1*7D
$GBGSV,3,3,12,07,13,190,39.8,11,05,034,,13,04,033,,03,45,191,38.3,1*7D
$GNRMC,204321.000,A,3900.0023,N,11613.9793,E,0.01,321.33,280612,,,A,V*09
$GNVTG,321.33,T,,M,0.01,N,0.02,K,A*20
$GNZDA,204321.000,28,06,2012,,*43
$GNGGA,204322.000,3900.0023,N,11613.9793,E,1,10,0.78,-12.0,M,-6.8,M,,*7F
$PAIRACC,3.77,9.30*42
$GNGLL,3900.0023,N,11613.9793,E,204322.000,A,A*49
$GNGSA,A,3,29,27,16,,,,,,,,,,1.71,0.78,1.52,1*06
$GNGSA,A,3,85,83,67,,,,,,,,,,1.71,0.78,1.52,2*0B
$GNGSA,A,3,,,,,,,,,,,,,1.71,0.78,1.52,3*0D
$GNGSA,A,3,04,05,07,03,,,,,,,,,1.71,0.78,1.52,4*0F
$GPGSV,3,1,12,08,02,044,,29,57,204,39.2,26,54,079,,24,72,057,,1*7C
$GPGSV,3,2,12,21,50,313,39.4,18,34,256,,10,28,056,,27,12,070,39.5,1*66
$GPGSV,3,3,12,16,08,301,39.8,22,03,248,,02,02,113,,15,64,117,,1*79
$GLGSV,2,1,06,85,16,328,39.9,68,38,064,,79,33,147,,83,18,217,39.8,1*72
$GLGSV,2,2,06,70,08,289,,67,06,087,40.3,1*63
$GAGSV,1,1,00,7*73
$GBGSV,3,1,12,09,04,184,,01,38,147,,08,31,168,,02,30,229,,1*72
$GBGSV,3,2,12,04,27,125,38.2,10,27,215,,06,24,166,,05,16,249,38.7,1*78
$GBGSV,3,3,12,07,13,190,38.6,11,05,034,,13,04,033,,03,45,191,38.2,1*73
$GNRMC,204322.000,A,3900.0023,N,11613.9793,E,0.01,317.29,280612,,,A,V*04
$GNVTG,317.29,T,,M,0.01,N,0.02,K,A*2E
$GNZDA,204322.000,28,06,2012,,*40
$GNGGA,204323.000,3900.0023,N,11613.9793,E,1,10,0.78,-12.0,M,-6.8,M,,*7E
$PAIRACC,3.72,9.21*47
$GNGLL,3900.0023,N,11613.9793,E,204323.000,A,A*48
$GNGSA,A,3,29,27,16,,,,,,,,,,1.71,0.78,1.52,1*06
$GNGSA,A,3,85,83,67,,,,,,,,,,1.71,0.78,1.52,2*0B
$GNGSA,A,3,,,,,,,,,,,,,1.71,0.78,1.52,3*0D
$GNGSA,A,3,04,05,07,03,,,,,,,,,1.71,0.78,1.52,4*0F
$GPGSV,3,1,12,08,02,044,,29,57,204,39.8,26,54,079,,24,72,057,,1*76
$GPGSV,3,2,12,21,50,313,39.5,18,34,256,,10,28,056,,27,12,070,39.2,1*60
$GPGSV,3,3,12,16,08,301,39.7,22,03,248,,02,02,113,,15,64,117,,1*76
$GLGSV,2,1,06,85,16,328,39.8,68,38,064,,79,33,147,,83,18,217,39.6,1*7D
$GLGSV,2,2,06,70,08,289,,67,06,087,40.1,1*61
$GAGSV,1,1,00,7*73
$GBGSV,3,1,12,09,04,184,,01,38,147,,08,31,168,,02,30,229,,1*72
$GBGSV,3,2,12,04,27,125,38.9,10,27,215,,06,24,166,,05,16,249,38.8,1*7C
$GBGSV,3,3,12,07,13,190,38.8,11,05,034,,13,04,033,,03,45,191,38.3,1*7C
$GNRMC,204323.000,A,3900.0023,N,11613.9793,E,0.01,319.75,280612,,,A,V*02
$GNVTG,319.75,T,,M,0.01,N,0.02,K,A*29
$GNZDA,204323.000,28,06,2012,,*41
$GNGGA,204324.000,3900.0023,N,11613.9793,E,1,10,0.78,-12.0,M,-6.8,M,,*79
$PAIRACC,3.71,9.20*45
$GNGLL,3900.0023,N,11613.9793,E,204324.000,A,A*4F
$GNGSA,A,3,29,27,16,,,,,,,,,,1.71,0.78,1.52,1*06
$GNGSA,A,3,85,83,67,,,,,,,,,,1.71,0.78,1.52,2*0B
$GNGSA,A,3,,,,,,,,,,,,,1.71,0.78,1.52,3*0D
$GNGSA,A,3,04,05,07,03,,,,,,,,,1.71,0.78,1.52,4*0F
$GPGSV,3,1,12,08,02,044,,29,57,204,39.8,26,54,079,,24,72,057,,1*76
$GPGSV,3,2,12,21,50,313,39.5,18,34,256,,10,28,056,,27,12,070,39.4,1*66
$GPGSV,3,3,12,16,08,301,39.2,22,03,248,,02,02,113,,15,64,117,,1*73
$GLGSV,2,1,06,85,16,328,39.5,68,38,064,,79,33,147,,83,18,217,40.1,1*79
$GLGSV,2,2,06,70,09,290,,67,06,087,40.0,1*69
$GAGSV,1,1,00,7*73
$GBGSV,3,1,12,09,04,184,,01,38,147,,08,31,168,,02,30,229,,1*72
$GBGSV,3,2,12,04,27,125,38.5,10,27,215,,06,24,166,,05,16,249,38.8,1*70
$GBGSV,3,3,12,07,13,190,39.8,11,05,034,,13,04,033,,03,45,191,38.2,1*7C
$GNRMC,204324.000,A,3900.0023,N,11613.9793,E,0.01,322.64,280612,,,A,V*0D
$GNVTG,322.64,T,,M,0.01,N,0.02,K,A*21
$GNZDA,204324.000,28,06,2012,,*46
$GNGGA,204325.000,3900.0022,N,11613.9793,E,1,10,0.78,-12.0,M,-6.8,M,,*79
$PAIRACC,3.74,9.26*46
$GNGLL,3900.0022,N,11613.9793,E,204325.000,A,A*4F
$GNGSA,A,3,29,27,16,,,,,,,,,,1.71,0.78,1.52,1*06
$GNGSA,A,3,85,83,67,,,,,,,,,,1.71,0.78,1.52,2*0B
$GNGSA,A,3,,,,,,,,,,,,,1.71,0.78,1.52,3*0D
$GNGSA,A,3,04,05,07,03,,,,,,,,,1.71,0.78,1.52,4*0F
$GPGSV,3,1,12,08,02,044,,29,57,204,39.4,26,54,079,,24,72,057,,1*7A
$GPGSV,3,2,12,21,50,313,39.3,18,34,256,,10,28,056,,27,12,070,39.8,1*6C
$GPGSV,3,3,12,16,08,301,39.8,22,03,248,,02,02,113,,15,64,117,,1*79
$GLGSV,2,1,06,85,16,328,39.8,68,38,064,,79,33,147,,83,18,217,39.8,1*73
$GLGSV,2,2,06,70,09,290,,67,06,087,40.1,1*68
$GAGSV,1,1,00,7*73
$GBGSV,3,1,12,09,04,184,,01,38,147,,08,31,168,,02,30,229,,1*72
$GBGSV,3,2,12,04,27,125,38.3,10,27,215,,06,24,166,,05,16,249,38.8,1*76
$GBGSV,3,3,12,07,13,190,38.8,11,05,034,,13,04,033,,03,45,191,37.9,1*79
$GNRMC,204325.000,A,3900.0022,N,11613.9793,E,0.01,330.78,280612,,,A,V*03
$GNVTG,330.78,T,,M,0.01,N,0.02,K,A*2F
$GNZDA,204325.000,28,06,2012,,*47
$GNGGA,204326.000,3900.0022,N,11613.9793,E,1,10,0.78,-12.0,M,-6.8,M,,*7A
$PAIRACC,3.70,9.19*4E
$GNGLL,3900.0022,N,11613.9793,E,204326.000,A,A*4C
$GNGSA,A,3,29,27,16,,,,,,,,,,1.71,0.78,1.52,1*06
$GNGSA,A,3,85,83,67,,,,,,,,,,1.71,0.78,1.52,2*0B
$GNGSA,A,3,,,,,,,,,,,,,1.71,0.78,1.52,3*0D
$GNGSA,A,3,04,05,07,03,,,,,,,,,1.71,0.78,1.52,4*0F
$GPGSV,3,1,12,08,02,044,,29,57,204,39.3,26,54,079,,24,72,057,,1*7D
$GPGSV,3,2,12,21,50,313,39.7,18,34,256,,10,28,056,,27,12,070,39.5,1*65
$GPGSV,3,3,12,16,08,301,39.7,22,03,248,,02,02,113,,15,64,117,,1*76
$GLGSV,2,1,06,85,16,328,40.0,68,38,064,,79,33,147,,83,18,217,39.8,1*75
$GLGSV,2,2,06,70,09,290,,67,06,087,40.5,1*6C
$GAGSV,1,1,00,7*73
$GBGSV,3,1,12,09,04,184,,01,38,147,,08,31,168,,02,30,229,,1*72
$GBGSV,3,2,12,04,27,125,39.0,10,27,215,,06,24,166,,05,16,249,38.8,1*74
$GBGSV,3,3,12,07,13,190,39.5,11,05,034,,13,04,033,,03,45,191,39.0,1*72
$GNRMC,204326.000,A,3900.0022,N,11613.9793,E,0.01,323.86,280612,,,A,V*03
$GNVTG,323.86,T,,M,0.01,N,0.01,K,A*2F
$GNZDA,204326.000,28,06,2012,,*44
$GNGGA,204327.000,3900.0022,N,11613.9793,E,1,10,0.78,-12.0,M,-6.8,M,,*7B
$PAIRACC,3.77,9.29*4A
$GNGLL,3900.0022,N,11613.9793,E,204327.000,A,A*4D
$GNGSA,A,3,29,27,16,,,,,,,,,,1.71,0.78,1.52,1*06
$GNGSA,A,3,85,83,67,,,,,,,,,,1.71,0.78,1.52,2*0B
$GNGSA,A,3,,,,,,,,,,,,,1.71,0.78,1.52,3*0D
$GNGSA,A,3,04,05,07,03,,,,,,,,,1.71,0.78,1.52,4*0F
$GPGSV,3,1,12,08,02,044,,29,57,204,39.4,26,54,079,,24,72,057,,1*7A
$GPGSV,3,2,12,21,50,313,39.5,18,34,256,,10,28,056,,27,12,070,39.3,1*61
$GPGSV,3,3,12,16,08,301,39.4,22,03,248,,02,02,113,,15,64,117,,1*75
$GLGSV,2,1,06,85,16,328,40.0,68,38,064,,79,33,147,,83,18,217,39.4,1*79
$GLGSV,2,2,06,70,09,290,,67,06,087,39.9,1*6E
$GAGSV,1,1,00,7*73
$GBGSV,3,1,12,09,04,184,,01,38,147,,08,31,168,,02,30,229,,1*72
$GBGSV,3,2,12,04,27,125,38.5,10,27,215,,06,24,166,,05,16,249,38.9,1*71
$GBGSV,3,3,12,07,13,190,39.7,11,05,034,,13,04,033,,03,45,191,37.9,1*77
$GNRMC,204327.000,A,3900.0022,N,11613.9793,E,0.01,323.29,280612,,,A,V*07
$GNVTG,323.29,T,,M,0.01,N,0.02,K,A*29
$GNZDA,204327.000,28,06,2012,,*45
$GNGGA,204328.000,3900.0022,N,11613.9793,E,1,10,0.78,-12.0,M,-6.8,M,,*74
$PAIRACC,3.71,9.21*44
$GNGLL,3900.0022,N,11613.9793,E,204328.000,A,A*42
$GNGSA,A,3,29,27,16,,,,,,,,,,1.71,0.78,1.52,1*06
$GNGSA,A,3,85,83,67,,,,,,,,,,1.71,0.78,1.52,2*0B
$GNGSA,A,3,,,,,,,,,,,,,1.71,0.78,1.52,3*0D
$GNGSA,A,3,04,05,07,03,,,,,,,,,1.71,0.78,1.52,4*0F
$GPGSV,3,1,12,08,02,044,,29,57,204,39.2,26,54,079,,24,72,057,,1*7C
$GPGSV,3,2,12,21,50,313,39.0,18,34,256,,10,28,056,,27,12,070,39.8,1*6F
$GPGSV,3,3,12,16,08,301,39.4,22,03,248,,02,02,113,,15,64,117,,1*75
$GLGSV,2,1,06,85,16,328,39.9,68,38,064,,79,33,147,,83,18,217,40.0,1*74
$GLGSV,2,2,06,70,09,290,,67,06,087,40.2,1*6B
$GAGSV,1,1,00,7*73
$GBGSV,3,1,12,09,04,184,,01,38,147,,08,31,168,,02,30,229,,1*72
$GBGSV,3,2,12,04,27,125,38.5,10,27,215,,06,24,166,,05,16,249,39.1,1*78
$GBGSV,3,3,12,07,13,190,38.7,11,05,034,,13,04,033,,03,45,191,37.5,1*7A
$GNRMC,204328.000,A,3900.0022,N,11613.9793,E,0.01,327.94,280612,,,A,V*0A
$GNVTG,327.94,T,,M,0.01,N,0.02,K,A*2B
$GNZDA,204328.000,28,06,2012,,*4A
$GNGGA,204329.000,3900.0022,N,11613.9793,E,1,10,0.78,-12.0,M,-6.8,M,,*75
$PAIRACC,3.71,9.41*42
$GNGLL,3900.0022,N,11613.9793,E,204329.000,A,A*43
$GNGSA,A,3,29,27,16,,,,,,,,,,1.71,0.78,1.52,1*06
$GNGSA,A,3,85,83,67,,,,,,,,,,1.71,0.78,1.52,2*0B
$GNGSA,A,3,,,,,,,,,,,,,1.71,0.78,1.52,3*0D
$GNGSA,A,3,04,05,07,03,,,,,,,,,1.71,0.78,1.52,4*0F
$GPGSV,3,1,12,08,02,044,,29,57,204,39.1,26,54,079,,24,72,057,,1*7F
$GPGSV,3,2,12,21,50,313,39.4,18,34,256,,10,28,056,,27,12,070,39.8,1*6B
$GPGSV,3,3,12,16,08,301,39.7,22,03,248,,02,02,113,,15,64,117,,1*76
$GLGSV,2,1,06,85,16,328,39.7,68,38,064,,79,33,147,,83,18,217,39.8,1*7C
$GLGSV,2,2,06,70,09,290,,67,06,087,39.3,1*64
$GAGSV,1,1,00,7*73
$GBGSV,3,1,12,09,04,184,,01,38,147,,08,31,168,,02,30,229,,1*72
$GBGSV,3,2,12,04,27,125,38.8,10,27,215,,06,24,166,,05,16,249,38.8,1*7D
$GBGSV,3,3,12,07,13,190,39.3,11,05,034,,13,04,033,,03,45,191,38.9,1*7C
$GNRMC,204329.000,A,3900.0022,N,11613.9793,E,0.01,328.81,280612,,,A,V*00
$GNVTG,328.81,T,,M,0.01,N,0.02,K,A*20
$GNZDA,204329.000,28,06,2012,,*4B
$GNGGA,204330.000,3900.0022,N,11613.9793,E,1,10,0.78,-12.0,M,-6.8,M,,*7D
$PAIRACC,3.76,9.29*4B
$GNGLL,3900.0022,N,11613.9793,E,204330.000,A,A*4B
$GNGSA,A,3,29,27,16,,,,,,,,,,1.71,0.78,1.52,1*06
$GNGSA,A,3,85,83,67,,,,,,,,,,1.71,0.78,1.52,2*0B
$GNGSA,A,3,,,,,,,,,,,,,1.71,0.78,1.52,3*0D
$GNGSA,A,3,04,05,07,03,,,,,,,,,1.71,0.78,1.52,4*0F
$GPGSV,3,1,12,08,02,044,,29,57,204,39.8,26,54,079,,24,72,057,,1*76
$GPGSV,3,2,12,21,50,313,39.5,18,34,256,,10,28,056,,27,12,070,39.6,1*64
$GPGSV,3,3,12,16,08,301,39.7,22,03,248,,02,02,113,,15,64,117,,1*76
$GLGSV,2,1,06,85,16,328,40.2,68,38,064,,79,33,147,,83,18,217,40.2,1*73
$GLGSV,2,2,06,70,09,290,,67,06,087,40.0,1*69
$GAGSV,1,1,00,7*73
$GBGSV,3,1,12,09,04,184,,01,38,147,,08,31,168,,02,30,229,,1*72
$GBGSV,3,2,12,04,27,125,38.5,10,27,215,,06,24,166,,05,16,249,38.9,1*71
$GBGSV,3,3,12,07,13,190,39.0,11,05,034,,13,04,033,,03,45,191,38.1,1*77
$GNRMC,204330.000,A,3900.0022,N,11613.9793,E,0.01,317.16,280612,,,A,V*0A
$GNVTG,317.16,T,,M,0.01,N,0.02,K,A*22
$GNZDA,204330.000,28,06,2012,,*43
$GNGGA,204331.000,3900.0022,N,11613.9792,E,1,10,0.78,-12.0,M,-6.8,M,,*7D
$PAIRACC,3.71,9.21*44
$GNGLL,3900.0022,N,11613.9792,E,204331.000,A,A*4B
$GNGSA,A,3,29,27,16,,,,,,,,,,1.71,0.78,1.52,1*06
$GNGSA,A,3,85,83,67,,,,,,,,,,1.71,0.78,1.52,2*0B
$GNGSA,A,3,,,,,,,,,,,,,1.71,0.78,1.52,3*0D
$GNGSA,A,3,04,05,07,03,,,,,,,,,1.71,0.78,1.52,4*0F
$GPGSV,3,1,12,08,02,044,,29,57,204,39.8,26,54,079,,24,72,057,,1*76
$GPGSV,3,2,12,21,50,313,39.2,18,34,256,,10,28,056,,27,12,070,39.7,1*62
$GPGSV,3,3,12,16,08,301,39.8,22,03,248,,02,02,113,,15,64,117,,1*79
$GLGSV,2,1,06,85,16,328,40.2,68,38,064,,79,33,147,,83,18,217,39.7,1*78
$GLGSV,2,2,06,70,09,290,,67,06,087,40.3,1*6A
$GAGSV,1,1,00,7*73
$GBGSV,3,1,12,09,04,184,,01,38,147,,08,31,168,,02,30,229,,1*72
$GBGSV,3,2,12,04,27,125,38.2,10,27,215,,06,24,166,,05,16,249,38.8,1*77
$GBGSV,3,3,12,07,13,190,38.2,11,05,034,,13,04,033,,03,45,191,38.2,1*77
$GNRMC,204331.000,A,3900.0022,N,11613.9792,E,0.01,315.50,280612,,,A,V*0A
$GNVTG,315.50,T,,M,0.01,N,0.02,K,A*22
$GNZDA,204331.000,28,06,2012,,*42
$GNGGA,204332.000,3900.0022,N,11613.9792,E,1,10,0.78,-12.0,M,-6.8,M,,*7E
$PAIRACC,3.79,9.46*4D
$GNGLL,3900.0022,N,11613.9792,E,204332.000,A,A*48
$GNGSA,A,3,29,27,16,,,,,,,,,,1.71,0.78,1.52,1*06
$GNGSA,A,3,85,83,67,,,,,,,,,,1.71,0.78,1.52,2*0B
$GNGSA,A,3,,,,,,,,,,,,,1.71,0.78,1.52,3*0D
$GNGSA,A,3,04,05,07,03,,,,,,,,,1.71,0.78,1.52,4*0F
$GPGSV,3,1,12,08,02,044,,29,57,204,39.7,26,54,079,,24,72,057,,1*79
$GPGSV,3,2,12,21,50,313,39.4,18,34,256,,10,28,056,,27,12,070,39.8,1*6B
$GPGSV,3,3,12,16,08,301,39.8,22,03,248,,02,02,113,,15,64,117,,1*79
$GLGSV,2,1,06,85,16,328,40.2,68,38,064,,79,33,147,,83,18,217,39.7,1*78
$GLGSV,2,2,06,70,09,290,,67,06,087,39.6,1*61
$GAGSV,1,1,00,7*73
$GBGSV,3,1,12,09,04,184,,01,38,147,,08,31,168,,02,30,229,,1*72
$GBGSV,3,2,12,04,27,125,38.7,10,27,215,,06,24,166,,05,16,249,38.8,1*72
$GBGSV,3,3,12,07,13,190,39.3,11,05,034,,13,04,033,,03,45,191,38.7,1*72
$GNRMC,204332.000,A,3900.0022,N,11613.9792,E,0.01,317.67,280612,,,A,V*0F
$GNVTG,317.67,T,,M,0.01,N,0.02,K,A*24
$GNZDA,204332.000,28,06,2012,,*41
$GNGGA,204333.000,3900.0022,N,11613.9792,E,1,10,0.78,-12.0,M,-6.8,M,,*7F
$PAIRACC,3.76,9.29*4B
$GNGLL,3900.0022,N,11613.9792,E,204333.000,A,A*49
$GNGSA,A,3,29,27,16,,,,,,,,,,1.71,0.78,1.52,1*06
$GNGSA,A,3,85,83,67,,,,,,,,,,1.71,0.78,1.52,2*0B
$GNGSA,A,3,,,,,,,,,,,,,1.71,0.78,1.52,3*0D
$GNGSA,A,3,04,05,07,03,,,,,,,,,1.71,0.78,1.52,4*0F
$GPGSV,3,1,12,08,02,044,,29,57,204,39.5,26,54,079,,24,72,057,,1*7B
$GPGSV,3,2,12,21,50,313,39.6,18,34,256,,10,28,056,,27,12,070,39.4,1*65
$GPGSV,3,3,12,16,08,301,39.6,22,03,248,,02,02,113,,15,64,117,,1*77
$GLGSV,2,1,06,85,16,328,39.7,68,38,064,,79,35,146,,83,18,217,40.0,1*7D
$GLGSV,2,2,06,70,09,290,,67,06,087,39.7,1*60
$GAGSV,1,1,00,7*73
$GBGSV,3,1,12,09,04,184,,01,38,147,,08,31,168,,02,30,229,,1*72
$GBGSV,3,2,12,04,27,125,38.3,10,27,215,,06,24,166,,05,16,249,38.5,1*7B
$GBGSV,3,3,12,07,13,190,39.5,11,05,034,,13,04,033,,03,45,191,38.1,1*72
$GNRMC,204333.000,A,3900.0022,N,11613.9792,E,0.01,323.49,280612,,,A,V*05
$GNVTG,323.49,T,,M,0.01,N,0.02,K,A*2F
$GNZDA,204333.000,28,06,2012,,*40
$GNGGA,204334.000,3900.0022,N,11613.9792,E,1,11,0.72,-12.0,M,-6.8,M,,*73
$PAIRACC,3.46,8.49*4F
$GNGLL,3900.0022,N,11613.9792,E,204334.000,A,A*4E
$GNGSA,A,3,29,21,27,16,,,,,,,,,1.43,0.72,1.24,1*0F
$GNGSA,A,3,85,83,67,,,,,,,,,,1.43,0.72,1.24,2*01
$GNGSA,A,3,,,,,,,,,,,,,1.43,0.72,1.24,3*07
$GNGSA,A,3,04,05,07,03,,,,,,,,,1.43,0.72,1.24,4*05
$GPGSV,3,1,12,08,02,044,,29,57,204,39.4,26,54,079,,24,72,057,,1*7A
$GPGSV,3,2,12,21,50,313,39.6,18,34,256,,10,28,056,,27,12,070,39.3,1*62
$GPGSV,3,3,12,16,08,301,39.5,22,03,248,,02,02,113,,15,64,117,,1*74
$GLGSV,2,1,06,85,16,328,39.9,68,38,064,,79,35,146,,83,18,217,40.6,1*75
$GLGSV,2,2,06,70,09,290,,67,06,087,40.2,1*6B
$GAGSV,1,1,00,7*73
$GBGSV,3,1,12,09,04,184,,01,38,147,,08,31,168,,02,30,229,,1*72
$GBGSV,3,2,12,04,27,125,38.3,10,27,215,,06,24,166,,05,16,249,38.5,1*7B
$GBGSV,3,3,12,07,13,190,38.4,11,05,034,,13,04,033,,03,45,191,37.6,1*7A
$GNRMC,204334.000,A,3900.0022,N,11613.9792,E,0.01,297.07,280612,,,A,V*06
$GNVTG,297.07,T,,M,0.01,N,0.01,K,A*28
$GNZDA,204334.000,28,06,2012,,*47
$GNGGA,204335.000,3900.0022,N,11613.9792,E,1,11,0.72,-12.0,M,-6.8,M,,*72
$PAIRACC,3.54,8.71*47
$GNGLL,3900.0022,N,11613.9792,E,204335.000,A,A*4F
$GNGSA,A,3,29,21,27,16,,,,,,,,,1.43,0.72,1.24,1*0F
$GNGSA,A,3,85,83,67,,,,,,,,,,1.43,0.72,1.24,2*01
$GNGSA,A,3,,,,,,,,,,,,,1.43,0.72,1.24,3*07
$GNGSA,A,3,04,05,07,03,,,,,,,,,1.43,0.72,1.24,4*05
$GPGSV,3,1,12,08,02,044,,29,57,204,39.7,26,54,079,,24,72,057,,1*79
$GPGSV,3,2,12,21,50,313,39.7,18,34,256,,10,28,056,,27,12,070,39.6,1*66
$GPGSV,3,3,12,16,08,301,39.5,22,03,248,,02,02,113,,15,64,117,,1*74
$GLGSV,2,1,06,85,16,328,39.6,68,38,064,,79,35,146,,83,18,217,39.9,1*7B
$GLGSV,2,2,06,70,09,290,,67,06,087,40.0,1*69
$GAGSV,1,1,00,7*73
$GBGSV,3,1,12,09,04,184,,01,38,147,,08,31,168,,02,30,229,,1*72
$GBGSV,3,2,12,04,27,125,38.9,10,27,215,,06,24,166,,05,16,249,39.0,1*75
$GBGSV,3,3,12,07,13,190,39.2,11,05,034,,13,04,033,,03,45,191,38.6,1*72
$GNRMC,204335.000,A,3900.0022,N,11613.9792,E,0.01,302.13,280612,,,A,V*0F
$GNVTG,302.13,T,,M,0.01,N,0.01,K,A*20
$GNZDA,204335.000,28,06,2012,,*46
$GNGGA,204336.000,3900.0021,N,11613.9792,E,1,11,0.72,-12.0,M,-6.8,M,,*72
$PAIRACC,3.48,8.53*4A
$GNGLL,3900.0021,N,11613.9792,E,204336.000,A,A*4F
$GNGSA,A,3,29,21,27,16,,,,,,,,,1.43,0.72,1.24,1*0F
$GNGSA,A,3,85,83,67,,,,,,,,,,1.43,0.72,1.24,2*01
$GNGSA,A,3,,,,,,,,,,,,,1.43,0.72,1.24,3*07
$GNGSA,A,3,04,05,07,03,,,,,,,,,1.43,0.72,1.24,4*05
$GPGSV,3,1,12,08,02,044,,29,57,204,39.9,26,54,079,,24,72,057,,1*77
$GPGSV,3,2,12,21,50,313,39.5,18,34,256,,10,28,056,,27,12,070,39.3,1*61
$GPGSV,3,3,12,16,08,301,39.3,22,03,248,,02,02,113,,15,64,117,,1*72
$GLGSV,2,1,06,85,16,328,39.9,68,38,064,,79,35,146,,83,18,217,40.2,1*71
$GLGSV,2,2,06,70,09,290,,67,06,087,40.0,1*69
$GAGSV,1,1,00,7*73
$GBGSV,3,1,12,09,04,184,,01,38,147,,08,31,168,,02,30,229,,1*72
$GBGSV,3,2,12,04,27,125,38.5,10,27,215,,06,24,166,,05,16,249,38.9,1*71
$GBGSV,3,3,12,07,13,190,39.4,11,05,034,,13,04,033,,03,45,191,38.5,1*77
$GNRMC,204336.000,A,3900.0021,N,11613.9792,E,0.01,310.61,280612,,,A,V*09
$GNVTG,310.61,T,,M,0.01,N,0.01,K,A*26
$GNZDA,204336.000,28,06,2012,,*45
$GNGGA,204337.000,3900.0021,N,11613.9793,E,1,11,0.72,-12.0,M,-6.8,M,,*72
$PAIRACC,3.56,8.73*47
$GNGLL,3900.0021,N,11613.9793,E,204337.000,A,A*4F
$GNGSA,A,3,29,21,27,16,,,,,,,,,1.43,0.72,1.24,1*0F
$GNGSA,A,3,85,83,67,,,,,,,,,,1.43,0.72,1.24,2*01
$GNGSA,A,3,,,,,,,,,,,,,1.43,0.72,1.24,3*07
$GNGSA,A,3,04,05,07,03,,,,,,,,,1.43,0.72,1.24,4*05
$GPGSV,3,1,12,08,02,044,,29,57,204,39.3,26,54,079,,24,72,057,,1*7D
$GPGSV,3,2,12,21,50,313,39.2,18,34,256,,10,28,056,,27,12,070,39.9,1*6C
$GPGSV,3,3,12,16,08,301,39.4,22,03,248,,02,02,113,,15,64,117,,1*75
$GLGSV,2,1,06,85,16,328,39.5,68,38,064,,79,35,146,,83,17,217,40.2,1*72
$GLGSV,2,2,06,70,09,290,,67,06,087,40.0,1*69
$GAGSV,1,1,00,7*73
$GBGSV,3,1,12,09,04,184,,01,38,147,,08,31,168,,02,30,229,,1*72
$GBGSV,3,2,12,04,27,125,38.5,10,27,215,,06,24,166,,05,16,249,38.7,1*7F
$GBGSV,3,3,12,07,13,190,38.2,11,05,034,,13,04,033,,03,45,191,38.3,1*76
$GNRMC,204337.000,A,3900.0021,N,11613.9793,E,0.01,305.93,280612,,,A,V*00
$GNVTG,305.93,T,,M,0.01,N,0.01,K,A*2F
$GNZDA,204337.000,28,06,2012,,*44
$GNGGA,204338.000,3900.0021,N,11613.9793,E,1,11,0.72,-12.0,M,-6.8,M,,*7D
$PAIRACC,3.46,8.50*47
$GNGLL,3900.0021,N,11613.9793,E,204338.000,A,A*40
$GNGSA,A,3,29,21,27,16,,,,,,,,,1.43,0.72,1.24,1*0F
$GNGSA,A,3,85,83,67,,,,,,,,,,1.43,0.72,1.24,2*01
$GNGSA,A,3,,,,,,,,,,,,,1.43,0.72,1.24,3*07
$GNGSA,A,3,04,05,07,03,,,,,,,,,1.43,0.72,1.24,4*05
$GPGSV,3,1,12,08,02,044,,29,57,204,39.5,26,54,079,,24,72,057,,1*7B
$GPGSV,3,2,12,21,50,313,39.7,18,34,256,,10,28,056,,27,12,070,39.3,1*63
$GPGSV,3,3,12,16,08,301,39.7,22,03,248,,02,02,113,,15,64,117,,1*76
$GLGSV,2,1,06,85,16,328,39.9,68,38,064,,79,35,146,,83,17,217,40.1,1*7D
$GLGSV,2,2,06,70,09,290,,67,06,087,39.8,1*6F
$GAGSV,1,1,00,7*73
$GBGSV,3,1,12,09,04,184,,01,38,147,,08,31,168,,02,30,229,,1*72
$GBGSV,3,2,12,04,27,125,38.4,10,27,215,,06,24,166,,05,16,249,38.9,1*70
$GBGSV,3,3,12,07,13,190,39.2,11,05,034,,13,04,033,,03,45,191,38.6,1*72
$GNRMC,204338.000,A,3900.0021,N,11613.9793,E,0.01,330.14,280612,,,A,V*06
$GNVTG,330.14,T,,M,0.01,N,0.01,K,A*26
$GNZDA,204338.000,28,06,2012,,*4B
$GNGGA,204339.000,3900.0021,N,11613.9793,E,1,11,0.72,-12.0,M,-6.8,M,,*7C
$PAIRACC,3.58,8.78*42
$GNGLL,3900.0021,N,11613.9793,E,204339.000,A,A*41
$GNGSA,A,3,29,21,27,16,,,,,,,,,1.43,0.72,1.24,1*0F
$GNGSA,A,3,85,83,67,,,,,,,,,,1.43,0.72,1.24,2*01
$GNGSA,A,3,,,,,,,,,,,,,1.43,0.72,1.24,3*07
$GNGSA,A,3,04,05,07,03,,,,,,,,,1.43,0.72,1.24,4*05
$GPGSV,3,1,12,08,02,044,,29,57,204,39.4,26,54,079,,24,72,057,,1*7A
$GPGSV,3,2,12,21,50,313,39.5,18,34,256,,10,28,056,,27,12,070,39.5,1*67
$GPGSV,3,3,12,16,08,301,39.6,22,03,248,,02,02,113,,15,64,117,,1*77
$GLGSV,2,1,06,85,16,327,40.1,68,38,064,,79,35,146,,83,17,217,40.3,1*76
$GLGSV,2,2,06,70,09,290,,67,06,087,39.8,1*6F
$GAGSV,1,1,00,7*73
$GBGSV,3,1,12,09,04,184,,01,38,147,,08,31,168,,02,30,229,,1*72
$GBGSV,3,2,12,04,27,125,38.7,10,27,215,,06,24,166,,05,16,249,38.8,1*72
$GBGSV,3,3,12,07,13,190,39.9,11,05,034,,13,04,033,,03,45,191,38.5,1*7A
$GNRMC,204339.000,A,3900.0021,N,11613.9793,E,0.01,326.05,280612,,,A,V*00
$GNVTG,326.05,T,,M,0.01,N,0.01,K,A*21
$GNZDA,204339.000,28,06,2012,,*4A
$GNGGA,204340.000,3900.0021,N,11613.9793,E,1,11,0.72,-12.0,M,-6.8,M,,*72
$PAIRACC,3.48,8.53*4A
$GNGLL,3900.0021,N,11613.9793,E,204340.000,A,A*4F
$GNGSA,A,3,29,21,27,16,,,,,,,,,1.43,0.72,1.24,1*0F
$GNGSA,A,3,85,83,67,,,,,,,,,,1.43,0.72,1.24,2*01
$GNGSA,A,3,,,,,,,,,,,,,1.43,0.72,1.24,3*07
$GNGSA,A,3,04,05,07,03,,,,,,,,,1.43,0.72,1.24,4*05
$GPGSV,3,1,12,08,02,044,,29,57,204,39.7,26,54,079,,24,72,057,,1*79
$GPGSV,3,2,12,21,50,313,39.0,18,34,256,,10,28,056,,27,12,070,39.4,1*63
$GPGSV,3,3,12,16,08,301,39.3,22,03,248,,02,02,113,,15,64,117,,1*72
$GLGSV,2,1,06,85,16,327,39.8,68,38,064,,79,35,146,,83,17,217,40.2,1*70
$GLGSV,2,2,06,70,09,290,,67,06,087,39.9,1*6E
$GAGSV,1,1,00,7*73
$GBGSV,3,1,12,09,04,184,,01,38,147,,08,31,168,,02,30,229,,1*72
$GBGSV,3,2,12,04,27,125,38.3,10,27,215,,06,24,166,,05,16,249,38.6,1*78
$GBGSV,3,3,12,07,13,190,38.6,11,05,034,,13,04,033,,03,45,191,38.2,1*73
$GNRMC,204340.000,A,3900.0021,N,11613.9793,E,0.01,327.59,280612,,,A,V*06
$GNVTG,327.59,T,,M,0.01,N,0.01,K,A*29
$GNZDA,204340.000,28,06,2012,,*44
$GNGGA,204341.000,3900.0021,N,11613.9793,E,1,11,0.72,-12.0,M,-6.8,M,,*73
$PAIRACC,3.53,8.65*45
$GNGLL,3900.0021,N,11613.9793,E,204341.000,A,A*4E
$GNGSA,A,3,29,21,27,16,,,,,,,,,1.43,0.72,1.24,1*0F
$GNGSA,A,3,85,83,67,,,,,,,,,,1.43,0.72,1.24,2*01
$GNGSA,A,3,,,,,,,,,,,,,1.43,0.72,1.24,3*07
$GNGSA,A,3,04,05,07,03,,,,,,,,,1.43,0.72,1.24,4*05
$GPGSV,3,1,12,08,02,044,,29,57,204,39.8,26,54,079,,24,72,057,,1*76
$GPGSV,3,2,12,21,50,313,39.2,18,34,256,,10,28,056,,27,12,070,39.5,1*60
$GPGSV,3,3,12,16,08,301,39.7,22,03,248,,02,02,113,,15,64,117,,1*76
$GLGSV,2,1,06,85,16,327,40.1,68,38,064,,79,35,146,,83,17,217,39.8,1*73
$GLGSV,2,2,06,70,09,290,,67,06,087,40.0,1*69
$GAGSV,1,1,00,7*73
$GBGSV,3,1,12,09,04,184,,01,38,147,,08,31,168,,02,30,229,,1*72
$GBGSV,3,2,12,04,27,125,38.8,10,27,215,,06,24,166,,05,16,249,39.0,1*74
$GBGSV,3,3,12,07,13,190,39.1,11,05,034,,13,04,033,,03,45,191,38.7,1*70
$GNRMC,204341.000,A,3900.0021,N,11613.9793,E,0.01,324.44,280612,,,A,V*08
$GNVTG,324.44,T,,M,0.01,N,0.01,K,A*26
$GNZDA,204341.000,28,06,2012,,*45
$GNGGA,204342.000,3900.0021,N,11613.9793,E,1,11,0.72,-12.0,M,-6.8,M,,*70
$PAIRACC,3.52,8.63*42
$GNGLL,3900.0021,N,11613.9793,E,204342.000,A,A*4D
$GNGSA,A,3,29,21,27,16,,,,,,,,,1.43,0.72,1.24,1*0F
$GNGSA,A,3,85,83,67,,,,,,,,,,1.43,0.72,1.24,2*01
$GNGSA,A,3,,,,,,,,,,,,,1.43,0.72,1.24,3*07
$GNGSA,A,3,04,05,07,03,,,,,,,,,1.43,0.72,1.24,4*05
$GPGSV,3,1,12,08,02,044,,29,57,204,39.8,26,54,079,,24,72,057,,1*76
$GPGSV,3,2,12,21,50,313,39.1,18,34,256,,10,28,056,,27,12,070,39.5,1*63
$GPGSV,3,3,12,16,08,301,39.9,22,03,248,,02,02,113,,15,64,117,,1*78
$GLGSV,2,1,06,85,16,327,40.0,68,38,064,,79,35,146,,83,17,217,39.7,1*7D
$GLGSV,2,2,06,70,09,290,,67,06,087,39.6,1*61
$GAGSV,1,1,00,7*73
$GBGSV,3,1,12,09,04,184,,01,38,147,,08,31,168,,02,30,229,,1*72
$GBGSV,3,2,12,04,27,125,38.1,10,27,215,,06,24,166,,05,16,249,39.0,1*7D
$GBGSV,3,3,12,07,13,190,39.6,11,05,034,,13,04,033,,03,45,191,38.0,1*70
$GNRMC,204342.000,A,3900.0021,N,11613.9793,E,0.01,325.30,280612,,,A,V*09
$GNVTG,325.30,T,,M,0.01,N,0.01,K,A*24
$GNZDA,204342.000,28,06,2012,,*46
$GNGGA,204343.000,3900.0020,N,11613.9793,E,1,11,0.72,-12.0,M,-6.8,M,,*70
$PAIRACC,3.54,8.67*40
$GNGLL,3900.0020,N,11613.9793,E,204343.000,A,A*4D
$GNGSA,A,3,29,21,27,16,,,,,,,,,1.43,0.72,1.24,1*0F
$GNGSA,A,3,85,83,67,,,,,,,,,,1.43,0.72,1.24,2*01
$GNGSA,A,3,,,,,,,,,,,,,1.43,0.72,1.24,3*07
$GNGSA,A,3,04,05,07,03,,,,,,,,,1.43,0.72,1.24,4*05
$GPGSV,3,1,12,08,02,044,,29,57,204,39.6,26,54,079,,24,72,057,,1*78
$GPGSV,3,2,12,21,50,313,39.4,18,34,256,,10,28,056,,27,12,070,39.3,1*60
$GPGSV,3,3,12,16,08,301,39.3,22,03,248,,02,02,113,,15,64,117,,1*72
$GLGSV,2,1,06,85,16,327,40.0,68,38,064,,79,35,146,,83,17,217,39.6,1*7C
$GLGSV,2,2,06,70,09,290,,67,06,087,40.1,1*68
$GAGSV,1,1,00,7*73
$GBGSV,3,1,12,09,04,184,,01,38,147,,08,31,168,,02,30,229,,1*72
$GBGSV,3,2,12,04,27,125,38.5,10,27,215,,06,24,166,,05,16,249,38.5,1*7D
$GBGSV,3,3,12,07,13,190,38.0,11,05,034,,13,04,033,,03,45,191,38.0,1*77
$GNRMC,204343.000,A,3900.0020,N,11613.9793,E,0.01,306.61,280612,,,A,V*0C
$GNVTG,306.61,T,,M,0.01,N,0.01,K,A*21
$GNZDA,204343.000,28,06,2012,,*47
$GNGGA,204344.000,3900.0020,N,11613.9793,E,1,11,0.72,-12.0,M,-6.8,M,,*77
$PAIRACC,3.50,8.58*48
$GNGLL,3900.0020,N,11613.9793,E,204344.000,A,A*4A
$GNGSA,A,3,29,21,27,16,,,,,,,,,1.43,0.72,1.24,1*0F
$GNGSA,A,3,85,83,67,,,,,,,,,,1.43,0.72,1.24,2*01
$GNGSA,A,3,,,,,,,,,,,,,1.43,0.72,1.24,3*07
$GNGSA,A,3,04,05,07,03,,,,,,,,,1.43,0.72,1.24,4*05
$GPGSV,3,1,12,08,02,044,,29,57,204,39.4,26,54,079,,24,72,057,,1*7A
$GPGSV,3,2,12,21,50,313,39.4,18,34,256,,10,28,056,,27,12,070,39.6,1*65
$GPGSV,3,3,12,16,08,301,39.6,22,03,248,,02,02,113,,15,64,117,,1*77
$GLGSV,2,1,06,85,16,327,40.2,68,38,064,,79,35,146,,83,17,217,40.2,1*74
$GLGSV,2,2,06,70,09,290,,67,06,087,40.1,1*68
$GAGSV,1,1,00,7*73
$GBGSV,3,1,12,09,04,184,,01,38,147,,08,31,168,,02,30,229,,1*72
$GBGSV,3,2,12,04,27,125,39.0,10,27,215,,06,24,166,,05,16,249,38.5,1*79
$GBGSV,3,3,12,07,13,190,39.3,11,05,034,,13,04,033,,03,45,191,38.5,1*70
$GNRMC,204344.000,A,3900.0020,N,11613.9793,E,0.01,324.33,280612,,,A,V*0C
$GNVTG,324.33,T,,M,0.01,N,0.01,K,A*26
$GNZDA,204344.000,28,06,2012,,*40
$GNGGA,204345.000,3900.0020,N,11613.9793,E,1,11,0.72,-12.0,M,-6.8,M,,*76
$PAIRACC,3.57,8.73*46
$GNGLL,3900.0020,N,11613.9793,E,204345.000,A,A*4B
$GNGSA,A,3,29,21,27,16,,,,,,,,,1.43,0.72,1.24,1*0F
$GNGSA,A,3,85,83,67,,,,,,,,,,1.43,0.72,1.24,2*01
$GNGSA,A,3,,,,,,,,,,,,,1.43,0.72,1.24,3*07
$GNGSA,A,3,04,05,07,03,,,,,,,,,1.43,0.72,1.24,4*05
$GPGSV,3,1,12,08,02,044,,29,57,204,39.4,26,54,079,,24,72,057,,1*7A
$GPGSV,3,2,12,21,50,313,39.0,18,34,256,,10,28,056,,27,12,070,39.3,1*64
$GPGSV,3,3,12,16,08,301,39.6,22,03,248,,02,02,113,,15,64,117,,1*77
$GLGSV,2,1,06,85,16,327,39.9,68,38,064,,79,35,146,,83,17,217,39.7,1*7A
$GLGSV,2,2,06,70,09,290,,67,06,087,39.9,1*6E
$GAGSV,1,1,00,7*73
$GBGSV,3,1,12,09,04,184,,01,38,147,,08,31,168,,02,30,229,,1*72
$GBGSV,3,2,12,04,27,125,38.2,10,27,215,,06,24,166,,05,16,249,38.8,1*77
$GBGSV,3,3,12,07,13,190,39.5,11,05,034,,13,04,033,,03,45,191,38.2,1*71
$GNRMC,204345.000,A,3900.0020,N,11613.9793,E,0.01,313.24,280612,,,A,V*0F
$GNVTG,313.24,T,,M,0.01,N,0.01,K,A*24
$GNZDA,204345.000,28,06,2012,,*41
$GNGGA,204346.000,3900.0020,N,11613.9793,E,1,11,0.72,-12.0,M,-6.8,M,,*75
$PAIRACC,3.48,8.53*4A
$GNGLL,3900.0020,N,11613.9793,E,204346.000,A,A*48
$GNGSA,A,3,29,21,27,16,,,,,,,,,1.43,0.72,1.24,1*0F
$GNGSA,A,3,85,83,67,,,,,,,,,,1.43,0.72,1.24,2*01
$GNGSA,A,3,,,,,,,,,,,,,1.43,0.72,1.24,3*07
$GNGSA,A,3,04,05,07,03,,,,,,,,,1.43,0.72,1.24,4*05
$GPGSV,3,1,12,08,02,044,,29,57,204,39.4,26,54,079,,24,72,057,,1*7A
$GPGSV,3,2,12,21,50,313,39.6,18,34,256,,10,28,056,,27,12,070,39.2,1*63
$GPGSV,3,3,12,16,08,301,39.5,22,03,248,,02,02,113,,15,64,117,,1*74
$GLGSV,2,1,06,85,16,327,39.7,68,38,064,,79,35,146,,83,17,217,40.0,1*7D
$GLGSV,2,2,06,70,09,290,,67,06,087,40.2,1*6B
$GAGSV,1,1,00,7*73
$GBGSV,3,1,12,09,04,184,,01,38,147,,08,31,168,,02,30,229,,1*72
$GBGSV,3,2,12,04,27,125,38.7,10,27,215,,06,24,166,,05,16,249,39.0,1*7B
$GBGSV,3,3,12,07,13,190,38.3,11,05,034,,13,04,033,,03,45,191,38.3,1*77
$GNRMC,204346.000,A,3900.0020,N,11613.9793,E,0.01,311.55,280612,,,A,V*08
$GNVTG,311.55,T,,M,0.01,N,0.01,K,A*20
$GNZDA,204346.000,28,06,2012,,*42
$GNGGA,204347.000,3900.0020,N,11613.9793,E,1,11,0.72,-12.1,M,-6.8,M,,*75
$PAIRACC,3.60,8.80*4E
$GNGLL,3900.0020,N,11613.9793,E,204347.000,A,A*49
$GNGSA,A,3,29,21,27,16,,,,,,,,,1.43,0.72,1.24,1*0F
$GNGSA,A,3,85,83,67,,,,,,,,,,1.43,0.72,1.24,2*01
$GNGSA,A,3,,,,,,,,,,,,,1.43,0.72,1.24,3*07
$GNGSA,A,3,04,05,07,03,,,,,,,,,1.43,0.72,1.24,4*05
$GPGSV,3,1,12,08,02,044,,29,57,204,39.6,26,54,079,,24,72,057,,1*78
$GPGSV,3,2,12,21,50,313,39.2,18,34,256,,10,28,056,,27,12,070,39.3,1*66
$GPGSV,3,3,12,16,08,301,39.9,22,03,248,,02,02,113,,15,64,117,,1*78
$GLGSV,2,1,06,85,16,327,39.8,68,38,064,,79,35,146,,83,17,217,40.0,1*72
$GLGSV,2,2,06,70,09,290,,67,06,087,39.9,1*6E
$GAGSV,1,1,00,7*73
$GBGSV,3,1,12,09,04,184,,01,38,147,,08,31,168,,02,30,229,,1*72
$GBGSV,3,2,12,04,27,125,37.9,10,27,215,,06,24,166,,05,16,249,38.5,1*7E
$GBGSV,3,3,12,07,13,190,39.1,11,05,034,,13,04,033,,03,45,191,37.5,1*7D
$GNRMC,204347.000,A,3900.0020,N,11613.9793,E,0.01,323.75,280612,,,A,V*0A
$GNVTG,323.75,T,,M,0.01,N,0.01,K,A*23
$GNZDA,204347.000,28,06,2012,,*43
$GNGGA,204348.000,3900.0020,N,11613.9793,E,1,11,0.72,-12.0,M,-6.8,M,,*7B
$PAIRACC,3.45,8.47*42
$GNGLL,3900.0020,N,11613.9793,E,204348.000,A,A*46
$GNGSA,A,3,29,21,27,16,,,,,,,,,1.43,0.72,1.24,1*0F
$GNGSA,A,3,85,83,67,,,,,,,,,,1.43,0.72,1.24,2*01
$GNGSA,A,3,,,,,,,,,,,,,1.43,0.72,1.24,3*07
$GNGSA,A,3,04,05,07,03,,,,,,,,,1.43,0.72,1.24,4*05
$GPGSV,3,1,12,08,02,044,,29,57,204,39.6,26,54,079,,24,72,057,,1*78
$GPGSV,3,2,12,21,50,313,39.1,18,34,256,,10,28,056,,27,12,070,39.2,1*64
$GPGSV,3,3,12,16,08,301,39.2,22,03,248,,02,02,113,,15,64,117,,1*73
$GLGSV,2,1,06,85,16,327,40.0,68,38,064,,79,35,146,,83,17,217,39.8,1*72
$GLGSV,2,2,06,70,09,290,,67,06,087,39.8,1*6F
$GAGSV,1,1,00,7*73
$GBGSV,3,1,12,09,04,184,,01,38,147,,08,31,168,,02,30,229,,1*72
$GBGSV,3,2,12,04,27,125,38.3,10,27,215,,06,24,167,,05,16,249,38.8,1*77
$GBGSV,3,3,12,07,13,190,39.6,11,05,034,,13,04,033,,03,45,191,38.5,1*75
$GNRMC,204348.000,A,3900.0020,N,11613.9793,E,0.01,312.89,280612,,,A,V*04
$GNVTG,312.89,T,,M,0.01,N,0.01,K,A*22
$GNZDA,204348.000,28,06,2012,,*4C
$GNGGA,204349.000,3900.0020,N,11613.9793,E,1,11,0.72,-12.1,M,-6.8,M,,*7B
$PAIRACC,3.50,8.56*46
$GNGLL,3900.0020,N,11613.9793,E,204349.000,A,A*47
$GNGSA,A,3,29,21,27,16,,,,,,,,,1.43,0.72,1.24,1*0F
$GNGSA,A,3,85,83,67,,,,,,,,,,1.43,0.72,1.24,2*01
$GNGSA,A,3,,,,,,,,,,,,,1.43,0.72,1.24,3*07
$GNGSA,A,3,04,05,07,03,,,,,,,,,1.43,0.72,1.24,4*05
$GPGSV,3,1,12,08,02,044,,29,57,204,39.7,26,54,079,,24,72,057,,1*79
$GPGSV,3,2,12,21,50,313,39.4,18,34,256,,10,28,056,,27,12,070,39.3,1*60
$GPGSV,3,3,12,16,08,301,39.7,22,03,248,,02,02,113,,15,64,117,,1*76
$GLGSV,2,1,06,85,16,327,40.1,68,38,064,,79,35,146,,83,17,217,39.7,1*7C
$GLGSV,2,2,06,70,09,290,,67,06,087,40.1,1*68
$GAGSV,1,1,00,7*73
$GBGSV,3,1,12,09,04,184,,01,38,147,,08,31,168,,02,30,229,,1*72
$GBGSV,3,2,12,04,27,125,38.4,10,27,215,,06,24,167,,05,16,249,38.5,1*7D
$GBGSV,3,3,12,07,12,191,38.1,11,05,034,,13,04,033,,03,45,191,38.0,1*76
$GNRMC,204349.000,A,3900.0020,N,11613.9793,E,0.01,318.62,280612,,,A,V*0A
$GNVTG,318.62,T,,M,0.01,N,0.01,K,A*2D
$GNZDA,204349.000,28,06,2012,,*4D
$GNGGA,204350.000,3900.0020,N,11613.9793,E,1,11,0.72,-12.1,M,-6.8,M,,*73
$PAIRACC,3.47,8.49*4E
$GNGLL,3900.0020,N,11613.9793,E,204350.000,A,A*4F
$GNGSA,A,3,29,21,27,16,,,,,,,,,1.43,0.72,1.24,1*0F
$GNGSA,A,3,85,83,67,,,,,,,,,,1.43,0.72,1.24,2*01
$GNGSA,A,3,,,,,,,,,,,,,1.43,0.72,1.24,3*07
$GNGSA,A,3,04,05,07,03,,,,,,,,,1.43,0.72,1.24,4*05
$GPGSV,3,1,12,08,02,044,,29,57,204,39.6,26,54,079,,24,72,057,,1*78
$GPGSV,3,2,12,21,50,313,39.8,18,34,256,,10,28,056,,27,12,070,39.5,1*6A
$GPGSV,3,3,12,16,08,301,39.3,22,03,248,,02,02,113,,15,64,117,,1*72
$GLGSV,2,1,06,85,16,327,40.0,68,38,064,,79,35,146,,83,17,217,39.8,1*72
$GLGSV,2,2,06,70,09,290,,67,06,087,40.0,1*69
$GAGSV,1,1,00,7*73
$GBGSV,3,1,12,09,04,184,,01,38,147,,08,32,169,,02,30,229,,1*70
$GBGSV,3,2,12,04,27,125,38.0,10,27,215,,06,24,167,,05,16,249,38.8,1*74
$GBGSV,3,3,12,07,12,191,39.3,11,05,034,,13,04,033,,03,45,191,37.9,1*73
$GNRMC,204350.000,A,3900.0020,N,11613.9793,E,0.01,312.39,280612,,,A,V*06
$GNVTG,312.39,T,,M,0.01,N,0.01,K,A*29
$GNZDA,204350.000,28,06,2012,,*45
$GNGGA,204351.000,3900.0019,N,11613.9793,E,1,11,0.72,-12.1,M,-6.8,M,,*78
$PAIRACC,3.57,8.79*4C
$GNGLL,3900.0019,N,11613.9793,E,204351.000,A,A*44
$GNGSA,A,3,29,21,27,16,,,,,,,,,1.43,0.72,1.24,1*0F
$GNGSA,A,3,85,83,67,,,,,,,,,,1.43,0.72,1.24,2*01
$GNGSA,A,3,,,,,,,,,,,,,1.43,0.72,1.24,3*07
$GNGSA,A,3,04,05,07,03,,,,,,,,,1.43,0.72,1.24,4*05
$GPGSV,3,1,12,08,02,044,,29,57,204,39.3,26,54,079,,24,72,057,,1*7D
$GPGSV,3,2,12,21,50,313,39.5,18,34,256,,10,28,056,,27,12,070,39.3,1*61
$GPGSV,3,3,12,16,08,301,39.8,22,03,248,,02,02,113,,15,64,117,,1*79
$GLGSV,2,1,06,85,16,327,39.7,68,38,064,,79,35,146,,83,17,217,39.8,1*7B
$GLGSV,2,2,06,70,09,290,,67,06,087,40.3,1*6A
$GAGSV,1,1,00,7*73
$GBGSV,3,1,12,09,04,184,,01,38,147,,08,32,169,,02,30,229,,1*70
$GBGSV,3,2,12,04,27,125,38.5,10,27,215,,06,24,167,,05,16,249,38.6,1*7F
$GBGSV,3,3,12,07,12,191,39.2,11,05,034,,13,04,033,,03,45,191,38.3,1*77
$GNRMC,204351.000,A,3900.0019,N,11613.9793,E,0.01,315.47,280612,,,A,V*03
$GNVTG,315.47,T,,M,0.01,N,0.01,K,A*27
$GNZDA,204351.000,28,06,2012,,*44
$GNGGA,204352.000,3900.0019,N,11613.9793,E,1,11,0.72,-12.1,M,-6.8,M,,*7B
$PAIRACC,3.50,8.51*41
$GNGLL,3900.0019,N,11613.9793,E,204352.000,A,A*47
$GNGSA,A,3,29,21,27,16,,,,,,,,,1.43,0.72,1.24,1*0F
$GNGSA,A,3,85,83,67,,,,,,,,,,1.43,0.72,1.24,2*01
$GNGSA,A,3,,,,,,,,,,,,,1.43,0.72,1.24,3*07
$GNGSA,A,3,04,05,07,03,,,,,,,,,1.43,0.72,1.24,4*05
$GPGSV,3,1,12,08,02,044,,29,57,204,39.7,26,54,079,,24,72,057,,1*79
$GPGSV,3,2,12,21,50,313,39.6,18,34,256,,10,28,056,,27,12,070,39.5,1*64
$GPGSV,3,3,12,16,08,301,39.5,22,03,248,,02,02,113,,15,64,117,,1*74
$GLGSV,2,1,06,85,16,327,40.2,68,38,064,,79,35,146,,83,17,217,40.1,1*77
$GLGSV,2,2,06,70,09,290,,67,06,087,40.1,1*68
$GAGSV,1,1,00,7*73
$GBGSV,3,1,12,09,04,184,,01,38,147,,08,32,169,,02,30,229,,1*70
$GBGSV,3,2,12,04,27,125,38.1,10,27,215,,06,24,167,,05,16,249,38.8,1*75
$GBGSV,3,3,12,07,12,191,39.6,11,05,034,,13,04,033,,03,45,191,38.0,1*70
$GNRMC,204352.000,A,3900.0019,N,11613.9793,E,0.01,309.47,280612,,,A,V*0D
$GNVTG,309.47,T,,M,0.01,N,0.01,K,A*2A
$GNZDA,204352.000,28,06,2012,,*47
$GNGGA,204353.000,3900.0019,N,11613.9793,E,1,11,0.72,-12.1,M,-6.8,M,,*7A
$PAIRACC,3.59,8.80*44
$GNGLL,3900.0019,N,11613.9793,E,204353.000,A,A*46
$GNGSA,A,3,29,21,27,16,,,,,,,,,1.43,0.72,1.24,1*0F
$GNGSA,A,3,85,83,67,,,,,,,,,,1.43,0.72,1.24,2*01
$GNGSA,A,3,,,,,,,,,,,,,1.43,0.72,1.24,3*07
$GNGSA,A,3,04,05,07,03,,,,,,,,,1.43,0.72,1.24,4*05
$GPGSV,3,1,12,08,02,044,,29,57,204,39.6,26,54,079,,24,72,057,,1*78
$GPGSV,3,2,12,21,50,313,39.8,18,34,256,,10,28,056,,27,12,070,39.3,1*6C
$GPGSV,3,3,12,16,08,301,39.8,22,03,248,,02,02,113,,15,64,117,,1*79
$GLGSV,2,1,06,85,16,327,40.0,68,38,064,,79,35,146,,83,17,217,39.6,1*7C
$GLGSV,2,2,06,70,09,290,,67,06,087,40.1,1*68
$GAGSV,1,1,00,7*73
$GBGSV,3,1,12,09,04,184,,01,38,147,,08,32,169,,02,30,229,,1*70
$GBGSV,3,2,12,04,27,125,37.6,10,27,215,,06,24,167,,05,16,249,38.5,1*70
$GBGSV,3,3,12,07,12,191,38.3,11,05,033,,13,04,033,,03,45,191,36.7,1*7A
$GNRMC,204353.000,A,3900.0019,N,11613.9793,E,0.01,295.68,280612,,,A,V*05
$GNVTG,295.68,T,,M,0.01,N,0.01,K,A*23
$GNZDA,204353.000,28,06,2012,,*46
$GNGGA,204354.000,3900.0019,N,11613.9793,E,1,11,0.72,-12.1,M,-6.8,M,,*7D
$PAIRACC,3.52,8.52*40
$GNGLL,3900.0019,N,11613.9793,E,204354.000,A,A*41
$GNGSA,A,3,29,21,27,16,,,,,,,,,1.43,0.72,1.24,1*0F
$GNGSA,A,3,85,83,67,,,,,,,,,,1.43,0.72,1.24,2*01
$GNGSA,A,3,,,,,,,,,,,,,1.43,0.72,1.24,3*07
$GNGSA,A,3,04,05,07,03,,,,,,,,,1.43,0.72,1.24,4*05
$GPGSV,3,1,12,08,02,044,,29,57,204,39.7,26,54,079,,24,72,057,,1*79
$GPGSV,3,2,12,21,50,313,39.5,18,34,256,,10,28,056,,27,12,070,39.3,1*61
$GPGSV,3,3,12,16,08,301,39.7,22,03,248,,02,02,113,,15,64,117,,1*76
$GLGSV,2,1,06,85,16,327,39.7,68,38,064,,79,35,146,,83,17,217,40.1,1*7C
$GLGSV,2,2,06,70,09,290,,67,06,087,39.9,1*6E
$GAGSV,1,1,00,7*73
$GBGSV,3,1,12,09,04,184,,01,38,147,,08,32,169,,02,30,229,,1*70
$GBGSV,3,2,12,04,27,125,38.4,10,27,215,,06,24,167,,05,16,249,38.6,1*7E
$GBGSV,3,3,12,07,12,191,39.2,11,05,033,,13,04,033,,03,45,191,38.2,1*71
$GNRMC,204354.000,A,3900.0019,N,11613.9793,E,0.01,320.74,280612,,,A,V*00
$GNVTG,320.74,T,,M,0.01,N,0.01,K,A*21
$GNZDA,204354.000,28,06,2012,,*41
$GNGGA,204355.000,3900.0019,N,11613.9793,E,1,11,0.72,-12.1,M,-6.8,M,,*7C
$PAIRACC,3.58,8.80*45
$GNGLL,3900.0019,N,11613.9793,E,204355.000,A,A*40
$GNGSA,A,3,29,21,27,16,,,,,,,,,1.43,0.72,1.24,1*0F
$GNGSA,A,3,85,83,67,,,,,,,,,,1.43,0.72,1.24,2*01
$GNGSA,A,3,,,,,,,,,,,,,1.43,0.72,1.24,3*07
$GNGSA,A,3,04,05,07,03,,,,,,,,,1.43,0.72,1.24,4*05
$GPGSV,3,1,12,08,02,044,,29,57,204,39.3,26,54,079,,24,72,057,,1*7D
$GPGSV,3,2,12,21,50,313,39.7,18,34,256,,10,28,056,,27,12,070,39.5,1*65
$GPGSV,3,3,12,16,08,301,39.8,22,03,248,,02,02,113,,15,64,117,,1*79
$GLGSV,2,1,06,85,16,327,39.8,68,38,064,,79,35,146,,83,17,217,39.2,1*7E
$GLGSV,2,2,06,70,09,290,,67,06,087,39.9,1*6E
$GAGSV,1,1,00,7*73
$GBGSV,3,1,12,09,04,184,,01,38,147,,08,32,169,,02,30,229,,1*70
$GBGSV,3,2,12,04,27,125,38.3,10,27,215,,06,24,167,,05,16,249,38.7,1*78
$GBGSV,3,3,12,07,12,191,39.8,11,05,033,,13,04,033,,03,45,191,38.0,1*79
$GNRMC,204355.000,A,3900.0019,N,11613.9793,E,0.01,320.98,280612,,,A,V*03
$GNVTG,320.98,T,,M,0.01,N,0.01,K,A*23
$GNZDA,204355.000,28,06,2012,,*40
$GNGGA,204356.000,3900.0019,N,11613.9793,E,1,11,0.72,-12.1,M,-6.8,M,,*7F
$PAIRACC,3.52,8.54*46
$GNGLL,3900.0019,N,11613.9793,E,204356.000,A,A*43
$GNGSA,A,3,29,21,27,16,,,,,,,,,1.43,0.72,1.24,1*0F
$GNGSA,A,3,85,83,67,,,,,,,,,,1.43,0.72,1.24,2*01
$GNGSA,A,3,,,,,,,,,,,,,1.43,0.72,1.24,3*07
$GNGSA,A,3,04,05,07,03,,,,,,,,,1.43,0.72,1.24,4*05
$GPGSV,3,1,12,08,02,044,,29,57,204,39.8,26,54,079,,24,72,057,,1*76
$GPGSV,3,2,12,21,50,313,39.7,18,34,256,,10,28,056,,27,12,070,39.6,1*66
$GPGSV,3,3,12,16,08,301,40.0,22,03,248,,02,02,113,,15,64,117,,1*7F
$GLGSV,2,1,06,85,16,327,39.7,68,38,064,,79,35,146,,83,17,217,39.7,1*74
$GLGSV,2,2,06,70,09,290,,67,06,087,39.8,1*6F
$GAGSV,1,1,00,7*73
$GBGSV,3,1,12,09,04,184,,01,38,147,,08,32,169,,02,30,229,,1*70
$GBGSV,3,2,12,04,27,125,38.0,10,27,215,,06,24,167,,05,16,249,38.5,1*79
$GBGSV,3,3,12,07,12,191,39.1,11,05,033,,13,04,033,,03,45,191,37.5,1*7A
$GNRMC,204356.000,A,3900.0019,N,11613.9793,E,0.01,307.60,280612,,,A,V*02
$GNVTG,307.60,T,,M,0.01,N,0.01,K,A*21
$GNZDA,204356.000,28,06,2012,,*43
$GNGGA,204357.000,3900.0018,N,11613.9793,E,1,11,0.72,-12.1,M,-6.8,M,,*7F
$PAIRACC,3.55,8.77*40
$GNGLL,3900.0018,N,11613.9793,E,204357.000,A,A*43
$GNGSA,A,3,29,21,27,16,,,,,,,,,1.43,0.72,1.24,1*0F
$GNGSA,A,3,85,83,67,,,,,,,,,,1.43,0.72,1.24,2*01
$GNGSA,A,3,,,,,,,,,,,,,1.43,0.72,1.24,3*07
$GNGSA,A,3,04,05,07,03,,,,,,,,,1.43,0.72,1.24,4*05
$GPGSV,3,1,12,08,02,044,,29,57,204,39.5,26,54,079,,24,72,057,,1*7B
$GPGSV,3,2,12,21,50,313,39.4,18,34,256,,10,28,056,,27,12,070,39.8,1*6B
$GPGSV,3,3,12,16,08,301,39.8,22,03,248,,02,02,113,,15,64,117,,1*79
$GLGSV,2,1,06,85,16,327,40.0,68,38,064,,79,35,146,,83,17,217,40.1,1*75
$GLGSV,2,2,06,70,09,290,,67,06,087,39.8,1*6F
$GAGSV,1,1,00,7*73
$GBGSV,3,1,12,09,04,184,,01,38,147,,08,32,169,,02,30,229,,1*70
$GBGSV,3,2,12,04,27,125,38.3,10,27,215,,06,24,167,,05,16,249,38.5,1*7A
$GBGSV,3,3,12,07,12,191,39.5,11,05,033,,13,04,033,,03,45,191,38.4,1*70
$GNRMC,204357.000,A,3900.0018,N,11613.9793,E,0.01,316.07,280612,,,A,V*03
$GNVTG,316.07,T,,M,0.01,N,0.01,K,A*20
$GNZDA,204357.000,28,06,2012,,*42
$GNGGA,204358.000,3900.0018,N,11613.9793,E,1,11,0.72,-12.1,M,-6.8,M,,*70
$PAIRACC,3.54,8.58*4C
$GNGLL,3900.0018,N,11613.9793,E,204358.000,A,A*4C
$GNGSA,A,3,29,21,27,16,,,,,,,,,1.43,0.72,1.24,1*0F
$GNGSA,A,3,85,83,67,,,,,,,,,,1.43,0.72,1.24,2*01
$GNGSA,A,3,,,,,,,,,,,,,1.43,0.72,1.24,3*07
$GNGSA,A,3,04,05,07,03,,,,,,,,,1.43,0.72,1.24,4*05
$GPGSV,3,1,12,08,02,044,,29,57,204,39.8,26,54,079,,24,72,057,,1*76
$GPGSV,3,2,12,21,50,313,39.6,18,34,256,,10,28,056,,27,12,070,39.6,1*67
$GPGSV,3,3,12,16,08,301,39.5,22,03,248,,02,02,113,,15,64,117,,1*74
$GLGSV,2,1,06,85,16,327,40.1,68,38,064,,79,35,146,,83,17,217,40.1,1*74
$GLGSV,2,2,06,70,09,290,,67,06,087,39.7,1*60
$GAGSV,1,1,00,7*73
$GBGSV,3,1,12,09,04,184,,01,38,147,,08,32,169,,02,30,229,,1*70
$GBGSV,3,2,12,04,27,125,38.1,10,27,215,,06,24,167,,05,16,249,38.6,1*7B
$GBGSV,3,3,12,07,12,191,39.6,11,05,033,,13,04,033,,03,45,191,38.0,1*77
$GNRMC,204358.000,A,3900.0018,N,11613.9793,E,0.01,322.42,280612,,,A,V*0A
$GNVTG,322.42,T,,M,0.01,N,0.01,K,A*26
$GNZDA,204358.000,28,06,2012,,*4D
$GNGGA,204359.000,3900.0018,N,11613.9793,E,1,11,0.72,-12.1,M,-6.8,M,,*71
$PAIRACC,3.56,8.78*4C
$GNGLL,3900.0018,N,11613.9793,E,204359.000,A,A*4D
$GNGSA,A,3,29,21,27,16,,,,,,,,,1.43,0.72,1.24,1*0F
$GNGSA,A,3,85,83,67,,,,,,,,,,1.43,0.72,1.24,2*01
$GNGSA,A,3,,,,,,,,,,,,,1.43,0.72,1.24,3*07
$GNGSA,A,3,04,05,07,03,,,,,,,,,1.43,0.72,1.24,4*05
$GPGSV,3,1,12,08,02,044,,29,57,204,39.5,26,54,079,,24,72,057,,1*7B
$GPGSV,3,2,12,21,50,313,39.2,18,34,256,,10,28,056,,27,12,070,39.7,1*62
$GPGSV,3,3,12,16,08,301,39.7,22,03,248,,02,02,113,,15,64,117,,1*76
$GLGSV,2,1,06,85,16,327,39.9,68,38,064,,79,35,146,,83,17,217,39.5,1*78
$GLGSV,2,2,06,70,09,290,,67,06,087,39.8,1*6F
$GAGSV,1,1,00,7*73
$GBGSV,3,1,12,09,04,184,,01,38,147,,08,32,169,,02,30,229,,1*70
$GBGSV,3,2,12,04,27,125,37.8,10,27,215,,06,24,167,,05,16,249,38.6,1*7D
$GBGSV,3,3,12,07,12,191,38.9,11,05,033,,13,04,033,,03,45,191,37.2,1*74
$GNRMC,204359.000,A,3900.0018,N,11613.9793,E,0.01,317.13,280612,,,A,V*09
$GNVTG,317.13,T,,M,0.01,N,0.01,K,A*24
$GNZDA,204359.000,28,06,2012,,*4C
$GNGGA,204400.000,3900.0018,N,11613.9793,E,1,11,0.72,-12.1,M,-6.8,M,,*7A
$PAIRACC,3.52,8.53*41
$GNGLL,3900.0018,N,11613.9793,E,204400.000,A,A*46
$GNGSA,A,3,29,21,27,16,,,,,,,,,1.43,0.72,1.24,1*0F
$GNGSA,A,3,85,83,67,,,,,,,,,,1.43,0.72,1.24,2*01
$GNGSA,A,3,,,,,,,,,,,,,1.43,0.72,1.24,3*07
$GNGSA,A,3,04,05,07,03,,,,,,,,,1.43,0.72,1.24,4*05
$GPGSV,3,1,12,08,02,044,,29,57,204,39.9,26,54,079,,24,72,057,,1*77
$GPGSV,3,2,12,21,50,313,39.6,18,34,256,,10,28,056,,27,12,070,39.8,1*69
$GPGSV,3,3,12,16,08,301,39.7,22,03,248,,02,02,113,,15,64,117,,1*76
$GLGSV,2,1,06,85,16,327,40.1,68,38,064,,79,35,146,,83,17,217,40.3,1*76
$GLGSV,2,2,06,70,09,290,,67,06,087,40.1,1*68
$GAGSV,1,1,00,7*73
$GBGSV,3,1,12,09,04,184,,01,38,147,,08,32,169,,02,30,229,,1*70
$GBGSV,3,2,12,04,27,125,38.3,10,27,215,,06,24,167,,05,16,249,38.8,1*77
$GBGSV,3,3,12,07,12,191,39.2,11,05,033,,13,04,033,,03,45,191,38.2,1*71
$GNRMC,204400.000,A,3900.0018,N,11613.9793,E,0.01,330.39,280612,,,A,V*0F
$GNVTG,330.39,T,,M,0.01,N,0.01,K,A*29
$GNZDA,204400.000,28,06,2012,,*47
$GNGGA,204401.000,3900.0018,N,11613.9793,E,1,11,0.72,-12.1,M,-6.8,M,,*7B
$PAIRACC,3.51,8.58*49
$GNGLL,3900.0018,N,11613.9793,E,204401.000,A,A*47
$GNGSA,A,3,29,21,27,16,,,,,,,,,1.43,0.72,1.24,1*0F
$GNGSA,A,3,85,83,67,,,,,,,,,,1.43,0.72,1.24,2*01
$GNGSA,A,3,,,,,,,,,,,,,1.43,0.72,1.24,3*07
$GNGSA,A,3,04,05,07,03,,,,,,,,,1.43,0.72,1.24,4*05
$GPGSV,3,1,12,08,02,044,,29,57,204,39.3,26,54,079,,24,72,057,,1*7D
$GPGSV,3,2,12,21,50,313,39.3,18,34,256,,10,28,056,,27,12,070,39.4,1*60
$GPGSV,3,3,12,16,08,301,39.8,22,03,248,,02,02,113,,15,64,117,,1*79
$GLGSV,2,1,06,85,16,327,39.8,68,38,064,,79,35,146,,83,17,217,39.8,1*74
$GLGSV,2,2,06,70,09,290,,67,06,087,40.2,1*6B
$GAGSV,1,1,00,7*73
$GBGSV,3,1,12,09,04,184,,01,38,147,,08,32,169,,02,30,229,,1*70
$GBGSV,3,2,12,04,27,125,38.5,10,27,215,,06,24,167,,05,16,249,39.0,1*78
$GBGSV,3,3,12,07,12,191,39.5,11,05,033,,13,04,033,,03,45,191,38.2,1*76
$GNRMC,204401.000,A,3900.0018,N,11613.9793,E,0.01,327.81,280612,,,A,V*0B
$GNVTG,327.81,T,,M,0.01,N,0.01,K,A*2C
$GNZDA,204401.000,28,06,2012,,*46
$GNGGA,204402.000,3900.0018,N,11613.9793,E,1,11,0.72,-12.1,M,-6.8,M,,*78
$PAIRACC,3.55,8.75*42
$GNGLL,3900.0018,N,11613.9793,E,204402.000,A,A*44
$GNGSA,A,3,29,21,27,16,,,,,,,,,1.43,0.72,1.24,1*0F
$GNGSA,A,3,85,83,67,,,,,,,,,,1.43,0.72,1.24,2*01
$GNGSA,A,3,,,,,,,,,,,,,1.43,0.72,1.24,3*07
$GNGSA,A,3,04,05,07,03,,,,,,,,,1.43,0.72,1.24,4*05
$GPGSV,3,1,12,08,02,044,,29,57,204,39.3,26,54,079,,24,72,057,,1*7D
$GPGSV,3,2,12,21,50,313,39.4,18,34,256,,10,28,056,,27,12,070,39.6,1*65
$GPGSV,3,3,12,16,08,301,39.8,22,03,248,,02,02,113,,15,64,117,,1*79
$GLGSV,2,1,06,85,16,327,40.0,68,38,064,,79,35,146,,83,17,217,39.8,1*72
$GLGSV,2,2,06,70,09,290,,67,06,087,39.7,1*60
$GAGSV,1,1,00,7*73
$GBGSV,3,1,12,09,04,184,,01,38,147,,08,32,169,,02,30,229,,1*70
$GBGSV,3,2,12,04,27,125,37.8,10,27,215,,06,24,167,,05,16,249,38.5,1*7E
$GBGSV,3,3,12,07,12,191,38.8,11,05,033,,13,04,033,,03,45,191,37.2,1*75
$GNRMC,204402.000,A,3900.0018,N,11613.9793,E,0.01,327.70,280612,,,A,V*06
$GNVTG,327.70,T,,M,0.01,N,0.01,K,A*22
$GNZDA,204402.000,28,06,2012,,*45
$GNGGA,204403.000,3900.0018,N,11613.9793,E,1,11,0.72,-12.1,M,-6.8,M,,*79
$PAIRACC,3.58,8.62*49
$GNGLL,3900.0018,N,11613.9793,E,204403.000,A,A*45
$GNGSA,A,3,29,21,27,16,,,,,,,,,1.43,0.72,1.24,1*0F
$GNGSA,A,3,85,83,67,,,,,,,,,,1.43,0.72,1.24,2*01
$GNGSA,A,3,,,,,,,,,,,,,1.43,0.72,1.24,3*07
$GNGSA,A,3,04,05,07,03,,,,,,,,,1.43,0.72,1.24,4*05
$GPGSV,3,1,12,08,02,044,,29,57,204,39.3,26,54,079,,24,72,057,,1*7D
$GPGSV,3,2,12,21,50,313,39.5,18,34,256,,10,28,056,,27,12,070,39.6,1*64
$GPGSV,3,3,12,16,08,301,39.8,22,03,248,,02,02,113,,15,64,117,,1*79
$GLGSV,2,1,06,85,16,327,19.0,68,38,064,,79,35,146,,83,17,217,40.0,1*78
$GLGSV,2,2,06,70,09,290,,67,06,087,39.9,1*6E
$GAGSV,1,1,00,7*73
$GBGSV,3,1,12,09,04,184,,01,38,147,,08,32,169,,02,30,229,,1*70
$GBGSV,3,2,12,04,27,125,38.7,10,27,215,,06,24,167,,05,16,249,38.7,1*7C
$GBGSV,3,3,12,07,12,191,39.4,11,05,033,,13,04,033,,03,45,191,38.0,1*75
$GNRMC,204403.000,A,3900.0018,N,11613.9793,E,0.01,337.24,280612,,,A,V*07
$GNVTG,337.24,T,,M,0.01,N,0.01,K,A*22
$GNZDA,204403.000,28,06,2012,,*44
$GNGGA,204404.000,3900.0018,N,11613.9793,E,1,11,0.72,-12.2,M,-6.8,M,,*7D
$PAIRACC,3.55,8.58*4D
$GNGLL,3900.0018,N,11613.9793,E,204404.000,A,A*42
$GNGSA,A,3,29,21,27,16,,,,,,,,,1.43,0.72,1.24,1*0F
$GNGSA,A,3,85,83,67,,,,,,,,,,1.43,0.72,1.24,2*01
$GNGSA,A,3,,,,,,,,,,,,,1.43,0.72,1.24,3*07
$GNGSA,A,3,04,05,07,03,,,,,,,,,1.43,0.72,1.24,4*05
$GPGSV,3,1,12,08,02,044,,29,57,204,39.6,26,54,079,,24,72,057,,1*78
$GPGSV,3,2,12,21,50,313,39.7,18,34,256,,10,28,056,,27,12,070,39.9,1*69
$GPGSV,3,3,12,16,08,301,39.9,22,03,248,,02,02,113,,15,64,117,,1*78
$GLGSV,2,1,06,85,16,327,14.1,68,38,064,,79,35,146,,83,17,217,39.8,1*72
$GLGSV,2,2,06,70,09,290,,67,06,087,40.0,1*69
$GAGSV,1,1,00,7*73
$GBGSV,3,1,12,09,04,184,,01,38,147,,08,32,169,,02,30,229,,1*70
$GBGSV,3,2,12,04,27,125,38.2,10,27,215,,06,24,167,,05,16,249,38.5,1*7B
$GBGSV,3,3,12,07,12,191,39.6,11,05,033,,13,04,033,,03,45,191,38.1,1*76
$GNRMC,204404.000,A,3900.0018,N,11613.9793,E,0.01,330.60,280612,,,A,V*07
$GNVTG,330.60,T,,M,0.01,N,0.01,K,A*25
$GNZDA,204404.000,28,06,2012,,*43
$GNGGA,204405.000,3900.0018,N,11613.9793,E,1,11,0.72,-12.2,M,-6.8,M,,*7C
$PAIRACC,3.62,8.66*44
$GNGLL,3900.0018,N,11613.9793,E,204405.000,A,A*43
$GNGSA,A,3,29,21,27,16,,,,,,,,,1.43,0.72,1.24,1*0F
$GNGSA,A,3,85,83,67,,,,,,,,,,1.43,0.72,1.24,2*01
$GNGSA,A,3,,,,,,,,,,,,,1.43,0.72,1.24,3*07
$GNGSA,A,3,04,05,07,03,,,,,,,,,1.43,0.72,1.24,4*05
$GPGSV,3,1,12,08,02,044,,29,57,204,39.8,26,54,079,,24,72,057,,1*76
$GPGSV,3,2,12,21,50,313,39.5,18,34,256,,10,28,056,,27,12,070,39.3,1*61
$GPGSV,3,3,12,16,08,301,39.8,22,03,248,,02,02,113,,15,64,117,,1*79
$GLGSV,2,1,06,85,16,327,08.5,68,38,064,,79,35,146,,83,17,217,39.9,1*7A
$GLGSV,2,2,06,70,09,290,,67,06,087,39.8,1*6F
$GAGSV,1,1,00,7*73
$GBGSV,3,1,12,09,04,184,,01,38,147,,08,32,169,,02,30,229,,1*70
$GBGSV,3,2,12,04,27,125,38.2,10,27,215,,06,24,167,,05,16,249,38.9,1*77
$GBGSV,3,3,12,07,12,191,38.8,11,05,033,,13,04,033,,03,45,191,37.2,1*75
$GNRMC,204405.000,A,3900.0018,N,11613.9793,E,0.01,314.22,280612,,,A,V*06
$GNVTG,314.22,T,,M,0.01,N,0.01,K,A*25
$GNZDA,204405.000,28,06,2012,,*42
$GNGGA,204406.000,3900.0018,N,11613.9793,E,1,11,0.72,-12.2,M,-6.8,M,,*7F
$PAIRACC,3.65,8.71*45
$GNGLL,3900.0018,N,11613.9793,E,204406.000,A,A*40
$GNGSA,A,3,29,21,27,16,,,,,,,,,1.43,0.72,1.24,1*0F
$GNGSA,A,3,85,83,67,,,,,,,,,,1.43,0.72,1.24,2*01
$GNGSA,A,3,,,,,,,,,,,,,1.43,0.72,1.24,3*07
$GNGSA,A,3,04,05,07,03,,,,,,,,,1.43,0.72,1.24,4*05
$GPGSV,3,1,12,08,02,044,,29,57,204,39.8,26,54,079,,24,72,057,,1*76
$GPGSV,3,2,12,21,50,313,39.8,18,34,256,,10,28,056,,27,12,070,39.7,1*68
$GPGSV,3,3,12,16,08,301,39.8,22,03,248,,02,02,113,,15,64,117,,1*79
$GLGSV,2,1,06,85,16,327,11.2,68,38,064,,79,35,146,,83,17,217,40.2,1*70
$GLGSV,2,2,06,70,09,290,,67,06,087,40.1,1*68
$GAGSV,1,1,00,7*73
$GBGSV,3,1,12,09,04,184,,01,38,147,,08,32,169,,02,30,229,,1*70
$GBGSV,3,2,12,04,27,125,38.4,10,27,215,,06,24,167,,05,16,249,38.5,1*7D
$GBGSV,3,3,12,07,12,191,39.2,11,05,033,,13,04,033,,03,45,191,37.9,1*75
$GNRMC,204406.000,A,3900.0018,N,11613.9793,E,0.01,313.31,280612,,,A,V*00
$GNVTG,313.31,T,,M,0.01,N,0.01,K,A*20
$GNZDA,204406.000,28,06,2012,,*41
$GNGGA,204407.000,3900.0018,N,11613.9793,E,1,12,0.69,-12.2,M,-6.8,M,,*77
$PAIRACC,3.49,8.29*46
$GNGLL,3900.0018,N,11613.9793,E,204407.000,A,A*41
$GNGSA,A,3,29,21,27,16,,,,,,,,,1.38,0.69,1.20,1*0D
$GNGSA,A,3,85,83,70,67,,,,,,,,,1.38,0.69,1.20,2*04
$GNGSA,A,3,,,,,,,,,,,,,1.38,0.69,1.20,3*05
$GNGSA,A,3,04,05,07,03,,,,,,,,,1.38,0.69,1.20,4*07
$GPGSV,3,1,12,08,02,044,,29,57,204,39.7,26,54,079,,24,72,057,,1*79
$GPGSV,3,2,12,21,50,313,39.3,18,34,256,,10,28,056,,27,12,070,39.6,1*62
$GPGSV,3,3,12,16,08,301,39.5,22,03,248,,02,02,113,,15,64,117,,1*74
$GLGSV,2,1,06,85,16,327,13.2,68,38,064,,79,35,146,,83,17,217,40.2,1*72
$GLGSV,2,2,06,70,09,290,39.8,67,06,087,39.9,1*72
$GAGSV,1,1,00,7*73
$GBGSV,3,1,12,09,04,184,,01,38,147,,08,32,169,,02,30,229,,1*70
$GBGSV,3,2,12,04,27,125,38.4,10,27,215,,06,24,167,,05,16,249,38.8,1*70
$GBGSV,3,3,12,07,12,191,39.7,11,05,033,,13,04,033,,03,45,191,38.0,1*76
$GNRMC,204407.000,A,3900.0018,N,11613.9793,E,0.01,308.96,280612,,,A,V*06
$GNVTG,308.96,T,,M,0.01,N,0.01,K,A*27
$GNZDA,204407.000,28,06,2012,,*40
$GNGGA,204408.000,3900.0018,N,11613.9793,E,1,11,0.74,-12.2,M,-6.8,M,,*77
$PAIRACC,3.57,8.56*41
$GNGLL,3900.0018,N,11613.9793,E,204408.000,A,A*4E
$GNGSA,A,3,29,21,27,16,,,,,,,,,1.41,0.74,1.20,1*0F
$GNGSA,A,3,83,70,67,,,,,,,,,,1.41,0.74,1.20,2*0B
$GNGSA,A,3,,,,,,,,,,,,,1.41,0.74,1.20,3*07
$GNGSA,A,3,04,05,07,03,,,,,,,,,1.41,0.74,1.20,4*05
$GPGSV,3,1,12,08,02,044,,29,57,204,39.2,26,54,079,,24,72,057,,1*7C
$GPGSV,3,2,12,21,50,313,39.1,18,34,256,,10,28,056,,27,12,070,39.6,1*60
$GPGSV,3,3,12,16,08,301,39.3,22,03,248,,02,02,113,,15,64,117,,1*72
$GLGSV,2,1,06,85,16,327,,68,38,064,,79,35,146,,83,17,217,39.9,1*69
$GLGSV,2,2,06,70,09,290,39.4,67,06,087,40.2,1*7B
$GAGSV,1,1,00,7*73
$GBGSV,3,1,12,09,04,184,,01,38,147,,08,32,169,,02,30,229,,1*70
$GBGSV,3,2,12,04,27,125,38.2,10,27,215,,06,24,167,,05,16,249,38.4,1*7A
$GBGSV,3,3,12,07,12,191,38.8,11,05,033,,13,04,033,,03,45,191,37.5,1*72
$GNRMC,204408.000,A,3900.0018,N,11613.9793,E,0.01,309.90,280612,,,A,V*0E
$GNVTG,309.90,T,,M,0.01,N,0.01,K,A*20
$GNZDA,204408.000,28,06,2012,,*4F
$GNGGA,204409.000,3900.0018,N,11613.9793,E,1,11,0.74,-12.2,M,-6.8,M,,*76
$PAIRACC,3.50,8.30*46
$GNGLL,3900.0018,N,11613.9793,E,204409.000,A,A*4F
$GNGSA,A,3,29,21,27,16,,,,,,,,,1.41,0.74,1.20,1*0F
$GNGSA,A,3,83,70,67,,,,,,,,,,1.41,0.74,1.20,2*0B
$GNGSA,A,3,,,,,,,,,,,,,1.41,0.74,1.20,3*07
$GNGSA,A,3,04,05,07,03,,,,,,,,,1.41,0.74,1.20,4*05
$GPGSV,3,1,12,08,02,044,,29,57,204,39.9,26,54,079,,24,72,057,,1*77
$GPGSV,3,2,12,21,50,313,39.4,18,34,256,,10,28,056,,27,12,070,39.8,1*6B
$GPGSV,3,3,12,16,08,301,39.5,22,03,248,,02,02,113,,15,64,117,,1*74
$GLGSV,2,1,06,85,16,327,,68,38,064,,79,35,146,,83,17,217,39.7,1*67
$GLGSV,2,2,06,70,09,290,39.5,67,06,087,40.2,1*7A
$GAGSV,1,1,00,7*73
$GBGSV,3,1,12,09,04,184,,01,38,147,,08,32,169,,02,30,229,,1*70
$GBGSV,3,2,12,04,27,125,38.1,10,27,215,,06,24,167,,05,16,249,39.2,1*7E
$GBGSV,3,3,12,07,12,191,38.7,11,05,033,,13,04,033,,03,45,191,38.3,1*74
$GNRMC,204409.000,A,3900.0018,N,11613.9793,E,0.01,309.38,280612,,,A,V*0D
$GNVTG,309.38,T,,M,0.01,N,0.01,K,A*22
$GNZDA,204409.000,28,06,2012,,*4E
$GNGGA,204410.000,3900.0017,N,11613.9793,E,1,11,0.74,-12.2,M,-6.8,M,,*71
$PAIRACC,3.56,8.55*43
$GNGLL,3900.0017,N,11613.9793,E,204410.000,A,A*48
$GNGSA,A,3,29,21,27,16,,,,,,,,,1.41,0.74,1.20,1*0F
$GNGSA,A,3,83,70,67,,,,,,,,,,1.41,0.74,1.20,2*0B
$GNGSA,A,3,,,,,,,,,,,,,1.41,0.74,1.20,3*07
$GNGSA,A,3,04,05,07,03,,,,,,,,,1.41,0.74,1.20,4*05
$GPGSV,3,1,12,08,02,044,,29,57,204,39.7,26,54,079,,24,72,057,,1*79
$GPGSV,3,2,12,21,50,313,39.4,18,34,256,,10,28,056,,27,12,070,39.6,1*65
$GPGSV,3,3,12,16,08,301,39.9,22,03,248,,02,02,113,,15,64,117,,1*78
$GLGSV,2,1,06,85,16,327,,68,38,064,,79,35,146,,83,17,217,40.0,1*6E
$GLGSV,2,2,06,70,09,290,39.5,67,06,087,39.9,1*7F
$GAGSV,1,1,00,7*73
$GBGSV,3,1,12,09,04,184,,01,38,147,,08,32,169,,02,30,229,,1*70
$GBGSV,3,2,12,04,27,125,38.5,10,27,215,,06,24,167,,05,16,249,38.8,1*71
$GBGSV,3,3,12,07,12,191,39.3,11,05,033,,13,04,033,,03,45,191,38.0,1*72
$GNRMC,204410.000,A,3900.0017,N,11613.9793,E,0.01,117.63,280612,,,A,V*09
$GNVTG,117.63,T,,M,0.01,N,0.01,K,A*21
$GNZDA,204410.000,28,06,2012,,*46
$GNGGA,204411.000,3900.0017,N,11613.9793,E,1,11,0.74,-12.2,M,-6.8,M,,*70
$PAIRACC,3.49,8.29*46
$GNGLL,3900.0017,N,11613.9793,E,204411.000,A,A*49
$GNGSA,A,3,29,21,27,16,,,,,,,,,1.41,0.74,1.20,1*0F
$GNGSA,A,3,83,70,67,,,,,,,,,,1.41,0.74,1.20,2*0B
$GNGSA,A,3,,,,,,,,,,,,,1.41,0.74,1.20,3*07
$GNGSA,A,3,04,05,07,03,,,,,,,,,1.41,0.74,1.20,4*05
$GPGSV,3,1,12,08,02,044,,29,57,204,39.5,26,54,079,,24,72,057,,1*7B
$GPGSV,3,2,12,21,50,313,39.7,18,34,256,,10,28,056,,27,12,070,39.6,1*66
$GPGSV,3,3,12,16,08,301,39.7,22,03,248,,02,02,113,,15,64,117,,1*76
$GLGSV,2,1,06,85,16,327,,68,38,064,,79,35,146,,83,17,217,39.6,1*66
$GLGSV,2,2,06,70,09,290,39.4,67,06,087,39.5,1*72
$GAGSV,1,1,00,7*73
$GBGSV,3,1,12,09,04,184,,01,38,147,,08,32,169,,02,30,229,,1*70
$GBGSV,3,2,12,04,27,125,37.9,10,27,215,,06,24,167,,05,16,249,38.3,1*79
$GBGSV,3,3,12,07,12,191,38.2,11,05,033,,13,04,033,,03,45,191,37.6,1*7B
$GNRMC,204411.000,A,3900.0017,N,11613.9793,E,0.01,117.02,280612,,,A,V*0F
$GNVTG,117.02,T,,M,0.01,N,0.01,K,A*26
$GNZDA,204411.000,28,06,2012,,*47
$GNGGA,204412.000,3900.0017,N,11613.9793,E,1,11,0.74,-12.2,M,-6.8,M,,*73
$PAIRACC,3.52,8.50*42
$GNGLL,3900.0017,N,11613.9793,E,204412.000,A,A*4A
$GNGSA,A,3,29,21,27,16,,,,,,,,,1.41,0.74,1.20,1*0F
$GNGSA,A,3,83,70,67,,,,,,,,,,1.41,0.74,1.20,2*0B
$GNGSA,A,3,,,,,,,,,,,,,1.41,0.74,1.20,3*07
$GNGSA,A,3,04,05,07,03,,,,,,,,,1.41,0.74,1.20,4*05
$GPGSV,3,1,12,08,02,044,,29,57,204,39.4,26,54,079,,24,72,057,,1*7A
$GPGSV,3,2,12,21,50,313,39.3,18,34,256,,10,28,056,,27,12,070,39.3,1*67
$GPGSV,3,3,12,16,08,301,39.4,22,03,248,,02,02,113,,15,64,117,,1*75
$GLGSV,2,1,06,85,16,327,,68,38,064,,79,35,146,,83,17,217,39.9,1*69
$GLGSV,2,2,06,70,09,290,39.7,67,06,087,40.0,1*7A
$GAGSV,1,1,00,7*73
$GBGSV,3,1,12,09,04,184,,01,38,147,,08,32,169,,02,30,229,,1*70
$GBGSV,3,2,12,04,27,125,38.3,10,27,215,,06,24,167,,05,16,249,39.0,1*7E
$GBGSV,3,3,12,07,12,191,39.2,11,05,033,,13,04,033,,03,45,191,38.3,1*70
$GNRMC,204412.000,A,3900.0017,N,11613.9793,E,0.01,313.19,280612,,,A,V*00
$GNVTG,313.19,T,,M,0.01,N,0.01,K,A*2A
$GNZDA,204412.000,28,06,2012,,*44
$GNGGA,204413.000,3900.0017,N,11613.9793,E,1,11,0.74,-12.2,M,-6.8,M,,*72
$PAIRACC,3.48,8.27*49
$GNGLL,3900.0017,N,11613.9793,E,204413.000,A,A*4B
$GNGSA,A,3,29,21,27,16,,,,,,,,,1.41,0.74,1.20,1*0F
$GNGSA,A,3,83,70,67,,,,,,,,,,1.41,0.74,1.20,2*0B
$GNGSA,A,3,,,,,,,,,,,,,1.41,0.74,1.20,3*07
$GNGSA,A,3,04,05,07,03,,,,,,,,,1.41,0.74,1.20,4*05
$GPGSV,3,1,12,08,02,044,,29,57,204,39.7,26,54,079,,24,72,057,,1*79
$GPGSV,3,2,12,21,50,313,39.7,18,34,256,,10,28,056,,27,12,070,39.5,1*65
$GPGSV,3,3,12,16,08,301,39.8,22,03,248,,02,02,113,,15,64,117,,1*79
$GLGSV,2,1,06,85,16,327,,68,38,064,,79,35,146,,83,17,217,39.9,1*69
$GLGSV,2,2,06,70,09,290,39.7,67,06,087,39.6,1*72
$GAGSV,1,1,00,7*73
$GBGSV,3,1,12,09,04,184,,01,38,147,,08,32,169,,02,30,229,,1*70
$GBGSV,3,2,12,04,27,125,38.1,10,27,215,,06,24,167,,05,16,249,38.6,1*7B
$GBGSV,3,3,12,07,12,191,38.8,11,05,033,,13,04,033,,03,45,191,38.2,1*7A
$GNRMC,204413.000,A,3900.0017,N,11613.9793,E,0.01,37.94,280612,,,A,V*31
$GNVTG,37.94,T,,M,0.01,N,0.01,K,A*1A
$GNZDA,204413.000,28,06,2012,,*45
$GNGGA,204414.000,3900.0017,N,11613.9793,E,1,11,0.74,-12.2,M,-6.8,M,,*75
$PAIRACC,3.49,8.41*48
$GNGLL,3900.0017,N,11613.9793,E,204414.000,A,A*4C
$GNGSA,A,3,29,21,27,16,,,,,,,,,1.41,0.74,1.20,1*0F
$GNGSA,A,3,83,70,67,,,,,,,,,,1.41,0.74,1.20,2*0B
$GNGSA,A,3,,,,,,,,,,,,,1.41,0.74,1.20,3*07
$GNGSA,A,3,04,05,07,03,,,,,,,,,1.41,0.74,1.20,4*05
$GPGSV,3,1,12,08,02,044,,29,57,204,39.1,26,54,079,,24,72,057,,1*7F
$GPGSV,3,2,12,21,50,313,39.2,18,34,256,,10,28,056,,27,12,070,39.2,1*67
$GPGSV,3,3,12,16,08,301,39.7,22,03,248,,02,02,113,,15,64,117,,1*76
$GLGSV,2,1,06,85,16,327,,68,38,064,,79,35,146,,83,17,217,39.9,1*69
$GLGSV,2,2,06,70,09,290,39.7,67,06,087,39.9,1*7D
$GAGSV,1,1,00,7*73
$GBGSV,3,1,12,09,04,184,,01,38,147,,08,32,169,,02,30,229,,1*70
$GBGSV,3,2,12,04,27,125,38.2,10,27,215,,06,24,167,,05,16,249,38.5,1*7B
$GBGSV,3,3,12,07,12,191,39.4,11,05,033,,13,04,033,,03,45,191,37.3,1*79
$GNRMC,204414.000,A,3900.0017,N,11613.9793,E,0.01,37.06,280612,,,A,V*3D
$GNVTG,37.06,T,,M,0.01,N,0.01,K,A*11
$GNZDA,204414.000,28,06,2012,,*42
$GNGGA,204415.000,3900.0017,N,11613.9793,E,1,11,0.74,-12.2,M,-6.8,M,,*74
$PAIRACC,3.48,8.27*49
$GNGLL,3900.0017,N,11613.9793,E,204415.000,A,A*4D
$GNGSA,A,3,29,21,27,16,,,,,,,,,1.41,0.74,1.20,1*0F
$GNGSA,A,3,83,70,67,,,,,,,,,,1.41,0.74,1.20,2*0B
$GNGSA,A,3,,,,,,,,,,,,,1.41,0.74,1.20,3*07
$GNGSA,A,3,04,05,07,03,,,,,,,,,1.41,0.74,1.20,4*05
$GPGSV,3,1,12,08,02,044,,29,57,204,39.7,26,54,079,,24,72,057,,1*79
$GPGSV,3,2,12,21,50,313,39.5,18,34,256,,10,28,056,,27,12,070,39.8,1*6A
$GPGSV,3,3,12,16,08,301,39.5,22,03,248,,02,02,113,,15,64,117,,1*74
$GLGSV,2,1,06,85,16,327,,68,38,064,,79,35,146,,83,17,217,39.6,1*66
$GLGSV,2,2,06,70,09,290,39.8,67,06,087,39.9,1*72
$GAGSV,1,1,00,7*73
$GBGSV,3,1,12,09,04,184,,01,38,147,,08,32,169,,02,30,229,,1*70
$GBGSV,3,2,12,04,27,125,38.5,10,27,215,,06,24,167,,05,16,249,38.6,1*7F
$GBGSV,3,3,12,07,12,191,38.8,11,05,033,,13,04,033,,03,45,191,38.0,1*78
$GNRMC,204415.000,A,3900.0017,N,11613.9793,E,0.01,98.20,280612,,,A,V*3D
$GNVTG,98.20,T,,M,0.01,N,0.01,K,A*10
$GNZDA,204415.000,28,06,2012,,*43
$GNGGA,204416.000,3900.0017,N,11613.9793,E,1,11,0.74,-12.2,M,-6.8,M,,*77
$PAIRACC,3.48,8.30*4F
$GNGLL,3900.0017,N,11613.9793,E,204416.000,A,A*4E
$GNGSA,A,3,29,21,27,16,,,,,,,,,1.41,0.74,1.20,1*0F
$GNGSA,A,3,83,70,67,,,,,,,,,,1.41,0.74,1.20,2*0B
$GNGSA,A,3,,,,,,,,,,,,,1.41,0.74,1.20,3*07
$GNGSA,A,3,04,05,07,03,,,,,,,,,1.41,0.74,1.20,4*05
$GPGSV,3,1,12,08,02,044,,29,57,204,39.2,26,54,079,,24,72,057,,1*7C
$GPGSV,3,2,12,21,50,313,39.6,18,34,256,,10,28,056,,27,12,070,39.8,1*69
$GPGSV,3,3,12,16,08,301,39.7,22,03,248,,02,02,113,,15,64,117,,1*76
$GLGSV,2,1,06,85,16,327,,68,38,064,,79,35,146,,83,17,217,40.0,1*6E
$GLGSV,2,2,06,70,09,290,39.0,67,06,087,40.2,1*7F
$GAGSV,1,1,00,7*73
$GBGSV,3,1,12,09,04,184,,01,38,147,,08,32,169,,02,30,229,,1*70
$GBGSV,3,2,12,04,27,125,38.4,10,27,215,,06,24,167,,05,16,249,38.6,1*7E
$GBGSV,3,3,12,07,12,191,39.3,11,05,033,,13,04,033,,03,45,191,37.8,1*75
$GNRMC,204416.000,A,3900.0017,N,11613.9793,E,0.00,37.04,280612,,,A,V*3C
$GNVTG,37.04,T,,M,0.00,N,0.01,K,A*12
$GNZDA,204416.000,28,06,2012,,*40
$GNGGA,204417.000,3900.0017,N,11613.9793,E,1,11,0.74,-12.2,M,-6.8,M,,*76
$PAIRACC,3.51,8.42*42
$GNGLL,3900.0017,N,11613.9793,E,204417.000,A,A*4F
$GNGSA,A,3,29,21,27,16,,,,,,,,,1.41,0.74,1.20,1*0F
$GNGSA,A,3,83,70,67,,,,,,,,,,1.41,0.74,1.20,2*0B
$GNGSA,A,3,,,,,,,,,,,,,1.41,0.74,1.20,3*07
$GNGSA,A,3,04,05,07,03,,,,,,,,,1.41,0.74,1.20,4*05
$GPGSV,3,1,12,08,02,044,,29,57,204,39.4,26,54,079,,24,72,057,,1*7A
$GPGSV,3,2,12,21,50,313,39.3,18,34,256,,10,28,056,,27,12,070,39.3,1*67
$GPGSV,3,3,12,16,08,301,39.6,22,03,248,,02,02,113,,15,64,117,,1*77
$GLGSV,2,1,06,85,16,327,,68,38,064,,79,35,146,,83,17,217,39.8,1*68
$GLGSV,2,2,06,70,09,290,38.5,67,06,087,39.8,1*7F
$GAGSV,1,1,00,7*73
$GBGSV,3,1,12,09,04,184,,01,38,147,,08,32,169,,02,30,229,,1*70
$GBGSV,3,2,12,04,27,125,38.4,10,27,215,,06,24,167,,05,16,249,38.5,1*7D
$GBGSV,3,3,12,07,12,191,39.7,11,05,033,,13,04,033,,03,45,191,37.9,1*70
$GNRMC,204417.000,A,3900.0017,N,11613.9793,E,0.00,336.21,280612,,,A,V*08
$GNVTG,336.21,T,,M,0.00,N,0.01,K,A*27
$GNZDA,204417.000,28,06,2012,,*41
$GNGGA,204418.000,3900.0017,N,11613.9793,E,1,11,0.74,-12.2,M,-6.8,M,,*79
$PAIRACC,3.46,8.25*45
$GNGLL,3900.0017,N,11613.9793,E,204418.000,A,A*40
$GNGSA,A,3,29,21,27,16,,,,,,,,,1.41,0.74,1.20,1*0F
$GNGSA,A,3,83,70,67,,,,,,,,,,1.41,0.74,1.20,2*0B
$GNGSA,A,3,,,,,,,,,,,,,1.41,0.74,1.20,3*07
$GNGSA,A,3,04,05,07,03,,,,,,,,,1.41,0.74,1.20,4*05
$GPGSV,3,1,12,08,02,044,,29,57,204,39.5,26,54,079,,24,72,057,,1*7B
$GPGSV,3,2,12,21,50,313,39.3,18,34,256,,10,28,056,,27,12,070,39.5,1*61
$GPGSV,3,3,12,16,08,301,39.6,22,03,248,,02,02,113,,15,64,117,,1*77
$GLGSV,2,1,06,85,16,327,,68,38,064,,79,35,146,,83,17,217,40.0,1*6E
$GLGSV,2,2,06,70,09,290,38.8,67,06,087,40.2,1*76
$GAGSV,1,1,00,7*73
$GBGSV,3,1,12,09,04,184,,01,38,147,,08,32,169,,02,30,229,,1*70
$GBGSV,3,2,12,04,27,125,38.5,10,27,215,,06,24,167,,05,16,249,38.6,1*7F
$GBGSV,3,3,12,07,12,191,38.9,11,05,033,,13,04,033,,03,45,191,38.2,1*7B
$GNRMC,204418.000,A,3900.0017,N,11613.9793,E,0.00,7.14,280612,,,A,V*00
$GNVTG,7.14,T,,M,0.00,N,0.01,K,A*20
$GNZDA,204418.000,28,06,2012,,*4E
$GNGGA,204419.000,3900.0017,N,11613.9793,E,1,11,0.74,-12.2,M,-6.8,M,,*78
$PAIRACC,3.45,8.25*46
$GNGLL,3900.0017,N,11613.9793,E,204419.000,A,A*41
$GNGSA,A,3,29,21,27,16,,,,,,,,,1.41,0.74,1.20,1*0F
$GNGSA,A,3,83,70,67,,,,,,,,,,1.41,0.74,1.20,2*0B
$GNGSA,A,3,,,,,,,,,,,,,1.41,0.74,1.20,3*07
$GNGSA,A,3,04,05,07,03,,,,,,,,,1.41,0.74,1.20,4*05
$GPGSV,3,1,12,08,02,044,,29,57,204,39.2,26,54,079,,24,72,057,,1*7C
$GPGSV,3,2,12,21,50,313,39.4,18,34,256,,10,28,056,,27,12,070,39.6,1*65
$GPGSV,3,3,12,16,08,301,39.1,22,03,248,,02,02,113,,15,64,117,,1*70
$GLGSV,2,1,06,85,16,327,,68,38,064,,79,35,146,,83,17,217,39.8,1*68
$GLGSV,2,2,06,70,09,290,38.1,67,06,087,40.1,1*7C
$GAGSV,1,1,00,7*73
$GBGSV,3,1,12,09,04,184,,01,38,147,,08,32,169,,02,30,229,,1*70
$GBGSV,3,2,12,04,27,125,38.8,10,27,215,,06,24,167,,05,16,249,39.0,1*75
$GBGSV,3,3,12,07,12,191,39.6,11,05,033,,13,04,033,,03,45,191,38.2,1*75
$GNRMC,204419.000,A,3900.0017,N,11613.9793,E,0.00,8.79,280612,,,A,V*05
$GNVTG,8.79,T,,M,0.00,N,0.01,K,A*24
$GNZDA,204419.000,28,06,2012,,*4F
$GNGGA,204420.000,3900.0017,N,11613.9793,E,1,11,0.74,-12.2,M,-6.8,M,,*72
$PAIRACC,3.49,8.30*4E
$GNGLL,3900.0017,N,11613.9793,E,204420.000,A,A*4B
$GNGSA,A,3,29,21,27,16,,,,,,,,,1.41,0.74,1.20,1*0F
$GNGSA,A,3,83,70,67,,,,,,,,,,1.41,0.74,1.20,2*0B
$GNGSA,A,3,,,,,,,,,,,,,1.41,0.74,1.20,3*07
$GNGSA,A,3,04,05,07,03,,,,,,,,,1.41,0.74,1.20,4*05
$GPGSV,3,1,12,08,02,044,,29,57,204,39.8,26,54,079,,24,72,057,,1*76
$GPGSV,3,2,12,21,50,313,39.5,18,34,256,,10,28,056,,27,12,070,39.8,1*6A
$GPGSV,3,3,12,16,08,301,39.4,22,03,248,,02,02,113,,15,64,117,,1*75
$GLGSV,2,1,06,85,16,327,,68,38,064,,79,35,146,,83,17,217,40.4,1*6A
$GLGSV,2,2,06,70,09,290,38.9,67,06,087,39.7,1*7C
$GAGSV,1,1,00,7*73
$GBGSV,3,1,12,09,04,184,,01,38,147,,08,32,169,,02,30,229,,1*70
$GBGSV,3,2,12,04,27,125,37.8,10,27,215,,06,24,167,,05,16,249,38.2,1*79
$GBGSV,3,3,12,07,12,191,39.3,11,05,033,,13,04,033,,03,45,191,37.4,1*79
$GNRMC,204420.000,A,3900.0017,N,11613.9793,E,0.00,355.39,280612,,,A,V*00
$GNVTG,355.39,T,,M,0.00,N,0.01,K,A*2B
$GNZDA,204420.000,28,06,2012,,*45
$GNGGA,204421.000,3900.0016,N,11613.9793,E,1,11,0.74,-12.2,M,-6.8,M,,*72
$PAIRACC,3.46,8.25*45
$GNGLL,3900.0016,N,11613.9793,E,204421.000,A,A*4B
$GNGSA,A,3,29,21,27,16,,,,,,,,,1.41,0.74,1.20,1*0F
$GNGSA,A,3,83,70,67,,,,,,,,,,1.41,0.74,1.20,2*0B
$GNGSA,A,3,,,,,,,,,,,,,1.41,0.74,1.20,3*07
$GNGSA,A,3,04,05,07,03,,,,,,,,,1.41,0.74,1.20,4*05
$GPGSV,3,1,12,08,02,044,,29,57,204,39.9,26,54,079,,24,72,057,,1*77
$GPGSV,3,2,12,21,50,313,39.6,18,34,256,,10,28,056,,27,12,070,39.6,1*67
$GPGSV,3,3,12,16,08,301,39.7,22,03,248,,02,02,113,,15,64,117,,1*76
$GLGSV,2,1,06,85,16,327,,68,38,064,,79,35,146,,83,17,217,39.6,1*66
$GLGSV,2,2,06,70,09,290,37.4,67,06,087,39.7,1*7E
$GAGSV,1,1,00,7*73
$GBGSV,3,1,12,09,04,184,,01,38,147,,08,32,169,,02,30,229,,1*70
$GBGSV,3,2,12,04,27,125,38.4,10,27,215,,06,24,167,,05,16,249,38.5,1*7D
$GBGSV,3,3,12,07,12,191,38.8,11,05,033,,13,04,033,,03,45,191,38.1,1*79
$GNRMC,204421.000,A,3900.0016,N,11613.9793,E,0.00,0.00,280612,,,A,V*09
$GNVTG,0.00,T,,M,0.00,N,0.00,K,A*23
$GNZDA,204421.000,28,06,2012,,*44
$GNGGA,204422.000,3900.0016,N,11613.9793,E,1,11,0.74,-12.3,M,-6.8,M,,*70
$PAIRACC,3.55,8.53*46
$GNGLL,3900.0016,N,11613.9793,E,204422.000,A,A*48
$GNGSA,A,3,29,21,27,16,,,,,,,,,1.41,0.74,1.20,1*0F
$GNGSA,A,3,83,70,67,,,,,,,,,,1.41,0.74,1.20,2*0B
$GNGSA,A,3,,,,,,,,,,,,,1.41,0.74,1.20,3*07
$GNGSA,A,3,04,05,07,03,,,,,,,,,1.41,0.74,1.20,4*05
$GPGSV,3,1,12,08,02,044,,29,57,204,39.8,26,54,079,,24,72,057,,1*76
$GPGSV,3,2,12,21,50,313,39.6,18,34,256,,10,28,056,,27,12,070,39.6,1*67
$GPGSV,3,3,12,16,08,301,39.5,22,03,248,,02,02,113,,15,64,117,,1*74
$GLGSV,2,1,06,85,16,327,,68,38,064,,79,35,146,,83,17,217,39.8,1*68
$GLGSV,2,2,06,70,09,290,39.9,67,06,087,39.8,1*72
$GAGSV,1,1,00,7*73
$GBGSV,3,1,12,09,04,184,,01,38,147,,08,32,169,,02,30,229,,1*70
$GBGSV,3,2,12,04,27,125,38.5,10,27,215,,06,24,167,,05,16,249,38.8,1*71
$GBGSV,3,3,12,07,12,191,39.6,11,05,033,,13,04,033,,03,45,191,38.0,1*77
$GNRMC,204422.000,A,3900.0016,N,11613.9793,E,0.00,39.70,280612,,,A,V*37
$GNVTG,39.70,T,,M,0.00,N,0.00,K,A*1E
$GNZDA,204422.000,28,06,2012,,*47
$GNGGA,204423.000,3900.0016,N,11613.9793,E,1,11,0.74,-12.3,M,-6.8,M,,*71
$PAIRACC,3.48,8.28*46
$GNGLL,3900.0016,N,11613.9793,E,204423.000,A,A*49
$GNGSA,A,3,29,21,27,16,,,,,,,,,1.41,0.74,1.20,1*0F
$GNGSA,A,3,83,70,67,,,,,,,,,,1.41,0.74,1.20,2*0B
$GNGSA,A,3,,,,,,,,,,,,,1.41,0.74,1.20,3*07
$GNGSA,A,3,04,05,07,03,,,,,,,,,1.41,0.74,1.20,4*05
$GPGSV,3,1,12,08,02,044,,29,57,204,39.6,26,54,079,,24,72,057,,1*78
$GPGSV,3,2,12,21,50,313,39.6,18,34,256,,10,28,056,,27,12,070,39.8,1*69
$GPGSV,3,3,12,16,08,301,39.4,22,03,248,,02,02,113,,15,64,117,,1*75
$GLGSV,2,1,06,85,16,327,,68,38,064,,79,35,146,,83,17,217,40.1,1*6F
$GLGSV,2,2,06,70,09,290,39.5,67,06,087,39.7,1*71
$GAGSV,1,1,00,7*73
$GBGSV,3,1,12,09,04,184,,01,38,147,,08,32,169,,02,30,229,,1*70
$GBGSV,3,2,12,04,27,125,38.4,10,27,215,,06,24,167,,05,16,249,38.5,1*7D
$GBGSV,3,3,12,07,12,191,39.3,11,05,033,,13,04,033,,03,45,191,37.3,1*7E
$GNRMC,204423.000,A,3900.0016,N,11613.9793,E,0.00,40.58,280612,,,A,V*32
$GNVTG,40.58,T,,M,0.00,N,0.00,K,A*1A
$GNZDA,204423.000,28,06,2012,,*46
$GNGGA,204424.000,3900.0016,N,11613.9793,E,1,11,0.74,-12.3,M,-6.8,M,,*76
$PAIRACC,3.53,8.51*42
$GNGLL,3900.0016,N,11613.9793,E,204424.000,A,A*4E
$GNGSA,A,3,29,21,27,16,,,,,,,,,1.41,0.74,1.20,1*0F
$GNGSA,A,3,83,70,67,,,,,,,,,,1.41,0.74,1.20,2*0B
$GNGSA,A,3,,,,,,,,,,,,,1.41,0.74,1.20,3*07
$GNGSA,A,3,04,05,07,03,,,,,,,,,1.41,0.74,1.20,4*05
$GPGSV,3,1,12,08,02,044,,29,57,204,39.7,26,54,079,,24,72,057,,1*79
$GPGSV,3,2,12,21,50,313,39.2,18,34,256,,10,28,056,,27,12,070,39.7,1*62
$GPGSV,3,3,12,16,08,301,39.8,22,03,248,,02,02,113,,15,64,117,,1*79
$GLGSV,2,1,06,85,16,327,,68,38,064,,79,35,146,,83,17,217,40.1,1*6F
$GLGSV,2,2,06,70,09,290,39.8,67,06,087,40.4,1*71
$GAGSV,1,1,00,7*73
$GBGSV,3,1,12,09,04,184,,01,38,147,,08,32,169,,02,30,229,,1*70
$GBGSV,3,2,12,04,27,125,38.2,10,27,215,,06,24,167,,05,16,249,38.9,1*77
$GBGSV,3,3,12,07,12,191,38.5,11,05,033,,13,04,033,,03,45,191,38.0,1*75
$GNRMC,204424.000,A,3900.0016,N,11613.9793,E,0.00,59.60,280612,,,A,V*36
$GNVTG,59.60,T,,M,0.00,N,0.00,K,A*19
$GNZDA,204424.000,28,06,2012,,*41
$GNGGA,204425.000,3900.0016,N,11613.9793,E,1,11,0.74,-12.3,M,-6.8,M,,*77
$PAIRACC,3.45,8.24*47
$GNGLL,3900.0016,N,11613.9793,E,204425.000,A,A*4F
$GNGSA,A,3,29,21,27,16,,,,,,,,,1.41,0.74,1.20,1*0F
$GNGSA,A,3,83,70,67,,,,,,,,,,1.41,0.74,1.20,2*0B
$GNGSA,A,3,,,,,,,,,,,,,1.41,0.74,1.20,3*07
$GNGSA,A,3,04,05,07,03,,,,,,,,,1.41,0.74,1.20,4*05
$GPGSV,3,1,12,08,02,044,,29,57,204,39.8,26,54,079,,24,72,057,,1*76
$GPGSV,3,2,12,21,50,313,39.9,18,34,256,,10,28,056,,27,12,070,39.5,1*6B
$GPGSV,3,3,12,16,08,301,39.8,22,03,248,,02,02,113,,15,64,117,,1*79
$GLGSV,2,1,06,85,16,327,,68,38,064,,79,35,146,,83,17,217,39.6,1*66
$GLGSV,2,2,06,70,09,290,40.3,67,06,087,39.7,1*79
$GAGSV,1,1,00,7*73
$GBGSV,3,1,12,09,04,184,,01,38,147,,08,32,169,,02,30,229,,1*70
$GBGSV,3,2,12,04,27,125,38.4,10,27,215,,06,24,167,,05,16,249,38.8,1*70
$GBGSV,3,3,12,07,12,191,39.0,11,05,033,,13,04,033,,03,45,191,38.1,1*70
$GNRMC,204425.000,A,3900.0016,N,11613.9793,E,0.00,60.36,280612,,,A,V*3E
$GNVTG,60.36,T,,M,0.00,N,0.00,K,A*10
$GNZDA,204425.000,28,06,2012,,*40
$GNGGA,204426.000,3900.0016,N,11613.9793,E,1,11,0.74,-12.3,M,-6.8,M,,*74
$PAIRACC,3.45,8.24*47
$GNGLL,3900.0016,N,11613.9793,E,204426.000,A,A*4C
$GNGSA,A,3,29,21,27,16,,,,,,,,,1.41,0.74,1.20,1*0F
$GNGSA,A,3,83,70,67,,,,,,,,,,1.41,0.74,1.20,2*0B
$GNGSA,A,3,,,,,,,,,,,,,1.41,0.74,1.20,3*07
$GNGSA,A,3,04,05,07,03,,,,,,,,,1.41,0.74,1.20,4*05
$GPGSV,3,1,12,08,02,044,,29,57,204,39.6,26,54,079,,24,72,057,,1*78
$GPGSV,3,2,12,21,50,313,39.4,18,34,256,,10,28,056,,27,12,070,39.6,1*65
$GPGSV,3,3,12,16,08,301,39.8,22,03,248,,02,02,113,,15,64,117,,1*79
$GLGSV,2,1,06,85,16,327,,68,38,064,,79,35,146,,83,17,217,40.0,1*6E
$GLGSV,2,2,06,70,09,290,39.8,67,06,087,40.0,1*75
$GAGSV,1,1,00,7*73
$GBGSV,3,1,12,09,04,184,,01,38,147,,08,32,169,,02,30,229,,1*70
$GBGSV,3,2,12,04,27,125,38.0,10,27,215,,06,24,167,,05,16,249,38.3,1*7F
$GBGSV,3,3,12,07,12,191,39.4,11,05,033,,13,04,033,,03,45,191,37.5,1*7F
$GNRMC,204426.000,A,3900.0016,N,11613.9793,E,0.00,58.70,280612,,,A,V*34
$GNVTG,58.70,T,,M,0.00,N,0.00,K,A*19
$GNZDA,204426.000,28,06,2012,,*43
$GNGGA,204427.000,3900.0016,N,11613.9793,E,1,11,0.74,-12.3,M,-6.8,M,,*75
$PAIRACC,3.52,8.44*47
$GNGLL,3900.0016,N,11613.9793,E,204427.000,A,A*4D
$GNGSA,A,3,29,21,27,16,,,,,,,,,1.41,0.74,1.20,1*0F
$GNGSA,A,3,83,70,67,,,,,,,,,,1.41,0.74,1.20,2*0B
$GNGSA,A,3,,,,,,,,,,,,,1.41,0.74,1.20,3*07
$GNGSA,A,3,04,05,07,03,,,,,,,,,1.41,0.74,1.20,4*05
$GPGSV,3,1,12,08,02,044,,29,57,204,39.5,26,54,079,,24,72,057,,1*7B
$GPGSV,3,2,12,21,50,313,39.3,18,34,256,,10,28,056,,27,12,070,39.6,1*62
$GPGSV,3,3,12,16,08,301,39.7,22,03,248,,02,02,113,,15,64,117,,1*76
$GLGSV,2,1,06,85,16,327,,68,38,064,,79,35,146,,83,17,217,39.9,1*69
$GLGSV,2,2,06,70,09,290,40.0,67,06,087,39.5,1*78
$GAGSV,1,1,00,7*73
$GBGSV,3,1,12,09,04,184,,01,38,147,,08,32,169,,02,30,229,,1*70
$GBGSV,3,2,12,04,27,125,38.5,10,27,215,,06,24,167,,05,16,249,38.7,1*7E
$GBGSV,3,3,12,07,12,191,38.4,11,05,033,,13,04,033,,03,45,191,38.1,1*75
$GNRMC,204427.000,A,3900.0016,N,11613.9793,E,0.00,75.09,280612,,,A,V*34
$GNVTG,75.09,T,,M,0.00,N,0.00,K,A*18
$GNZDA,204427.000,28,06,2012,,*42
$GNGGA,204428.000,3900.0016,N,11613.9793,E,1,11,0.74,-12.3,M,-6.8,M,,*7A
$PAIRACC,3.45,8.24*47
$GNGLL,3900.0016,N,11613.9793,E,204428.000,A,A*42
$GNGSA,A,3,29,21,27,16,,,,,,,,,1.41,0.74,1.20,1*0F
$GNGSA,A,3,83,70,67,,,,,,,,,,1.41,0.74,1.20,2*0B
$GNGSA,A,3,,,,,,,,,,,,,1.41,0.74,1.20,3*07
$GNGSA,A,3,04,05,07,03,,,,,,,,,1.41,0.74,1.20,4*05
$GPGSV,3,1,12,08,02,044,,29,57,204,39.8,26,54,079,,24,72,057,,1*76
$GPGSV,3,2,12,21,50,313,39.3,18,34,256,,10,28,056,,27,12,070,39.7,1*63
$GPGSV,3,3,12,16,08,301,39.7,22,03,248,,02,02,113,,15,64,117,,1*76
$GLGSV,2,1,06,85,16,327,,68,38,064,,79,35,146,,83,17,217,39.9,1*69
$GLGSV,2,2,06,70,09,290,39.7,67,06,087,40.3,1*79
$GAGSV,1,1,00,7*73
$GBGSV,3,1,12,09,04,184,,01,38,147,,08,32,169,,02,30,229,,1*70
$GBGSV,3,2,12,04,27,125,38.2,10,27,215,,06,24,167,,05,16,249,38.6,1*78
$GBGSV,3,3,12,07,12,191,39.2,11,05,033,,13,04,033,,03,45,191,38.2,1*71
$GNRMC,204428.000,A,3900.0016,N,11613.9793,E,0.00,54.00,280612,,,A,V*31
$GNVTG,54.00,T,,M,0.00,N,0.00,K,A*12
$GNZDA,204428.000,28,06,2012,,*4D
$GNGGA,204429.000,3900.0016,N,11613.9793,E,1,11,0.74,-12.3,M,-6.8,M,,*7B
$PAIRACC,3.44,8.22*40
$GNGLL,3900.0016,N,11613.9793,E,204429.000,A,A*43
$GNGSA,A,3,29,21,27,16,,,,,,,,,1.41,0.74,1.20,1*0F
$GNGSA,A,3,83,70,67,,,,,,,,,,1.41,0.74,1.20,2*0B
$GNGSA,A,3,,,,,,,,,,,,,1.41,0.74,1.20,3*07
$GNGSA,A,3,04,05,07,03,,,,,,,,,1.41,0.74,1.20,4*05
$GPGSV,3,1,12,08,02,044,,29,57,204,39.4,26,54,079,,24,72,057,,1*7A
$GPGSV,3,2,12,21,50,313,39.2,18,34,256,,10,28,056,,27,12,070,39.9,1*6C
$GPGSV,3,3,12,16,08,301,39.5,22,03,248,,02,02,113,,15,64,117,,1*74
$GLGSV,2,1,06,85,16,327,,68,38,064,,79,35,146,,83,17,217,39.7,1*67
$GLGSV,2,2,06,70,09,290,39.5,67,06,087,39.6,1*70
$GAGSV,1,1,00,7*73
$GBGSV,3,1,12,09,04,184,,01,38,147,,08,32,169,,02,30,229,,1*70
$GBGSV,3,2,12,04,27,125,38.2,10,27,215,,06,24,167,,05,16,249,38.2,1*7C
$GBGSV,3,3,12,07,12,191,39.5,11,05,033,,13,04,033,,03,45,191,37.8,1*73
$GNRMC,204429.000,A,3900.0016,N,11613.9793,E,0.00,30.54,280612,,,A,V*33
$GNVTG,30.54,T,,M,0.00,N,0.00,K,A*11
$GNZDA,204429.000,28,06,2012,,*4C
$GNGGA,204430.000,3900.0016,N,11613.9793,E,1,11,0.74,-12.3,M,-6.8,M,,*73
$PAIRACC,3.47,8.26*47
$GNGLL,3900.0016,N,11613.9793,E,204430.000,A,A*4B
$GNGSA,A,3,29,21,27,16,,,,,,,,,1.41,0.74,1.20,1*0F
$GNGSA,A,3,83,70,67,,,,,,,,,,1.41,0.74,1.20,2*0B
$GNGSA,A,3,,,,,,,,,,,,,1.41,0.74,1.20,3*07
$GNGSA,A,3,04,05,07,03,,,,,,,,,1.41,0.74,1.20,4*05
$GPGSV,3,1,12,08,02,044,,29,57,204,40.0,26,54,079,,24,72,057,,1*70
$GPGSV,3,2,12,21,50,313,39.4,18,34,256,,10,28,056,,27,12,070,40.0,1*6D
$GPGSV,3,3,12,16,08,301,39.5,22,03,248,,02,02,113,,15,64,117,,1*74
$GLGSV,2,1,06,85,16,327,,68,38,064,,79,35,146,,83,17,217,40.3,1*6D
$GLGSV,2,2,06,70,09,290,39.9,67,06,087,39.7,1*7D
$GAGSV,1,1,00,7*73
$GBGSV,3,1,12,09,04,184,,01,38,147,,08,32,169,,02,30,229,,1*70
$GBGSV,3,2,12,04,27,125,38.7,10,27,215,,06,24,167,,05,16,249,38.5,1*7E
$GBGSV,3,3,12,07,12,191,38.7,11,05,033,,13,04,033,,03,45,191,38.3,1*74
$GNRMC,204430.000,A,3900.0016,N,11613.9793,E,0.00,44.68,280612,,,A,V*37
$GNVTG,44.68,T,,M,0.00,N,0.00,K,A*1D
$GNZDA,204430.000,28,06,2012,,*44
$GNGGA,204431.000,3900.0016,N,11613.9793,E,1,11,0.74,-12.3,M,-6.8,M,,*72
$PAIRACC,3.44,8.22*40
$GNGLL,3900.0016,N,11613.9793,E,204431.000,A,A*4A
$GNGSA,A,3,29,21,27,16,,,,,,,,,1.41,0.74,1.20,1*0F
$GNGSA,A,3,83,70,67,,,,,,,,,,1.41,0.74,1.20,2*0B
$GNGSA,A,3,,,,,,,,,,,,,1.41,0.74,1.20,3*07
$GNGSA,A,3,04,05,07,03,,,,,,,,,1.41,0.74,1.20,4*05
$GPGSV,3,1,12,08,02,044,,29,57,204,39.8,26,54,079,,24,72,057,,1*76
$GPGSV,3,2,12,21,50,313,39.8,18,34,256,,10,28,056,,27,12,070,39.5,1*6A
$GPGSV,3,3,12,16,08,301,39.7,22,03,248,,02,02,113,,15,64,117,,1*76
$GLGSV,2,1,06,85,16,327,,68,38,064,,79,35,146,,83,17,217,39.8,1*68
$GLGSV,2,2,06,70,09,290,39.8,67,06,087,39.6,1*7D
$GAGSV,1,1,00,7*73
$GBGSV,3,1,12,09,04,184,,01,38,147,,08,32,169,,02,30,229,,1*70
$GBGSV,3,2,12,04,27,125,38.3,10,27,215,,06,24,167,,05,16,249,38.6,1*79
$GBGSV,3,3,12,07,12,191,39.0,11,05,033,,13,04,033,,03,45,191,38.1,1*70
$GNRMC,204431.000,A,3900.0016,N,11613.9793,E,0.00,57.49,280612,,,A,V*37
$GNVTG,57.49,T,,M,0.00,N,0.01,K,A*1D
$GNZDA,204431.000,28,06,2012,,*45
$GNGGA,204432.000,3900.0015,N,11613.9793,E,1,11,0.74,-12.3,M,-6.8,M,,*72
$PAIRACC,3.44,8.21*43
$GNGLL,3900.0015,N,11613.9793,E,204432.000,A,A*4A
$GNGSA,A,3,29,21,27,16,,,,,,,,,1.41,0.74,1.20,1*0F
$GNGSA,A,3,83,70,67,,,,,,,,,,1.41,0.74,1.20,2*0B
$GNGSA,A,3,,,,,,,,,,,,,1.41,0.74,1.20,3*07
$GNGSA,A,3,04,05,07,03,,,,,,,,,1.41,0.74,1.20,4*05
$GPGSV,3,1,12,08,02,044,,29,57,204,39.9,26,54,079,,24,72,057,,1*77
$GPGSV,3,2,12,21,50,313,39.7,18,34,256,,10,28,056,,27,12,070,39.5,1*65
$GPGSV,3,3,12,16,08,301,39.7,22,03,248,,02,02,113,,15,64,117,,1*76
$GLGSV,2,1,06,85,16,327,,68,38,064,,79,35,146,,83,17,217,39.8,1*68
$GLGSV,2,2,06,70,09,290,39.8,67,06,087,39.9,1*72
$GAGSV,1,1,00,7*73
$GBGSV,3,1,12,09,04,184,,01,38,147,,08,32,169,,02,30,229,,1*70
$GBGSV,3,2,12,04,27,125,38.7,10,27,215,,06,24,167,,05,16,249,39.0,1*7A
$GBGSV,3,3,12,07,12,191,39.3,11,05,033,,13,04,033,,03,45,191,38.7,1*75
$GNRMC,204432.000,A,3900.0015,N,11613.9793,E,0.00,40.19,280612,,,A,V*34
$GNVTG,40.19,T,,M,0.00,N,0.00,K,A*1F
$GNZDA,204432.000,28,06,2012,,*46
$GNGGA,204433.000,3900.0015,N,11613.9794,E,1,11,0.74,-12.3,M,-6.8,M,,*74
$PAIRACC,3.47,8.29*48
$GNGLL,3900.0015,N,11613.9794,E,204433.000,A,A*4C
$GNGSA,A,3,29,21,27,16,,,,,,,,,1.41,0.74,1.20,1*0F
$GNGSA,A,3,83,70,67,,,,,,,,,,1.41,0.74,1.20,2*0B
$GNGSA,A,3,,,,,,,,,,,,,1.41,0.74,1.20,3*07
$GNGSA,A,3,04,05,07,03,,,,,,,,,1.41,0.74,1.20,4*05
$GPGSV,3,1,12,08,02,044,,29,57,204,39.6,26,54,079,,24,72,057,,1*78
$GPGSV,3,2,12,21,50,313,38.9,18,34,256,,10,28,056,,27,12,070,39.5,1*6A
$GPGSV,3,3,12,16,08,301,39.9,22,03,248,,02,02,113,,15,64,117,,1*78
$GLGSV,2,1,06,85,16,327,,68,38,064,,79,35,146,,83,17,217,40.0,1*6E
$GLGSV,2,2,06,70,09,290,40.0,67,06,087,40.4,1*77
$GAGSV,1,1,00,7*73
$GBGSV,3,1,12,09,04,184,,01,38,147,,08,32,169,,02,30,229,,1*70
$GBGSV,3,2,12,04,27,125,38.9,10,27,215,,06,24,167,,05,16,249,38.2,1*77
$GBGSV,3,3,12,07,12,191,39.4,11,05,033,,13,04,033,,03,45,191,38.4,1*71
$GNRMC,204433.000,A,3900.0015,N,11613.9794,E,0.00,50.48,280612,,,A,V*37
$GNVTG,50.48,T,,M,0.00,N,0.00,K,A*1A
$GNZDA,204433.000,28,06,2012,,*47
$GNGGA,204434.000,3900.0015,N,11613.9793,E,1,11,0.74,-12.3,M,-6.8,M,,*74
$PAIRACC,3.46,8.24*44
$GNGLL,3900.0015,N,11613.9793,E,204434.000,A,A*4C
$GNGSA,A,3,29,21,27,16,,,,,,,,,1.41,0.74,1.20,1*0F
$GNGSA,A,3,83,70,67,,,,,,,,,,1.41,0.74,1.20,2*0B
$GNGSA,A,3,,,,,,,,,,,,,1.41,0.74,1.20,3*07
$GNGSA,A,3,04,05,07,03,,,,,,,,,1.41,0.74,1.20,4*05
$GPGSV,3,1,12,08,02,044,,29,57,204,39.8,26,54,079,,24,72,057,,1*76
$GPGSV,3,2,12,21,50,313,39.4,18,34,256,,10,28,056,,27,12,070,39.6,1*65
$GPGSV,3,3,12,16,08,301,39.7,22,03,248,,02,02,113,,15,64,117,,1*76
$GLGSV,2,1,06,85,16,327,,68,38,064,,79,35,146,,83,17,217,39.7,1*67
$GLGSV,2,2,06,70,09,290,40.0,67,06,087,39.8,1*75
$GAGSV,1,1,00,7*73
$GBGSV,3,1,12,09,04,184,,01,38,147,,08,32,169,,02,30,229,,1*70
$GBGSV,3,2,12,04,27,125,38.4,10,27,215,,06,24,167,,05,16,249,38.5,1*7D
$GBGSV,3,3,12,07,12,191,38.5,11,05,033,,13,04,033,,03,45,191,38.2,1*77
$GNRMC,204434.000,A,3900.0015,N,11613.9793,E,0.00,0.00,280612,,,A,V*0E
$GNVTG,0.00,T,,M,0.00,N,0.00,K,A*23
$GNZDA,204434.000,28,06,2012,,*40
$GNGGA,204435.000,3900.0015,N,11613.9793,E,1,11,0.74,-12.3,M,-6.8,M,,*75
$PAIRACC,3.43,8.20*45
$GNGLL,3900.0015,N,11613.9793,E,204435.000,A,A*4D
$GNGSA,A,3,29,21,27,16,,,,,,,,,1.41,0.74,1.20,1*0F
$GNGSA,A,3,83,70,67,,,,,,,,,,1.41,0.74,1.20,2*0B
$GNGSA,A,3,,,,,,,,,,,,,1.41,0.74,1.20,3*07
$GNGSA,A,3,04,05,07,03,,,,,,,,,1.41,0.74,1.20,4*05
$GPGSV,3,1,12,08,02,044,,29,57,204,39.4,26,54,079,,24,72,057,,1*7A
$GPGSV,3,2,12,21,50,313,39.5,18,34,256,,10,28,056,,27,12,070,39.5,1*67
$GPGSV,3,3,12,16,08,301,39.4,22,03,248,,02,02,113,,15,64,117,,1*75
$GLGSV,2,1,06,85,16,327,,68,38,064,,79,35,146,,83,17,217,39.7,1*67
$GLGSV,2,2,06,70,09,290,39.7,67,06,087,39.6,1*72
$GAGSV,1,1,00,7*73
$GBGSV,3,1,12,09,04,184,,01,38,147,,08,32,169,,02,30,229,,1*70
$GBGSV,3,2,12,04,27,125,38.8,10,27,215,,06,24,167,,05,16,249,38.6,1*72
$GBGSV,3,3,12,07,12,191,39.6,11,05,033,,13,04,033,,03,45,191,38.5,1*72
$GNRMC,204435.000,A,3900.0015,N,11613.9793,E,0.00,0.00,280612,,,A,V*0F
$GNVTG,0.00,T,,M,0.00,N,0.00,K,A*23
$GNZDA,204435.000,28,06,2012,,*41
$GNGGA,204436.000,3900.0015,N,11613.9793,E,1,11,0.74,-12.3,M,-6.8,M,,*76
$PAIRACC,3.48,8.28*46
$GNGLL,3900.0015,N,11613.9793,E,204436.000,A,A*4E
$GNGSA,A,3,29,21,27,16,,,,,,,,,1.41,0.74,1.20,1*0F
$GNGSA,A,3,83,70,67,,,,,,,,,,1.41,0.74,1.20,2*0B
$GNGSA,A,3,,,,,,,,,,,,,1.41,0.74,1.20,3*07
$GNGSA,A,3,04,05,07,03,,,,,,,,,1.41,0.74,1.20,4*05
$GPGSV,3,1,12,08,02,044,,29,57,204,39.5,26,54,079,,24,72,057,,1*7B
$GPGSV,3,2,12,21,50,313,39.2,18,34,256,,10,28,056,,27,12,070,39.2,1*67
$GPGSV,3,3,12,16,08,301,39.5,22,03,248,,02,02,113,,15,64,117,,1*74
$GLGSV,2,1,06,85,16,327,,68,38,064,,79,35,146,,83,17,217,40.0,1*6E
$GLGSV,2,2,06,70,09,290,39.7,67,06,087,39.8,1*7C
$GAGSV,1,1,00,7*73
$GBGSV,3,1,12,09,04,184,,01,38,147,,08,32,169,,02,30,229,,1*70
$GBGSV,3,2,12,04,27,125,38.2,10,27,215,,06,24,167,,05,16,249,38.7,1*79
$GBGSV,3,3,12,07,12,191,39.4,11,05,033,,13,04,033,,03,45,191,38.3,1*76
$GNRMC,204436.000,A,3900.0015,N,11613.9793,E,0.00,335.64,280612,,,A,V*0B
$GNVTG,335.64,T,,M,0.00,N,0.00,K,A*24
$GNZDA,204436.000,28,06,2012,,*42
$GNGGA,204437.000,3900.0015,N,11613.9793,E,1,11,0.74,-12.3,M,-6.8,M,,*77
$PAIRACC,3.44,8.21*43
$GNGLL,3900.0015,N,11613.9793,E,204437.000,A,A*4F
$GNGSA,A,3,29,21,27,16,,,,,,,,,1.41,0.74,1.20,1*0F
$GNGSA,A,3,83,70,67,,,,,,,,,,1.41,0.74,1.20,2*0B
$GNGSA,A,3,,,,,,,,,,,,,1.41,0.74,1.20,3*07
$GNGSA,A,3,04,05,07,03,,,,,,,,,1.41,0.74,1.20,4*05
$GPGSV,3,1,12,08,02,044,,29,57,204,39.2,26,54,079,,24,72,057,,1*7C
$GPGSV,3,2,12,21,50,313,39.3,18,34,256,,10,28,056,,27,12,070,39.3,1*67
$GPGSV,3,3,12,16,08,301,39.3,22,03,248,,02,02,113,,15,64,117,,1*72
$GLGSV,2,1,06,85,16,327,,68,38,064,,79,35,146,,83,17,217,39.9,1*69
$GLGSV,2,2,06,70,09,290,40.0,67,06,087,39.8,1*75
$GAGSV,1,1,00,7*73
$GBGSV,3,1,12,09,04,184,,01,38,147,,08,32,169,,02,30,229,,1*70
$GBGSV,3,2,12,04,27,125,38.3,10,27,215,,06,24,167,,05,16,249,38.5,1*7A
$GBGSV,3,3,12,07,12,191,38.5,11,05,033,,13,04,033,,03,45,191,38.3,1*76
$GNRMC,204437.000,A,3900.0015,N,11613.9793,E,0.00,358.22,280612,,,A,V*03
$GNVTG,358.22,T,,M,0.00,N,0.00,K,A*2D
$GNZDA,204437.000,28,06,2012,,*43
$GNGGA,204438.000,3900.0015,N,11613.9793,E,1,11,0.74,-12.3,M,-6.8,M,,*78
$PAIRACC,3.43,8.20*45
$GNGLL,3900.0015,N,11613.9793,E,204438.000,A,A*40
$GNGSA,A,3,29,21,27,16,,,,,,,,,1.41,0.74,1.20,1*0F
$GNGSA,A,3,83,70,67,,,,,,,,,,1.41,0.74,1.20,2*0B
$GNGSA,A,3,,,,,,,,,,,,,1.41,0.74,1.20,3*07
$GNGSA,A,3,04,05,07,03,,,,,,,,,1.41,0.74,1.20,4*05
$GPGSV,3,1,12,08,02,044,,29,57,204,39.6,26,54,079,,24,72,057,,1*78
$GPGSV,3,2,12,21,50,313,39.1,18,34,256,,10,28,056,,27,12,070,39.5,1*63
$GPGSV,3,3,12,16,08,301,39.4,22,03,248,,02,02,113,,15,64,117,,1*75
$GLGSV,2,1,06,85,16,327,,68,38,064,,79,35,146,,83,17,217,39.6,1*66
$GLGSV,2,2,06,70,09,290,39.9,67,06,087,39.6,1*7C
$GAGSV,1,1,00,7*73
$GBGSV,3,1,12,09,04,184,,01,38,147,,08,32,169,,02,30,229,,1*70
$GBGSV,3,2,12,04,27,125,38.8,10,27,215,,06,24,167,,05,16,249,38.8,1*7C
$GBGSV,3,3,12,07,12,191,39.2,11,05,033,,13,04,033,,03,45,191,39.0,1*72
$GNRMC,204438.000,A,3900.0015,N,11613.9793,E,0.00,352.93,280612,,,A,V*0C
$GNVTG,352.93,T,,M,0.00,N,0.00,K,A*2D
$GNZDA,204438.000,28,06,2012,,*4C
$GNGGA,204439.000,3900.0015,N,11613.9793,E,1,11,0.74,-12.3,M,-6.8,M,,*79
$PAIRACC,3.50,8.41*40
$GNGLL,3900.0015,N,11613.9793,E,204439.000,A,A*41
$GNGSA,A,3,29,21,27,16,,,,,,,,,1.41,0.74,1.20,1*0F
$GNGSA,A,3,83,70,67,,,,,,,,,,1.41,0.74,1.20,2*0B
$GNGSA,A,3,,,,,,,,,,,,,1.41,0.74,1.20,3*07
$GNGSA,A,3,04,05,07,03,,,,,,,,,1.41,0.74,1.20,4*05
$GPGSV,3,1,12,08,02,044,,29,57,204,39.1,26,54,079,,24,72,057,,1*7F
$GPGSV,3,2,12,21,50,313,39.3,18,34,256,,10,28,056,,27,12,070,39.5,1*61
$GPGSV,3,3,12,16,08,301,39.2,22,03,248,,02,02,113,,15,64,117,,1*73
$GLGSV,2,1,06,85,16,327,,68,38,064,,79,35,146,,83,17,217,39.5,1*65
$GLGSV,2,2,06,70,09,290,39.9,67,06,087,40.5,1*71
$GAGSV,1,1,00,7*73
$GBGSV,3,1,12,09,04,184,,01,38,147,,08,32,169,,02,30,229,,1*70
$GBGSV,3,2,12,04,27,125,38.5,10,27,215,,06,24,167,,05,16,249,38.6,1*7F
$GBGSV,3,3,12,07,12,191,39.9,11,05,033,,13,04,033,,03,45,191,38.2,1*7A
$GNRMC,204439.000,A,3900.0015,N,11613.9793,E,0.00,22.25,280612,,,A,V*34
$GNVTG,22.25,T,,M,0.00,N,0.00,K,A*14
$GNZDA,204439.000,28,06,2012,,*4D
$GNGGA,204440.000,3900.0015,N,11613.9793,E,1,11,0.74,-12.3,M,-6.8,M,,*77
$PAIRACC,3.44,8.21*43
$GNGLL,3900.0015,N,11613.9793,E,204440.000,A,A*4F
$GNGSA,A,3,29,21,27,16,,,,,,,,,1.41,0.74,1.20,1*0F
$GNGSA,A,3,83,70,67,,,,,,,,,,1.41,0.74,1.20,2*0B
$GNGSA,A,3,,,,,,,,,,,,,1.41,0.74,1.20,3*07
$GNGSA,A,3,04,05,07,03,,,,,,,,,1.41,0.74,1.20,4*05
$GPGSV,3,1,12,08,02,044,,29,57,204,39.7,26,54,079,,24,72,057,,1*79
$GPGSV,3,2,12,21,50,313,39.6,18,34,256,,10,28,056,,27,12,070,39.6,1*67
$GPGSV,3,3,12,16,08,301,39.2,22,03,248,,02,02,113,,15,64,117,,1*73
$GLGSV,2,1,06,85,16,327,,68,38,064,,79,35,146,,83,17,217,39.8,1*68
$GLGSV,2,2,06,70,09,290,40.0,67,06,087,39.9,1*74
$GAGSV,1,1,00,7*73
$GBGSV,3,1,12,09,04,184,,01,38,147,,08,32,169,,02,30,229,,1*70
$GBGSV,3,2,12,04,27,125,38.4,10,27,215,,06,24,167,,05,16,249,38.6,1*7E
$GBGSV,3,3,12,07,12,191,38.4,11,05,033,,13,04,033,,03,45,191,38.2,1*76
$GNRMC,204440.000,A,3900.0015,N,11613.9793,E,0.00,32.19,280612,,,A,V*34
$GNVTG,32.19,T,,M,0.00,N,0.00,K,A*1A
$GNZDA,204440.000,28,06,2012,,*43
$GNGGA,204441.000,3900.0015,N,11613.9793,E,1,11,0.74,-12.3,M,-6.8,M,,*76
$PAIRACC,3.48,8.28*46
$GNGLL,3900.0015,N,11613.9793,E,204441.000,A,A*4E
$GNGSA,A,3,29,21,27,16,,,,,,,,,1.41,0.74,1.20,1*0F
$GNGSA,A,3,83,70,67,,,,,,,,,,1.41,0.74,1.20,2*0B
$GNGSA,A,3,,,,,,,,,,,,,1.41,0.74,1.20,3*07
$GNGSA,A,3,04,05,07,03,,,,,,,,,1.41,0.74,1.20,4*05
$GPGSV,3,1,12,08,02,044,,29,57,204,40.1,26,54,079,,24,72,057,,1*71
$GPGSV,3,2,12,21,50,313,39.9,18,34,256,,10,28,056,,27,12,070,39.6,1*68
$GPGSV,3,3,12,16,08,301,39.7,22,03,248,,02,02,113,,15,64,117,,1*76
$GLGSV,2,1,06,85,16,327,,68,38,064,,79,35,146,,83,17,217,39.8,1*68
$GLGSV,2,2,06,70,09,290,40.0,67,06,087,40.2,1*71
$GAGSV,1,1,00,7*73
$GBGSV,3,1,12,09,04,184,,01,38,147,,08,32,169,,02,30,229,,1*70
$GBGSV,3,2,12,04,27,125,38.7,10,27,215,,06,24,167,,05,16,249,38.9,1*72
$GBGSV,3,3,12,07,12,191,38.7,11,05,033,,13,04,033,,03,45,191,38.7,1*70
$GNRMC,204441.000,A,3900.0015,N,11613.9793,E,0.00,30.31,280612,,,A,V*3D
$GNVTG,30.31,T,,M,0.00,N,0.00,K,A*12
$GNZDA,204441.000,28,06,2012,,*42
$GNGGA,204442.000,3900.0015,N,11613.9793,E,1,11,0.74,-12.3,M,-6.8,M,,*75
$PAIRACC,3.46,8.28*48
$GNGLL,3900.0015,N,11613.9793,E,204442.000,A,A*4D
$GNGSA,A,3,29,21,27,16,,,,,,,,,1.41,0.74,1.20,1*0F
$GNGSA,A,3,83,70,67,,,,,,,,,,1.41,0.74,1.20,2*0B
$GNGSA,A,3,,,,,,,,,,,,,1.41,0.74,1.20,3*07
$GNGSA,A,3,04,05,07,03,,,,,,,,,1.41,0.74,1.20,4*05
$GPGSV,3,1,12,08,02,044,,29,57,204,39.6,26,54,079,,24,72,057,,1*78
$GPGSV,3,2,12,21,50,313,39.1,18,34,256,,10,28,056,,27,12,070,39.5,1*63
$GPGSV,3,3,12,16,08,301,39.7,22,03,248,,02,02,113,,15,64,117,,1*76
$GLGSV,2,1,06,85,16,327,,68,38,064,,79,35,146,,83,17,217,39.9,1*69
$GLGSV,2,2,06,70,09,290,40.2,67,06,087,40.2,1*73
$GAGSV,1,1,00,7*73
$GBGSV,3,1,12,09,04,184,,01,38,147,,08,32,169,,02,30,229,,1*70
$GBGSV,3,2,12,04,27,125,38.6,10,27,215,,06,24,167,,05,16,249,38.8,1*72
$GBGSV,3,3,12,07,12,191,39.3,11,05,033,,13,04,033,,03,45,191,38.2,1*70
$GNRMC,204442.000,A,3900.0015,N,11613.9793,E,0.00,23.94,280612,,,A,V*33
$GNVTG,23.94,T,,M,0.00,N,0.00,K,A*1F
$GNZDA,204442.000,28,06,2012,,*41
$GNGGA,204443.000,3900.0015,N,11613.9794,E,1,11,0.74,-12.3,M,-6.8,M,,*73
$PAIRACC,3.45,8.23*40
$GNGLL,3900.0015,N,11613.9794,E,204443.000,A,A*4B
$GNGSA,A,3,29,21,27,16,,,,,,,,,1.41,0.74,1.20,1*0F
$GNGSA,A,3,83,70,67,,,,,,,,,,1.41,0.74,1.20,2*0B
$GNGSA,A,3,,,,,,,,,,,,,1.41,0.74,1.20,3*07
$GNGSA,A,3,04,05,07,03,,,,,,,,,1.41,0.74,1.20,4*05
$GPGSV,3,1,12,08,02,044,,29,57,204,39.8,26,54,079,,24,72,057,,1*76
$GPGSV,3,2,12,21,50,313,39.2,18,34,256,,10,28,056,,27,12,070,39.5,1*60
$GPGSV,3,3,12,16,08,301,39.4,22,03,248,,02,02,113,,15,64,117,,1*75
$GLGSV,2,1,06,85,16,327,,68,38,064,,79,35,146,,83,17,217,39.7,1*67
$GLGSV,2,2,06,70,09,290,40.0,67,06,087,39.8,1*75
$GAGSV,1,1,00,7*73
$GBGSV,3,1,12,09,04,184,,01,38,147,,08,32,169,,02,30,229,,1*70
$GBGSV,3,2,12,04,27,125,38.6,10,27,215,,06,24,167,,05,16,249,38.4,1*7E
$GBGSV,3,3,12,07,12,191,38.7,11,05,033,,13,04,033,,03,45,191,38.3,1*74
$GNRMC,204443.000,A,3900.0015,N,11613.9794,E,0.00,71.75,280612,,,A,V*3D
$GNVTG,71.75,T,,M,0.00,N,0.01,K,A*16
$GNZDA,204443.000,28,06,2012,,*40
$GNGGA,204444.000,3900.0015,N,11613.9794,E,1,11,0.74,-12.3,M,-6.8,M,,*74
$PAIRACC,3.43,8.19*4F
$GNGLL,3900.0015,N,11613.9794,E,204444.000,A,A*4C
$GNGSA,A,3,29,21,27,16,,,,,,,,,1.41,0.74,1.20,1*0F
$GNGSA,A,3,83,70,67,,,,,,,,,,1.41,0.74,1.20,2*0B
$GNGSA,A,3,,,,,,,,,,,,,1.41,0.74,1.20,3*07
$GNGSA,A,3,04,05,07,03,,,,,,,,,1.41,0.74,1.20,4*05
$GPGSV,3,1,12,08,02,044,,29,57,204,39.7,26,54,079,,24,72,057,,1*79
$GPGSV,3,2,12,21,50,313,39.4,18,34,256,,10,28,056,,27,12,070,39.3,1*60
$GPGSV,3,3,12,16,08,301,39.9,22,03,248,,02,02,113,,15,64,117,,1*78
$GLGSV,2,1,06,85,16,327,,68,38,064,,79,35,146,,83,17,217,40.2,1*6C
$GLGSV,2,2,06,70,09,290,40.1,67,06,087,40.2,1*70
$GAGSV,1,1,00,7*73
$GBGSV,3,1,12,09,04,184,,01,38,147,,08,32,169,,02,30,229,,1*70
$GBGSV,3,2,12,04,27,125,38.9,10,27,215,,06,24,167,,05,16,249,38.9,1*7C
$GBGSV,3,3,12,07,12,191,39.2,11,05,033,,13,04,033,,03,45,191,38.6,1*75
$GNRMC,204444.000,A,3900.0015,N,11613.9794,E,0.00,47.96,280612,,,A,V*32
$GNVTG,47.96,T,,M,0.00,N,0.01,K,A*1E
$GNZDA,204444.000,28,06,2012,,*47
$GNGGA,204445.000,3900.0015,N,11613.9794,E,1,11,0.74,-12.3,M,-6.8,M,,*75
$PAIRACC,3.42,8.19*4E
$GNGLL,3900.0015,N,11613.9794,E,204445.000,A,A*4D
$GNGSA,A,3,29,21,27,16,,,,,,,,,1.41,0.74,1.20,1*0F
$GNGSA,A,3,83,70,67,,,,,,,,,,1.41,0.74,1.20,2*0B
$GNGSA,A,3,,,,,,,,,,,,,1.41,0.74,1.20,3*07
$GNGSA,A,3,04,05,07,03,,,,,,,,,1.41,0.74,1.20,4*05
$GPGSV,3,1,12,08,02,044,,29,57,204,39.8,26,54,079,,24,72,057,,1*76
$GPGSV,3,2,12,21,50,313,39.6,18,34,256,,10,28,056,,27,12,070,39.7,1*66
$GPGSV,3,3,12,16,08,301,39.6,22,03,248,,02,02,113,,15,64,117,,1*77
$GLGSV,2,1,06,85,16,327,,68,38,064,,79,35,146,,83,17,217,39.8,1*68
$GLGSV,2,2,06,70,09,290,39.7,67,06,087,40.2,1*78
$GAGSV,1,1,00,7*73
$GBGSV,3,1,12,09,04,184,,01,38,147,,08,32,169,,02,30,229,,1*70
$GBGSV,3,2,12,04,27,125,38.2,10,27,215,,06,24,167,,05,16,249,38.9,1*77
$GBGSV,3,3,12,07,12,191,39.4,11,05,033,,13,04,033,,03,45,191,38.3,1*76
$GNRMC,204445.000,A,3900.0015,N,11613.9794,E,0.00,32.22,280612,,,A,V*3E
$GNVTG,32.22,T,,M,0.00,N,0.01,K,A*13
$GNZDA,204445.000,28,06,2012,,*46
$GNGGA,204446.000,3900.0014,N,11613.9794,E,1,11,0.74,-12.3,M,-6.8,M,,*77
$PAIRACC,3.42,8.18*4F
$GNGLL,3900.0014,N,11613.9794,E,204446.000,A,A*4F
$GNGSA,A,3,29,21,27,16,,,,,,,,,1.41,0.74,1.20,1*0F
$GNGSA,A,3,83,70,67,,,,,,,,,,1.41,0.74,1.20,2*0B
$GNGSA,A,3,,,,,,,,,,,,,1.41,0.74,1.20,3*07
$GNGSA,A,3,04,05,07,03,,,,,,,,,1.41,0.74,1.20,4*05
$GPGSV,3,1,12,08,02,044,,29,57,204,39.6,26,54,079,,24,72,057,,1*78
$GPGSV,3,2,12,21,50,313,39.5,18,34,256,,10,28,056,,27,12,070,39.4,1*66
$GPGSV,3,3,12,16,08,301,39.5,22,03,248,,02,02,113,,15,64,117,,1*74
$GLGSV,2,1,06,85,16,327,,68,38,064,,79,35,146,,83,17,217,39.8,1*68
$GLGSV,2,2,06,70,09,290,39.9,67,06,087,40.2,1*76
$GAGSV,1,1,00,7*73
$GBGSV,3,1,12,09,04,184,,01,38,147,,08,32,169,,02,30,229,,1*70
$GBGSV,3,2,12,04,27,125,38.8,10,27,215,,06,24,167,,05,16,249,38.8,1*7C
$GBGSV,3,3,12,07,12,191,39.6,11,05,033,,13,04,033,,03,45,191,38.2,1*75
$GNRMC,204446.000,A,3900.0014,N,11613.9794,E,0.00,22.82,280612,,,A,V*37
$GNVTG,22.82,T,,M,0.00,N,0.01,K,A*18
$GNZDA,204446.000,28,06,2012,,*45
$GNGGA,204447.000,3900.0014,N,11613.9794,E,1,11,0.74,-12.3,M,-6.8,M,,*76
$PAIRACC,3.47,8.26*47
$GNGLL,3900.0014,N,11613.9794,E,204447.000,A,A*4E
$GNGSA,A,3,29,21,27,16,,,,,,,,,1.41,0.74,1.20,1*0F
$GNGSA,A,3,83,70,67,,,,,,,,,,1.41,0.74,1.20,2*0B
$GNGSA,A,3,,,,,,,,,,,,,1.41,0.74,1.20,3*07
$GNGSA,A,3,04,05,07,03,,,,,,,,,1.41,0.74,1.20,4*05
$GPGSV,3,1,12,08,02,044,,29,57,204,39.4,26,54,079,,24,72,057,,1*7A
$GPGSV,3,2,12,21,50,313,39.5,18,34,256,,10,28,056,,27,12,070,39.7,1*65
$GPGSV,3,3,12,16,08,301,39.5,22,03,248,,02,02,113,,15,64,117,,1*74
$GLGSV,2,1,06,85,16,327,,68,38,064,,79,35,146,,83,17,217,39.7,1*67
$GLGSV,2,2,06,70,09,290,40.0,67,06,087,39.9,1*74
$GAGSV,1,1,00,7*73
$GBGSV,3,1,12,09,04,184,,01,38,147,,08,32,169,,02,30,229,,1*70
$GBGSV,3,2,12,04,27,125,39.0,10,27,215,,06,24,167,,05,16,249,38.6,1*7B
$GBGSV,3,3,12,07,12,191,39.0,11,05,033,,13,04,033,,03,45,191,38.6,1*77
$GNRMC,204447.000,A,3900.0014,N,11613.9794,E,0.00,12.65,280612,,,A,V*3C
$GNVTG,12.65,T,,M,0.00,N,0.00,K,A*13
$GNZDA,204447.000,28,06,2012,,*44
$GNGGA,204448.000,3900.0014,N,11613.9794,E,1,11,0.74,-12.3,M,-6.8,M,,*79
$PAIRACC,3.42,8.18*4F
$GNGLL,3900.0014,N,11613.9794,E,204448.000,A,A*41
$GNGSA,A,3,29,21,27,16,,,,,,,,,1.41,0.74,1.20,1*0F
$GNGSA,A,3,83,70,67,,,,,,,,,,1.41,0.74,1.20,2*0B
$GNGSA,A,3,,,,,,,,,,,,,1.41,0.74,1.20,3*07
$GNGSA,A,3,04,05,07,03,,,,,,,,,1.41,0.74,1.20,4*05
$GPGSV,3,1,12,08,02,044,,29,57,204,39.7,26,54,079,,24,72,057,,1*79
$GPGSV,3,2,12,21,50,313,39.6,18,34,256,,10,28,056,,27,12,070,39.2,1*63
$GPGSV,3,3,12,16,08,301,39.5,22,03,248,,02,02,113,,15,64,117,,1*74
$GLGSV,2,1,06,85,16,327,,68,38,064,,79,35,146,,83,17,217,40.2,1*6C
$GLGSV,2,2,06,70,09,290,40.0,67,06,087,39.9,1*74
$GAGSV,1,1,00,7*73
$GBGSV,3,1,12,09,04,184,,01,38,147,,08,32,169,,02,30,229,,1*70
$GBGSV,3,2,12,04,27,125,38.5,10,27,215,,06,24,167,,05,16,249,38.3,1*7A
$GBGSV,3,3,12,07,12,191,39.3,11,05,033,,13,04,033,,03,45,191,38.1,1*73
$GNRMC,204448.000,A,3900.0014,N,11613.9794,E,0.00,11.61,280612,,,A,V*34
$GNVTG,11.61,T,,M,0.00,N,0.00,K,A*14
$GNZDA,204448.000,28,06,2012,,*4B
$GNGGA,204449.000,3900.0014,N,11613.9794,E,1,11,0.74,-12.3,M,-6.8,M,,*78
$PAIRACC,3.47,8.31*41
$GNGLL,3900.0014,N,11613.9794,E,204449.000,A,A*40
$GNGSA,A,3,29,21,27,16,,,,,,,,,1.41,0.74,1.20,1*0F
$GNGSA,A,3,83,70,67,,,,,,,,,,1.41,0.74,1.20,2*0B
$GNGSA,A,3,,,,,,,,,,,,,1.41,0.74,1.20,3*07
$GNGSA,A,3,04,05,07,03,,,,,,,,,1.41,0.74,1.20,4*05
$GPGSV,3,1,12,08,02,044,,29,57,204,39.6,26,54,079,,24,72,057,,1*78
$GPGSV,3,2,12,21,50,313,39.1,18,34,256,,10,28,056,,27,12,070,39.4,1*62
$GPGSV,3,3,12,16,08,301,39.5,22,03,248,,02,02,113,,15,64,117,,1*74
$GLGSV,2,1,06,85,16,327,,68,38,064,,79,35,146,,83,17,217,39.5,1*65
$GLGSV,2,2,06,70,09,290,40.3,67,06,087,39.8,1*76
$GAGSV,1,1,00,7*73
$GBGSV,3,1,12,09,04,184,,01,38,147,,08,32,169,,02,30,229,,1*70
$GBGSV,3,2,12,04,27,125,38.6,10,27,215,,06,24,167,,05,16,249,38.6,1*7C
$GBGSV,3,3,12,07,12,191,39.8,11,05,033,,13,04,033,,03,45,191,38.5,1*7C
$GNRMC,204449.000,A,3900.0014,N,11613.9794,E,0.00,23.78,280612,,,A,V*3C
$GNVTG,23.78,T,,M,0.00,N,0.00,K,A*1D
$GNZDA,204449.000,28,06,2012,,*4A
$GNGGA,204450.000,3900.0014,N,11613.9794,E,1,11,0.74,-12.3,M,-6.8,M,,*70
$PAIRACC,3.53,8.42*40
$GNGLL,3900.0014,N,11613.9794,E,204450.000,A,A*48
$GNGSA,A,3,29,21,27,16,,,,,,,,,1.41,0.74,1.20,1*0F
$GNGSA,A,3,83,70,67,,,,,,,,,,1.41,0.74,1.20,2*0B
$GNGSA,A,3,,,,,,,,,,,,,1.41,0.74,1.20,3*07
$GNGSA,A,3,04,05,07,03,,,,,,,,,1.41,0.74,1.20,4*05
$GPGSV,3,1,12,08,02,044,,29,57,204,39.6,26,54,079,,24,72,057,,1*78
$GPGSV,3,2,12,21,50,313,39.2,18,34,256,,10,28,056,,27,12,070,39.8,1*6D
$GPGSV,3,3,12,16,08,301,39.9,22,03,248,,02,02,113,,15,64,117,,1*78
$GLGSV,2,1,06,85,16,327,,68,38,064,,79,35,146,,83,17,217,40.8,1*66
$GLGSV,2,2,06,70,09,290,40.0,67,06,087,40.3,1*70
$GAGSV,1,1,00,7*73
$GBGSV,3,1,12,09,04,184,,01,38,147,,08,32,169,,02,30,229,,1*70
$GBGSV,3,2,12,04,27,125,39.0,10,27,215,,06,24,167,,05,16,249,38.8,1*75
$GBGSV,3,3,12,07,12,191,38.7,11,05,033,,13,04,033,,03,45,191,38.8,1*7F
$GNRMC,204450.000,A,3900.0014,N,11613.9794,E,0.00,31.64,280612,,,A,V*3A
$GNVTG,31.64,T,,M,0.00,N,0.00,K,A*13
$GNZDA,204450.000,28,06,2012,,*42
$GNGGA,204451.000,3900.0014,N,11613.9794,E,1,11,0.74,-12.3,M,-6.8,M,,*71
$PAIRACC,3.48,8.32*4D
$GNGLL,3900.0014,N,11613.9794,E,204451.000,A,A*49
$GNGSA,A,3,29,21,27,16,,,,,,,,,1.41,0.74,1.20,1*0F
$GNGSA,A,3,83,70,67,,,,,,,,,,1.41,0.74,1.20,2*0B
$GNGSA,A,3,,,,,,,,,,,,,1.41,0.74,1.20,3*07
$GNGSA,A,3,04,05,07,03,,,,,,,,,1.41,0.74,1.20,4*05
$GPGSV,3,1,12,08,02,044,,29,57,204,39.5,26,54,079,,24,72,057,,1*7B
$GPGSV,3,2,12,21,50,313,39.3,18,34,256,,10,28,056,,27,12,070,39.6,1*62
$GPGSV,3,3,12,16,08,301,39.4,22,03,248,,02,02,113,,15,64,117,,1*75
$GLGSV,2,1,06,85,16,327,,68,38,064,,79,35,146,,83,17,217,39.6,1*66
$GLGSV,2,2,06,70,09,290,40.3,67,06,087,40.1,1*71
$GAGSV,1,1,00,7*73
$GBGSV,3,1,12,09,04,184,,01,38,147,,08,32,169,,02,30,229,,1*70
$GBGSV,3,2,12,04,27,125,38.5,10,27,215,,06,24,167,,05,16,249,38.4,1*7D
$GBGSV,3,3,12,07,12,191,39.1,11,05,033,,13,04,033,,03,45,191,38.4,1*74
$GNRMC,204451.000,A,3900.0014,N,11613.9794,E,0.00,23.50,280612,,,A,V*3F
$GNVTG,23.50,T,,M,0.00,N,0.00,K,A*17
$GNZDA,204451.000,28,06,2012,,*43
$GNGGA,204452.000,3900.0014,N,11613.9794,E,1,11,0.74,-12.3,M,-6.8,M,,*72
$PAIRACC,3.42,8.18*4F
$GNGLL,3900.0014,N,11613.9794,E,204452.000,A,A*4A
$GNGSA,A,3,29,21,27,16,,,,,,,,,1.41,0.74,1.20,1*0F
$GNGSA,A,3,83,70,67,,,,,,,,,,1.41,0.74,1.20,2*0B
$GNGSA,A,3,,,,,,,,,,,,,1.41,0.74,1.20,3*07
$GNGSA,A,3,04,05,07,03,,,,,,,,,1.41,0.74,1.20,4*05
$GPGSV,3,1,12,02,01,113,,29,57,204,39.5,26,54,079,,24,72,057,,1*71
$GPGSV,3,2,12,21,50,313,39.3,18,34,256,,10,28,056,,27,12,070,39.6,1*62
$GPGSV,3,3,12,16,08,301,39.4,22,03,248,,08,02,044,,15,64,117,,1*7C
$GLGSV,2,1,06,85,16,327,,68,38,064,,79,35,146,,83,17,217,40.0,1*6E
$GLGSV,2,2,06,70,09,290,39.8,67,06,087,39.9,1*72
$GAGSV,1,1,00,7*73
$GBGSV,3,1,12,09,04,184,,01,38,147,,08,32,169,,02,30,229,,1*70
$GBGSV,3,2,12,04,27,125,38.6,10,27,215,,06,24,167,,05,16,249,38.7,1*7D
$GBGSV,3,3,12,07,12,191,39.7,11,05,033,,13,04,033,,03,45,191,38.2,1*74
$GNRMC,204452.000,A,3900.0014,N,11613.9794,E,0.00,19.74,280612,,,A,V*33
$GNVTG,19.74,T,,M,0.00,N,0.00,K,A*18
$GNZDA,204452.000,28,06,2012,,*40
$GNGGA,204453.000,3900.0014,N,11613.9794,E,1,11,0.74,-12.3,M,-6.8,M,,*73
$PAIRACC,3.47,8.26*47
$GNGLL,3900.0014,N,11613.9794,E,204453.000,A,A*4B
$GNGSA,A,3,29,21,27,16,,,,,,,,,1.41,0.74,1.20,1*0F
$GNGSA,A,3,83,70,67,,,,,,,,,,1.41,0.74,1.20,2*0B
$GNGSA,A,3,,,,,,,,,,,,,1.41,0.74,1.20,3*07
$GNGSA,A,3,04,05,07,03,,,,,,,,,1.41,0.74,1.20,4*05
$GPGSV,3,1,12,02,01,113,,29,57,204,40.2,26,54,079,,24,72,057,,1*78
$GPGSV,3,2,12,21,50,313,40.1,18,34,256,,10,28,056,,27,12,070,39.6,1*6E
$GPGSV,3,3,12,16,08,301,39.8,22,03,248,,08,02,044,,15,64,117,,1*70
$GLGSV,2,1,06,85,16,327,,68,38,064,,79,35,146,,83,17,217,39.9,1*69
$GLGSV,2,2,06,70,09,290,40.1,67,06,087,40.0,1*72
$GAGSV,1,1,00,7*73
$GBGSV,3,1,12,09,04,184,,01,38,147,,08,32,169,,02,30,229,,1*70
$GBGSV,3,2,12,04,27,125,39.0,10,27,215,,06,24,167,,05,16,249,39.0,1*7C
$GBGSV,3,3,12,07,12,191,38.6,11,05,033,,13,04,033,,03,45,191,38.9,1*7F
$GNRMC,204453.000,A,3900.0014,N,11613.9794,E,0.00,359.91,280612,,,A,V*0E
$GNVTG,359.91,T,,M,0.00,N,0.00,K,A*24
$GNZDA,204453.000,28,06,2012,,*41
$GNGGA,204454.000,3900.0014,N,11613.9794,E,1,11,0.74,-12.3,M,-6.8,M,,*74
$PAIRACC,3.46,8.28*48
$GNGLL,3900.0014,N,11613.9794,E,204454.000,A,A*4C
$GNGSA,A,3,29,21,27,16,,,,,,,,,1.41,0.74,1.20,1*0F
$GNGSA,A,3,83,70,67,,,,,,,,,,1.41,0.74,1.20,2*0B
$GNGSA,A,3,,,,,,,,,,,,,1.41,0.74,1.20,3*07
$GNGSA,A,3,04,05,07,03,,,,,,,,,1.41,0.74,1.20,4*05
$GPGSV,3,1,12,02,01,113,,29,57,204,39.3,26,54,079,,24,72,057,,1*77
$GPGSV,3,2,12,21,50,313,39.0,18,34,256,,10,28,056,,27,12,070,39.7,1*60
$GPGSV,3,3,12,16,08,301,40.1,22,03,248,,08,02,044,,15,64,117,,1*77
$GLGSV,2,1,06,85,16,327,,68,38,064,,79,35,146,,83,17,217,40.5,1*6B
$GLGSV,2,2,06,70,09,290,40.2,67,06,087,40.3,1*72
$GAGSV,1,1,00,7*73
$GBGSV,3,1,12,09,04,184,,01,38,147,,08,32,169,,02,30,229,,1*70
$GBGSV,3,2,12,04,27,125,38.5,10,27,215,,06,24,167,,05,16,249,38.5,1*7C
$GBGSV,3,3,12,07,12,191,38.9,11,05,033,,13,04,033,,03,45,191,38.6,1*7F
$GNRMC,204454.000,A,3900.0014,N,11613.9794,E,0.00,7.42,280612,,,A,V*0F
$GNVTG,7.42,T,,M,0.00,N,0.01,K,A*23
$GNZDA,204454.000,28,06,2012,,*46
$GNGGA,204455.000,3900.0014,N,11613.9794,E,1,11,0.74,-12.3,M,-6.8,M,,*75
$PAIRACC,3.45,8.23*40
$GNGLL,3900.0014,N,11613.9794,E,204455.000,A,A*4D
$GNGSA,A,3,29,21,27,16,,,,,,,,,1.41,0.74,1.20,1*0F
$GNGSA,A,3,83,70,67,,,,,,,,,,1.41,0.74,1.20,2*0B
$GNGSA,A,3,,,,,,,,,,,,,1.41,0.74,1.20,3*07
$GNGSA,A,3,04,05,07,03,,,,,,,,,1.41,0.74,1.20,4*05
$GPGSV,3,1,12,02,01,113,,29,57,204,39.7,26,54,079,,24,72,057,,1*73
$GPGSV,3,2,12,21,50,313,39.8,18,34,256,,10,28,056,,27,12,070,39.8,1*67
$GPGSV,3,3,12,16,08,301,39.8,22,03,248,,08,02,044,,15,64,117,,1*70
$GLGSV,2,1,06,85,16,327,,68,38,064,,79,35,146,,83,17,217,39.7,1*67
$GLGSV,2,2,06,70,09,290,39.9,67,06,087,39.3,1*79
$GAGSV,1,1,00,7*73
$GBGSV,3,1,12,09,04,184,,01,38,147,,08,32,169,,02,30,229,,1*70
$GBGSV,3,2,12,04,27,125,38.6,10,27,215,,06,24,167,,05,16,249,38.4,1*7E
$GBGSV,3,3,12,07,12,191,39.1,11,05,033,,13,04,033,,03,45,191,38.6,1*76
$GNRMC,204455.000,A,3900.0014,N,11613.9794,E,0.00,5.79,280612,,,A,V*04
$GNVTG,5.79,T,,M,0.00,N,0.01,K,A*29
$GNZDA,204455.000,28,06,2012,,*47
$GNGGA,204456.000,3900.0014,N,11613.9794,E,1,11,0.74,-12.3,M,-6.8,M,,*76
$PAIRACC,3.46,8.21*41
$GNGLL,3900.0014,N,11613.9794,E,204456.000,A,A*4E
$GNGSA,A,3,29,21,27,16,,,,,,,,,1.41,0.74,1.20,1*0F
$GNGSA,A,3,83,70,67,,,,,,,,,,1.41,0.74,1.20,2*0B
$GNGSA,A,3,,,,,,,,,,,,,1.41,0.74,1.20,3*07
$GNGSA,A,3,04,05,07,03,,,,,,,,,1.41,0.74,1.20,4*05
$GPGSV,3,1,12,02,01,113,,29,57,204,39.4,26,54,079,,24,72,057,,1*70
$GPGSV,3,2,12,21,50,313,39.4,18,34,256,,10,28,056,,27,12,070,39.0,1*63
$GPGSV,3,3,12,16,08,301,39.8,22,03,248,,08,02,044,,15,64,117,,1*70
$GLGSV,2,1,06,85,16,327,,68,38,064,,79,35,146,,83,17,217,40.0,1*6E
$GLGSV,2,2,06,70,09,290,39.7,67,06,087,40.4,1*7E
$GAGSV,1,1,00,7*73
$GBGSV,3,1,12,09,04,184,,01,38,147,,08,32,169,,02,30,229,,1*70
$GBGSV,3,2,12,04,27,125,38.9,10,27,215,,06,24,167,,05,16,249,39.3,1*77
$GBGSV,3,3,12,07,12,191,38.3,11,05,033,,13,04,033,,03,45,191,38.9,1*7A
$GNRMC,204456.000,A,3900.0014,N,11613.9794,E,0.00,344.49,280612,,,A,V*02
$GNVTG,344.49,T,,M,0.00,N,0.01,K,A*2C
$GNZDA,204456.000,28,06,2012,,*44
$GNGGA,204457.000,3900.0014,N,11613.9794,E,1,11,0.74,-12.3,M,-6.8,M,,*77
$PAIRACC,3.44,8.21*43
$GNGLL,3900.0014,N,11613.9794,E,204457.000,A,A*4F
$GNGSA,A,3,29,21,27,16,,,,,,,,,1.41,0.74,1.20,1*0F
$GNGSA,A,3,83,70,67,,,,,,,,,,1.41,0.74,1.20,2*0B
$GNGSA,A,3,,,,,,,,,,,,,1.41,0.74,1.20,3*07
$GNGSA,A,3,04,05,07,03,,,,,,,,,1.41,0.74,1.20,4*05
$GPGSV,4,1,13,06,01,327,,29,57,204,39.5,24,72,057,,26,54,079,,1*76
$GPGSV,4,2,13,21,50,313,39.2,18,34,256,,10,28,056,,27,12,070,39.3,1*60
$GPGSV,4,3,13,16,08,301,39.4,22,03,248,,08,02,044,,02,01,113,,1*7B
$GPGSV,4,4,13,15,64,117,,1*57
$GLGSV,2,1,06,83,17,217,40.5,68,38,064,,79,35,146,,85,16,327,,1*6B
$GLGSV,2,2,06,70,09,290,40.4,67,06,087,40.0,1*77
$GAGSV,1,1,00,7*73
$GBGSV,3,1,12,09,04,184,,01,38,147,,08,32,169,,02,30,229,,1*70
$GBGSV,3,2,12,04,27,125,38.5,10,27,215,,06,24,167,,05,16,249,38.7,1*7E
$GBGSV,3,3,12,07,12,191,39.3,11,05,033,,13,04,033,,03,45,191,38.7,1*75
$GNRMC,204457.000,A,3900.0014,N,11613.9794,E,0.00,16.56,280612,,,A,V*39
$GNVTG,16.56,T,,M,0.00,N,0.01,K,A*16
$GNZDA,204457.000,28,06,2012,,*45
$GNGGA,204458.000,3900.0014,N,11613.9794,E,1,11,0.74,-12.3,M,-6.8,M,,*78
$PAIRACC,3.48,8.30*4F
$GNGLL,3900.0014,N,11613.9794,E,204458.000,A,A*40
$GNGSA,A,3,29,21,27,16,,,,,,,,,1.41,0.74,1.20,1*0F
$GNGSA,A,3,83,70,67,,,,,,,,,,1.41,0.74,1.20,2*0B
$GNGSA,A,3,,,,,,,,,,,,,1.41,0.74,1.20,3*07
$GNGSA,A,3,04,05,07,03,,,,,,,,,1.41,0.74,1.20,4*05
$GPGSV,4,1,13,06,01,327,,29,57,204,39.5,24,72,057,,26,54,079,,1*76
$GPGSV,4,2,13,21,50,313,39.0,18,34,256,,10,28,056,,27,12,070,39.7,1*66
$GPGSV,4,3,13,16,08,301,39.8,22,03,248,,08,02,043,,02,01,113,,1*70
$GPGSV,4,4,13,15,64,117,,1*57
$GLGSV,2,1,06,83,17,217,40.0,68,38,064,,79,35,146,,85,16,327,,1*6E
$GLGSV,2,2,06,70,09,290,40.0,67,06,087,40.0,1*73
$GAGSV,1,1,00,7*73
$GBGSV,3,1,12,09,04,184,,01,38,147,,08,32,169,,02,30,229,,1*70
$GBGSV,3,2,12,04,27,125,38.5,10,27,215,,06,24,167,,05,16,249,38.7,1*7E
$GBGSV,3,3,12,07,12,191,39.4,11,05,033,,13,04,033,,03,45,191,38.5,1*70
$GNRMC,204458.000,A,3900.0014,N,11613.9794,E,0.00,5.55,280612,,,A,V*07
$GNVTG,5.55,T,,M,0.00,N,0.01,K,A*27
$GNZDA,204458.000,28,06,2012,,*4A
$GNGGA,204459.000,3900.0014,N,11613.9794,E,1,11,0.74,-12.3,M,-6.8,M,,*79
$PAIRACC,3.48,8.39*46
$GNGLL,3900.0014,N,11613.9794,E,204459.000,A,A*41
$GNGSA,A,3,29,21,27,16,,,,,,,,,1.41,0.74,1.20,1*0F
$GNGSA,A,3,83,70,67,,,,,,,,,,1.41,0.74,1.20,2*0B
$GNGSA,A,3,,,,,,,,,,,,,1.41,0.74,1.20,3*07
$GNGSA,A,3,04,05,07,03,,,,,,,,,1.41,0.74,1.20,4*05
$GPGSV,4,1,13,06,01,327,,29,57,204,39.5,24,72,057,,26,54,079,,1*76
$GPGSV,4,2,13,21,50,313,38.8,18,34,256,,10,28,056,,27,12,070,39.9,1*61
$GPGSV,4,3,13,16,08,301,39.1,22,03,248,,08,02,043,,02,01,113,,1*79
$GPGSV,4,4,13,15,64,117,,1*57
$GLGSV,2,1,06,83,17,217,40.5,68,38,064,,79,35,146,,85,16,327,,1*6B
$GLGSV,2,2,06,70,09,290,40.1,67,06,087,40.2,1*70
$GAGSV,1,1,00,7*73
$GBGSV,3,1,12,09,04,184,,01,38,147,,08,32,169,,02,30,229,,1*70
$GBGSV,3,2,12,04,27,125,38.9,10,27,215,,06,24,167,,05,16,249,38.7,1*72
$GBGSV,3,3,12,07,12,191,39.2,11,05,033,,13,04,033,,03,45,191,39.0,1*72
$GNRMC,204459.000,A,3900.0014,N,11613.9794,E,0.00,43.56,280612,,,A,V*37
$GNVTG,43.56,T,,M,0.00,N,0.01,K,A*16
$GNZDA,204459.000,28,06,2012,,*4B
$GNGGA,204500.000,3900.0014,N,11613.9794,E,1,11,0.74,-12.3,M,-6.8,M,,*74
$PAIRACC,3.45,8.21*42
$GNGLL,3900.0014,N,11613.9794,E,204500.000,A,A*4C
$GNGSA,A,3,29,21,27,16,,,,,,,,,1.41,0.74,1.20,1*0F
$GNGSA,A,3,83,70,67,,,,,,,,,,1.41,0.74,1.20,2*0B
$GNGSA,A,3,,,,,,,,,,,,,1.41,0.74,1.20,3*07
$GNGSA,A,3,04,05,07,03,,,,,,,,,1.41,0.74,1.20,4*05
$GPGSV,4,1,13,06,01,327,,29,57,204,39.8,24,72,057,,26,54,079,,1*7B
$GPGSV,4,2,13,21,50,313,39.9,18,34,256,,10,26,056,,27,12,070,39.5,1*63
$GPGSV,4,3,13,16,08,301,39.7,22,03,248,,08,02,043,,02,01,113,,1*7F
$GPGSV,4,4,13,15,64,117,,1*57
$GLGSV,2,1,06,83,17,217,39.9,68,38,064,,79,35,146,,85,16,327,,1*69
$GLGSV,2,2,06,70,09,290,39.8,67,06,087,40.1,1*74
$GAGSV,1,1,00,7*73
$GBGSV,3,1,12,09,04,184,,01,38,147,,08,32,169,,02,30,229,,1*70
$GBGSV,3,2,12,04,27,125,38.7,10,27,215,,06,24,167,,05,16,249,38.6,1*7D
$GBGSV,3,3,12,07,12,191,38.8,11,05,033,,13,04,033,,03,45,191,38.2,1*7A
$GNRMC,204500.000,A,3900.0014,N,11613.9794,E,0.00,12.63,280612,,,A,V*38
$GNVTG,12.63,T,,M,0.00,N,0.01,K,A*14
$GNZDA,204500.000,28,06,2012,,*46
$GNGGA,204501.000,3900.0014,N,11613.9794,E,1,11,0.74,-12.4,M,-6.8,M,,*72
$PAIRACC,3.44,8.21*43
$GNGLL,3900.0014,N,11613.9794,E,204501.000,A,A*4D
$GNGSA,A,3,29,21,27,16,,,,,,,,,1.41,0.74,1.20,1*0F
$GNGSA,A,3,83,70,67,,,,,,,,,,1.41,0.74,1.20,2*0B
$GNGSA,A,3,,,,,,,,,,,,,1.41,0.74,1.20,3*07
$GNGSA,A,3,04,05,07,03,,,,,,,,,1.41,0.74,1.20,4*05
$GPGSV,4,1,13,06,01,327,,29,57,204,39.9,24,72,057,,26,54,079,,1*7A
$GPGSV,4,2,13,21,50,313,39.5,18,34,256,,10,26,056,,27,12,070,39.7,1*6D
$GPGSV,4,3,13,16,08,301,39.4,22,03,248,,08,02,043,,02,01,113,,1*7C
$GPGSV,4,4,13,15,64,117,,1*57
$GLGSV,2,1,06,83,17,217,40.6,68,38,064,,79,35,146,,85,16,327,,1*68
$GLGSV,2,2,06,70,09,290,39.8,67,06,087,39.7,1*7C
$GAGSV,1,1,00,7*73
$GBGSV,3,1,12,09,04,184,,01,38,147,,08,32,169,,02,30,229,,1*70
$GBGSV,3,2,12,04,27,125,38.4,10,27,215,,06,24,167,,05,16,249,38.7,1*7F
$GBGSV,3,3,12,07,12,191,39.5,11,05,033,,13,04,033,,03,45,191,38.4,1*70
$GNRMC,204501.000,A,3900.0014,N,11613.9794,E,0.00,13.59,280612,,,A,V*31
$GNVTG,13.59,T,,M,0.00,N,0.01,K,A*1C
$GNZDA,204501.000,28,06,2012,,*47
$GNGGA,204502.000,3900.0014,N,11613.9794,E,1,11,0.74,-12.4,M,-6.8,M,,*71
$PAIRACC,3.45,8.21*42
$GNGLL,3900.0014,N,11613.9794,E,204502.000,A,A*4E
$GNGSA,A,3,29,21,27,16,,,,,,,,,1.41,0.74,1.20,1*0F
$GNGSA,A,3,83,70,67,,,,,,,,,,1.41,0.74,1.20,2*0B
$GNGSA,A,3,,,,,,,,,,,,,1.41,0.74,1.20,3*07
$GNGSA,A,3,04,05,07,03,,,,,,,,,1.41,0.74,1.20,4*05
$GPGSV,4,1,13,06,01,327,,29,57,204,39.8,24,72,057,,26,54,079,,1*7B
$GPGSV,4,2,13,21,50,313,39.6,18,34,256,,10,26,056,,27,12,070,40.0,1*67
$GPGSV,4,3,13,16,08,301,40.0,22,03,248,,08,02,043,,02,01,113,,1*76
$GPGSV,4,4,13,15,64,117,,1*57
$GLGSV,2,1,06,83,17,217,40.3,68,38,064,,79,35,146,,85,16,327,,1*6D
$GLGSV,2,2,06,70,09,290,39.6,67,06,087,40.0,1*7B
$GAGSV,1,1,00,7*73
$GBGSV,3,1,12,09,04,184,,01,38,147,,08,32,169,,02,30,229,,1*70
$GBGSV,3,2,12,04,27,125,38.7,10,27,215,,06,24,167,,05,16,249,38.8,1*73
$GBGSV,3,3,12,07,12,191,39.6,11,05,033,,13,04,033,,03,45,191,38.8,1*7F
$GNRMC,204502.000,A,3900.0014,N,11613.9794,E,0.01,26.54,280612,,,A,V*38
$GNVTG,26.54,T,,M,0.01,N,0.01,K,A*16
$GNZDA,204502.000,28,06,2012,,*44
$GNGGA,204503.000,3900.0014,N,11613.9794,E,1,11,0.74,-12.4,M,-6.8,M,,*70
$PAIRACC,3.43,8.18*4E
$GNGLL,3900.0014,N,11613.9794,E,204503.000,A,A*4F
$GNGSA,A,3,29,21,27,16,,,,,,,,,1.41,0.74,1.20,1*0F
$GNGSA,A,3,83,70,67,,,,,,,,,,1.41,0.74,1.20,2*0B
$GNGSA,A,3,,,,,,,,,,,,,1.41,0.74,1.20,3*07
$GNGSA,A,3,04,05,07,03,,,,,,,,,1.41,0.74,1.20,4*05
$GPGSV,4,1,13,06,01,327,,29,57,204,39.4,24,72,057,,26,54,079,,1*77
$GPGSV,4,2,13,21,50,313,39.4,18,34,256,,10,26,056,,27,12,070,39.6,1*6D
$GPGSV,4,3,13,16,08,301,39.4,22,03,248,,08,02,043,,02,01,113,,1*7C
$GPGSV,4,4,13,15,64,117,,1*57
$GLGSV,2,1,06,83,17,217,40.0,68,38,064,,79,35,146,,85,16,327,,1*6E
$GLGSV,2,2,06,70,09,290,39.9,67,06,087,39.9,1*73
$GAGSV,1,1,00,7*73
$GBGSV,3,1,12,09,04,184,,01,38,147,,08,32,169,,02,30,229,,1*70
$GBGSV,3,2,12,04,27,125,38.2,10,27,215,,06,24,167,,05,16,249,38.5,1*7B
$GBGSV,3,3,12,07,12,191,38.5,11,05,033,,13,04,033,,03,45,191,38.0,1*75
$GNRMC,204503.000,A,3900.0014,N,11613.9794,E,0.01,10.91,280612,,,A,V*35
$GNVTG,10.91,T,,M,0.01,N,0.01,K,A*1A
$GNZDA,204503.000,28,06,2012,,*45
$GNGGA,204504.000,3900.0014,N,11613.9794,E,1,11,0.74,-12.4,M,-6.8,M,,*77
$PAIRACC,3.45,8.26*45
$GNGLL,3900.0014,N,11613.9794,E,204504.000,A,A*48
$GNGSA,A,3,29,21,27,16,,,,,,,,,1.41,0.74,1.20,1*0F
$GNGSA,A,3,83,70,67,,,,,,,,,,1.41,0.74,1.20,2*0B
$GNGSA,A,3,,,,,,,,,,,,,1.41,0.74,1.20,3*07
$GNGSA,A,3,04,05,07,03,,,,,,,,,1.41,0.74,1.20,4*05
$GPGSV,4,1,13,06,01,327,,29,57,204,39.5,24,72,057,,26,54,079,,1*76
$GPGSV,4,2,13,21,50,313,39.1,18,34,256,,10,26,056,,27,12,070,39.6,1*68
$GPGSV,4,3,13,16,08,301,40.0,22,03,248,,08,02,043,,02,01,113,,1*76
$GPGSV,4,4,13,15,64,117,,1*57
$GLGSV,2,1,06,83,17,217,40.0,68,38,064,,79,35,146,,85,16,327,,1*6E
$GLGSV,2,2,06,70,09,290,39.9,67,06,087,40.0,1*74
$GAGSV,1,1,00,7*73
$GBGSV,3,1,12,09,04,184,,01,38,147,,08,32,169,,02,30,229,,1*70
$GBGSV,3,2,12,04,27,125,38.5,10,27,215,,06,24,167,,05,16,249,38.7,1*7E
$GBGSV,3,3,12,07,12,191,39.2,11,05,033,,13,04,033,,03,45,191,38.1,1*72
$GNRMC,204504.000,A,3900.0014,N,11613.9794,E,0.01,14.73,280612,,,A,V*3A
$GNVTG,14.73,T,,M,0.01,N,0.01,K,A*12
$GNZDA,204504.000,28,06,2012,,*42
$GNGGA,204505.000,3900.0014,N,11613.9794,E,1,11,0.74,-12.4,M,-6.8,M,,*76
$PAIRACC,3.42,8.17*40
$GNGLL,3900.0014,N,11613.9794,E,204505.000,A,A*49
$GNGSA,A,3,29,21,27,16,,,,,,,,,1.41,0.74,1.20,1*0F
$GNGSA,A,3,83,70,67,,,,,,,,,,1.41,0.74,1.20,2*0B
$GNGSA,A,3,,,,,,,,,,,,,1.41,0.74,1.20,3*07
$GNGSA,A,3,04,05,07,03,,,,,,,,,1.41,0.74,1.20,4*05
$GPGSV,4,1,13,06,01,327,,29,57,204,39.7,24,72,057,,26,54,079,,1*74
$GPGSV,4,2,13,21,50,313,39.9,18,34,256,,10,26,056,,27,12,070,39.3,1*65
$GPGSV,4,3,13,16,08,301,39.5,22,03,248,,08,02,043,,02,01,113,,1*7D
$GPGSV,4,4,13,15,64,114,,1*54
$GLGSV,2,1,06,83,17,217,40.1,68,38,064,,79,35,146,,85,16,327,,1*6F
$GLGSV,2,2,06,70,09,290,39.8,67,06,087,40.0,1*75
$GAGSV,1,1,00,7*73
$GBGSV,3,1,12,09,04,184,,01,38,147,,08,32,169,,02,30,229,,1*70
$GBGSV,3,2,12,04,27,125,38.8,10,27,215,,06,24,167,,05,16,249,39.1,1*74
$GBGSV,3,3,12,07,12,191,39.5,11,05,033,,13,04,033,,03,45,191,39.0,1*75
$GNRMC,204505.000,A,3900.0014,N,11613.9794,E,0.01,12.10,280612,,,A,V*38
$GNVTG,12.10,T,,M,0.01,N,0.01,K,A*11
$GNZDA,204505.000,28,06,2012,,*43
$GNGGA,204506.000,3900.0014,N,11613.9794,E,1,11,0.74,-12.4,M,-6.8,M,,*75
$PAIRACC,3.47,8.35*45
$GNGLL,3900.0014,N,11613.9794,E,204506.000,A,A*4A
$GNGSA,A,3,29,21,27,16,,,,,,,,,1.41,0.74,1.20,1*0F
$GNGSA,A,3,83,70,67,,,,,,,,,,1.41,0.74,1.20,2*0B
$GNGSA,A,3,,,,,,,,,,,,,1.41,0.74,1.20,3*07
$GNGSA,A,3,04,05,07,03,,,,,,,,,1.41,0.74,1.20,4*05
$GPGSV,4,1,13,02,01,113,,29,57,204,39.1,24,72,057,,26,54,079,,1*73
$GPGSV,4,2,13,21,50,313,39.6,18,34,256,,10,26,056,,27,12,070,39.6,1*6F
$GPGSV,4,3,13,16,07,300,39.8,22,03,248,,08,02,043,,06,01,327,,1*7F
$GPGSV,4,4,13,15,64,114,,1*54
$GLGSV,2,1,06,83,17,217,40.1,68,38,064,,79,35,146,,85,16,327,,1*6F
$GLGSV,2,2,06,70,09,290,39.9,67,06,087,40.0,1*74
$GAGSV,1,1,00,7*73
$GBGSV,3,1,12,09,04,184,,01,38,147,,08,32,169,,02,30,229,,1*70
$GBGSV,3,2,12,10,27,215,,04,27,125,38.6,06,24,167,,05,16,249,38.7,1*7D
$GBGSV,3,3,12,07,12,191,38.8,11,05,033,,13,04,033,,03,45,191,38.6,1*7E
$GNRMC,204506.000,A,3900.0014,N,11613.9794,E,0.01,11.93,280612,,,A,V*33
$GNVTG,11.93,T,,M,0.01,N,0.01,K,A*19
$GNZDA,204506.000,28,06,2012,,*40
$GNGGA,204507.000,3900.0014,N,11613.9794,E,1,11,0.74,-12.4,M,-6.8,M,,*74
$PAIRACC,3.48,8.33*4C
$GNGLL,3900.0014,N,11613.9794,E,204507.000,A,A*4B
$GNGSA,A,3,29,21,27,16,,,,,,,,,1.41,0.74,1.20,1*0F
$GNGSA,A,3,83,70,67,,,,,,,,,,1.41,0.74,1.20,2*0B
$GNGSA,A,3,,,,,,,,,,,,,1.41,0.74,1.20,3*07
$GNGSA,A,3,04,05,07,03,,,,,,,,,1.41,0.74,1.20,4*05
$GPGSV,4,1,13,02,01,113,,29,57,204,39.1,24,72,057,,26,54,079,,1*73
$GPGSV,4,2,13,21,50,313,39.0,18,34,256,,10,26,056,,27,12,070,39.5,1*6A
$GPGSV,4,3,13,16,07,300,39.6,22,03,248,,08,02,043,,06,01,327,,1*71
$GPGSV,4,4,13,15,64,114,,1*54
$GLGSV,2,1,06,83,17,217,40.1,68,38,064,,79,35,146,,85,16,327,,1*6F
$GLGSV,2,2,06,70,09,290,40.0,67,06,087,40.2,1*71
$GAGSV,1,1,00,7*73
$GBGSV,3,1,12,09,04,184,,01,38,147,,08,32,169,,02,30,229,,1*70
$GBGSV,3,2,12,10,27,215,,04,27,125,38.4,06,24,167,,05,16,249,38.5,1*7D
$GBGSV,3,3,12,07,12,191,39.2,11,05,033,,13,04,033,,03,45,191,38.3,1*70
$GNRMC,204507.000,A,3900.0014,N,11613.9794,E,0.01,10.23,280612,,,A,V*38
$GNVTG,10.23,T,,M,0.01,N,0.01,K,A*13
$GNZDA,204507.000,28,06,2012,,*41
$GNGGA,204508.000,3900.0014,N,11613.9794,E,1,11,0.74,-12.4,M,-6.8,M,,*7B
$PAIRACC,3.48,8.23*4D
$GNGLL,3900.0014,N,11613.9794,E,204508.000,A,A*44
$GNGSA,A,3,29,21,27,16,,,,,,,,,1.41,0.74,1.20,1*0F
$GNGSA,A,3,83,70,67,,,,,,,,,,1.41,0.74,1.20,2*0B
$GNGSA,A,3,,,,,,,,,,,,,1.41,0.74,1.20,3*07
$GNGSA,A,3,04,05,07,03,,,,,,,,,1.41,0.74,1.20,4*05
$GPGSV,4,1,13,02,01,113,,29,57,204,39.8,24,72,057,,26,54,079,,1*7A
$GPGSV,4,2,13,21,50,313,39.2,18,35,257,,10,26,056,,27,12,070,39.1,1*6C
$GPGSV,4,3,13,16,07,300,39.3,22,03,248,,08,02,043,,06,01,327,,1*74
$GPGSV,4,4,13,15,64,114,,1*54
$GLGSV,2,1,06,83,17,217,40.1,68,38,064,,79,35,146,,85,16,327,,1*6F
$GLGSV,2,2,06,70,09,290,40.0,67,06,087,39.9,1*74
$GAGSV,1,1,00,7*73
$GBGSV,3,1,12,09,04,184,,01,38,147,,08,32,169,,02,30,229,,1*70
$GBGSV,3,2,12,10,27,215,,04,27,125,39.0,06,24,167,,05,16,249,38.9,1*74
$GBGSV,3,3,12,07,12,191,39.0,11,05,033,,13,04,033,,03,45,191,38.8,1*79
$GNRMC,204508.000,A,3900.0014,N,11613.9794,E,0.01,355.15,280612,,,A,V*00
$GNVTG,355.15,T,,M,0.01,N,0.01,K,A*24
$GNZDA,204508.000,28,06,2012,,*4E
$GNGGA,204509.000,3900.0014,N,11613.9794,E,1,11,0.74,-12.4,M,-6.8,M,,*7A
$PAIRACC,3.44,8.21*43
$GNGLL,3900.0014,N,11613.9794,E,204509.000,A,A*45
$GNGSA,A,3,29,21,27,16,,,,,,,,,1.41,0.74,1.20,1*0F
$GNGSA,A,3,83,70,67,,,,,,,,,,1.41,0.74,1.20,2*0B
$GNGSA,A,3,,,,,,,,,,,,,1.41,0.74,1.20,3*07
$GNGSA,A,3,04,05,07,03,,,,,,,,,1.41,0.74,1.20,4*05
$GPGSV,4,1,13,02,01,113,,29,57,204,39.4,24,72,057,,26,54,079,,1*76
$GPGSV,4,2,13,21,50,313,39.2,18,35,257,,10,26,056,,27,12,070,40.0,1*63
$GPGSV,4,3,13,16,07,300,39.8,22,03,248,,08,02,043,,06,01,327,,1*7F
$GPGSV,4,4,13,15,64,114,,1*54
$GLGSV,2,1,06,83,17,217,39.7,68,38,064,,79,35,146,,85,16,327,,1*67
$GLGSV,2,2,06,70,09,290,39.9,67,06,087,39.8,1*72
$GAGSV,1,1,00,7*73
$GBGSV,3,1,12,09,04,184,,01,38,147,,08,32,169,,02,30,229,,1*70
$GBGSV,3,2,12,10,27,215,,04,27,125,38.6,06,24,167,,05,16,249,38.5,1*7F
$GBGSV,3,3,12,07,12,191,38.3,11,05,033,,13,04,033,,03,45,191,38.4,1*77
$GNRMC,204509.000,A,3900.0014,N,11613.9794,E,0.00,17.76,280612,,,A,V*30
$GNVTG,17.76,T,,M,0.00,N,0.01,K,A*15
$GNZDA,204509.000,28,06,2012,,*4F
$GNGGA,204510.000,3900.0014,N,11613.9794,E,1,11,0.74,-12.4,M,-6.8,M,,*72
$PAIRACC,3.45,8.21*42
$GNGLL,3900.0014,N,11613.9794,E,204510.000,A,A*4D
$GNGSA,A,3,29,21,27,16,,,,,,,,,1.41,0.74,1.20,1*0F
$GNGSA,A,3,83,70,67,,,,,,,,,,1.41,0.74,1.20,2*0B
$GNGSA,A,3,,,,,,,,,,,,,1.41,0.74,1.20,3*07
$GNGSA,A,3,04,05,07,03,,,,,,,,,1.41,0.74,1.20,4*05
$GPGSV,4,1,13,02,01,113,,29,57,204,39.4,24,72,057,,26,54,079,,1*76
$GPGSV,4,2,13,21,50,313,39.3,18,35,257,,10,26,056,,27,12,070,39.4,1*68
$GPGSV,4,3,13,16,07,300,40.0,22,03,248,,08,02,043,,06,01,327,,1*79
$GPGSV,4,4,13,15,64,114,,1*54
$GLGSV,2,1,06,83,17,217,40.4,68,38,064,,79,35,146,,85,16,327,,1*6A
$GLGSV,2,2,06,70,09,290,39.7,67,06,087,39.8,1*7C
$GAGSV,1,1,00,7*73
$GBGSV,3,1,12,09,04,184,,01,38,147,,08,32,169,,02,30,229,,1*70
$GBGSV,3,2,12,10,27,215,,04,27,125,38.6,06,24,167,,05,16,249,38.4,1*7E
$GBGSV,3,3,12,07,12,191,38.8,11,05,033,,13,04,033,,03,45,191,38.3,1*7B
$GNRMC,204510.000,A,3900.0014,N,11613.9794,E,0.00,0.00,280612,,,A,V*0F
$GNVTG,0.00,T,,M,0.00,N,0.01,K,A*22
$GNZDA,204510.000,28,06,2012,,*47
$GNGGA,204511.000,3900.0014,N,11613.9794,E,1,11,0.74,-12.4,M,-6.8,M,,*73
$PAIRACC,3.55,8.50*45
$GNGLL,3900.0014,N,11613.9794,E,204511.000,A,A*4C
$GNGSA,A,3,29,21,27,16,,,,,,,,,1.41,0.74,1.20,1*0F
$GNGSA,A,3,83,70,67,,,,,,,,,,1.41,0.74,1.20,2*0B
$GNGSA,A,3,,,,,,,,,,,,,1.41,0.74,1.20,3*07
$GNGSA,A,3,04,05,07,03,,,,,,,,,1.41,0.74,1.20,4*05
$GPGSV,4,1,13,02,01,113,,29,57,204,39.7,24,72,057,,26,54,079,,1*75
$GPGSV,4,2,13,21,51,314,39.4,18,35,257,,10,26,056,,27,12,070,39.5,1*68
$GPGSV,4,3,13,16,07,300,39.3,22,03,248,,08,02,043,,06,01,327,,1*74
$GPGSV,4,4,13,15,64,114,,1*54
$GLGSV,2,1,06,83,17,217,40.0,68,38,064,,79,35,146,,85,16,327,,1*6E
$GLGSV,2,2,06,70,09,290,39.9,67,06,087,39.6,1*7C
$GAGSV,1,1,00,7*73
$GBGSV,3,1,12,09,04,184,,01,38,147,,08,32,169,,02,30,229,,1*70
$GBGSV,3,2,12,10,27,215,,04,27,125,38.6,06,24,167,,05,16,249,38.8,1*72
$GBGSV,3,3,12,07,12,191,39.3,11,05,033,,13,04,033,,03,45,191,38.7,1*75
$GNRMC,204511.000,A,3900.0014,N,11613.9794,E,0.00,352.96,280612,,,A,V*05
$GNVTG,352.96,T,,M,0.00,N,0.01,K,A*29
$GNZDA,204511.000,28,06,2012,,*46
$GNGGA,204512.000,3900.0014,N,11613.9794,E,1,11,0.74,-12.4,M,-6.8,M,,*70
$PAIRACC,3.44,8.20*42
$GNGLL,3900.0014,N,11613.9794,E,204512.000,A,A*4F
$GNGSA,A,3,29,21,27,16,,,,,,,,,1.41,0.74,1.20,1*0F
$GNGSA,A,3,83,70,67,,,,,,,,,,1.41,0.74,1.20,2*0B
$GNGSA,A,3,,,,,,,,,,,,,1.41,0.74,1.20,3*07
$GNGSA,A,3,04,05,07,03,,,,,,,,,1.41,0.74,1.20,4*05
$GPGSV,4,1,13,02,01,113,,29,57,204,39.6,24,72,057,,26,54,079,,1*74
$GPGSV,4,2,13,21,51,314,39.7,18,35,257,,10,26,056,,27,12,070,39.7,1*69
$GPGSV,4,3,13,16,07,300,39.6,22,04,248,,08,02,043,,06,01,327,,1*76
$GPGSV,4,4,13,15,64,114,,1*54
$GLGSV,2,1,06,83,17,217,39.9,68,38,064,,79,35,146,,85,16,327,,1*69
$GLGSV,2,2,06,70,09,290,39.6,67,06,087,39.4,1*71
$GAGSV,1,1,00,7*73
$GBGSV,3,1,12,09,04,184,,01,38,147,,08,32,169,,02,30,229,,1*70
$GBGSV,3,2,12,10,27,215,,04,27,125,38.5,06,24,167,,05,16,249,38.6,1*7F
$GBGSV,3,3,12,07,12,191,39.0,11,05,033,,13,04,033,,03,45,191,38.0,1*71
$GNRMC,204512.000,A,3900.0014,N,11613.9794,E,0.00,358.17,280612,,,A,V*05
$GNVTG,358.17,T,,M,0.00,N,0.01,K,A*2A
$GNZDA,204512.000,28,06,2012,,*45
$GNGGA,204513.000,3900.0014,N,11613.9794,E,1,11,0.74,-12.4,M,-6.8,M,,*71
$PAIRACC,3.44,8.21*43
$GNGLL,3900.0014,N,11613.9794,E,204513.000,A,A*4E
$GNGSA,A,3,29,21,27,16,,,,,,,,,1.41,0.74,1.20,1*0F
$GNGSA,A,3,83,70,67,,,,,,,,,,1.41,0.74,1.20,2*0B
$GNGSA,A,3,,,,,,,,,,,,,1.41,0.74,1.20,3*07
$GNGSA,A,3,04,05,07,03,,,,,,,,,1.41,0.74,1.20,4*05
$GPGSV,4,1,13,02,01,113,,29,57,204,39.5,24,72,057,,26,54,079,,1*77
$GPGSV,4,2,13,21,51,314,39.6,18,35,257,,10,26,056,,27,12,070,39.5,1*6A
$GPGSV,4,3,13,16,07,300,39.6,22,04,248,,08,02,043,,06,01,327,,1*76
$GPGSV,4,4,13,15,64,114,,1*54
$GLGSV,2,1,06,83,17,217,39.6,68,38,064,,79,35,146,,85,16,327,,1*66
$GLGSV,2,2,06,70,09,290,39.8,67,06,087,39.8,1*73
$GAGSV,1,1,00,7*73
$GBGSV,3,1,12,09,04,184,,01,38,147,,08,32,169,,02,30,229,,1*70
$GBGSV,3,2,12,10,27,215,,04,27,125,38.7,06,24,167,,05,16,249,38.4,1*7F
$GBGSV,3,3,12,07,12,191,38.7,11,05,033,,13,04,033,,03,45,191,38.2,1*75
$GNRMC,204513.000,A,3900.0014,N,11613.9794,E,0.00,9.39,280612,,,A,V*0F
$GNVTG,9.39,T,,M,0.00,N,0.00,K,A*20
$GNZDA,204513.000,28,06,2012,,*44
$GNGGA,204514.000,3900.0014,N,11613.9794,E,1,11,0.74,-12.4,M,-6.8,M,,*76
$PAIRACC,3.42,8.16*41
$GNGLL,3900.0014,N,11613.9794,E,204514.000,A,A*49
$GNGSA,A,3,29,21,27,16,,,,,,,,,1.41,0.74,1.20,1*0F
$GNGSA,A,3,83,70,67,,,,,,,,,,1.41,0.74,1.20,2*0B
$GNGSA,A,3,,,,,,,,,,,,,1.41,0.74,1.20,3*07
$GNGSA,A,3,04,05,07,03,,,,,,,,,1.41,0.74,1.20,4*05
$GPGSV,4,1,13,02,01,113,,29,57,204,39.8,24,71,061,,26,54,079,,1*7C
$GPGSV,4,2,13,21,51,314,39.5,18,35,257,,10,26,056,,27,12,070,39.5,1*69
$GPGSV,4,3,13,16,07,300,39.6,22,04,248,,08,02,043,,06,01,327,,1*76
$GPGSV,4,4,13,15,64,114,,1*54
$GLGSV,2,1,06,83,17,217,39.6,68,38,064,,79,35,146,,85,16,327,,1*66
$GLGSV,2,2,06,70,09,290,39.6,67,06,087,39.8,1*7D
$GAGSV,1,1,00,7*73
$GBGSV,3,1,12,09,04,184,,01,38,147,,08,32,169,,02,30,229,,1*70
$GBGSV,3,2,12,10,27,215,,04,27,125,39.0,06,24,167,,05,16,249,38.9,1*74
$GBGSV,3,3,12,07,12,191,39.2,11,05,033,,13,04,033,,03,45,191,38.8,1*7B
$GNRMC,204514.000,A,3900.0014,N,11613.9794,E,0.00,14.09,280612,,,A,V*37
$GNVTG,14.09,T,,M,0.00,N,0.00,K,A*1F
$GNZDA,204514.000,28,06,2012,,*43
$GNGGA,204515.000,3900.0014,N,11613.9794,E,1,11,0.74,-12.4,M,-6.8,M,,*77
$PAIRACC,3.50,8.39*4F
$GNGLL,3900.0014,N,11613.9794,E,204515.000,A,A*48
$GNGSA,A,3,29,21,27,16,,,,,,,,,1.41,0.74,1.20,1*0F
$GNGSA,A,3,83,70,67,,,,,,,,,,1.41,0.74,1.20,2*0B
$GNGSA,A,3,,,,,,,,,,,,,1.41,0.74,1.20,3*07
$GNGSA,A,3,04,05,07,03,,,,,,,,,1.41,0.74,1.20,4*05
$GPGSV,4,1,13,02,01,113,,29,57,204,39.6,24,71,061,,26,54,079,,1*72
$GPGSV,4,2,13,21,51,314,39.2,18,35,257,,10,26,056,,27,12,070,39.8,1*63
$GPGSV,4,3,13,16,07,300,40.0,22,04,248,,08,02,043,,06,01,327,,1*7E
$GPGSV,4,4,13,15,64,114,,1*54
$GLGSV,2,1,06,83,17,217,39.9,68,38,064,,79,35,146,,85,16,327,,1*69
$GLGSV,2,2,06,70,09,290,39.6,67,06,087,39.9,1*7C
$GAGSV,1,1,00,7*73
$GBGSV,3,1,12,09,04,184,,01,38,147,,08,32,169,,02,30,229,,1*70
$GBGSV,3,2,12,10,27,215,,04,27,125,38.5,06,24,167,,05,16,249,38.6,1*7F
$GBGSV,3,3,12,07,12,191,39.8,11,05,033,,13,04,033,,03,45,191,38.2,1*7B
$GNRMC,204515.000,A,3900.0014,N,11613.9794,E,0.00,15.44,280612,,,A,V*3E
$GNVTG,15.44,T,,M,0.00,N,0.00,K,A*17
$GNZDA,204515.000,28,06,2012,,*42
$GNGGA,204516.000,3900.0014,N,11613.9794,E,1,11,0.74,-12.4,M,-6.8,M,,*74
$PAIRACC,3.42,8.17*40
$GNGLL,3900.0014,N,11613.9794,E,204516.000,A,A*4B
$GNGSA,A,3,29,21,27,16,,,,,,,,,1.41,0.74,1.20,1*0F
$GNGSA,A,3,83,70,67,,,,,,,,,,1.41,0.74,1.20,2*0B
$GNGSA,A,3,,,,,,,,,,,,,1.41,0.74,1.20,3*07
$GNGSA,A,3,04,05,07,03,,,,,,,,,1.41,0.74,1.20,4*05
$GPGSV,4,1,13,02,01,113,,29,57,204,39.4,24,71,061,,26,54,077,,1*7E
$GPGSV,4,2,13,21,51,314,39.5,18,35,257,,10,26,056,,27,12,070,39.5,1*69
$GPGSV,4,3,13,16,07,300,39.6,22,04,248,,08,02,043,,06,01,327,,1*76
$GPGSV,4,4,13,15,64,114,,1*54
$GLGSV,2,1,06,83,17,217,40.0,68,38,064,,79,35,146,,85,16,327,,1*6E
$GLGSV,2,2,06,70,09,290,39.6,67,06,087,39.8,1*7D
$GAGSV,1,1,00,7*73
$GBGSV,3,1,12,09,04,184,,01,38,147,,08,32,169,,02,30,229,,1*70
$GBGSV,3,2,12,10,27,215,,04,27,125,38.7,06,24,167,,05,16,249,38.5,1*7E
$GBGSV,3,3,12,07,12,191,38.8,11,05,033,,13,04,033,,03,45,191,38.4,1*7C
$GNRMC,204516.000,A,3900.0014,N,11613.9794,E,0.00,21.73,280612,,,A,V*3E
$GNVTG,21.73,T,,M,0.00,N,0.00,K,A*14
$GNZDA,204516.000,28,06,2012,,*41
$GNGGA,204517.000,3900.0014,N,11613.9794,E,1,11,0.74,-12.4,M,-6.8,M,,*75
$PAIRACC,3.42,8.17*40
$GNGLL,3900.0014,N,11613.9794,E,204517.000,A,A*4A
$GNGSA,A,3,29,21,27,16,,,,,,,,,1.41,0.74,1.20,1*0F
$GNGSA,A,3,83,70,67,,,,,,,,,,1.41,0.74,1.20,2*0B
$GNGSA,A,3,,,,,,,,,,,,,1.41,0.74,1.20,3*07
$GNGSA,A,3,04,05,07,03,,,,,,,,,1.41,0.74,1.20,4*05
$GPGSV,4,1,13,02,01,113,,29,57,204,39.3,24,71,061,,26,54,077,,1*79
$GPGSV,4,2,13,21,51,314,39.5,18,35,257,,10,26,056,,27,12,069,39.8,1*6C
$GPGSV,4,3,13,16,07,300,39.4,22,04,248,,08,02,043,,06,01,327,,1*74
$GPGSV,4,4,13,15,64,114,,1*54
$GLGSV,2,1,06,83,17,217,39.7,68,38,064,,79,35,146,,85,16,327,,1*67
$GLGSV,2,2,06,70,09,290,40.1,67,06,087,39.6,1*7A
$GAGSV,1,1,00,7*73
$GBGSV,3,1,12,09,04,184,,01,38,147,,08,32,169,,02,30,229,,1*70
$GBGSV,3,2,12,10,27,215,,04,27,125,38.8,06,24,167,,05,16,249,39.1,1*74
$GBGSV,3,3,12,07,12,191,39.1,11,05,033,,13,04,033,,03,45,191,39.2,1*73
$GNRMC,204517.000,A,3900.0014,N,11613.9794,E,0.00,30.57,280612,,,A,V*39
$GNVTG,30.57,T,,M,0.00,N,0.01,K,A*13
$GNZDA,204517.000,28,06,2012,,*40
$GNGGA,204518.000,3900.0014,N,11613.9794,E,1,11,0.74,-12.5,M,-6.8,M,,*7B
$PAIRACC,3.43,8.20*45
$GNGLL,3900.0014,N,11613.9794,E,204518.000,A,A*45
$GNGSA,A,3,29,21,27,16,,,,,,,,,1.41,0.74,1.20,1*0F
$GNGSA,A,3,83,70,67,,,,,,,,,,1.41,0.74,1.20,2*0B
$GNGSA,A,3,,,,,,,,,,,,,1.41,0.74,1.20,3*07
$GNGSA,A,3,04,05,07,03,,,,,,,,,1.41,0.74,1.20,4*05
$GPGSV,4,1,13,02,01,113,,29,57,204,39.2,24,71,061,,26,54,077,,1*78
$GPGSV,4,2,13,21,51,314,39.3,18,35,257,,10,26,056,,27,12,069,39.6,1*64
$GPGSV,4,3,13,16,07,300,39.5,22,04,248,,08,02,043,,06,01,327,,1*75
$GPGSV,4,4,13,15,64,114,,1*54
$GLGSV,2,1,06,83,17,217,40.1,68,38,064,,79,35,146,,85,16,327,,1*6F
$GLGSV,2,2,06,70,09,290,39.6,67,06,087,39.6,1*73
$GAGSV,1,1,00,7*73
$GBGSV,3,1,12,09,04,184,,01,38,147,,08,32,169,,02,30,229,,1*70
$GBGSV,3,2,12,10,27,215,,04,27,125,38.4,06,24,167,,05,16,249,38.6,1*7E
$GBGSV,3,3,12,07,12,191,39.6,11,05,033,,13,04,033,,03,45,191,38.6,1*71
$GNRMC,204518.000,A,3900.0014,N,11613.9794,E,0.00,21.45,280612,,,A,V*35
$GNVTG,21.45,T,,M,0.00,N,0.01,K,A*10
$GNZDA,204518.000,28,06,2012,,*4F
$GNGGA,204519.000,3900.0014,N,11613.9794,E,1,11,0.74,-12.5,M,-6.8,M,,*7A
$PAIRACC,3.51,8.44*44
$GNGLL,3900.0014,N,11613.9794,E,204519.000,A,A*44
$GNGSA,A,3,29,21,27,16,,,,,,,,,1.41,0.74,1.20,1*0F
$GNGSA,A,3,83,70,67,,,,,,,,,,1.41,0.74,1.20,2*0B
$GNGSA,A,3,,,,,,,,,,,,,1.41,0.74,1.20,3*07
$GNGSA,A,3,04,05,07,03,,,,,,,,,1.41,0.74,1.20,4*05
$GPGSV,4,1,13,02,01,113,,29,56,203,39.5,24,71,061,,26,54,077,,1*79
$GPGSV,4,2,13,21,51,314,39.6,18,35,257,,10,26,056,,27,12,069,39.7,1*60
$GPGSV,4,3,13,16,07,300,39.7,22,04,248,,08,02,043,,06,01,327,,1*77
$GPGSV,4,4,13,15,64,114,,1*54
$GLGSV,2,1,06,83,17,217,40.2,68,38,064,,79,35,146,,85,16,327,,1*6C
$GLGSV,2,2,06,70,09,290,40.0,67,06,087,39.8,1*75
$GAGSV,1,1,00,7*73
$GBGSV,3,1,12,09,04,184,,01,38,147,,08,32,169,,02,30,229,,1*70
$GBGSV,3,2,12,10,27,215,,04,27,125,38.3,06,24,167,,05,16,249,38.7,1*78
$GBGSV,3,3,12,07,12,191,38.3,11,05,033,,13,04,033,,03,45,191,38.2,1*71
$GNRMC,204519.000,A,3900.0014,N,11613.9794,E,0.00,22.35,280612,,,A,V*30
$GNVTG,22.35,T,,M,0.00,N,0.01,K,A*14
$GNZDA,204519.000,28,06,2012,,*4E
$GNGGA,204520.000,3900.0014,N,11613.9794,E,1,11,0.74,-12.5,M,-6.8,M,,*70
$PAIRACC,3.42,8.16*41
$GNGLL,3900.0014,N,11613.9794,E,204520.000,A,A*4E
$GNGSA,A,3,29,21,27,16,,,,,,,,,1.41,0.74,1.20,1*0F
$GNGSA,A,3,83,70,67,,,,,,,,,,1.41,0.74,1.20,2*0B
$GNGSA,A,3,,,,,,,,,,,,,1.41,0.74,1.20,3*07
$GNGSA,A,3,04,05,07,03,,,,,,,,,1.41,0.74,1.20,4*05
$GPGSV,4,1,13,02,01,113,,29,56,203,39.5,24,71,061,,26,54,077,,1*79
$GPGSV,4,2,13,21,51,314,39.7,18,35,257,,10,26,056,,27,12,069,39.4,1*62
$GPGSV,4,3,13,16,07,300,39.8,22,04,248,,08,02,043,,06,01,327,,1*78
$GPGSV,4,4,13,15,64,114,,1*54
$GLGSV,2,1,06,83,17,217,40.0,68,38,064,,79,35,146,,85,16,327,,1*6E
$GLGSV,2,2,06,70,09,290,40.2,67,06,087,39.7,1*78
$GAGSV,1,1,00,7*73
$GBGSV,3,1,12,09,04,184,,01,38,147,,08,32,169,,02,30,229,,1*70
$GBGSV,3,2,12,10,27,215,,04,27,125,38.8,06,24,167,,05,16,249,38.8,1*7C
$GBGSV,3,3,12,07,12,191,39.0,11,05,033,,13,04,033,,03,45,191,38.7,1*76
$GNRMC,204520.000,A,3900.0014,N,11613.9794,E,0.00,44.02,280612,,,A,V*3E
$GNVTG,44.02,T,,M,0.00,N,0.01,K,A*10
$GNZDA,204520.000,28,06,2012,,*44
$GNGGA,204521.000,3900.0014,N,11613.9794,E,1,11,0.74,-12.5,M,-6.8,M,,*71
$PAIRACC,3.43,8.20*45
$GNGLL,3900.0014,N,11613.9794,E,204521.000,A,A*4F
$GNGSA,A,3,29,21,27,16,,,,,,,,,1.41,0.74,1.20,1*0F
$GNGSA,A,3,83,70,67,,,,,,,,,,1.41,0.74,1.20,2*0B
$GNGSA,A,3,,,,,,,,,,,,,1.41,0.74,1.20,3*07
$GNGSA,A,3,04,05,07,03,,,,,,,,,1.41,0.74,1.20,4*05
$GPGSV,4,1,13,02,01,113,,29,56,203,39.7,24,71,061,,26,54,077,,1*7B
$GPGSV,4,2,13,21,51,314,39.6,18,35,257,,10,26,056,,27,12,069,39.5,1*62
$GPGSV,4,3,13,16,07,300,39.9,22,04,248,,08,02,043,,06,01,327,,1*79
$GPGSV,4,4,13,15,64,114,,1*54
$GLGSV,2,1,06,83,17,217,39.5,68,38,064,,79,35,146,,85,16,327,,1*65
$GLGSV,2,2,06,70,09,290,39.8,67,06,087,39.7,1*7C
$GAGSV,1,1,00,7*73
$GBGSV,3,1,12,09,04,184,,01,38,147,,08,32,169,,02,30,229,,1*70
$GBGSV,3,2,12,10,27,215,,04,27,125,38.7,06,24,167,,05,16,249,38.9,1*72
$GBGSV,3,3,12,07,12,191,39.5,11,05,033,,13,04,033,,03,45,191,38.4,1*70
$GNRMC,204521.000,A,3900.0014,N,11613.9794,E,0.00,24.44,280612,,,A,V*3B
$GNVTG,24.44,T,,M,0.00,N,0.01,K,A*14
$GNZDA,204521.000,28,06,2012,,*45
$GNGGA,204522.000,3900.0014,N,11613.9794,E,1,11,0.74,-12.5,M,-6.8,M,,*72
$PAIRACC,3.47,8.28*49
$GNGLL,3900.0014,N,11613.9794,E,204522.000,A,A*4C
$GNGSA,A,3,29,21,27,16,,,,,,,,,1.41,0.74,1.20,1*0F
$GNGSA,A,3,83,70,67,,,,,,,,,,1.41,0.74,1.20,2*0B
$GNGSA,A,3,,,,,,,,,,,,,1.41,0.74,1.20,3*07
$GNGSA,A,3,04,05,07,03,,,,,,,,,1.41,0.74,1.20,4*05
$GPGSV,4,1,13,02,01,113,,29,56,203,39.6,24,71,061,,26,54,077,,1*7A
$GPGSV,4,2,13,21,51,314,39.1,18,35,257,,10,26,056,,27,12,069,39.7,1*67
$GPGSV,4,3,13,16,07,300,39.7,22,04,248,,08,02,043,,06,01,327,,1*77
$GPGSV,4,4,13,15,64,114,,1*54
$GLGSV,2,1,06,83,17,217,39.9,68,38,064,,79,35,146,,85,16,327,,1*69
$GLGSV,2,2,06,70,09,290,39.8,67,06,087,40.1,1*74
$GAGSV,1,1,00,7*73
$GBGSV,3,1,12,09,04,184,,01,38,147,,08,32,169,,02,30,229,,1*70
$GBGSV,3,2,12,10,27,215,,04,27,125,38.6,06,24,167,,05,16,249,38.6,1*7C
$GBGSV,3,3,12,07,12,191,38.5,11,05,033,,13,04,033,,03,45,191,38.1,1*74
$GNRMC,204522.000,A,3900.0014,N,11613.9794,E,0.00,21.23,280612,,,A,V*3C
$GNVTG,21.23,T,,M,0.00,N,0.01,K,A*10
$GNZDA,204522.000,28,06,2012,,*46
$GNGGA,204523.000,3900.0014,N,11613.9794,E,1,11,0.74,-12.5,M,-6.8,M,,*73
$PAIRACC,3.42,8.17*40
$GNGLL,3900.0014,N,11613.9794,E,204523.000,A,A*4D
$GNGSA,A,3,29,21,27,16,,,,,,,,,1.41,0.74,1.20,1*0F
$GNGSA,A,3,83,70,67,,,,,,,,,,1.41,0.74,1.20,2*0B
$GNGSA,A,3,,,,,,,,,,,,,1.41,0.74,1.20,3*07
$GNGSA,A,3,04,05,07,03,,,,,,,,,1.41,0.74,1.20,4*05
$GPGSV,4,1,13,02,01,113,,29,56,203,39.8,24,71,061,,26,54,077,,1*74
$GPGSV,4,2,13,21,51,314,39.7,18,35,257,,10,26,056,,27,12,069,39.5,1*63
$GPGSV,4,3,13,16,07,300,39.9,22,04,248,,08,02,043,,06,01,327,,1*79
$GPGSV,4,4,13,15,64,114,,1*54
$GLGSV,2,1,06,83,17,217,40.3,68,38,064,,79,35,146,,85,16,327,,1*6D
$GLGSV,2,2,06,70,09,290,39.9,67,06,087,39.5,1*7F
$GAGSV,1,1,00,7*73
$GBGSV,3,1,12,09,04,184,,01,38,147,,08,32,169,,02,30,229,,1*70
$GBGSV,3,2,12,10,27,215,,04,27,125,38.9,06,24,167,,05,16,249,38.9,1*7C
$GBGSV,3,3,12,07,12,191,39.1,11,05,033,,13,04,033,,03,45,191,39.0,1*71
$GNRMC,204523.000,A,3900.0014,N,11613.9794,E,0.00,24.26,280612,,,A,V*3D
$GNVTG,24.26,T,,M,0.00,N,0.01,K,A*10
$GNZDA,204523.000,28,06,2012,,*47
$GNGGA,204524.000,3900.0014,N,11613.9794,E,1,11,0.74,-12.5,M,-6.8,M,,*74
$PAIRACC,3.54,8.48*4D
$GNGLL,3900.0014,N,11613.9794,E,204524.000,A,A*4A
$GNGSA,A,3,29,21,27,16,,,,,,,,,1.41,0.74,1.20,1*0F
$GNGSA,A,3,83,70,67,,,,,,,,,,1.41,0.74,1.20,2*0B
$GNGSA,A,3,,,,,,,,,,,,,1.41,0.74,1.20,3*07
$GNGSA,A,3,04,05,07,03,,,,,,,,,1.41,0.74,1.20,4*05
$GPGSV,4,1,13,02,01,113,,29,56,203,39.2,24,71,061,,26,54,077,,1*7E
$GPGSV,4,2,13,21,51,314,39.0,18,35,257,,10,26,056,,27,12,069,39.7,1*66
$GPGSV,4,3,13,16,07,300,39.8,22,04,248,,08,02,043,,06,01,327,,1*78
$GPGSV,4,4,13,15,64,114,,1*54
$GLGSV,2,1,06,83,17,217,40.0,68,38,064,,79,35,146,,85,16,327,,1*6E
$GLGSV,2,2,06,70,09,290,40.3,67,06,087,40.0,1*70
$GAGSV,1,1,00,7*73
$GBGSV,3,1,12,09,04,184,,01,38,147,,08,32,169,,02,30,229,,1*70
$GBGSV,3,2,12,10,27,215,,04,27,125,38.6,06,24,167,,05,16,249,38.7,1*7D
$GBGSV,3,3,12,07,12,191,39.6,11,05,033,,13,04,033,,03,45,191,38.4,1*73
$GNRMC,204524.000,A,3900.0014,N,11613.9794,E,0.00,11.29,280612,,,A,V*33
$GNVTG,11.29,T,,M,0.00,N,0.01,K,A*19
$GNZDA,204524.000,28,06,2012,,*40
$GNGGA,204525.000,3900.0014,N,11613.9794,E,1,11,0.74,-12.5,M,-6.8,M,,*75
$PAIRACC,3.44,8.20*42
$GNGLL,3900.0014,N,11613.9794,E,204525.000,A,A*4B
$GNGSA,A,3,29,21,27,16,,,,,,,,,1.41,0.74,1.20,1*0F
$GNGSA,A,3,83,70,67,,,,,,,,,,1.41,0.74,1.20,2*0B
$GNGSA,A,3,,,,,,,,,,,,,1.41,0.74,1.20,3*07
$GNGSA,A,3,04,05,07,03,,,,,,,,,1.41,0.74,1.20,4*05
$GPGSV,4,1,13,02,01,113,,29,56,203,39.6,24,71,061,,26,54,077,,1*7A
$GPGSV,4,2,13,21,51,314,39.8,18,35,257,,10,26,056,,27,12,069,39.6,1*6F
$GPGSV,4,3,13,16,07,300,39.7,22,04,248,,08,02,043,,06,01,327,,1*77
$GPGSV,4,4,13,15,64,114,,1*54
$GLGSV,2,1,06,83,17,217,39.5,68,38,064,,79,35,146,,85,16,327,,1*65
$GLGSV,2,2,06,70,09,290,39.9,67,06,087,40.2,1*76
$GAGSV,1,1,00,7*73
$GBGSV,3,1,12,09,04,184,,01,38,147,,08,32,169,,02,30,229,,1*70
$GBGSV,3,2,12,10,27,215,,04,27,125,38.5,06,24,167,,05,16,249,38.5,1*7C
$GBGSV,3,3,12,07,12,191,39.5,11,05,033,,13,04,033,,03,45,191,38.4,1*70
$GNRMC,204525.000,A,3900.0014,N,11613.9794,E,0.00,21.90,280612,,,A,V*33
$GNVTG,21.90,T,,M,0.00,N,0.01,K,A*18
$GNZDA,204525.000,28,06,2012,,*41
$GNGGA,204526.000,3900.0014,N,11613.9794,E,1,11,0.74,-12.5,M,-6.8,M,,*76
$PAIRACC,3.54,8.49*4C
$GNGLL,3900.0014,N,11613.9794,E,204526.000,A,A*48
$GNGSA,A,3,29,21,27,16,,,,,,,,,1.41,0.74,1.20,1*0F
$GNGSA,A,3,83,70,67,,,,,,,,,,1.41,0.74,1.20,2*0B
$GNGSA,A,3,,,,,,,,,,,,,1.41,0.74,1.20,3*07
$GNGSA,A,3,04,05,07,03,,,,,,,,,1.41,0.74,1.20,4*05
$GPGSV,4,1,13,02,01,113,,29,56,203,39.3,24,71,061,,26,54,077,,1*7F
$GPGSV,4,2,13,21,51,314,39.3,18,35,257,,10,26,056,,27,12,069,39.8,1*6A
$GPGSV,4,3,13,16,07,300,39.6,22,04,248,,08,02,043,,06,01,327,,1*76
$GPGSV,4,4,13,15,64,114,,1*54
$GLGSV,2,1,06,83,17,217,40.2,68,38,064,,79,35,146,,85,16,327,,1*6C
$GLGSV,2,2,06,70,09,290,39.6,67,06,087,39.7,1*72
$GAGSV,1,1,00,7*73
$GBGSV,3,1,12,09,04,184,,01,38,147,,08,32,169,,02,30,229,,1*70
$GBGSV,3,2,12,10,27,215,,04,27,125,39.0,06,24,167,,05,16,249,38.9,1*74
$GBGSV,3,3,12,07,12,191,38.6,11,05,033,,13,04,033,,03,45,191,38.9,1*7F
$GNRMC,204526.000,A,3900.0014,N,11613.9794,E,0.00,11.20,280612,,,A,V*38
$GNVTG,11.20,T,,M,0.00,N,0.01,K,A*10
$GNZDA,204526.000,28,06,2012,,*42
$GNGGA,204527.000,3900.0014,N,11613.9794,E,1,11,0.74,-12.5,M,-6.8,M,,*77
$PAIRACC,3.49,8.31*4F
$GNGLL,3900.0014,N,11613.9794,E,204527.000,A,A*49
$GNGSA,A,3,29,21,27,16,,,,,,,,,1.41,0.74,1.20,1*0F
$GNGSA,A,3,83,70,67,,,,,,,,,,1.41,0.74,1.20,2*0B
$GNGSA,A,3,,,,,,,,,,,,,1.41,0.74,1.20,3*07
$GNGSA,A,3,04,05,07,03,,,,,,,,,1.41,0.74,1.20,4*05
$GPGSV,4,1,13,02,01,113,,29,56,203,39.6,24,71,061,,26,54,077,,1*7A
$GPGSV,4,2,13,21,51,314,39.3,18,35,257,,10,26,056,,27,12,069,39.6,1*64
$GPGSV,4,3,13,16,07,300,39.8,22,04,248,,08,02,043,,06,01,327,,1*78
$GPGSV,4,4,13,15,64,114,,1*54
$GLGSV,2,1,06,83,17,217,39.7,68,38,064,,79,35,146,,85,16,327,,1*67
$GLGSV,2,2,06,70,09,290,39.7,67,06,087,40.0,1*7A
$GAGSV,1,1,00,7*73
$GBGSV,3,1,12,09,04,184,,01,38,147,,08,32,169,,02,30,229,,1*70
$GBGSV,3,2,12,10,27,215,,04,27,125,38.8,06,24,167,,05,16,249,38.5,1*71
$GBGSV,3,3,12,07,12,191,39.5,11,05,033,,13,04,033,,03,45,191,38.4,1*70
$GNRMC,204527.000,A,3900.0014,N,11613.9794,E,0.00,2.29,280612,,,A,V*02
$GNVTG,2.29,T,,M,0.00,N,0.01,K,A*2B
$GNZDA,204527.000,28,06,2012,,*43
$GNGGA,204528.000,3900.0014,N,11613.9794,E,1,11,0.74,-12.5,M,-6.8,M,,*78
$PAIRACC,3.56,8.52*44
$GNGLL,3900.0014,N,11613.9794,E,204528.000,A,A*46
$GNGSA,A,3,29,21,27,16,,,,,,,,,1.41,0.74,1.20,1*0F
$GNGSA,A,3,83,70,67,,,,,,,,,,1.41,0.74,1.20,2*0B
$GNGSA,A,3,,,,,,,,,,,,,1.41,0.74,1.20,3*07
$GNGSA,A,3,04,05,07,03,,,,,,,,,1.41,0.74,1.20,4*05
$GPGSV,4,1,13,02,01,113,,29,56,203,39.3,24,71,061,,26,54,077,,1*7F
$GPGSV,4,2,13,21,51,314,39.5,18,35,257,,10,26,056,,27,12,069,40.2,1*68
$GPGSV,4,3,13,16,07,300,39.4,22,04,248,,08,02,043,,06,01,327,,1*74
$GPGSV,4,4,13,15,64,114,,1*54
$GLGSV,2,1,06,83,17,217,40.2,68,38,064,,79,35,146,,85,16,327,,1*6C
$GLGSV,2,2,06,70,09,290,39.9,67,06,087,40.5,1*71
$GAGSV,1,1,00,7*73
$GBGSV,3,1,12,09,04,184,,01,38,147,,08,32,169,,02,30,229,,1*70
$GBGSV,3,2,12,10,27,215,,04,27,125,38.4,06,24,167,,05,16,249,38.8,1*70
$GBGSV,3,3,12,07,12,191,39.4,11,05,033,,13,04,033,,03,45,191,38.1,1*74
$GNRMC,204528.000,A,3900.0014,N,11613.9794,E,0.00,353.78,280612,,,A,V*0E
$GNVTG,353.78,T,,M,0.00,N,0.01,K,A*28
$GNZDA,204528.000,28,06,2012,,*4C
$GNGGA,204529.000,3900.0014,N,11613.9794,E,1,11,0.74,-12.5,M,-6.8,M,,*79
$PAIRACC,3.52,8.40*43
$GNGLL,3900.0014,N,11613.9794,E,204529.000,A,A*47
$GNGSA,A,3,29,21,27,16,,,,,,,,,1.41,0.74,1.20,1*0F
$GNGSA,A,3,83,70,67,,,,,,,,,,1.41,0.74,1.20,2*0B
$GNGSA,A,3,,,,,,,,,,,,,1.41,0.74,1.20,3*07
$GNGSA,A,3,04,05,07,03,,,,,,,,,1.41,0.74,1.20,4*05
$GPGSV,4,1,13,02,01,113,,29,56,203,39.3,24,71,061,,26,54,077,,1*7F
$GPGSV,4,2,13,21,51,314,39.0,18,35,257,,10,26,056,,27,12,069,39.5,1*64
$GPGSV,4,3,13,16,07,300,39.6,22,04,248,,08,02,043,,06,01,327,,1*76
$GPGSV,4,4,13,15,64,114,,1*54
$GLGSV,2,1,06,83,17,217,40.0,68,38,064,,79,35,146,,85,16,327,,1*6E
$GLGSV,2,2,06,70,09,290,39.9,67,06,087,39.5,1*7F
$GAGSV,1,1,00,7*73
$GBGSV,3,1,12,09,04,184,,01,38,147,,08,32,169,,02,30,229,,1*70
$GBGSV,3,2,12,10,27,215,,04,27,125,38.8,06,24,167,,05,16,249,38.8,1*7C
$GBGSV,3,3,12,07,12,191,38.5,11,05,033,,13,04,033,,03,45,191,38.8,1*7D
$GNRMC,204529.000,A,3900.0014,N,11613.9794,E,0.00,4.41,280612,,,A,V*04
$GNVTG,4.41,T,,M,0.00,N,0.01,K,A*23
$GNZDA,204529.000,28,06,2012,,*4D
$GNGGA,204530.000,3900.0013,N,11613.9794,E,1,11,0.74,-12.6,M,-6.8,M,,*75
$PAIRACC,3.50,8.34*42
$GNGLL,3900.0013,N,11613.9794,E,204530.000,A,A*48
$GNGSA,A,3,29,21,27,16,,,,,,,,,1.41,0.74,1.20,1*0F
$GNGSA,A,3,83,70,67,,,,,,,,,,1.41,0.74,1.20,2*0B
$GNGSA,A,3,,,,,,,,,,,,,1.41,0.74,1.20,3*07
$GNGSA,A,3,04,05,07,03,,,,,,,,,1.41,0.74,1.20,4*05
$GPGSV,4,1,13,02,01,113,,29,56,203,39.8,24,71,061,,26,54,077,,1*74
$GPGSV,4,2,13,21,51,314,39.4,18,35,257,,10,26,056,,27,12,069,39.6,1*63
$GPGSV,4,3,13,16,07,300,39.6,22,04,248,,08,02,043,,06,01,327,,1*76
$GPGSV,4,4,13,15,64,114,,1*54
$GLGSV,2,1,06,83,17,217,40.1,68,38,064,,79,35,146,,85,16,327,,1*6F
$GLGSV,2,2,06,70,09,290,40.2,67,06,087,40.3,1*72
$GAGSV,1,1,00,7*73
$GBGSV,3,1,12,09,04,184,,01,38,147,,08,32,169,,02,30,229,,1*70
$GBGSV,3,2,12,10,27,215,,04,27,125,38.7,06,24,167,,05,16,249,38.6,1*7D
$GBGSV,3,3,12,07,12,191,39.1,11,05,033,,13,04,033,,03,45,191,38.5,1*75
$GNRMC,204530.000,A,3900.0013,N,11613.9794,E,0.00,10.93,280612,,,A,V*31
$GNVTG,10.93,T,,M,0.00,N,0.01,K,A*19
$GNZDA,204530.000,28,06,2012,,*45
$GNGGA,204531.000,3900.0013,N,11613.9794,E,1,11,0.74,-12.6,M,-6.8,M,,*74
$PAIRACC,3.53,8.47*45
$GNGLL,3900.0013,N,11613.9794,E,204531.000,A,A*49
$GNGSA,A,3,29,21,27,16,,,,,,,,,1.41,0.74,1.20,1*0F
$GNGSA,A,3,83,70,67,,,,,,,,,,1.41,0.74,1.20,2*0B
$GNGSA,A,3,,,,,,,,,,,,,1.41,0.74,1.20,3*07
$GNGSA,A,3,04,05,07,03,,,,,,,,,1.41,0.74,1.20,4*05
$GPGSV,4,1,13,02,01,113,,29,56,203,39.7,24,71,061,,26,54,077,,1*7B
$GPGSV,4,2,13,21,51,314,39.5,18,35,257,,10,26,056,,27,12,069,39.7,1*63
$GPGSV,4,3,13,16,07,300,39.9,22,04,248,,08,02,043,,06,01,327,,1*79
$GPGSV,4,4,13,15,64,114,,1*54
$GLGSV,2,1,06,83,17,217,40.0,68,38,064,,79,35,146,,85,16,327,,1*6E
$GLGSV,2,2,06,70,09,290,39.9,67,06,087,39.7,1*7D
$GAGSV,1,1,00,7*73
$GBGSV,3,1,12,09,04,184,,01,38,147,,08,32,169,,02,30,229,,1*70
$GBGSV,3,2,12,10,27,215,,04,27,125,38.3,06,24,167,,05,16,249,38.7,1*78
$GBGSV,3,3,12,07,12,191,39.2,11,05,033,,13,04,033,,03,45,191,38.1,1*72
$GNRMC,204531.000,A,3900.0013,N,11613.9794,E,0.00,356.59,280612,,,A,V*07
$GNVTG,356.59,T,,M,0.00,N,0.01,K,A*2E
$GNZDA,204531.000,28,06,2012,,*44
$GNGGA,204532.000,3900.0013,N,11613.9794,E,1,11,0.74,-12.6,M,-6.8,M,,*77
$PAIRACC,3.60,8.52*41
$GNGLL,3900.0013,N,11613.9794,E,204532.000,A,A*4A
$GNGSA,A,3,29,21,27,16,,,,,,,,,1.41,0.74,1.20,1*0F
$GNGSA,A,3,83,70,67,,,,,,,,,,1.41,0.74,1.20,2*0B
$GNGSA,A,3,,,,,,,,,,,,,1.41,0.74,1.20,3*07
$GNGSA,A,3,04,05,07,03,,,,,,,,,1.41,0.74,1.20,4*05
$GPGSV,4,1,13,02,01,113,,29,56,203,39.4,24,71,061,,26,54,077,,1*78
$GPGSV,4,2,13,21,51,314,39.5,18,35,257,,10,26,056,,27,12,069,39.8,1*6C
$GPGSV,4,3,13,16,07,300,39.6,22,04,248,,08,02,043,,06,01,327,,1*76
$GPGSV,4,4,13,15,64,114,,1*54
$GLGSV,2,1,06,83,17,217,40.0,68,38,064,,79,35,146,,85,16,327,,1*6E
$GLGSV,2,2,06,70,09,290,39.9,67,06,087,39.8,1*72
$GAGSV,1,1,00,7*73
$GBGSV,3,1,12,09,04,184,,01,38,147,,08,32,169,,02,30,229,,1*70
$GBGSV,3,2,12,10,27,215,,04,27,125,38.8,06,24,167,,05,16,249,38.8,1*7C
$GBGSV,3,3,12,07,12,191,38.6,11,05,033,,13,04,033,,03,45,191,38.7,1*71
$GNRMC,204532.000,A,3900.0013,N,11613.9794,E,0.00,7.46,280612,,,A,V*0D
$GNVTG,7.46,T,,M,0.00,N,0.01,K,A*27
$GNZDA,204532.000,28,06,2012,,*47
$GNGGA,204533.000,3900.0013,N,11613.9794,E,1,11,0.74,-12.6,M,-6.8,M,,*76
$PAIRACC,3.53,8.48*4A
$GNGLL,3900.0013,N,11613.9794,E,204533.000,A,A*4B
$GNGSA,A,3,29,21,27,16,,,,,,,,,1.41,0.74,1.20,1*0F
$GNGSA,A,3,83,70,67,,,,,,,,,,1.41,0.74,1.20,2*0B
$GNGSA,A,3,,,,,,,,,,,,,1.41,0.74,1.20,3*07
$GNGSA,A,3,04,05,07,03,,,,,,,,,1.41,0.74,1.20,4*05
$GPGSV,4,1,13,02,01,113,,29,56,203,40.0,24,71,061,,26,54,077,,1*72
$GPGSV,4,2,13,21,51,314,39.7,18,35,257,,10,26,056,,27,12,069,39.8,1*6E
$GPGSV,4,3,13,16,07,300,39.5,22,04,248,,08,02,043,,06,01,327,,1*75
$GPGSV,4,4,13,15,64,114,,1*54
$GLGSV,2,1,06,83,17,217,39.9,68,38,064,,79,35,146,,85,16,327,,1*69
$GLGSV,2,2,06,70,09,290,39.9,67,06,087,40.1,1*75
$GAGSV,1,1,00,7*73
$GBGSV,3,1,12,09,04,184,,01,38,147,,08,32,169,,02,30,229,,1*70
$GBGSV,3,2,12,10,27,215,,04,27,125,38.5,06,24,167,,05,16,249,38.2,1*7B
$GBGSV,3,3,12,07,12,191,38.8,11,05,033,,13,04,033,,03,45,191,38.3,1*7B
$GNRMC,204533.000,A,3900.0013,N,11613.9794,E,0.00,13.51,280612,,,A,V*3F
$GNVTG,13.51,T,,M,0.00,N,0.01,K,A*14
$GNZDA,204533.000,28,06,2012,,*46
$GNGGA,204534.000,3900.0013,N,11613.9794,E,1,11,0.74,-12.6,M,-6.8,M,,*71
$PAIRACC,3.58,8.48*41
$GNGLL,3900.0013,N,11613.9794,E,204534.000,A,A*4C
$GNGSA,A,3,29,21,27,16,,,,,,,,,1.41,0.74,1.20,1*0F
$GNGSA,A,3,83,70,67,,,,,,,,,,1.41,0.74,1.20,2*0B
$GNGSA,A,3,,,,,,,,,,,,,1.41,0.74,1.20,3*07
$GNGSA,A,3,04,05,07,03,,,,,,,,,1.41,0.74,1.20,4*05
$GPGSV,4,1,13,02,01,113,,29,56,203,39.3,24,71,061,,26,54,077,,1*7F
$GPGSV,4,2,13,21,51,314,39.1,18,35,257,,10,26,056,,27,12,069,39.4,1*64
$GPGSV,4,3,13,16,07,300,39.8,22,04,248,,08,02,043,,06,01,327,,1*78
$GPGSV,4,4,13,15,64,114,,1*54
$GLGSV,2,1,06,83,17,217,39.7,68,38,064,,79,35,146,,85,16,327,,1*67
$GLGSV,2,2,06,70,09,290,40.1,67,06,087,39.7,1*7B
$GAGSV,1,1,00,7*73
$GBGSV,3,1,12,09,04,184,,01,38,147,,08,32,169,,02,30,229,,1*70
$GBGSV,3,2,12,10,27,215,,04,27,125,38.5,06,24,167,,05,16,249,38.4,1*7D
$GBGSV,3,3,12,07,12,191,39.3,11,05,033,,13,04,033,,03,45,191,38.6,1*74
$GNRMC,204534.000,A,3900.0013,N,11613.9794,E,0.00,19.86,280612,,,A,V*38
$GNVTG,19.86,T,,M,0.00,N,0.01,K,A*14
$GNZDA,204534.000,28,06,2012,,*41
$GNGGA,204535.000,3900.0013,N,11613.9794,E,1,11,0.74,-12.6,M,-6.8,M,,*70
$PAIRACC,3.56,8.53*45
$GNGLL,3900.0013,N,11613.9794,E,204535.000,A,A*4D
$GNGSA,A,3,29,21,27,16,,,,,,,,,1.41,0.74,1.20,1*0F
$GNGSA,A,3,83,70,67,,,,,,,,,,1.41,0.74,1.20,2*0B
$GNGSA,A,3,,,,,,,,,,,,,1.41,0.74,1.20,3*07
$GNGSA,A,3,04,05,07,03,,,,,,,,,1.41,0.74,1.20,4*05
$GPGSV,4,1,13,02,01,113,,29,56,203,39.6,24,71,061,,26,54,077,,1*7A
$GPGSV,4,2,13,21,51,314,38.8,18,35,257,,10,26,056,,27,12,069,39.7,1*6F
$GPGSV,4,3,13,16,07,300,39.7,22,04,248,,08,02,043,,06,01,327,,1*77
$GPGSV,4,4,13,15,64,114,,1*54
$GLGSV,2,1,06,83,17,217,39.6,68,38,064,,79,35,146,,85,16,327,,1*66
$GLGSV,2,2,06,70,09,290,39.5,67,06,087,39.8,1*7E
$GAGSV,1,1,00,7*73
$GBGSV,3,1,12,09,04,184,,01,38,147,,08,32,169,,02,30,229,,1*70
$GBGSV,3,2,12,10,27,215,,04,27,125,38.8,06,24,167,,05,16,249,39.0,1*75
$GBGSV,3,3,12,07,12,191,39.7,11,05,033,,13,04,033,,03,45,191,38.8,1*7E
$GNRMC,204535.000,A,3900.0013,N,11613.9794,E,0.00,16.46,280612,,,A,V*3A
$GNVTG,16.46,T,,M,0.00,N,0.01,K,A*17
$GNZDA,204535.000,28,06,2012,,*40
$GNGGA,204536.000,3900.0013,N,11613.9794,E,1,11,0.74,-12.6,M,-6.8,M,,*73
$PAIRACC,3.50,8.34*42
$GNGLL,3900.0013,N,11613.9794,E,204536.000,A,A*4E
$GNGSA,A,3,29,21,27,16,,,,,,,,,1.41,0.74,1.20,1*0F
$GNGSA,A,3,83,70,67,,,,,,,,,,1.41,0.74,1.20,2*0B
$GNGSA,A,3,,,,,,,,,,,,,1.41,0.74,1.20,3*07
$GNGSA,A,3,04,05,07,03,,,,,,,,,1.41,0.74,1.20,4*05
$GPGSV,4,1,13,02,01,113,,29,56,203,39.4,24,71,061,,26,54,077,,1*78
$GPGSV,4,2,13,21,51,314,39.2,18,35,257,,10,26,056,,27,12,069,39.5,1*66
$GPGSV,4,3,13,16,07,300,39.5,22,04,248,,08,02,043,,06,01,327,,1*75
$GPGSV,4,4,13,15,64,114,,1*54
$GLGSV,2,1,06,83,17,217,40.3,68,38,064,,79,35,146,,85,16,327,,1*6D
$GLGSV,2,2,06,70,09,290,39.8,67,06,087,40.2,1*77
$GAGSV,1,1,00,7*73
$GBGSV,3,1,12,09,04,184,,01,38,147,,08,32,169,,02,30,229,,1*70
$GBGSV,3,2,12,10,27,215,,04,27,125,38.5,06,24,167,,05,16,249,38.4,1*7D
$GBGSV,3,3,12,07,12,191,38.8,11,05,033,,13,04,033,,03,45,191,38.2,1*7A
$GNRMC,204536.000,A,3900.0013,N,11613.9794,E,0.00,34.76,280612,,,A,V*3A
$GNVTG,34.76,T,,M,0.00,N,0.01,K,A*14
$GNZDA,204536.000,28,06,2012,,*43
$GNGGA,204537.000,3900.0013,N,11613.9794,E,1,11,0.74,-12.6,M,-6.8,M,,*72
$PAIRACC,3.52,8.40*43
$GNGLL,3900.0013,N,11613.9794,E,204537.000,A,A*4F
$GNGSA,A,3,29,21,27,16,,,,,,,,,1.41,0.74,1.20,1*0F
$GNGSA,A,3,83,70,67,,,,,,,,,,1.41,0.74,1.20,2*0B
$GNGSA,A,3,,,,,,,,,,,,,1.41,0.74,1.20,3*07
$GNGSA,A,3,04,05,07,03,,,,,,,,,1.41,0.74,1.20,4*05
$GPGSV,4,1,13,02,01,113,,29,56,203,39.4,24,71,061,,26,54,077,,1*78
$GPGSV,4,2,13,21,51,314,38.8,18,35,257,,10,26,056,,27,12,069,40.1,1*67
$GPGSV,4,3,13,16,07,300,39.8,22,04,248,,08,02,043,,06,01,327,,1*78
$GPGSV,4,4,13,15,64,114,,1*54
$GLGSV,2,1,06,83,17,217,40.3,68,38,064,,79,35,146,,85,16,327,,1*6D
$GLGSV,2,2,06,70,09,290,39.9,67,06,087,39.7,1*7D
$GAGSV,1,1,00,7*73
$GBGSV,3,1,12,09,04,184,,01,38,147,,08,32,169,,02,30,229,,1*70
$GBGSV,3,2,12,10,27,215,,04,27,125,38.6,06,24,167,,05,16,249,38.4,1*7E
$GBGSV,3,3,12,07,12,191,39.5,11,05,033,,13,04,033,,03,45,191,38.4,1*70
$GNRMC,204537.000,A,3900.0013,N,11613.9794,E,0.00,8.70,280612,,,A,V*02
$GNVTG,8.70,T,,M,0.00,N,0.01,K,A*2D
$GNZDA,204537.000,28,06,2012,,*42
$GNGGA,204538.000,3900.0013,N,11613.9794,E,1,11,0.74,-12.6,M,-6.8,M,,*7D
$PAIRACC,3.49,8.32*4C
$GNGLL,3900.0013,N,11613.9794,E,204538.000,A,A*40
$GNGSA,A,3,29,21,27,16,,,,,,,,,1.41,0.74,1.20,1*0F
$GNGSA,A,3,83,70,67,,,,,,,,,,1.41,0.74,1.20,2*0B
$GNGSA,A,3,,,,,,,,,,,,,1.41,0.74,1.20,3*07
$GNGSA,A,3,04,05,07,03,,,,,,,,,1.41,0.74,1.20,4*05
$GPGSV,4,1,13,02,01,113,,29,56,203,39.6,24,71,061,,26,54,077,,1*7A
$GPGSV,4,2,13,21,51,314,39.1,18,35,257,,10,26,056,,27,12,069,39.9,1*69
$GPGSV,4,3,13,16,07,300,39.3,22,04,248,,08,02,043,,06,01,327,,1*73
$GPGSV,4,4,13,15,64,114,,1*54
$GLGSV,2,1,06,83,17,217,39.6,68,38,064,,79,35,146,,85,16,327,,1*66
$GLGSV,2,2,06,70,09,290,40.1,67,06,087,40.3,1*71
$GAGSV,1,1,00,7*73
$GBGSV,3,1,12,09,04,184,,01,38,147,,08,32,169,,02,30,229,,1*70
$GBGSV,3,2,12,10,27,215,,04,27,125,38.9,06,24,167,,05,16,249,39.2,1*76
$GBGSV,3,3,12,07,12,191,39.6,11,05,033,,13,04,033,,03,45,191,39.0,1*76
$GNRMC,204538.000,A,3900.0013,N,11613.9794,E,0.00,13.46,280612,,,A,V*32
$GNVTG,13.46,T,,M,0.00,N,0.01,K,A*12
$GNZDA,204538.000,28,06,2012,,*4D
$GNGGA,204539.000,3900.0013,N,11613.9794,E,1,11,0.74,-12.6,M,-6.8,M,,*7C
$PAIRACC,3.53,8.40*42
$GNGLL,3900.0013,N,11613.9794,E,204539.000,A,A*41
$GNGSA,A,3,29,21,27,16,,,,,,,,,1.41,0.74,1.20,1*0F
$GNGSA,A,3,83,70,67,,,,,,,,,,1.41,0.74,1.20,2*0B
$GNGSA,A,3,,,,,,,,,,,,,1.41,0.74,1.20,3*07
$GNGSA,A,3,04,05,07,03,,,,,,,,,1.41,0.74,1.20,4*05
$GPGSV,4,1,13,02,01,113,,29,56,203,40.0,24,71,061,,26,54,077,,1*72
$GPGSV,4,2,13,21,51,314,39.0,18,35,257,,10,26,056,,27,12,069,39.5,1*64
$GPGSV,4,3,13,16,07,300,39.6,22,04,248,,08,02,043,,06,01,327,,1*76
$GPGSV,4,4,13,15,64,114,,1*54
$GLGSV,2,1,06,83,17,217,39.7,68,38,064,,79,35,146,,85,16,327,,1*67
$GLGSV,2,2,06,70,09,290,40.0,67,06,087,40.0,1*73
$GAGSV,1,1,00,7*73
$GBGSV,3,1,12,09,04,184,,01,38,147,,08,32,169,,02,30,229,,1*70
$GBGSV,3,2,12,10,27,215,,04,27,125,38.5,06,24,167,,05,16,249,38.5,1*7C
$GBGSV,3,3,12,07,12,191,38.2,11,05,033,,13,04,033,,03,45,191,38.4,1*76
$GNRMC,204539.000,A,3900.0013,N,11613.9794,E,0.00,5.06,280612,,,A,V*00
$GNVTG,5.06,T,,M,0.00,N,0.01,K,A*21
$GNZDA,204539.000,28,06,2012,,*4C
$GNGGA,204540.000,3900.0013,N,11613.9794,E,1,11,0.74,-12.6,M,-6.8,M,,*72
$PAIRACC,3.48,8.30*4F
$GNGLL,3900.0013,N,11613.9794,E,204540.000,A,A*4F
$GNGSA,A,3,29,21,27,16,,,,,,,,,1.41,0.74,1.20,1*0F
$GNGSA,A,3,83,70,67,,,,,,,,,,1.41,0.74,1.20,2*0B
$GNGSA,A,3,,,,,,,,,,,,,1.41,0.74,1.20,3*07
$GNGSA,A,3,04,05,07,03,,,,,,,,,1.41,0.74,1.20,4*05
$GPGSV,4,1,13,02,01,113,,29,56,203,39.6,24,71,061,,26,54,077,,1*7A
$GPGSV,4,2,13,21,51,314,39.4,18,35,257,,10,26,056,,27,12,069,40.1,1*6A
$GPGSV,4,3,13,16,07,300,39.3,22,04,248,,08,02,043,,06,01,327,,1*73
$GPGSV,4,4,13,15,64,114,,1*54
$GLGSV,2,1,06,83,17,217,39.7,68,38,064,,79,35,146,,85,16,327,,1*67
$GLGSV,2,2,06,70,09,290,40.1,67,06,087,40.0,1*72
$GAGSV,1,1,00,7*73
$GBGSV,3,1,12,09,04,184,,01,38,147,,08,32,169,,02,30,229,,1*70
$GBGSV,3,2,12,10,27,215,,04,27,125,38.5,06,24,167,,05,16,249,38.7,1*7E
$GBGSV,3,3,12,07,12,191,39.3,11,05,033,,13,04,033,,03,45,191,38.5,1*77
$GNRMC,204540.000,A,3900.0013,N,11613.9794,E,0.00,358.63,280612,,,A,V*06
$GNVTG,358.63,T,,M,0.00,N,0.01,K,A*29
$GNZDA,204540.000,28,06,2012,,*42
$GNGGA,204541.000,3900.0013,N,11613.9794,E,1,11,0.74,-12.6,M,-6.8,M,,*73
$PAIRACC,3.65,8.70*44
$GNGLL,3900.0013,N,11613.9794,E,204541.000,A,A*4E
$GNGSA,A,3,29,21,27,16,,,,,,,,,1.41,0.74,1.20,1*0F
$GNGSA,A,3,83,70,67,,,,,,,,,,1.41,0.74,1.20,2*0B
$GNGSA,A,3,,,,,,,,,,,,,1.41,0.74,1.20,3*07
$GNGSA,A,3,04,05,07,03,,,,,,,,,1.41,0.74,1.20,4*05
$GPGSV,4,1,13,02,01,113,,29,56,203,39.4,24,71,061,,26,54,077,,1*78
$GPGSV,4,2,13,21,51,314,39.3,18,35,257,,10,26,056,,27,12,069,39.9,1*6B
$GPGSV,4,3,13,16,07,300,39.7,22,04,248,,08,02,043,,06,01,327,,1*77
$GPGSV,4,4,13,15,64,114,,1*54
$GLGSV,2,1,06,83,17,217,39.8,68,38,064,,79,35,146,,85,16,327,,1*68
$GLGSV,2,2,06,70,09,290,40.0,67,06,087,39.9,1*74
$GAGSV,1,1,00,7*73
$GBGSV,3,1,12,09,04,184,,01,38,147,,08,32,169,,02,30,229,,1*70
$GBGSV,3,2,12,10,27,215,,04,27,125,38.8,06,24,167,,05,16,249,38.6,1*72
$GBGSV,3,3,12,07,12,191,39.3,11,05,033,,13,04,033,,03,45,191,38.7,1*75
$GNRMC,204541.000,A,3900.0013,N,11613.9794,E,0.00,0.00,280612,,,A,V*0C
$GNVTG,0.00,T,,M,0.00,N,0.01,K,A*22
$GNZDA,204541.000,28,06,2012,,*43
$GNGGA,204542.000,3900.0013,N,11613.9794,E,1,11,0.74,-12.6,M,-6.8,M,,*70
$PAIRACC,3.49,8.31*4F
$GNGLL,3900.0013,N,11613.9794,E,204542.000,A,A*4D
$GNGSA,A,3,29,21,27,16,,,,,,,,,1.40,0.74,1.19,1*04
$GNGSA,A,3,83,70,67,,,,,,,,,,1.40,0.74,1.19,2*00
$GNGSA,A,3,,,,,,,,,,,,,1.40,0.74,1.19,3*0C
$GNGSA,A,3,04,05,07,03,,,,,,,,,1.40,0.74,1.19,4*0E
$GPGSV,4,1,13,02,01,113,,29,56,203,39.9,24,71,061,,26,54,077,,1*75
$GPGSV,4,2,13,21,51,314,39.6,18,35,257,,10,26,056,,27,12,069,40.0,1*69
$GPGSV,4,3,13,16,07,300,40.0,22,04,248,,08,02,043,,06,01,327,,1*7E
$GPGSV,4,4,13,15,64,114,,1*54
$GLGSV,2,1,06,83,17,217,40.0,68,38,064,,79,35,146,,85,16,327,,1*6E
$GLGSV,2,2,06,70,09,290,40.0,67,06,087,40.3,1*70
$GAGSV,1,1,00,7*73
$GBGSV,3,1,12,09,04,184,,01,38,147,,08,32,169,,02,30,229,,1*70
$GBGSV,3,2,12,10,27,215,,04,27,125,38.5,06,24,167,,05,16,249,38.4,1*7D
$GBGSV,3,3,12,07,12,191,38.2,11,05,033,,13,04,033,,03,45,191,38.5,1*77
$GNRMC,204542.000,A,3900.0013,N,11613.9794,E,0.00,11.49,280612,,,A,V*32
$GNVTG,11.49,T,,M,0.00,N,0.01,K,A*1F
$GNZDA,204542.000,28,06,2012,,*40
$GNGGA,204543.000,3900.0013,N,11613.9794,E,1,11,0.74,-12.6,M,-6.8,M,,*71
$PAIRACC,3.66,8.71*46
$GNGLL,3900.0013,N,11613.9794,E,204543.000,A,A*4C
$GNGSA,A,3,29,21,27,16,,,,,,,,,1.41,0.74,1.20,1*0F
$GNGSA,A,3,83,70,67,,,,,,,,,,1.41,0.74,1.20,2*0B
$GNGSA,A,3,,,,,,,,,,,,,1.41,0.74,1.20,3*07
$GNGSA,A,3,04,05,07,03,,,,,,,,,1.41,0.74,1.20,4*05
$GPGSV,4,1,13,02,01,113,,29,56,203,39.5,24,71,061,,26,54,077,,1*79
$GPGSV,4,2,13,21,51,314,39.3,18,35,257,,10,26,056,,27,12,069,40.2,1*6E
$GPGSV,4,3,13,16,07,300,39.9,22,04,248,,08,02,043,,06,01,327,,1*79
$GPGSV,4,4,13,15,64,114,,1*54
$GLGSV,2,1,06,83,17,217,39.8,68,38,064,,79,35,146,,85,16,327,,1*68
$GLGSV,2,2,06,70,09,290,39.9,67,06,087,40.2,1*76
$GAGSV,1,1,00,7*73
$GBGSV,3,1,12,09,04,184,,01,38,147,,08,32,169,,02,30,229,,1*70
$GBGSV,3,2,12,10,27,215,,04,27,125,38.7,06,24,167,,05,16,249,38.6,1*7D
$GBGSV,3,3,12,07,12,191,39.0,11,05,033,,13,04,033,,03,45,191,38.5,1*74
$GNRMC,204543.000,A,3900.0013,N,11613.9794,E,0.00,26.10,280612,,,A,V*3B
$GNVTG,26.10,T,,M,0.00,N,0.01,K,A*17
$GNZDA,204543.000,28,06,2012,,*41
$GNGGA,204544.000,3900.0013,N,11613.9794,E,1,11,0.74,-12.6,M,-6.8,M,,*76
$PAIRACC,3.48,8.30*4F
$GNGLL,3900.0013,N,11613.9794,E,204544.000,A,A*4B
$GNGSA,A,3,29,21,27,16,,,,,,,,,1.41,0.74,1.20,1*0F
$GNGSA,A,3,83,70,67,,,,,,,,,,1.41,0.74,1.20,2*0B
$GNGSA,A,3,,,,,,,,,,,,,1.41,0.74,1.20,3*07
$GNGSA,A,3,04,05,07,03,,,,,,,,,1.41,0.74,1.20,4*05
$GPGSV,4,1,13,02,01,113,,29,56,203,39.9,24,71,061,,26,54,077,,1*75
$GPGSV,4,2,13,21,51,314,39.5,18,35,257,,10,26,056,,27,12,069,40.0,1*6A
$GPGSV,4,3,13,16,07,300,39.5,22,04,248,,08,02,043,,06,01,327,,1*75
$GPGSV,4,4,13,15,64,114,,1*54
$GLGSV,2,1,06,83,17,217,39.8,68,38,064,,79,35,146,,85,16,327,,1*68
$GLGSV,2,2,06,70,09,290,39.7,67,06,087,40.1,1*7B
$GAGSV,1,1,00,7*73
$GBGSV,3,1,12,09,04,184,,01,38,147,,08,32,169,,02,30,229,,1*70
$GBGSV,3,2,12,10,27,215,,04,27,125,38.8,06,24,167,,05,16,249,38.6,1*72
$GBGSV,3,3,12,07,12,191,39.8,11,05,033,,13,04,033,,03,45,191,38.8,1*71
$GNRMC,204544.000,A,3900.0013,N,11613.9794,E,0.00,20.81,280612,,,A,V*32
$GNVTG,20.81,T,,M,0.00,N,0.01,K,A*19
$GNZDA,204544.000,28,06,2012,,*46
$GNGGA,204545.000,3900.0013,N,11613.9794,E,1,11,0.74,-12.6,M,-6.8,M,,*77
$PAIRACC,3.53,8.38*4D
$GNGLL,3900.0013,N,11613.9794,E,204545.000,A,A*4A
$GNGSA,A,3,29,21,27,16,,,,,,,,,1.40,0.74,1.19,1*04
$GNGSA,A,3,83,70,67,,,,,,,,,,1.40,0.74,1.19,2*00
$GNGSA,A,3,,,,,,,,,,,,,1.40,0.74,1.19,3*0C
$GNGSA,A,3,04,05,07,03,,,,,,,,,1.40,0.74,1.19,4*0E
$GPGSV,4,1,13,02,01,113,,29,56,203,39.6,24,71,061,,26,54,077,,1*7A
$GPGSV,4,2,13,21,51,314,39.3,18,35,257,,10,26,056,,27,12,069,39.5,1*67
$GPGSV,4,3,13,16,07,300,39.4,22,04,248,,08,02,043,,06,01,327,,1*74
$GPGSV,4,4,13,15,64,114,,1*54
$GLGSV,2,1,06,83,17,217,39.6,68,38,064,,79,35,146,,85,16,327,,1*66
$GLGSV,2,2,06,70,09,290,39.9,67,06,087,40.1,1*75
$GAGSV,1,1,00,7*73
$GBGSV,3,1,12,09,04,184,,01,38,147,,08,32,169,,02,30,229,,1*70
$GBGSV,3,2,12,10,27,215,,04,27,125,38.7,06,24,167,,05,16,249,38.8,1*73
$GBGSV,3,3,12,07,12,191,39.9,11,05,033,,13,04,033,,03,45,191,38.0,1*78
$GNRMC,204545.000,A,3900.0013,N,11613.9794,E,0.00,18.06,280612,,,A,V*37
$GNVTG,18.06,T,,M,0.00,N,0.01,K,A*1D
$GNZDA,204545.000,28,06,2012,,*47
$GNGGA,204546.000,3900.0013,N,11613.9794,E,1,11,0.74,-12.6,M,-6.8,M,,*74
$PAIRACC,3.61,8.63*42
$GNGLL,3900.0013,N,11613.9794,E,204546.000,A,A*49
$GNGSA,A,3,29,21,27,16,,,,,,,,,1.40,0.74,1.19,1*04
$GNGSA,A,3,83,70,67,,,,,,,,,,1.40,0.74,1.19,2*00
$GNGSA,A,3,,,,,,,,,,,,,1.40,0.74,1.19,3*0C
$GNGSA,A,3,04,05,07,03,,,,,,,,,1.40,0.74,1.19,4*0E
$GPGSV,4,1,13,02,01,113,,29,56,203,39.2,24,71,061,,26,54,077,,1*7E
$GPGSV,4,2,13,21,51,314,39.4,18,35,257,,10,26,056,,27,12,069,40.0,1*6B
$GPGSV,4,3,13,16,07,300,39.6,22,04,248,,08,02,043,,06,01,327,,1*76
$GPGSV,4,4,13,15,64,114,,1*54
$GLGSV,2,1,06,83,17,217,40.0,68,38,064,,79,35,146,,85,16,327,,1*6E
$GLGSV,2,2,06,70,09,290,40.4,67,06,087,39.9,1*70
$GAGSV,1,1,00,7*73
$GBGSV,3,1,12,09,04,184,,01,38,147,,08,32,169,,02,30,229,,1*70
$GBGSV,3,2,12,10,27,215,,04,27,125,38.6,06,24,167,,05,16,249,38.8,1*72
$GBGSV,3,3,12,07,12,191,38.5,11,05,033,,13,04,033,,03,45,191,38.5,1*70
$GNRMC,204546.000,A,3900.0013,N,11613.9794,E,0.00,20.89,280612,,,A,V*38
$GNVTG,20.89,T,,M,0.00,N,0.01,K,A*11
$GNZDA,204546.000,28,06,2012,,*44
$GNGGA,204547.000,3900.0013,N,11613.9794,E,1,11,0.74,-12.6,M,-6.8,M,,*75
$PAIRACC,3.50,8.34*42
$GNGLL,3900.0013,N,11613.9794,E,204547.000,A,A*48
$GNGSA,A,3,29,21,27,16,,,,,,,,,1.41,0.74,1.20,1*0F
$GNGSA,A,3,83,70,67,,,,,,,,,,1.41,0.74,1.20,2*0B
$GNGSA,A,3,,,,,,,,,,,,,1.41,0.74,1.20,3*07
$GNGSA,A,3,04,05,07,03,,,,,,,,,1.41,0.74,1.20,4*05
$GPGSV,4,1,13,02,01,113,,29,56,203,39.5,24,71,061,,26,54,077,,1*79
$GPGSV,4,2,13,21,51,314,39.4,18,35,257,,10,26,056,,27,12,069,39.9,1*6C
$GPGSV,4,3,13,16,07,300,39.7,22,04,248,,08,02,043,,06,01,327,,1*77
$GPGSV,4,4,13,15,64,114,,1*54
$GLGSV,2,1,06,83,17,217,39.4,68,38,064,,79,35,146,,85,16,327,,1*64
$GLGSV,2,2,06,70,09,290,39.9,67,06,087,40.3,1*77
$GAGSV,1,1,00,7*73
$GBGSV,3,1,12,09,04,184,,01,38,147,,08,32,169,,02,30,229,,1*70
$GBGSV,3,2,12,10,27,215,,04,27,125,39.1,06,24,167,,05,16,249,39.0,1*7D
$GBGSV,3,3,12,07,12,191,39.3,11,05,033,,13,04,033,,03,45,191,39.0,1*73
$GNRMC,204547.000,A,3900.0013,N,11613.9794,E,0.00,13.33,280612,,,A,V*38
$GNVTG,13.33,T,,M,0.00,N,0.01,K,A*10
$GNZDA,204547.000,28,06,2012,,*45
$GNGGA,204548.000,3900.0013,N,11613.9794,E,1,11,0.74,-12.6,M,-6.8,M,,*7A
$PAIRACC,3.58,8.59*41
$GNGLL,3900.0013,N,11613.9794,E,204548.000,A,A*47
$GNGSA,A,3,29,21,27,16,,,,,,,,,1.40,0.74,1.19,1*04
$GNGSA,A,3,83,70,67,,,,,,,,,,1.40,0.74,1.19,2*00
$GNGSA,A,3,,,,,,,,,,,,,1.40,0.74,1.19,3*0C
$GNGSA,A,3,04,05,07,03,,,,,,,,,1.40,0.74,1.19,4*0E
$GPGSV,4,1,13,02,01,113,,29,56,203,39.6,24,71,061,,26,54,077,,1*7A
$GPGSV,4,2,13,21,51,314,39.2,18,35,257,,10,26,056,,27,12,069,40.2,1*6F
$GPGSV,4,3,13,16,07,300,39.4,22,04,248,,08,02,043,,06,01,327,,1*74
$GPGSV,4,4,13,15,64,114,,1*54
$GLGSV,2,1,06,83,17,217,39.9,68,38,064,,79,35,146,,85,16,327,,1*69
$GLGSV,2,2,06,70,09,290,39.6,67,06,087,40.2,1*79
$GAGSV,1,1,00,7*73
$GBGSV,3,1,12,09,04,184,,01,38,147,,08,32,169,,02,30,229,,1*70
$GBGSV,3,2,12,10,27,215,,04,27,125,38.8,06,24,167,,05,16,249,38.4,1*70
$GBGSV,3,3,12,07,12,191,39.9,11,05,033,,13,04,033,,03,45,191,38.5,1*7D
$GNRMC,204548.000,A,3900.0013,N,11613.9794,E,0.00,359.81,280612,,,A,V*03
$GNVTG,359.81,T,,M,0.00,N,0.01,K,A*24
$GNZDA,204548.000,28,06,2012,,*4A
$GNGGA,204549.000,3900.0013,N,11613.9794,E,1,11,0.74,-12.6,M,-6.8,M,,*7B
$PAIRACC,3.57,8.44*42
$GNGLL,3900.0013,N,11613.9794,E,204549.000,A,A*46
$GNGSA,A,3,29,21,27,16,,,,,,,,,1.40,0.74,1.19,1*04
$GNGSA,A,3,83,70,67,,,,,,,,,,1.40,0.74,1.19,2*00
$GNGSA,A,3,,,,,,,,,,,,,1.40,0.74,1.19,3*0C
$GNGSA,A,3,04,05,07,03,,,,,,,,,1.40,0.74,1.19,4*0E
$GPGSV,4,1,13,02,01,113,,29,56,203,39.4,24,71,061,,26,54,077,,1*78
$GPGSV,4,2,13,21,51,314,39.1,18,35,257,,10,26,056,,27,12,069,39.7,1*67
$GPGSV,4,3,13,16,07,300,39.8,22,04,248,,08,02,043,,06,01,327,,1*78
$GPGSV,4,4,13,15,64,114,,1*54
$GLGSV,2,1,06,83,17,217,40.0,68,38,064,,79,35,146,,85,16,327,,1*6E
$GLGSV,2,2,06,70,09,290,40.1,67,06,087,39.8,1*74
$GAGSV,1,1,00,7*73
$GBGSV,3,1,12,09,04,184,,01,38,147,,08,32,169,,02,30,229,,1*70
$GBGSV,3,2,12,10,27,215,,04,27,125,38.6,06,24,167,,05,16,249,38.6,1*7C
$GBGSV,3,3,12,07,12,191,38.8,11,05,033,,13,04,033,,03,45,191,38.4,1*7C
$GNRMC,204549.000,A,3900.0013,N,11613.9794,E,0.00,350.58,280612,,,A,V*0F
$GNVTG,350.58,T,,M,0.00,N,0.01,K,A*29
$GNZDA,204549.000,28,06,2012,,*4B
$GNGGA,204550.000,3900.0013,N,11613.9794,E,1,11,0.74,-12.6,M,-6.8,M,,*73
$PAIRACC,3.52,8.46*45
$GNGLL,3900.0013,N,11613.9794,E,204550.000,A,A*4E
$GNGSA,A,3,29,21,27,16,,,,,,,,,1.40,0.74,1.19,1*04
$GNGSA,A,3,83,70,67,,,,,,,,,,1.40,0.74,1.19,2*00
$GNGSA,A,3,,,,,,,,,,,,,1.40,0.74,1.19,3*0C
$GNGSA,A,3,04,05,07,03,,,,,,,,,1.40,0.74,1.19,4*0E
$GPGSV,4,1,13,02,01,113,,29,56,203,40.1,24,71,061,,26,54,077,,1*73
$GPGSV,4,2,13,21,51,314,39.2,18,35,257,,10,26,056,,27,12,069,39.7,1*64
$GPGSV,4,3,13,16,07,300,39.8,22,04,248,,08,02,043,,06,01,327,,1*78
$GPGSV,4,4,13,15,64,114,,1*54
$GLGSV,2,1,06,83,17,217,39.5,68,38,064,,79,35,146,,85,16,327,,1*65
$GLGSV,2,2,06,70,09,290,39.9,67,06,087,40.2,1*76
$GAGSV,1,1,00,7*73
$GBGSV,3,1,12,09,04,184,,01,38,147,,08,32,169,,02,30,229,,1*70
$GBGSV,3,2,12,10,27,215,,04,27,125,38.8,06,24,167,,05,16,249,38.7,1*73
$GBGSV,3,3,12,07,12,191,39.2,11,05,033,,13,04,033,,03,45,191,38.8,1*7B
$GNRMC,204550.000,A,3900.0013,N,11613.9794,E,0.00,2.39,280612,,,A,V*04
$GNVTG,2.39,T,,M,0.00,N,0.01,K,A*2A
$GNZDA,204550.000,28,06,2012,,*43
$GNGGA,204551.000,3900.0013,N,11613.9794,E,1,11,0.74,-12.6,M,-6.8,M,,*72
$PAIRACC,3.53,8.38*4D
$GNGLL,3900.0013,N,11613.9794,E,204551.000,A,A*4F
$GNGSA,A,3,29,21,27,16,,,,,,,,,1.40,0.74,1.19,1*04
$GNGSA,A,3,83,70,67,,,,,,,,,,1.40,0.74,1.19,2*00
$GNGSA,A,3,,,,,,,,,,,,,1.40,0.74,1.19,3*0C
$GNGSA,A,3,04,05,07,03,,,,,,,,,1.40,0.74,1.19,4*0E
$GPGSV,4,1,13,02,01,113,,29,56,203,39.5,24,71,061,,26,54,077,,1*79
$GPGSV,4,2,13,21,51,314,39.4,18,35,257,,10,26,056,,27,12,069,39.4,1*61
$GPGSV,4,3,13,16,07,300,39.6,22,04,248,,08,02,043,,06,01,327,,1*76
$GPGSV,4,4,13,15,64,114,,1*54
$GLGSV,2,1,06,83,17,217,39.6,68,38,064,,79,35,146,,85,16,327,,1*66
$GLGSV,2,2,06,70,09,290,39.6,67,06,087,40.1,1*7A
$GAGSV,1,1,00,7*73
$GBGSV,3,1,12,09,04,184,,01,38,147,,08,32,169,,02,30,229,,1*70
$GBGSV,3,2,12,10,27,215,,04,27,125,38.5,06,24,167,,05,16,249,38.5,1*7C
$GBGSV,3,3,12,07,12,191,39.4,11,05,033,,13,04,033,,03,45,191,38.1,1*74
$GNRMC,204551.000,A,3900.0013,N,11613.9794,E,0.01,352.77,280612,,,A,V*08
$GNVTG,352.77,T,,M,0.01,N,0.01,K,A*27
$GNZDA,204551.000,28,06,2012,,*42
$GNGGA,204552.000,3900.0013,N,11613.9794,E,1,11,0.74,-12.6,M,-6.8,M,,*71
$PAIRACC,3.61,8.63*42
$GNGLL,3900.0013,N,11613.9794,E,204552.000,A,A*4C
$GNGSA,A,3,29,21,27,16,,,,,,,,,1.40,0.74,1.19,1*04
$GNGSA,A,3,83,70,67,,,,,,,,,,1.40,0.74,1.19,2*00
$GNGSA,A,3,,,,,,,,,,,,,1.40,0.74,1.19,3*0C
$GNGSA,A,3,04,05,07,03,,,,,,,,,1.40,0.74,1.19,4*0E
$GPGSV,4,1,13,02,01,113,,29,56,203,39.8,24,71,061,,26,54,077,,1*74
$GPGSV,4,2,13,21,51,314,39.2,18,35,257,,10,26,056,,27,12,069,39.8,1*6B
$GPGSV,4,3,13,16,07,300,40.1,22,04,248,,08,02,043,,06,01,327,,1*7F
$GPGSV,4,4,13,15,64,114,,1*54
$GLGSV,2,1,06,83,17,217,39.8,68,38,064,,79,35,146,,85,16,327,,1*68
$GLGSV,2,2,06,70,09,290,39.9,67,06,087,40.0,1*74
$GAGSV,1,1,00,7*73
$GBGSV,3,1,12,09,04,184,,01,38,147,,08,32,169,,02,30,229,,1*70
$GBGSV,3,2,12,10,27,215,,04,27,125,38.6,06,24,167,,05,16,249,38.2,1*78
$GBGSV,3,3,12,07,12,191,38.5,11,05,033,,13,04,033,,03,45,191,38.6,1*73
$GNRMC,204552.000,A,3900.0013,N,11613.9794,E,0.01,1.74,280612,,,A,V*0D
$GNVTG,1.74,T,,M,0.01,N,0.01,K,A*21
$GNZDA,204552.000,28,06,2012,,*41
$GNGGA,204553.000,3900.0013,N,11613.9794,E,1,11,0.74,-12.6,M,-6.8,M,,*70
$PAIRACC,3.53,8.39*4C
$GNGLL,3900.0013,N,11613.9794,E,204553.000,A,A*4D
$GNGSA,A,3,29,21,27,16,,,,,,,,,1.40,0.74,1.19,1*04
$GNGSA,A,3,83,70,67,,,,,,,,,,1.40,0.74,1.19,2*00
$GNGSA,A,3,,,,,,,,,,,,,1.40,0.74,1.19,3*0C
$GNGSA,A,3,04,05,07,03,,,,,,,,,1.40,0.74,1.19,4*0E
$GPGSV,4,1,13,02,01,113,,29,56,203,39.6,24,71,061,,26,54,077,,1*7A
$GPGSV,4,2,13,21,51,314,39.7,18,35,257,,10,26,056,,27,12,069,39.6,1*60
$GPGSV,4,3,13,16,07,300,39.6,22,04,248,,08,02,043,,06,01,327,,1*76
$GPGSV,4,4,13,15,64,114,,1*54
$GLGSV,2,1,06,83,17,217,39.8,68,38,064,,79,35,146,,85,16,327,,1*68
$GLGSV,2,2,06,70,09,290,39.8,67,06,087,40.4,1*71
$GAGSV,1,1,00,7*73
$GBGSV,3,1,12,09,04,184,,01,38,147,,08,32,169,,02,30,229,,1*70
$GBGSV,3,2,12,10,27,215,,04,27,125,38.9,06,24,167,,05,16,249,38.7,1*72
$GBGSV,3,3,12,07,12,191,38.8,11,05,033,,13,04,033,,03,45,191,38.9,1*71
$GNRMC,204553.000,A,3900.0013,N,11613.9794,E,0.00,6.06,280612,,,A,V*0F
$GNVTG,6.06,T,,M,0.00,N,0.01,K,A*22
$GNZDA,204553.000,28,06,2012,,*40
$GNGGA,204554.000,3900.0013,N,11613.9794,E,1,11,0.74,-12.6,M,-6.8,M,,*77
$PAIRACC,3.48,8.30*4F
$GNGLL,3900.0013,N,11613.9794,E,204554.000,A,A*4A
$GNGSA,A,3,29,21,27,16,,,,,,,,,1.40,0.74,1.19,1*04
$GNGSA,A,3,83,70,67,,,,,,,,,,1.40,0.74,1.19,2*00
$GNGSA,A,3,,,,,,,,,,,,,1.40,0.74,1.19,3*0C
$GNGSA,A,3,04,05,07,03,,,,,,,,,1.40,0.74,1.19,4*0E
$GPGSV,4,1,13,02,01,113,,29,56,203,39.5,24,71,061,,26,54,077,,1*79
$GPGSV,4,2,13,21,51,314,39.2,18,35,257,,10,26,056,,27,12,069,39.7,1*64
$GPGSV,4,3,13,16,07,300,39.8,22,04,248,,08,02,043,,06,01,327,,1*78
$GPGSV,4,4,13,15,64,114,,1*54
$GLGSV,2,1,06,83,17,217,40.4,68,38,064,,79,35,146,,85,16,327,,1*6A
$GLGSV,2,2,06,70,09,290,39.8,67,06,087,40.0,1*75
$GAGSV,1,1,00,7*73
$GBGSV,3,1,12,09,04,184,,01,38,147,,08,32,169,,02,30,229,,1*70
$GBGSV,3,2,12,10,27,215,,04,27,125,38.5,06,24,167,,05,16,249,38.4,1*7D
$GBGSV,3,3,12,07,12,191,39.2,11,05,033,,13,04,033,,03,45,191,38.6,1*75
$GNRMC,204554.000,A,3900.0013,N,11613.9794,E,0.00,8.59,280612,,,A,V*0C
$GNVTG,8.59,T,,M,0.00,N,0.01,K,A*26
$GNZDA,204554.000,28,06,2012,,*47
$GNGGA,204555.000,3900.0013,N,11613.9794,E,1,11,0.74,-12.6,M,-6.8,M,,*76
$PAIRACC,3.53,8.38*4D
$GNGLL,3900.0013,N,11613.9794,E,204555.000,A,A*4B
$GNGSA,A,3,29,21,27,16,,,,,,,,,1.40,0.74,1.19,1*04
$GNGSA,A,3,83,70,67,,,,,,,,,,1.40,0.74,1.19,2*00
$GNGSA,A,3,,,,,,,,,,,,,1.40,0.74,1.19,3*0C
$GNGSA,A,3,04,05,07,03,,,,,,,,,1.40,0.74,1.19,4*0E
$GPGSV,4,1,13,02,01,113,,29,56,203,39.7,24,71,061,,26,54,077,,1*7B
$GPGSV,4,2,13,21,51,314,39.8,18,35,257,,10,26,056,,27,12,069,39.4,1*6D
$GPGSV,4,3,13,16,07,300,39.6,22,04,248,,08,02,043,,06,01,327,,1*76
$GPGSV,4,4,13,15,64,114,,1*54
$GLGSV,2,1,06,83,17,217,39.7,68,38,064,,79,35,146,,85,16,327,,1*67
$GLGSV,2,2,06,70,09,290,40.0,67,06,087,39.7,1*7A
$GAGSV,1,1,00,7*73
$GBGSV,3,1,12,09,04,184,,01,38,147,,08,32,169,,02,30,229,,1*70
$GBGSV,3,2,12,10,27,215,,04,27,125,38.8,06,24,167,,05,16,249,38.5,1*71
$GBGSV,3,3,12,07,12,191,39.6,11,05,033,,13,04,033,,03,45,191,38.3,1*74
$GNRMC,204555.000,A,3900.0013,N,11613.9794,E,0.00,12.32,280612,,,A,V*3B
$GNVTG,12.32,T,,M,0.00,N,0.01,K,A*10
$GNZDA,204555.000,28,06,2012,,*46
$GNGGA,204556.000,3900.0013,N,11613.9794,E,1,11,0.74,-12.6,M,-6.8,M,,*75
$PAIRACC,3.49,8.31*4F
$GNGLL,3900.0013,N,11613.9794,E,204556.000,A,A*48
$GNGSA,A,3,29,21,27,16,,,,,,,,,1.40,0.74,1.19,1*04
$GNGSA,A,3,83,70,67,,,,,,,,,,1.40,0.74,1.19,2*00
$GNGSA,A,3,,,,,,,,,,,,,1.40,0.74,1.19,3*0C
$GNGSA,A,3,04,05,07,03,,,,,,,,,1.40,0.74,1.19,4*0E
$GPGSV,4,1,13,02,01,113,,29,56,203,39.3,24,71,061,,26,54,077,,1*7F
$GPGSV,4,2,13,21,51,314,39.3,18,35,257,,10,26,056,,27,12,069,39.5,1*67
$GPGSV,4,3,13,16,07,300,39.9,22,04,248,,08,02,043,,06,01,327,,1*79
$GPGSV,4,4,13,15,64,114,,1*54
$GLGSV,2,1,06,83,17,217,39.9,68,38,064,,79,35,146,,85,16,327,,1*69
$GLGSV,2,2,06,70,09,290,39.9,67,06,087,39.7,1*7D
$GAGSV,1,1,00,7*73
$GBGSV,3,1,12,09,04,184,,01,38,147,,08,32,169,,02,30,229,,1*70
$GBGSV,3,2,12,10,27,215,,04,27,125,39.0,06,24,167,,05,16,249,39.0,1*7C
$GBGSV,3,3,12,07,12,191,38.6,11,05,033,,13,04,033,,03,45,191,38.8,1*7E
$GNRMC,204556.000,A,3900.0013,N,11613.9794,E,0.00,2.38,280612,,,A,V*03
$GNVTG,2.38,T,,M,0.00,N,0.01,K,A*2B
$GNZDA,204556.000,28,06,2012,,*45
$GNGGA,204557.000,3900.0013,N,11613.9794,E,1,11,0.74,-12.6,M,-6.8,M,,*74
$PAIRACC,3.51,8.39*4E
$GNGLL,3900.0013,N,11613.9794,E,204557.000,A,A*49
$GNGSA,A,3,29,21,27,16,,,,,,,,,1.40,0.74,1.19,1*04
$GNGSA,A,3,83,70,67,,,,,,,,,,1.40,0.74,1.19,2*00
$GNGSA,A,3,,,,,,,,,,,,,1.40,0.74,1.19,3*0C
$GNGSA,A,3,04,05,07,03,,,,,,,,,1.40,0.74,1.19,4*0E
$GPGSV,4,1,13,02,01,113,,29,56,203,39.2,24,71,061,,26,54,077,,1*7E
$GPGSV,4,2,13,21,51,314,39.1,18,35,257,,10,26,056,,27,12,069,39.7,1*67
$GPGSV,4,3,13,16,07,300,39.4,22,04,248,,08,02,043,,06,01,327,,1*74
$GPGSV,4,4,13,15,64,114,,1*54
$GLGSV,2,1,06,83,17,217,39.9,68,38,064,,79,35,146,,85,16,327,,1*69
$GLGSV,2,2,06,70,09,290,39.9,67,06,087,39.7,1*7D
$GAGSV,1,1,00,7*73
$GBGSV,3,1,12,09,04,184,,01,38,147,,08,32,169,,02,30,229,,1*70
$GBGSV,3,2,12,10,27,215,,04,27,125,38.8,06,24,167,,05,16,249,38.4,1*70
$GBGSV,3,3,12,07,12,191,39.2,11,05,033,,13,04,033,,03,45,191,38.5,1*76
$GNRMC,204557.000,A,3900.0013,N,11613.9794,E,0.00,13.83,280612,,,A,V*32
$GNVTG,13.83,T,,M,0.00,N,0.01,K,A*1B
$GNZDA,204557.000,28,06,2012,,*44
$GNGGA,204558.000,3900.0013,N,11613.9794,E,1,11,0.74,-12.6,M,-6.8,M,,*7B
$PAIRACC,3.48,8.30*4F
$GNGLL,3900.0013,N,11613.9794,E,204558.000,A,A*46
$GNGSA,A,3,29,21,27,16,,,,,,,,,1.40,0.74,1.19,1*04
$GNGSA,A,3,83,70,67,,,,,,,,,,1.40,0.74,1.19,2*00
$GNGSA,A,3,,,,,,,,,,,,,1.40,0.74,1.19,3*0C
$GNGSA,A,3,04,05,07,03,,,,,,,,,1.40,0.74,1.19,4*0E
$GPGSV,4,1,13,02,01,113,,29,56,203,39.9,24,71,061,,26,54,077,,1*75
$GPGSV,4,2,13,21,51,314,39.3,18,35,257,,10,26,056,,27,12,069,39.8,1*6A
$GPGSV,4,3,13,16,07,300,39.8,22,04,248,,08,02,043,,06,01,327,,1*78
$GPGSV,4,4,13,15,64,114,,1*54
$GLGSV,2,1,06,83,17,217,39.6,68,38,064,,79,35,146,,85,16,327,,1*66
$GLGSV,2,2,06,70,09,290,40.0,67,06,087,40.3,1*70
$GAGSV,1,1,00,7*73
$GBGSV,3,1,12,09,04,184,,01,38,147,,08,32,169,,02,30,229,,1*70
$GBGSV,3,2,12,10,27,215,,04,27,125,38.5,06,24,167,,05,16,249,38.8,1*71
$GBGSV,3,3,12,07,12,191,39.5,11,05,033,,13,04,033,,03,45,191,38.4,1*70
$GNRMC,204558.000,A,3900.0013,N,11613.9794,E,0.00,11.13,280612,,,A,V*36
$GNVTG,11.13,T,,M,0.00,N,0.01,K,A*10
$GNZDA,204558.000,28,06,2012,,*4B
$GNGGA,204559.000,3900.0013,N,11613.9794,E,1,11,0.74,-12.6,M,-6.8,M,,*7A
$PAIRACC,3.54,8.39*4B
$GNGLL,3900.0013,N,11613.9794,E,204559.000,A,A*47
$GNGSA,A,3,29,21,27,16,,,,,,,,,1.40,0.74,1.19,1*04
$GNGSA,A,3,83,70,67,,,,,,,,,,1.40,0.74,1.19,2*00
$GNGSA,A,3,,,,,,,,,,,,,1.40,0.74,1.19,3*0C
$GNGSA,A,3,04,05,07,03,,,,,,,,,1.40,0.74,1.19,4*0E
$GPGSV,4,1,13,02,01,113,,29,56,203,39.3,24,71,061,,26,54,077,,1*7F
$GPGSV,4,2,13,21,51,314,39.4,18,35,257,,10,26,056,,27,12,069,39.6,1*63
$GPGSV,4,3,13,16,07,300,39.6,22,04,248,,08,02,043,,06,01,327,,1*76
$GPGSV,4,4,13,15,64,114,,1*54
$GLGSV,2,1,06,83,17,217,39.8,68,38,064,,79,35,146,,85,16,327,,1*68
$GLGSV,2,2,06,70,09,290,39.8,67,06,087,40.0,1*75
$GAGSV,1,1,00,7*73
$GBGSV,3,1,12,09,04,184,,01,38,147,,08,32,169,,02,30,229,,1*70
$GBGSV,3,2,12,10,27,215,,04,27,125,39.0,06,24,167,,05,16,249,39.0,1*7C
$GBGSV,3,3,12,07,12,191,38.7,11,05,033,,13,04,033,,03,45,191,39.1,1*77
$GNRMC,204559.000,A,3900.0013,N,11613.9794,E,0.00,16.39,280612,,,A,V*38
$GNVTG,16.39,T,,M,0.00,N,0.01,K,A*1F
$GNZDA,204559.000,28,06,2012,,*4A
$GNGGA,204600.000,3900.0013,N,11613.9794,E,1,11,0.74,-12.6,M,-6.8,M,,*75
$PAIRACC,3.49,8.30*4E
$GNGLL,3900.0013,N,11613.9794,E,204600.000,A,A*48
$GNGSA,A,3,29,21,27,16,,,,,,,,,1.40,0.74,1.19,1*04
$GNGSA,A,3,83,70,67,,,,,,,,,,1.40,0.74,1.19,2*00
$GNGSA,A,3,,,,,,,,,,,,,1.40,0.74,1.19,3*0C
$GNGSA,A,3,04,05,07,03,,,,,,,,,1.40,0.74,1.19,4*0E
$GPGSV,4,1,13,02,01,113,,29,56,203,39.5,24,71,061,,26,54,077,,1*79
$GPGSV,4,2,13,21,51,314,39.2,18,35,257,,10,26,056,,27,12,069,39.4,1*67
$GPGSV,4,3,13,16,07,300,39.5,22,04,248,,08,02,043,,06,01,327,,1*75
$GPGSV,4,4,13,15,64,114,,1*54
$GLGSV,2,1,06,83,17,217,39.7,68,38,064,,79,35,146,,85,16,327,,1*67
$GLGSV,2,2,06,70,09,290,39.9,67,06,087,39.8,1*72
$GAGSV,1,1,00,7*73
$GBGSV,3,1,12,09,04,184,,01,38,147,,08,32,169,,02,30,229,,1*70
$GBGSV,3,2,12,10,27,215,,04,27,125,38.7,06,24,167,,05,16,249,38.3,1*78
$GBGSV,3,3,12,07,12,191,38.6,11,05,033,,13,04,033,,03,45,191,38.5,1*73
$GNRMC,204600.000,A,3900.0013,N,11613.9794,E,0.00,5.34,280612,,,A,V*08
$GNVTG,5.34,T,,M,0.00,N,0.01,K,A*20
$GNZDA,204600.000,28,06,2012,,*45
$GNGGA,204601.000,3900.0013,N,11613.9794,E,1,11,0.74,-12.7,M,-6.8,M,,*75
$PAIRACC,3.62,8.67*45
$GNGLL,3900.0013,N,11613.9794,E,204601.000,A,A*49
$GNGSA,A,3,29,21,27,16,,,,,,,,,1.40,0.74,1.19,1*04
$GNGSA,A,3,83,70,67,,,,,,,,,,1.40,0.74,1.19,2*00
$GNGSA,A,3,,,,,,,,,,,,,1.40,0.74,1.19,3*0C
$GNGSA,A,3,04,05,07,03,,,,,,,,,1.40,0.74,1.19,4*0E
$GPGSV,4,1,13,02,01,113,,29,56,203,39.8,24,71,061,,26,54,077,,1*74
$GPGSV,4,2,13,21,51,314,39.8,18,35,257,,10,26,056,,27,12,069,39.9,1*60
$GPGSV,4,3,13,16,07,300,39.2,22,04,248,,08,02,043,,06,01,327,,1*72
$GPGSV,4,4,13,15,64,114,,1*54
$GLGSV,2,1,06,83,17,217,39.9,68,38,064,,79,35,146,,85,16,327,,1*69
$GLGSV,2,2,06,70,09,290,40.2,67,06,087,39.7,1*78
$GAGSV,1,1,00,7*73
$GBGSV,3,1,12,09,04,184,,01,38,147,,08,32,169,,02,30,229,,1*70
$GBGSV,3,2,12,10,27,215,,04,27,125,38.6,06,24,167,,05,16,249,38.3,1*79
$GBGSV,3,3,12,07,12,191,39.2,11,05,033,,13,04,033,,03,45,191,38.4,1*77
$GNRMC,204601.000,A,3900.0013,N,11613.9794,E,0.00,1.43,280612,,,A,V*0D
$GNVTG,1.43,T,,M,0.00,N,0.01,K,A*24
$GNZDA,204601.000,28,06,2012,,*44
$GNGGA,204602.000,3900.0013,N,11613.9794,E,1,11,0.74,-12.7,M,-6.8,M,,*76
$PAIRACC,3.51,8.33*44
$GNGLL,3900.0013,N,11613.9794,E,204602.000,A,A*4A
$GNGSA,A,3,29,21,27,16,,,,,,,,,1.40,0.74,1.19,1*04
$GNGSA,A,3,83,70,67,,,,,,,,,,1.40,0.74,1.19,2*00
$GNGSA,A,3,,,,,,,,,,,,,1.40,0.74,1.19,3*0C
$GNGSA,A,3,04,05,07,03,,,,,,,,,1.40,0.74,1.19,4*0E
$GPGSV,4,1,13,02,01,113,,29,56,203,39.8,24,71,061,,26,54,077,,1*74
$GPGSV,4,2,13,21,51,314,39.4,18,35,257,,10,26,056,,27,12,069,39.4,1*61
$GPGSV,4,3,13,16,07,300,39.7,22,04,248,,08,02,043,,06,01,327,,1*77
$GPGSV,4,4,13,15,64,114,,1*54
$GLGSV,2,1,06,83,17,217,39.5,68,38,064,,79,35,146,,85,16,327,,1*65
$GLGSV,2,2,06,70,09,290,40.2,67,06,087,39.8,1*77
$GAGSV,1,1,00,7*73
$GBGSV,3,1,12,09,04,184,,01,38,147,,08,32,169,,02,30,229,,1*70
$GBGSV,3,2,12,10,27,215,,04,27,125,38.7,06,24,167,,05,16,249,38.6,1*7D
$GBGSV,3,3,12,07,12,191,39.7,11,05,033,,13,04,033,,03,45,191,38.7,1*71
$GNRMC,204602.000,A,3900.0013,N,11613.9794,E,0.00,41.87,280612,,,A,V*32
$GNVTG,41.87,T,,M,0.00,N,0.01,K,A*18
$GNZDA,204602.000,28,06,2012,,*47
$GNGGA,204603.000,3900.0013,N,11613.9794,E,1,11,0.74,-12.7,M,-6.8,M,,*77
$PAIRACC,3.52,8.37*43
$GNGLL,3900.0013,N,11613.9794,E,204603.000,A,A*4B
$GNGSA,A,3,29,21,27,16,,,,,,,,,1.40,0.74,1.19,1*04
$GNGSA,A,3,83,70,67,,,,,,,,,,1.40,0.74,1.19,2*00
$GNGSA,A,3,,,,,,,,,,,,,1.40,0.74,1.19,3*0C
$GNGSA,A,3,04,05,07,03,,,,,,,,,1.40,0.74,1.19,4*0E
$GPGSV,4,1,13,02,01,113,,29,56,203,39.5,24,71,061,,26,54,077,,1*79
$GPGSV,4,2,13,21,51,314,39.8,18,35,257,,10,26,056,,27,12,069,39.3,1*6A
$GPGSV,4,3,13,16,07,300,39.8,22,04,248,,08,02,043,,06,01,327,,1*78
$GPGSV,4,4,13,15,64,114,,1*54
$GLGSV,2,1,06,83,17,217,39.5,68,38,064,,79,35,146,,85,16,327,,1*65
$GLGSV,2,2,06,70,09,290,40.0,67,06,087,39.7,1*7A
$GAGSV,1,1,00,7*73
$GBGSV,3,1,12,09,04,184,,01,38,147,,08,32,169,,02,30,229,,1*70
$GBGSV,3,2,12,10,27,215,,04,27,125,38.6,06,24,167,,05,16,249,38.8,1*72
$GBGSV,3,3,12,07,12,191,38.8,11,05,033,,13,04,033,,03,45,191,38.2,1*7A
$GNRMC,204603.000,A,3900.0013,N,11613.9794,E,0.00,22.67,280612,,,A,V*38
$GNVTG,22.67,T,,M,0.00,N,0.01,K,A*13
$GNZDA,204603.000,28,06,2012,,*46
$GNGGA,204604.000,3900.0013,N,11613.9794,E,1,11,0.74,-12.7,M,-6.8,M,,*70
$PAIRACC,3.60,9.93*4D
$GNGLL,3900.0013,N,11613.9794,E,204604.000,A,A*4C
$GNGSA,A,3,29,21,27,16,,,,,,,,,1.40,0.74,1.19,1*04
$GNGSA,A,3,83,70,67,,,,,,,,,,1.40,0.74,1.19,2*00
$GNGSA,A,3,,,,,,,,,,,,,1.40,0.74,1.19,3*0C
$GNGSA,A,3,04,05,07,03,,,,,,,,,1.40,0.74,1.19,4*0E
$GPGSV,4,1,13,02,01,113,,29,56,203,39.8,24,71,061,,26,54,077,,1*74
$GPGSV,4,2,13,21,51,314,39.6,18,35,257,,10,26,056,,27,12,069,39.6,1*61
$GPGSV,4,3,13,16,07,300,39.9,22,04,248,,08,02,043,,06,01,327,,1*79
$GPGSV,4,4,13,15,64,114,,1*54
$GLGSV,2,1,06,83,17,217,39.8,68,38,064,,79,35,146,,85,16,327,,1*68
$GLGSV,2,2,06,70,09,290,39.8,67,06,087,40.3,1*76
$GAGSV,1,1,00,7*73
$GBGSV,3,1,12,09,04,184,,01,38,147,,08,32,169,,02,30,229,,1*70
$GBGSV,3,2,12,10,27,215,,04,27,125,38.9,06,24,167,,05,16,249,38.8,1*7D
$GBGSV,3,3,12,07,12,191,39.7,11,05,033,,13,04,033,,03,45,191,38.6,1*70
$GNRMC,204604.000,A,3900.0013,N,11613.9794,E,0.00,35.70,280612,,,A,V*3F
$GNVTG,35.70,T,,M,0.00,N,0.01,K,A*13
$GNZDA,204604.000,28,06,2012,,*41
$GNGGA,204605.000,3900.0013,N,11613.9794,E,1,11,0.74,-12.7,M,-6.8,M,,*71
$PAIRACC,3.68,9.98*4E
$GNGLL,3900.0013,N,11613.9794,E,204605.000,A,A*4D
$GNGSA,A,3,29,21,27,16,,,,,,,,,1.40,0.74,1.19,1*04
$GNGSA,A,3,83,70,67,,,,,,,,,,1.40,0.74,1.19,2*00
$GNGSA,A,3,,,,,,,,,,,,,1.40,0.74,1.19,3*0C
$GNGSA,A,3,04,05,07,03,,,,,,,,,1.40,0.74,1.19,4*0E
$GPGSV,4,1,13,02,01,113,,29,56,203,39.3,24,71,061,,26,54,077,,1*7F
$GPGSV,4,2,13,21,51,314,39.3,18,35,257,,10,26,056,,27,12,069,39.6,1*64
$GPGSV,4,3,13,16,07,300,39.7,22,04,248,,08,02,043,,06,01,327,,1*77
$GPGSV,4,4,13,15,64,114,,1*54
$GLGSV,2,1,06,83,17,217,39.3,68,38,064,,79,35,146,,85,16,327,,1*63
$GLGSV,2,2,06,70,09,290,39.9,67,06,087,39.7,1*7D
$GAGSV,1,1,00,7*73
$GBGSV,3,1,12,09,04,184,,01,38,147,,08,32,169,,02,30,229,,1*70
$GBGSV,3,2,12,10,27,215,,04,27,125,38.9,06,24,167,,05,16,249,38.8,1*7D
$GBGSV,3,3,12,07,12,191,39.4,11,05,033,,13,04,033,,03,45,191,38.8,1*7D
$GNRMC,204605.000,A,3900.0013,N,11613.9794,E,0.00,28.82,280612,,,A,V*3F
$GNVTG,28.82,T,,M,0.00,N,0.01,K,A*12
$GNZDA,204605.000,28,06,2012,,*40
$GNGGA,204606.000,3900.0013,N,11613.9794,E,1,11,0.74,-12.7,M,-6.8,M,,*72
$PAIRACC,3.61,9.95*4A
$GNGLL,3900.0013,N,11613.9794,E,204606.000,A,A*4E
$GNGSA,A,3,29,21,27,16,,,,,,,,,1.40,0.74,1.19,1*04
$GNGSA,A,3,83,70,67,,,,,,,,,,1.40,0.74,1.19,2*00
$GNGSA,A,3,,,,,,,,,,,,,1.40,0.74,1.19,3*0C
$GNGSA,A,3,04,05,07,03,,,,,,,,,1.40,0.74,1.19,4*0E
$GPGSV,4,1,13,02,01,113,,29,56,203,39.4,24,71,061,,26,54,077,,1*78
$GPGSV,4,2,13,21,51,314,39.3,18,35,257,,10,26,056,,27,12,069,39.7,1*65
$GPGSV,4,3,13,16,07,300,39.6,22,04,248,,08,02,043,,06,01,327,,1*76
$GPGSV,4,4,13,15,64,114,,1*54
$GLGSV,2,1,06,83,17,217,39.6,68,38,064,,79,35,146,,85,16,327,,1*66
$GLGSV,2,2,06,70,09,290,40.3,67,06,087,39.9,1*77
$GAGSV,1,1,00,7*73
$GBGSV,3,1,12,09,04,184,,01,38,147,,08,32,169,,02,30,229,,1*70
$GBGSV,3,2,12,10,27,215,,04,27,125,38.5,06,24,167,,05,16,249,38.5,1*7C
$GBGSV,3,3,12,07,12,191,38.8,11,05,033,,13,04,033,,03,45,191,38.5,1*7D
$GNRMC,204606.000,A,3900.0013,N,11613.9794,E,0.00,29.19,280612,,,A,V*3F
$GNVTG,29.19,T,,M,0.00,N,0.01,K,A*11
$GNZDA,204606.000,28,06,2012,,*43
$GNGGA,204607.000,3900.0012,N,11613.9795,E,1,11,0.74,-12.7,M,-6.8,M,,*73
$PAIRACC,3.60,9.69*48
$GNGLL,3900.0012,N,11613.9795,E,204607.000,A,A*4F
$GNGSA,A,3,29,21,27,16,,,,,,,,,1.40,0.74,1.19,1*04
$GNGSA,A,3,83,70,67,,,,,,,,,,1.40,0.74,1.19,2*00
$GNGSA,A,3,,,,,,,,,,,,,1.40,0.74,1.19,3*0C
$GNGSA,A,3,04,05,07,03,,,,,,,,,1.40,0.74,1.19,4*0E
$GPGSV,4,1,13,02,01,113,,29,56,203,39.7,24,71,061,,26,54,077,,1*7B
$GPGSV,4,2,13,21,51,314,39.2,18,35,257,,10,26,056,,27,12,069,39.5,1*66
$GPGSV,4,3,13,16,07,300,39.3,22,04,248,,08,02,043,,06,01,327,,1*73
$GPGSV,4,4,13,15,64,114,,1*54
$GLGSV,2,1,06,83,17,217,40.0,68,38,064,,79,35,146,,85,16,327,,1*6E
$GLGSV,2,2,06,70,09,290,39.8,67,06,087,40.1,1*74
$GAGSV,1,1,00,7*73
$GBGSV,3,1,12,09,04,184,,01,38,147,,08,32,169,,02,30,229,,1*70
$GBGSV,3,2,12,10,27,215,,04,27,125,38.7,06,24,167,,05,16,249,38.3,1*78
$GBGSV,3,3,12,07,12,191,39.2,11,05,033,,13,04,033,,03,45,191,38.2,1*71
$GNRMC,204607.000,A,3900.0012,N,11613.9795,E,0.00,29.85,280612,,,A,V*3B
$GNVTG,29.85,T,,M,0.00,N,0.01,K,A*14
$GNZDA,204607.000,28,06,2012,,*42
$GNGGA,204608.000,3900.0012,N,11613.9794,E,1,11,0.74,-12.7,M,-6.8,M,,*7D
$PAIRACC,3.66,9.93*4B
$GNGLL,3900.0012,N,11613.9794,E,204608.000,A,A*41
$GNGSA,A,3,29,21,27,16,,,,,,,,,1.40,0.74,1.19,1*04
$GNGSA,A,3,83,70,67,,,,,,,,,,1.40,0.74,1.19,2*00
$GNGSA,A,3,,,,,,,,,,,,,1.40,0.74,1.19,3*0C
$GNGSA,A,3,04,05,07,03,,,,,,,,,1.40,0.74,1.19,4*0E
$GPGSV,4,1,13,06,01,327,,29,56,203,39.5,24,71,061,,26,54,077,,1*78
$GPGSV,4,2,13,21,51,314,39.1,18,35,257,,10,26,056,,27,12,069,39.4,1*64
$GPGSV,4,3,13,16,07,300,39.2,22,04,248,,08,02,043,,02,01,113,,1*73
$GPGSV,4,4,13,15,64,114,,1*54
$GLGSV,2,1,06,83,17,217,39.8,68,38,064,,79,35,146,,85,16,327,,1*68
$GLGSV,2,2,06,70,09,290,39.7,67,05,089,39.3,1*7A
$GAGSV,1,1,00,7*73
$GBGSV,3,1,12,09,04,184,,01,38,147,,08,32,169,,02,30,229,,1*70
$GBGSV,3,2,12,10,27,215,,04,27,125,39.0,06,24,167,,05,16,249,39.0,1*7C
$GBGSV,3,3,12,07,12,191,39.2,11,05,033,,13,04,033,,03,45,191,39.2,1*70
$GNRMC,204608.000,A,3900.0012,N,11613.9794,E,0.00,0.37,280612,,,A,V*07
$GNVTG,0.37,T,,M,0.00,N,0.01,K,A*26
$GNZDA,204608.000,28,06,2012,,*4D
$GNGGA,204609.000,3900.0012,N,11613.9795,E,1,11,0.74,-12.7,M,-6.8,M,,*7D
$PAIRACC,3.61,9.69*49
$GNGLL,3900.0012,N,11613.9795,E,204609.000,A,A*41
$GNGSA,A,3,29,21,27,16,,,,,,,,,1.40,0.74,1.19,1*04
$GNGSA,A,3,83,70,67,,,,,,,,,,1.40,0.74,1.19,2*00
$GNGSA,A,3,,,,,,,,,,,,,1.40,0.74,1.19,3*0C
$GNGSA,A,3,04,05,07,03,,,,,,,,,1.40,0.74,1.19,4*0E
$GPGSV,4,1,13,06,01,327,,29,56,203,39.4,24,71,061,,26,54,077,,1*79
$GPGSV,4,2,13,21,51,314,39.2,18,35,257,,10,26,056,,27,12,069,39.7,1*64
$GPGSV,4,3,13,16,07,300,39.3,22,04,248,,08,02,043,,02,01,113,,1*72
$GPGSV,4,4,13,15,64,114,,1*54
$GLGSV,2,1,06,83,17,217,39.8,68,38,065,,79,35,146,,85,16,327,,1*69
$GLGSV,2,2,06,70,09,290,40.0,67,05,089,40.0,1*7E
$GAGSV,1,1,00,7*73
$GBGSV,3,1,12,09,04,184,,01,38,147,,08,32,169,,02,30,229,,1*70
$GBGSV,3,2,12,10,27,215,,04,27,125,38.6,06,24,167,,05,16,249,38.5,1*7F
$GBGSV,3,3,12,07,12,191,38.5,11,05,033,,13,04,033,,03,45,191,38.5,1*70
$GNRMC,204609.000,A,3900.0012,N,11613.9795,E,0.00,29.42,280612,,,A,V*3E
$GNVTG,29.42,T,,M,0.00,N,0.01,K,A*1F
$GNZDA,204609.000,28,06,2012,,*4C
$GNGGA,204610.000,3900.0012,N,11613.9794,E,1,11,0.74,-12.7,M,-6.8,M,,*74
$PAIRACC,3.62,9.70*42
$GNGLL,3900.0012,N,11613.9794,E,204610.000,A,A*48
$GNGSA,A,3,29,21,27,16,,,,,,,,,1.40,0.74,1.19,1*04
$GNGSA,A,3,83,70,67,,,,,,,,,,1.40,0.74,1.19,2*00
$GNGSA,A,3,,,,,,,,,,,,,1.40,0.74,1.19,3*0C
$GNGSA,A,3,04,05,07,03,,,,,,,,,1.40,0.74,1.19,4*0E
$GPGSV,4,1,13,06,01,327,,29,56,203,39.4,24,71,061,,26,54,077,,1*79
$GPGSV,4,2,13,21,51,314,39.5,18,35,257,,10,26,056,,27,12,069,39.3,1*67
$GPGSV,4,3,13,16,07,300,39.4,22,04,248,,08,02,043,,02,01,113,,1*75
$GPGSV,4,4,13,15,64,114,,1*54
$GLGSV,2,1,06,83,17,217,39.7,68,38,065,,79,35,146,,85,16,327,,1*66
$GLGSV,2,2,06,70,09,290,40.2,67,05,089,40.2,1*7E
$GAGSV,1,1,00,7*73
$GBGSV,3,1,12,09,04,184,,01,38,147,,08,32,169,,02,30,229,,1*70
$GBGSV,3,2,12,10,27,215,,04,27,125,38.5,06,24,167,,05,16,249,38.7,1*7E
$GBGSV,3,3,12,07,12,191,39.1,11,05,033,,13,04,033,,03,45,191,38.3,1*73
$GNRMC,204610.000,A,3900.0012,N,11613.9794,E,0.00,10.60,280612,,,A,V*3D
$GNVTG,10.60,T,,M,0.00,N,0.01,K,A*15
$GNZDA,204610.000,28,06,2012,,*44
$GNGGA,204611.000,3900.0012,N,11613.9795,E,1,11,0.74,-12.7,M,-6.8,M,,*74
$PAIRACC,3.65,9.93*48
$GNGLL,3900.0012,N,11613.9795,E,204611.000,A,A*48
$GNGSA,A,3,29,21,27,16,,,,,,,,,1.40,0.74,1.19,1*04
$GNGSA,A,3,83,70,67,,,,,,,,,,1.40,0.74,1.19,2*00
$GNGSA,A,3,,,,,,,,,,,,,1.40,0.74,1.19,3*0C
$GNGSA,A,3,04,05,07,03,,,,,,,,,1.40,0.74,1.19,4*0E
$GPGSV,4,1,13,06,01,327,,29,56,203,39.6,24,71,061,,26,54,077,,1*7B
$GPGSV,4,2,13,21,51,314,39.0,18,35,257,,10,26,056,,27,12,069,39.7,1*66
$GPGSV,4,3,13,16,07,300,39.3,22,04,248,,08,02,043,,02,01,113,,1*72
$GPGSV,4,4,13,15,64,114,,1*54
$GLGSV,2,1,06,83,17,217,39.9,68,38,065,,79,35,146,,85,16,327,,1*68
$GLGSV,2,2,06,70,10,291,39.6,67,05,089,39.8,1*79
$GAGSV,1,1,00,7*73
$GBGSV,3,1,12,09,04,184,,01,38,147,,08,32,169,,02,30,229,,1*70
$GBGSV,3,2,12,10,27,215,,04,27,125,38.8,06,24,167,,05,16,249,39.0,1*75
$GBGSV,3,3,12,07,12,191,39.4,11,05,033,,13,04,033,,03,45,191,38.8,1*7D
$GNRMC,204611.000,A,3900.0012,N,11613.9795,E,0.00,11.64,280612,,,A,V*38
$GNVTG,11.64,T,,M,0.00,N,0.01,K,A*10
$GNZDA,204611.000,28,06,2012,,*45
$GNGGA,204612.000,3900.0012,N,11613.9795,E,1,11,0.74,-12.7,M,-6.8,M,,*77
$PAIRACC,3.69,10.02*74
$GNGLL,3900.0012,N,11613.9795,E,204612.000,A,A*4B
$GNGSA,A,3,29,21,27,16,,,,,,,,,1.40,0.74,1.19,1*04
$GNGSA,A,3,83,70,67,,,,,,,,,,1.40,0.74,1.19,2*00
$GNGSA,A,3,,,,,,,,,,,,,1.40,0.74,1.19,3*0C
$GNGSA,A,3,04,05,07,03,,,,,,,,,1.40,0.74,1.19,4*0E
$GPGSV,4,1,13,06,01,327,,29,56,203,39.6,24,71,061,,26,54,077,,1*7B
$GPGSV,4,2,13,21,51,314,39.3,18,35,257,,10,26,056,,27,12,069,40.0,1*6C
$GPGSV,4,3,13,16,07,300,39.8,22,04,248,,08,02,043,,02,01,113,,1*79
$GPGSV,4,4,13,15,64,114,,1*54
$GLGSV,2,1,06,83,17,217,40.3,68,38,065,,79,35,146,,85,16,327,,1*6C
$GLGSV,2,2,06,70,10,291,40.0,67,05,089,39.7,1*7E
$GAGSV,1,1,00,7*73
$GBGSV,3,1,12,09,04,184,,01,38,147,,08,32,169,,02,30,229,,1*70
$GBGSV,3,2,12,10,27,215,,04,27,125,38.8,06,24,167,,05,16,249,38.3,1*77
$GBGSV,3,3,12,07,12,191,39.8,11,05,033,,13,04,033,,03,45,191,38.5,1*7C
$GNRMC,204612.000,A,3900.0012,N,11613.9795,E,0.00,10.22,280612,,,A,V*38
$GNVTG,10.22,T,,M,0.00,N,0.01,K,A*13
$GNZDA,204612.000,28,06,2012,,*46
$GNGGA,204613.000,3900.0012,N,11613.9795,E,1,11,0.74,-12.7,M,-6.8,M,,*76
$PAIRACC,3.66,9.95*4D
$GNGLL,3900.0012,N,11613.9795,E,204613.000,A,A*4A
$GNGSA,A,3,29,21,27,16,,,,,,,,,1.40,0.74,1.19,1*04
$GNGSA,A,3,83,70,67,,,,,,,,,,1.40,0.74,1.19,2*00
$GNGSA,A,3,,,,,,,,,,,,,1.40,0.74,1.19,3*0C
$GNGSA,A,3,04,05,07,03,,,,,,,,,1.40,0.74,1.19,4*0E
$GPGSV,4,1,13,06,01,327,,29,56,203,39.5,24,71,061,,26,54,077,,1*78
$GPGSV,4,2,13,21,51,314,39.4,18,35,257,,10,26,056,,27,12,069,39.6,1*63
$GPGSV,4,3,13,16,07,300,39.3,22,04,248,,08,02,043,,02,01,113,,1*72
$GPGSV,4,4,13,15,64,114,,1*54
$GLGSV,2,1,06,83,17,217,39.8,68,38,065,,79,35,146,,85,16,327,,1*69
$GLGSV,2,2,06,70,10,291,39.9,67,05,089,39.6,1*78
$GAGSV,1,1,00,7*73
$GBGSV,3,1,12,09,04,184,,01,38,147,,08,32,169,,02,30,229,,1*70
$GBGSV,3,2,12,10,27,215,,04,27,125,38.8,06,24,167,,05,16,249,38.5,1*71
$GBGSV,3,3,12,07,12,191,38.4,11,05,033,,13,04,033,,03,45,191,38.5,1*71
$GNRMC,204613.000,A,3900.0012,N,11613.9795,E,0.00,13.61,280612,,,A,V*3D
$GNVTG,13.61,T,,M,0.00,N,0.01,K,A*17
$GNZDA,204613.000,28,06,2012,,*47
$GNGGA,204614.000,3900.0012,N,11613.9795,E,1,11,0.74,-12.7,M,-6.8,M,,*71
$PAIRACC,3.70,10.03*7D
$GNGLL,3900.0012,N,11613.9795,E,204614.000,A,A*4D
$GNGSA,A,3,29,21,27,16,,,,,,,,,1.40,0.74,1.19,1*04
$GNGSA,A,3,83,70,67,,,,,,,,,,1.40,0.74,1.19,2*00
$GNGSA,A,3,,,,,,,,,,,,,1.40,0.74,1.19,3*0C
$GNGSA,A,3,04,05,07,03,,,,,,,,,1.40,0.74,1.19,4*0E
$GPGSV,4,1,13,06,01,327,,29,56,203,39.5,24,71,061,,26,54,077,,1*78
$GPGSV,4,2,13,21,51,314,39.2,18,35,257,,10,26,056,,27,12,069,39.4,1*67
$GPGSV,4,3,13,16,07,300,39.4,22,04,248,,08,02,043,,02,01,113,,1*75
$GPGSV,4,4,13,15,64,114,,1*54
$GLGSV,2,1,06,83,17,217,39.7,68,38,065,,79,35,146,,85,16,327,,1*66
$GLGSV,2,2,06,70,10,291,40.0,67,05,089,39.7,1*7E
$GAGSV,1,1,00,7*73
$GBGSV,3,1,12,09,04,184,,01,38,147,,08,32,169,,02,30,229,,1*70
$GBGSV,3,2,12,10,27,215,,04,27,125,38.6,06,24,167,,05,16,249,38.6,1*7C
$GBGSV,3,3,12,07,12,191,38.8,11,05,033,,13,04,033,,03,45,191,39.1,1*78
$GNRMC,204614.000,A,3900.0012,N,11613.9795,E,0.00,3.86,280612,,,A,V*02
$GNVTG,3.86,T,,M,0.00,N,0.01,K,A*2F
$GNZDA,204614.000,28,06,2012,,*40
$GNGGA,204615.000,3900.0012,N,11613.9795,E,1,11,0.74,-12.7,M,-6.8,M,,*70
$PAIRACC,3.66,9.93*4B
$GNGLL,3900.0012,N,11613.9795,E,204615.000,A,A*4C
$GNGSA,A,3,29,21,27,16,,,,,,,,,1.40,0.74,1.19,1*04
$GNGSA,A,3,83,70,67,,,,,,,,,,1.40,0.74,1.19,2*00
$GNGSA,A,3,,,,,,,,,,,,,1.40,0.74,1.19,3*0C
$GNGSA,A,3,04,05,07,03,,,,,,,,,1.40,0.74,1.19,4*0E
$GPGSV,4,1,13,06,01,327,,29,56,203,39.6,24,71,061,,26,54,077,,1*7B
$GPGSV,4,2,13,21,51,314,39.3,18,35,257,,10,26,056,,27,12,069,39.7,1*65
$GPGSV,4,3,13,16,07,300,39.6,22,04,248,,08,02,043,,02,01,113,,1*77
$GPGSV,4,4,13,15,64,114,,1*54
$GLGSV,2,1,06,83,17,217,40.0,68,38,065,,79,35,146,,85,16,327,,1*6F
$GLGSV,2,2,06,70,10,291,40.2,67,05,089,40.1,1*74
$GAGSV,1,1,00,7*73
$GBGSV,3,1,12,09,04,184,,01,38,147,,08,32,169,,02,30,229,,1*70
$GBGSV,3,2,12,10,27,215,,04,27,125,38.5,06,24,167,,05,16,249,38.3,1*7A
$GBGSV,3,3,12,07,12,191,39.5,11,05,033,,13,04,033,,03,45,191,38.2,1*76
$GNRMC,204615.000,A,3900.0012,N,11613.9795,E,0.00,9.02,280612,,,A,V*05
$GNVTG,9.02,T,,M,0.00,N,0.01,K,A*29
$GNZDA,204615.000,28,06,2012,,*41
$GNGGA,204616.000,3900.0012,N,11613.9794,E,1,11,0.74,-12.7,M,-6.8,M,,*72
$PAIRACC,3.64,9.97*4D
$GNGLL,3900.0012,N,11613.9794,E,204616.000,A,A*4E
$GNGSA,A,3,29,21,27,16,,,,,,,,,1.40,0.74,1.19,1*04
$GNGSA,A,3,83,70,67,,,,,,,,,,1.40,0.74,1.19,2*00
$GNGSA,A,3,,,,,,,,,,,,,1.40,0.74,1.19,3*0C
$GNGSA,A,3,04,05,07,03,,,,,,,,,1.40,0.74,1.19,4*0E
$GPGSV,4,1,13,06,01,327,,29,56,203,39.5,24,71,061,,26,54,077,,1*78
$GPGSV,4,2,13,21,51,314,39.3,18,35,257,,10,26,056,,27,12,069,39.6,1*64
$GPGSV,4,3,13,16,07,300,39.7,22,04,248,,08,02,043,,02,01,113,,1*76
$GPGSV,4,4,13,15,64,114,,1*54
$GLGSV,2,1,06,83,17,217,39.8,68,38,065,,79,35,146,,85,16,327,,1*69
$GLGSV,2,2,06,70,10,291,40.1,67,05,089,39.8,1*70
$GAGSV,1,1,00,7*73
$GBGSV,3,1,12,09,04,184,,01,38,147,,08,32,169,,02,30,229,,1*70
$GBGSV,3,2,12,10,27,215,,04,27,125,38.6,06,24,167,,05,16,249,38.4,1*7E
$GBGSV,3,3,12,07,12,191,38.6,11,05,033,,13,04,033,,03,45,191,38.5,1*73
$GNRMC,204616.000,A,3900.0012,N,11613.9794,E,0.00,3.21,280612,,,A,V*0C
$GNVTG,3.21,T,,M,0.00,N,0.01,K,A*22
$GNZDA,204616.000,28,06,2012,,*42
$GNGGA,204617.000,3900.0012,N,11613.9794,E,1,11,0.74,-12.7,M,-6.8,M,,*73
$PAIRACC,3.61,9.70*41
$GNGLL,3900.0012,N,11613.9794,E,204617.000,A,A*4F
$GNGSA,A,3,29,21,27,16,,,,,,,,,1.40,0.74,1.19,1*04
$GNGSA,A,3,83,70,67,,,,,,,,,,1.40,0.74,1.19,2*00
$GNGSA,A,3,,,,,,,,,,,,,1.40,0.74,1.19,3*0C
$GNGSA,A,3,04,05,07,03,,,,,,,,,1.40,0.74,1.19,4*0E
$GPGSV,4,1,13,06,01,327,,29,56,203,39.3,24,71,061,,26,54,077,,1*7E
$GPGSV,4,2,13,21,51,314,39.3,18,35,257,,10,26,056,,27,12,069,39.7,1*65
$GPGSV,4,3,13,16,07,300,39.5,22,04,248,,08,02,043,,02,01,113,,1*74
$GPGSV,4,4,13,15,64,114,,1*54
$GLGSV,2,1,06,83,17,217,39.4,68,38,065,,79,35,146,,85,16,327,,1*65
$GLGSV,2,2,06,70,10,291,39.8,67,05,089,39.8,1*77
$GAGSV,1,1,00,7*73
$GBGSV,3,1,12,09,04,184,,01,38,147,,08,32,169,,02,30,229,,1*70
$GBGSV,3,2,12,10,27,215,,04,27,125,39.0,06,24,167,,05,16,249,38.8,1*75
$GBGSV,3,3,12,07,12,191,39.1,11,05,033,,13,04,033,,03,45,191,39.0,1*71
$GNRMC,204617.000,A,3900.0012,N,11613.9794,E,0.00,27.54,280612,,,A,V*39
$GNVTG,27.54,T,,M,0.00,N,0.01,K,A*16
$GNZDA,204617.000,28,06,2012,,*43
$GNGGA,204618.000,3900.0012,N,11613.9795,E,1,11,0.74,-12.7,M,-6.8,M,,*7D
$PAIRACC,3.72,10.25*7B
$GNGLL,3900.0012,N,11613.9795,E,204618.000,A,A*41
$GNGSA,A,3,29,21,27,16,,,,,,,,,1.40,0.74,1.19,1*04
$GNGSA,A,3,83,70,67,,,,,,,,,,1.40,0.74,1.19,2*00
$GNGSA,A,3,,,,,,,,,,,,,1.40,0.74,1.19,3*0C
$GNGSA,A,3,04,05,07,03,,,,,,,,,1.40,0.74,1.19,4*0E
$GPGSV,4,1,13,06,01,327,,29,56,203,39.7,24,71,061,,26,54,077,,1*7A
$GPGSV,4,2,13,21,51,314,39.2,18,35,257,,10,26,056,,27,12,069,39.5,1*66
$GPGSV,4,3,13,16,07,300,39.7,22,04,248,,08,02,043,,02,01,113,,1*76
$GPGSV,4,4,13,15,64,114,,1*54
$GLGSV,2,1,06,83,17,217,40.0,68,38,065,,79,35,146,,85,16,327,,1*6F
$GLGSV,2,2,06,70,10,291,40.0,67,05,089,40.0,1*77
$GAGSV,1,1,00,7*73
$GBGSV,3,1,12,09,04,184,,01,38,147,,08,32,169,,02,30,229,,1*70
$GBGSV,3,2,12,10,27,215,,04,27,125,38.7,06,24,167,,05,16,249,38.2,1*79
$GBGSV,3,3,12,07,12,191,39.7,11,05,033,,13,04,033,,03,45,191,38.5,1*73
$GNRMC,204618.000,A,3900.0012,N,11613.9795,E,0.00,29.29,280612,,,A,V*33
$GNVTG,29.29,T,,M,0.00,N,0.01,K,A*12
$GNZDA,204618.000,28,06,2012,,*4C
$GNGGA,204619.000,3900.0012,N,11613.9795,E,1,11,0.74,-12.7,M,-6.8,M,,*7C
$PAIRACC,3.64,9.74*40
$GNGLL,3900.0012,N,11613.9795,E,204619.000,A,A*40
$GNGSA,A,3,29,21,27,16,,,,,,,,,1.40,0.74,1.19,1*04
$GNGSA,A,3,83,70,67,,,,,,,,,,1.40,0.74,1.19,2*00
$GNGSA,A,3,,,,,,,,,,,,,1.40,0.74,1.19,3*0C
$GNGSA,A,3,04,05,07,03,,,,,,,,,1.40,0.74,1.19,4*0E
$GPGSV,4,1,13,06,01,327,,29,56,203,39.2,24,71,061,,26,54,077,,1*7F
$GPGSV,4,2,13,21,51,314,39.6,18,35,257,,10,26,056,,27,12,069,39.4,1*63
$GPGSV,4,3,13,16,07,300,39.5,22,04,248,,08,02,043,,02,01,113,,1*74
$GPGSV,4,4,13,15,64,114,,1*54
$GLGSV,2,1,06,83,17,217,40.0,68,38,065,,79,35,146,,85,16,327,,1*6F
$GLGSV,2,2,06,70,10,291,39.9,67,05,089,39.4,1*7A
$GAGSV,1,1,00,7*73
$GBGSV,3,1,12,09,04,184,,01,38,147,,08,32,169,,02,30,229,,1*70
$GBGSV,3,2,12,10,27,215,,04,27,125,38.6,06,24,167,,05,16,249,38.5,1*7F
$GBGSV,3,3,12,07,12,191,39.6,11,05,033,,13,04,033,,03,45,191,38.4,1*73
$GNRMC,204619.000,A,3900.0012,N,11613.9795,E,0.00,12.44,280612,,,A,V*31
$GNVTG,12.44,T,,M,0.00,N,0.01,K,A*11
$GNZDA,204619.000,28,06,2012,,*4D
$GNGGA,204620.000,3900.0012,N,11613.9795,E,1,11,0.74,-12.7,M,-6.8,M,,*76
$PAIRACC,3.72,10.25*7B
$GNGLL,3900.0012,N,11613.9795,E,204620.000,A,A*4A
$GNGSA,A,3,29,21,27,16,,,,,,,,,1.40,0.74,1.19,1*04
$GNGSA,A,3,83,70,67,,,,,,,,,,1.40,0.74,1.19,2*00
$GNGSA,A,3,,,,,,,,,,,,,1.40,0.74,1.19,3*0C
$GNGSA,A,3,04,05,07,03,,,,,,,,,1.40,0.74,1.19,4*0E
$GPGSV,4,1,13,06,01,327,,29,56,203,39.7,24,71,061,,26,54,077,,1*7A
$GPGSV,4,2,13,21,51,314,39.7,18,35,257,,10,26,056,,27,12,069,39.8,1*6E
$GPGSV,4,3,13,16,07,300,39.6,22,04,248,,08,02,043,,02,01,113,,1*77
$GPGSV,4,4,13,15,64,114,,1*54
$GLGSV,2,1,06,83,17,217,40.0,68,38,065,,79,36,146,,85,16,327,,1*6C
$GLGSV,2,2,06,70,10,291,39.8,67,05,089,39.8,1*77
$GAGSV,1,1,00,7*73
$GBGSV,3,1,12,09,04,184,,01,38,147,,08,32,169,,02,30,229,,1*70
$GBGSV,3,2,12,10,27,215,,04,27,125,38.7,06,24,167,,05,16,249,38.9,1*72
$GBGSV,3,3,12,07,12,191,39.0,11,05,033,,13,04,033,,03,45,191,39.0,1*70
$GNRMC,204620.000,A,3900.0012,N,11613.9795,E,0.00,10.29,280612,,,A,V*32
$GNVTG,10.29,T,,M,0.00,N,0.01,K,A*18
$GNZDA,204620.000,28,06,2012,,*47
$GNGGA,204621.000,3900.0012,N,11613.9795,E,1,11,0.74,-12.7,M,-6.8,M,,*77
$PAIRACC,3.61,9.71*40
$GNGLL,3900.0012,N,11613.9795,E,204621.000,A,A*4B
$GNGSA,A,3,29,21,27,16,,,,,,,,,1.40,0.74,1.19,1*04
$GNGSA,A,3,83,70,67,,,,,,,,,,1.40,0.74,1.19,2*00
$GNGSA,A,3,,,,,,,,,,,,,1.40,0.74,1.19,3*0C
$GNGSA,A,3,04,05,07,03,,,,,,,,,1.40,0.74,1.19,4*0E
$GPGSV,4,1,13,06,01,327,,29,56,203,39.7,24,71,061,,26,54,077,,1*7A
$GPGSV,4,2,13,21,51,314,39.4,18,35,257,,10,26,056,,27,12,069,39.5,1*60
$GPGSV,4,3,13,16,07,300,39.8,22,04,248,,08,02,043,,02,01,113,,1*79
$GPGSV,4,4,13,15,64,114,,1*54
$GLGSV,2,1,06,83,17,217,40.0,68,38,065,,79,36,146,,85,16,327,,1*6C
$GLGSV,2,2,06,70,10,291,39.9,67,05,089,40.1,1*71
$GAGSV,1,1,00,7*73
$GBGSV,3,1,12,09,04,184,,01,38,147,,08,32,169,,02,30,229,,1*70
$GBGSV,3,2,12,10,27,215,,04,27,125,39.0,06,24,167,,05,16,249,38.7,1*7A
$GBGSV,3,3,12,07,12,191,39.5,11,05,033,,13,04,033,,03,45,191,38.6,1*72
$GNRMC,204621.000,A,3900.0012,N,11613.9795,E,0.00,14.40,280612,,,A,V*38
$GNVTG,14.40,T,,M,0.00,N,0.01,K,A*13
$GNZDA,204621.000,28,06,2012,,*46
$GNGGA,204622.000,3900.0012,N,11613.9795,E,1,11,0.74,-12.7,M,-6.8,M,,*74
$PAIRACC,3.75,10.29*70
$GNGLL,3900.0012,N,11613.9795,E,204622.000,A,A*48
$GNGSA,A,3,29,21,27,16,,,,,,,,,1.40,0.74,1.19,1*04
$GNGSA,A,3,83,70,67,,,,,,,,,,1.40,0.74,1.19,2*00
$GNGSA,A,3,,,,,,,,,,,,,1.40,0.74,1.19,3*0C
$GNGSA,A,3,04,05,07,03,,,,,,,,,1.40,0.74,1.19,4*0E
$GPGSV,4,1,13,06,01,327,,29,56,203,39.6,24,71,061,,26,54,077,,1*7B
$GPGSV,4,2,13,21,51,314,39.7,18,35,257,,10,26,056,,27,12,069,39.4,1*62
$GPGSV,4,3,13,16,07,300,39.8,22,04,248,,08,02,043,,02,01,113,,1*79
$GPGSV,4,4,13,15,64,114,,1*54
$GLGSV,2,1,06,83,17,217,39.8,68,38,065,,79,36,146,,85,16,327,,1*6A
$GLGSV,2,2,06,70,10,291,39.9,67,05,089,39.7,1*79
$GAGSV,1,1,00,7*73
$GBGSV,3,1,12,09,04,184,,01,38,147,,08,32,169,,02,30,229,,1*70
$GBGSV,3,2,12,10,27,215,,04,27,125,38.6,06,24,167,,05,16,249,38.4,1*7E
$GBGSV,3,3,12,07,12,191,39.3,11,05,033,,13,04,033,,03,45,191,38.2,1*70
$GNRMC,204622.000,A,3900.0012,N,11613.9795,E,0.00,16.33,280612,,,A,V*3D
$GNVTG,16.33,T,,M,0.00,N,0.01,K,A*15
$GNZDA,204622.000,28,06,2012,,*45
$GNGGA,204623.000,3900.0012,N,11613.9795,E,1,11,0.74,-12.7,M,-6.8,M,,*75
$PAIRACC,3.62,9.72*40
$GNGLL,3900.0012,N,11613.9795,E,204623.000,A,A*49
$GNGSA,A,3,29,21,27,16,,,,,,,,,1.40,0.74,1.19,1*04
$GNGSA,A,3,83,70,67,,,,,,,,,,1.40,0.74,1.19,2*00
$GNGSA,A,3,,,,,,,,,,,,,1.40,0.74,1.19,3*0C
$GNGSA,A,3,04,05,07,03,,,,,,,,,1.40,0.74,1.19,4*0E
$GPGSV,4,1,13,06,01,327,,29,56,203,39.8,24,71,061,,26,54,077,,1*75
$GPGSV,4,2,13,21,51,314,39.6,18,35,257,,10,26,056,,27,12,069,39.8,1*6F
$GPGSV,4,3,13,16,07,300,39.6,22,04,248,,08,02,043,,02,01,113,,1*77
$GPGSV,4,4,13,15,64,114,,1*54
$GLGSV,2,1,06,83,17,217,39.5,68,38,065,,79,36,146,,85,16,327,,1*67
$GLGSV,2,2,06,70,10,291,39.6,67,05,089,40.4,1*7B
$GAGSV,1,1,00,7*73
$GBGSV,3,1,12,09,04,184,,01,38,147,,08,32,169,,02,30,229,,1*70
$GBGSV,3,2,12,10,27,215,,04,27,125,38.7,06,24,167,,05,16,249,38.9,1*72
$GBGSV,3,3,12,07,12,191,38.4,11,05,033,,13,04,033,,03,45,191,38.8,1*7C
$GNRMC,204623.000,A,3900.0012,N,11613.9795,E,0.00,22.23,280612,,,A,V*3A
$GNVTG,22.23,T,,M,0.00,N,0.01,K,A*13
$GNZDA,204623.000,28,06,2012,,*44
$GNGGA,204624.000,3900.0012,N,11613.9795,E,1,11,0.74,-12.7,M,-6.8,M,,*72
$PAIRACC,3.64,9.74*40
$GNGLL,3900.0012,N,11613.9795,E,204624.000,A,A*4E
$GNGSA,A,3,29,21,27,16,,,,,,,,,1.40,0.74,1.19,1*04
$GNGSA,A,3,83,70,67,,,,,,,,,,1.40,0.74,1.19,2*00
$GNGSA,A,3,,,,,,,,,,,,,1.40,0.74,1.19,3*0C
$GNGSA,A,3,04,05,07,03,,,,,,,,,1.40,0.74,1.19,4*0E
$GPGSV,4,1,13,06,01,327,,29,56,203,39.8,24,71,061,,26,54,077,,1*75
$GPGSV,4,2,13,21,51,314,39.5,18,35,257,,10,26,056,,27,12,069,39.7,1*63
$GPGSV,4,3,13,16,07,300,39.7,22,04,248,,08,02,043,,02,01,113,,1*76
$GPGSV,4,4,13,15,64,114,,1*54
$GLGSV,2,1,06,85,16,327,,68,38,065,,79,36,146,,83,15,216,40.0,1*6F
$GLGSV,2,2,06,70,10,291,39.6,67,05,089,40.3,1*7C
$GAGSV,1,1,00,7*73
$GBGSV,3,1,12,09,04,184,,01,38,147,,08,32,169,,02,30,229,,1*70
$GBGSV,3,2,12,10,27,215,,04,27,125,38.5,06,24,167,,05,16,249,38.3,1*7A
$GBGSV,3,3,12,07,12,191,38.9,11,05,033,,13,04,033,,03,45,191,38.3,1*7A
$GNRMC,204624.000,A,3900.0012,N,11613.9795,E,0.00,31.56,280612,,,A,V*3D
$GNVTG,31.56,T,,M,0.00,N,0.01,K,A*13
$GNZDA,204624.000,28,06,2012,,*43
$GNGGA,204625.000,3900.0012,N,11613.9795,E,1,11,0.74,-12.7,M,-6.8,M,,*73
$PAIRACC,3.61,9.71*40
$GNGLL,3900.0012,N,11613.9795,E,204625.000,A,A*4F
$GNGSA,A,3,29,21,27,16,,,,,,,,,1.40,0.74,1.19,1*04
$GNGSA,A,3,83,70,67,,,,,,,,,,1.40,0.74,1.19,2*00
$GNGSA,A,3,,,,,,,,,,,,,1.40,0.74,1.19,3*0C
$GNGSA,A,3,04,05,07,03,,,,,,,,,1.40,0.74,1.19,4*0E
$GPGSV,4,1,13,06,01,327,,29,56,203,39.8,24,71,061,,26,54,077,,1*75
$GPGSV,4,2,13,21,51,314,39.6,18,35,257,,10,26,056,,27,12,069,39.3,1*64
$GPGSV,4,3,13,16,07,300,39.7,22,04,248,,08,02,043,,02,01,113,,1*76
$GPGSV,4,4,13,15,64,114,,1*54
$GLGSV,2,1,06,85,16,327,,68,38,065,,79,36,146,,83,15,216,40.0,1*6F
$GLGSV,2,2,06,70,10,291,39.5,67,05,089,39.7,1*75
$GAGSV,1,1,00,7*73
$GBGSV,3,1,12,09,04,184,,01,38,147,,08,32,169,,02,30,229,,1*70
$GBGSV,3,2,12,10,27,215,,04,27,125,38.7,06,24,167,,05,16,249,38.3,1*78
$GBGSV,3,3,12,07,12,191,39.4,11,05,033,,13,04,033,,03,45,191,38.2,1*77
$GNRMC,204625.000,A,3900.0012,N,11613.9795,E,0.00,19.01,280612,,,A,V*34
$GNVTG,19.01,T,,M,0.00,N,0.01,K,A*1B
$GNZDA,204625.000,28,06,2012,,*42
$GNGGA,204626.000,3900.0012,N,11613.9795,E,1,11,0.74,-12.7,M,-6.8,M,,*70
$PAIRACC,3.59,9.65*4E
$GNGLL,3900.0012,N,11613.9795,E,204626.000,A,A*4C
$GNGSA,A,3,29,21,27,16,,,,,,,,,1.40,0.74,1.19,1*04
$GNGSA,A,3,83,70,67,,,,,,,,,,1.40,0.74,1.19,2*00
$GNGSA,A,3,,,,,,,,,,,,,1.40,0.74,1.19,3*0C
$GNGSA,A,3,04,05,07,03,,,,,,,,,1.40,0.74,1.19,4*0E
$GPGSV,4,1,13,06,01,327,,29,56,203,39.5,24,71,061,,26,54,077,,1*78
$GPGSV,4,2,13,21,51,314,39.7,18,35,257,,10,26,056,,27,12,069,39.8,1*6E
$GPGSV,4,3,13,16,07,300,39.6,22,04,248,,08,02,043,,02,01,113,,1*77
$GPGSV,4,4,13,15,64,114,,1*54
$GLGSV,2,1,06,85,17,325,,68,38,065,,79,36,146,,83,15,216,39.5,1*67
$GLGSV,2,2,06,70,10,291,40.2,67,05,089,40.0,1*75
$GAGSV,1,1,00,7*73
$GBGSV,3,1,12,09,04,184,,01,38,147,,08,32,169,,02,30,229,,1*70
$GBGSV,3,2,12,10,27,215,,04,27,125,38.9,06,24,167,,05,16,249,38.9,1*7C
$GBGSV,3,3,12,07,12,191,39.4,11,05,033,,13,04,033,,03,45,191,39.0,1*74
$GNRMC,204626.000,A,3900.0012,N,11613.9795,E,0.00,16.53,280612,,,A,V*3F
$GNVTG,16.53,T,,M,0.00,N,0.01,K,A*13
$GNZDA,204626.000,28,06,2012,,*41
$GNGGA,204627.000,3900.0012,N,11613.9795,E,1,11,0.74,-12.7,M,-6.8,M,,*71
$PAIRACC,3.71,10.30*7C
$GNGLL,3900.0012,N,11613.9795,E,204627.000,A,A*4D
$GNGSA,A,3,29,21,27,16,,,,,,,,,1.40,0.74,1.19,1*04
$GNGSA,A,3,83,70,67,,,,,,,,,,1.40,0.74,1.19,2*00
$GNGSA,A,3,,,,,,,,,,,,,1.40,0.74,1.19,3*0C
$GNGSA,A,3,04,05,07,03,,,,,,,,,1.40,0.74,1.19,4*0E
$GPGSV,4,1,13,06,01,327,,29,56,203,39.6,24,71,061,,26,54,077,,1*7B
$GPGSV,4,2,13,21,51,314,38.8,18,35,257,,10,26,056,,27,12,069,39.6,1*6E
$GPGSV,4,3,13,16,07,300,39.5,22,04,248,,08,02,043,,02,01,113,,1*74
$GPGSV,4,4,13,15,64,114,,1*54
$GLGSV,2,1,06,85,17,325,,68,38,065,,79,36,146,,83,15,216,40.0,1*6C
$GLGSV,2,2,06,70,10,291,39.9,67,05,089,39.6,1*78
$GAGSV,1,1,00,7*73
$GBGSV,3,1,12,09,04,184,,01,38,147,,08,32,169,,02,30,229,,1*70
$GBGSV,3,2,12,10,27,215,,04,27,125,38.5,06,24,167,,05,16,249,38.2,1*7B
$GBGSV,3,3,12,07,12,191,38.9,11,05,033,,13,04,033,,03,45,191,38.2,1*7B
$GNRMC,204627.000,A,3900.0012,N,11613.9795,E,0.00,29.45,280612,,,A,V*35
$GNVTG,29.45,T,,M,0.00,N,0.01,K,A*18
$GNZDA,204627.000,28,06,2012,,*40
$GNGGA,204628.000,3900.0012,N,11613.9795,E,1,11,0.74,-12.7,M,-6.8,M,,*7E
$PAIRACC,3.59,9.65*4E
$GNGLL,3900.0012,N,11613.9795,E,204628.000,A,A*42
$GNGSA,A,3,29,21,27,16,,,,,,,,,1.40,0.74,1.19,1*04
$GNGSA,A,3,83,70,67,,,,,,,,,,1.40,0.74,1.19,2*00
$GNGSA,A,3,,,,,,,,,,,,,1.40,0.74,1.19,3*0C
$GNGSA,A,3,04,05,07,03,,,,,,,,,1.40,0.74,1.19,4*0E
$GPGSV,4,1,13,06,01,327,,29,56,203,39.4,24,71,061,,26,54,077,,1*79
$GPGSV,4,2,13,21,51,314,39.6,18,35,257,,10,26,056,,27,12,069,39.3,1*64
$GPGSV,4,3,13,16,07,300,39.6,22,04,248,,08,02,043,,02,01,113,,1*77
$GPGSV,4,4,13,15,64,114,,1*54
$GLGSV,2,1,06,85,17,325,,68,38,065,,79,36,146,,83,15,216,39.5,1*67
$GLGSV,2,2,06,70,10,291,39.6,67,05,089,39.9,1*78
$GAGSV,1,1,00,7*73
$GBGSV,3,1,12,09,04,184,,01,38,147,,08,32,169,,02,30,229,,1*70
$GBGSV,3,2,12,10,27,215,,04,27,125,38.8,06,24,167,,05,16,249,38.8,1*7C
$GBGSV,3,3,12,07,12,191,39.2,11,05,033,,13,04,033,,03,45,191,38.5,1*76
$GNRMC,204628.000,A,3900.0012,N,11613.9795,E,0.00,34.87,280612,,,A,V*38
$GNVTG,34.87,T,,M,0.00,N,0.01,K,A*1A
$GNZDA,204628.000,28,06,2012,,*4F
$GNGGA,204629.000,3900.0012,N,11613.9795,E,1,11,0.74,-12.7,M,-6.8,M,,*7F
$PAIRACC,3.64,9.75*41
$GNGLL,3900.0012,N,11613.9795,E,204629.000,A,A*43
$GNGSA,A,3,29,21,27,16,,,,,,,,,1.40,0.74,1.19,1*04
$GNGSA,A,3,83,70,67,,,,,,,,,,1.40,0.74,1.19,2*00
$GNGSA,A,3,,,,,,,,,,,,,1.40,0.74,1.19,3*0C
$GNGSA,A,3,04,05,07,03,,,,,,,,,1.40,0.74,1.19,4*0E
$GPGSV,4,1,13,06,01,327,,29,56,203,39.3,24,71,061,,26,54,077,,1*7E
$GPGSV,4,2,13,21,51,314,39.4,18,35,257,,10,26,056,,27,12,069,39.3,1*66
$GPGSV,4,3,13,16,07,300,39.6,22,04,248,,08,02,043,,02,01,113,,1*77
$GPGSV,4,4,13,15,64,114,,1*54
$GLGSV,2,1,06,85,17,325,,68,38,065,,79,36,146,,83,15,216,39.5,1*67
$GLGSV,2,2,06,70,10,291,39.7,67,05,089,40.1,1*7F
$GAGSV,1,1,00,7*73
$GBGSV,3,1,12,09,04,184,,01,38,147,,08,32,169,,02,30,229,,1*70
$GBGSV,3,2,12,10,27,215,,04,27,125,38.8,06,24,167,,05,16,249,39.0,1*75
$GBGSV,3,3,12,07,12,191,39.9,11,05,033,,13,04,033,,03,45,191,39.0,1*79
$GNRMC,204629.000,A,3900.0012,N,11613.9795,E,0.01,26.63,280612,,,A,V*31
$GNVTG,26.63,T,,M,0.01,N,0.01,K,A*12
$GNZDA,204629.000,28,06,2012,,*4E
$GNGGA,204630.000,3900.0012,N,11613.9795,E,1,11,0.74,-12.7,M,-6.8,M,,*77
$PAIRACC,3.60,9.66*47
$GNGLL,3900.0012,N,11613.9795,E,204630.000,A,A*4B
$GNGSA,A,3,29,21,27,16,,,,,,,,,1.40,0.74,1.19,1*04
$GNGSA,A,3,83,70,67,,,,,,,,,,1.40,0.74,1.19,2*00
$GNGSA,A,3,,,,,,,,,,,,,1.40,0.74,1.19,3*0C
$GNGSA,A,3,04,05,07,03,,,,,,,,,1.40,0.74,1.19,4*0E
$GPGSV,4,1,13,06,01,327,,29,56,203,39.7,24,71,061,,26,54,077,,1*7A
$GPGSV,4,2,13,21,51,314,39.8,18,35,257,,10,26,056,,27,12,069,39.3,1*6A
$GPGSV,4,3,13,16,07,300,39.7,22,04,248,,08,02,043,,02,01,113,,1*76
$GPGSV,4,4,13,15,64,114,,1*54
$GLGSV,2,1,06,85,17,325,,68,38,065,,79,36,146,,83,15,216,40.0,1*6C
$GLGSV,2,2,06,70,10,291,40.4,67,05,089,40.2,1*71
$GAGSV,1,1,00,7*73
$GBGSV,3,1,12,09,04,184,,01,38,147,,08,32,169,,02,30,229,,1*70
$GBGSV,3,2,12,10,27,215,,04,27,125,38.6,06,24,167,,05,16,249,38.4,1*7E
$GBGSV,3,3,12,07,12,191,38.7,11,05,033,,13,04,033,,03,45,191,38.5,1*72
$GNRMC,204630.000,A,3900.0012,N,11613.9795,E,0.01,28.26,280612,,,A,V*36
$GNVTG,28.26,T,,M,0.01,N,0.01,K,A*1D
$GNZDA,204630.000,28,06,2012,,*46
$GNGGA,204631.000,3900.0012,N,11613.9795,E,1,11,0.74,-12.8,M,-6.8,M,,*79
$PAIRACC,3.60,9.67*46
$GNGLL,3900.0012,N,11613.9795,E,204631.000,A,A*4A
$GNGSA,A,3,29,21,27,16,,,,,,,,,1.40,0.74,1.19,1*04
$GNGSA,A,3,83,70,67,,,,,,,,,,1.40,0.74,1.19,2*00
$GNGSA,A,3,,,,,,,,,,,,,1.40,0.74,1.19,3*0C
$GNGSA,A,3,04,05,07,03,,,,,,,,,1.40,0.74,1.19,4*0E
$GPGSV,4,1,13,06,01,327,,29,56,203,39.4,24,71,061,,26,54,077,,1*79
$GPGSV,4,2,13,21,51,314,39.9,18,35,257,,10,26,056,,27,12,069,39.6,1*6E
$GPGSV,4,3,13,16,07,300,39.4,22,04,248,,08,02,043,,02,01,113,,1*75
$GPGSV,4,4,13,15,64,114,,1*54
$GLGSV,2,1,06,85,17,325,,68,38,065,,79,36,146,,83,15,216,39.8,1*6A
$GLGSV,2,2,06,70,10,291,39.8,67,05,089,40.0,1*71
$GAGSV,1,1,00,7*73
$GBGSV,3,1,12,09,04,184,,01,38,147,,08,32,169,,02,30,229,,1*70
$GBGSV,3,2,12,10,27,215,,04,27,125,38.6,06,24,167,,05,16,249,38.5,1*7F
$GBGSV,3,3,12,07,12,191,38.9,11,05,033,,13,04,033,,03,45,191,38.2,1*7B
$GNRMC,204631.000,A,3900.0012,N,11613.9795,E,0.01,18.49,280612,,,A,V*3D
$GNVTG,18.49,T,,M,0.01,N,0.01,K,A*17
$GNZDA,204631.000,28,06,2012,,*47
$GNGGA,204632.000,3900.0012,N,11613.9795,E,1,11,0.74,-12.8,M,-6.8,M,,*7A
$PAIRACC,3.59,9.64*4F
$GNGLL,3900.0012,N,11613.9795,E,204632.000,A,A*49
$GNGSA,A,3,29,21,27,16,,,,,,,,,1.40,0.74,1.19,1*04
$GNGSA,A,3,83,70,67,,,,,,,,,,1.40,0.74,1.19,2*00
$GNGSA,A,3,,,,,,,,,,,,,1.40,0.74,1.19,3*0C
$GNGSA,A,3,04,05,07,03,,,,,,,,,1.40,0.74,1.19,4*0E
$GPGSV,4,1,13,06,01,327,,29,56,203,39.9,24,71,061,,26,54,077,,1*74
$GPGSV,4,2,13,21,51,314,39.6,18,35,257,,10,26,056,,27,12,069,39.8,1*6F
$GPGSV,4,3,13,16,07,300,39.6,22,04,248,,08,02,043,,02,01,113,,1*77
$GPGSV,4,4,13,15,64,114,,1*54
$GLGSV,2,1,06,85,17,325,,68,38,065,,79,36,146,,83,15,216,39.8,1*6A
$GLGSV,2,2,06,70,10,291,40.2,67,05,089,39.9,1*72
$GAGSV,1,1,00,7*73
$GBGSV,3,1,12,09,04,184,,01,38,147,,08,32,169,,02,30,229,,1*70
$GBGSV,3,2,12,10,27,215,,04,27,125,39.0,06,24,167,,05,16,249,38.7,1*7A
$GBGSV,3,3,12,07,12,191,39.4,11,05,033,,13,04,033,,03,45,191,38.9,1*7C
$GNRMC,204632.000,A,3900.0012,N,11613.9795,E,0.01,27.20,280612,,,A,V*3D
$GNVTG,27.20,T,,M,0.01,N,0.01,K,A*14
$GNZDA,204632.000,28,06,2012,,*44
$GNGGA,204633.000,3900.0012,N,11613.9795,E,1,11,0.74,-12.8,M,-6.8,M,,*7B
$PAIRACC,3.77,10.35*7F
$GNGLL,3900.0012,N,11613.9795,E,204633.000,A,A*48
$GNGSA,A,3,29,21,27,16,,,,,,,,,1.40,0.74,1.19,1*04
$GNGSA,A,3,83,70,67,,,,,,,,,,1.40,0.74,1.19,2*00
$GNGSA,A,3,,,,,,,,,,,,,1.40,0.74,1.19,3*0C
$GNGSA,A,3,04,05,07,03,,,,,,,,,1.40,0.74,1.19,4*0E
$GPGSV,4,1,13,06,01,327,,29,56,203,39.7,24,71,061,,26,54,077,,1*7A
$GPGSV,4,2,13,21,51,314,39.8,18,35,257,,10,26,056,,27,12,069,39.5,1*6C
$GPGSV,4,3,13,16,07,300,39.5,22,04,248,,08,02,043,,02,01,113,,1*74
$GPGSV,4,4,13,15,64,114,,1*54
$GLGSV,2,1,06,85,17,325,,68,38,065,,79,36,146,,83,15,216,39.7,1*65
$GLGSV,2,2,06,70,10,291,39.5,67,05,089,40.1,1*7D
$GAGSV,1,1,00,7*73
$GBGSV,3,1,12,09,04,184,,01,38,147,,08,32,169,,02,30,229,,1*70
$GBGSV,3,2,12,10,27,215,,04,27,125,39.0,06,24,167,,05,16,249,37.9,1*7B
$GBGSV,3,3,12,07,12,191,39.9,11,05,033,,13,04,033,,03,45,191,38.3,1*7B
$GNRMC,204633.000,A,3900.0012,N,11613.9795,E,0.00,356.34,280612,,,A,V*0D
$GNVTG,356.34,T,,M,0.00,N,0.01,K,A*25
$GNZDA,204633.000,28,06,2012,,*45
$GNGGA,204634.000,3900.0012,N,11613.9795,E,1,11,0.74,-12.8,M,-6.8,M,,*7C
$PAIRACC,3.60,9.67*46
$GNGLL,3900.0012,N,11613.9795,E,204634.000,A,A*4F
$GNGSA,A,3,29,21,27,16,,,,,,,,,1.40,0.74,1.19,1*04
$GNGSA,A,3,83,70,67,,,,,,,,,,1.40,0.74,1.19,2*00
$GNGSA,A,3,,,,,,,,,,,,,1.40,0.74,1.19,3*0C
$GNGSA,A,3,04,05,07,03,,,,,,,,,1.40,0.74,1.19,4*0E
$GPGSV,4,1,13,06,01,327,,29,56,203,39.8,24,71,061,,26,54,077,,1*75
$GPGSV,4,2,13,21,51,314,39.2,18,35,257,,10,26,056,,27,12,069,39.4,1*67
$GPGSV,4,3,13,16,07,300,39.5,22,04,248,,08,02,043,,02,01,113,,1*74
$GPGSV,4,4,13,15,64,114,,1*54
$GLGSV,2,1,06,85,17,325,,68,38,065,,79,36,146,,83,15,216,40.0,1*6C
$GLGSV,2,2,06,70,10,291,39.4,67,05,089,40.1,1*7C
$GAGSV,1,1,00,7*73
$GBGSV,3,1,12,09,04,184,,01,38,147,,08,32,169,,02,30,229,,1*70
$GBGSV,3,2,12,10,27,215,,04,27,125,38.9,06,24,167,,05,16,249,38.3,1*76
$GBGSV,3,3,12,07,12,191,38.8,11,05,033,,13,04,033,,03,45,191,38.6,1*7E
$GNRMC,204634.000,A,3900.0012,N,11613.9795,E,0.00,344.13,280612,,,A,V*0C
$GNVTG,344.13,T,,M,0.00,N,0.01,K,A*23
$GNZDA,204634.000,28,06,2012,,*42
$GNGGA,204635.000,3900.0012,N,11613.9795,E,1,11,0.74,-12.8,M,-6.8,M,,*7D
$PAIRACC,3.74,10.30*79
$GNGLL,3900.0012,N,11613.9795,E,204635.000,A,A*4E
$GNGSA,A,3,29,21,27,16,,,,,,,,,1.40,0.74,1.19,1*04
$GNGSA,A,3,83,70,67,,,,,,,,,,1.40,0.74,1.19,2*00
$GNGSA,A,3,,,,,,,,,,,,,1.40,0.74,1.19,3*0C
$GNGSA,A,3,04,05,07,03,,,,,,,,,1.40,0.74,1.19,4*0E
$GPGSV,4,1,13,06,01,327,,29,56,203,39.3,24,71,061,,26,54,077,,1*7E
$GPGSV,4,2,13,21,51,314,39.3,18,35,257,,10,26,056,,27,12,069,39.7,1*65
$GPGSV,4,3,13,16,07,300,39.6,22,04,248,,08,02,043,,02,01,113,,1*77
$GPGSV,4,4,13,15,64,114,,1*54
$GLGSV,2,1,06,85,17,325,,68,38,065,,79,36,146,,83,15,216,39.6,1*64
$GLGSV,2,2,06,70,10,291,39.4,67,05,089,40.0,1*7D
$GAGSV,1,1,00,7*73
$GBGSV,3,1,12,09,04,184,,01,38,147,,08,32,169,,02,30,229,,1*70
$GBGSV,3,2,12,10,27,215,,04,27,125,38.9,06,25,167,,05,16,249,38.8,1*7C
$GBGSV,3,3,12,07,12,191,39.4,11,05,033,,13,04,033,,03,45,191,39.1,1*75
$GNRMC,204635.000,A,3900.0012,N,11613.9795,E,0.00,335.56,280612,,,A,V*0A
$GNVTG,335.56,T,,M,0.00,N,0.01,K,A*24
$GNZDA,204635.000,28,06,2012,,*43
$GNGGA,204636.000,3900.0012,N,11613.9795,E,1,11,0.74,-12.8,M,-6.8,M,,*7E
$PAIRACC,3.63,9.77*44
$GNGLL,3900.0012,N,11613.9795,E,204636.000,A,A*4D
$GNGSA,A,3,29,21,27,16,,,,,,,,,1.40,0.74,1.19,1*04
$GNGSA,A,3,83,70,67,,,,,,,,,,1.40,0.74,1.19,2*00
$GNGSA,A,3,,,,,,,,,,,,,1.40,0.74,1.19,3*0C
$GNGSA,A,3,04,05,07,03,,,,,,,,,1.40,0.74,1.19,4*0E
$GPGSV,4,1,13,06,01,327,,29,56,203,39.6,24,71,061,,26,54,077,,1*7B
$GPGSV,4,2,13,21,51,314,39.0,18,35,257,,10,26,056,,27,12,069,39.8,1*69
$GPGSV,4,3,13,16,07,300,39.6,22,04,248,,08,02,043,,02,01,113,,1*77
$GPGSV,4,4,13,15,64,114,,1*54
$GLGSV,2,1,06,85,17,325,,68,38,065,,79,36,146,,83,15,216,39.9,1*6B
$GLGSV,2,2,06,70,10,291,40.0,67,05,089,40.1,1*76
$GAGSV,1,1,00,7*73
$GBGSV,3,1,12,09,04,184,,01,38,147,,08,32,169,,02,30,229,,1*70
$GBGSV,3,2,12,10,27,215,,04,27,125,38.6,06,25,167,,05,16,249,38.4,1*7F
$GBGSV,3,3,12,07,12,191,39.9,11,05,033,,13,04,033,,03,45,191,38.7,1*7F
$GNRMC,204636.000,A,3900.0012,N,11613.9795,E,0.00,340.31,280612,,,A,V*0A
$GNVTG,340.31,T,,M,0.00,N,0.01,K,A*27
$GNZDA,204636.000,28,06,2012,,*40
$GNGGA,204637.000,3900.0012,N,11613.9795,E,1,11,0.74,-12.8,M,-6.8,M,,*7F
$PAIRACC,3.73,10.09*74
$GNGLL,3900.0012,N,11613.9795,E,204637.000,A,A*4C
$GNGSA,A,3,29,21,27,16,,,,,,,,,1.40,0.74,1.19,1*04
$GNGSA,A,3,83,70,67,,,,,,,,,,1.40,0.74,1.19,2*00
$GNGSA,A,3,,,,,,,,,,,,,1.40,0.74,1.19,3*0C
$GNGSA,A,3,04,05,07,03,,,,,,,,,1.40,0.74,1.19,4*0E
$GPGSV,4,1,13,06,01,327,,29,56,203,39.0,24,71,061,,26,54,077,,1*7D
$GPGSV,4,2,13,21,51,314,39.5,18,35,257,,10,26,056,,27,12,069,39.6,1*62
$GPGSV,4,3,13,16,07,300,39.6,22,04,248,,08,02,043,,02,01,113,,1*77
$GPGSV,4,4,13,15,64,114,,1*54
$GLGSV,2,1,06,85,17,325,,68,38,065,,79,36,146,,83,15,216,39.9,1*6B
$GLGSV,2,2,06,70,10,291,40.0,67,05,089,40.2,1*75
$GAGSV,1,1,00,7*73
$GBGSV,3,1,12,09,04,184,,01,38,147,,08,33,169,,02,30,229,,1*71
$GBGSV,3,2,12,10,27,215,,04,27,125,38.5,06,25,167,,05,16,249,38.5,1*7D
$GBGSV,3,3,12,07,12,191,38.4,11,05,033,,13,04,033,,03,45,191,38.5,1*71
$GNRMC,204637.000,A,3900.0012,N,11613.9795,E,0.00,349.48,280612,,,A,V*0C
$GNVTG,349.48,T,,M,0.00,N,0.01,K,A*20
$GNZDA,204637.000,28,06,2012,,*41
$GNGGA,204638.000,3900.0012,N,11613.9795,E,1,11,0.74,-12.8,M,-6.8,M,,*70
$PAIRACC,3.67,9.96*4F
$GNGLL,3900.0012,N,11613.9795,E,204638.000,A,A*43
$GNGSA,A,3,29,21,27,16,,,,,,,,,1.40,0.74,1.19,1*04
$GNGSA,A,3,83,70,67,,,,,,,,,,1.40,0.74,1.19,2*00
$GNGSA,A,3,,,,,,,,,,,,,1.40,0.74,1.19,3*0C
$GNGSA,A,3,04,05,07,03,,,,,,,,,1.40,0.74,1.19,4*0E
$GPGSV,4,1,13,06,01,327,,29,56,203,39.5,24,71,061,,26,54,077,,1*78
$GPGSV,4,2,13,21,51,314,39.3,18,35,257,,10,26,056,,27,12,069,39.6,1*64
$GPGSV,4,3,13,16,07,300,39.6,22,04,248,,08,02,043,,02,01,113,,1*77
$GPGSV,4,4,13,15,64,114,,1*54
$GLGSV,2,1,06,85,17,325,,68,38,065,,79,36,146,,83,15,216,40.1,1*6D
$GLGSV,2,2,06,70,10,291,39.8,67,05,089,39.9,1*76
$GAGSV,1,1,00,7*73
$GBGSV,3,1,12,13,04,033,,01,38,147,,08,33,169,,02,30,229,,1*77
$GBGSV,3,2,12,10,27,215,,04,27,125,39.1,06,25,167,,05,16,249,39.0,1*7C
$GBGSV,3,3,12,07,12,191,39.0,11,05,033,,09,05,184,,03,45,191,39.0,1*77
$GNRMC,204638.000,A,3900.0012,N,11613.9795,E,0.00,350.74,280612,,,A,V*04
$GNVTG,350.74,T,,M,0.00,N,0.01,K,A*27
$GNZDA,204638.000,28,06,2012,,*4E
$GNGGA,204639.000,3900.0012,N,11613.9795,E,1,11,0.74,-12.8,M,-6.8,M,,*71
$PAIRACC,3.73,10.10*7C
$GNGLL,3900.0012,N,11613.9795,E,204639.000,A,A*42
$GNGSA,A,3,29,21,27,16,,,,,,,,,1.40,0.74,1.19,1*04
$GNGSA,A,3,83,70,67,,,,,,,,,,1.40,0.74,1.19,2*00
$GNGSA,A,3,,,,,,,,,,,,,1.40,0.74,1.19,3*0C
$GNGSA,A,3,04,05,07,03,,,,,,,,,1.40,0.74,1.19,4*0E
$GPGSV,4,1,13,06,01,327,,29,56,203,39.5,24,71,061,,26,54,077,,1*78
$GPGSV,4,2,13,21,51,314,39.3,18,35,257,,10,26,056,,27,12,069,39.4,1*66
$GPGSV,4,3,13,16,07,300,39.6,22,04,248,,08,02,043,,02,01,113,,1*77
$GPGSV,4,4,13,15,64,114,,1*54
$GLGSV,2,1,06,85,17,325,,68,38,065,,79,36,146,,83,15,216,39.9,1*6B
$GLGSV,2,2,06,70,10,291,40.0,67,05,089,39.8,1*71
$GAGSV,1,1,00,7*73
$GBGSV,3,1,12,13,04,033,,01,38,147,,08,33,169,,02,30,229,,1*77
$GBGSV,3,2,12,04,27,125,38.7,10,26,215,,06,25,167,,05,16,249,38.3,1*78
$GBGSV,3,3,12,07,12,191,39.6,11,05,033,,09,05,184,,03,45,191,38.5,1*75
$GNRMC,204639.000,A,3900.0012,N,11613.9795,E,0.00,12.47,280612,,,A,V*30
$GNVTG,12.47,T,,M,0.00,N,0.01,K,A*12
$GNZDA,204639.000,28,06,2012,,*4F
$GNGGA,204640.000,3900.0012,N,11613.9795,E,1,11,0.74,-12.8,M,-6.8,M,,*7F
$PAIRACC,3.67,9.96*4F
$GNGLL,3900.0012,N,11613.9795,E,204640.000,A,A*4C
$GNGSA,A,3,29,21,27,16,,,,,,,,,1.40,0.74,1.19,1*04
$GNGSA,A,3,83,70,67,,,,,,,,,,1.40,0.74,1.19,2*00
$GNGSA,A,3,,,,,,,,,,,,,1.40,0.74,1.19,3*0C
$GNGSA,A,3,04,05,07,03,,,,,,,,,1.40,0.74,1.19,4*0E
$GPGSV,4,1,13,06,01,327,,29,56,203,39.9,24,71,061,,26,54,077,,1*74
$GPGSV,4,2,13,21,51,314,39.5,18,35,257,,10,26,056,,27,12,069,39.8,1*6C
$GPGSV,4,3,13,16,07,300,39.6,22,04,248,,08,02,043,,02,01,113,,1*77
$GPGSV,4,4,13,15,64,114,,1*54
$GLGSV,2,1,06,85,17,325,,68,38,065,,79,36,146,,83,15,216,40.0,1*6C
$GLGSV,2,2,06,70,10,291,40.2,67,05,089,40.2,1*77
$GAGSV,1,1,00,7*73
$GBGSV,3,1,12,11,04,032,,01,38,147,,08,33,169,,02,30,229,,1*74
$GBGSV,3,2,12,04,27,125,38.9,10,26,215,,06,25,167,,05,16,249,38.2,1*77
$GBGSV,3,3,12,07,12,191,39.0,09,05,184,,13,04,033,,03,45,191,38.5,1*70
$GNRMC,204640.000,A,3900.0012,N,11613.9795,E,0.00,358.19,280612,,,A,V*08
$GNVTG,358.19,T,,M,0.00,N,0.01,K,A*24
$GNZDA,204640.000,28,06,2012,,*41
$GNGGA,204641.000,3900.0012,N,11613.9795,E,1,11,0.74,-12.8,M,-6.8,M,,*7E
$PAIRACC,3.68,10.12*74
$GNGLL,3900.0012,N,11613.9795,E,204641.000,A,A*4D
$GNGSA,A,3,29,21,27,16,,,,,,,,,1.40,0.74,1.19,1*04
$GNGSA,A,3,83,70,67,,,,,,,,,,1.40,0.74,1.19,2*00
$GNGSA,A,3,,,,,,,,,,,,,1.40,0.74,1.19,3*0C
$GNGSA,A,3,04,05,07,03,,,,,,,,,1.40,0.74,1.19,4*0E
$GPGSV,4,1,13,06,01,327,,29,56,203,39.6,24,71,061,,26,54,077,,1*7B
$GPGSV,4,2,13,21,51,314,39.0,18,35,257,,10,26,056,,27,12,069,39.6,1*67
$GPGSV,4,3,13,16,07,300,39.6,22,04,248,,08,02,043,,02,01,113,,1*77
$GPGSV,4,4,13,15,64,114,,1*54
$GLGSV,2,1,06,85,17,325,,68,38,065,,79,36,146,,83,15,216,39.6,1*64
$GLGSV,2,2,06,70,10,291,39.6,67,05,089,39.6,1*77
$GAGSV,1,1,00,7*73
$GBGSV,3,1,12,11,04,032,,01,38,147,,08,33,169,,02,30,229,,1*74
$GBGSV,3,2,12,04,27,125,38.8,10,26,215,,06,25,167,,05,16,249,38.7,1*73
$GBGSV,3,3,12,07,12,191,39.1,09,05,184,,13,04,033,,03,45,191,38.7,1*73
$GNRMC,204641.000,A,3900.0012,N,11613.9795,E,0.00,356.42,280612,,,A,V*09
$GNVTG,356.42,T,,M,0.00,N,0.01,K,A*24
$GNZDA,204641.000,28,06,2012,,*40
$GNGGA,204642.000,3900.0012,N,11613.9795,E,1,11,0.74,-12.8,M,-6.8,M,,*7D
$PAIRACC,3.61,9.69*49
$GNGLL,3900.0012,N,11613.9795,E,204642.000,A,A*4E
$GNGSA,A,3,29,21,27,16,,,,,,,,,1.40,0.74,1.19,1*04
$GNGSA,A,3,83,70,67,,,,,,,,,,1.40,0.74,1.19,2*00
$GNGSA,A,3,,,,,,,,,,,,,1.40,0.74,1.19,3*0C
$GNGSA,A,3,04,05,07,03,,,,,,,,,1.40,0.74,1.19,4*0E
$GPGSV,4,1,13,06,01,327,,29,56,203,39.9,24,71,061,,26,54,077,,1*74
$GPGSV,4,2,13,21,51,314,39.4,18,35,257,,10,26,056,,27,12,069,39.7,1*62
$GPGSV,4,3,13,16,07,300,39.3,22,04,248,,08,02,043,,02,01,113,,1*72
$GPGSV,4,4,13,15,64,114,,1*54
$GLGSV,2,1,06,85,17,325,,68,38,065,,79,36,146,,83,15,216,40.1,1*6D
$GLGSV,2,2,06,70,10,291,39.9,67,05,089,40.2,1*72
$GAGSV,1,1,00,7*73
$GBGSV,3,1,12,13,03,032,,01,38,147,,08,33,169,,02,30,229,,1*71
$GBGSV,3,2,12,04,27,125,38.6,10,26,215,,06,25,167,,05,16,249,38.3,1*79
$GBGSV,3,3,12,07,12,191,39.2,09,05,184,,11,04,032,,03,45,191,38.6,1*72
$GNRMC,204642.000,A,3900.0012,N,11613.9795,E,0.00,359.92,280612,,,A,V*08
$GNVTG,359.92,T,,M,0.00,N,0.01,K,A*26
$GNZDA,204642.000,28,06,2012,,*43
$GNGGA,204643.000,3900.0012,N,11613.9795,E,1,11,0.74,-12.8,M,-6.8,M,,*7C
$PAIRACC,3.62,9.70*42
$GNGLL,3900.0012,N,11613.9795,E,204643.000,A,A*4F
$GNGSA,A,3,29,21,27,16,,,,,,,,,1.40,0.74,1.19,1*04
$GNGSA,A,3,83,70,67,,,,,,,,,,1.40,0.74,1.19,2*00
$GNGSA,A,3,,,,,,,,,,,,,1.40,0.74,1.19,3*0C
$GNGSA,A,3,04,05,07,03,,,,,,,,,1.40,0.74,1.19,4*0E
$GPGSV,4,1,13,06,01,327,,29,56,203,39.7,24,71,061,,26,54,077,,1*7A
$GPGSV,4,2,13,21,51,314,39.6,18,35,257,,10,26,056,,27,12,069,39.4,1*63
$GPGSV,4,3,13,16,07,300,39.6,22,04,248,,08,02,043,,02,01,113,,1*77
$GPGSV,4,4,13,15,64,114,,1*54
$GLGSV,2,1,06,85,17,325,,68,38,065,,79,36,146,,83,15,216,39.6,1*64
$GLGSV,2,2,06,70,10,291,40.2,67,05,089,40.4,1*71
$GAGSV,1,1,00,7*73
$GBGSV,3,1,12,13,03,032,,01,38,147,,08,33,169,,02,30,229,,1*71
$GBGSV,3,2,12,04,27,125,38.8,10,26,215,,06,25,167,,05,16,249,38.0,1*74
$GBGSV,3,3,12,07,12,191,39.5,09,05,184,,11,04,032,,03,45,191,38.8,1*7B
$GNRMC,204643.000,A,3900.0012,N,11613.9795,E,0.00,3.72,280612,,,A,V*0B
$GNVTG,3.72,T,,M,0.00,N,0.01,K,A*24
$GNZDA,204643.000,28,06,2012,,*42
$GNGGA,204644.000,3900.0012,N,11613.9795,E,1,11,0.74,-12.8,M,-6.8,M,,*7B
$PAIRACC,3.68,9.75*4D
$GNGLL,3900.0012,N,11613.9795,E,204644.000,A,A*48
$GNGSA,A,3,29,21,27,16,,,,,,,,,1.40,0.74,1.19,1*04
$GNGSA,A,3,83,70,67,,,,,,,,,,1.40,0.74,1.19,2*00
$GNGSA,A,3,,,,,,,,,,,,,1.40,0.74,1.19,3*0C
$GNGSA,A,3,04,05,07,03,,,,,,,,,1.40,0.74,1.19,4*0E
$GPGSV,4,1,13,06,01,327,,29,56,203,39.9,24,71,061,,26,54,077,,1*74
$GPGSV,4,2,13,21,51,314,39.4,18,35,257,,10,26,056,,27,12,069,39.0,1*65
$GPGSV,4,3,13,16,07,300,39.9,22,04,248,,08,02,043,,02,01,113,,1*78
$GPGSV,4,4,13,15,64,114,,1*54
$GLGSV,2,1,06,85,17,325,,68,38,065,,79,36,146,,83,15,216,39.5,1*67
$GLGSV,2,2,06,70,10,291,40.2,67,05,089,39.9,1*72
$GAGSV,1,1,00,7*73
$GBGSV,3,1,12,13,03,032,,01,38,147,,08,33,169,,02,30,229,,1*71
$GBGSV,3,2,12,04,27,125,38.6,10,26,215,,06,25,167,,05,16,249,38.6,1*7C
$GBGSV,3,3,12,07,12,191,38.6,09,05,184,,11,04,032,,03,45,191,39.2,1*72
$GNRMC,204644.000,A,3900.0012,N,11613.9795,E,0.00,4.27,280612,,,A,V*0B
$GNVTG,4.27,T,,M,0.00,N,0.01,K,A*23
$GNZDA,204644.000,28,06,2012,,*45
$GNGGA,204645.000,3900.0012,N,11613.9795,E,1,11,0.74,-12.8,M,-6.8,M,,*7A
$PAIRACC,3.68,9.80*47
$GNGLL,3900.0012,N,11613.9795,E,204645.000,A,A*49
$GNGSA,A,3,29,21,27,16,,,,,,,,,1.40,0.74,1.19,1*04
$GNGSA,A,3,83,70,67,,,,,,,,,,1.40,0.74,1.19,2*00
$GNGSA,A,3,,,,,,,,,,,,,1.40,0.74,1.19,3*0C
$GNGSA,A,3,04,05,07,03,,,,,,,,,1.40,0.74,1.19,4*0E
$GPGSV,4,1,13,06,01,327,,29,56,203,40.0,24,71,061,,26,54,077,,1*73
$GPGSV,4,2,13,21,51,314,39.4,18,35,257,,10,26,056,,27,12,069,39.6,1*63
$GPGSV,4,3,13,16,07,300,39.7,22,04,248,,08,02,043,,02,01,113,,1*76
$GPGSV,4,4,13,15,64,114,,1*54
$GLGSV,2,1,06,85,17,325,,68,38,065,,79,36,146,,83,15,216,39.8,1*6A
$GLGSV,2,2,06,70,10,291,39.7,67,05,089,40.2,1*7C
$GAGSV,1,1,00,7*73
$GBGSV,3,1,12,13,03,032,,01,38,147,,08,33,169,,02,30,229,,1*71
$GBGSV,3,2,12,04,27,125,38.7,10,26,215,,06,25,167,,05,16,249,38.4,1*7F
$GBGSV,3,3,12,07,12,191,17.5,09,05,184,,11,04,032,,03,45,191,38.6,1*79
$GNRMC,204645.000,A,3900.0012,N,11613.9795,E,0.00,23.80,280612,,,A,V*32
$GNVTG,23.80,T,,M,0.00,N,0.01,K,A*1B
$GNZDA,204645.000,28,06,2012,,*44
$GNGGA,204646.000,3900.0012,N,11613.9795,E,1,11,0.74,-12.8,M,-6.8,M,,*79
$PAIRACC,3.74,9.94*4F
$GNGLL,3900.0012,N,11613.9795,E,204646.000,A,A*4A
$GNGSA,A,3,29,21,27,16,,,,,,,,,1.40,0.74,1.19,1*04
$GNGSA,A,3,83,70,67,,,,,,,,,,1.40,0.74,1.19,2*00
$GNGSA,A,3,,,,,,,,,,,,,1.40,0.74,1.19,3*0C
$GNGSA,A,3,04,05,07,03,,,,,,,,,1.40,0.74,1.19,4*0E
$GPGSV,4,1,13,06,01,327,,29,56,203,39.3,24,71,061,,26,54,077,,1*7E
$GPGSV,4,2,13,21,51,314,39.3,18,35,257,,10,26,056,,27,12,069,39.5,1*67
$GPGSV,4,3,13,16,07,300,39.7,22,04,248,,08,02,043,,02,01,113,,1*76
$GPGSV,4,4,13,15,64,114,,1*54
$GLGSV,2,1,06,85,17,325,,68,38,065,,79,36,146,,83,15,216,39.7,1*65
$GLGSV,2,2,06,70,10,291,39.9,67,05,089,39.8,1*76
$GAGSV,1,1,00,7*73
$GBGSV,3,1,12,13,03,032,,01,38,147,,08,33,169,,02,30,229,,1*71
$GBGSV,3,2,12,04,27,125,38.5,10,26,215,,06,25,167,,05,16,249,38.1,1*78
$GBGSV,3,3,12,07,12,191,13.0,09,05,184,,11,04,032,,03,45,191,38.5,1*7B
$GNRMC,204646.000,A,3900.0012,N,11613.9795,E,0.00,11.81,280612,,,A,V*31
$GNVTG,11.81,T,,M,0.00,N,0.01,K,A*1B
$GNZDA,204646.000,28,06,2012,,*47
$GNGGA,204647.000,3900.0012,N,11613.9795,E,1,11,0.74,-12.8,M,-6.8,M,,*78
$PAIRACC,3.82,10.24*75
$GNGLL,3900.0012,N,11613.9795,E,204647.000,A,A*4B
$GNGSA,A,3,29,21,27,16,,,,,,,,,1.40,0.74,1.19,1*04
$GNGSA,A,3,83,70,67,,,,,,,,,,1.40,0.74,1.19,2*00
$GNGSA,A,3,,,,,,,,,,,,,1.40,0.74,1.19,3*0C
$GNGSA,A,3,04,05,07,03,,,,,,,,,1.40,0.74,1.19,4*0E
$GPGSV,4,1,13,06,01,327,,29,56,203,39.5,24,71,061,,26,54,077,,1*78
$GPGSV,4,2,13,21,51,314,39.1,18,35,257,,10,26,056,,27,12,069,39.3,1*63
$GPGSV,4,3,13,16,07,300,39.5,22,04,248,,08,02,043,,02,01,113,,1*74
$GPGSV,4,4,13,15,64,114,,1*54
$GLGSV,2,1,06,85,17,325,,68,38,065,,79,36,146,,83,15,216,39.7,1*65
$GLGSV,2,2,06,70,10,291,39.5,67,05,089,39.7,1*75
$GAGSV,1,1,00,7*73
$GBGSV,3,1,12,13,03,032,,01,38,147,,08,33,169,,02,30,229,,1*71
$GBGSV,3,2,12,04,27,125,39.0,10,26,215,,06,25,167,,05,16,249,38.7,1*7A
$GBGSV,3,3,12,07,12,191,10.3,09,05,184,,11,04,032,,03,45,191,39.0,1*7F
$GNRMC,204647.000,A,3900.0012,N,11613.9795,E,0.00,25.68,280612,,,A,V*30
$GNVTG,25.68,T,,M,0.00,N,0.01,K,A*1B
$GNZDA,204647.000,28,06,2012,,*46
$GNGGA,204648.000,3900.0012,N,11613.9795,E,1,10,0.84,-12.8,M,-6.8,M,,*79
$PAIRACC,3.79,10.02*75
$GNGLL,3900.0012,N,11613.9795,E,204648.000,A,A*44
$GNGSA,A,3,29,21,27,16,,,,,,,,,1.52,0.84,1.27,1*05
$GNGSA,A,3,83,70,67,,,,,,,,,,1.52,0.84,1.27,2*01
$GNGSA,A,3,,,,,,,,,,,,,1.52,0.84,1.27,3*0D
$GNGSA,A,3,04,05,03,,,,,,,,,,1.52,0.84,1.27,4*08
$GPGSV,4,1,13,06,01,327,,29,56,203,39.5,24,71,061,,26,54,077,,1*78
$GPGSV,4,2,13,21,51,314,39.7,18,35,257,,10,26,056,,27,12,069,39.7,1*61
$GPGSV,4,3,13,16,07,300,39.5,22,04,248,,08,02,043,,02,01,113,,1*74
$GPGSV,4,4,13,15,64,114,,1*54
$GLGSV,2,1,06,85,17,325,,68,38,065,,79,36,146,,83,15,216,39.8,1*6A
$GLGSV,2,2,06,70,10,291,39.9,67,05,089,40.0,1*70
$GAGSV,1,1,00,7*73
$GBGSV,3,1,12,13,03,032,,01,38,147,,08,33,169,,02,30,229,,1*71
$GBGSV,3,2,12,04,27,125,39.2,10,26,215,,06,25,167,,05,16,249,38.6,1*79
$GBGSV,3,3,12,07,12,191,07.1,09,05,184,,11,04,032,,03,45,191,38.8,1*72
$GNRMC,204648.000,A,3900.0012,N,11613.9795,E,0.00,15.04,280612,,,A,V*36
$GNVTG,15.04,T,,M,0.00,N,0.01,K,A*12
$GNZDA,204648.000,28,06,2012,,*49
$GNGGA,204649.000,3900.0012,N,11613.9795,E,1,10,0.84,-12.8,M,-6.8,M,,*78
$PAIRACC,3.87,10.55*76
$GNGLL,3900.0012,N,11613.9795,E,204649.000,A,A*45
$GNGSA,A,3,29,21,27,16,,,,,,,,,1.52,0.84,1.27,1*05
$GNGSA,A,3,83,70,67,,,,,,,,,,1.52,0.84,1.27,2*01
$GNGSA,A,3,,,,,,,,,,,,,1.52,0.84,1.27,3*0D
$GNGSA,A,3,04,05,03,,,,,,,,,,1.52,0.84,1.27,4*08
$GPGSV,4,1,13,02,01,113,,29,56,203,39.2,24,71,061,,26,54,077,,1*7E
$GPGSV,4,2,13,21,51,314,39.1,18,35,257,,10,26,056,,27,12,069,39.7,1*67
$GPGSV,4,3,13,16,07,300,39.3,22,04,248,,08,02,043,,06,01,327,,1*73
$GPGSV,4,4,13,15,64,114,,1*54
$GLGSV,2,1,06,85,17,325,,68,38,065,,79,36,146,,83,15,216,39.6,1*64
$GLGSV,2,2,06,70,10,291,39.7,67,05,089,39.7,1*77
$GAGSV,1,1,00,7*73
$GBGSV,3,1,11,13,03,032,,08,33,169,,02,30,229,,04,27,125,38.8,1*60
$GBGSV,3,2,11,10,26,215,,06,25,167,,05,16,249,38.5,07,12,191,07.4,1*78
$GBGSV,3,3,11,09,05,184,39.0,11,04,032,,03,45,191,38.7,1*4F
$GNRMC,204649.000,A,3900.0012,N,11613.9795,E,0.00,12.29,280612,,,A,V*3F
$GNVTG,12.29,T,,M,0.00,N,0.01,K,A*1A
$GNZDA,204649.000,28,06,2012,,*48
$GNGGA,204650.000,3900.0012,N,11613.9795,E,1,10,0.84,-12.8,M,-6.8,M,,*70
$PAIRACC,3.79,10.02*75
$GNGLL,3900.0012,N,11613.9795,E,204650.000,A,A*4D
$GNGSA,A,3,29,21,27,16,,,,,,,,,1.52,0.84,1.27,1*05
$GNGSA,A,3,83,70,67,,,,,,,,,,1.52,0.84,1.27,2*01
$GNGSA,A,3,,,,,,,,,,,,,1.52,0.84,1.27,3*0D
$GNGSA,A,3,04,05,03,,,,,,,,,,1.52,0.84,1.27,4*08
$GPGSV,4,1,13,02,01,113,,24,71,061,,29,56,203,40.0,26,54,077,,1*72
$GPGSV,4,2,13,21,51,314,39.3,18,35,257,,10,26,056,,27,12,069,39.6,1*64
$GPGSV,4,3,13,16,07,300,39.8,22,04,248,,08,02,043,,06,01,327,,1*78
$GPGSV,4,4,13,15,64,114,,1*54
$GLGSV,2,1,06,79,36,146,,68,38,065,,85,17,325,,83,15,216,39.9,1*6B
$GLGSV,2,2,06,70,10,291,39.8,67,05,089,40.6,1*77
$GAGSV,1,1,00,7*73
$GBGSV,3,1,09,13,03,032,,04,27,125,38.8,10,26,215,,06,25,167,,1*65
$GBGSV,3,2,09,05,16,249,39.0,07,12,191,,09,05,184,39.3,11,04,032,,1*79
$GBGSV,3,3,09,03,45,191,39.0,1*50
$GNRMC,204650.000,A,3900.0012,N,11613.9795,E,0.00,15.23,280612,,,A,V*3A
$GNVTG,15.23,T,,M,0.00,N,0.01,K,A*17
$GNZDA,204650.000,28,06,2012,,*40
$GNGGA,204651.000,3900.0012,N,11613.9795,E,1,10,0.84,-12.8,M,-6.8,M,,*71
$PAIRACC,3.93,10.60*75
$GNGLL,3900.0012,N,11613.9795,E,204651.000,A,A*4C
$GNGSA,A,3,29,21,27,16,,,,,,,,,1.52,0.84,1.27,1*05
$GNGSA,A,3,83,70,67,,,,,,,,,,1.52,0.84,1.27,2*01
$GNGSA,A,3,,,,,,,,,,,,,1.52,0.84,1.27,3*0D
$GNGSA,A,3,04,05,03,,,,,,,,,,1.52,0.84,1.27,4*08
$GPGSV,4,1,13,02,01,113,,24,71,061,,29,56,203,39.5,26,54,077,,1*79
$GPGSV,4,2,13,21,51,314,39.4,18,35,257,,10,26,056,,27,12,069,39.5,1*60
$GPGSV,4,3,13,16,07,300,39.1,22,04,248,,08,02,043,,06,01,327,,1*71
$GPGSV,4,4,13,15,64,114,,1*54
$GLGSV,2,1,06,79,36,146,,68,38,065,,85,17,325,,83,15,216,39.5,1*67
$GLGSV,2,2,06,70,10,291,39.8,67,05,089,40.4,1*75
$GAGSV,1,1,00,7*73
$GBGSV,3,1,09,13,03,032,,04,27,125,39.0,10,26,215,,06,25,167,,1*6C
$GBGSV,3,2,09,05,16,249,38.7,07,12,191,,09,05,184,39.2,11,04,032,,1*7E
$GBGSV,3,3,09,03,45,191,38.6,1*57
$GNRMC,204651.000,A,3900.0012,N,11613.9795,E,0.00,24.03,280612,,,A,V*3B
$GNVTG,24.03,T,,M,0.00,N,0.01,K,A*17
$GNZDA,204651.000,28,06,2012,,*41
$GNGGA,204652.000,3900.0012,N,11613.9795,E,1,10,0.84,-12.8,M,-6.8,M,,*72
$PAIRACC,3.78,9.97*40
$GNGLL,3900.0012,N,11613.9795,E,204652.000,A,A*4F
$GNGSA,A,3,29,21,27,16,,,,,,,,,1.52,0.84,1.27,1*05
$GNGSA,A,3,83,70,67,,,,,,,,,,1.52,0.84,1.27,2*01
$GNGSA,A,3,,,,,,,,,,,,,1.52,0.84,1.27,3*0D
$GNGSA,A,3,04,05,03,,,,,,,,,,1.52,0.84,1.27,4*08
$GPGSV,4,1,13,06,01,327,,15,64,114,,29,56,203,39.8,26,54,077,,1*70
$GPGSV,4,2,13,21,51,314,39.7,18,35,257,,10,26,056,,27,12,069,39.5,1*63
$GPGSV,4,3,13,16,07,300,39.8,22,04,248,,08,02,043,,02,01,113,,1*79
$GPGSV,4,4,13,24,71,061,,1*51
$GLGSV,2,1,06,68,38,065,,79,36,146,,85,17,325,,83,15,216,39.9,1*6B
$GLGSV,2,2,06,70,10,291,40.1,67,05,089,40.1,1*77
$GAGSV,1,1,00,7*73
$GBGSV,2,1,08,13,03,032,,04,27,125,39.2,06,25,167,,05,16,249,38.7,1*72
$GBGSV,2,2,08,07,12,191,,09,05,184,39.4,11,04,032,,03,45,191,38.7,1*7E
$GNRMC,204652.000,A,3900.0012,N,11613.9795,E,0.00,8.65,280612,,,A,V*06
$GNVTG,8.65,T,,M,0.00,N,0.01,K,A*29
$GNZDA,204652.000,28,06,2012,,*42
$GNGGA,204653.000,3900.0012,N,11613.9795,E,1,10,0.84,-12.8,M,-6.8,M,,*73
$PAIRACC,3.88,10.58*74
$GNGLL,3900.0012,N,11613.9795,E,204653.000,A,A*4E
$GNGSA,A,3,29,21,27,16,,,,,,,,,1.52,0.84,1.27,1*05
$GNGSA,A,3,83,70,67,,,,,,,,,,1.52,0.84,1.27,2*01
$GNGSA,A,3,,,,,,,,,,,,,1.52,0.84,1.27,3*0D
$GNGSA,A,3,04,05,03,,,,,,,,,,1.52,0.84,1.27,4*08
$GPGSV,4,1,13,06,01,327,,15,64,114,,29,56,203,39.8,26,54,077,,1*70
$GPGSV,4,2,13,21,51,314,39.4,18,35,257,,10,26,056,,27,12,069,39.5,1*60
$GPGSV,4,3,13,16,07,300,39.5,22,04,248,,08,02,043,,02,01,113,,1*74
$GPGSV,4,4,13,24,71,061,,1*51
$GLGSV,2,1,06,68,38,065,,79,36,146,,85,17,325,,83,15,216,39.8,1*6A
$GLGSV,2,2,06,70,10,291,39.5,67,05,089,40.2,1*7E
$GAGSV,1,1,00,7*73
$GBGSV,2,1,08,13,03,032,,04,27,125,38.9,06,25,167,,05,16,249,39.5,1*7B
$GBGSV,2,2,08,07,12,191,,09,05,184,39.5,11,04,032,,03,45,191,39.2,1*7B
$GNRMC,204653.000,A,3900.0012,N,11613.9795,E,0.00,7.69,280612,,,A,V*04
$GNVTG,7.69,T,,M,0.00,N,0.01,K,A*2A
$GNZDA,204653.000,28,06,2012,,*43
$GNGGA,204654.000,3900.0012,N,11613.9795,E,1,10,0.84,-12.8,M,-6.8,M,,*74
$PAIRACC,3.85,10.15*70
$GNGLL,3900.0012,N,11613.9795,E,204654.000,A,A*49
$GNGSA,A,3,29,21,27,16,,,,,,,,,1.52,0.84,1.27,1*05
$GNGSA,A,3,83,70,67,,,,,,,,,,1.52,0.84,1.27,2*01
$GNGSA,A,3,,,,,,,,,,,,,1.52,0.84,1.27,3*0D
$GNGSA,A,3,04,05,03,,,,,,,,,,1.52,0.84,1.27,4*08
$GPGSV,4,1,13,06,01,327,,15,64,114,,29,56,203,39.1,26,54,077,,1*79
$GPGSV,4,2,13,21,51,314,39.0,18,35,257,,10,26,056,,27,12,069,39.8,1*69
$GPGSV,4,3,13,16,07,300,39.7,22,04,248,,08,02,043,,02,01,113,,1*76
$GPGSV,4,4,13,24,71,061,,1*51
$GLGSV,2,1,06,68,38,065,,79,36,146,,85,17,325,,83,15,216,40.0,1*6C
$GLGSV,2,2,06,70,10,291,40.3,67,05,089,40.3,1*77
$GAGSV,1,1,00,7*73
$GBGSV,2,1,08,13,03,032,,04,27,125,38.7,06,25,167,,05,16,249,38.4,1*75
$GBGSV,2,2,08,07,12,191,,09,05,184,39.2,11,04,032,,03,45,191,39.1,1*7F
$GNRMC,204654.000,A,3900.0012,N,11613.9795,E,0.00,8.61,280612,,,A,V*04
$GNVTG,8.61,T,,M,0.00,N,0.01,K,A*2D
$GNZDA,204654.000,28,06,2012,,*44
$GNGGA,204655.000,3900.0012,N,11613.9795,E,1,10,0.84,-12.8,M,-6.8,M,,*75
$PAIRACC,3.82,10.08*7B
$GNGLL,3900.0012,N,11613.9795,E,204655.000,A,A*48
$GNGSA,A,3,29,21,27,16,,,,,,,,,1.52,0.84,1.27,1*05
$GNGSA,A,3,83,70,67,,,,,,,,,,1.52,0.84,1.27,2*01
$GNGSA,A,3,,,,,,,,,,,,,1.52,0.84,1.27,3*0D
$GNGSA,A,3,04,05,03,,,,,,,,,,1.52,0.84,1.27,4*08
$GPGSV,4,1,13,06,01,327,,15,64,114,,29,56,203,39.3,26,54,077,,1*7B
$GPGSV,4,2,13,21,51,314,39.8,18,35,257,,10,26,056,,27,12,069,39.9,1*60
$GPGSV,4,3,13,16,07,300,39.8,22,04,248,,08,02,043,,02,01,113,,1*79
$GPGSV,4,4,13,24,71,061,,1*51
$GLGSV,2,1,06,68,38,065,,79,36,146,,85,17,325,,83,15,216,40.2,1*6E
$GLGSV,2,2,06,70,10,291,39.5,67,05,089,39.8,1*7A
$GAGSV,1,1,00,7*73
$GBGSV,2,1,08,13,03,032,,04,27,125,39.0,06,25,167,,05,16,249,38.6,1*71
$GBGSV,2,2,08,07,12,191,,09,05,184,39.8,11,04,032,,03,45,191,38.9,1*7C
$GNRMC,204655.000,A,3900.0012,N,11613.9795,E,0.00,185.79,280612,,,A,V*08
$GNVTG,185.79,T,,M,0.00,N,0.01,K,A*20
$GNZDA,204655.000,28,06,2012,,*45
$GNGGA,204656.000,3900.0012,N,11613.9795,E,1,10,0.83,-12.8,M,-6.8,M,,*71
$PAIRACC,3.90,10.55*70
$GNGLL,3900.0012,N,11613.9795,E,204656.000,A,A*4B
$GNGSA,A,3,29,21,27,16,,,,,,,,,1.52,0.83,1.27,1*02
$GNGSA,A,3,83,70,67,,,,,,,,,,1.52,0.83,1.27,2*06
$GNGSA,A,3,,,,,,,,,,,,,1.52,0.83,1.27,3*0A
$GNGSA,A,3,04,05,03,,,,,,,,,,1.52,0.83,1.27,4*0F
$GPGSV,4,1,13,06,01,327,,15,64,114,,29,56,203,39.7,26,54,077,,1*7F
$GPGSV,4,2,13,21,51,314,39.3,18,35,257,,10,26,056,,27,12,069,39.7,1*65
$GPGSV,4,3,13,16,07,300,39.7,22,04,248,,08,02,043,,02,01,113,,1*76
$GPGSV,4,4,13,24,71,061,,1*51
$GLGSV,2,1,06,68,38,065,,79,36,146,,85,17,325,,83,15,216,39.9,1*6B
$GLGSV,2,2,06,70,10,291,40.3,67,05,089,40.6,1*72
$GAGSV,1,1,00,7*73
$GBGSV,2,1,08,13,03,032,,04,27,125,39.5,06,25,167,,05,16,249,39.2,1*71
$GBGSV,2,2,08,07,12,191,,09,05,184,39.4,11,04,032,,03,45,191,39.8,1*70
$GNRMC,204656.000,A,3900.0012,N,11613.9795,E,0.00,17.22,280612,,,A,V*3F
$GNVTG,17.22,T,,M,0.00,N,0.01,K,A*14
$GNZDA,204656.000,28,06,2012,,*46
$GNGGA,204657.000,3900.0012,N,11613.9795,E,1,10,0.83,-12.8,M,-6.8,M,,*70
$PAIRACC,3.83,10.09*7B
$GNGLL,3900.0012,N,11613.9795,E,204657.000,A,A*4A
$GNGSA,A,3,29,21,27,16,,,,,,,,,1.52,0.83,1.27,1*02
$GNGSA,A,3,83,70,67,,,,,,,,,,1.52,0.83,1.27,2*06
$GNGSA,A,3,,,,,,,,,,,,,1.52,0.83,1.27,3*0A
$GNGSA,A,3,04,05,03,,,,,,,,,,1.52,0.83,1.27,4*0F
$GPGSV,4,1,13,06,01,327,,15,64,114,,29,56,203,39.6,26,54,077,,1*7E
$GPGSV,4,2,13,21,51,314,39.6,18,35,257,,10,26,056,,27,12,069,39.4,1*63
$GPGSV,4,3,13,16,07,300,39.6,22,04,248,,08,02,043,,02,01,113,,1*77
$GPGSV,4,4,13,24,71,061,,1*51
$GLGSV,2,1,06,68,38,065,,79,36,146,,85,17,325,,83,15,216,39.8,1*6A
$GLGSV,2,2,06,70,10,291,40.1,67,05,089,39.5,1*7D
$GAGSV,1,1,00,7*73
$GBGSV,2,1,08,13,03,032,,04,27,125,39.2,06,25,167,,05,16,249,39.0,1*74
$GBGSV,2,2,08,07,12,191,,09,05,184,39.5,11,04,032,,03,45,191,39.1,1*78
$GNRMC,204657.000,A,3900.0012,N,11613.9795,E,0.00,45.06,280612,,,A,V*3F
$GNVTG,45.06,T,,M,0.00,N,0.01,K,A*15
$GNZDA,204657.000,28,06,2012,,*47
$GNGGA,204658.000,3900.0012,N,11613.9795,E,1,10,0.83,-12.8,M,-6.8,M,,*7F
$PAIRACC,3.90,10.55*70
$GNGLL,3900.0012,N,11613.9795,E,204658.000,A,A*45
$GNGSA,A,3,29,21,27,16,,,,,,,,,1.52,0.83,1.27,1*02
$GNGSA,A,3,83,70,67,,,,,,,,,,1.52,0.83,1.27,2*06
$GNGSA,A,3,,,,,,,,,,,,,1.52,0.83,1.27,3*0A
$GNGSA,A,3,04,05,03,,,,,,,,,,1.52,0.83,1.27,4*0F
$GPGSV,4,1,13,02,01,113,,15,64,114,,29,56,203,39.5,26,54,077,,1*7C
$GPGSV,4,2,13,21,51,314,39.3,18,35,257,,10,26,056,,27,12,069,39.6,1*64
$GPGSV,4,3,13,16,07,300,39.6,22,04,248,,08,02,043,,06,01,327,,1*76
$GPGSV,4,4,13,24,71,061,,1*51
$GLGSV,2,1,06,68,38,065,,79,36,146,,85,17,325,,83,15,216,39.9,1*6B
$GLGSV,2,2,06,70,10,291,40.0,67,05,089,40.2,1*75
$GAGSV,1,1,00,7*73
$GBGSV,2,1,07,07,12,191,,04,27,125,39.8,05,16,249,38.9,03,45,191,39.3,1*69
$GBGSV,2,2,07,09,05,184,40.0,11,04,032,,13,03,032,,1*5F
$GNRMC,204658.000,A,3900.0012,N,11613.9795,E,0.00,17.74,280612,,,A,V*32
$GNVTG,17.74,T,,M,0.00,N,0.01,K,A*17
$GNZDA,204658.000,28,06,2012,,*48
$GNGGA,204659.000,3900.0011,N,11613.9795,E,1,10,0.83,-12.8,M,-6.8,M,,*7D
$PAIRACC,3.83,10.08*7A
$GNGLL,3900.0011,N,11613.9795,E,204659.000,A,A*47
$GNGSA,A,3,29,21,27,16,,,,,,,,,1.52,0.83,1.27,1*02
$GNGSA,A,3,83,70,67,,,,,,,,,,1.52,0.83,1.27,2*06
$GNGSA,A,3,,,,,,,,,,,,,1.52,0.83,1.27,3*0A
$GNGSA,A,3,04,05,03,,,,,,,,,,1.52,0.83,1.27,4*0F
$GPGSV,4,1,13,02,01,113,,15,64,114,,29,56,203,39.5,26,54,077,,1*7C
$GPGSV,4,2,13,21,51,314,39.6,18,35,257,,10,26,056,,27,12,069,39.4,1*63
$GPGSV,4,3,13,16,07,300,39.8,22,04,248,,08,02,043,,06,01,327,,1*78
$GPGSV,4,4,13,24,71,061,,1*51
$GLGSV,2,1,06,68,38,065,,79,36,146,,85,17,325,,83,15,216,40.1,1*6D
$GLGSV,2,2,06,70,10,291,40.0,67,05,089,40.1,1*76
$GAGSV,1,1,00,7*73
$GBGSV,2,1,07,07,12,191,,04,27,125,39.6,05,16,249,39.7,03,45,191,39.4,1*6F
$GBGSV,2,2,07,09,05,184,39.3,11,04,032,,13,03,032,,1*52
$GNRMC,204659.000,A,3900.0011,N,11613.9795,E,0.00,13.08,280612,,,A,V*3F
$GNVTG,13.08,T,,M,0.00,N,0.01,K,A*18
$GNZDA,204659.000,28,06,2012,,*49
$GNGGA,204700.000,3900.0011,N,11613.9795,E,1,10,0.83,-12.8,M,-6.8,M,,*70
$PAIRACC,3.91,10.56*72
$GNGLL,3900.0011,N,11613.9795,E,204700.000,A,A*4A
$GNGSA,A,3,29,21,27,16,,,,,,,,,1.52,0.83,1.27,1*02
$GNGSA,A,3,83,70,67,,,,,,,,,,1.52,0.83,1.27,2*06
$GNGSA,A,3,,,,,,,,,,,,,1.52,0.83,1.27,3*0A
$GNGSA,A,3,04,05,03,,,,,,,,,,1.52,0.83,1.27,4*0F
$GPGSV,4,1,13,02,01,113,,15,64,114,,29,56,203,39.8,26,54,077,,1*71
$GPGSV,4,2,13,21,51,314,39.5,18,35,257,,10,26,056,,27,12,069,39.7,1*63
$GPGSV,4,3,13,16,07,300,40.0,22,04,248,,08,02,043,,06,01,327,,1*7E
$GPGSV,4,4,13,24,71,061,,1*51
$GLGSV,2,1,06,68,38,065,,79,36,146,,85,17,325,,83,15,216,39.4,1*66
$GLGSV,2,2,06,70,10,291,40.4,67,05,089,39.4,1*79
$GAGSV,1,1,00,7*73
$GBGSV,2,1,07,07,12,191,,04,27,125,39.1,05,16,249,39.0,03,45,191,39.0,1*6B
$GBGSV,2,2,07,09,05,184,39.4,11,04,032,,13,03,032,,1*55
$GNRMC,204700.000,A,3900.0011,N,11613.9795,E,0.00,359.96,280612,,,A,V*08
$GNVTG,359.96,T,,M,0.00,N,0.01,K,A*22
$GNZDA,204700.000,28,06,2012,,*44
$GNGGA,204701.000,3900.0011,N,11613.9795,E,1,10,0.83,-12.8,M,-6.8,M,,*71
$PAIRACC,3.83,10.10*73
$GNGLL,3900.0011,N,11613.9795,E,204701.000,A,A*4B
$GNGSA,A,3,29,21,27,16,,,,,,,,,1.52,0.83,1.27,1*02
$GNGSA,A,3,83,70,67,,,,,,,,,,1.52,0.83,1.27,2*06
$GNGSA,A,3,,,,,,,,,,,,,1.52,0.83,1.27,3*0A
$GNGSA,A,3,04,05,03,,,,,,,,,,1.52,0.83,1.27,4*0F
$GPGSV,4,1,13,02,01,113,,15,64,114,,29,56,203,39.8,26,54,077,,1*71
$GPGSV,4,2,13,21,51,314,39.4,18,35,257,,10,26,056,,27,12,069,39.6,1*63
$GPGSV,4,3,13,16,07,300,39.5,22,04,248,,08,02,043,,06,01,327,,1*75
$GPGSV,4,4,13,24,71,061,,1*51
$GLGSV,2,1,06,68,38,065,,79,36,146,,85,17,325,,83,15,216,40.1,1*6D
$GLGSV,2,2,06,70,10,291,40.0,67,05,089,39.9,1*70
$GAGSV,1,1,00,7*73
$GBGSV,2,1,07,07,12,191,,04,27,125,39.6,05,16,249,39.0,03,45,191,38.8,1*65
$GBGSV,2,2,07,09,05,184,39.2,11,04,032,,13,03,032,,1*53
$GNRMC,204701.000,A,3900.0011,N,11613.9795,E,0.00,339.27,280612,,,A,V*05
$GNVTG,339.27,T,,M,0.00,N,0.01,K,A*2E
$GNZDA,204701.000,28,06,2012,,*45
$GNGGA,204702.000,3900.0011,N,11613.9795,E,1,10,0.83,-12.8,M,-6.8,M,,*72
$PAIRACC,3.91,10.56*72
$GNGLL,3900.0011,N,11613.9795,E,204702.000,A,A*48
$GNGSA,A,3,29,21,27,16,,,,,,,,,1.52,0.83,1.27,1*02
$GNGSA,A,3,83,70,67,,,,,,,,,,1.52,0.83,1.27,2*06
$GNGSA,A,3,,,,,,,,,,,,,1.52,0.83,1.27,3*0A
$GNGSA,A,3,04,05,03,,,,,,,,,,1.52,0.83,1.27,4*0F
$GPGSV,4,1,13,02,01,113,,15,64,114,,29,56,203,39.7,26,54,077,,1*7E
$GPGSV,4,2,13,21,51,314,39.5,18,35,257,,10,26,056,,27,12,069,39.7,1*63
$GPGSV,4,3,13,16,07,300,39.7,22,04,248,,08,02,043,,06,01,327,,1*77
$GPGSV,4,4,13,24,71,061,,1*51
$GLGSV,2,1,06,68,38,065,,79,36,146,,85,17,325,,83,15,216,39.9,1*6B
$GLGSV,2,2,06,70,10,291,39.8,67,05,089,40.2,1*73
$GAGSV,1,1,00,7*73
$GBGSV,2,1,07,07,12,191,,04,27,125,39.6,05,16,249,39.1,03,45,191,39.2,1*6F
$GBGSV,2,2,07,09,05,184,39.0,11,04,032,,13,03,032,,1*51
$GNRMC,204702.000,A,3900.0011,N,11613.9795,E,0.00,349.31,280612,,,A,V*06
$GNVTG,349.31,T,,M,0.00,N,0.01,K,A*2E
$GNZDA,204702.000,28,06,2012,,*46
$GNGGA,204703.000,3900.0011,N,11613.9795,E,1,10,0.83,-12.9,M,-6.8,M,,*72
$PAIRACC,3.93,10.16*74
$GNGLL,3900.0011,N,11613.9795,E,204703.000,A,A*49
$GNGSA,A,3,29,21,27,16,,,,,,,,,1.52,0.83,1.27,1*02
$GNGSA,A,3,83,70,67,,,,,,,,,,1.52,0.83,1.27,2*06
$GNGSA,A,3,,,,,,,,,,,,,1.52,0.83,1.27,3*0A
$GNGSA,A,3,04,05,03,,,,,,,,,,1.52,0.83,1.27,4*0F
$GPGSV,4,1,13,02,01,113,,15,64,114,,29,56,203,39.3,26,54,077,,1*7A
$GPGSV,4,2,13,21,51,314,39.3,18,35,257,,10,26,056,,27,12,069,39.5,1*67
$GPGSV,4,3,13,16,07,300,39.2,22,04,248,,08,02,043,,06,01,327,,1*72
$GPGSV,4,4,13,24,71,061,,1*51
$GLGSV,2,1,06,68,38,065,,79,36,146,,85,17,325,,83,15,216,40.2,1*6E
$GLGSV,2,2,06,70,10,291,39.7,67,05,089,39.8,1*78
$GAGSV,1,1,00,7*73
$GBGSV,2,1,07,07,12,191,,04,27,125,39.8,05,16,249,39.1,03,45,191,39.2,1*61
$GBGSV,2,2,07,09,05,184,38.9,11,04,032,,13,03,032,,1*59
$GNRMC,204703.000,A,3900.0011,N,11613.9795,E,0.00,354.22,280612,,,A,V*09
$GNVTG,354.22,T,,M,0.00,N,0.01,K,A*20
$GNZDA,204703.000,28,06,2012,,*47
$GNGGA,204704.000,3900.0011,N,11613.9794,E,1,10,0.83,-12.9,M,-6.8,M,,*74
$PAIRACC,4.01,10.60*79
$GNGLL,3900.0011,N,11613.9794,E,204704.000,A,A*4F
$GNGSA,A,3,29,21,27,16,,,,,,,,,1.52,0.83,1.27,1*02
$GNGSA,A,3,83,70,67,,,,,,,,,,1.52,0.83,1.27,2*06
$GNGSA,A,3,,,,,,,,,,,,,1.52,0.83,1.27,3*0A
$GNGSA,A,3,04,05,03,,,,,,,,,,1.52,0.83,1.27,4*0F
$GPGSV,4,1,13,02,01,113,,15,64,114,,29,56,203,39.8,26,54,077,,1*71
$GPGSV,4,2,13,21,51,314,39.4,18,35,257,,10,26,056,,27,12,069,39.8,1*6D
$GPGSV,4,3,13,16,07,300,39.6,22,04,248,,08,02,043,,06,01,327,,1*76
$GPGSV,4,4,13,24,71,061,,1*51
$GLGSV,2,1,06,68,38,065,,79,36,146,,85,17,325,,83,15,216,39.9,1*6B
$GLGSV,2,2,06,70,10,291,39.7,67,05,089,40.4,1*7A
$GAGSV,1,1,00,7*73
$GBGSV,2,1,07,07,12,191,,04,27,125,39.4,05,16,249,39.1,03,45,191,39.2,1*6D
$GBGSV,2,2,07,09,05,184,39.1,11,04,032,,13,03,032,,1*50
$GNRMC,204704.000,A,3900.0011,N,11613.9794,E,0.00,349.17,280612,,,A,V*05
$GNVTG,349.17,T,,M,0.00,N,0.01,K,A*2A
$GNZDA,204704.000,28,06,2012,,*40
$GNGGA,204705.000,3900.0011,N,11613.9794,E,1,10,0.83,-12.9,M,-6.8,M,,*75
$PAIRACC,3.93,10.15*77
$GNGLL,3900.0011,N,11613.9794,E,204705.000,A,A*4E
$GNGSA,A,3,29,21,27,16,,,,,,,,,1.52,0.83,1.27,1*02
$GNGSA,A,3,83,70,67,,,,,,,,,,1.52,0.83,1.27,2*06
$GNGSA,A,3,,,,,,,,,,,,,1.52,0.83,1.27,3*0A
$GNGSA,A,3,04,05,03,,,,,,,,,,1.52,0.83,1.27,4*0F
$GPGSV,4,1,13,02,01,113,,15,64,114,,29,56,203,39.7,26,54,077,,1*7E
$GPGSV,4,2,13,21,51,314,39.4,18,35,257,,10,26,056,,27,12,069,39.3,1*66
$GPGSV,4,3,13,16,07,300,39.3,22,04,248,,08,02,043,,06,01,327,,1*73
$GPGSV,4,4,13,24,71,061,,1*51
$GLGSV,2,1,06,68,38,065,,79,36,146,,85,17,325,,83,15,216,40.0,1*6C
$GLGSV,2,2,06,70,10,291,40.0,67,05,089,39.7,1*7E
$GAGSV,1,1,00,7*73
$GBGSV,2,1,07,07,12,191,,04,27,125,39.3,05,16,249,39.2,03,45,191,39.0,1*6B
$GBGSV,2,2,07,09,05,184,39.2,11,04,032,,13,03,032,,1*53
$GNRMC,204705.000,A,3900.0011,N,11613.9794,E,0.00,2.52,280612,,,A,V*09
$GNVTG,2.52,T,,M,0.00,N,0.01,K,A*27
$GNZDA,204705.000,28,06,2012,,*41
$GNGGA,204706.000,3900.0011,N,11613.9794,E,1,10,0.83,-12.9,M,-6.8,M,,*76
$PAIRACC,3.88,10.06*7F
$GNGLL,3900.0011,N,11613.9794,E,204706.000,A,A*4D
$GNGSA,A,3,29,21,27,16,,,,,,,,,1.52,0.83,1.27,1*02
$GNGSA,A,3,83,70,67,,,,,,,,,,1.52,0.83,1.27,2*06
$GNGSA,A,3,,,,,,,,,,,,,1.52,0.83,1.27,3*0A
$GNGSA,A,3,04,05,03,,,,,,,,,,1.52,0.83,1.27,4*0F
$GPGSV,4,1,13,02,01,113,,15,64,114,,29,56,203,39.7,26,54,077,,1*7E
$GPGSV,4,2,13,21,51,314,39.3,18,35,257,,10,26,056,,27,12,069,39.6,1*64
$GPGSV,4,3,13,16,07,300,39.7,22,04,248,,08,02,043,,06,01,327,,1*77
$GPGSV,4,4,13,24,71,061,,1*51
$GLGSV,2,1,06,68,38,065,,79,36,146,,85,17,325,,83,15,216,40.0,1*6C
$GLGSV,2,2,06,70,10,291,39.8,67,05,089,40.1,1*70
$GAGSV,1,1,00,7*73
$GBGSV,2,1,07,07,12,191,,04,27,125,39.7,05,16,249,38.8,03,45,191,39.3,1*67
$GBGSV,2,2,07,09,05,184,39.7,11,04,032,,13,03,032,,1*56
$GNRMC,204706.000,A,3900.0011,N,11613.9794,E,0.00,17.03,280612,,,A,V*3A
$GNVTG,17.03,T,,M,0.00,N,0.01,K,A*17
$GNZDA,204706.000,28,06,2012,,*42
$GNGGA,204707.000,3900.0011,N,11613.9794,E,1,10,0.83,-12.9,M,-6.8,M,,*77
$PAIRACC,3.90,10.11*70
$GNGLL,3900.0011,N,11613.9794,E,204707.000,A,A*4C
$GNGSA,A,3,29,21,27,16,,,,,,,,,1.52,0.83,1.27,1*02
$GNGSA,A,3,83,70,67,,,,,,,,,,1.52,0.83,1.27,2*06
$GNGSA,A,3,,,,,,,,,,,,,1.52,0.83,1.27,3*0A
$GNGSA,A,3,04,05,03,,,,,,,,,,1.52,0.83,1.27,4*0F
$GPGSV,4,1,13,02,01,113,,15,64,114,,29,56,203,39.2,26,54,077,,1*7B
$GPGSV,4,2,13,21,51,314,39.8,18,35,257,,10,26,056,,27,12,069,39.2,1*6B
$GPGSV,4,3,13,16,07,300,39.5,22,04,248,,08,02,043,,06,01,327,,1*75
$GPGSV,4,4,13,24,71,061,,1*51
$GLGSV,2,1,06,68,38,065,,79,36,146,,85,17,325,,83,15,216,40.1,1*6D
$GLGSV,2,2,06,70,10,291,39.9,67,05,089,39.9,1*77
$GAGSV,1,1,00,7*73
$GBGSV,2,1,07,07,12,191,,04,27,125,39.6,05,16,249,39.2,03,45,191,39.0,1*6E
$GBGSV,2,2,07,09,05,184,39.4,11,04,032,,13,03,032,,1*55
$GNRMC,204707.000,A,3900.0011,N,11613.9794,E,0.00,29.02,280612,,,A,V*37
$GNVTG,29.02,T,,M,0.00,N,0.01,K,A*1B
$GNZDA,204707.000,28,06,2012,,*43
$GNGGA,204708.000,3900.0011,N,11613.9795,E,1,10,0.83,-12.9,M,-6.8,M,,*79
$PAIRACC,3.98,10.59*74
$GNGLL,3900.0011,N,11613.9795,E,204708.000,A,A*42
$GNGSA,A,3,29,21,27,16,,,,,,,,,1.52,0.83,1.27,1*02
$GNGSA,A,3,83,70,67,,,,,,,,,,1.52,0.83,1.27,2*06
$GNGSA,A,3,,,,,,,,,,,,,1.52,0.83,1.27,3*0A
$GNGSA,A,3,04,05,03,,,,,,,,,,1.52,0.83,1.27,4*0F
$GPGSV,4,1,13,02,01,113,,15,64,114,,29,56,203,39.3,26,54,077,,1*7A
$GPGSV,4,2,13,21,51,314,39.2,18,35,257,,10,26,056,,27,12,069,39.3,1*60
$GPGSV,4,3,13,16,07,300,39.5,22,04,248,,08,02,043,,06,01,327,,1*75
$GPGSV,4,4,13,24,71,061,,1*51
$GLGSV,2,1,06,68,38,065,,79,36,146,,85,17,325,,83,15,216,40.0,1*6C
$GLGSV,2,2,06,70,10,291,39.8,67,05,089,39.9,1*76
$GAGSV,1,1,00,7*73
$GBGSV,2,1,07,07,12,191,,04,27,125,39.7,05,16,249,39.2,03,45,191,39.7,1*68
$GBGSV,2,2,07,09,05,184,38.9,11,04,032,,13,03,032,,1*59
$GNRMC,204708.000,A,3900.0011,N,11613.9795,E,0.00,18.48,280612,,,A,V*35
$GNVTG,18.48,T,,M,0.00,N,0.01,K,A*17
$GNZDA,204708.000,28,06,2012,,*4C
$GNGGA,204709.000,3900.0011,N,11613.9795,E,1,10,0.83,-12.9,M,-6.8,M,,*78
$PAIRACC,3.90,10.11*70
$GNGLL,3900.0011,N,11613.9795,E,204709.000,A,A*43
$GNGSA,A,3,29,21,27,16,,,,,,,,,1.52,0.83,1.27,1*02
$GNGSA,A,3,83,70,67,,,,,,,,,,1.52,0.83,1.27,2*06
$GNGSA,A,3,,,,,,,,,,,,,1.52,0.83,1.27,3*0A
$GNGSA,A,3,04,05,03,,,,,,,,,,1.52,0.83,1.27,4*0F
$GPGSV,4,1,13,02,01,113,,15,64,114,,29,56,203,39.4,26,54,077,,1*7D
$GPGSV,4,2,13,21,51,314,39.4,18,35,257,,10,26,056,,27,12,069,39.6,1*63
$GPGSV,4,3,13,16,07,300,39.5,22,04,248,,08,02,043,,06,01,327,,1*75
$GPGSV,4,4,13,24,71,061,,1*51
$GLGSV,2,1,06,68,38,065,,79,36,146,,85,17,325,,83,15,216,39.8,1*6A
$GLGSV,2,2,06,70,10,291,39.7,67,05,089,40.0,1*7E
$GAGSV,1,1,00,7*73
$GBGSV,2,1,07,07,12,191,,04,27,125,39.7,05,16,249,39.0,03,45,191,39.3,1*6E
$GBGSV,2,2,07,09,05,184,39.5,11,04,032,,13,03,032,,1*54
$GNRMC,204709.000,A,3900.0011,N,11613.9795,E,0.00,22.57,280612,,,A,V*33
$GNVTG,22.57,T,,M,0.00,N,0.01,K,A*10
$GNZDA,204709.000,28,06,2012,,*4D
$GNGGA,204710.000,3900.0011,N,11613.9795,E,1,10,0.83,-12.9,M,-6.8,M,,*70
$PAIRACC,3.98,10.60*7E
$GNGLL,3900.0011,N,11613.9795,E,204710.000,A,A*4B
$GNGSA,A,3,29,21,27,16,,,,,,,,,1.52,0.83,1.27,1*02
$GNGSA,A,3,83,70,67,,,,,,,,,,1.52,0.83,1.27,2*06
$GNGSA,A,3,,,,,,,,,,,,,1.52,0.83,1.27,3*0A
$GNGSA,A,3,04,05,03,,,,,,,,,,1.52,0.83,1.27,4*0F
$GPGSV,4,1,13,02,01,113,,15,64,114,,29,56,203,39.7,26,54,077,,1*7E
$GPGSV,4,2,13,21,51,314,39.1,18,35,257,,10,26,056,,27,12,069,39.7,1*67
$GPGSV,4,3,13,16,07,300,39.5,22,04,248,,08,02,043,,06,01,327,,1*75
$GPGSV,4,4,13,24,71,061,,1*51
$GLGSV,2,1,06,68,38,065,,79,36,146,,85,17,325,,83,15,216,39.9,1*6B
$GLGSV,2,2,06,70,10,291,40.1,67,05,089,40.0,1*76
$GAGSV,1,1,00,7*73
$GBGSV,2,1,07,07,12,191,,04,27,125,39.6,05,16,249,39.0,03,45,191,38.8,1*65
$GBGSV,2,2,07,09,05,184,39.0,11,04,032,,13,03,032,,1*51
$GNRMC,204710.000,A,3900.0011,N,11613.9795,E,0.00,18.31,280612,,,A,V*32
$GNVTG,18.31,T,,M,0.00,N,0.01,K,A*19
$GNZDA,204710.000,28,06,2012,,*45
$GNGGA,204711.000,3900.0011,N,11613.9795,E,1,10,0.83,-12.9,M,-6.8,M,,*71
$PAIRACC,3.90,10.10*71
$GNGLL,3900.0011,N,11613.9795,E,204711.000,A,A*4A
$GNGSA,A,3,29,21,27,16,,,,,,,,,1.52,0.83,1.27,1*02
$GNGSA,A,3,83,70,67,,,,,,,,,,1.52,0.83,1.27,2*06
$GNGSA,A,3,,,,,,,,,,,,,1.52,0.83,1.27,3*0A
$GNGSA,A,3,04,05,03,,,,,,,,,,1.52,0.83,1.27,4*0F
$GPGSV,4,1,13,02,01,113,,15,64,114,,29,56,203,39.7,26,54,077,,1*7E
$GPGSV,4,2,13,21,51,314,39.5,18,35,257,,10,26,056,,27,12,069,39.6,1*62
$GPGSV,4,3,13,16,07,300,39.8,22,04,248,,08,02,043,,06,01,327,,1*78
$GPGSV,4,4,13,24,71,061,,1*51
$GLGSV,2,1,06,68,38,065,,79,36,146,,85,17,325,,83,15,216,39.7,1*65
$GLGSV,2,2,06,70,10,291,39.4,67,05,089,39.8,1*7B
$GAGSV,1,1,00,7*73
$GBGSV,2,1,07,07,12,191,,04,27,125,39.4,05,16,249,39.7,03,45,191,39.6,1*6F
$GBGSV,2,2,07,09,05,184,39.2,11,04,032,,13,03,032,,1*53
$GNRMC,204711.000,A,3900.0011,N,11613.9795,E,0.00,43.59,280612,,,A,V*33
$GNVTG,43.59,T,,M,0.00,N,0.01,K,A*19
$GNZDA,204711.000,28,06,2012,,*44
$GNGGA,204712.000,3900.0011,N,11613.9795,E,1,10,0.83,-12.9,M,-6.8,M,,*72
$PAIRACC,4.04,10.65*79
$GNGLL,3900.0011,N,11613.9795,E,204712.000,A,A*49
$GNGSA,A,3,29,21,27,16,,,,,,,,,1.52,0.83,1.27,1*02
$GNGSA,A,3,83,70,67,,,,,,,,,,1.52,0.83,1.27,2*06
$GNGSA,A,3,,,,,,,,,,,,,1.52,0.83,1.27,3*0A
$GNGSA,A,3,04,05,03,,,,,,,,,,1.52,0.83,1.27,4*0F
$GPGSV,4,1,13,02,01,113,,15,64,114,,29,56,203,39.3,26,54,077,,1*7A
$GPGSV,4,2,13,21,51,314,39.2,18,35,257,,10,26,056,,27,12,069,39.7,1*64
$GPGSV,4,3,13,16,07,300,39.9,22,04,248,,08,02,043,,06,01,327,,1*79
$GPGSV,4,4,13,24,71,061,,1*51
$GLGSV,2,1,06,68,38,065,,79,36,146,,85,17,325,,83,15,216,39.8,1*6A
$GLGSV,2,2,06,70,10,291,40.1,67,05,089,40.2,1*74
$GAGSV,1,1,00,7*73
$GBGSV,2,1,07,07,12,191,,04,27,125,39.3,05,16,249,38.9,03,45,191,39.3,1*62
$GBGSV,2,2,07,09,05,184,39.4,11,04,032,,13,03,032,,1*55
$GNRMC,204712.000,A,3900.0011,N,11613.9795,E,0.00,35.31,280612,,,A,V*3F
$GNVTG,35.31,T,,M,0.00,N,0.01,K,A*16
$GNZDA,204712.000,28,06,2012,,*47
$GNGGA,204713.000,3900.0011,N,11613.9795,E,1,10,0.83,-12.9,M,-6.8,M,,*73
$PAIRACC,3.92,10.17*74
$GNGLL,3900.0011,N,11613.9795,E,204713.000,A,A*48
$GNGSA,A,3,29,21,27,16,,,,,,,,,1.52,0.83,1.27,1*02
$GNGSA,A,3,83,70,67,,,,,,,,,,1.52,0.83,1.27,2*06
$GNGSA,A,3,,,,,,,,,,,,,1.52,0.83,1.27,3*0A
$GNGSA,A,3,04,05,03,,,,,,,,,,1.52,0.83,1.27,4*0F
$GPGSV,4,1,13,02,01,113,,15,64,114,,29,56,203,39.7,26,54,077,,1*7E
$GPGSV,4,2,13,21,51,314,39.1,18,35,257,,10,26,056,,27,12,069,38.9,1*68
$GPGSV,4,3,13,16,07,300,39.6,22,04,248,,08,02,043,,06,01,327,,1*76
$GPGSV,4,4,13,24,71,061,,1*51
$GLGSV,2,1,06,68,38,065,,79,36,146,,85,17,325,,83,15,216,39.5,1*67
$GLGSV,2,2,06,70,10,291,39.5,67,05,089,39.5,1*77
$GAGSV,1,1,00,7*73
$GBGSV,2,1,07,07,12,191,,04,27,125,39.8,05,16,249,39.2,03,45,191,39.2,1*62
$GBGSV,2,2,07,09,05,184,39.1,11,04,032,,13,03,032,,1*50
$GNRMC,204713.000,A,3900.0011,N,11613.9795,E,0.00,350.90,280612,,,A,V*05
$GNVTG,350.90,T,,M,0.00,N,0.01,K,A*2D
$GNZDA,204713.000,28,06,2012,,*46
$GNGGA,204714.000,3900.0011,N,11613.9795,E,1,10,0.83,-12.9,M,-6.8,M,,*74
$PAIRACC,3.88,10.05*7C
$GNGLL,3900.0011,N,11613.9795,E,204714.000,A,A*4F
$GNGSA,A,3,29,21,27,16,,,,,,,,,1.52,0.83,1.27,1*02
$GNGSA,A,3,83,70,67,,,,,,,,,,1.52,0.83,1.27,2*06
$GNGSA,A,3,,,,,,,,,,,,,1.52,0.83,1.27,3*0A
$GNGSA,A,3,04,05,03,,,,,,,,,,1.52,0.83,1.27,4*0F
$GPGSV,4,1,13,02,01,113,,15,64,114,,29,56,203,39.8,26,54,077,,1*71
$GPGSV,4,2,13,21,51,314,39.4,18,35,257,,10,26,056,,27,12,069,39.9,1*6C
$GPGSV,4,3,13,16,07,300,39.6,22,04,248,,08,02,043,,06,01,327,,1*76
$GPGSV,4,4,13,24,71,061,,1*51
$GLGSV,2,1,06,68,38,065,,79,36,146,,85,17,325,,83,15,216,40.1,1*6D
$GLGSV,2,2,06,70,10,291,39.9,67,05,089,39.7,1*79
$GAGSV,1,1,00,7*73
$GBGSV,2,1,07,07,12,191,,04,27,125,39.3,05,16,249,39.3,03,45,191,39.4,1*6E
$GBGSV,2,2,07,09,05,184,39.8,11,04,032,,13,03,032,,1*59
$GNRMC,204714.000,A,3900.0011,N,11613.9795,E,0.00,6.81,280612,,,A,V*02
$GNVTG,6.81,T,,M,0.00,N,0.01,K,A*2D
$GNZDA,204714.000,28,06,2012,,*41
$GNGGA,204715.000,3900.0011,N,11613.9795,E,1,10,0.83,-12.9,M,-6.8,M,,*75
$PAIRACC,3.90,10.11*70
$GNGLL,3900.0011,N,11613.9795,E,204715.000,A,A*4E
$GNGSA,A,3,29,21,27,16,,,,,,,,,1.52,0.83,1.27,1*02
$GNGSA,A,3,83,70,67,,,,,,,,,,1.52,0.83,1.27,2*06
$GNGSA,A,3,,,,,,,,,,,,,1.52,0.83,1.27,3*0A
$GNGSA,A,3,04,05,03,,,,,,,,,,1.52,0.83,1.27,4*0F
$GPGSV,4,1,13,02,01,113,,15,64,114,,29,56,203,39.7,26,54,077,,1*7E
$GPGSV,4,2,13,21,51,314,39.7,18,35,257,,10,26,056,,27,12,069,39.9,1*6F
$GPGSV,4,3,13,16,07,300,17.8,22,04,248,,08,02,043,,06,01,327,,1*74
$GPGSV,4,4,13,24,71,061,,1*51
$GLGSV,2,1,06,68,38,065,,79,36,146,,85,17,325,,83,15,216,40.0,1*6C
$GLGSV,2,2,06,70,10,291,39.4,67,05,089,40.1,1*7C
$GAGSV,1,1,00,7*73
$GBGSV,2,1,07,07,12,191,,04,27,125,39.3,05,16,249,39.0,03,45,191,39.1,1*68
$GBGSV,2,2,07,09,05,184,39.1,11,04,032,,13,03,032,,1*50
$GNRMC,204715.000,A,3900.0011,N,11613.9795,E,0.00,98.91,280612,,,A,V*35
$GNVTG,98.91,T,,M,0.00,N,0.01,K,A*1B
$GNZDA,204715.000,28,06,2012,,*40
$GNGGA,204716.000,3900.0011,N,11613.9795,E,1,10,0.83,-12.9,M,-6.8,M,,*76
$PAIRACC,3.92,10.18*7B
$GNGLL,3900.0011,N,11613.9795,E,204716.000,A,A*4D
$GNGSA,A,3,29,21,27,16,,,,,,,,,1.52,0.83,1.27,1*02
$GNGSA,A,3,83,70,67,,,,,,,,,,1.52,0.83,1.27,2*06
$GNGSA,A,3,,,,,,,,,,,,,1.52,0.83,1.27,3*0A
$GNGSA,A,3,04,05,03,,,,,,,,,,1.52,0.83,1.27,4*0F
$GPGSV,4,1,13,02,01,113,,15,64,114,,29,56,203,39.4,26,54,077,,1*7D
$GPGSV,4,2,13,21,51,314,39.2,18,35,257,,10,26,056,,27,12,069,39.5,1*66
$GPGSV,4,3,13,16,07,300,13.6,22,04,248,,08,02,043,,06,01,327,,1*7E
$GPGSV,4,4,13,24,71,061,,1*51
$GLGSV,2,1,06,68,38,065,,79,36,146,,85,17,325,,83,15,216,39.8,1*6A
$GLGSV,2,2,06,70,10,291,39.6,67,05,089,39.9,1*78
$GAGSV,1,1,00,7*73
$GBGSV,2,1,07,07,12,191,,04,27,125,39.4,05,16,249,38.8,03,45,191,39.5,1*62
$GBGSV,2,2,07,09,05,184,39.4,11,04,032,,13,03,032,,1*55
$GNRMC,204716.000,A,3900.0011,N,11613.9795,E,0.00,96.15,280612,,,A,V*34
$GNVTG,96.15,T,,M,0.00,N,0.01,K,A*19
$GNZDA,204716.000,28,06,2012,,*43
$GNGGA,204717.000,3900.0011,N,11613.9795,E,1,10,0.83,-12.9,M,-6.8,M,,*77
$PAIRACC,4.01,10.51*7B
$GNGLL,3900.0011,N,11613.9795,E,204717.000,A,A*4C
$GNGSA,A,3,29,21,27,16,,,,,,,,,1.52,0.83,1.27,1*02
$GNGSA,A,3,83,70,67,,,,,,,,,,1.52,0.83,1.27,2*06
$GNGSA,A,3,,,,,,,,,,,,,1.52,0.83,1.27,3*0A
$GNGSA,A,3,04,05,03,,,,,,,,,,1.52,0.83,1.27,4*0F
$GPGSV,4,1,13,02,01,113,,15,64,114,,29,56,203,39.2,26,54,077,,1*7B
$GPGSV,4,2,13,21,51,314,39.0,18,35,257,,10,26,056,,27,12,069,39.4,1*65
$GPGSV,4,3,13,16,07,300,13.4,22,04,248,,08,02,043,,06,01,327,,1*7C
$GPGSV,4,4,13,24,71,061,,1*51
$GLGSV,2,1,06,68,38,065,,79,36,146,,85,17,325,,83,15,216,40.0,1*6C
$GLGSV,2,2,06,70,10,291,39.7,67,05,089,40.2,1*7C
$GAGSV,1,1,00,7*73
$GBGSV,2,1,07,07,12,191,,04,27,125,39.3,05,16,249,39.2,03,45,191,39.8,1*63
$GBGSV,2,2,07,09,05,184,39.5,11,04,032,,13,03,032,,1*54
$GNRMC,204717.000,A,3900.0011,N,11613.9795,E,0.00,100.48,280612,,,A,V*03
$GNVTG,100.48,T,,M,0.00,N,0.01,K,A*2F
$GNZDA,204717.000,28,06,2012,,*42
$GNGGA,204718.000,3900.0010,N,11613.9795,E,1,11,0.73,-12.9,M,-6.8,M,,*77
$PAIRACC,3.84,9.98*4C
$GNGLL,3900.0010,N,11613.9795,E,204718.000,A,A*42
$GNGSA,A,3,29,21,27,16,,,,,,,,,1.35,0.73,1.14,1*0C
$GNGSA,A,3,83,70,67,,,,,,,,,,1.35,0.73,1.14,2*08
$GNGSA,A,3,,,,,,,,,,,,,1.35,0.73,1.14,3*04
$GNGSA,A,3,04,05,03,09,,,,,,,,,1.35,0.73,1.14,4*08
$GPGSV,4,1,13,02,01,113,,15,64,114,,29,56,203,39.4,26,54,077,,1*7D
$GPGSV,4,2,13,21,51,314,39.4,18,35,257,,10,26,056,,27,12,069,39.7,1*62
$GPGSV,4,3,13,16,07,300,11.9,22,04,248,,08,02,043,,06,01,327,,1*73
$GPGSV,4,4,13,24,71,061,,1*51
$GLGSV,2,1,06,68,38,065,,79,36,146,,85,17,325,,83,15,216,40.1,1*6D
$GLGSV,2,2,06,70,10,291,40.1,67,05,089,39.9,1*71
$GAGSV,1,1,00,7*73
$GBGSV,2,1,07,07,12,191,,04,27,125,39.5,05,16,249,38.9,03,45,191,39.1,1*66
$GBGSV,2,2,07,09,05,184,39.2,11,04,032,,13,03,032,,1*53
$GNRMC,204718.000,A,3900.0010,N,11613.9795,E,0.01,153.21,280612,,,A,V*05
$GNVTG,153.21,T,,M,0.01,N,0.01,K,A*27
$GNZDA,204718.000,28,06,2012,,*4D
$GNGGA,204719.000,3900.0010,N,11613.9795,E,1,11,0.73,-12.9,M,-6.8,M,,*76
$PAIRACC,4.04,10.69*75
$GNGLL,3900.0010,N,11613.9795,E,204719.000,A,A*43
$GNGSA,A,3,29,21,27,16,,,,,,,,,1.35,0.73,1.14,1*0C
$GNGSA,A,3,83,70,67,,,,,,,,,,1.35,0.73,1.14,2*08
$GNGSA,A,3,,,,,,,,,,,,,1.35,0.73,1.14,3*04
$GNGSA,A,3,04,05,03,09,,,,,,,,,1.35,0.73,1.14,4*08
$GPGSV,4,1,13,02,01,113,,15,64,114,,29,56,203,39.8,26,54,077,,1*71
$GPGSV,4,2,13,21,51,314,39.3,18,35,257,,10,26,056,,27,12,069,39.7,1*65
$GPGSV,4,3,13,16,07,300,11.0,22,04,248,38.9,08,02,043,,06,01,327,,1*66
$GPGSV,4,4,13,24,71,061,,1*51
$GLGSV,2,1,06,68,38,065,,79,36,146,,85,17,325,,83,15,216,40.3,1*6F
$GLGSV,2,2,06,70,10,291,40.0,67,05,089,39.7,1*7E
$GAGSV,1,1,00,7*73
$GBGSV,2,1,07,07,12,191,,04,27,125,39.6,05,16,249,39.1,03,45,191,39.1,1*6C
$GBGSV,2,2,07,09,05,184,39.3,11,04,032,,13,03,032,,1*52
$GNRMC,204719.000,A,3900.0010,N,11613.9795,E,0.01,139.69,280612,,,A,V*04
$GNVTG,139.69,T,,M,0.01,N,0.01,K,A*27
$GNZDA,204719.000,28,06,2012,,*4C
$GNGGA,204720.000,3900.0010,N,11613.9795,E,1,10,0.80,-12.9,M,-6.8,M,,*71
$PAIRACC,3.90,10.15*74
$GNGLL,3900.0010,N,11613.9795,E,204720.000,A,A*49
$GNGSA,A,3,29,21,27,,,,,,,,,,1.43,0.80,1.19,1*0B
$GNGSA,A,3,83,70,67,,,,,,,,,,1.43,0.80,1.19,2*08
$GNGSA,A,3,,,,,,,,,,,,,1.43,0.80,1.19,3*04
$GNGSA,A,3,04,05,03,09,,,,,,,,,1.43,0.80,1.19,4*08
$GPGSV,4,1,13,02,01,113,,15,64,114,,29,56,203,39.9,26,54,077,,1*70
$GPGSV,4,2,13,21,51,314,39.5,18,35,257,,10,26,056,,27,12,069,39.8,1*6C
$GPGSV,4,3,13,16,07,300,,22,04,248,39.0,08,02,043,,06,01,327,,1*70
$GPGSV,4,4,13,24,71,061,,1*51
$GLGSV,2,1,06,68,38,065,,79,36,146,,85,17,325,,83,15,216,39.8,1*6A
$GLGSV,2,2,06,70,10,291,40.0,67,05,089,40.3,1*74
$GAGSV,1,1,00,7*73
$GBGSV,2,1,07,07,12,191,,04,27,125,39.4,05,16,249,39.9,03,45,191,39.4,1*63
$GBGSV,2,2,07,09,05,184,39.9,11,04,032,,13,03,032,,1*58
$GNRMC,204720.000,A,3900.0010,N,11613.9795,E,0.01,144.88,280612,,,A,V*0B
$GNVTG,144.88,T,,M,0.01,N,0.01,K,A*22
$GNZDA,204720.000,28,06,2012,,*46
$GNGGA,204721.000,3900.0009,N,11613.9796,E,1,10,0.80,-12.9,M,-6.8,M,,*7B
$PAIRACC,4.08,10.76*77
$GNGLL,3900.0009,N,11613.9796,E,204721.000,A,A*43
$GNGSA,A,3,29,21,27,,,,,,,,,,1.43,0.80,1.19,1*0B
$GNGSA,A,3,83,70,67,,,,,,,,,,1.43,0.80,1.19,2*08
$GNGSA,A,3,,,,,,,,,,,,,1.43,0.80,1.19,3*04
$GNGSA,A,3,04,05,03,09,,,,,,,,,1.43,0.80,1.19,4*08
$GPGSV,4,1,13,02,01,113,,15,64,114,,29,56,203,39.8,26,54,077,,1*71
$GPGSV,4,2,13,21,51,314,39.8,18,35,257,,10,26,056,,27,12,069,39.7,1*6E
$GPGSV,4,3,13,16,07,300,,22,04,248,39.3,08,02,043,,06,01,327,,1*73
$GPGSV,4,4,13,24,71,061,,1*51
$GLGSV,2,1,06,68,38,065,,79,36,146,,85,17,325,,83,15,216,40.0,1*6C
$GLGSV,2,2,06,70,10,291,39.7,67,05,089,39.7,1*77
$GAGSV,1,1,00,7*73
$GBGSV,2,1,07,07,12,191,,04,27,125,39.6,05,16,249,39.0,03,45,191,39.2,1*6E
$GBGSV,2,2,07,09,05,184,39.9,11,04,032,,13,03,032,,1*58
$GNRMC,204721.000,A,3900.0009,N,11613.9796,E,0.01,147.34,280612,,,A,V*05
$GNVTG,147.34,T,,M,0.01,N,0.02,K,A*25
$GNZDA,204721.000,28,06,2012,,*47
$GNGGA,204722.000,3900.0009,N,11613.9796,E,1,10,0.80,-12.9,M,-6.8,M,,*78
$PAIRACC,3.97,10.23*76
$GNGLL,3900.0009,N,11613.9796,E,204722.000,A,A*40
$GNGSA,A,3,29,21,27,,,,,,,,,,1.43,0.80,1.19,1*0B
$GNGSA,A,3,83,70,67,,,,,,,,,,1.43,0.80,1.19,2*08
$GNGSA,A,3,,,,,,,,,,,,,1.43,0.80,1.19,3*04
$GNGSA,A,3,04,05,03,09,,,,,,,,,1.43,0.80,1.19,4*08
$GPGSV,4,1,13,02,01,113,,15,64,114,,29,56,203,40.0,26,54,077,,1*77
$GPGSV,4,2,13,21,51,314,39.6,18,35,257,,10,26,056,,27,12,069,39.1,1*66
$GPGSV,4,3,13,16,07,300,,22,04,248,39.1,08,02,043,,06,01,327,,1*71
$GPGSV,4,4,13,24,71,061,,1*51
$GLGSV,2,1,06,68,38,065,,79,36,146,,85,17,325,,83,15,216,40.4,1*68
$GLGSV,2,2,06,70,10,291,40.1,67,05,089,39.9,1*71
$GAGSV,1,1,00,7*73
$GBGSV,2,1,07,07,12,191,,04,27,125,39.4,05,16,249,39.2,03,45,191,39.1,1*6D
$GBGSV,2,2,07,09,05,184,39.9,11,04,032,,13,03,032,,1*58
$GNRMC,204722.000,A,3900.0009,N,11613.9796,E,0.01,152.70,280612,,,A,V*02
$GNVTG,152.70,T,,M,0.01,N,0.02,K,A*21
$GNZDA,204722.000,28,06,2012,,*44
$GNGGA,204723.000,3900.0008,N,11613.9796,E,1,10,0.80,-12.9,M,-6.8,M,,*78
$PAIRACC,4.06,10.81*71
$GNGLL,3900.0008,N,11613.9796,E,204723.000,A,A*40
$GNGSA,A,3,29,21,27,,,,,,,,,,1.43,0.80,1.19,1*0B
$GNGSA,A,3,83,70,67,,,,,,,,,,1.43,0.80,1.19,2*08
$GNGSA,A,3,,,,,,,,,,,,,1.43,0.80,1.19,3*04
$GNGSA,A,3,04,05,03,09,,,,,,,,,1.43,0.80,1.19,4*08
$GPGSV,4,1,13,02,01,113,,15,64,114,,29,56,203,39.7,26,54,077,,1*7E
$GPGSV,4,2,13,21,51,314,39.6,18,35,257,,10,26,056,,27,12,069,39.9,1*6E
$GPGSV,4,3,13,16,07,300,,22,04,248,39.4,08,02,043,,06,01,327,,1*74
$GPGSV,4,4,13,24,71,061,,1*51
$GLGSV,2,1,06,68,38,065,,79,36,146,,85,17,325,,83,15,216,40.2,1*6E
$GLGSV,2,2,06,70,10,291,39.7,67,05,089,39.8,1*78
$GAGSV,1,1,00,7*73
$GBGSV,2,1,07,07,12,191,,04,27,125,39.8,05,16,249,39.2,03,45,191,39.7,1*67
$GBGSV,2,2,07,09,05,184,39.7,11,04,032,,13,03,032,,1*56
$GNRMC,204723.000,A,3900.0008,N,11613.9796,E,0.01,146.45,280612,,,A,V*01
$GNVTG,146.45,T,,M,0.01,N,0.03,K,A*23
$GNZDA,204723.000,28,06,2012,,*45
$GNGGA,204724.000,3900.0008,N,11613.9796,E,1,10,0.80,-12.9,M,-6.8,M,,*7F
$PAIRACC,4.00,10.28*74
$GNGLL,3900.0008,N,11613.9796,E,204724.000,A,A*47
$GNGSA,A,3,29,21,27,,,,,,,,,,1.43,0.80,1.19,1*0B
$GNGSA,A,3,83,70,67,,,,,,,,,,1.43,0.80,1.19,2*08
$GNGSA,A,3,,,,,,,,,,,,,1.43,0.80,1.19,3*04
$GNGSA,A,3,04,05,03,09,,,,,,,,,1.43,0.80,1.19,4*08
$GPGSV,4,1,13,02,01,113,,15,64,114,,29,56,203,39.4,26,54,077,,1*7D
$GPGSV,4,2,13,21,51,314,39.4,18,35,257,,10,26,056,,27,12,069,39.4,1*61
$GPGSV,4,3,13,16,07,300,,22,04,248,38.8,08,02,043,,06,01,327,,1*79
$GPGSV,4,4,13,24,71,061,,1*51
$GLGSV,2,1,06,68,38,065,,79,36,146,,85,17,325,,83,15,216,40.2,1*6E
$GLGSV,2,2,06,70,10,291,39.8,67,05,089,39.9,1*76
$GAGSV,1,1,00,7*73
$GBGSV,2,1,07,07,12,191,,04,27,125,39.4,05,16,249,39.0,03,45,191,39.4,1*6A
$GBGSV,2,2,07,09,05,184,39.9,11,04,032,,13,03,032,,1*58
$GNRMC,204724.000,A,3900.0008,N,11613.9796,E,0.01,145.86,280612,,,A,V*0A
$GNVTG,145.86,T,,M,0.01,N,0.03,K,A*2F
$GNZDA,204724.000,28,06,2012,,*42
$GNGGA,204725.000,3900.0008,N,11613.9796,E,1,10,0.80,-13.0,M,-6.8,M,,*76
$PAIRACC,4.06,10.85*75
$GNGLL,3900.0008,N,11613.9796,E,204725.000,A,A*46
$GNGSA,A,3,29,21,27,,,,,,,,,,1.43,0.80,1.19,1*0B
$GNGSA,A,3,83,70,67,,,,,,,,,,1.43,0.80,1.19,2*08
$GNGSA,A,3,,,,,,,,,,,,,1.43,0.80,1.19,3*04
$GNGSA,A,3,04,05,03,09,,,,,,,,,1.43,0.80,1.19,4*08
$GPGSV,4,1,13,02,01,113,,15,64,114,,29,56,203,40.0,26,54,077,,1*77
$GPGSV,4,2,13,21,51,314,39.6,18,35,257,,10,26,056,,27,12,069,39.7,1*60
$GPGSV,4,3,13,16,07,300,,22,04,248,39.4,08,02,043,,06,01,327,,1*74
$GPGSV,4,4,13,24,71,061,,1*51
$GLGSV,2,1,06,68,38,065,,79,36,146,,85,17,325,,83,15,216,40.3,1*6F
$GLGSV,2,2,06,70,10,291,39.7,67,05,089,40.0,1*7E
$GAGSV,1,1,00,7*73
$GBGSV,2,1,07,07,12,191,,04,27,125,39.5,05,16,249,39.1,03,45,191,39.4,1*6A
$GBGSV,2,2,07,09,05,184,39.9,11,04,032,,13,03,032,,1*58
$GNRMC,204725.000,A,3900.0008,N,11613.9796,E,0.01,144.74,280612,,,A,V*07
$GNVTG,144.74,T,,M,0.01,N,0.03,K,A*23
$GNZDA,204725.000,28,06,2012,,*43
$GNGGA,204726.000,3900.0008,N,11613.9796,E,1,10,0.80,-13.0,M,-6.8,M,,*75
$PAIRACC,4.01,10.32*7E
$GNGLL,3900.0008,N,11613.9796,E,204726.000,A,A*45
$GNGSA,A,3,29,21,27,,,,,,,,,,1.43,0.80,1.19,1*0B
$GNGSA,A,3,83,70,67,,,,,,,,,,1.43,0.80,1.19,2*08
$GNGSA,A,3,,,,,,,,,,,,,1.43,0.80,1.19,3*04
$GNGSA,A,3,04,05,03,09,,,,,,,,,1.43,0.80,1.19,4*08
$GPGSV,4,1,13,02,01,113,,15,64,114,,29,56,203,39.5,26,54,077,,1*7C
$GPGSV,4,2,13,21,51,314,39.5,18,35,257,,10,26,056,,27,12,069,39.7,1*63
$GPGSV,4,3,13,16,07,300,,22,04,248,39.4,08,02,043,,06,01,327,,1*74
$GPGSV,4,4,13,24,71,061,,1*51
$GLGSV,2,1,06,68,38,065,,79,36,146,,85,17,325,,83,15,216,40.3,1*6F
$GLGSV,2,2,06,70,10,291,39.8,67,05,089,39.6,1*79
$GAGSV,1,1,00,7*73
$GBGSV,2,1,07,07,12,191,,04,27,125,39.4,05,16,249,39.3,03,45,191,39.7,1*6A
$GBGSV,2,2,07,09,05,184,39.5,11,04,032,,13,03,032,,1*54
$GNRMC,204726.000,A,3900.0008,N,11613.9796,E,0.01,135.97,280612,,,A,V*0F
$GNVTG,135.97,T,,M,0.01,N,0.02,K,A*29
$GNZDA,204726.000,28,06,2012,,*40
$GNGGA,204727.000,3900.0007,N,11613.9796,E,1,10,0.80,-13.0,M,-6.8,M,,*7B
$PAIRACC,4.07,10.89*78
$GNGLL,3900.0007,N,11613.9796,E,204727.000,A,A*4B
$GNGSA,A,3,29,21,27,,,,,,,,,,1.43,0.80,1.19,1*0B
$GNGSA,A,3,83,70,67,,,,,,,,,,1.43,0.80,1.19,2*08
$GNGSA,A,3,,,,,,,,,,,,,1.43,0.80,1.19,3*04
$GNGSA,A,3,04,05,03,09,,,,,,,,,1.43,0.80,1.19,4*08
$GPGSV,4,1,13,02,01,113,,15,64,114,,29,56,203,39.9,26,54,077,,1*70
$GPGSV,4,2,13,21,51,314,39.4,18,35,257,,10,26,056,,27,12,069,40.0,1*6B
$GPGSV,4,3,13,16,07,300,,22,04,248,39.1,08,02,043,,06,01,327,,1*71
$GPGSV,4,4,13,24,71,061,,1*51
$GLGSV,2,1,06,68,38,065,,79,36,146,,85,17,325,,83,15,216,40.5,1*69
$GLGSV,2,2,06,70,10,291,40.2,67,05,089,39.7,1*7C
$GAGSV,1,1,00,7*73
$GBGSV,2,1,07,07,12,191,,04,27,125,39.6,05,16,249,39.0,03,45,191,39.3,1*6F
$GBGSV,2,2,07,09,05,184,39.5,11,04,032,,13,03,032,,1*54
$GNRMC,204727.000,A,3900.0007,N,11613.9796,E,0.01,137.14,280612,,,A,V*08
$GNVTG,137.14,T,,M,0.01,N,0.02,K,A*20
$GNZDA,204727.000,28,06,2012,,*41
$GNGGA,204728.000,3900.0007,N,11613.9796,E,1,10,0.80,-13.0,M,-6.8,M,,*74
$PAIRACC,4.01,10.36*7A
$GNGLL,3900.0007,N,11613.9796,E,204728.000,A,A*44
$GNGSA,A,3,29,21,27,,,,,,,,,,1.43,0.80,1.19,1*0B
$GNGSA,A,3,83,70,67,,,,,,,,,,1.43,0.80,1.19,2*08
$GNGSA,A,3,,,,,,,,,,,,,1.43,0.80,1.19,3*04
$GNGSA,A,3,04,05,03,09,,,,,,,,,1.43,0.80,1.19,4*08
$GPGSV,4,1,13,02,01,113,,15,64,114,,29,56,203,39.5,26,54,077,,1*7C
$GPGSV,4,2,13,21,51,314,39.5,18,35,257,,10,26,056,,27,12,069,39.3,1*67
$GPGSV,4,3,13,16,07,300,,22,04,248,39.1,08,02,043,,06,01,327,,1*71
$GPGSV,4,4,13,24,71,061,,1*51
$GLGSV,2,1,06,68,38,065,,79,36,146,,85,17,325,,83,15,216,40.2,1*6E
$GLGSV,2,2,06,70,10,291,39.4,67,05,089,39.8,1*7B
$GAGSV,1,1,00,7*73
$GBGSV,2,1,07,07,12,191,,04,27,125,39.4,05,16,249,38.8,03,45,191,38.8,1*6E
$GBGSV,2,2,07,09,05,184,39.6,11,04,032,,13,03,032,,1*57
$GNRMC,204728.000,A,3900.0007,N,11613.9796,E,0.01,137.69,280612,,,A,V*0D
$GNVTG,137.69,T,,M,0.01,N,0.02,K,A*2A
$GNZDA,204728.000,28,06,2012,,*4E
$GNGGA,204729.000,3900.0007,N,11613.9796,E,1,10,0.80,-13.0,M,-6.8,M,,*75
$PAIRACC,4.08,10.92*7D
$GNGLL,3900.0007,N,11613.9796,E,204729.000,A,A*45
$GNGSA,A,3,29,21,27,,,,,,,,,,1.43,0.80,1.19,1*0B
$GNGSA,A,3,83,70,67,,,,,,,,,,1.43,0.80,1.19,2*08
$GNGSA,A,3,,,,,,,,,,,,,1.43,0.80,1.19,3*04
$GNGSA,A,3,04,05,03,09,,,,,,,,,1.43,0.80,1.19,4*08
$GPGSV,4,1,13,02,01,113,,15,64,114,,29,56,203,39.4,26,54,077,,1*7D
$GPGSV,4,2,13,21,51,314,39.5,18,35,257,,10,26,056,,27,12,069,39.4,1*60
$GPGSV,4,3,13,16,07,300,,22,04,248,38.9,08,02,043,,06,01,327,,1*78
$GPGSV,4,4,13,24,71,061,,1*51
$GLGSV,2,1,06,68,38,065,,79,36,146,,85,17,325,,83,15,216,40.4,1*68
$GLGSV,2,2,06,70,10,291,40.2,67,05,089,39.5,1*7E
$GAGSV,1,1,00,7*73
$GBGSV,2,1,07,07,12,191,,04,27,125,39.6,05,16,249,39.5,03,45,191,39.5,1*6C
$GBGSV,2,2,07,09,05,184,39.8,11,04,032,,13,03,032,,1*59
$GNRMC,204729.000,A,3900.0007,N,11613.9796,E,0.01,137.79,280612,,,A,V*0D
$GNVTG,137.79,T,,M,0.01,N,0.02,K,A*2B
$GNZDA,204729.000,28,06,2012,,*4F
$GNGGA,204730.000,3900.0007,N,11613.9796,E,1,10,0.80,-13.0,M,-6.8,M,,*7D
$PAIRACC,4.04,10.44*7A
$GNGLL,3900.0007,N,11613.9796,E,204730.000,A,A*4D
$GNGSA,A,3,29,21,27,,,,,,,,,,1.43,0.80,1.19,1*0B
$GNGSA,A,3,83,70,67,,,,,,,,,,1.43,0.80,1.19,2*08
$GNGSA,A,3,,,,,,,,,,,,,1.43,0.80,1.19,3*04
$GNGSA,A,3,04,05,03,09,,,,,,,,,1.43,0.80,1.19,4*08
$GPGSV,4,1,13,02,01,113,,15,64,114,,29,56,203,39.5,26,54,077,,1*7C
$GPGSV,4,2,13,21,51,314,38.9,18,35,257,,10,26,056,,27,12,069,39.5,1*6C
$GPGSV,4,3,13,16,07,300,,22,04,248,39.0,08,02,043,,06,01,327,,1*70
$GPGSV,4,4,13,24,71,061,,1*51
$GLGSV,2,1,06,68,38,065,,79,36,146,,85,17,325,,83,15,216,39.9,1*6B
$GLGSV,2,2,06,70,10,291,39.9,67,05,089,39.7,1*79
$GAGSV,1,1,00,7*73
$GBGSV,2,1,07,07,12,191,,04,27,125,39.5,05,16,249,39.1,03,45,191,39.2,1*6C
$GBGSV,2,2,07,09,05,184,39.2,11,04,032,,13,03,032,,1*53
$GNRMC,204730.000,A,3900.0007,N,11613.9796,E,0.01,139.48,280612,,,A,V*09
$GNVTG,139.48,T,,M,0.01,N,0.02,K,A*27
$GNZDA,204730.000,28,06,2012,,*47
$GNGGA,204731.000,3900.0006,N,11613.9797,E,1,10,0.80,-13.0,M,-6.8,M,,*7C
$PAIRACC,4.06,10.80*70
$GNGLL,3900.0006,N,11613.9797,E,204731.000,A,A*4C
$GNGSA,A,3,29,21,27,,,,,,,,,,1.43,0.80,1.19,1*0B
$GNGSA,A,3,83,70,67,,,,,,,,,,1.43,0.80,1.19,2*08
$GNGSA,A,3,,,,,,,,,,,,,1.43,0.80,1.19,3*04
$GNGSA,A,3,04,05,03,09,,,,,,,,,1.43,0.80,1.19,4*08
$GPGSV,4,1,13,02,01,113,,15,64,114,,29,56,203,39.5,26,54,077,,1*7C
$GPGSV,4,2,13,21,51,314,39.8,18,35,257,,10,26,056,,27,12,069,39.3,1*6A
$GPGSV,4,3,13,16,07,300,,22,04,248,39.6,08,02,043,,06,01,327,,1*76
$GPGSV,4,4,13,24,71,061,,1*51
$GLGSV,2,1,06,68,38,065,,79,36,146,,85,17,325,,83,15,216,39.9,1*6B
$GLGSV,2,2,06,70,10,291,40.1,67,05,089,40.0,1*76
$GAGSV,1,1,00,7*73
$GBGSV,2,1,07,07,12,191,,04,27,125,39.6,05,16,249,39.1,03,45,191,39.4,1*69
$GBGSV,2,2,07,09,05,184,39.0,11,04,032,,13,03,032,,1*51
$GNRMC,204731.000,A,3900.0006,N,11613.9797,E,0.01,120.37,280612,,,A,V*08
$GNVTG,120.37,T,,M,0.01,N,0.02,K,A*27
$GNZDA,204731.000,28,06,2012,,*46
$GNGGA,204732.000,3900.0006,N,11613.9797,E,1,10,0.80,-13.0,M,-6.8,M,,*7F
$PAIRACC,4.08,10.56*75
$GNGLL,3900.0006,N,11613.9797,E,204732.000,A,A*4F
$GNGSA,A,3,29,21,27,,,,,,,,,,1.43,0.80,1.19,1*0B
$GNGSA,A,3,83,70,67,,,,,,,,,,1.43,0.80,1.19,2*08
$GNGSA,A,3,,,,,,,,,,,,,1.43,0.80,1.19,3*04
$GNGSA,A,3,04,05,03,09,,,,,,,,,1.43,0.80,1.19,4*08
$GPGSV,4,1,13,02,01,113,,15,64,114,,29,56,203,39.6,26,54,077,,1*7F
$GPGSV,4,2,13,21,51,314,39.7,18,35,257,,10,26,056,,27,12,069,39.5,1*63
$GPGSV,4,3,13,16,07,300,,22,04,248,39.2,08,02,043,,06,01,327,,1*72
$GPGSV,4,4,13,24,71,061,,1*51
$GLGSV,2,1,06,68,38,065,,79,36,146,,85,17,325,,83,15,216,40.0,1*6C
$GLGSV,2,2,06,70,10,291,40.1,67,05,089,39.7,1*7F
$GAGSV,1,1,00,7*73
$GBGSV,2,1,07,07,12,191,,04,27,125,39.7,05,16,249,39.4,03,45,191,39.5,1*6C
$GBGSV,2,2,07,09,05,184,39.5,11,04,032,,13,03,032,,1*54
$GNRMC,204732.000,A,3900.0006,N,11613.9797,E,0.01,137.23,280612,,,A,V*08
$GNVTG,137.23,T,,M,0.01,N,0.02,K,A*24
$GNZDA,204732.000,28,06,2012,,*45
$GNGGA,204733.000,3900.0006,N,11613.9797,E,1,10,0.80,-13.0,M,-6.8,M,,*7E
$PAIRACC,4.06,10.81*71
$GNGLL,3900.0006,N,11613.9797,E,204733.000,A,A*4E
$GNGSA,A,3,29,21,27,,,,,,,,,,1.43,0.80,1.19,1*0B
$GNGSA,A,3,83,70,67,,,,,,,,,,1.43,0.80,1.19,2*08
$GNGSA,A,3,,,,,,,,,,,,,1.43,0.80,1.19,3*04
$GNGSA,A,3,04,05,03,09,,,,,,,,,1.43,0.80,1.19,4*08
$GPGSV,4,1,13,02,01,113,,15,64,114,,29,56,203,39.7,26,54,077,,1*7E
$GPGSV,4,2,13,21,51,314,39.4,18,35,257,,10,26,056,,27,12,069,39.5,1*60
$GPGSV,4,3,13,16,07,300,,22,04,248,38.8,08,02,043,,06,01,327,,1*79
$GPGSV,4,4,13,24,71,061,,1*51
$GLGSV,2,1,06,68,38,065,,79,36,146,,85,17,325,,83,15,216,40.0,1*6C
$GLGSV,2,2,06,70,10,291,39.4,67,05,089,39.8,1*7B
$GAGSV,1,1,00,7*73
$GBGSV,2,1,07,07,12,191,,04,27,125,39.2,05,16,249,38.9,03,45,191,39.2,1*62
$GBGSV,2,2,07,09,05,184,39.3,11,04,032,,13,03,032,,1*52
$GNRMC,204733.000,A,3900.0006,N,11613.9797,E,0.01,131.45,280612,,,A,V*0F
$GNVTG,131.45,T,,M,0.01,N,0.02,K,A*22
$GNZDA,204733.000,28,06,2012,,*44
$GNGGA,204734.000,3900.0006,N,11613.9797,E,1,10,0.80,-13.0,M,-6.8,M,,*79
$PAIRACC,4.08,10.58*7B
$GNGLL,3900.0006,N,11613.9797,E,204734.000,A,A*49
$GNGSA,A,3,29,21,27,,,,,,,,,,1.43,0.80,1.19,1*0B
$GNGSA,A,3,83,70,67,,,,,,,,,,1.43,0.80,1.19,2*08
$GNGSA,A,3,,,,,,,,,,,,,1.43,0.80,1.19,3*04
$GNGSA,A,3,04,05,03,09,,,,,,,,,1.43,0.80,1.19,4*08
$GPGSV,4,1,13,02,01,113,,15,64,114,,29,56,203,39.8,26,54,077,,1*71
$GPGSV,4,2,13,21,51,314,39.3,18,35,257,,10,26,056,,27,12,069,39.3,1*61
$GPGSV,4,3,13,16,07,300,,22,04,248,39.3,08,02,043,,06,01,327,,1*73
$GPGSV,4,4,13,24,71,061,,1*51
$GLGSV,2,1,06,68,38,065,,79,36,146,,85,17,325,,83,15,216,39.9,1*6B
$GLGSV,2,2,06,70,10,291,40.1,67,05,089,40.0,1*76
$GAGSV,1,1,00,7*73
$GBGSV,2,1,07,07,12,191,,04,27,125,39.3,05,16,249,38.9,03,45,191,39.2,1*63
$GBGSV,2,2,07,09,05,184,39.7,11,04,032,,13,03,032,,1*56
$GNRMC,204734.000,A,3900.0006,N,11613.9797,E,0.01,128.05,280612,,,A,V*04
$GNVTG,128.05,T,,M,0.01,N,0.02,K,A*2E
$GNZDA,204734.000,28,06,2012,,*43
$GNGGA,204735.000,3900.0006,N,11613.9797,E,1,10,0.80,-13.0,M,-6.8,M,,*78
$PAIRACC,4.07,10.83*72
$GNGLL,3900.0006,N,11613.9797,E,204735.000,A,A*48
$GNGSA,A,3,29,21,27,,,,,,,,,,1.43,0.80,1.19,1*0B
$GNGSA,A,3,83,70,67,,,,,,,,,,1.43,0.80,1.19,2*08
$GNGSA,A,3,,,,,,,,,,,,,1.43,0.80,1.19,3*04
$GNGSA,A,3,04,05,03,09,,,,,,,,,1.43,0.80,1.19,4*08
$GPGSV,4,1,13,02,01,113,,15,64,114,,29,56,203,39.4,26,54,077,,1*7D
$GPGSV,4,2,13,21,51,314,39.7,18,35,257,,10,26,056,,27,12,069,39.3,1*65
$GPGSV,4,3,13,16,07,300,,22,04,248,39.2,08,02,043,,06,01,327,,1*72
$GPGSV,4,4,13,24,71,061,,1*51
$GLGSV,2,1,06,68,38,065,,79,36,146,,85,17,325,,83,15,216,40.2,1*6E
$GLGSV,2,2,06,70,10,291,39.6,67,05,089,39.9,1*78
$GAGSV,1,1,00,7*73
$GBGSV,2,1,07,07,12,191,,04,27,125,39.4,05,16,249,39.1,03,45,191,39.4,1*6B
$GBGSV,2,2,07,09,05,184,39.5,11,04,032,,13,03,032,,1*54
$GNRMC,204735.000,A,3900.0006,N,11613.9797,E,0.01,130.42,280612,,,A,V*0F
$GNVTG,130.42,T,,M,0.01,N,0.02,K,A*24
$GNZDA,204735.000,28,06,2012,,*42
$GNGGA,204736.000,3900.0006,N,11613.9797,E,1,10,0.80,-13.1,M,-6.8,M,,*7A
$PAIRACC,4.09,10.61*70
$GNGLL,3900.0006,N,11613.9797,E,204736.000,A,A*4B
$GNGSA,A,3,29,21,27,,,,,,,,,,1.43,0.80,1.19,1*0B
$GNGSA,A,3,83,70,67,,,,,,,,,,1.43,0.80,1.19,2*08
$GNGSA,A,3,,,,,,,,,,,,,1.43,0.80,1.19,3*04
$GNGSA,A,3,04,05,03,09,,,,,,,,,1.43,0.80,1.19,4*08
$GPGSV,4,1,13,02,01,113,,15,64,114,,29,56,203,39.6,26,54,077,,1*7F
$GPGSV,4,2,13,21,51,314,39.5,18,35,257,,10,26,056,,27,12,069,39.7,1*63
$GPGSV,4,3,13,16,07,300,,22,04,248,39.2,08,02,043,,06,01,327,,1*72
$GPGSV,4,4,13,24,71,061,,1*51
$GLGSV,2,1,06,68,38,065,,79,36,146,,85,17,325,,83,15,216,40.2,1*6E
$GLGSV,2,2,06,70,10,291,39.8,67,05,089,40.2,1*73
$GAGSV,1,1,00,7*73
$GBGSV,2,1,07,07,12,191,,04,27,125,39.6,05,16,249,38.4,03,45,191,39.3,1*6A
$GBGSV,2,2,07,09,05,184,39.5,11,04,032,,13,03,032,,1*54
$GNRMC,204736.000,A,3900.0006,N,11613.9797,E,0.01,122.39,280612,,,A,V*03
$GNVTG,122.39,T,,M,0.01,N,0.02,K,A*2B
$GNZDA,204736.000,28,06,2012,,*41
$GNGGA,204737.000,3900.0005,N,11613.9797,E,1,10,0.80,-13.1,M,-6.8,M,,*78
$PAIRACC,4.08,10.85*7B
$GNGLL,3900.0005,N,11613.9797,E,204737.000,A,A*49
$GNGSA,A,3,29,21,27,,,,,,,,,,1.43,0.80,1.19,1*0B
$GNGSA,A,3,83,70,67,,,,,,,,,,1.43,0.80,1.19,2*08
$GNGSA,A,3,,,,,,,,,,,,,1.43,0.80,1.19,3*04
$GNGSA,A,3,04,05,03,09,,,,,,,,,1.43,0.80,1.19,4*08
$GPGSV,4,1,13,02,01,113,,15,64,114,,29,56,203,39.4,26,54,077,,1*7D
$GPGSV,4,2,13,21,51,314,39.2,18,35,257,,10,26,056,,27,12,069,39.4,1*67
$GPGSV,4,3,13,16,07,300,,22,04,248,38.8,08,02,043,,06,01,327,,1*79
$GPGSV,4,4,13,24,71,061,,1*51
$GLGSV,2,1,06,68,38,065,,79,36,146,,85,17,325,,83,15,216,40.0,1*6C
$GLGSV,2,2,06,70,10,291,39.6,67,05,089,39.7,1*76
$GAGSV,1,1,00,7*73
$GBGSV,2,1,07,07,12,191,,04,27,125,39.5,05,16,249,38.8,03,45,191,39.3,1*65
$GBGSV,2,2,07,09,05,184,39.4,11,04,032,,13,03,032,,1*55
$GNRMC,204737.000,A,3900.0005,N,11613.9797,E,0.01,130.88,280612,,,A,V*08
$GNVTG,130.88,T,,M,0.01,N,0.01,K,A*21
$GNZDA,204737.000,28,06,2012,,*40
$GNGGA,204738.000,3900.0005,N,11613.9797,E,1,10,0.80,-13.1,M,-6.8,M,,*77
$PAIRACC,4.10,10.62*7B
$GNGLL,3900.0005,N,11613.9797,E,204738.000,A,A*46
$GNGSA,A,3,29,21,27,,,,,,,,,,1.43,0.80,1.19,1*0B
$GNGSA,A,3,83,70,67,,,,,,,,,,1.43,0.80,1.19,2*08
$GNGSA,A,3,,,,,,,,,,,,,1.43,0.80,1.19,3*04
$GNGSA,A,3,04,05,03,09,,,,,,,,,1.43,0.80,1.19,4*08
$GPGSV,4,1,13,02,01,113,,15,64,114,,29,56,203,39.5,26,54,077,,1*7C
$GPGSV,4,2,13,21,51,314,39.4,18,35,257,,10,26,056,,27,12,069,39.2,1*67
$GPGSV,4,3,13,16,07,300,,22,04,248,38.7,08,02,043,,06,01,327,,1*76
$GPGSV,4,4,13,24,71,061,,1*51
$GLGSV,2,1,06,68,38,065,,79,36,146,,85,17,325,,83,15,216,39.7,1*65
$GLGSV,2,2,06,70,10,291,39.8,67,05,089,40.0,1*71
$GAGSV,1,1,00,7*73
$GBGSV,2,1,07,07,12,191,,04,27,125,39.1,05,16,249,39.3,03,45,191,39.3,1*6B
$GBGSV,2,2,07,09,05,184,39.5,11,04,032,,13,03,032,,1*54
$GNRMC,204738.000,A,3900.0005,N,11613.9797,E,0.01,128.80,280612,,,A,V*06
$GNVTG,128.80,T,,M,0.01,N,0.01,K,A*20
$GNZDA,204738.000,28,06,2012,,*4F
$GNGGA,204739.000,3900.0005,N,11613.9797,E,1,10,0.80,-13.1,M,-6.8,M,,*76
$PAIRACC,4.08,10.87*79
$GNGLL,3900.0005,N,11613.9797,E,204739.000,A,A*47
$GNGSA,A,3,29,21,27,,,,,,,,,,1.43,0.80,1.19,1*0B
$GNGSA,A,3,83,70,67,,,,,,,,,,1.43,0.80,1.19,2*08
$GNGSA,A,3,,,,,,,,,,,,,1.43,0.80,1.19,3*04
$GNGSA,A,3,04,05,03,09,,,,,,,,,1.43,0.80,1.19,4*08
$GPGSV,4,1,13,02,01,114,,15,64,114,,29,56,203,39.2,26,54,077,,1*7C
$GPGSV,4,2,13,21,51,314,39.3,18,35,257,,10,26,056,,27,12,069,39.3,1*61
$GPGSV,4,3,13,16,07,300,,22,04,248,38.8,08,02,043,,06,01,327,,1*79
$GPGSV,4,4,13,24,71,061,,1*51
$GLGSV,2,1,06,68,38,065,,79,36,146,,85,17,325,,83,15,216,40.1,1*6D
$GLGSV,2,2,06,70,10,291,39.6,67,05,089,40.4,1*7B
$GAGSV,1,1,00,7*73
$GBGSV,2,1,07,07,12,191,,04,27,125,39.6,05,16,249,38.6,03,45,191,39.0,1*6B
$GBGSV,2,2,07,09,05,184,39.6,11,04,032,,13,03,032,,1*57
$GNRMC,204739.000,A,3900.0005,N,11613.9797,E,0.01,117.33,280612,,,A,V*03
$GNVTG,117.33,T,,M,0.01,N,0.01,K,A*24
$GNZDA,204739.000,28,06,2012,,*4E
$GNGGA,204740.000,3900.0005,N,11613.9797,E,1,10,0.80,-13.1,M,-6.8,M,,*78
$PAIRACC,4.10,10.63*7A
$GNGLL,3900.0005,N,11613.9797,E,204740.000,A,A*49
$GNGSA,A,3,29,21,27,,,,,,,,,,1.43,0.80,1.19,1*0B
$GNGSA,A,3,83,70,67,,,,,,,,,,1.43,0.80,1.19,2*08
$GNGSA,A,3,,,,,,,,,,,,,1.43,0.80,1.19,3*04
$GNGSA,A,3,04,05,03,09,,,,,,,,,1.43,0.80,1.19,4*08
$GPGSV,4,1,13,02,01,114,,15,64,114,,29,56,203,40.0,26,54,077,,1*70
$GPGSV,4,2,13,21,51,314,39.5,18,35,257,,10,26,056,,27,12,069,39.3,1*67
$GPGSV,4,3,13,16,07,300,,22,04,248,39.3,08,02,043,,06,01,327,,1*73
$GPGSV,4,4,13,24,71,061,,1*51
$GLGSV,2,1,06,68,38,065,,79,36,146,,85,17,325,,83,15,216,40.3,1*6F
$GLGSV,2,2,06,70,10,291,40.1,67,05,089,40.0,1*76
$GAGSV,1,1,00,7*73
$GBGSV,2,1,07,07,12,191,,04,27,125,39.4,05,16,249,39.1,03,45,191,39.0,1*6F
$GBGSV,2,2,07,09,05,184,39.6,11,04,032,,13,03,032,,1*57
$GNRMC,204740.000,A,3900.0005,N,11613.9797,E,0.01,121.89,280612,,,A,V*09
$GNVTG,121.89,T,,M,0.01,N,0.01,K,A*20
$GNZDA,204740.000,28,06,2012,,*40
$GNGGA,204741.000,3900.0005,N,11613.9798,E,1,10,0.80,-13.1,M,-6.8,M,,*76
$PAIRACC,4.09,10.88*77
$GNGLL,3900.0005,N,11613.9798,E,204741.000,A,A*47
$GNGSA,A,3,29,21,27,,,,,,,,,,1.43,0.80,1.19,1*0B
$GNGSA,A,3,83,70,67,,,,,,,,,,1.43,0.80,1.19,2*08
$GNGSA,A,3,,,,,,,,,,,,,1.43,0.80,1.19,3*04
$GNGSA,A,3,04,05,03,09,,,,,,,,,1.43,0.80,1.19,4*08
$GPGSV,4,1,13,02,01,114,,15,64,114,,29,56,203,39.6,26,54,077,,1*78
$GPGSV,4,2,13,21,51,314,39.4,18,35,257,,10,26,056,,27,12,069,39.6,1*63
$GPGSV,4,3,13,16,07,300,,22,04,248,39.0,08,02,043,,06,01,327,,1*70
$GPGSV,4,4,13,24,71,061,,1*51
$GLGSV,2,1,06,68,38,065,,79,36,146,,85,17,325,,83,15,216,39.9,1*6B
$GLGSV,2,2,06,70,10,291,39.5,67,05,089,40.5,1*79
$GAGSV,1,1,00,7*73
$GBGSV,2,1,07,07,12,191,,04,27,125,39.3,05,16,249,39.3,03,45,191,39.1,1*6B
$GBGSV,2,2,07,09,05,184,40.1,11,04,032,,13,03,032,,1*5E
$GNRMC,204741.000,A,3900.0005,N,11613.9798,E,0.01,115.99,280612,,,A,V*01
$GNVTG,115.99,T,,M,0.01,N,0.01,K,A*26
$GNZDA,204741.000,28,06,2012,,*41
$GNGGA,204742.000,3900.0005,N,11613.9798,E,1,10,0.80,-13.1,M,-6.8,M,,*75
$PAIRACC,4.11,10.65*7D
$GNGLL,3900.0005,N,11613.9798,E,204742.000,A,A*44
$GNGSA,A,3,29,21,27,,,,,,,,,,1.43,0.80,1.19,1*0B
$GNGSA,A,3,83,70,67,,,,,,,,,,1.43,0.80,1.19,2*08
$GNGSA,A,3,,,,,,,,,,,,,1.43,0.80,1.19,3*04
$GNGSA,A,3,04,05,03,09,,,,,,,,,1.43,0.80,1.19,4*08
$GPGSV,4,1,13,02,01,114,,15,64,114,,29,56,203,39.8,26,54,077,,1*76
$GPGSV,4,2,13,21,51,314,39.2,18,35,257,,10,26,056,,27,12,069,39.9,1*6A
$GPGSV,4,3,13,16,07,300,,22,04,248,39.4,08,02,043,,06,01,327,,1*74
$GPGSV,4,4,13,24,71,061,,1*51
$GLGSV,2,1,06,68,38,065,,79,36,146,,85,17,325,,83,15,216,39.9,1*6B
$GLGSV,2,2,06,70,10,291,39.8,67,05,089,40.2,1*73
$GAGSV,1,1,00,7*73
$GBGSV,2,1,07,07,12,191,,04,27,125,39.3,05,16,249,39.0,03,45,191,39.0,1*69
$GBGSV,2,2,07,09,05,184,39.4,11,04,032,,13,03,032,,1*55
$GNRMC,204742.000,A,3900.0005,N,11613.9798,E,0.01,116.87,280612,,,A,V*0E
$GNVTG,116.87,T,,M,0.01,N,0.01,K,A*2A
$GNZDA,204742.000,28,06,2012,,*42
